[33m[WARN] [1785504748.315700941]: POINT BE BUILD![0m
[0m[INFO] [1785504747.493309230]: [MANAGE]: Initilized start and end![0m
[0m[INFO] [1785504747.496977618]: [MANAGE]: Initilized ros![0m
[0m[INFO] [1785504747.520136009]: map size: 14.000000, 10.000000, 4.000000[0m
[0m[INFO] [1785504747.520152154]: dim: 466, 333, 133[0m
[0m[INFO] [1785504747.531778837]: buffer size: 20638674[0m
[1;36mJPS PLANNER VERBOSE ON
[0m[0m[INFO] [1785504747.534402576]: [MANAGE]: Other mode init! Loaded 6 inter points.[0m
[0m[INFO] [1785504747.535034318]: [MANAGE]: Initilized pre and post![0m
[0m[INFO] [1785504747.535044650]: [MANAGE]: PlannerManage init done![0m
[0m[INFO] [1785504748.311995145]: [SE3_PLANNER]: please wait~[0m
[0m[INFO] [1785504748.317770412]: [0;33mReceived the point cloud![0m[0m
[MANAGE]: Waiting for PCL data!
[33m[WARN] [1785504748.559348119]: [JPS]: Map has been updated[0m
[0m[INFO] [1785504749.495512738]: [SE3_PLANNER]: Begin path searching![0m
[0m[INFO] [1785504749.495547484]: [SE3_PLANNER]: Searching path from (-3.000, 0.000, 1.500) to (-0.200, 0.180, 0.810)[0m
Start:  -3   0 1.5
Goal:  -0.2 0.18 0.81
Epsilon:  1
Goal Reached!!!!!!

goal g: 122.000000, h: 0.000000!
Expand [89323] nodes!
[0m[INFO] [1785504749.762060653]: [SE3_PLANNER]: Searching path from (-0.200, 0.180, 0.810) to (0.200, 0.180, 0.810)[0m
Start: -0.2 0.18 0.81
Goal:   0.2 0.18 0.81
Epsilon:  1
Goal Reached!!!!!!

goal g: 14.000000, h: 0.000000!
Expand [15] nodes!
[0m[INFO] [1785504750.004203273]: [SE3_PLANNER]: Searching path from (0.200, 0.180, 0.810) to (0.200, -0.160, 0.810)[0m
Start:  0.2 0.18 0.81
Goal:    0.2 -0.16  0.81
Epsilon:  1
Goal Reached!!!!!!

goal g: 11.000000, h: 0.000000!
Expand [12] nodes!
[0m[INFO] [1785504750.189550161]: [SE3_PLANNER]: Searching path from (0.200, -0.160, 0.810) to (0.020, -0.160, 0.810)[0m
Start:   0.2 -0.16  0.81
Goal:   0.02 -0.16  0.81
Epsilon:  1
Goal Reached!!!!!!

goal g: 6.000000, h: 0.000000!
Expand [7] nodes!
[0m[INFO] [1785504750.378619046]: [SE3_PLANNER]: Searching path from (0.020, -0.160, 0.810) to (0.020, 0.180, 0.810)[0m
Start:  0.02 -0.16  0.81
Goal:  0.02 0.18 0.81
Epsilon:  1
Goal Reached!!!!!!

goal g: 11.000000, h: 0.000000!
Expand [12] nodes!
[0m[INFO] [1785504750.575230043]: [SE3_PLANNER]: Searching path from (0.020, 0.180, 0.810) to (-0.200, -0.200, 0.810)[0m
Start: 0.02 0.18 0.81
Goal:  -0.2 -0.2 0.81
Epsilon:  1
Goal Reached!!!!!!

goal g: 20.000000, h: 0.000000!
Expand [527] nodes!
[0m[INFO] [1785504750.752887735]: [SE3_PLANNER]: Searching path from (-0.200, -0.200, 0.810) to (3.000, 0.000, 1.500)[0m
Start: -0.2 -0.2 0.81
Goal:    3   0 1.5
Epsilon:  1
Goal Reached!!!!!!

goal g: 136.000000, h: 0.000000!
Expand [104205] nodes!
[0m[INFO] [1785504750.997333355]: [SE3_PLANNER]: JPS search path![0m
[0m[INFO] [1785504750.997366416]: [32m[SE3_PLANNER]: JPS path searching time: 1.502 s[0m[0m
[0m[INFO] [1785504750.997386666]: Path published![0m
[0m[INFO] [1785504750.997392891]: [SE3_PLANNER]: inter_ids size: 6[0m
overlap = 5
overlap = 5
overlap = 5
overlap = 5
overlap = 5
overlap = 5
[0m[INFO] [1785504751.124666803]: [SE3_PLANNER]: The inter point is in the polyhedron 1 and 2 ![0m
[0m[INFO] [1785504751.134382878]: [SE3_PLANNER]: The inter point is in the polyhedron 4 and 5 ![0m
[0m[INFO] [1785504751.143868931]: [SE3_PLANNER]: The inter point is in the polyhedron 7 and 8 ![0m
[0m[INFO] [1785504751.153860015]: [SE3_PLANNER]: The inter point is in the polyhedron 10 and 11 ![0m
[0m[INFO] [1785504751.164322342]: [SE3_PLANNER]: The inter point is in the polyhedron 13 and 14 ![0m
[0m[INFO] [1785504751.174508217]: [SE3_PLANNER]: The inter point is in the polyhedron 16 and 17 ![0m
[33mBegin to optimize the trajectory with MINCO...[0m
[1;32m[SE3_PLANNER]: MINCO setup successfully![0m
[0m[INFO] [1785504751.184903350]: [SE3GCOPTER]: set initial done[0m
[0m[INFO] [1785504751.184950251]: [SE3GCOPTER]: backward done[0m
[Workspace_Model_H]: Using device: cpu
[Workspace_Model_H]: Workspace probability model successfully initialized on cpu
cost = 6.20901e+17
cost = 4.99037e+20
cost = 2.34841e+21
cost = 4.00808e+19
cost = 8.90493e+17
cost = 2.7983e+16
cost = 2.69999e+16
cost = 2.59642e+16
cost = 2.39361e+16
cost = 1.08503e+16
cost = 6.19302e+15
cost = 3.14576e+15
cost = 1.75094e+15
cost = 9.18224e+14
cost = 4.12023e+14
cost = 2.33065e+14
cost = 1.39973e+14
cost = 7.51922e+13
cost = 3.34428e+13
cost = 6.63564e+13
cost = 2.75286e+13
cost = 1.19255e+13
cost = 8.89591e+12
cost = 6.81576e+12
cost = 5.7148e+12
cost = 4.07939e+12
cost = 1.81207e+12
cost = 7.75772e+11
cost = 3.91298e+11
cost = 2.5831e+11
cost = 1.56473e+11
cost = 8.09026e+10
cost = 4.43318e+10
cost = 2.25959e+10
cost = 1.10317e+10
cost = 6.33007e+09
cost = 4.51003e+09
cost = 2.68775e+09
cost = 1.49068e+09
cost = 8.50578e+08
cost = 5.25703e+08
cost = 3.82177e+08
cost = 2.59894e+08
cost = 1.63361e+08
cost = 1.166e+08
cost = 8.40177e+07
cost = 7.1798e+07
cost = 6.82783e+07
cost = 6.6078e+07
cost = 6.50427e+07
cost = 6.33537e+07
cost = 6.07145e+07
cost = 5.98694e+07
cost = 5.74677e+07
cost = 5.58366e+07
cost = 5.45236e+07
cost = 5.41341e+07
cost = 5.36471e+07
cost = 5.33496e+07
cost = 3.387e+09
cost = 1.13693e+08
cost = 5.30354e+07
cost = 9.24428e+09
cost = 1.10042e+09
cost = 1.32071e+08
cost = 5.6391e+07
cost = 5.29795e+07
cost = 5.28365e+07
cost = 5.27328e+07
cost = 5.24085e+07
cost = 5.25152e+07
cost = 5.21953e+07
cost = 8.19713e+07
cost = 5.39917e+07
cost = 5.21434e+07
cost = 5.19384e+07
cost = 5.1878e+07
cost = 5.15967e+07
cost = 5.14412e+07
cost = 5.13238e+07
cost = 5.1138e+07
cost = 5.0737e+07
cost = 5.04158e+07
cost = 5.0306e+07
cost = 5.01597e+07
cost = 5.01327e+07
cost = 5.00142e+07
cost = 4.97962e+07
cost = 4.96857e+07
cost = 4.9534e+07
cost = 4.94078e+07
cost = 4.91338e+07
cost = 4.88848e+07
cost = 4.87733e+07
cost = 4.8564e+07
cost = 4.81442e+07
cost = 4.80086e+07
cost = 4.81291e+07
cost = 4.79077e+07
cost = 4.78004e+07
cost = 4.77053e+07
cost = 6.86359e+07
cost = 4.75826e+07
cost = 4.73098e+07
cost = 4.71489e+07
cost = 1.32563e+10
cost = 2.1962e+09
cost = 9.42966e+07
cost = 4.68642e+07
cost = 1.18935e+10
cost = 2.74011e+09
cost = 3.43558e+08
cost = 6.72576e+07
cost = 4.75696e+07
cost = 4.68152e+07
cost = 4.66392e+07
cost = 4.84397e+07
cost = 4.6595e+07
cost = 3.13495e+08
cost = 5.00418e+07
cost = 4.67412e+07
cost = 4.64514e+07
cost = 4.63193e+07
cost = 4.62286e+07
cost = 4.2568e+08
cost = 5.04955e+07
cost = 4.6018e+07
cost = 4.58578e+07
cost = 5.05543e+07
cost = 4.59802e+07
cost = 4.58067e+07
cost = 7.64023e+07
cost = 4.60063e+07
cost = 4.55613e+07
cost = 4.54798e+07
cost = 4.53574e+07
cost = 4.52835e+07
cost = 4.51094e+07
cost = 4.50075e+07
cost = 4.48827e+07
cost = 4.47112e+07
cost = 4.46304e+07
cost = 4.45536e+07
cost = 4.43031e+07
cost = 4.4036e+07
cost = 4.47475e+07
cost = 4.38741e+07
cost = 4.35353e+07
cost = 4.34343e+07
cost = 4.35782e+07
cost = 4.33102e+07
cost = 4.31653e+07
cost = 4.28119e+07
cost = 2.53933e+09
cost = 3.10656e+08
cost = 6.57005e+07
cost = 4.44322e+07
cost = 4.28714e+07
cost = 4.27955e+07
cost = 4.27144e+07
cost = 4.25496e+07
cost = 2.02442e+08
cost = 5.43837e+07
cost = 4.32356e+07
cost = 4.25248e+07
cost = 4.2464e+07
cost = 4.24078e+07
cost = 4.30107e+07
cost = 4.21806e+07
cost = 4.52404e+07
cost = 4.22697e+07
cost = 4.21195e+07
cost = 4.1877e+07
cost = 4.17187e+07
cost = 4.15776e+07
cost = 4.13849e+07
cost = 4.10299e+07
cost = 4.49328e+07
cost = 4.10315e+07
cost = 4.08774e+07
cost = 4.0743e+07
cost = 4.05216e+07
cost = 4.02523e+07
cost = 3.97482e+07
cost = 1.12261e+08
cost = 4.00558e+07
cost = 3.96081e+07
cost = 8.27665e+07
cost = 4.06664e+07
cost = 3.95438e+07
cost = 3.95499e+07
cost = 3.94429e+07
cost = 3.93227e+07
cost = 3.93132e+07
cost = 3.91424e+07
cost = 1.30283e+09
cost = 5.23324e+07
cost = 3.88906e+07
cost = 3.88877e+07
cost = 3.90575e+07
cost = 3.88e+07
cost = 3.85825e+07
cost = 1.4856e+08
cost = 4.64763e+07
cost = 3.88349e+07
cost = 3.84764e+07
cost = 3.85629e+07
cost = 3.84423e+07
cost = 3.83586e+07
cost = 4.50464e+07
cost = 3.83782e+07
cost = 3.82111e+07
cost = 3.8726e+07
cost = 3.81845e+07
cost = 3.83173e+07
cost = 3.79959e+07
cost = 3.79422e+07
cost = 3.78438e+07
cost = 3.77263e+07
cost = 3.76612e+07
cost = 3.75591e+07
cost = 3.74191e+07
cost = 3.73576e+07
cost = 3.92263e+07
cost = 3.73549e+07
cost = 3.71456e+07
cost = 3.70815e+07
cost = 3.70113e+07
cost = 3.71081e+07
cost = 3.69601e+07
cost = 3.68142e+07
cost = 3.66547e+07
cost = 3.64662e+07
cost = 3.63157e+07
cost = 3.61209e+07
cost = 1.47766e+08
cost = 3.63575e+07
cost = 3.60525e+07
cost = 3.74927e+09
cost = 1.70021e+08
cost = 4.33438e+07
cost = 3.60544e+07
cost = 3.60149e+07
cost = 3.60039e+07
cost = 3.70271e+07
cost = 3.58886e+07
cost = 3.62971e+07
cost = 3.59802e+07
cost = 3.58948e+07
cost = 3.58609e+07
cost = 3.56975e+07
cost = 3.59685e+07
cost = 3.5653e+07
cost = 3.55997e+07
cost = 3.55725e+07
cost = 3.54924e+07
cost = 3.53318e+07
cost = 3.51153e+07
cost = 2.17897e+08
cost = 3.50136e+07
cost = 1.77101e+10
cost = 1.28036e+09
cost = 3.49464e+07
cost = 2.79852e+10
cost = 1.22572e+10
cost = 2.20916e+09
cost = 1.92053e+08
cost = 3.9371e+07
cost = 3.49364e+07
cost = 3.53363e+07
cost = 3.486e+07
cost = 3.47741e+07
cost = 3.47369e+07
cost = 3.47081e+07
cost = 3.67701e+07
cost = 3.46214e+07
cost = 3.4624e+07
cost = 3.45542e+07
cost = 3.44558e+07
cost = 3.43062e+07
cost = 3.41843e+07
cost = 3.40951e+07
cost = 3.42378e+07
cost = 3.40275e+07
cost = 3.38754e+07
cost = 3.37223e+07
cost = 3.35331e+07
cost = 3.35858e+07
cost = 3.34765e+07
cost = 3.34355e+07
cost = 3.32894e+07
cost = 3.3218e+07
cost = 3.32253e+07
cost = 3.31371e+07
cost = 3.30367e+07
cost = 3.29697e+07
cost = 3.27366e+07
cost = 3.25766e+07
cost = 3.24318e+07
cost = 3.21766e+07
cost = 3.20246e+07
cost = 3.1866e+07
cost = 3.1726e+07
cost = 3.16652e+07
cost = 3.15634e+07
cost = 3.14305e+07
cost = 3.12493e+07
cost = 4.65279e+08
cost = 5.81434e+07
cost = 3.16845e+07
cost = 3.11704e+07
cost = 1.54954e+09
cost = 2.07015e+08
cost = 4.85637e+07
cost = 3.26383e+07
cost = 3.12452e+07
cost = 3.11526e+07
cost = 3.10234e+07
cost = 8.08029e+07
cost = 3.1008e+07
cost = 3.15394e+07
cost = 3.08396e+07
cost = 3.09175e+07
cost = 3.07113e+07
cost = 3.06552e+07
cost = 2.36383e+08
cost = 3.69007e+07
cost = 3.05756e+07
cost = 3.04649e+07
cost = 1.86331e+08
cost = 3.59186e+07
cost = 3.04201e+07
cost = 3.02087e+07
cost = 3.00973e+07
cost = 3.00266e+07
cost = 3.00413e+07
cost = 2.99975e+07
cost = 2.98922e+07
cost = 3.00509e+07
cost = 2.98705e+07
cost = 2.9823e+07
cost = 2.97962e+07
cost = 2.97534e+07
cost = 2.9657e+07
cost = 2.95871e+07
cost = 2.95478e+07
cost = 3.1181e+07
cost = 2.95803e+07
cost = 2.9525e+07
cost = 2.94956e+07
cost = 2.95008e+07
cost = 2.9488e+07
cost = 2.94636e+07
cost = 2.94125e+07
cost = 2.93719e+07
cost = 2.9394e+07
cost = 2.93379e+07
cost = 2.93127e+07
cost = 2.92964e+07
cost = 2.92776e+07
cost = 2.92579e+07
cost = 2.92389e+07
cost = 2.92128e+07
cost = 2.91624e+07
cost = 2.91508e+07
cost = 2.90994e+07
cost = 3.01713e+07
cost = 2.91014e+07
cost = 2.90722e+07
cost = 3.02577e+07
cost = 2.91199e+07
cost = 2.90316e+07
cost = 2.90238e+07
cost = 2.89835e+07
cost = 2.92595e+07
cost = 2.8971e+07
cost = 2.89328e+07
cost = 2.89039e+07
cost = 2.8846e+07
cost = 2.87621e+07
cost = 2.87273e+07
cost = 2.86923e+07
cost = 2.86741e+07
cost = 2.85887e+07
cost = 2.8521e+07
cost = 2.84587e+07
cost = 2.84355e+07
cost = 2.84562e+07
cost = 2.83729e+07
cost = 2.83037e+07
cost = 2.82361e+07
cost = 2.8138e+07
cost = 2.80022e+07
cost = 2.79063e+07
cost = 2.78036e+07
cost = 2.77529e+07
cost = 2.7721e+07
cost = 2.75928e+07
cost = 2.75245e+07
cost = 2.74552e+07
cost = 2.74076e+07
cost = 2.73447e+07
cost = 2.72988e+07
cost = 2.72706e+07
cost = 2.71945e+07
cost = 2.71569e+07
cost = 2.71302e+07
cost = 2.70766e+07
cost = 2.70408e+07
cost = 2.69941e+07
cost = 2.69541e+07
cost = 2.68933e+07
cost = 2.69231e+07
cost = 2.68413e+07
cost = 2.67914e+07
cost = 2.67089e+07
cost = 2.67755e+07
cost = 2.66607e+07
cost = 2.66834e+07
cost = 2.6608e+07
cost = 2.65384e+07
cost = 2.64872e+07
cost = 2.64043e+07
cost = 2.63243e+07
cost = 2.66787e+07
cost = 2.62776e+07
cost = 2.6197e+07
cost = 2.60964e+07
cost = 2.60307e+07
cost = 2.59403e+07
cost = 2.58618e+07
cost = 2.58017e+07
cost = 2.57367e+07
cost = 2.56942e+07
cost = 2.56106e+07
cost = 2.55662e+07
cost = 2.55094e+07
cost = 2.70258e+07
cost = 2.54709e+07
cost = 2.53924e+07
cost = 2.5317e+07
cost = 2.60731e+07
cost = 2.53305e+07
cost = 2.52848e+07
cost = 2.51829e+07
cost = 2.50728e+07
cost = 2.49787e+07
cost = 2.71515e+08
cost = 4.36665e+07
cost = 2.62864e+07
cost = 2.50401e+07
cost = 2.49665e+07
cost = 2.48742e+07
cost = 2.47993e+07
cost = 2.48173e+07
cost = 2.47218e+07
cost = 2.46495e+07
cost = 2.5685e+07
cost = 2.47155e+07
cost = 2.45913e+07
cost = 2.44815e+07
cost = 2.44169e+07
cost = 2.4389e+07
cost = 2.43081e+07
cost = 2.42609e+07
cost = 2.42323e+07
cost = 2.41711e+07
cost = 2.4131e+07
cost = 2.40796e+07
cost = 2.40908e+07
cost = 2.40257e+07
cost = 2.39715e+07
cost = 2.39175e+07
cost = 2.3805e+07
cost = 2.37273e+07
cost = 2.36713e+07
cost = 2.37122e+07
cost = 2.3638e+07
cost = 2.35621e+07
cost = 5.0842e+08
cost = 2.36514e+07
cost = 2.35365e+07
cost = 1.71266e+10
cost = 1.89854e+09
cost = 9.53776e+07
cost = 2.37397e+07
cost = 2.35245e+07
cost = 2.35188e+07
cost = 2.35322e+07
cost = 2.02751e+08
cost = 2.5377e+07
cost = 2.35348e+07
cost = 2.34394e+07
cost = 2.33543e+07
cost = 2.32368e+07
cost = 3.70989e+07
cost = 2.32474e+07
cost = 2.32067e+07
cost = 2.6016e+09
cost = 1.54371e+08
cost = 3.02546e+07
cost = 2.34278e+07
cost = 2.31838e+07
cost = 2.3105e+07
cost = 2.29705e+07
cost = 2.29037e+07
cost = 4.91656e+08
cost = 2.3029e+07
cost = 2.29058e+07
cost = 2.2879e+07
cost = 2.27978e+07
cost = 5.92573e+09
cost = 3.96673e+08
cost = 2.3264e+07
cost = 2.27734e+07
cost = 1.54539e+10
cost = 3.95778e+09
cost = 3.84629e+08
cost = 3.39854e+07
cost = 2.27585e+07
cost = 2.2689e+07
cost = 2.26263e+07
cost = 2.25945e+07
cost = 2.25469e+07
cost = 2.29846e+07
cost = 2.25067e+07
cost = 2.24576e+07
cost = 2.2395e+07
cost = 2.2488e+07
cost = 2.23196e+07
cost = 2.7795e+07
cost = 2.22757e+07
cost = 1.424e+08
cost = 2.23018e+07
cost = 2.22459e+07
cost = 2.22027e+07
cost = 2.20769e+07
cost = 8.78497e+08
cost = 2.5793e+07
cost = 2.2007e+07
cost = 4.39597e+07
cost = 2.26353e+07
cost = 2.19354e+07
cost = 5.20182e+11
cost = 9.26628e+10
cost = 1.59996e+10
cost = 2.32692e+07
cost = 2.18171e+07
cost = 2.16801e+07
cost = 2.15905e+07
cost = 2.1567e+07
cost = 2.14671e+07
cost = 2.20403e+08
cost = 2.15861e+07
cost = 2.1429e+07
cost = 2.79415e+08
cost = 2.85996e+07
cost = 2.14301e+07
cost = 2.1414e+07
cost = 2.13529e+07
cost = 2.12349e+07
cost = 4.40588e+07
cost = 2.11517e+07
cost = 7.90121e+08
cost = 1.00502e+08
cost = 2.75695e+07
cost = 2.14987e+07
cost = 2.1147e+07
cost = 1.11562e+08
cost = 2.12748e+07
cost = 2.09885e+07
cost = 2.08863e+07
cost = 2.08194e+07
cost = 2.07396e+07
cost = 2.17019e+07
cost = 2.08516e+07
cost = 2.07193e+07
cost = 2.06404e+07
cost = 2.05402e+07
cost = 2.0524e+07
cost = 4.03287e+07
cost = 2.17992e+07
cost = 2.05667e+07
cost = 2.04868e+07
cost = 2.06909e+07
cost = 2.049e+07
cost = 2.0446e+07
cost = 2.04009e+07
cost = 2.0356e+07
cost = 2.03117e+07
cost = 2.02496e+07
cost = 2.02109e+07
cost = 2.01711e+07
cost = 2.01461e+07
cost = 2.01437e+07
cost = 2.00745e+07
cost = 2.03694e+07
cost = 2.00391e+07
cost = 6.27811e+07
cost = 2.22968e+07
cost = 2.00612e+07
cost = 2.00296e+07
cost = 2.00281e+07
cost = 2.00162e+07
cost = 2.00496e+07
cost = 2.0022e+07
cost = 2.00154e+07
cost = 1.99887e+07
cost = 2.021e+07
cost = 1.99567e+07
cost = 1.99284e+07
cost = 1.98979e+07
cost = 1.99435e+07
cost = 1.98781e+07
cost = 1.98345e+07
cost = 1.97965e+07
cost = 1.9765e+07
cost = 1.97491e+07
cost = 1.97178e+07
cost = 1.96794e+07
cost = 1.96776e+07
cost = 1.9593e+07
cost = 1.95755e+07
cost = 1.95677e+07
cost = 1.95481e+07
cost = 1.95268e+07
cost = 1.95073e+07
cost = 1.95102e+07
cost = 1.94726e+07
cost = 1.94331e+07
cost = 1.95141e+07
cost = 1.93997e+07
cost = 1.93619e+07
cost = 1.93322e+07
cost = 3.11605e+07
cost = 2.01143e+07
cost = 1.93519e+07
cost = 1.93119e+07
cost = 1.93099e+07
cost = 1.92626e+07
cost = 1.92262e+07
cost = 1.91582e+07
cost = 1.96206e+07
cost = 1.91201e+07
cost = 1.91888e+07
cost = 1.90904e+07
cost = 1.90551e+07
cost = 1.90121e+07
cost = 1.89681e+07
cost = 1.89078e+07
cost = 1.88758e+07
cost = 1.88295e+07
cost = 1.89109e+07
cost = 1.87737e+07
cost = 1.88717e+07
cost = 1.87615e+07
cost = 1.87226e+07
cost = 1.8684e+07
cost = 1.8624e+07
cost = 1.8888e+07
cost = 1.85862e+07
cost = 2.04003e+07
cost = 1.86236e+07
cost = 1.85605e+07
cost = 1.908e+07
cost = 1.86348e+07
cost = 1.85638e+07
cost = 1.85514e+07
cost = 1.85199e+07
cost = 1.84794e+07
cost = 1.84324e+07
cost = 1.83966e+07
cost = 1.83442e+07
cost = 1.83269e+07
cost = 1.83033e+07
cost = 1.82953e+07
cost = 1.8269e+07
cost = 1.87818e+07
cost = 1.82796e+07
cost = 1.82534e+07
cost = 1.83893e+07
cost = 1.82527e+07
cost = 1.82071e+07
cost = 1.81816e+07
cost = 1.81235e+07
cost = 1.80703e+07
cost = 1.80228e+07
cost = 1.79865e+07
cost = 1.79662e+07
cost = 1.79237e+07
cost = 1.80217e+07
cost = 1.7918e+07
cost = 1.78809e+07
cost = 1.78662e+07
cost = 1.78443e+07
cost = 1.78339e+07
cost = 1.7822e+07
cost = 1.7808e+07
cost = 1.77978e+07
cost = 1.77872e+07
cost = 1.7775e+07
cost = 1.77645e+07
cost = 1.77595e+07
cost = 1.77675e+07
cost = 1.77558e+07
cost = 1.77456e+07
cost = 1.77367e+07
cost = 1.77211e+07
cost = 1.77084e+07
cost = 1.76929e+07
cost = 1.7694e+07
cost = 1.76883e+07
cost = 1.76826e+07
cost = 1.76776e+07
cost = 1.76669e+07
cost = 1.76542e+07
cost = 1.76484e+07
cost = 1.76421e+07
cost = 1.76363e+07
cost = 1.76309e+07
cost = 1.76203e+07
cost = 1.76119e+07
cost = 1.7603e+07
cost = 1.75907e+07
cost = 1.75821e+07
cost = 1.75701e+07
cost = 1.75596e+07
cost = 1.75616e+07
cost = 1.75506e+07
cost = 1.75446e+07
cost = 1.75346e+07
cost = 1.75306e+07
cost = 1.75281e+07
cost = 1.75257e+07
cost = 1.75231e+07
cost = 1.75197e+07
cost = 1.7518e+07
cost = 1.75124e+07
cost = 1.75068e+07
cost = 4.8387e+08
cost = 2.1748e+07
cost = 1.75019e+07
cost = 1.51515e+10
cost = 1.51809e+09
cost = 9.3567e+07
cost = 2.15722e+07
cost = 1.75944e+07
cost = 1.75008e+07
cost = 1.75097e+07
cost = 1.75015e+07
cost = 1.74996e+07
cost = 1.74986e+07
cost = 1.74915e+07
cost = 1.74856e+07
cost = 1.76147e+07
cost = 1.74847e+07
cost = 1.74826e+07
cost = 1.74928e+07
cost = 1.74835e+07
cost = 1.74816e+07
cost = 1.74766e+07
cost = 1.75392e+07
cost = 1.74779e+07
cost = 1.74738e+07
cost = 1.74709e+07
cost = 1.74617e+07
cost = 1.746e+07
cost = 1.74601e+07
cost = 1.74518e+07
cost = 1.74424e+07
cost = 1.74376e+07
cost = 1.74362e+07
cost = 1.74287e+07
cost = 1.74236e+07
cost = 1.74182e+07
cost = 1.74156e+07
cost = 1.74135e+07
cost = 1.74109e+07
cost = 1.74053e+07
cost = 1.74079e+07
cost = 1.74025e+07
cost = 1.73955e+07
cost = 1.73866e+07
cost = 1.73752e+07
cost = 1.73683e+07
cost = 1.73714e+07
cost = 1.73658e+07
cost = 1.73613e+07
cost = 1.73582e+07
cost = 1.7356e+07
cost = 1.73544e+07
cost = 1.73507e+07
cost = 1.73491e+07
cost = 1.73468e+07
cost = 1.73437e+07
cost = 1.73403e+07
cost = 1.73361e+07
cost = 1.73309e+07
cost = 1.73254e+07
cost = 6.90442e+07
cost = 1.83518e+07
cost = 1.73226e+07
cost = 5.60815e+08
cost = 6.70553e+07
cost = 2.15515e+07
cost = 1.76634e+07
cost = 1.73471e+07
cost = 1.73235e+07
cost = 1.73223e+07
cost = 1.7336e+07
cost = 1.7312e+07
cost = 1.73067e+07
cost = 1.73038e+07
cost = 1.73012e+07
cost = 1.72982e+07
cost = 1.72935e+07
cost = 1.72916e+07
cost = 1.73236e+07
cost = 1.72894e+07
cost = 1.72837e+07
cost = 1.72792e+07
cost = 1.72731e+07
cost = 1.72823e+07
cost = 1.72713e+07
cost = 1.72667e+07
cost = 1.75763e+07
cost = 1.72639e+07
cost = 2.35956e+07
cost = 1.77274e+07
cost = 1.72941e+07
cost = 1.72648e+07
cost = 1.72636e+07
cost = 1.72728e+07
cost = 1.72623e+07
cost = 1.72593e+07
cost = 1.72576e+07
cost = 1.72567e+07
cost = 1.72541e+07
cost = 1.72495e+07
cost = 1.72487e+07
cost = 1.72458e+07
cost = 1.72443e+07
cost = 1.72432e+07
cost = 1.72402e+07
cost = 1.72381e+07
cost = 1.72355e+07
cost = 1.72317e+07
cost = 1.72288e+07
cost = 1.72261e+07
cost = 1.72238e+07
cost = 1.72207e+07
cost = 1.72173e+07
cost = 1.72146e+07
cost = 1.72153e+07
cost = 1.72128e+07
cost = 1.7211e+07
cost = 1.72086e+07
cost = 1.72061e+07
cost = 1.72022e+07
cost = 1.71977e+07
cost = 1.72069e+07
cost = 1.71956e+07
cost = 1.71942e+07
cost = 1.71909e+07
cost = 1.83046e+07
cost = 1.71902e+07
cost = 1.719e+07
cost = 1.71879e+07
cost = 1.71868e+07
cost = 1.71845e+07
cost = 1.71814e+07
cost = 1.7178e+07
cost = 1.71753e+07
cost = 2.30284e+07
cost = 1.7213e+07
cost = 1.7174e+07
cost = 8.68194e+07
cost = 2.23435e+07
cost = 1.74504e+07
cost = 1.71772e+07
cost = 1.71735e+07
cost = 1.71734e+07
cost = 1.71765e+07
cost = 1.71719e+07
cost = 1.71708e+07
cost = 1.71698e+07
cost = 1.7168e+07
cost = 1.7169e+07
cost = 1.71668e+07
cost = 1.71652e+07
cost = 1.71643e+07
cost = 1.71627e+07
cost = 1.71613e+07
cost = 1.71593e+07
cost = 1.71569e+07
cost = 1.71553e+07
cost = 1.7154e+07
cost = 1.71521e+07
cost = 1.71507e+07
cost = 1.71487e+07
cost = 1.71473e+07
cost = 1.7145e+07
cost = 1.71435e+07
cost = 1.71414e+07
cost = 1.71388e+07
cost = 1.71362e+07
cost = 1.71341e+07
cost = 1.71324e+07
cost = 1.71298e+07
cost = 1.71263e+07
cost = 1.71238e+07
cost = 1.71213e+07
cost = 1.71191e+07
cost = 1.71166e+07
cost = 1.71117e+07
cost = 1.71267e+07
cost = 1.71114e+07
cost = 1.71072e+07
cost = 1.71026e+07
cost = 1.70999e+07
cost = 1.70964e+07
cost = 1.70961e+07
cost = 1.70928e+07
cost = 1.70954e+07
cost = 1.70909e+07
cost = 1.70893e+07
cost = 1.7085e+07
cost = 1.7078e+07
cost = 1.70715e+07
cost = 1.70783e+07
cost = 1.70691e+07
cost = 1.70705e+07
cost = 1.70652e+07
cost = 1.70614e+07
cost = 1.70574e+07
cost = 1.70555e+07
cost = 1.70523e+07
cost = 1.70488e+07
cost = 1.70438e+07
cost = 1.704e+07
cost = 1.70348e+07
cost = 1.70301e+07
cost = 1.70259e+07
cost = 1.70222e+07
cost = 6.85709e+07
cost = 1.7033e+07
cost = 1.70201e+07
cost = 6.79778e+08
cost = 4.80999e+07
cost = 1.74252e+07
cost = 1.70187e+07
cost = 1.70354e+07
cost = 1.70187e+07
cost = 1.7016e+07
cost = 1.7012e+07
cost = 1.70088e+07
cost = 1.70023e+07
cost = 1.69969e+07
cost = 1.69924e+07
cost = 1.69844e+07
cost = 1.69776e+07
cost = 1.69707e+07
cost = 1.69646e+07
cost = 1.69582e+07
cost = 1.69551e+07
cost = 1.69515e+07
cost = 1.69457e+07
cost = 1.69601e+07
cost = 1.69407e+07
cost = 1.83231e+07
cost = 1.70269e+07
cost = 1.69381e+07
cost = 1.69466e+07
cost = 1.69339e+07
cost = 1.69286e+07
cost = 1.69202e+07
cost = 1.69116e+07
cost = 1.69065e+07
cost = 1.68979e+07
cost = 1.68964e+07
cost = 1.68907e+07
cost = 1.73062e+07
cost = 1.68905e+07
cost = 1.6884e+07
cost = 1.68799e+07
cost = 1.68748e+07
cost = 1.6929e+07
cost = 1.68732e+07
cost = 1.69115e+07
cost = 1.68803e+07
cost = 1.68732e+07
cost = 1.68806e+07
cost = 1.68726e+07
cost = 1.68715e+07
cost = 1.68651e+07
cost = 1.68628e+07
cost = 1.68596e+07
cost = 1.6856e+07
cost = 1.69038e+07
cost = 1.68515e+07
cost = 1.6848e+07
cost = 1.69083e+07
cost = 1.68501e+07
cost = 1.68467e+07
cost = 1.68764e+07
cost = 1.68442e+07
cost = 1.68404e+07
cost = 1.68458e+07
cost = 1.68393e+07
cost = 1.68362e+07
cost = 1.68333e+07
cost = 1.68304e+07
cost = 1.68282e+07
cost = 1.68259e+07
cost = 1.68236e+07
cost = 1.68207e+07
cost = 1.68179e+07
cost = 1.68146e+07
cost = 1.68113e+07
cost = 1.68093e+07
cost = 1.68057e+07
cost = 1.68045e+07
cost = 1.68024e+07
cost = 1.68e+07
cost = 1.67976e+07
cost = 1.67926e+07
cost = 1.67885e+07
cost = 1.67843e+07
cost = 1.67816e+07
cost = 1.67779e+07
cost = 1.67747e+07
cost = 1.67713e+07
cost = 1.96484e+07
cost = 1.70554e+07
cost = 1.6797e+07
cost = 1.67731e+07
cost = 1.67712e+07
cost = 1.67811e+07
cost = 1.67694e+07
cost = 1.6766e+07
cost = 1.67632e+07
cost = 1.67604e+07
cost = 1.67545e+07
cost = 1.67506e+07
cost = 1.6751e+07
cost = 1.67472e+07
cost = 1.67429e+07
cost = 1.67398e+07
cost = 1.67375e+07
cost = 1.67362e+07
cost = 1.67343e+07
cost = 1.67325e+07
cost = 1.67308e+07
cost = 1.67336e+07
cost = 1.673e+07
cost = 1.67279e+07
cost = 1.67275e+07
cost = 1.67259e+07
cost = 1.67258e+07
cost = 1.6723e+07
cost = 1.67222e+07
cost = 1.67207e+07
cost = 1.67185e+07
cost = 1.67175e+07
cost = 1.67155e+07
cost = 1.6714e+07
cost = 1.67114e+07
cost = 1.67099e+07
cost = 1.67072e+07
cost = 1.67044e+07
cost = 1.67009e+07
cost = 1.66964e+07
cost = 1.66932e+07
cost = 1.68487e+07
cost = 1.6712e+07
cost = 1.66926e+07
cost = 1.66875e+07
cost = 1.66901e+07
cost = 1.66846e+07
cost = 1.66811e+07
cost = 1.66764e+07
cost = 1.6672e+07
cost = 1.6668e+07
cost = 1.66659e+07
cost = 1.66627e+07
cost = 1.6664e+07
cost = 1.6662e+07
cost = 1.66601e+07
cost = 1.6658e+07
cost = 1.66554e+07
cost = 1.66522e+07
cost = 1.66483e+07
cost = 1.66444e+07
cost = 1.66388e+07
cost = 3.32385e+08
cost = 3.13839e+07
cost = 1.68094e+07
cost = 1.66377e+07
cost = 4.26435e+09
cost = 4.78603e+08
cost = 5.60368e+07
cost = 1.94731e+07
cost = 1.67916e+07
cost = 1.66412e+07
cost = 1.66374e+07
cost = 1.66355e+07
cost = 1.44007e+08
cost = 2.22034e+07
cost = 1.71477e+07
cost = 1.6732e+07
cost = 1.66629e+07
cost = 1.66444e+07
cost = 1.6638e+07
cost = 1.66357e+07
cost = 1.66351e+07
cost = 1.66295e+07
cost = 1.66278e+07
cost = 1.66236e+07
cost = 1.6618e+07
cost = 1.66057e+07
cost = 1.1737e+10
cost = 1.53886e+09
cost = 7.08961e+07
cost = 1.66344e+07
cost = 1.66045e+07
cost = 1.66039e+07
cost = 1.66036e+07
cost = 1.66054e+07
cost = 1.66011e+07
cost = 1.66706e+07
cost = 1.65987e+07
cost = 9.43811e+07
cost = 2.28797e+07
cost = 1.7037e+07
cost = 1.66212e+07
cost = 1.65987e+07
cost = 1.65963e+07
cost = 1.65917e+07
cost = 1.65905e+07
cost = 1.6589e+07
cost = 1.65874e+07
cost = 1.65858e+07
cost = 1.65841e+07
cost = 1.65828e+07
cost = 1.65817e+07
cost = 1.65803e+07
cost = 1.65795e+07
cost = 1.65779e+07
cost = 1.6577e+07
cost = 1.65761e+07
cost = 1.65748e+07
cost = 1.65727e+07
cost = 1.65711e+07
cost = 1.65703e+07
cost = 1.6566e+07
cost = 1.65637e+07
cost = 1.65604e+07
cost = 1.65592e+07
cost = 1.65599e+07
cost = 1.65582e+07
cost = 1.65572e+07
cost = 1.65564e+07
cost = 1.65553e+07
cost = 1.65539e+07
cost = 1.65516e+07
cost = 1.65489e+07
cost = 1.65452e+07
cost = 1.6547e+07
cost = 1.65441e+07
cost = 1.65402e+07
cost = 1.65373e+07
cost = 1.65356e+07
cost = 1.65337e+07
cost = 1.6531e+07
cost = 1.85462e+07
cost = 1.66603e+07
cost = 1.65365e+07
cost = 1.65306e+07
cost = 1.65532e+07
cost = 1.65338e+07
cost = 1.65295e+07
cost = 1.65276e+07
cost = 1.65258e+07
cost = 1.65235e+07
cost = 1.65203e+07
cost = 1.65183e+07
cost = 1.65154e+07
cost = 1.65127e+07
cost = 1.65111e+07
cost = 1.65081e+07
cost = 1.65038e+07
cost = 1.65005e+07
cost = 1.64966e+07
cost = 1.64907e+07
cost = 1.64855e+07
cost = 1.95079e+07
cost = 1.66151e+07
cost = 1.64864e+07
cost = 1.64848e+07
cost = 1.64846e+07
cost = 1.64836e+07
cost = 1.64777e+07
cost = 1.64746e+07
cost = 1.64907e+07
cost = 1.64744e+07
cost = 1.64911e+07
cost = 1.6473e+07
cost = 1.64699e+07
cost = 1.64682e+07
cost = 1.64668e+07
cost = 1.64678e+07
cost = 1.64658e+07
cost = 1.64691e+07
cost = 1.64653e+07
cost = 1.64634e+07
cost = 1.64619e+07
cost = 1.64608e+07
cost = 1.64588e+07
cost = 1.64573e+07
cost = 1.64548e+07
cost = 1.64525e+07
cost = 1.64501e+07
cost = 1.64481e+07
cost = 1.64453e+07
cost = 1.64431e+07
cost = 1.64414e+07
cost = 1.64402e+07
cost = 1.64391e+07
cost = 1.64378e+07
cost = 1.64364e+07
cost = 1.64357e+07
cost = 1.64339e+07
cost = 1.64329e+07
cost = 1.64316e+07
cost = 1.64305e+07
cost = 1.64289e+07
cost = 1.64272e+07
cost = 1.64526e+07
cost = 1.64271e+07
cost = 1.64246e+07
cost = 1.64212e+07
cost = 1.64196e+07
cost = 1.64156e+07
cost = 1.64143e+07
cost = 1.64112e+07
cost = 1.64087e+07
cost = 1.64061e+07
cost = 1.64339e+07
cost = 1.64044e+07
cost = 2.77695e+07
cost = 1.72529e+07
cost = 1.65862e+07
cost = 1.64071e+07
cost = 1.64039e+07
cost = 2.56578e+07
cost = 1.72971e+07
cost = 1.66584e+07
cost = 1.64352e+07
cost = 1.64057e+07
cost = 1.64037e+07
cost = 1.64015e+07
cost = 1.63999e+07
cost = 1.63978e+07
cost = 1.63928e+07
cost = 1.63886e+07
cost = 1.63773e+07
cost = 1.63698e+07
cost = 1.63616e+07
cost = 1.63553e+07
cost = 1.63495e+07
cost = 1.6345e+07
cost = 1.634e+07
cost = 1.63325e+07
cost = 1.74062e+07
cost = 1.63467e+07
cost = 1.63337e+07
cost = 1.63312e+07
cost = 1.63262e+07
cost = 1.63204e+07
cost = 1.63152e+07
cost = 1.63688e+07
cost = 1.63215e+07
cost = 1.63147e+07
cost = 1.63094e+07
cost = 1.64928e+07
cost = 1.63204e+07
cost = 1.63078e+07
cost = 1.63505e+07
cost = 1.63097e+07
cost = 1.63044e+07
cost = 1.63015e+07
cost = 1.62973e+07
cost = 1.62926e+07
cost = 1.62896e+07
cost = 1.72794e+07
cost = 1.62889e+07
cost = 1.62902e+07
cost = 1.62862e+07
cost = 1.6278e+07
cost = 1.6274e+07
cost = 1.62696e+07
cost = 1.62659e+07
cost = 1.62627e+07
cost = 1.62597e+07
cost = 1.62565e+07
cost = 1.62523e+07
cost = 1.62466e+07
cost = 1.62543e+07
cost = 1.62458e+07
cost = 1.62426e+07
cost = 1.6239e+07
cost = 1.6235e+07
cost = 1.62372e+07
cost = 1.62322e+07
cost = 1.62436e+07
cost = 1.62341e+07
cost = 1.62316e+07
cost = 1.62299e+07
cost = 1.62281e+07
cost = 1.6227e+07
cost = 1.62247e+07
cost = 1.62218e+07
cost = 1.62179e+07
cost = 1.62136e+07
cost = 1.62095e+07
cost = 1.62059e+07
cost = 1.62027e+07
cost = 1.62011e+07
cost = 1.62081e+07
cost = 1.62003e+07
cost = 1.61991e+07
cost = 1.61975e+07
cost = 1.6197e+07
cost = 1.61964e+07
cost = 1.61958e+07
cost = 1.61953e+07
cost = 1.61953e+07
cost = 1.61949e+07
cost = 1.61945e+07
cost = 1.61942e+07
cost = 1.61939e+07
cost = 1.61932e+07
cost = 1.61928e+07
cost = 1.61925e+07
cost = 1.61922e+07
cost = 1.61918e+07
cost = 1.6192e+07
cost = 1.61916e+07
cost = 1.61912e+07
cost = 1.61904e+07
cost = 1.61898e+07
cost = 1.61889e+07
cost = 1.6188e+07
cost = 1.6187e+07
cost = 1.61862e+07
cost = 1.61847e+07
cost = 1.6183e+07
cost = 1.61814e+07
cost = 1.61789e+07
cost = 1.61773e+07
cost = 1.61749e+07
cost = 1.6174e+07
cost = 1.61734e+07
cost = 1.61725e+07
cost = 1.61718e+07
cost = 1.61711e+07
cost = 1.61699e+07
cost = 1.61687e+07
cost = 1.61673e+07
cost = 1.61656e+07
cost = 1.61637e+07
cost = 1.61627e+07
cost = 1.61653e+07
cost = 1.61613e+07
cost = 1.61594e+07
cost = 1.61584e+07
cost = 1.61565e+07
cost = 1.61553e+07
cost = 1.6154e+07
cost = 1.61524e+07
cost = 1.61522e+07
cost = 1.61592e+07
cost = 1.61524e+07
cost = 1.61508e+07
cost = 1.61497e+07
cost = 1.61485e+07
cost = 1.61462e+07
cost = 1.61439e+07
cost = 1.63027e+07
cost = 1.61583e+07
cost = 1.61446e+07
cost = 1.61435e+07
cost = 1.61436e+07
cost = 1.61411e+07
cost = 1.61368e+07
cost = 1.61334e+07
cost = 1.61311e+07
cost = 1.61365e+07
cost = 1.61304e+07
cost = 1.61463e+07
cost = 1.61306e+07
cost = 1.61291e+07
cost = 1.61275e+07
cost = 1.6127e+07
cost = 1.61265e+07
cost = 1.61263e+07
cost = 1.6126e+07
cost = 1.61261e+07
cost = 1.61259e+07
cost = 1.61256e+07
cost = 1.61252e+07
cost = 1.61248e+07
cost = 1.61265e+07
cost = 1.61248e+07
cost = 1.61242e+07
cost = 1.61237e+07
cost = 1.61231e+07
cost = 1.61222e+07
cost = 1.61211e+07
cost = 1.61194e+07
cost = 1.62409e+07
cost = 1.61215e+07
cost = 1.61182e+07
cost = 1.61183e+07
cost = 1.61165e+07
cost = 1.61143e+07
cost = 1.6115e+07
cost = 1.61136e+07
cost = 1.61209e+07
cost = 1.61136e+07
cost = 1.61125e+07
cost = 1.61122e+07
cost = 1.61116e+07
cost = 1.61108e+07
cost = 1.61101e+07
cost = 1.61093e+07
cost = 1.61083e+07
cost = 1.61436e+07
cost = 1.61072e+07
cost = 1.61939e+07
cost = 1.61065e+07
cost = 1.61142e+07
cost = 1.61076e+07
cost = 1.61063e+07
cost = 1.61045e+07
cost = 1.61281e+07
cost = 1.61052e+07
cost = 1.61039e+07
cost = 1.61049e+07
cost = 1.61028e+07
cost = 1.61009e+07
cost = 1.61001e+07
cost = 1.61007e+07
cost = 1.60995e+07
cost = 1.60987e+07
cost = 1.60981e+07
cost = 1.60973e+07
cost = 1.60983e+07
cost = 1.60968e+07
cost = 1.60965e+07
cost = 1.60943e+07
cost = 1.60932e+07
cost = 1.6092e+07
cost = 1.60938e+07
cost = 1.60915e+07
cost = 1.60896e+07
cost = 1.6088e+07
cost = 1.6136e+07
cost = 1.60891e+07
cost = 1.60865e+07
cost = 1.60832e+07
cost = 1.60789e+07
cost = 1.60755e+07
cost = 1.60727e+07
cost = 1.60689e+07
cost = 1.60655e+07
cost = 1.60632e+07
cost = 1.60648e+07
cost = 1.60616e+07
cost = 1.6059e+07
cost = 1.60575e+07
cost = 1.60573e+07
cost = 1.60564e+07
cost = 1.60562e+07
cost = 1.60557e+07
cost = 1.60552e+07
cost = 1.60546e+07
cost = 1.60539e+07
cost = 1.60526e+07
cost = 1.606e+07
cost = 1.60527e+07
cost = 1.60522e+07
cost = 5.05029e+08
cost = 1.68813e+07
cost = 1.60518e+07
cost = 1.60506e+07
cost = 1.60506e+07
cost = 1.60503e+07
cost = 1.60498e+07
cost = 1.60514e+07
cost = 1.60497e+07
cost = 1.60493e+07
cost = 1.60491e+07
cost = 1.60676e+07
cost = 1.60503e+07
cost = 1.6049e+07
cost = 1.67048e+07
cost = 1.61584e+07
cost = 1.60691e+07
cost = 1.60528e+07
cost = 1.60496e+07
cost = 1.6049e+07
cost = 1.6049e+07
cost = 1.61095e+07
cost = 1.60554e+07
cost = 1.60493e+07
cost = 1.60486e+07
cost = 1.60484e+07
cost = 1.60481e+07
cost = 1.60478e+07
cost = 1.60474e+07
cost = 1.60491e+07
cost = 1.60478e+07
cost = 1.60475e+07
cost = 1.60474e+07
cost = 1.60473e+07
cost = 1.60469e+07
cost = 1.60463e+07
cost = 1.60452e+07
cost = 1.60445e+07
cost = 1.6043e+07
cost = 1.60419e+07
cost = 1.60409e+07
cost = 1.604e+07
cost = 1.60392e+07
cost = 1.60385e+07
cost = 1.60377e+07
cost = 1.60377e+07
cost = 1.60373e+07
cost = 1.60367e+07
cost = 1.60361e+07
cost = 1.60361e+07
cost = 1.60353e+07
cost = 1.60349e+07
cost = 1.60345e+07
cost = 1.60345e+07
cost = 1.60342e+07
cost = 1.60337e+07
cost = 1.60345e+07
cost = 1.60337e+07
cost = 1.60332e+07
cost = 1.60326e+07
cost = 1.60323e+07
cost = 1.60365e+07
cost = 1.60325e+07
cost = 1.60319e+07
cost = 1.60313e+07
cost = 1.60303e+07
cost = 1.6029e+07
cost = 1.60272e+07
cost = 1.60263e+07
cost = 1.60243e+07
cost = 1.60226e+07
cost = 1.60204e+07
cost = 1.60274e+07
cost = 1.60203e+07
cost = 1.6018e+07
cost = 1.60177e+07
cost = 1.60168e+07
cost = 1.60164e+07
cost = 1.60157e+07
cost = 1.60154e+07
cost = 1.60146e+07
cost = 1.6013e+07
cost = 1.60122e+07
cost = 1.60114e+07
cost = 1.60098e+07
cost = 1.60089e+07
cost = 1.60079e+07
cost = 1.60068e+07
cost = 1.60058e+07
cost = 1.60046e+07
cost = 1.60038e+07
cost = 1.60017e+07
cost = 1.60011e+07
cost = 1.6e+07
cost = 1.60011e+07
cost = 1.59997e+07
cost = 1.5999e+07
cost = 1.59985e+07
cost = 1.5998e+07
cost = 1.59976e+07
cost = 1.59969e+07
cost = 1.59962e+07
cost = 1.59953e+07
cost = 1.59946e+07
cost = 1.59939e+07
cost = 1.59931e+07
cost = 1.59922e+07
cost = 1.59915e+07
cost = 1.59902e+07
cost = 1.5989e+07
cost = 1.59878e+07
cost = 1.5987e+07
cost = 1.5986e+07
cost = 1.59851e+07
cost = 1.59845e+07
cost = 1.59863e+07
cost = 1.59842e+07
cost = 1.59833e+07
cost = 1.59828e+07
cost = 1.59825e+07
cost = 1.59822e+07
cost = 1.59817e+07
cost = 1.59812e+07
cost = 1.59805e+07
cost = 1.59799e+07
cost = 1.59791e+07
cost = 1.59784e+07
cost = 1.59775e+07
cost = 1.59768e+07
cost = 1.5976e+07
cost = 1.59754e+07
cost = 1.59772e+07
cost = 1.5975e+07
cost = 1.59762e+07
cost = 1.59746e+07
cost = 1.59738e+07
cost = 1.59729e+07
cost = 1.59719e+07
cost = 1.59729e+07
cost = 1.59715e+07
cost = 1.59706e+07
cost = 1.59695e+07
cost = 1.59687e+07
cost = 1.59678e+07
cost = 1.59668e+07
cost = 1.5965e+07
cost = 1.59638e+07
cost = 1.59619e+07
cost = 1.59604e+07
cost = 1.59591e+07
cost = 1.59576e+07
cost = 1.6012e+07
cost = 1.5959e+07
cost = 1.59566e+07
cost = 2.8879e+07
cost = 1.6148e+07
cost = 1.59551e+07
cost = 1.59532e+07
cost = 1.59514e+07
cost = 1.59504e+07
cost = 1.59514e+07
cost = 1.59496e+07
cost = 1.59499e+07
cost = 1.59495e+07
cost = 1.59502e+07
cost = 1.59491e+07
cost = 1.59484e+07
cost = 1.59515e+07
cost = 1.59478e+07
cost = 1.59472e+07
cost = 1.59467e+07
cost = 1.59457e+07
cost = 1.5945e+07
cost = 1.59482e+07
cost = 1.59442e+07
cost = 1.59427e+07
cost = 1.59415e+07
cost = 1.59399e+07
cost = 1.59397e+07
cost = 1.59391e+07
cost = 1.59378e+07
cost = 1.59367e+07
cost = 1.59346e+07
cost = 1.59325e+07
cost = 1.60017e+07
cost = 1.59323e+07
cost = 1.59367e+07
cost = 1.59315e+07
cost = 1.59284e+07
cost = 1.59261e+07
cost = 1.59219e+07
cost = 1.592e+07
cost = 1.59182e+07
cost = 1.59183e+07
cost = 1.59169e+07
cost = 1.59149e+07
cost = 1.59131e+07
cost = 1.59118e+07
cost = 1.59107e+07
cost = 1.59094e+07
cost = 1.59072e+07
cost = 1.5906e+07
cost = 1.59042e+07
cost = 1.59022e+07
cost = 1.59007e+07
cost = 1.58988e+07
cost = 1.58972e+07
cost = 1.58963e+07
cost = 1.58961e+07
cost = 1.58951e+07
cost = 1.5896e+07
cost = 1.58946e+07
cost = 1.60075e+07
cost = 1.59021e+07
cost = 1.58945e+07
cost = 1.58925e+07
cost = 1.58915e+07
cost = 1.58901e+07
cost = 1.58881e+07
cost = 1.58869e+07
cost = 1.58859e+07
cost = 1.58848e+07
cost = 1.58826e+07
cost = 1.77289e+07
cost = 1.5996e+07
cost = 1.5886e+07
cost = 1.58822e+07
cost = 1.58879e+07
cost = 1.58817e+07
cost = 1.67101e+07
cost = 1.59427e+07
cost = 1.58897e+07
cost = 1.58837e+07
cost = 1.58821e+07
cost = 1.58816e+07
cost = 1.58801e+07
cost = 1.58797e+07
cost = 1.58792e+07
cost = 1.58787e+07
cost = 1.58784e+07
cost = 1.58783e+07
cost = 1.58779e+07
cost = 1.58775e+07
cost = 1.5877e+07
cost = 1.00076e+08
cost = 1.59088e+07
cost = 1.58828e+07
cost = 1.58771e+07
cost = 1.58764e+07
cost = 1.58757e+07
cost = 1.58747e+07
cost = 1.5874e+07
cost = 1.58733e+07
cost = 1.5873e+07
cost = 1.58723e+07
cost = 1.58718e+07
cost = 1.58709e+07
cost = 1.58702e+07
cost = 1.58695e+07
cost = 1.58687e+07
cost = 1.58682e+07
cost = 1.58678e+07
cost = 1.58675e+07
cost = 1.5867e+07
cost = 1.58682e+07
cost = 1.58669e+07
cost = 1.58663e+07
cost = 1.58657e+07
cost = 1.58655e+07
cost = 1.58645e+07
cost = 1.58636e+07
cost = 1.58621e+07
cost = 2.18338e+07
cost = 1.58605e+07
cost = 7.02124e+07
cost = 1.99722e+07
cost = 1.61643e+07
cost = 1.58791e+07
cost = 1.58612e+07
cost = 1.58604e+07
cost = 1.60721e+07
cost = 1.58715e+07
cost = 1.58602e+07
cost = 1.58599e+07
cost = 1.58655e+07
cost = 1.58614e+07
cost = 1.58601e+07
cost = 1.58597e+07
cost = 1.58592e+07
cost = 1.58586e+07
cost = 1.58777e+07
cost = 1.58616e+07
cost = 1.58591e+07
cost = 1.58586e+07
cost = 1.58585e+07
cost = 1.58582e+07
cost = 1.58577e+07
cost = 1.58572e+07
cost = 1.58565e+07
cost = 1.58563e+07
cost = 1.58553e+07
cost = 1.58547e+07
cost = 1.58547e+07
cost = 1.5854e+07
cost = 1.58536e+07
cost = 1.58532e+07
cost = 1.58528e+07
cost = 1.58522e+07
cost = 1.58517e+07
cost = 1.58514e+07
cost = 1.58509e+07
cost = 1.58507e+07
cost = 1.58497e+07
cost = 1.5849e+07
cost = 1.58482e+07
cost = 1.5847e+07
cost = 1.64168e+07
cost = 1.58832e+07
cost = 1.5848e+07
cost = 1.58466e+07
cost = 1.58462e+07
cost = 1.58461e+07
cost = 1.58469e+07
cost = 1.58454e+07
cost = 1.58448e+07
cost = 1.58445e+07
cost = 1.58437e+07
cost = 1.58431e+07
cost = 1.58426e+07
cost = 1.58421e+07
cost = 1.58418e+07
cost = 1.5842e+07
cost = 1.58416e+07
cost = 1.58413e+07
cost = 1.5841e+07
cost = 1.58406e+07
cost = 1.58401e+07
cost = 1.58395e+07
cost = 1.58387e+07
cost = 1.58374e+07
cost = 1.58367e+07
cost = 1.58356e+07
cost = 1.58349e+07
cost = 1.58374e+07
cost = 1.58345e+07
cost = 1.58334e+07
cost = 1.58328e+07
cost = 1.58323e+07
cost = 1.58317e+07
cost = 1.58311e+07
cost = 1.58305e+07
cost = 1.58303e+07
cost = 1.58291e+07
cost = 1.58277e+07
cost = 1.58262e+07
cost = 1.58241e+07
cost = 1.58225e+07
cost = 1.58276e+07
cost = 1.58221e+07
cost = 1.5819e+07
cost = 1.58181e+07
cost = 1.58155e+07
cost = 1.58139e+07
cost = 1.58127e+07
cost = 1.5812e+07
cost = 1.58113e+07
cost = 1.58105e+07
cost = 1.58093e+07
cost = 1.5808e+07
cost = 1.58158e+07
cost = 1.58089e+07
cost = 1.58076e+07
cost = 1.58068e+07
cost = 1.58061e+07
cost = 1.58055e+07
cost = 1.58055e+07
cost = 1.58053e+07
cost = 1.5805e+07
cost = 1.58045e+07
cost = 1.58042e+07
cost = 1.58084e+07
cost = 1.58042e+07
cost = 1.58029e+07
cost = 1.58023e+07
cost = 1.58019e+07
cost = 1.58014e+07
cost = 1.58004e+07
cost = 1.58e+07
cost = 1.58002e+07
cost = 1.57996e+07
cost = 1.5799e+07
cost = 1.57982e+07
cost = 1.58018e+07
cost = 1.57978e+07
cost = 1.57967e+07
cost = 1.5796e+07
cost = 1.57951e+07
cost = 1.57944e+07
cost = 1.57939e+07
cost = 1.57932e+07
cost = 1.57927e+07
cost = 1.57922e+07
cost = 1.57922e+07
cost = 1.57919e+07
cost = 1.57913e+07
cost = 1.57921e+07
cost = 1.5791e+07
cost = 1.57907e+07
cost = 1.57907e+07
cost = 1.57905e+07
cost = 1.57914e+07
cost = 1.57902e+07
cost = 1.57895e+07
cost = 1.5789e+07
cost = 1.57883e+07
cost = 1.57878e+07
cost = 1.57874e+07
cost = 1.5788e+07
cost = 1.57872e+07
cost = 1.57868e+07
cost = 1.57865e+07
cost = 1.57862e+07
cost = 1.5786e+07
cost = 1.57857e+07
cost = 1.57856e+07
cost = 1.57855e+07
cost = 1.57854e+07
cost = 1.57852e+07
cost = 1.57849e+07
cost = 1.57845e+07
cost = 1.57842e+07
cost = 1.57834e+07
cost = 1.57828e+07
cost = 1.57823e+07
cost = 1.57819e+07
cost = 1.57813e+07
cost = 1.57807e+07
cost = 1.578e+07
cost = 1.57794e+07
cost = 1.57803e+07
cost = 1.57793e+07
cost = 1.57788e+07
cost = 1.57784e+07
cost = 1.57779e+07
cost = 1.57773e+07
cost = 1.57768e+07
cost = 1.57764e+07
cost = 1.57754e+07
cost = 1.5927e+07
cost = 1.57812e+07
cost = 1.57749e+07
cost = 1.57757e+07
cost = 1.57742e+07
cost = 1.57735e+07
cost = 1.57736e+07
cost = 1.57727e+07
cost = 1.57718e+07
cost = 1.57717e+07
cost = 1.57706e+07
cost = 1.57708e+07
cost = 1.57697e+07
cost = 1.57688e+07
cost = 1.57676e+07
cost = 1.57673e+07
cost = 1.57692e+07
cost = 1.5767e+07
cost = 1.57659e+07
cost = 1.57655e+07
cost = 1.57654e+07
cost = 1.57653e+07
cost = 1.57648e+07
cost = 1.57646e+07
cost = 1.57644e+07
cost = 1.57644e+07
cost = 1.57639e+07
cost = 1.57636e+07
cost = 1.57634e+07
cost = 1.57631e+07
cost = 1.57628e+07
cost = 1.57625e+07
cost = 1.57625e+07
cost = 1.57623e+07
cost = 1.57621e+07
cost = 1.57618e+07
cost = 1.57615e+07
cost = 1.57612e+07
cost = 1.57608e+07
cost = 1.57605e+07
cost = 1.576e+07
cost = 1.57593e+07
cost = 1.57587e+07
cost = 1.57701e+07
cost = 1.57582e+07
cost = 1.5812e+07
cost = 1.57583e+07
cost = 1.57578e+07
cost = 1.72221e+07
cost = 1.59011e+07
cost = 1.57691e+07
cost = 1.57583e+07
cost = 1.57577e+07
cost = 7.34713e+07
cost = 1.7769e+07
cost = 1.58437e+07
cost = 1.57645e+07
cost = 1.57576e+07
cost = 1.5757e+07
cost = 1.57568e+07
cost = 1.57566e+07
cost = 1.5757e+07
cost = 1.57563e+07
cost = 1.57561e+07
cost = 1.57559e+07
cost = 1.57555e+07
cost = 1.57553e+07
cost = 1.5755e+07
cost = 1.57548e+07
cost = 1.57546e+07
cost = 1.57544e+07
cost = 1.57542e+07
cost = 1.57541e+07
cost = 1.57537e+07
cost = 1.57535e+07
cost = 1.57534e+07
cost = 1.57532e+07
cost = 1.57531e+07
cost = 1.57529e+07
cost = 1.57528e+07
cost = 1.57527e+07
cost = 1.57525e+07
cost = 1.57524e+07
cost = 1.57524e+07
cost = 1.57523e+07
cost = 1.57522e+07
cost = 1.57521e+07
cost = 1.57516e+07
cost = 1.57518e+07
cost = 1.57514e+07
cost = 1.57511e+07
cost = 1.57507e+07
cost = 1.57504e+07
cost = 1.575e+07
cost = 1.57496e+07
cost = 1.58695e+07
cost = 1.57553e+07
cost = 1.57495e+07
cost = 1.57698e+07
cost = 1.57506e+07
cost = 1.5749e+07
cost = 1.57486e+07
cost = 1.57483e+07
cost = 1.57478e+07
cost = 1.57474e+07
cost = 1.57469e+07
cost = 1.5746e+07
cost = 1.57449e+07
cost = 1.57437e+07
cost = 1.57993e+07
cost = 1.57475e+07
cost = 1.57434e+07
cost = 6.88565e+09
cost = 1.61132e+07
cost = 1.57501e+07
cost = 1.57424e+07
cost = 1.57417e+07
cost = 1.57407e+07
cost = 1.574e+07
cost = 1.57447e+07
cost = 1.57393e+07
cost = 1.57395e+07
cost = 1.5739e+07
cost = 1.57386e+07
cost = 1.57382e+07
cost = 1.57379e+07
cost = 1.57374e+07
cost = 1.57372e+07
cost = 1.57371e+07
cost = 1.57371e+07
cost = 1.5737e+07
cost = 1.57368e+07
cost = 1.57365e+07
cost = 1.69952e+07
cost = 1.57364e+07
cost = 1.72182e+07
cost = 1.57415e+07
cost = 1.57363e+07
cost = 1.57358e+07
cost = 1.57356e+07
cost = 2.07649e+07
cost = 1.59355e+07
cost = 1.57369e+07
cost = 1.57355e+07
cost = 1.57355e+07
cost = 1.57385e+07
cost = 1.57358e+07
cost = 1.57353e+07
cost = 1.57351e+07
cost = 1.57349e+07
cost = 1.57346e+07
cost = 1.57345e+07
cost = 1.57344e+07
cost = 1.5734e+07
cost = 1.57338e+07
cost = 1.57335e+07
cost = 1.57332e+07
cost = 1.5733e+07
cost = 1.57327e+07
cost = 1.57325e+07
cost = 1.57322e+07
cost = 1.57326e+07
cost = 1.57321e+07
cost = 1.57319e+07
cost = 1.57311e+07
cost = 1.57303e+07
cost = 1.57295e+07
cost = 1.57656e+07
cost = 1.57286e+07
cost = 1.57989e+07
cost = 1.5733e+07
cost = 1.57285e+07
cost = 1.57296e+07
cost = 1.57281e+07
cost = 1.57274e+07
cost = 1.57271e+07
cost = 1.57268e+07
cost = 1.57266e+07
cost = 1.57266e+07
cost = 1.57265e+07
cost = 1.57263e+07
cost = 1.57261e+07
cost = 1.57259e+07
cost = 1.57258e+07
cost = 1.57255e+07
cost = 1.57261e+07
cost = 1.57255e+07
cost = 1.5727e+07
cost = 1.57253e+07
cost = 1.6224e+07
cost = 1.57626e+07
cost = 1.57277e+07
cost = 1.57254e+07
cost = 1.57252e+07
cost = 1.59446e+07
cost = 1.57329e+07
cost = 1.57251e+07
cost = 1.57245e+07
cost = 1.57246e+07
cost = 1.57244e+07
cost = 1.57242e+07
cost = 1.57243e+07
cost = 1.5724e+07
cost = 1.57241e+07
cost = 1.57239e+07
cost = 1.57237e+07
cost = 1.57235e+07
cost = 1.57233e+07
cost = 1.57231e+07
cost = 1.57228e+07
cost = 1.57226e+07
cost = 1.57221e+07
cost = 1.57217e+07
cost = 1.57213e+07
cost = 1.57208e+07
cost = 1.57198e+07
cost = 1.57189e+07
cost = 1.57177e+07
cost = 1.57166e+07
cost = 1.57152e+07
cost = 1.5713e+07
cost = 1.57124e+07
cost = 1.57115e+07
cost = 1.57101e+07
cost = 1.57572e+07
cost = 1.57135e+07
cost = 1.57099e+07
cost = 1.57092e+07
cost = 1.57078e+07
cost = 1.57066e+07
cost = 1.57051e+07
cost = 1.57477e+07
cost = 1.57042e+07
cost = 5.16794e+07
cost = 1.78181e+07
cost = 1.586e+07
cost = 1.57165e+07
cost = 1.5705e+07
cost = 1.57041e+07
cost = 1.57028e+07
cost = 1.57019e+07
cost = 1.5701e+07
cost = 1.57007e+07
cost = 1.5701e+07
cost = 1.57003e+07
cost = 1.56997e+07
cost = 1.56992e+07
cost = 1.56989e+07
cost = 1.56986e+07
cost = 1.56987e+07
cost = 1.56983e+07
cost = 1.5698e+07
cost = 1.56976e+07
cost = 1.56972e+07
cost = 1.56971e+07
cost = 1.56975e+07
cost = 1.56967e+07
cost = 1.56963e+07
cost = 1.56959e+07
cost = 1.56956e+07
cost = 1.56954e+07
cost = 1.5695e+07
cost = 1.56948e+07
cost = 1.56945e+07
cost = 1.56944e+07
cost = 1.56941e+07
cost = 1.56939e+07
cost = 1.56937e+07
cost = 1.56934e+07
cost = 1.56931e+07
cost = 1.56927e+07
cost = 1.56922e+07
cost = 1.56918e+07
cost = 1.56913e+07
cost = 1.5691e+07
cost = 1.56905e+07
cost = 1.569e+07
cost = 1.56894e+07
cost = 1.56883e+07
cost = 3.04067e+07
cost = 1.67544e+07
cost = 1.57527e+07
cost = 1.56906e+07
cost = 1.56883e+07
cost = 1.56896e+07
cost = 1.56881e+07
cost = 1.56974e+07
cost = 1.56894e+07
cost = 1.56878e+07
cost = 1.56866e+07
cost = 1.56858e+07
cost = 1.5685e+07
cost = 1.56846e+07
cost = 1.57038e+07
cost = 1.56866e+07
cost = 1.56846e+07
cost = 1.56843e+07
cost = 1.56838e+07
cost = 1.56834e+07
cost = 1.56831e+07
cost = 1.56829e+07
cost = 1.56828e+07
cost = 1.56826e+07
cost = 1.56825e+07
cost = 1.56822e+07
cost = 1.56821e+07
cost = 1.56819e+07
cost = 1.56816e+07
cost = 1.56815e+07
cost = 1.56812e+07
cost = 1.56808e+07
cost = 1.56801e+07
cost = 1.56795e+07
cost = 1.56886e+07
cost = 1.56795e+07
cost = 1.56789e+07
cost = 1.56785e+07
cost = 1.56781e+07
cost = 1.56775e+07
cost = 1.56878e+07
cost = 1.5677e+07
cost = 1.57045e+07
cost = 1.56786e+07
cost = 1.56768e+07
cost = 1.56761e+07
cost = 1.56979e+07
cost = 1.56783e+07
cost = 1.56762e+07
cost = 1.5676e+07
cost = 1.57294e+07
cost = 1.56771e+07
cost = 1.56758e+07
cost = 1.56752e+07
cost = 1.56749e+07
cost = 1.56743e+07
cost = 1.56802e+07
cost = 1.56745e+07
cost = 1.5674e+07
cost = 1.56835e+07
cost = 1.5673e+07
cost = 1.56722e+07
cost = 1.56714e+07
cost = 1.56841e+07
cost = 1.5671e+07
cost = 1.66235e+07
cost = 1.57514e+07
cost = 1.56772e+07
cost = 1.56713e+07
cost = 1.56709e+07
cost = 1.56704e+07
cost = 1.567e+07
cost = 1.56697e+07
cost = 1.56692e+07
cost = 1.56687e+07
cost = 1.5668e+07
cost = 1.56669e+07
cost = 1.56669e+07
cost = 1.56662e+07
cost = 1.56653e+07
cost = 1.56649e+07
cost = 1.56644e+07
cost = 1.56637e+07
cost = 1.56651e+07
cost = 1.56635e+07
cost = 1.56633e+07
cost = 1.56631e+07
cost = 1.56633e+07
cost = 1.56631e+07
cost = 1.56628e+07
cost = 1.56636e+07
cost = 1.56627e+07
cost = 1.56625e+07
cost = 1.56624e+07
cost = 1.56622e+07
cost = 1.5662e+07
cost = 1.56617e+07
cost = 1.56613e+07
cost = 1.5661e+07
cost = 1.56606e+07
cost = 1.56602e+07
cost = 1.56626e+07
cost = 1.56605e+07
cost = 1.56601e+07
cost = 1.56599e+07
cost = 1.56597e+07
cost = 1.56594e+07
cost = 1.56592e+07
cost = 1.5659e+07
cost = 1.56586e+07
cost = 1.56593e+07
cost = 1.56586e+07
cost = 1.56582e+07
cost = 1.56578e+07
cost = 1.56574e+07
cost = 1.56571e+07
cost = 1.56568e+07
cost = 1.56594e+07
cost = 1.56572e+07
cost = 1.56568e+07
cost = 1.56565e+07
cost = 1.56562e+07
cost = 1.56557e+07
cost = 1.56553e+07
cost = 1.56545e+07
cost = 1.56546e+07
cost = 1.5654e+07
cost = 1.56534e+07
cost = 1.56613e+07
cost = 1.56529e+07
cost = 1.56532e+07
cost = 1.56523e+07
cost = 1.56515e+07
cost = 1.56517e+07
cost = 1.56505e+07
cost = 1.57069e+07
cost = 1.56497e+07
cost = 1.56947e+07
cost = 1.56514e+07
cost = 1.56494e+07
cost = 1.56503e+07
cost = 1.56487e+07
cost = 1.5648e+07
cost = 1.5647e+07
cost = 1.56779e+07
cost = 1.56489e+07
cost = 1.56468e+07
cost = 1.56495e+07
cost = 1.56467e+07
cost = 1.56454e+07
cost = 1.56472e+07
cost = 1.56451e+07
cost = 1.56442e+07
cost = 1.56435e+07
cost = 1.56441e+07
cost = 1.5643e+07
cost = 1.56424e+07
cost = 1.56419e+07
cost = 1.56413e+07
cost = 1.56407e+07
cost = 1.564e+07
cost = 1.56394e+07
cost = 1.56389e+07
cost = 1.56384e+07
cost = 1.56378e+07
cost = 1.5637e+07
cost = 1.56366e+07
cost = 1.56361e+07
cost = 1.56357e+07
cost = 1.56354e+07
cost = 1.56351e+07
cost = 1.56348e+07
cost = 1.56345e+07
cost = 1.56341e+07
cost = 1.56338e+07
cost = 1.56335e+07
cost = 1.56331e+07
cost = 1.56327e+07
cost = 1.56325e+07
cost = 1.56321e+07
cost = 1.57313e+07
cost = 1.56413e+07
cost = 1.56336e+07
cost = 1.56323e+07
cost = 1.56321e+07
cost = 1.56321e+07
cost = 1.56326e+07
cost = 1.56317e+07
cost = 1.56314e+07
cost = 1.5631e+07
cost = 1.56307e+07
cost = 1.56305e+07
cost = 1.56301e+07
cost = 1.56298e+07
cost = 1.56292e+07
cost = 1.56288e+07
cost = 1.56283e+07
cost = 1.56279e+07
cost = 1.56274e+07
cost = 1.5627e+07
cost = 1.56268e+07
cost = 1.56265e+07
cost = 1.56263e+07
cost = 1.56258e+07
cost = 1.56257e+07
cost = 1.56254e+07
cost = 1.5625e+07
cost = 1.56247e+07
cost = 1.56242e+07
cost = 1.5624e+07
cost = 1.56237e+07
cost = 1.56238e+07
cost = 1.56234e+07
cost = 1.5623e+07
cost = 1.56226e+07
cost = 1.56224e+07
cost = 1.56221e+07
cost = 1.5622e+07
cost = 1.56218e+07
cost = 1.56216e+07
cost = 1.56215e+07
cost = 1.56213e+07
cost = 1.56209e+07
cost = 1.56207e+07
cost = 1.56205e+07
cost = 1.56203e+07
cost = 1.56201e+07
cost = 1.56199e+07
cost = 1.56195e+07
cost = 1.56192e+07
cost = 1.56188e+07
cost = 1.56184e+07
cost = 1.5618e+07
cost = 1.56177e+07
cost = 1.56173e+07
cost = 1.56167e+07
cost = 1.56158e+07
cost = 1.56145e+07
cost = 1.56134e+07
cost = 1.56156e+07
cost = 1.56135e+07
cost = 1.56132e+07
cost = 1.56125e+07
cost = 1.56115e+07
cost = 1.56738e+07
cost = 1.56167e+07
cost = 1.56115e+07
cost = 1.56111e+07
cost = 1.56101e+07
cost = 1.56127e+07
cost = 1.56102e+07
cost = 1.56096e+07
cost = 1.56085e+07
cost = 5.80502e+08
cost = 3.97686e+07
cost = 1.62277e+07
cost = 1.56092e+07
cost = 1.5608e+07
cost = 1.66042e+07
cost = 1.56414e+07
cost = 1.56074e+07
cost = 1.56171e+07
cost = 1.56076e+07
cost = 1.56068e+07
cost = 1.56063e+07
cost = 1.5606e+07
cost = 1.56054e+07
cost = 1.56049e+07
cost = 1.56044e+07
cost = 1.56038e+07
cost = 1.56131e+07
cost = 1.5604e+07
cost = 1.56036e+07
cost = 1.56115e+07
cost = 1.56038e+07
cost = 1.56033e+07
cost = 1.56027e+07
cost = 1.56019e+07
cost = 1.56011e+07
cost = 1.56006e+07
cost = 1.55992e+07
cost = 1.56084e+07
cost = 1.55986e+07
cost = 1.55972e+07
cost = 1.55977e+07
cost = 1.55971e+07
cost = 1.55964e+07
cost = 1.56062e+07
cost = 1.55963e+07
cost = 1.55952e+07
cost = 1.55947e+07
cost = 1.55942e+07
cost = 1.55933e+07
cost = 1.55929e+07
cost = 1.55926e+07
cost = 1.55924e+07
cost = 1.55917e+07
cost = 1.55915e+07
cost = 1.55911e+07
cost = 1.55911e+07
cost = 1.55906e+07
cost = 1.55905e+07
cost = 1.55903e+07
cost = 1.55902e+07
cost = 1.55901e+07
cost = 1.55899e+07
cost = 1.55895e+07
cost = 1.55894e+07
cost = 1.55894e+07
cost = 1.55893e+07
cost = 1.55891e+07
cost = 1.55889e+07
cost = 1.55888e+07
cost = 1.55887e+07
cost = 1.55886e+07
cost = 1.55885e+07
cost = 1.55883e+07
cost = 1.5588e+07
cost = 1.55879e+07
cost = 1.55874e+07
cost = 1.55869e+07
cost = 1.55864e+07
cost = 1.55859e+07
cost = 1.55854e+07
cost = 1.55845e+07
cost = 1.55839e+07
cost = 1.55831e+07
cost = 1.55916e+07
cost = 1.55821e+07
cost = 1.55824e+07
cost = 1.55816e+07
cost = 2.31127e+07
cost = 1.58394e+07
cost = 1.56015e+07
cost = 1.5585e+07
cost = 1.55816e+07
cost = 1.55811e+07
cost = 1.55805e+07
cost = 1.55797e+07
cost = 1.55792e+07
cost = 1.55794e+07
cost = 1.5579e+07
cost = 1.55783e+07
cost = 1.55772e+07
cost = 1.55765e+07
cost = 1.55756e+07
cost = 1.55749e+07
cost = 1.55747e+07
cost = 1.55739e+07
cost = 1.55737e+07
cost = 1.55732e+07
cost = 1.55727e+07
cost = 1.5572e+07
cost = 1.55708e+07
cost = 1.55697e+07
cost = 1.55684e+07
cost = 1.55673e+07
cost = 1.55657e+07
cost = 1.55647e+07
cost = 1.55629e+07
cost = 1.55608e+07
cost = 1.95475e+07
cost = 1.55592e+07
cost = 3.06967e+08
cost = 3.27087e+07
cost = 1.595e+07
cost = 1.55585e+07
cost = 1.15319e+09
cost = 1.30616e+08
cost = 2.70332e+07
cost = 1.66318e+07
cost = 1.56496e+07
cost = 1.55656e+07
cost = 1.5559e+07
cost = 1.55586e+07
cost = 1.55585e+07
cost = 1.55628e+07
cost = 1.55569e+07
cost = 1.55565e+07
cost = 1.55558e+07
cost = 1.55553e+07
cost = 1.55549e+07
cost = 1.55546e+07
cost = 1.55543e+07
cost = 1.5554e+07
cost = 1.55537e+07
cost = 1.55533e+07
cost = 1.5553e+07
cost = 1.55528e+07
cost = 1.55526e+07
cost = 1.55523e+07
cost = 1.55693e+07
cost = 1.5552e+07
cost = 1.55831e+07
cost = 1.55524e+07
cost = 1.55519e+07
cost = 1.938e+07
cost = 1.59256e+07
cost = 1.55896e+07
cost = 1.55551e+07
cost = 1.5552e+07
cost = 1.55519e+07
cost = 1.55517e+07
cost = 1.55509e+07
cost = 1.55505e+07
cost = 1.55501e+07
cost = 1.55495e+07
cost = 1.5549e+07
cost = 1.55486e+07
cost = 1.55484e+07
cost = 1.55481e+07
cost = 1.55476e+07
cost = 1.5567e+07
cost = 1.55475e+07
cost = 1.55486e+07
cost = 1.5547e+07
cost = 1.55464e+07
cost = 1.5546e+07
cost = 1.55453e+07
cost = 1.55455e+07
cost = 1.55452e+07
cost = 1.55448e+07
cost = 1.55446e+07
cost = 1.58647e+07
cost = 1.55506e+07
cost = 1.55453e+07
cost = 1.55445e+07
cost = 1.55441e+07
cost = 1.55438e+07
cost = 1.55433e+07
cost = 1.5543e+07
cost = 1.56188e+07
cost = 1.55427e+07
cost = 1.55436e+07
cost = 1.55426e+07
cost = 1.55421e+07
cost = 1.55416e+07
cost = 1.55413e+07
cost = 1.55413e+07
cost = 1.55412e+07
cost = 1.55408e+07
cost = 1.55403e+07
cost = 1.55487e+07
cost = 1.55411e+07
cost = 1.55403e+07
cost = 1.55403e+07
cost = 1.55396e+07
cost = 1.55392e+07
cost = 1.55392e+07
cost = 1.55409e+07
cost = 1.55387e+07
cost = 1.55381e+07
cost = 1.55377e+07
cost = 1.55515e+07
cost = 1.55405e+07
cost = 1.5538e+07
cost = 1.55376e+07
cost = 1.55369e+07
cost = 1.55357e+07
cost = 1.55342e+07
cost = 1.55323e+07
cost = 1.55312e+07
cost = 1.55303e+07
cost = 1.55295e+07
cost = 1.55283e+07
cost = 1.5527e+07
cost = 1.55797e+07
cost = 1.55301e+07
cost = 1.55267e+07
cost = 1.55255e+07
cost = 1.55243e+07
cost = 1.5523e+07
cost = 1.11955e+08
cost = 1.56631e+07
cost = 1.55227e+07
cost = 1.55284e+07
cost = 1.55218e+07
cost = 1.55215e+07
cost = 1.55206e+07
cost = 5.07116e+07
cost = 1.59037e+07
cost = 1.55385e+07
cost = 1.55212e+07
cost = 1.55205e+07
cost = 1.55198e+07
cost = 1.55194e+07
cost = 1.60609e+07
cost = 1.55254e+07
cost = 1.552e+07
cost = 1.5519e+07
cost = 1.55184e+07
cost = 1.58894e+07
cost = 1.5527e+07
cost = 1.55181e+07
cost = 1.63197e+07
cost = 1.5591e+07
cost = 1.55251e+07
cost = 1.55187e+07
cost = 1.55181e+07
cost = 1.5518e+07
cost = 1.5518e+07
cost = 1.55171e+07
cost = 1.55168e+07
cost = 1.55163e+07
cost = 1.55152e+07
cost = 1.55146e+07
cost = 1.5514e+07
cost = 1.55143e+07
cost = 1.55137e+07
cost = 1.55131e+07
cost = 1.55127e+07
cost = 1.55124e+07
cost = 1.55122e+07
cost = 1.55119e+07
cost = 1.55116e+07
cost = 1.55114e+07
cost = 1.55109e+07
cost = 1.55105e+07
cost = 1.551e+07
cost = 1.55093e+07
cost = 1.55088e+07
cost = 1.55083e+07
cost = 1.55078e+07
cost = 1.55074e+07
cost = 1.55069e+07
cost = 1.55066e+07
cost = 1.55063e+07
cost = 1.55062e+07
cost = 1.55059e+07
cost = 1.55057e+07
cost = 1.55055e+07
cost = 1.55063e+07
cost = 1.55054e+07
cost = 1.5505e+07
cost = 1.55044e+07
cost = 1.55036e+07
cost = 1.55025e+07
cost = 1.55016e+07
cost = 1.55006e+07
cost = 1.54997e+07
cost = 1.54987e+07
cost = 1.54979e+07
cost = 1.54974e+07
cost = 1.54965e+07
cost = 1.54951e+07
cost = 1.5494e+07
cost = 1.54929e+07
cost = 1.54919e+07
cost = 1.54913e+07
cost = 1.54907e+07
cost = 1.549e+07
cost = 1.54896e+07
cost = 1.54892e+07
cost = 1.54888e+07
cost = 1.54883e+07
cost = 1.54877e+07
cost = 1.5487e+07
cost = 1.54901e+07
cost = 1.54875e+07
cost = 1.54869e+07
cost = 1.54862e+07
cost = 1.54856e+07
cost = 1.54854e+07
cost = 1.54849e+07
cost = 1.54845e+07
cost = 1.54841e+07
cost = 1.54836e+07
cost = 1.54833e+07
cost = 1.54831e+07
cost = 1.54825e+07
cost = 1.54823e+07
cost = 1.54817e+07
cost = 1.54812e+07
cost = 1.54805e+07
cost = 1.54796e+07
cost = 1.54787e+07
cost = 1.54774e+07
cost = 1.54762e+07
cost = 1.54757e+07
cost = 1.5475e+07
cost = 1.54748e+07
cost = 1.5478e+07
cost = 1.54749e+07
cost = 1.54745e+07
cost = 1.54872e+07
cost = 1.5476e+07
cost = 1.5474e+07
cost = 1.54731e+07
cost = 1.54722e+07
cost = 1.54711e+07
cost = 1.54693e+07
cost = 1.54683e+07
cost = 1.54678e+07
cost = 1.54671e+07
cost = 1.54672e+07
cost = 1.54667e+07
cost = 1.54663e+07
cost = 1.54656e+07
cost = 1.5465e+07
cost = 1.54643e+07
cost = 1.54658e+07
cost = 1.54636e+07
cost = 1.54628e+07
cost = 1.54628e+07
cost = 1.54623e+07
cost = 1.54617e+07
cost = 1.54616e+07
cost = 1.5462e+07
cost = 1.54611e+07
cost = 1.54607e+07
cost = 1.54612e+07
cost = 1.54606e+07
cost = 1.54603e+07
cost = 1.54601e+07
cost = 1.54598e+07
cost = 1.54593e+07
cost = 1.54585e+07
cost = 1.54577e+07
cost = 1.59379e+07
cost = 1.54597e+07
cost = 1.54573e+07
cost = 1.94871e+07
cost = 1.57179e+07
cost = 1.54679e+07
cost = 1.54571e+07
cost = 1.54569e+07
cost = 1.54554e+07
cost = 1.54552e+07
cost = 1.54546e+07
cost = 1.5454e+07
cost = 1.54538e+07
cost = 1.54534e+07
cost = 1.54531e+07
cost = 1.54531e+07
cost = 1.5453e+07
cost = 1.54525e+07
cost = 1.5452e+07
cost = 1.54516e+07
cost = 1.54509e+07
cost = 1.54503e+07
cost = 1.54493e+07
cost = 1.54485e+07
cost = 1.54476e+07
cost = 1.54461e+07
cost = 4.43517e+07
cost = 1.5462e+07
cost = 1.54453e+07
cost = 3.8104e+07
cost = 1.54706e+07
cost = 1.54449e+07
cost = 1.54437e+07
cost = 1.10896e+08
cost = 1.79683e+07
cost = 1.54513e+07
cost = 1.54434e+07
cost = 1.69449e+07
cost = 1.54817e+07
cost = 1.54424e+07
cost = 1.54746e+07
cost = 1.54466e+07
cost = 1.54424e+07
cost = 1.54419e+07
cost = 1.54413e+07
cost = 1.54415e+07
cost = 1.54407e+07
cost = 3.88654e+08
cost = 4.3529e+07
cost = 1.73308e+07
cost = 1.55521e+07
cost = 1.54458e+07
cost = 1.54405e+07
cost = 1.54425e+07
cost = 1.54408e+07
cost = 1.54404e+07
cost = 1.54397e+07
cost = 1.54388e+07
cost = 1.5438e+07
cost = 1.5437e+07
cost = 1.54371e+07
cost = 1.54362e+07
cost = 1.54353e+07
cost = 1.54346e+07
cost = 1.54402e+07
cost = 1.5435e+07
cost = 1.54343e+07
cost = 1.54406e+07
cost = 1.54341e+07
cost = 1.54331e+07
cost = 1.54327e+07
cost = 1.54329e+07
cost = 1.54326e+07
cost = 1.54353e+07
cost = 1.54323e+07
cost = 1.54319e+07
cost = 1.5432e+07
cost = 1.54315e+07
cost = 1.54312e+07
cost = 1.54309e+07
cost = 1.54305e+07
cost = 1.543e+07
cost = 1.54295e+07
cost = 1.54288e+07
cost = 1.54537e+07
cost = 1.54279e+07
cost = 1.54588e+07
cost = 1.54322e+07
cost = 1.54282e+07
cost = 1.54276e+07
cost = 1.54267e+07
cost = 1.54431e+07
cost = 1.54287e+07
cost = 1.54269e+07
cost = 1.54266e+07
cost = 1.54334e+07
cost = 1.54263e+07
cost = 1.54571e+07
cost = 1.54291e+07
cost = 1.54266e+07
cost = 1.54261e+07
cost = 1.54255e+07
cost = 1.54253e+07
cost = 1.54257e+07
cost = 1.54249e+07
cost = 1.54254e+07
cost = 1.54248e+07
cost = 1.5425e+07
cost = 1.54245e+07
cost = 1.54244e+07
cost = 1.54238e+07
cost = 1.54242e+07
cost = 1.54237e+07
cost = 1.54238e+07
cost = 1.54233e+07
cost = 1.54229e+07
cost = 1.54282e+07
cost = 1.5423e+07
cost = 1.54228e+07
cost = 1.54227e+07
cost = 1.54277e+07
cost = 1.54239e+07
cost = 1.54228e+07
cost = 1.54226e+07
cost = 1.54223e+07
cost = 1.54222e+07
cost = 1.54219e+07
cost = 1.54214e+07
cost = 1.54209e+07
cost = 1.54206e+07
cost = 1.54204e+07
cost = 1.542e+07
cost = 1.54196e+07
cost = 1.5488e+07
cost = 1.54327e+07
cost = 1.54221e+07
cost = 1.54199e+07
cost = 1.54195e+07
cost = 1.54191e+07
cost = 1.54186e+07
cost = 1.5418e+07
cost = 1.5417e+07
cost = 1.54164e+07
cost = 1.54177e+07
cost = 1.5416e+07
cost = 1.54154e+07
cost = 1.54154e+07
cost = 1.54151e+07
cost = 1.54146e+07
cost = 1.54142e+07
cost = 1.5414e+07
cost = 1.54136e+07
cost = 1.54139e+07
cost = 1.54133e+07
cost = 1.54129e+07
cost = 1.54123e+07
cost = 1.54115e+07
cost = 1.54115e+07
cost = 1.54109e+07
cost = 1.54112e+07
cost = 1.54103e+07
cost = 1.54105e+07
cost = 1.54101e+07
cost = 1.54095e+07
cost = 1.5409e+07
cost = 1.54085e+07
cost = 1.5408e+07
cost = 1.77143e+07
cost = 1.54734e+07
cost = 1.54092e+07
cost = 1.54077e+07
cost = 1.54071e+07
cost = 1.54065e+07
cost = 1.54105e+07
cost = 1.54058e+07
cost = 1.54061e+07
cost = 1.54054e+07
cost = 1.54046e+07
cost = 1.54039e+07
cost = 1.66519e+07
cost = 1.54446e+07
cost = 1.54086e+07
cost = 1.54041e+07
cost = 1.54036e+07
cost = 1.54031e+07
cost = 1.54023e+07
cost = 1.54015e+07
cost = 1.54003e+07
cost = 1.53994e+07
cost = 1.53982e+07
cost = 1.53969e+07
cost = 1.53961e+07
cost = 1.53951e+07
cost = 1.53951e+07
cost = 1.53941e+07
cost = 1.53933e+07
cost = 1.53931e+07
cost = 1.53928e+07
cost = 1.53914e+07
cost = 1.53907e+07
cost = 1.53899e+07
cost = 1.53892e+07
cost = 1.53887e+07
cost = 1.53878e+07
cost = 1.53872e+07
cost = 1.53863e+07
cost = 1.53853e+07
cost = 1.5385e+07
cost = 1.53842e+07
cost = 1.53833e+07
cost = 1.53826e+07
cost = 1.5382e+07
cost = 1.53814e+07
cost = 1.53867e+07
cost = 1.53817e+07
cost = 1.53811e+07
cost = 1.53805e+07
cost = 1.53803e+07
cost = 1.53805e+07
cost = 1.53799e+07
cost = 1.53792e+07
cost = 1.53788e+07
cost = 1.5378e+07
cost = 1.53929e+07
cost = 1.53801e+07
cost = 1.53781e+07
cost = 1.53778e+07
cost = 1.53772e+07
cost = 1.53764e+07
cost = 1.53758e+07
cost = 1.53775e+07
cost = 1.53754e+07
cost = 1.5376e+07
cost = 1.53748e+07
cost = 1.53743e+07
cost = 1.53738e+07
cost = 1.53734e+07
cost = 1.53732e+07
cost = 1.5373e+07
cost = 1.53773e+07
cost = 1.53738e+07
cost = 1.53731e+07
cost = 1.5373e+07
cost = 1.53726e+07
cost = 1.53722e+07
cost = 1.53719e+07
cost = 1.53719e+07
cost = 1.53716e+07
cost = 1.53723e+07
cost = 1.53715e+07
cost = 1.53714e+07
cost = 1.53713e+07
cost = 1.53705e+07
cost = 1.53701e+07
cost = 1.53693e+07
cost = 1.53686e+07
cost = 1.53681e+07
cost = 1.53678e+07
cost = 1.53675e+07
cost = 1.53671e+07
cost = 1.53665e+07
cost = 1.53661e+07
cost = 1.53655e+07
cost = 1.53652e+07
cost = 1.53649e+07
cost = 1.53645e+07
cost = 1.53641e+07
cost = 1.53636e+07
cost = 1.53633e+07
cost = 1.53629e+07
cost = 1.53624e+07
cost = 1.53616e+07
cost = 1.53612e+07
cost = 1.53609e+07
cost = 1.53607e+07
cost = 1.53605e+07
cost = 1.53602e+07
cost = 1.53599e+07
cost = 1.53594e+07
cost = 1.5359e+07
cost = 1.53587e+07
cost = 1.53583e+07
cost = 1.54941e+07
cost = 1.5358e+07
cost = 2.10341e+07
cost = 1.58127e+07
cost = 1.54066e+07
cost = 1.5363e+07
cost = 1.53584e+07
cost = 1.5358e+07
cost = 1.53579e+07
cost = 1.53713e+07
cost = 1.53606e+07
cost = 1.53583e+07
cost = 1.53578e+07
cost = 1.53575e+07
cost = 1.53579e+07
cost = 1.53575e+07
cost = 1.53572e+07
cost = 1.5357e+07
cost = 1.53569e+07
cost = 1.53568e+07
cost = 1.53566e+07
cost = 1.53565e+07
cost = 1.53564e+07
cost = 1.53564e+07
cost = 1.53563e+07
cost = 1.53562e+07
cost = 1.53561e+07
cost = 1.5356e+07
cost = 1.53557e+07
cost = 1.53555e+07
cost = 1.53552e+07
cost = 1.5355e+07
cost = 1.53547e+07
cost = 1.53542e+07
cost = 1.53535e+07
cost = 1.57904e+07
cost = 1.53761e+07
cost = 1.53535e+07
cost = 1.53548e+07
cost = 1.5353e+07
cost = 1.53524e+07
cost = 1.5352e+07
cost = 1.53513e+07
cost = 1.53507e+07
cost = 1.53502e+07
cost = 1.53498e+07
cost = 1.53496e+07
cost = 1.53495e+07
cost = 1.53494e+07
cost = 1.53493e+07
cost = 1.53492e+07
cost = 1.53491e+07
cost = 1.53489e+07
cost = 1.53487e+07
cost = 1.53485e+07
cost = 1.53483e+07
cost = 1.53552e+07
cost = 1.53483e+07
cost = 1.53482e+07
cost = 1.57312e+07
cost = 1.53819e+07
cost = 1.53513e+07
cost = 1.53484e+07
cost = 1.53482e+07
cost = 1.53496e+07
cost = 1.53482e+07
cost = 1.5348e+07
cost = 1.53479e+07
cost = 1.53479e+07
cost = 1.53478e+07
cost = 1.53478e+07
cost = 1.53477e+07
cost = 1.53476e+07
cost = 1.53475e+07
cost = 1.53475e+07
cost = 1.53474e+07
cost = 1.53474e+07
cost = 1.53473e+07
cost = 1.53471e+07
cost = 1.53469e+07
cost = 1.53467e+07
cost = 1.53466e+07
cost = 1.53464e+07
cost = 1.53461e+07
cost = 1.53457e+07
cost = 1.53453e+07
cost = 1.53449e+07
cost = 1.53444e+07
cost = 1.5344e+07
cost = 1.53435e+07
cost = 1.53431e+07
cost = 1.53429e+07
cost = 1.53426e+07
cost = 1.53423e+07
cost = 1.5342e+07
cost = 1.53418e+07
cost = 1.53415e+07
cost = 1.53413e+07
cost = 1.53412e+07
cost = 1.53411e+07
cost = 1.5341e+07
cost = 1.5341e+07
cost = 1.53409e+07
cost = 1.53409e+07
cost = 1.53408e+07
cost = 1.53407e+07
cost = 1.53408e+07
cost = 1.53407e+07
cost = 1.53407e+07
cost = 1.53406e+07
cost = 1.53406e+07
cost = 1.53409e+07
cost = 1.53405e+07
cost = 1.53404e+07
cost = 1.53403e+07
cost = 1.53402e+07
cost = 1.53401e+07
cost = 1.534e+07
cost = 1.53399e+07
cost = 1.53397e+07
cost = 1.53396e+07
cost = 1.53394e+07
cost = 1.53393e+07
cost = 1.53393e+07
cost = 1.53392e+07
cost = 1.53391e+07
cost = 1.53391e+07
cost = 1.5339e+07
cost = 1.53389e+07
cost = 1.53389e+07
cost = 1.53388e+07
cost = 1.53388e+07
cost = 1.53387e+07
cost = 1.53387e+07
cost = 1.53386e+07
cost = 1.53385e+07
cost = 1.53384e+07
cost = 1.53382e+07
cost = 1.53379e+07
cost = 1.53375e+07
cost = 1.53373e+07
cost = 1.5337e+07
cost = 1.53366e+07
cost = 1.53363e+07
cost = 1.5336e+07
cost = 1.53355e+07
cost = 1.53352e+07
cost = 1.53348e+07
cost = 1.53344e+07
cost = 1.5334e+07
cost = 1.53336e+07
cost = 1.53331e+07
cost = 2.99136e+07
cost = 1.53328e+07
cost = 1.67382e+07
cost = 1.544e+07
cost = 1.53386e+07
cost = 1.53328e+07
cost = 3.39258e+10
cost = 1.3468e+09
cost = 4.69041e+07
cost = 1.65389e+07
cost = 1.54008e+07
cost = 1.53355e+07
cost = 1.53325e+07
cost = 1.53328e+07
cost = 1.53325e+07
cost = 1.53323e+07
cost = 1.53321e+07
cost = 1.53318e+07
cost = 1.53317e+07
cost = 1.53348e+07
cost = 1.53322e+07
cost = 1.53317e+07
cost = 1.53316e+07
cost = 1.53319e+07
cost = 1.53314e+07
cost = 1.53311e+07
cost = 1.5331e+07
cost = 1.53308e+07
cost = 1.53307e+07
cost = 1.53305e+07
cost = 1.53303e+07
cost = 1.53302e+07
cost = 1.53302e+07
cost = 1.53301e+07
cost = 1.53766e+07
cost = 1.53347e+07
cost = 1.53306e+07
cost = 1.53301e+07
cost = 1.53301e+07
cost = 1.533e+07
cost = 1.53299e+07
cost = 1.53298e+07
cost = 1.53298e+07
cost = 1.53297e+07
cost = 1.53296e+07
cost = 1.53295e+07
cost = 1.53294e+07
cost = 1.53294e+07
cost = 1.53293e+07
cost = 1.53292e+07
cost = 1.53292e+07
cost = 1.5329e+07
cost = 1.53289e+07
cost = 1.5329e+07
cost = 1.53289e+07
cost = 1.53287e+07
cost = 1.53286e+07
cost = 1.53285e+07
cost = 1.53284e+07
cost = 1.53284e+07
cost = 1.53283e+07
cost = 1.53281e+07
cost = 1.53279e+07
cost = 1.53278e+07
cost = 1.53278e+07
cost = 1.53278e+07
cost = 1.53276e+07
cost = 1.53275e+07
cost = 1.53274e+07
cost = 1.53273e+07
cost = 1.53272e+07
cost = 1.5327e+07
cost = 1.53269e+07
cost = 1.53267e+07
cost = 1.53265e+07
cost = 1.53262e+07
cost = 1.62635e+07
cost = 1.53721e+07
cost = 1.53265e+07
cost = 1.53261e+07
cost = 1.53261e+07
cost = 1.53257e+07
cost = 1.53645e+07
cost = 1.53281e+07
cost = 1.53257e+07
cost = 1.53257e+07
cost = 1.53254e+07
cost = 1.53253e+07
cost = 1.53252e+07
cost = 1.53251e+07
cost = 1.53249e+07
cost = 1.53247e+07
cost = 1.53245e+07
cost = 1.53246e+07
cost = 1.53244e+07
cost = 1.53253e+07
cost = 1.53244e+07
cost = 1.53243e+07
cost = 1.53242e+07
cost = 1.53241e+07
cost = 1.5324e+07
cost = 1.53239e+07
cost = 1.53237e+07
cost = 1.53236e+07
cost = 1.53235e+07
cost = 1.53233e+07
cost = 1.53232e+07
cost = 1.5323e+07
cost = 1.53228e+07
cost = 1.53227e+07
cost = 1.53225e+07
cost = 1.53224e+07
cost = 1.53222e+07
cost = 1.53221e+07
cost = 1.5322e+07
cost = 1.53218e+07
cost = 1.53217e+07
cost = 1.53216e+07
cost = 1.53214e+07
cost = 1.53214e+07
cost = 1.53213e+07
cost = 1.53211e+07
cost = 1.53209e+07
cost = 1.53207e+07
cost = 1.53205e+07
cost = 1.53205e+07
cost = 1.53204e+07
cost = 1.53202e+07
cost = 1.53202e+07
cost = 1.53198e+07
cost = 1.53197e+07
cost = 1.53197e+07
cost = 1.53196e+07
cost = 1.53194e+07
cost = 1.53193e+07
cost = 1.53192e+07
cost = 1.53191e+07
cost = 1.53191e+07
cost = 1.5319e+07
cost = 1.53189e+07
cost = 1.53188e+07
cost = 1.53188e+07
cost = 1.53187e+07
cost = 1.53187e+07
cost = 1.53186e+07
cost = 1.53185e+07
cost = 1.53184e+07
cost = 1.53184e+07
cost = 1.53183e+07
cost = 1.53182e+07
cost = 1.53183e+07
cost = 1.53182e+07
cost = 1.5318e+07
cost = 1.53179e+07
cost = 1.53184e+07
cost = 1.5318e+07
cost = 1.53179e+07
cost = 1.53178e+07
cost = 1.53177e+07
cost = 1.53176e+07
cost = 1.53177e+07
cost = 1.53176e+07
cost = 1.53175e+07
cost = 1.53174e+07
cost = 1.53172e+07
cost = 1.53171e+07
cost = 1.5317e+07
cost = 1.53173e+07
cost = 1.53168e+07
cost = 1.5322e+07
cost = 1.53172e+07
cost = 1.53168e+07
cost = 1.53168e+07
cost = 1.53167e+07
cost = 1.53166e+07
cost = 1.53165e+07
cost = 1.53164e+07
cost = 1.53163e+07
cost = 1.53161e+07
cost = 1.53161e+07
cost = 1.5316e+07
cost = 1.5316e+07
cost = 1.53159e+07
cost = 1.53158e+07
cost = 1.53156e+07
cost = 1.53155e+07
cost = 1.53154e+07
cost = 1.53153e+07
cost = 1.53152e+07
cost = 1.53151e+07
cost = 1.53151e+07
cost = 1.5315e+07
cost = 1.5315e+07
cost = 1.5315e+07
cost = 1.53149e+07
cost = 1.53148e+07
cost = 1.53148e+07
cost = 1.53147e+07
cost = 1.53147e+07
cost = 1.53146e+07
cost = 1.53147e+07
cost = 1.53146e+07
cost = 1.53145e+07
cost = 1.53145e+07
cost = 1.53144e+07
cost = 1.53143e+07
cost = 1.53141e+07
cost = 1.53785e+07
cost = 1.53156e+07
cost = 1.5314e+07
cost = 1.78306e+07
cost = 1.55326e+07
cost = 1.53333e+07
cost = 1.5316e+07
cost = 1.53142e+07
cost = 1.53141e+07
cost = 1.5314e+07
cost = 1.53228e+07
cost = 1.53151e+07
cost = 1.53139e+07
cost = 1.53137e+07
cost = 1.53136e+07
cost = 1.53136e+07
cost = 1.53144e+07
cost = 1.53136e+07
cost = 1.53135e+07
cost = 1.53134e+07
cost = 1.53133e+07
cost = 1.53133e+07
cost = 1.53131e+07
cost = 1.5313e+07
cost = 1.53129e+07
cost = 1.53128e+07
cost = 1.53127e+07
cost = 1.53126e+07
cost = 1.53125e+07
cost = 1.53123e+07
cost = 1.53122e+07
cost = 1.53121e+07
cost = 1.5312e+07
cost = 1.53119e+07
cost = 1.53117e+07
cost = 1.53117e+07
cost = 1.53116e+07
cost = 1.53115e+07
cost = 1.53114e+07
cost = 1.53114e+07
cost = 1.53113e+07
cost = 1.53111e+07
cost = 1.5311e+07
cost = 1.53108e+07
cost = 1.5744e+07
cost = 1.53117e+07
cost = 1.53109e+07
cost = 1.53108e+07
cost = 2.75997e+07
cost = 1.57015e+07
cost = 1.53109e+07
cost = 1.53106e+07
cost = 1.56079e+07
cost = 1.53183e+07
cost = 1.53105e+07
cost = 1.57523e+07
cost = 1.5357e+07
cost = 1.53148e+07
cost = 1.53107e+07
cost = 1.53104e+07
cost = 1.53154e+07
cost = 1.53111e+07
cost = 1.53103e+07
cost = 1.531e+07
cost = 1.53099e+07
cost = 1.53097e+07
cost = 1.53095e+07
cost = 1.53094e+07
cost = 1.53091e+07
cost = 1.5309e+07
cost = 1.53089e+07
cost = 1.53085e+07
cost = 1.53083e+07
cost = 1.5308e+07
cost = 1.53075e+07
cost = 1.5307e+07
cost = 1.53066e+07
cost = 1.5306e+07
cost = 1.53054e+07
cost = 1.53045e+07
cost = 1.53051e+07
cost = 1.53043e+07
cost = 1.53038e+07
cost = 1.53036e+07
cost = 1.53033e+07
cost = 1.53051e+07
cost = 1.5303e+07
cost = 1.53026e+07
cost = 1.53023e+07
cost = 1.5302e+07
cost = 1.53014e+07
cost = 1.53009e+07
cost = 1.53006e+07
cost = 1.53027e+07
cost = 1.53005e+07
cost = 1.53019e+07
cost = 1.53003e+07
cost = 1.52999e+07
cost = 1.53208e+07
cost = 1.53027e+07
cost = 1.53001e+07
cost = 1.52998e+07
cost = 1.52994e+07
cost = 1.5299e+07
cost = 1.52984e+07
cost = 1.5298e+07
cost = 1.52981e+07
cost = 1.52978e+07
cost = 1.52974e+07
cost = 1.52972e+07
cost = 1.52974e+07
cost = 1.5297e+07
cost = 1.52968e+07
cost = 1.52965e+07
cost = 1.52962e+07
cost = 1.52957e+07
cost = 1.52957e+07
cost = 1.52953e+07
cost = 1.52952e+07
cost = 1.52951e+07
cost = 1.5295e+07
cost = 1.5295e+07
cost = 1.52949e+07
cost = 1.52947e+07
cost = 1.52946e+07
cost = 1.52945e+07
cost = 1.52941e+07
cost = 1.52939e+07
cost = 1.52937e+07
cost = 1.52935e+07
cost = 1.52934e+07
cost = 1.52932e+07
cost = 1.52932e+07
cost = 1.5293e+07
cost = 1.52929e+07
cost = 1.52929e+07
cost = 1.52928e+07
cost = 1.52928e+07
cost = 1.52928e+07
cost = 1.52927e+07
cost = 1.52927e+07
cost = 1.52927e+07
cost = 1.52927e+07
cost = 1.52927e+07
cost = 1.52927e+07
cost = 1.52926e+07
cost = 1.52926e+07
cost = 1.52926e+07
cost = 1.52926e+07
cost = 1.52925e+07
cost = 1.52925e+07
cost = 1.52925e+07
cost = 1.52925e+07
cost = 1.52924e+07
cost = 1.52924e+07
cost = 1.52924e+07
cost = 1.52924e+07
cost = 1.52923e+07
cost = 1.52923e+07
cost = 1.52922e+07
cost = 1.52921e+07
cost = 1.52919e+07
cost = 1.52918e+07
cost = 1.52916e+07
cost = 1.52914e+07
cost = 1.52913e+07
cost = 1.52916e+07
cost = 1.52912e+07
cost = 1.52909e+07
cost = 1.52908e+07
cost = 1.52906e+07
cost = 1.52931e+07
cost = 1.5291e+07
cost = 1.52906e+07
cost = 1.52906e+07
cost = 1.52904e+07
cost = 1.53173e+07
cost = 1.52905e+07
cost = 1.52904e+07
cost = 1.57651e+07
cost = 1.53044e+07
cost = 1.52903e+07
cost = 1.79778e+07
cost = 1.53087e+07
cost = 1.52905e+07
cost = 1.52903e+07
cost = 1.52901e+07
cost = 1.52899e+07
cost = 1.54017e+07
cost = 1.529e+07
cost = 1.52898e+07
cost = 1.75001e+07
cost = 1.54231e+07
cost = 1.52946e+07
cost = 1.52897e+07
cost = 1.52896e+07
cost = 1.52896e+07
cost = 1.52895e+07
cost = 1.52893e+07
cost = 1.52896e+07
cost = 1.52892e+07
cost = 1.52892e+07
cost = 1.52891e+07
cost = 1.5289e+07
cost = 1.5289e+07
cost = 1.52889e+07
cost = 1.52889e+07
cost = 1.52888e+07
cost = 1.52888e+07
cost = 1.52887e+07
cost = 1.52887e+07
cost = 1.52887e+07
cost = 1.52887e+07
cost = 1.52887e+07
cost = 1.52886e+07
cost = 1.52886e+07
cost = 1.52886e+07
cost = 1.52888e+07
cost = 1.52886e+07
cost = 1.52886e+07
cost = 1.52885e+07
cost = 1.52886e+07
cost = 1.52885e+07
cost = 1.52885e+07
cost = 1.52885e+07
cost = 1.52885e+07
cost = 1.52884e+07
cost = 1.52884e+07
cost = 1.52883e+07
cost = 1.52887e+07
cost = 1.52884e+07
cost = 1.52883e+07
cost = 1.52882e+07
cost = 1.52881e+07
cost = 1.5288e+07
cost = 1.52878e+07
cost = 1.52874e+07
cost = 3.99735e+07
cost = 1.68703e+07
cost = 1.53499e+07
cost = 1.5288e+07
cost = 1.52873e+07
cost = 1.5751e+07
cost = 1.53182e+07
cost = 1.52889e+07
cost = 1.52873e+07
cost = 9.86289e+08
cost = 2.17451e+07
cost = 1.52947e+07
cost = 1.52874e+07
cost = 1.52871e+07
cost = 1.5287e+07
cost = 1.52869e+07
cost = 1.52868e+07
cost = 1.52868e+07
cost = 1.52867e+07
cost = 1.52866e+07
cost = 1.52866e+07
cost = 1.52865e+07
cost = 1.52865e+07
cost = 1.52864e+07
cost = 1.52863e+07
cost = 1.52862e+07
cost = 1.5287e+07
cost = 1.52861e+07
cost = 1.52861e+07
cost = 1.52862e+07
cost = 1.52861e+07
cost = 1.5286e+07
cost = 1.52859e+07
cost = 1.52859e+07
cost = 1.52858e+07
cost = 1.52857e+07
cost = 1.52856e+07
cost = 1.52855e+07
cost = 1.52854e+07
cost = 1.52853e+07
cost = 1.52852e+07
cost = 1.5285e+07
cost = 1.52851e+07
cost = 1.5285e+07
cost = 1.52914e+07
cost = 1.52853e+07
cost = 1.52849e+07
cost = 1.52867e+07
cost = 1.52851e+07
cost = 1.52849e+07
cost = 1.52848e+07
cost = 1.52847e+07
cost = 1.52846e+07
cost = 1.52845e+07
cost = 1.52845e+07
cost = 1.52845e+07
cost = 1.52844e+07
cost = 1.52844e+07
cost = 1.52843e+07
cost = 1.52843e+07
cost = 1.52842e+07
cost = 1.52842e+07
cost = 1.52841e+07
cost = 1.5284e+07
cost = 1.5284e+07
cost = 1.52839e+07
cost = 1.52839e+07
cost = 1.52839e+07
cost = 1.52838e+07
cost = 1.52838e+07
cost = 1.52837e+07
cost = 1.52837e+07
cost = 1.52836e+07
cost = 1.52845e+07
cost = 1.52836e+07
cost = 1.52836e+07
cost = 1.52834e+07
cost = 1.52833e+07
cost = 1.52833e+07
cost = 1.52832e+07
cost = 1.52858e+07
cost = 1.52836e+07
cost = 1.52832e+07
cost = 1.5283e+07
cost = 1.52828e+07
cost = 1.52826e+07
cost = 1.52822e+07
cost = 1.52822e+07
cost = 1.52818e+07
cost = 1.52816e+07
cost = 1.52843e+07
cost = 1.52815e+07
cost = 1.52875e+07
cost = 1.52818e+07
cost = 1.52814e+07
cost = 1.53005e+07
cost = 1.52836e+07
cost = 1.52818e+07
cost = 1.52814e+07
cost = 1.52814e+07
cost = 1.52812e+07
cost = 1.5281e+07
cost = 1.52807e+07
cost = 1.52804e+07
cost = 1.52801e+07
cost = 1.52799e+07
cost = 1.52797e+07
cost = 1.52795e+07
cost = 1.52795e+07
cost = 1.52792e+07
cost = 1.5464e+07
cost = 1.52799e+07
cost = 1.5279e+07
cost = 2.25321e+07
cost = 1.57855e+07
cost = 1.53038e+07
cost = 1.52796e+07
cost = 1.52789e+07
cost = 1.56471e+07
cost = 1.53099e+07
cost = 1.5282e+07
cost = 1.52792e+07
cost = 1.52789e+07
cost = 1.52799e+07
cost = 1.52787e+07
cost = 1.52786e+07
cost = 1.52785e+07
cost = 1.52784e+07
cost = 1.52783e+07
cost = 1.52782e+07
cost = 1.52781e+07
cost = 1.5278e+07
cost = 1.52781e+07
cost = 1.5278e+07
cost = 1.52779e+07
cost = 1.52778e+07
cost = 1.52777e+07
cost = 1.52775e+07
cost = 1.52774e+07
cost = 1.52772e+07
cost = 1.5277e+07
cost = 1.52768e+07
cost = 1.52768e+07
cost = 1.52767e+07
cost = 1.52765e+07
cost = 1.52763e+07
cost = 1.5276e+07
cost = 1.52757e+07
cost = 1.52755e+07
cost = 2.9049e+07
cost = 1.59122e+07
cost = 1.52837e+07
cost = 1.52754e+07
cost = 2.05028e+07
cost = 1.56867e+07
cost = 1.53031e+07
cost = 1.52767e+07
cost = 1.52754e+07
cost = 1.53424e+07
cost = 1.5283e+07
cost = 1.52761e+07
cost = 1.52752e+07
cost = 1.52749e+07
cost = 1.52748e+07
cost = 1.52746e+07
cost = 1.52745e+07
cost = 1.52743e+07
cost = 1.52743e+07
cost = 1.52744e+07
cost = 1.52741e+07
cost = 1.5274e+07
cost = 1.52739e+07
cost = 1.52738e+07
cost = 1.52737e+07
cost = 1.52736e+07
cost = 1.52735e+07
cost = 1.52734e+07
cost = 1.52733e+07
cost = 1.52732e+07
cost = 1.52732e+07
cost = 1.52731e+07
cost = 1.52729e+07
cost = 1.52729e+07
cost = 1.52729e+07
cost = 1.52728e+07
cost = 1.52727e+07
cost = 1.52726e+07
cost = 1.52727e+07
cost = 1.52726e+07
cost = 1.52735e+07
cost = 1.52727e+07
cost = 1.52726e+07
cost = 1.52769e+07
cost = 1.52726e+07
cost = 1.52725e+07
cost = 1.52724e+07
cost = 1.52724e+07
cost = 1.5273e+07
cost = 1.52724e+07
cost = 1.52723e+07
cost = 1.52723e+07
cost = 1.52722e+07
cost = 1.52721e+07
cost = 1.52721e+07
cost = 1.5272e+07
cost = 1.52719e+07
cost = 1.52719e+07
cost = 1.52719e+07
cost = 1.52718e+07
cost = 1.52718e+07
cost = 1.52717e+07
cost = 1.52716e+07
cost = 1.52716e+07
cost = 1.52715e+07
cost = 1.52714e+07
cost = 1.52713e+07
cost = 1.52712e+07
cost = 1.52711e+07
cost = 1.5271e+07
cost = 1.52708e+07
cost = 1.52707e+07
cost = 1.52704e+07
cost = 1.52701e+07
cost = 1.5271e+07
cost = 1.52701e+07
cost = 1.52697e+07
cost = 1.52696e+07
cost = 1.52693e+07
cost = 1.52693e+07
cost = 1.52691e+07
cost = 1.52688e+07
cost = 1.66703e+07
cost = 1.52686e+07
cost = 4.58347e+07
cost = 1.64211e+07
cost = 1.52745e+07
cost = 1.52685e+07
cost = 1.85069e+08
cost = 2.80555e+07
cost = 1.61017e+07
cost = 1.53011e+07
cost = 1.52689e+07
cost = 1.52685e+07
cost = 1.52685e+07
cost = 1.52683e+07
cost = 1.5268e+07
cost = 1.52679e+07
cost = 1.52677e+07
cost = 1.52675e+07
cost = 1.52674e+07
cost = 1.52672e+07
cost = 1.52718e+07
cost = 1.52675e+07
cost = 1.52671e+07
cost = 1.52677e+07
cost = 1.52672e+07
cost = 1.52671e+07
cost = 1.52669e+07
cost = 1.52669e+07
cost = 1.52668e+07
cost = 1.52667e+07
cost = 1.52666e+07
cost = 1.52666e+07
cost = 1.52667e+07
cost = 1.52666e+07
cost = 1.52664e+07
cost = 1.52663e+07
cost = 1.52662e+07
cost = 1.52661e+07
cost = 1.52661e+07
cost = 1.5266e+07
cost = 1.52659e+07
cost = 1.52658e+07
cost = 1.52657e+07
cost = 1.52655e+07
cost = 1.52654e+07
cost = 1.52653e+07
cost = 1.52653e+07
cost = 1.5268e+07
cost = 1.52657e+07
cost = 1.52653e+07
cost = 1.52652e+07
cost = 1.52651e+07
cost = 1.5265e+07
cost = 1.52648e+07
cost = 1.52646e+07
cost = 1.52682e+07
cost = 1.52648e+07
cost = 1.52646e+07
cost = 3.65464e+08
cost = 1.92591e+07
cost = 1.53485e+07
cost = 1.52675e+07
cost = 1.52644e+07
cost = 1.52644e+07
cost = 1.52642e+07
cost = 1.5264e+07
cost = 1.52644e+07
cost = 1.5264e+07
cost = 1.52641e+07
cost = 1.52639e+07
cost = 1.52638e+07
cost = 1.52637e+07
cost = 1.52636e+07
cost = 1.52635e+07
cost = 1.52705e+07
cost = 1.52638e+07
cost = 1.52635e+07
cost = 1.52638e+07
cost = 1.52634e+07
cost = 1.52633e+07
cost = 1.52632e+07
cost = 1.52631e+07
cost = 1.5263e+07
cost = 1.52629e+07
cost = 1.52628e+07
cost = 1.52627e+07
cost = 1.52626e+07
cost = 1.52625e+07
cost = 1.52625e+07
cost = 1.52625e+07
cost = 1.52624e+07
cost = 1.52624e+07
cost = 1.52624e+07
cost = 1.52624e+07
cost = 1.52623e+07
cost = 1.52623e+07
cost = 1.52622e+07
cost = 1.52622e+07
cost = 1.52622e+07
cost = 1.52621e+07
cost = 1.52622e+07
cost = 1.52621e+07
cost = 1.52621e+07
cost = 1.5262e+07
cost = 1.5262e+07
cost = 1.52619e+07
cost = 1.52619e+07
cost = 1.52619e+07
cost = 1.52618e+07
cost = 1.52618e+07
cost = 1.52618e+07
cost = 1.52618e+07
cost = 1.52617e+07
cost = 1.52617e+07
cost = 1.52616e+07
cost = 1.52615e+07
cost = 1.52614e+07
cost = 1.52612e+07
cost = 1.52611e+07
cost = 1.5261e+07
cost = 1.52609e+07
cost = 1.52608e+07
cost = 1.52608e+07
cost = 1.52609e+07
cost = 1.52607e+07
cost = 1.52608e+07
cost = 1.52607e+07
cost = 1.52606e+07
cost = 1.52606e+07
cost = 1.52605e+07
cost = 1.52604e+07
cost = 1.52604e+07
cost = 1.52626e+07
cost = 1.52605e+07
cost = 1.52603e+07
cost = 1.52601e+07
cost = 1.526e+07
cost = 1.526e+07
cost = 1.52599e+07
cost = 1.52599e+07
cost = 1.52598e+07
cost = 1.52598e+07
cost = 1.52597e+07
cost = 1.52597e+07
cost = 1.52597e+07
cost = 1.52596e+07
cost = 1.52596e+07
cost = 1.52595e+07
cost = 1.52595e+07
cost = 1.52594e+07
cost = 1.52593e+07
cost = 1.52593e+07
cost = 1.52593e+07
cost = 1.52592e+07
cost = 1.52592e+07
cost = 1.52592e+07
cost = 1.52591e+07
cost = 1.52591e+07
cost = 1.5259e+07
cost = 1.52589e+07
cost = 1.52588e+07
cost = 1.52586e+07
cost = 1.52584e+07
cost = 1.52583e+07
cost = 1.52581e+07
cost = 1.52579e+07
cost = 1.52579e+07
cost = 1.52576e+07
cost = 1.52574e+07
cost = 1.52572e+07
cost = 1.52571e+07
cost = 1.52575e+07
cost = 1.52569e+07
cost = 1.52568e+07
cost = 1.52566e+07
cost = 1.53e+07
cost = 1.52656e+07
cost = 1.52586e+07
cost = 1.52571e+07
cost = 1.52567e+07
cost = 1.52566e+07
cost = 1.52566e+07
cost = 1.52566e+07
cost = 1.52564e+07
cost = 1.52563e+07
cost = 1.52562e+07
cost = 1.52561e+07
cost = 1.53527e+07
cost = 1.52573e+07
cost = 1.52561e+07
cost = 1.5256e+07
cost = 1.52561e+07
cost = 1.5256e+07
cost = 3.28848e+07
cost = 1.5257e+07
cost = 1.5256e+07
cost = 1.52559e+07
cost = 1.52558e+07
cost = 1.52775e+07
cost = 1.52579e+07
cost = 1.5256e+07
cost = 1.52558e+07
cost = 1.52558e+07
cost = 1.52556e+07
cost = 1.52556e+07
cost = 1.52555e+07
cost = 1.52554e+07
cost = 1.52553e+07
cost = 1.52552e+07
cost = 1.52551e+07
cost = 1.5255e+07
cost = 1.52549e+07
cost = 1.5255e+07
cost = 1.52548e+07
cost = 1.52556e+07
cost = 1.52547e+07
cost = 2.11937e+07
cost = 1.52863e+07
cost = 1.52572e+07
cost = 1.52547e+07
cost = 1.52546e+07
cost = 1.52543e+07
cost = 1.52541e+07
cost = 1.52539e+07
cost = 1.52537e+07
cost = 1.52536e+07
cost = 1.52534e+07
cost = 1.52533e+07
cost = 1.52532e+07
cost = 1.52532e+07
cost = 1.52532e+07
cost = 1.52531e+07
cost = 1.5253e+07
cost = 1.5253e+07
cost = 1.52528e+07
cost = 1.52528e+07
cost = 1.52527e+07
cost = 1.53605e+07
cost = 1.52651e+07
cost = 1.5254e+07
cost = 1.52528e+07
cost = 1.52527e+07
cost = 1.52527e+07
cost = 1.52527e+07
cost = 1.52526e+07
cost = 1.52526e+07
cost = 1.52525e+07
cost = 1.52525e+07
cost = 1.52524e+07
cost = 1.52524e+07
cost = 1.52523e+07
cost = 1.52523e+07
cost = 1.52523e+07
cost = 1.52523e+07
cost = 1.52523e+07
cost = 1.52522e+07
cost = 1.52522e+07
cost = 1.52522e+07
cost = 1.52521e+07
cost = 1.52521e+07
cost = 1.52521e+07
cost = 1.52522e+07
cost = 1.5252e+07
cost = 1.52519e+07
cost = 1.52519e+07
cost = 1.52518e+07
cost = 1.52517e+07
cost = 1.52516e+07
cost = 1.52515e+07
cost = 1.52515e+07
cost = 1.52514e+07
cost = 1.52514e+07
cost = 1.52513e+07
cost = 1.52512e+07
cost = 1.52511e+07
cost = 1.5251e+07
cost = 1.52512e+07
cost = 1.5251e+07
cost = 1.52509e+07
cost = 1.52509e+07
cost = 1.52508e+07
cost = 1.52508e+07
cost = 1.52507e+07
cost = 1.52507e+07
cost = 1.52507e+07
cost = 1.52506e+07
cost = 1.52506e+07
cost = 1.52505e+07
cost = 1.52504e+07
cost = 1.52503e+07
cost = 1.52502e+07
cost = 1.52502e+07
cost = 1.52501e+07
cost = 1.525e+07
cost = 1.525e+07
cost = 1.52499e+07
cost = 1.52498e+07
cost = 1.52497e+07
cost = 1.52496e+07
cost = 1.5269e+07
cost = 1.52497e+07
cost = 1.52495e+07
cost = 1.52577e+07
cost = 1.525e+07
cost = 1.52495e+07
cost = 1.52495e+07
cost = 1.52494e+07
cost = 1.52494e+07
cost = 1.52494e+07
cost = 1.52493e+07
cost = 1.52493e+07
cost = 1.52493e+07
cost = 1.52492e+07
cost = 1.52492e+07
cost = 1.52491e+07
cost = 1.52491e+07
cost = 1.52491e+07
cost = 1.5249e+07
cost = 1.52489e+07
cost = 1.52489e+07
cost = 1.52489e+07
cost = 1.52489e+07
cost = 1.52488e+07
cost = 1.52487e+07
cost = 1.52487e+07
cost = 1.52486e+07
cost = 1.52486e+07
cost = 1.52485e+07
cost = 1.52484e+07
cost = 1.52484e+07
cost = 1.52483e+07
cost = 1.52486e+07
cost = 1.52483e+07
cost = 1.52483e+07
cost = 1.52483e+07
cost = 1.52482e+07
cost = 1.52481e+07
cost = 1.5248e+07
cost = 1.52479e+07
cost = 1.52479e+07
cost = 1.52478e+07
cost = 1.52477e+07
cost = 1.52477e+07
cost = 1.52476e+07
cost = 1.52475e+07
cost = 1.52475e+07
cost = 1.52474e+07
cost = 1.52473e+07
cost = 1.52473e+07
cost = 1.52472e+07
cost = 1.52472e+07
cost = 1.52473e+07
cost = 1.52472e+07
cost = 1.52471e+07
cost = 1.52475e+07
cost = 1.52471e+07
cost = 1.52487e+07
cost = 1.52472e+07
cost = 1.5247e+07
cost = 1.52471e+07
cost = 1.5247e+07
cost = 1.52469e+07
cost = 1.52468e+07
cost = 1.52468e+07
cost = 1.52467e+07
cost = 1.52466e+07
cost = 1.52464e+07
cost = 1.52463e+07
cost = 1.52461e+07
cost = 1.5246e+07
cost = 1.52459e+07
cost = 1.52458e+07
cost = 1.52459e+07
cost = 1.52458e+07
cost = 1.52456e+07
cost = 1.52455e+07
cost = 1.52454e+07
cost = 1.52452e+07
cost = 1.52451e+07
cost = 1.5245e+07
cost = 1.52447e+07
cost = 1.52445e+07
cost = 1.52441e+07
cost = 1.52438e+07
cost = 1.52435e+07
cost = 1.52433e+07
cost = 1.52439e+07
cost = 1.52433e+07
cost = 1.52432e+07
cost = 1.5243e+07
cost = 1.5244e+07
cost = 1.52431e+07
cost = 1.52429e+07
cost = 1.52429e+07
cost = 1.52427e+07
cost = 1.52663e+07
cost = 1.5244e+07
cost = 1.52428e+07
cost = 1.52427e+07
cost = 1.52426e+07
cost = 1.52425e+07
cost = 1.52424e+07
cost = 1.52423e+07
cost = 1.52422e+07
cost = 1.52421e+07
cost = 1.52421e+07
cost = 1.52425e+07
cost = 1.52421e+07
cost = 1.52421e+07
cost = 1.5242e+07
cost = 1.5242e+07
cost = 1.5242e+07
cost = 1.52419e+07
cost = 1.52419e+07
cost = 1.52419e+07
cost = 1.52419e+07
cost = 1.52419e+07
cost = 1.52418e+07
cost = 1.52418e+07
cost = 1.52418e+07
cost = 1.52418e+07
cost = 1.52418e+07
cost = 1.52418e+07
cost = 1.52418e+07
cost = 1.52417e+07
cost = 1.52418e+07
cost = 1.52417e+07
cost = 1.52418e+07
cost = 1.52417e+07
cost = 1.52417e+07
cost = 1.52416e+07
cost = 1.52416e+07
cost = 1.52416e+07
cost = 1.52416e+07
cost = 1.52416e+07
cost = 1.52415e+07
cost = 1.52415e+07
cost = 1.52414e+07
cost = 1.52414e+07
cost = 1.52413e+07
cost = 1.52413e+07
cost = 1.52412e+07
cost = 1.52412e+07
cost = 1.52412e+07
cost = 1.52412e+07
cost = 1.52411e+07
cost = 1.52411e+07
cost = 1.52411e+07
cost = 1.5241e+07
cost = 1.5241e+07
cost = 1.52409e+07
cost = 1.52408e+07
cost = 1.52407e+07
cost = 1.52407e+07
cost = 1.52406e+07
cost = 1.52406e+07
cost = 1.52405e+07
cost = 1.52404e+07
cost = 1.52402e+07
cost = 1.52401e+07
cost = 1.524e+07
cost = 1.52398e+07
cost = 1.52397e+07
cost = 1.52394e+07
cost = 1.52481e+07
cost = 1.52392e+07
cost = 1.55254e+07
cost = 1.52609e+07
cost = 1.52404e+07
cost = 1.52392e+07
cost = 1.52392e+07
cost = 1.52388e+07
cost = 1.52387e+07
cost = 1.52385e+07
cost = 1.52383e+07
cost = 1.52381e+07
cost = 1.52379e+07
cost = 1.52378e+07
cost = 1.52376e+07
cost = 1.52375e+07
cost = 1.52374e+07
cost = 1.52372e+07
cost = 1.52369e+07
cost = 1.52371e+07
cost = 1.52369e+07
cost = 1.52367e+07
cost = 1.52367e+07
cost = 1.52366e+07
cost = 1.52364e+07
cost = 1.52364e+07
cost = 1.52363e+07
cost = 1.52362e+07
cost = 1.52361e+07
cost = 1.52359e+07
cost = 1.52358e+07
cost = 1.52357e+07
cost = 1.52355e+07
cost = 1.52353e+07
cost = 1.52351e+07
cost = 1.5235e+07
cost = 1.52348e+07
cost = 1.52347e+07
cost = 1.52346e+07
cost = 1.52344e+07
cost = 1.52342e+07
cost = 1.52341e+07
cost = 1.52339e+07
cost = 1.52337e+07
cost = 1.52337e+07
cost = 1.52336e+07
cost = 1.52334e+07
cost = 1.52333e+07
cost = 1.52331e+07
cost = 1.52333e+07
cost = 1.5233e+07
cost = 1.52329e+07
cost = 1.52328e+07
cost = 1.52327e+07
cost = 1.52328e+07
cost = 1.52327e+07
cost = 1.52327e+07
cost = 1.52326e+07
cost = 1.52325e+07
cost = 1.52325e+07
cost = 1.52324e+07
cost = 1.52324e+07
cost = 1.52323e+07
cost = 1.52322e+07
cost = 1.52321e+07
cost = 1.5232e+07
cost = 1.52319e+07
cost = 1.52318e+07
cost = 1.52317e+07
cost = 1.52316e+07
cost = 1.52315e+07
cost = 1.5232e+07
cost = 1.52315e+07
cost = 1.52315e+07
cost = 1.52314e+07
cost = 1.52313e+07
cost = 1.52311e+07
cost = 1.52311e+07
cost = 1.5231e+07
cost = 1.52309e+07
cost = 1.52308e+07
cost = 1.52307e+07
cost = 1.52307e+07
cost = 1.52307e+07
cost = 1.52307e+07
cost = 1.52306e+07
cost = 1.52306e+07
cost = 1.52305e+07
cost = 1.52305e+07
cost = 1.52305e+07
cost = 1.52304e+07
cost = 1.52304e+07
cost = 1.52304e+07
cost = 1.52303e+07
cost = 1.52303e+07
cost = 1.52303e+07
cost = 1.52303e+07
cost = 1.52302e+07
cost = 1.52302e+07
cost = 1.52301e+07
cost = 1.52301e+07
cost = 1.52301e+07
cost = 1.523e+07
cost = 1.523e+07
cost = 1.52299e+07
cost = 1.52299e+07
cost = 1.52299e+07
cost = 1.52298e+07
cost = 1.52298e+07
cost = 1.52297e+07
cost = 1.52296e+07
cost = 1.52295e+07
cost = 1.52295e+07
cost = 1.52294e+07
cost = 1.52293e+07
cost = 1.52292e+07
cost = 1.52291e+07
cost = 1.52289e+07
cost = 1.52287e+07
cost = 1.52285e+07
cost = 1.52283e+07
cost = 1.52282e+07
cost = 1.5228e+07
cost = 1.52279e+07
cost = 1.52278e+07
cost = 1.52278e+07
cost = 1.52278e+07
cost = 1.52277e+07
cost = 1.52277e+07
cost = 1.52276e+07
cost = 1.52276e+07
cost = 1.52275e+07
cost = 1.52275e+07
cost = 1.52274e+07
cost = 1.52274e+07
cost = 1.52273e+07
cost = 1.52273e+07
cost = 1.52272e+07
cost = 1.52272e+07
cost = 1.52272e+07
cost = 1.52272e+07
cost = 1.52272e+07
cost = 1.52271e+07
cost = 1.52271e+07
cost = 1.5227e+07
cost = 1.5227e+07
cost = 1.5227e+07
cost = 1.52269e+07
cost = 1.52269e+07
cost = 1.52268e+07
cost = 1.52267e+07
cost = 1.52266e+07
cost = 1.52265e+07
cost = 1.52264e+07
cost = 1.52263e+07
cost = 1.52261e+07
cost = 1.52275e+07
cost = 1.5226e+07
cost = 1.66866e+07
cost = 1.52858e+07
cost = 1.52266e+07
cost = 1.52259e+07
cost = 1.52259e+07
cost = 1.07736e+10
cost = 2.46002e+07
cost = 1.52307e+07
cost = 1.52263e+07
cost = 1.52257e+07
cost = 1.52255e+07
cost = 1.52253e+07
cost = 1.52252e+07
cost = 1.52252e+07
cost = 1.52251e+07
cost = 1.5225e+07
cost = 1.52251e+07
cost = 1.5225e+07
cost = 1.52249e+07
cost = 1.52248e+07
cost = 1.52248e+07
cost = 1.52247e+07
cost = 1.52246e+07
cost = 1.52246e+07
cost = 1.52246e+07
cost = 1.52245e+07
cost = 1.52245e+07
cost = 1.54808e+07
cost = 1.52409e+07
cost = 1.52252e+07
cost = 1.52245e+07
cost = 1.52246e+07
cost = 1.52245e+07
cost = 1.52245e+07
cost = 1.52245e+07
cost = 1.52245e+07
cost = 1.52244e+07
cost = 1.52244e+07
cost = 1.52244e+07
cost = 1.52244e+07
cost = 1.52245e+07
cost = 1.52244e+07
cost = 1.52244e+07
cost = 1.52244e+07
cost = 1.52243e+07
cost = 1.52243e+07
cost = 1.52243e+07
cost = 1.52243e+07
cost = 1.52242e+07
cost = 1.52242e+07
cost = 1.52242e+07
cost = 1.52242e+07
cost = 1.52241e+07
cost = 1.52241e+07
cost = 1.52241e+07
cost = 1.52241e+07
cost = 1.52241e+07
cost = 1.52241e+07
cost = 1.5224e+07
cost = 1.5224e+07
cost = 1.5224e+07
cost = 1.5224e+07
cost = 1.52239e+07
cost = 1.52239e+07
cost = 1.52239e+07
cost = 1.52239e+07
cost = 1.52239e+07
cost = 1.52238e+07
cost = 1.52238e+07
cost = 1.52238e+07
cost = 1.52238e+07
cost = 1.52238e+07
cost = 1.52237e+07
cost = 1.52237e+07
cost = 1.52237e+07
cost = 1.52236e+07
cost = 1.52236e+07
cost = 1.52235e+07
cost = 1.52234e+07
cost = 1.52232e+07
cost = 1.5223e+07
cost = 1.52227e+07
cost = 1.5326e+07
cost = 1.52246e+07
cost = 1.52225e+07
cost = 2.00119e+07
cost = 1.56447e+07
cost = 1.52596e+07
cost = 1.52256e+07
cost = 1.52227e+07
cost = 1.52225e+07
cost = 1.5222e+07
cost = 1.52219e+07
cost = 1.52218e+07
cost = 1.52217e+07
cost = 1.52216e+07
cost = 1.52215e+07
cost = 1.52214e+07
cost = 1.52213e+07
cost = 1.52212e+07
cost = 1.52211e+07
cost = 1.52208e+07
cost = 1.52206e+07
cost = 1.52204e+07
cost = 1.52201e+07
cost = 1.52199e+07
cost = 1.52193e+07
cost = 1.52189e+07
cost = 1.52187e+07
cost = 1.52184e+07
cost = 1.52178e+07
cost = 1.52178e+07
cost = 4.96698e+07
cost = 1.54396e+07
cost = 1.52175e+07
cost = 1.52173e+07
cost = 1.56783e+07
cost = 1.52408e+07
cost = 1.52176e+07
cost = 1.52172e+07
cost = 1.52172e+07
cost = 3.8311e+10
cost = 7.6956e+09
cost = 5.84321e+08
cost = 1.99931e+07
cost = 1.52184e+07
cost = 1.52171e+07
cost = 9.94965e+09
cost = 1.17225e+09
cost = 5.94185e+07
cost = 1.52765e+07
cost = 1.5217e+07
cost = 1.5217e+07
cost = 1.52169e+07
cost = 1.52168e+07
cost = 2.34466e+07
cost = 1.5818e+07
cost = 1.5241e+07
cost = 1.52169e+07
cost = 1.52168e+07
cost = 1.52168e+07
cost = 9.07639e+07
cost = 2.27437e+07
cost = 1.60042e+07
cost = 1.52918e+07
cost = 1.52245e+07
cost = 1.52175e+07
cost = 1.52168e+07
cost = 1.52168e+07
cost = 1.52173e+07
cost = 1.52168e+07
cost = 1.52167e+07
cost = 1.52166e+07
cost = 1.52166e+07
cost = 1.52166e+07
cost = 1.52166e+07
cost = 1.52165e+07
cost = 1.52165e+07
cost = 1.52165e+07
cost = 1.52165e+07
cost = 1.52165e+07
cost = 1.52164e+07
cost = 1.52164e+07
cost = 1.52164e+07
cost = 1.52163e+07
cost = 1.52163e+07
cost = 1.52162e+07
cost = 1.52161e+07
cost = 1.52161e+07
cost = 1.52161e+07
cost = 1.5216e+07
cost = 1.52159e+07
cost = 1.52158e+07
cost = 1.52158e+07
cost = 1.52157e+07
cost = 1.52157e+07
cost = 1.52156e+07
cost = 1.52156e+07
cost = 1.52155e+07
cost = 1.52155e+07
cost = 1.52155e+07
cost = 1.52154e+07
cost = 1.52154e+07
cost = 1.52153e+07
cost = 1.52152e+07
cost = 1.52152e+07
cost = 1.52154e+07
cost = 1.52152e+07
cost = 1.52152e+07
cost = 1.52151e+07
cost = 1.5215e+07
cost = 1.5215e+07
cost = 1.52149e+07
cost = 1.52149e+07
cost = 1.52148e+07
cost = 1.52147e+07
cost = 1.52146e+07
cost = 1.52146e+07
cost = 1.52145e+07
cost = 1.52144e+07
cost = 1.52144e+07
cost = 1.52143e+07
cost = 1.52142e+07
cost = 1.52142e+07
cost = 1.52141e+07
cost = 1.5214e+07
cost = 1.5214e+07
cost = 1.52138e+07
cost = 1.52138e+07
cost = 1.52136e+07
cost = 1.52135e+07
cost = 1.52133e+07
cost = 1.52142e+07
cost = 1.52133e+07
cost = 1.52138e+07
cost = 1.52132e+07
cost = 1.52131e+07
cost = 1.5213e+07
cost = 1.52128e+07
cost = 1.5213e+07
cost = 1.52128e+07
cost = 1.52128e+07
cost = 1.52127e+07
cost = 1.52126e+07
cost = 1.52125e+07
cost = 1.52124e+07
cost = 1.52123e+07
cost = 1.52123e+07
cost = 1.52122e+07
cost = 1.52122e+07
cost = 1.52122e+07
cost = 1.52121e+07
cost = 1.52121e+07
cost = 1.52121e+07
cost = 1.5212e+07
cost = 1.5212e+07
cost = 1.52119e+07
cost = 1.5212e+07
cost = 1.52119e+07
cost = 1.52118e+07
cost = 1.52117e+07
cost = 1.52116e+07
cost = 1.52145e+07
cost = 1.52121e+07
cost = 1.52117e+07
cost = 1.52116e+07
cost = 1.52115e+07
cost = 1.52113e+07
cost = 1.52112e+07
cost = 1.52111e+07
cost = 1.52108e+07
cost = 1.52107e+07
cost = 1.52105e+07
cost = 1.52102e+07
cost = 1.521e+07
cost = 1.52099e+07
cost = 1.52111e+07
cost = 1.52098e+07
cost = 1.52417e+07
cost = 1.5212e+07
cost = 1.52099e+07
cost = 1.52098e+07
cost = 1.52494e+07
cost = 1.52193e+07
cost = 1.52118e+07
cost = 1.521e+07
cost = 1.52097e+07
cost = 1.52096e+07
cost = 1.52099e+07
cost = 1.52096e+07
cost = 1.52095e+07
cost = 1.52093e+07
cost = 1.52092e+07
cost = 1.52091e+07
cost = 1.52092e+07
cost = 1.52091e+07
cost = 1.52089e+07
cost = 1.52088e+07
cost = 1.52087e+07
cost = 1.52088e+07
cost = 1.52086e+07
cost = 1.52085e+07
cost = 1.52084e+07
cost = 1.52084e+07
cost = 1.52083e+07
cost = 1.52083e+07
cost = 1.52104e+07
cost = 1.52088e+07
cost = 1.52084e+07
cost = 1.52083e+07
cost = 1.52083e+07
cost = 1.52083e+07
cost = 1.52082e+07
cost = 1.52082e+07
cost = 1.52081e+07
cost = 1.5208e+07
cost = 1.52079e+07
cost = 1.52078e+07
cost = 1.52078e+07
cost = 1.52076e+07
cost = 1.52075e+07
cost = 1.52075e+07
cost = 1.52074e+07
cost = 1.52074e+07
cost = 1.52073e+07
cost = 1.52072e+07
cost = 1.52072e+07
cost = 1.52071e+07
cost = 1.52071e+07
cost = 1.52071e+07
cost = 1.52077e+07
cost = 1.52071e+07
cost = 1.5207e+07
cost = 1.52071e+07
cost = 1.5207e+07
cost = 1.52069e+07
cost = 1.52068e+07
cost = 1.52068e+07
cost = 1.52067e+07
cost = 1.52066e+07
cost = 1.52065e+07
cost = 1.52068e+07
cost = 1.52064e+07
cost = 1.5207e+07
cost = 1.52065e+07
cost = 1.52064e+07
cost = 1.52063e+07
cost = 1.52064e+07
cost = 1.52063e+07
cost = 1.52062e+07
cost = 1.52062e+07
cost = 1.52062e+07
cost = 1.52062e+07
cost = 1.52062e+07
cost = 1.52061e+07
cost = 1.52061e+07
cost = 1.52061e+07
cost = 1.52061e+07
cost = 1.52061e+07
cost = 1.5206e+07
cost = 1.5206e+07
cost = 1.5206e+07
cost = 1.5206e+07
cost = 1.5206e+07
cost = 1.5206e+07
cost = 1.5206e+07
cost = 1.52059e+07
cost = 1.52059e+07
cost = 1.52058e+07
cost = 1.52058e+07
cost = 1.52057e+07
cost = 1.52057e+07
cost = 1.52188e+07
cost = 1.52068e+07
cost = 1.52058e+07
cost = 1.52057e+07
cost = 1.52107e+07
cost = 1.52062e+07
cost = 1.52057e+07
cost = 1.5212e+07
cost = 1.52072e+07
cost = 1.5206e+07
cost = 1.52058e+07
cost = 1.52057e+07
cost = 1.52056e+07
cost = 1.52056e+07
cost = 1.52056e+07
cost = 1.52055e+07
cost = 1.52054e+07
cost = 1.52054e+07
cost = 1.52053e+07
cost = 1.52052e+07
cost = 1.52054e+07
cost = 1.52053e+07
cost = 1.52052e+07
cost = 1.52052e+07
cost = 1.52052e+07
cost = 1.52051e+07
cost = 1.52051e+07
cost = 1.5205e+07
cost = 1.52051e+07
cost = 1.5205e+07
cost = 1.52049e+07
cost = 1.52049e+07
cost = 1.52049e+07
cost = 1.52049e+07
cost = 1.52048e+07
cost = 1.52047e+07
cost = 1.52047e+07
cost = 1.52046e+07
cost = 1.52045e+07
cost = 1.52044e+07
cost = 1.52043e+07
cost = 1.52041e+07
cost = 1.52039e+07
cost = 1.52037e+07
cost = 1.52034e+07
cost = 1.5203e+07
cost = 1.52027e+07
cost = 1.52024e+07
cost = 1.52025e+07
cost = 1.52023e+07
cost = 1.52019e+07
cost = 1.52017e+07
cost = 1.52015e+07
cost = 1.52013e+07
cost = 1.52011e+07
cost = 1.52009e+07
cost = 1.52008e+07
cost = 1.52007e+07
cost = 1.52005e+07
cost = 1.52005e+07
cost = 1.52003e+07
cost = 1.52003e+07
cost = 1.52001e+07
cost = 1.52e+07
cost = 1.51999e+07
cost = 1.51998e+07
cost = 1.51997e+07
cost = 1.51996e+07
cost = 1.51995e+07
cost = 1.51994e+07
cost = 1.51993e+07
cost = 1.51991e+07
cost = 1.51988e+07
cost = 1.51985e+07
cost = 1.51984e+07
cost = 1.51982e+07
cost = 1.51981e+07
cost = 1.5198e+07
cost = 1.51978e+07
cost = 1.51976e+07
cost = 1.51975e+07
cost = 1.51973e+07
cost = 1.52002e+07
cost = 1.51972e+07
cost = 1.51971e+07
cost = 1.52243e+07
cost = 1.52028e+07
cost = 1.51983e+07
cost = 1.51973e+07
cost = 1.51971e+07
cost = 1.5197e+07
cost = 1.5197e+07
cost = 1.51969e+07
cost = 1.51969e+07
cost = 1.51968e+07
cost = 1.52052e+07
cost = 1.51984e+07
cost = 1.51971e+07
cost = 1.51968e+07
cost = 1.51968e+07
cost = 1.51967e+07
cost = 1.51967e+07
cost = 1.51966e+07
cost = 1.51965e+07
cost = 1.51964e+07
cost = 1.51963e+07
cost = 1.51963e+07
cost = 1.51962e+07
cost = 1.51962e+07
cost = 1.51961e+07
cost = 1.5196e+07
cost = 1.51959e+07
cost = 1.51959e+07
cost = 1.51959e+07
cost = 1.51958e+07
cost = 1.51957e+07
cost = 1.51956e+07
cost = 1.51955e+07
cost = 1.51954e+07
cost = 1.51954e+07
cost = 1.51952e+07
cost = 1.51951e+07
cost = 1.5195e+07
cost = 1.51948e+07
cost = 1.51947e+07
cost = 1.53124e+07
cost = 1.51947e+07
cost = 1.51984e+07
cost = 1.51948e+07
cost = 1.51946e+07
cost = 1.51944e+07
cost = 1.51943e+07
cost = 1.51943e+07
cost = 1.51942e+07
cost = 1.51941e+07
cost = 1.5194e+07
cost = 1.51939e+07
cost = 1.51965e+07
cost = 1.51942e+07
cost = 1.51939e+07
cost = 1.51939e+07
cost = 1.52023e+07
cost = 1.51952e+07
cost = 1.51939e+07
cost = 1.51936e+07
cost = 1.5194e+07
cost = 1.51936e+07
cost = 1.51935e+07
cost = 1.51934e+07
cost = 1.51933e+07
cost = 1.51932e+07
cost = 1.51931e+07
cost = 1.51931e+07
cost = 1.5193e+07
cost = 1.52906e+07
cost = 1.51992e+07
cost = 1.51931e+07
cost = 1.51929e+07
cost = 1.51971e+07
cost = 1.51937e+07
cost = 1.5193e+07
cost = 1.51929e+07
cost = 1.51928e+07
cost = 1.51927e+07
cost = 1.51927e+07
cost = 1.51926e+07
cost = 1.51926e+07
cost = 1.51925e+07
cost = 1.51925e+07
cost = 1.51924e+07
cost = 1.51924e+07
cost = 1.51923e+07
cost = 1.51925e+07
cost = 1.51923e+07
cost = 1.51922e+07
cost = 1.51922e+07
cost = 1.51921e+07
cost = 1.51921e+07
cost = 1.51921e+07
cost = 1.5192e+07
cost = 1.51919e+07
cost = 1.51919e+07
cost = 1.51919e+07
cost = 1.51919e+07
cost = 1.51919e+07
cost = 1.51918e+07
cost = 1.51918e+07
cost = 1.51918e+07
cost = 1.51918e+07
cost = 1.51917e+07
cost = 1.51916e+07
cost = 1.51916e+07
cost = 1.51915e+07
cost = 1.51914e+07
cost = 1.51913e+07
cost = 1.51913e+07
cost = 1.51912e+07
cost = 1.53721e+07
cost = 1.51987e+07
cost = 1.51912e+07
cost = 1.51912e+07
cost = 1.51998e+07
cost = 1.51917e+07
cost = 1.51912e+07
cost = 1.51925e+07
cost = 1.51914e+07
cost = 1.51911e+07
cost = 1.51911e+07
cost = 1.5191e+07
cost = 1.51909e+07
cost = 1.51907e+07
cost = 1.51905e+07
cost = 1.51902e+07
cost = 1.51899e+07
cost = 1.51897e+07
cost = 1.51893e+07
cost = 1.51933e+07
cost = 1.51893e+07
cost = 1.5189e+07
cost = 1.51887e+07
cost = 1.51883e+07
cost = 1.5188e+07
cost = 1.51876e+07
cost = 6.77715e+07
cost = 1.51872e+07
cost = 3.68657e+07
cost = 1.68789e+07
cost = 1.52896e+07
cost = 1.51932e+07
cost = 1.51872e+07
cost = 1.51872e+07
cost = 1.51872e+07
cost = 1.51984e+07
cost = 1.51888e+07
cost = 1.5187e+07
cost = 1.51865e+07
cost = 1.51863e+07
cost = 1.5186e+07
cost = 1.5186e+07
cost = 1.51857e+07
cost = 1.51885e+07
cost = 1.51858e+07
cost = 1.51855e+07
cost = 1.51853e+07
cost = 1.51851e+07
cost = 1.51849e+07
cost = 1.51846e+07
cost = 1.51845e+07
cost = 1.51842e+07
cost = 1.5184e+07
cost = 1.51838e+07
cost = 1.51836e+07
cost = 1.51835e+07
cost = 1.51832e+07
cost = 1.5183e+07
cost = 1.5183e+07
cost = 1.51829e+07
cost = 1.51827e+07
cost = 1.51826e+07
cost = 1.51825e+07
cost = 1.51824e+07
cost = 1.51823e+07
cost = 1.51823e+07
cost = 1.51822e+07
cost = 1.5182e+07
cost = 1.51826e+07
cost = 1.5182e+07
cost = 1.5182e+07
cost = 1.51818e+07
cost = 1.51819e+07
cost = 1.51818e+07
cost = 1.51817e+07
cost = 1.51817e+07
cost = 1.51816e+07
cost = 1.51816e+07
cost = 1.51816e+07
cost = 1.51816e+07
cost = 1.51815e+07
cost = 1.51815e+07
cost = 1.51813e+07
cost = 1.51813e+07
cost = 1.51812e+07
cost = 1.51812e+07
cost = 1.51811e+07
cost = 1.5181e+07
cost = 1.5181e+07
cost = 1.5181e+07
cost = 1.51808e+07
cost = 1.51808e+07
cost = 1.51807e+07
cost = 1.51807e+07
cost = 1.51806e+07
cost = 1.51804e+07
cost = 1.51803e+07
cost = 1.518e+07
cost = 1.51798e+07
cost = 1.51796e+07
cost = 1.51794e+07
cost = 1.51792e+07
cost = 1.51795e+07
cost = 1.51791e+07
cost = 1.51793e+07
cost = 1.51791e+07
cost = 1.5179e+07
cost = 1.5179e+07
cost = 1.51789e+07
cost = 1.51789e+07
cost = 1.51788e+07
cost = 1.51788e+07
cost = 1.51788e+07
cost = 1.51787e+07
cost = 1.51786e+07
cost = 1.51786e+07
cost = 1.51785e+07
cost = 1.51785e+07
cost = 1.51784e+07
cost = 1.51783e+07
cost = 1.51782e+07
cost = 1.51781e+07
cost = 1.5178e+07
cost = 1.51779e+07
cost = 1.51778e+07
cost = 1.51778e+07
cost = 1.51777e+07
cost = 1.51776e+07
cost = 1.51775e+07
cost = 1.51774e+07
cost = 1.51773e+07
cost = 1.51771e+07
cost = 1.51769e+07
cost = 1.51768e+07
cost = 1.51766e+07
cost = 1.51764e+07
cost = 1.51761e+07
cost = 1.51759e+07
cost = 1.51756e+07
cost = 1.51752e+07
cost = 1.51748e+07
cost = 1.51744e+07
cost = 1.5174e+07
cost = 1.51737e+07
cost = 1.51735e+07
cost = 1.5174e+07
cost = 1.51734e+07
cost = 1.51731e+07
cost = 1.5173e+07
cost = 1.51728e+07
cost = 1.51726e+07
cost = 1.51724e+07
cost = 1.51723e+07
cost = 1.51721e+07
cost = 1.51719e+07
cost = 1.51717e+07
cost = 1.51714e+07
cost = 1.51713e+07
cost = 1.51709e+07
cost = 1.51707e+07
cost = 1.51704e+07
cost = 1.51701e+07
cost = 1.51698e+07
cost = 1.51695e+07
cost = 1.51693e+07
cost = 1.51691e+07
cost = 1.51688e+07
cost = 1.51687e+07
cost = 1.51684e+07
cost = 1.51681e+07
cost = 1.51683e+07
cost = 1.51679e+07
cost = 1.51675e+07
cost = 1.51672e+07
cost = 1.51669e+07
cost = 1.54904e+07
cost = 1.51666e+07
cost = 7.13727e+07
cost = 1.77134e+07
cost = 1.5194e+07
cost = 1.51664e+07
cost = 1.5167e+07
cost = 1.51664e+07
cost = 6.77106e+08
cost = 8.63591e+07
cost = 2.18177e+07
cost = 1.57629e+07
cost = 1.52198e+07
cost = 1.51712e+07
cost = 1.51668e+07
cost = 1.51664e+07
cost = 1.51664e+07
cost = 1.51852e+07
cost = 1.51669e+07
cost = 1.51656e+07
cost = 1.51654e+07
cost = 1.5165e+07
cost = 1.51646e+07
cost = 1.51643e+07
cost = 1.51646e+07
cost = 1.51641e+07
cost = 1.51646e+07
cost = 1.51639e+07
cost = 1.51644e+07
cost = 1.51639e+07
cost = 1.51636e+07
cost = 1.51634e+07
cost = 1.51632e+07
cost = 1.51633e+07
cost = 1.51631e+07
cost = 1.51629e+07
cost = 1.51627e+07
cost = 1.51624e+07
cost = 1.51764e+07
cost = 1.51622e+07
cost = 1.54192e+07
cost = 1.51856e+07
cost = 1.51644e+07
cost = 1.51624e+07
cost = 1.51622e+07
cost = 1.5276e+07
cost = 1.51668e+07
cost = 1.51623e+07
cost = 1.51621e+07
cost = 1.51619e+07
cost = 1.51618e+07
cost = 1.51616e+07
cost = 1.51614e+07
cost = 1.51613e+07
cost = 1.51612e+07
cost = 1.51611e+07
cost = 1.51609e+07
cost = 1.51608e+07
cost = 1.51607e+07
cost = 1.51606e+07
cost = 1.51605e+07
cost = 1.51603e+07
cost = 1.51602e+07
cost = 1.51601e+07
cost = 1.516e+07
cost = 1.51599e+07
cost = 1.51598e+07
cost = 1.51596e+07
cost = 1.51596e+07
cost = 1.51595e+07
cost = 1.51594e+07
cost = 1.51593e+07
cost = 1.51592e+07
cost = 1.51591e+07
cost = 1.5159e+07
cost = 1.51588e+07
cost = 1.51587e+07
cost = 1.51586e+07
cost = 1.51585e+07
cost = 1.51583e+07
cost = 1.51582e+07
cost = 1.51581e+07
cost = 1.51579e+07
cost = 1.51579e+07
cost = 1.51578e+07
cost = 1.51577e+07
cost = 1.51579e+07
cost = 1.51576e+07
cost = 1.51575e+07
cost = 1.51573e+07
cost = 1.51573e+07
cost = 1.51572e+07
cost = 1.51571e+07
cost = 1.5157e+07
cost = 1.51569e+07
cost = 1.51568e+07
cost = 1.51567e+07
cost = 1.51567e+07
cost = 1.51566e+07
cost = 1.51565e+07
cost = 1.51567e+07
cost = 1.51565e+07
cost = 1.51564e+07
cost = 1.51562e+07
cost = 1.51561e+07
cost = 1.51559e+07
cost = 1.51559e+07
cost = 1.51556e+07
cost = 1.51554e+07
cost = 1.51551e+07
cost = 1.51547e+07
cost = 1.51545e+07
cost = 1.51541e+07
cost = 1.51539e+07
cost = 1.51538e+07
cost = 1.51538e+07
cost = 1.52718e+07
cost = 1.51679e+07
cost = 1.51566e+07
cost = 1.51544e+07
cost = 1.51538e+07
cost = 1.51537e+07
cost = 1.51536e+07
cost = 1.51535e+07
cost = 1.51535e+07
cost = 1.51534e+07
cost = 1.51534e+07
cost = 1.51533e+07
cost = 1.51532e+07
cost = 1.51531e+07
cost = 1.5153e+07
cost = 1.51529e+07
cost = 1.51528e+07
cost = 1.51527e+07
cost = 1.51527e+07
cost = 1.51527e+07
cost = 1.51526e+07
cost = 1.51525e+07
cost = 1.51524e+07
cost = 1.51523e+07
cost = 1.51522e+07
cost = 1.5152e+07
cost = 1.51517e+07
cost = 1.51515e+07
cost = 1.51512e+07
cost = 1.51509e+07
cost = 1.51506e+07
cost = 1.51502e+07
cost = 1.51499e+07
cost = 1.51496e+07
cost = 1.51493e+07
cost = 2.60519e+07
cost = 1.52506e+07
cost = 1.51587e+07
cost = 1.51507e+07
cost = 1.51496e+07
cost = 1.51493e+07
cost = 1.51493e+07
cost = 1.51491e+07
cost = 1.51489e+07
cost = 1.51487e+07
cost = 1.51486e+07
cost = 1.51485e+07
cost = 1.51484e+07
cost = 1.51482e+07
cost = 1.5148e+07
cost = 1.51482e+07
cost = 1.51479e+07
cost = 1.51477e+07
cost = 1.51474e+07
cost = 1.51475e+07
cost = 1.51472e+07
cost = 1.51504e+07
cost = 1.51473e+07
cost = 1.51471e+07
cost = 1.51471e+07
cost = 1.51468e+07
cost = 1.51467e+07
cost = 1.51466e+07
cost = 1.51465e+07
cost = 1.51464e+07
cost = 1.51464e+07
cost = 1.51463e+07
cost = 1.51462e+07
cost = 1.51461e+07
cost = 1.51461e+07
cost = 1.5146e+07
cost = 1.51458e+07
cost = 1.51457e+07
cost = 1.51456e+07
cost = 1.51456e+07
cost = 1.51455e+07
cost = 1.51684e+07
cost = 1.51464e+07
cost = 1.51454e+07
cost = 1.51455e+07
cost = 1.51454e+07
cost = 1.51453e+07
cost = 1.51452e+07
cost = 1.51469e+07
cost = 1.51453e+07
cost = 1.51452e+07
cost = 1.51451e+07
cost = 1.51454e+07
cost = 1.51451e+07
cost = 1.51449e+07
cost = 1.51448e+07
cost = 1.51447e+07
cost = 1.51445e+07
cost = 1.51444e+07
cost = 1.51443e+07
cost = 1.51442e+07
cost = 1.5144e+07
cost = 1.51437e+07
cost = 1.51433e+07
cost = 1.51448e+07
cost = 1.51433e+07
cost = 1.51429e+07
cost = 1.51426e+07
cost = 1.51423e+07
cost = 1.51421e+07
cost = 1.51419e+07
cost = 1.51418e+07
cost = 1.51416e+07
cost = 1.51415e+07
cost = 1.51414e+07
cost = 1.51413e+07
cost = 1.51413e+07
cost = 1.51411e+07
cost = 1.5141e+07
cost = 1.5141e+07
cost = 1.51409e+07
cost = 1.51408e+07
cost = 1.51408e+07
cost = 1.51407e+07
cost = 1.51413e+07
cost = 1.51408e+07
cost = 1.51407e+07
cost = 1.51406e+07
cost = 1.51405e+07
cost = 1.51404e+07
cost = 1.51403e+07
cost = 1.51402e+07
cost = 1.51402e+07
cost = 1.51401e+07
cost = 1.51399e+07
cost = 1.51397e+07
cost = 1.51418e+07
cost = 1.51396e+07
cost = 1.51447e+07
cost = 1.51396e+07
cost = 1.51395e+07
cost = 1.51394e+07
cost = 1.51393e+07
cost = 1.51392e+07
cost = 1.51391e+07
cost = 1.51397e+07
cost = 1.51391e+07
cost = 1.51389e+07
cost = 1.51389e+07
cost = 1.51388e+07
cost = 1.51388e+07
cost = 1.51387e+07
cost = 1.51387e+07
cost = 1.51386e+07
cost = 1.51385e+07
cost = 1.51384e+07
cost = 1.51384e+07
cost = 1.51383e+07
cost = 1.51382e+07
cost = 1.51382e+07
cost = 1.51381e+07
cost = 1.5138e+07
cost = 1.51379e+07
cost = 1.51378e+07
cost = 1.51377e+07
cost = 1.51377e+07
cost = 1.51376e+07
cost = 1.51374e+07
cost = 1.51373e+07
cost = 1.51372e+07
cost = 1.51371e+07
cost = 1.5137e+07
cost = 1.51369e+07
cost = 1.51367e+07
cost = 1.51365e+07
cost = 1.51364e+07
cost = 1.51363e+07
cost = 1.51362e+07
cost = 1.51375e+07
cost = 1.51363e+07
cost = 1.51361e+07
cost = 1.5136e+07
cost = 1.51359e+07
cost = 1.51358e+07
cost = 1.51357e+07
cost = 1.51355e+07
cost = 1.51355e+07
cost = 1.51355e+07
cost = 1.51354e+07
cost = 1.51357e+07
cost = 1.51354e+07
cost = 1.51353e+07
cost = 1.51352e+07
cost = 1.51351e+07
cost = 1.51349e+07
cost = 1.51349e+07
cost = 1.51348e+07
cost = 1.51347e+07
cost = 1.51347e+07
cost = 1.51346e+07
cost = 1.51346e+07
cost = 1.51345e+07
cost = 1.51345e+07
cost = 1.51344e+07
cost = 1.51343e+07
cost = 1.51343e+07
cost = 1.51341e+07
cost = 1.51338e+07
cost = 1.51337e+07
cost = 1.51337e+07
cost = 1.51366e+07
cost = 1.51343e+07
cost = 1.51337e+07
cost = 1.51336e+07
cost = 1.51334e+07
cost = 1.51334e+07
cost = 1.51332e+07
cost = 1.51331e+07
cost = 1.51329e+07
cost = 1.51328e+07
cost = 1.51327e+07
cost = 1.51326e+07
cost = 1.51325e+07
cost = 1.51324e+07
cost = 1.53341e+08
cost = 2.79164e+07
cost = 1.6206e+07
cost = 1.52154e+07
cost = 1.51379e+07
cost = 1.51327e+07
cost = 1.51324e+07
cost = 1.51345e+07
cost = 1.51327e+07
cost = 1.51324e+07
cost = 1.51322e+07
cost = 1.5132e+07
cost = 1.51319e+07
cost = 1.51317e+07
cost = 1.51317e+07
cost = 1.51316e+07
cost = 1.51316e+07
cost = 1.51315e+07
cost = 1.51315e+07
cost = 1.51314e+07
cost = 1.51314e+07
cost = 1.51314e+07
cost = 1.51313e+07
cost = 1.51313e+07
cost = 1.51362e+07
cost = 1.51314e+07
cost = 1.51313e+07
cost = 1.51316e+07
cost = 1.51313e+07
cost = 1.51313e+07
cost = 1.51314e+07
cost = 1.51312e+07
cost = 1.51311e+07
cost = 1.51311e+07
cost = 1.5131e+07
cost = 1.51309e+07
cost = 1.51308e+07
cost = 1.51306e+07
cost = 1.51305e+07
cost = 1.51307e+07
cost = 1.51305e+07
cost = 1.51304e+07
cost = 1.51303e+07
cost = 1.51302e+07
cost = 1.51301e+07
cost = 1.51303e+07
cost = 1.51301e+07
cost = 1.513e+07
cost = 1.51303e+07
cost = 1.51299e+07
cost = 1.51298e+07
cost = 1.51296e+07
cost = 1.51295e+07
cost = 1.51293e+07
cost = 1.51292e+07
cost = 1.51292e+07
cost = 1.5129e+07
cost = 1.51289e+07
cost = 1.51288e+07
cost = 1.51287e+07
cost = 1.51285e+07
cost = 1.51283e+07
cost = 1.51534e+07
cost = 1.51304e+07
cost = 1.51284e+07
cost = 1.51283e+07
cost = 1.51282e+07
cost = 1.5128e+07
cost = 1.51278e+07
cost = 1.51276e+07
cost = 1.51273e+07
cost = 1.51272e+07
cost = 1.5127e+07
cost = 1.51268e+07
cost = 1.51267e+07
cost = 1.51276e+07
cost = 1.51267e+07
cost = 1.51263e+07
cost = 1.51263e+07
cost = 1.5126e+07
cost = 1.51258e+07
cost = 1.51256e+07
cost = 1.51252e+07
cost = 1.5125e+07
cost = 1.51248e+07
cost = 1.51247e+07
cost = 1.51247e+07
cost = 1.51246e+07
cost = 1.51245e+07
cost = 1.51244e+07
cost = 1.51242e+07
cost = 1.51241e+07
cost = 1.51241e+07
cost = 1.5124e+07
cost = 1.51239e+07
cost = 1.51243e+07
cost = 1.51239e+07
cost = 1.51238e+07
cost = 1.51237e+07
cost = 1.51236e+07
cost = 1.51235e+07
cost = 1.51234e+07
cost = 1.51233e+07
cost = 1.51232e+07
cost = 1.51232e+07
cost = 1.5123e+07
cost = 1.5123e+07
cost = 1.51228e+07
cost = 1.51227e+07
cost = 1.51226e+07
cost = 1.51225e+07
cost = 1.51224e+07
cost = 1.51223e+07
cost = 1.51222e+07
cost = 1.51221e+07
cost = 1.5122e+07
cost = 1.51219e+07
cost = 1.51218e+07
cost = 1.51217e+07
cost = 1.51216e+07
cost = 1.51215e+07
cost = 1.51214e+07
cost = 1.51214e+07
cost = 1.51213e+07
cost = 1.51213e+07
cost = 1.51212e+07
cost = 1.51212e+07
cost = 1.51211e+07
cost = 1.5121e+07
cost = 1.51209e+07
cost = 1.51208e+07
cost = 1.51207e+07
cost = 1.51207e+07
cost = 1.51206e+07
cost = 1.51205e+07
cost = 1.51204e+07
cost = 1.51203e+07
cost = 1.51203e+07
cost = 1.51202e+07
cost = 1.51201e+07
cost = 1.512e+07
cost = 1.51199e+07
cost = 1.51199e+07
cost = 1.51199e+07
cost = 1.51198e+07
cost = 1.51198e+07
cost = 1.51198e+07
cost = 1.51197e+07
cost = 1.51197e+07
cost = 1.51196e+07
cost = 1.51195e+07
cost = 1.51194e+07
cost = 1.51193e+07
cost = 1.51192e+07
cost = 1.51192e+07
cost = 1.51192e+07
cost = 1.51193e+07
cost = 1.51191e+07
cost = 1.51355e+07
cost = 1.51201e+07
cost = 1.51191e+07
cost = 1.51191e+07
cost = 1.5119e+07
cost = 1.51189e+07
cost = 1.51189e+07
cost = 1.51188e+07
cost = 1.51188e+07
cost = 1.51188e+07
cost = 1.51187e+07
cost = 1.51186e+07
cost = 1.51186e+07
cost = 1.51185e+07
cost = 1.51184e+07
cost = 1.51183e+07
cost = 1.51183e+07
cost = 1.51182e+07
cost = 1.51182e+07
cost = 1.51181e+07
cost = 1.5118e+07
cost = 1.73001e+07
cost = 1.5118e+07
cost = 2.18218e+08
cost = 2.21675e+07
cost = 1.51297e+07
cost = 1.5118e+07
cost = 9.25488e+09
cost = 1.33826e+09
cost = 1.30831e+08
cost = 2.22416e+07
cost = 1.53612e+07
cost = 1.51181e+07
cost = 1.5118e+07
cost = 1.5118e+07
cost = 1.5118e+07
cost = 1.5118e+07
cost = 1.51206e+07
cost = 1.51183e+07
cost = 1.51179e+07
cost = 1.51178e+07
cost = 1.51178e+07
cost = 1.51177e+07
cost = 1.51176e+07
cost = 1.51175e+07
cost = 1.51175e+07
cost = 1.51174e+07
cost = 1.51173e+07
cost = 1.51172e+07
cost = 1.51171e+07
cost = 1.51171e+07
cost = 1.5117e+07
cost = 1.5117e+07
cost = 1.51169e+07
cost = 1.51168e+07
cost = 1.51169e+07
cost = 1.51168e+07
cost = 1.51167e+07
cost = 1.51167e+07
cost = 1.51166e+07
cost = 1.51166e+07
cost = 1.51166e+07
cost = 1.51165e+07
cost = 1.51164e+07
cost = 1.51163e+07
cost = 1.51162e+07
cost = 1.51161e+07
cost = 1.51163e+07
cost = 1.51161e+07
cost = 1.51169e+07
cost = 1.51162e+07
cost = 1.51161e+07
cost = 1.5116e+07
cost = 1.51158e+07
cost = 1.51157e+07
cost = 1.51157e+07
cost = 1.51155e+07
cost = 1.51153e+07
cost = 1.51151e+07
cost = 1.51153e+07
cost = 1.5115e+07
cost = 1.51148e+07
cost = 1.51145e+07
cost = 1.51481e+07
cost = 1.51153e+07
cost = 1.51145e+07
cost = 1.56784e+07
cost = 1.51738e+07
cost = 1.51201e+07
cost = 1.5115e+07
cost = 1.51145e+07
cost = 1.51145e+07
cost = 1.51206e+07
cost = 1.51144e+07
cost = 1.51179e+07
cost = 1.51144e+07
cost = 1.51143e+07
cost = 1.5114e+07
cost = 1.51138e+07
cost = 1.51136e+07
cost = 1.51184e+07
cost = 1.51135e+07
cost = 1.5247e+07
cost = 1.51296e+07
cost = 1.51157e+07
cost = 1.51135e+07
cost = 1.51129e+07
cost = 1.51128e+07
cost = 1.51126e+07
cost = 1.51125e+07
cost = 1.51123e+07
cost = 1.51121e+07
cost = 1.51119e+07
cost = 1.51118e+07
cost = 1.51113e+07
cost = 1.51111e+07
cost = 1.51109e+07
cost = 1.51107e+07
cost = 1.51106e+07
cost = 1.51104e+07
cost = 1.51101e+07
cost = 1.51098e+07
cost = 1.51096e+07
cost = 1.51094e+07
cost = 1.51092e+07
cost = 1.51358e+07
cost = 1.51122e+07
cost = 1.51094e+07
cost = 1.51092e+07
cost = 1.51326e+07
cost = 1.51137e+07
cost = 1.51098e+07
cost = 1.51091e+07
cost = 1.51088e+07
cost = 1.51086e+07
cost = 1.51084e+07
cost = 1.51092e+07
cost = 1.51083e+07
cost = 1.51078e+07
cost = 1.51076e+07
cost = 1.51074e+07
cost = 1.51071e+07
cost = 1.51069e+07
cost = 1.51068e+07
cost = 1.51064e+07
cost = 1.51061e+07
cost = 1.51056e+07
cost = 1.51048e+07
cost = 1.51046e+07
cost = 1.51042e+07
cost = 1.51036e+07
cost = 1.51116e+07
cost = 1.51041e+07
cost = 1.51035e+07
cost = 1.51032e+07
cost = 1.5103e+07
cost = 1.51035e+07
cost = 1.51027e+07
cost = 1.53799e+07
cost = 1.51194e+07
cost = 1.51034e+07
cost = 1.51026e+07
cost = 1.51033e+07
cost = 1.51023e+07
cost = 1.51019e+07
cost = 1.51015e+07
cost = 1.51012e+07
cost = 1.51013e+07
cost = 1.5101e+07
cost = 1.51008e+07
cost = 1.51005e+07
cost = 1.51002e+07
cost = 1.50998e+07
cost = 1.50995e+07
cost = 1.5099e+07
cost = 1.50986e+07
cost = 1.51319e+07
cost = 1.50987e+07
cost = 1.50984e+07
cost = 1.68227e+07
cost = 1.52416e+07
cost = 1.51093e+07
cost = 1.5099e+07
cost = 1.50983e+07
cost = 1.51033e+07
cost = 1.50984e+07
cost = 1.50977e+07
cost = 1.50974e+07
cost = 1.5097e+07
cost = 1.50966e+07
cost = 1.50962e+07
cost = 1.50958e+07
cost = 1.50964e+07
cost = 1.50955e+07
cost = 1.51901e+07
cost = 1.51047e+07
cost = 1.50964e+07
cost = 1.50953e+07
cost = 1.5095e+07
cost = 1.50947e+07
cost = 1.50944e+07
cost = 1.5094e+07
cost = 1.50942e+07
cost = 1.50938e+07
cost = 1.50936e+07
cost = 1.50931e+07
cost = 1.50927e+07
cost = 1.50923e+07
cost = 1.5092e+07
cost = 1.50917e+07
cost = 1.50913e+07
cost = 1.50909e+07
cost = 1.50905e+07
cost = 1.70386e+07
cost = 1.52249e+07
cost = 1.50979e+07
cost = 1.50907e+07
cost = 1.50905e+07
cost = 1.23338e+08
cost = 1.59312e+07
cost = 1.50951e+07
cost = 1.50902e+07
cost = 1.50901e+07
cost = 1.50896e+07
cost = 1.50893e+07
cost = 1.5089e+07
cost = 1.50888e+07
cost = 1.50885e+07
cost = 1.50882e+07
cost = 1.50881e+07
cost = 1.50891e+07
cost = 1.50882e+07
cost = 1.5088e+07
cost = 1.5088e+07
cost = 1.50876e+07
cost = 1.50874e+07
cost = 1.50871e+07
cost = 1.50868e+07
cost = 1.50865e+07
cost = 1.50863e+07
cost = 1.50861e+07
cost = 1.5086e+07
cost = 1.50881e+07
cost = 1.50859e+07
cost = 1.50859e+07
cost = 1.50857e+07
cost = 1.50855e+07
cost = 1.50853e+07
cost = 1.50852e+07
cost = 1.50851e+07
cost = 1.5085e+07
cost = 1.50848e+07
cost = 1.50874e+07
cost = 1.50844e+07
cost = 1.50842e+07
cost = 1.50838e+07
cost = 1.50836e+07
cost = 1.50834e+07
cost = 1.50847e+07
cost = 1.50836e+07
cost = 1.50833e+07
cost = 1.50831e+07
cost = 1.50828e+07
cost = 1.50826e+07
cost = 1.50824e+07
cost = 1.50822e+07
cost = 1.50819e+07
cost = 1.50847e+07
cost = 1.50818e+07
cost = 1.50817e+07
cost = 1.50816e+07
cost = 1.50814e+07
cost = 1.50813e+07
cost = 1.50811e+07
cost = 1.5081e+07
cost = 1.50809e+07
cost = 1.50808e+07
cost = 1.50809e+07
cost = 1.50807e+07
cost = 1.50806e+07
cost = 1.50805e+07
cost = 1.50805e+07
cost = 1.50804e+07
cost = 1.50803e+07
cost = 1.50802e+07
cost = 1.50801e+07
cost = 1.50799e+07
cost = 1.50798e+07
cost = 1.50797e+07
cost = 1.50796e+07
cost = 1.50801e+07
cost = 1.50795e+07
cost = 1.50971e+07
cost = 1.50819e+07
cost = 1.50798e+07
cost = 1.50796e+07
cost = 1.50795e+07
cost = 1.50795e+07
cost = 1.50793e+07
cost = 1.50793e+07
cost = 1.50792e+07
cost = 1.50791e+07
cost = 1.5079e+07
cost = 1.50789e+07
cost = 1.50787e+07
cost = 1.50786e+07
cost = 1.50785e+07
cost = 1.50784e+07
cost = 1.50783e+07
cost = 1.50782e+07
cost = 1.5078e+07
cost = 1.50779e+07
cost = 1.50778e+07
cost = 1.50777e+07
cost = 1.50782e+07
cost = 1.50778e+07
cost = 1.50777e+07
cost = 1.50776e+07
cost = 1.50775e+07
cost = 1.50775e+07
cost = 1.50774e+07
cost = 1.50773e+07
cost = 1.50772e+07
cost = 1.50771e+07
cost = 1.5077e+07
cost = 1.50769e+07
cost = 1.50767e+07
cost = 1.50765e+07
cost = 1.50763e+07
cost = 1.50761e+07
cost = 1.50759e+07
cost = 1.50758e+07
cost = 1.50756e+07
cost = 1.50995e+07
cost = 1.50764e+07
cost = 1.50755e+07
cost = 1.61424e+07
cost = 1.51447e+07
cost = 1.50835e+07
cost = 1.50765e+07
cost = 1.50756e+07
cost = 1.50755e+07
cost = 1.50755e+07
cost = 1.50758e+07
cost = 1.50753e+07
cost = 1.50752e+07
cost = 1.5075e+07
cost = 1.50749e+07
cost = 1.50748e+07
cost = 1.50747e+07
cost = 1.50746e+07
cost = 1.50744e+07
cost = 1.50743e+07
cost = 1.50742e+07
cost = 1.5074e+07
cost = 1.50739e+07
cost = 1.50738e+07
cost = 1.50735e+07
cost = 1.51266e+07
cost = 1.50745e+07
cost = 1.50734e+07
cost = 1.61628e+07
cost = 1.51665e+07
cost = 1.5082e+07
cost = 1.5074e+07
cost = 1.50733e+07
cost = 1.5073e+07
cost = 1.50728e+07
cost = 1.50722e+07
cost = 4.40195e+07
cost = 1.51567e+07
cost = 1.50765e+07
cost = 1.50729e+07
cost = 1.50723e+07
cost = 1.50722e+07
cost = 1.50718e+07
cost = 1.5072e+07
cost = 1.50716e+07
cost = 1.50715e+07
cost = 1.50728e+07
cost = 1.50715e+07
cost = 1.50713e+07
cost = 1.50712e+07
cost = 1.50711e+07
cost = 1.5071e+07
cost = 1.79776e+07
cost = 1.51512e+07
cost = 1.50711e+07
cost = 1.50709e+07
cost = 1.50707e+07
cost = 1.50715e+07
cost = 1.50706e+07
cost = 1.50842e+07
cost = 1.50723e+07
cost = 1.50707e+07
cost = 1.50705e+07
cost = 1.50703e+07
cost = 1.50701e+07
cost = 1.50699e+07
cost = 1.50697e+07
cost = 1.50695e+07
cost = 1.50692e+07
cost = 1.50689e+07
cost = 1.50687e+07
cost = 1.50685e+07
cost = 1.50684e+07
cost = 1.50683e+07
cost = 1.50681e+07
cost = 1.5068e+07
cost = 1.50679e+07
cost = 1.50678e+07
cost = 1.50677e+07
cost = 1.50675e+07
cost = 1.50673e+07
cost = 1.5067e+07
cost = 1.50669e+07
cost = 1.50668e+07
cost = 1.50667e+07
cost = 1.50667e+07
cost = 1.50666e+07
cost = 1.50664e+07
cost = 1.50661e+07
cost = 1.50875e+07
cost = 1.50674e+07
cost = 1.5066e+07
cost = 1.50663e+07
cost = 1.50658e+07
cost = 1.50656e+07
cost = 1.50655e+07
cost = 1.50654e+07
cost = 1.50653e+07
cost = 1.50652e+07
cost = 1.5065e+07
cost = 1.50651e+07
cost = 1.50649e+07
cost = 1.50656e+07
cost = 1.5065e+07
cost = 1.50649e+07
cost = 1.50647e+07
cost = 1.50646e+07
cost = 1.50644e+07
cost = 1.50642e+07
cost = 1.52406e+07
cost = 1.50653e+07
cost = 1.50643e+07
cost = 1.50642e+07
cost = 1.50664e+07
cost = 1.50642e+07
cost = 1.5064e+07
cost = 1.50638e+07
cost = 1.50635e+07
cost = 1.50633e+07
cost = 1.5063e+07
cost = 1.50629e+07
cost = 1.50757e+07
cost = 1.50634e+07
cost = 1.50627e+07
cost = 1.50782e+07
cost = 1.5066e+07
cost = 1.50634e+07
cost = 1.50628e+07
cost = 1.50627e+07
cost = 1.50624e+07
cost = 1.50621e+07
cost = 1.50646e+07
cost = 1.5062e+07
cost = 1.50669e+07
cost = 1.50623e+07
cost = 1.50618e+07
cost = 1.50617e+07
cost = 1.50615e+07
cost = 1.50613e+07
cost = 1.51842e+07
cost = 1.50626e+07
cost = 1.50611e+07
cost = 1.50625e+07
cost = 1.5061e+07
cost = 1.50609e+07
cost = 1.50608e+07
cost = 1.50606e+07
cost = 1.50609e+07
cost = 1.50605e+07
cost = 1.50612e+07
cost = 1.50605e+07
cost = 1.50602e+07
cost = 1.506e+07
cost = 1.50599e+07
cost = 1.50598e+07
cost = 1.50596e+07
cost = 1.50595e+07
cost = 1.50593e+07
cost = 1.50591e+07
cost = 1.50587e+07
cost = 1.50583e+07
cost = 1.59229e+07
cost = 1.50594e+07
cost = 1.50585e+07
cost = 1.50583e+07
cost = 1.5058e+07
cost = 1.50578e+07
cost = 1.50576e+07
cost = 1.50574e+07
cost = 1.50572e+07
cost = 1.50571e+07
cost = 1.5057e+07
cost = 1.50568e+07
cost = 1.50569e+07
cost = 1.50568e+07
cost = 1.50567e+07
cost = 1.50565e+07
cost = 1.50564e+07
cost = 1.50561e+07
cost = 1.50565e+07
cost = 1.50561e+07
cost = 1.50558e+07
cost = 1.50639e+07
cost = 1.50556e+07
cost = 1.50562e+07
cost = 1.50555e+07
cost = 1.74881e+10
cost = 1.93643e+08
cost = 1.78851e+07
cost = 1.51186e+07
cost = 1.50594e+07
cost = 1.50558e+07
cost = 1.50553e+07
cost = 1.50551e+07
cost = 1.50548e+07
cost = 1.50547e+07
cost = 1.50546e+07
cost = 1.50546e+07
cost = 1.50544e+07
cost = 1.50962e+07
cost = 1.50581e+07
cost = 1.50547e+07
cost = 1.50544e+07
cost = 1.50543e+07
cost = 1.50542e+07
cost = 1.50541e+07
cost = 1.5054e+07
cost = 1.50539e+07
cost = 1.50538e+07
cost = 1.50538e+07
cost = 1.50537e+07
cost = 1.50536e+07
cost = 1.50535e+07
cost = 1.50534e+07
cost = 1.50532e+07
cost = 1.50529e+07
cost = 1.50527e+07
cost = 1.50525e+07
cost = 1.50526e+07
cost = 1.50524e+07
cost = 1.50548e+07
cost = 1.50526e+07
cost = 1.50524e+07
cost = 1.50522e+07
cost = 1.50525e+07
cost = 1.50522e+07
cost = 1.5052e+07
cost = 1.50519e+07
cost = 1.50518e+07
cost = 1.50517e+07
cost = 1.50515e+07
cost = 1.50515e+07
cost = 1.50514e+07
cost = 1.50513e+07
cost = 1.50512e+07
cost = 1.50511e+07
cost = 1.5051e+07
cost = 1.50509e+07
cost = 1.50508e+07
cost = 1.50506e+07
cost = 1.50505e+07
cost = 1.50504e+07
cost = 1.50502e+07
cost = 1.50503e+07
cost = 1.50502e+07
cost = 1.505e+07
cost = 1.50498e+07
cost = 1.50499e+07
cost = 1.50497e+07
cost = 1.50495e+07
cost = 1.50495e+07
cost = 1.50494e+07
cost = 1.50493e+07
cost = 1.50492e+07
cost = 1.50491e+07
cost = 1.5049e+07
cost = 1.5049e+07
cost = 1.50489e+07
cost = 1.50492e+07
cost = 1.50489e+07
cost = 1.50488e+07
cost = 1.50486e+07
cost = 1.50485e+07
cost = 1.50484e+07
cost = 1.50482e+07
cost = 1.50481e+07
cost = 1.50481e+07
cost = 1.50482e+07
cost = 1.5048e+07
cost = 1.5048e+07
cost = 1.50479e+07
cost = 1.50478e+07
cost = 1.50477e+07
cost = 1.50475e+07
cost = 1.50475e+07
cost = 1.50473e+07
cost = 1.5047e+07
cost = 1.50468e+07
cost = 1.50466e+07
cost = 1.50465e+07
cost = 1.50465e+07
cost = 1.50473e+07
cost = 1.50464e+07
cost = 1.5046e+07
cost = 1.50458e+07
cost = 1.50453e+07
cost = 1.67777e+07
cost = 1.50451e+07
cost = 1.85006e+07
cost = 1.50651e+07
cost = 1.50449e+07
cost = 2.60821e+08
cost = 3.32024e+07
cost = 1.60811e+07
cost = 1.50857e+07
cost = 1.5045e+07
cost = 1.50448e+07
cost = 1.50448e+07
cost = 1.50448e+07
cost = 1.50487e+07
cost = 1.50445e+07
cost = 1.50456e+07
cost = 1.50446e+07
cost = 1.50444e+07
cost = 1.50503e+07
cost = 1.50454e+07
cost = 1.50443e+07
cost = 1.50438e+07
cost = 1.50436e+07
cost = 1.50433e+07
cost = 1.50432e+07
cost = 1.5043e+07
cost = 1.50427e+07
cost = 1.50427e+07
cost = 1.50425e+07
cost = 1.50422e+07
cost = 1.50419e+07
cost = 1.50416e+07
cost = 1.50413e+07
cost = 1.50436e+07
cost = 1.50413e+07
cost = 1.50441e+07
cost = 1.50418e+07
cost = 1.50413e+07
cost = 1.50408e+07
cost = 1.50407e+07
cost = 1.50406e+07
cost = 1.50404e+07
cost = 1.50402e+07
cost = 1.50399e+07
cost = 1.50394e+07
cost = 1.50389e+07
cost = 1.50384e+07
cost = 1.50387e+07
cost = 1.50382e+07
cost = 1.50377e+07
cost = 1.50375e+07
cost = 1.50374e+07
cost = 1.50373e+07
cost = 1.50371e+07
cost = 1.50371e+07
cost = 1.5037e+07
cost = 1.50368e+07
cost = 1.50366e+07
cost = 1.50365e+07
cost = 1.50363e+07
cost = 1.50362e+07
cost = 1.50372e+07
cost = 1.50362e+07
cost = 1.5036e+07
cost = 1.50359e+07
cost = 1.50358e+07
cost = 3.04918e+07
cost = 1.51116e+07
cost = 1.50357e+07
cost = 1.50356e+07
cost = 1.5156e+07
cost = 1.50357e+07
cost = 1.50355e+07
cost = 2.49181e+07
cost = 1.5722e+07
cost = 1.50773e+07
cost = 1.50363e+07
cost = 1.50355e+07
cost = 1.50355e+07
cost = 1.50355e+07
cost = 1.50355e+07
cost = 1.56626e+07
cost = 1.50369e+07
cost = 1.50356e+07
cost = 1.50354e+07
cost = 1.50353e+07
cost = 1.50352e+07
cost = 1.50351e+07
cost = 1.50349e+07
cost = 1.5094e+07
cost = 1.50348e+07
cost = 1.57958e+07
cost = 1.50555e+07
cost = 1.50348e+07
cost = 3.3479e+07
cost = 1.67853e+07
cost = 1.52151e+07
cost = 1.5053e+07
cost = 1.50364e+07
cost = 1.50349e+07
cost = 1.50348e+07
cost = 1.50384e+07
cost = 1.50349e+07
cost = 1.50346e+07
cost = 1.50348e+07
cost = 1.50345e+07
cost = 1.50344e+07
cost = 1.50346e+07
cost = 1.50344e+07
cost = 1.50343e+07
cost = 1.50343e+07
cost = 1.50342e+07
cost = 1.50341e+07
cost = 1.50341e+07
cost = 1.5034e+07
cost = 1.5034e+07
cost = 1.50339e+07
cost = 1.50338e+07
cost = 1.50336e+07
cost = 1.50335e+07
cost = 1.50333e+07
cost = 1.50332e+07
cost = 1.5033e+07
cost = 1.50327e+07
cost = 1.50324e+07
cost = 1.50323e+07
cost = 1.50318e+07
cost = 1.50327e+07
cost = 1.50315e+07
cost = 1.5295e+07
cost = 1.50333e+07
cost = 1.50312e+07
cost = 1.50319e+07
cost = 1.5031e+07
cost = 1.50309e+07
cost = 1.50307e+07
cost = 1.51845e+07
cost = 1.50349e+07
cost = 1.50305e+07
cost = 1.50304e+07
cost = 1.50302e+07
cost = 1.50306e+07
cost = 1.50301e+07
cost = 1.50301e+07
cost = 1.5036e+07
cost = 1.50306e+07
cost = 1.50301e+07
cost = 1.503e+07
cost = 1.50298e+07
cost = 1.50297e+07
cost = 1.50641e+07
cost = 1.50312e+07
cost = 1.50296e+07
cost = 1.50294e+07
cost = 1.50293e+07
cost = 1.50293e+07
cost = 1.50293e+07
cost = 1.50291e+07
cost = 1.50296e+07
cost = 1.50291e+07
cost = 1.5029e+07
cost = 1.50288e+07
cost = 1.50287e+07
cost = 1.50289e+07
cost = 1.50285e+07
cost = 1.50293e+07
cost = 1.50284e+07
cost = 1.50283e+07
cost = 1.5028e+07
cost = 1.5028e+07
cost = 1.5028e+07
cost = 1.50279e+07
cost = 1.50279e+07
cost = 1.50278e+07
cost = 1.50282e+07
cost = 1.50278e+07
cost = 1.50277e+07
cost = 1.50276e+07
cost = 1.50275e+07
cost = 1.50274e+07
cost = 1.50274e+07
cost = 1.50276e+07
cost = 1.50274e+07
cost = 1.50273e+07
cost = 1.50272e+07
cost = 1.50271e+07
cost = 1.5027e+07
cost = 1.50269e+07
cost = 1.50268e+07
cost = 1.50266e+07
cost = 1.50266e+07
cost = 1.50264e+07
cost = 1.50262e+07
cost = 1.5026e+07
cost = 1.79152e+07
cost = 1.51228e+07
cost = 1.5031e+07
cost = 1.50261e+07
cost = 1.5026e+07
cost = 2.93597e+07
cost = 1.5627e+07
cost = 1.50652e+07
cost = 1.50295e+07
cost = 1.50263e+07
cost = 1.5026e+07
cost = 1.5026e+07
cost = 1.50259e+07
cost = 1.50259e+07
cost = 1.50259e+07
cost = 1.50258e+07
cost = 1.50258e+07
cost = 1.50258e+07
cost = 1.50258e+07
cost = 1.50258e+07
cost = 1.50258e+07
cost = 1.50257e+07
cost = 1.50257e+07
cost = 1.50257e+07
cost = 1.50256e+07
cost = 1.50256e+07
cost = 1.50256e+07
cost = 1.50255e+07
cost = 1.50254e+07
cost = 1.50254e+07
cost = 1.50253e+07
cost = 1.50253e+07
cost = 1.50252e+07
cost = 1.50252e+07
cost = 1.50251e+07
cost = 1.5025e+07
cost = 1.5025e+07
cost = 1.50266e+07
cost = 1.50251e+07
cost = 1.5025e+07
cost = 1.50249e+07
cost = 1.50248e+07
cost = 1.5025e+07
cost = 1.50247e+07
cost = 1.50247e+07
cost = 1.50246e+07
cost = 1.50246e+07
cost = 1.50245e+07
cost = 1.50245e+07
cost = 1.50244e+07
cost = 1.50243e+07
cost = 1.50242e+07
cost = 1.50242e+07
cost = 1.50241e+07
cost = 1.5024e+07
cost = 1.50242e+07
cost = 1.5024e+07
cost = 1.50243e+07
cost = 1.5024e+07
cost = 1.50239e+07
cost = 1.50239e+07
cost = 1.50238e+07
cost = 1.50237e+07
cost = 1.50236e+07
cost = 1.50235e+07
cost = 1.50234e+07
cost = 1.50232e+07
cost = 1.5023e+07
cost = 1.50229e+07
cost = 1.50227e+07
cost = 1.50224e+07
cost = 1.50222e+07
cost = 1.50219e+07
cost = 1.50217e+07
cost = 1.50215e+07
cost = 1.50213e+07
cost = 1.50211e+07
cost = 1.50212e+07
cost = 1.5021e+07
cost = 1.50209e+07
cost = 1.50207e+07
cost = 1.50205e+07
cost = 1.50203e+07
cost = 1.50203e+07
cost = 1.50201e+07
cost = 1.502e+07
cost = 1.50199e+07
cost = 1.50198e+07
cost = 1.50198e+07
cost = 1.50197e+07
cost = 1.50197e+07
cost = 1.50196e+07
cost = 1.50195e+07
cost = 1.50194e+07
cost = 1.50194e+07
cost = 1.50193e+07
cost = 1.50191e+07
cost = 1.50189e+07
cost = 1.50186e+07
cost = 1.50183e+07
cost = 1.50181e+07
cost = 1.5018e+07
cost = 1.50177e+07
cost = 1.50176e+07
cost = 1.50175e+07
cost = 1.50173e+07
cost = 1.50171e+07
cost = 1.50172e+07
cost = 1.5017e+07
cost = 1.50169e+07
cost = 1.50169e+07
cost = 1.50168e+07
cost = 1.50166e+07
cost = 1.50162e+07
cost = 1.50159e+07
cost = 1.50156e+07
cost = 1.50153e+07
cost = 1.50151e+07
cost = 1.50149e+07
cost = 1.50146e+07
cost = 1.50144e+07
cost = 1.50142e+07
cost = 1.5014e+07
cost = 1.50138e+07
cost = 1.50136e+07
cost = 1.50132e+07
cost = 1.50129e+07
cost = 1.50126e+07
cost = 1.50123e+07
cost = 1.50121e+07
cost = 1.50119e+07
cost = 1.50118e+07
cost = 1.50117e+07
cost = 1.50116e+07
cost = 1.50114e+07
cost = 1.50113e+07
cost = 1.50111e+07
cost = 1.50159e+07
cost = 1.5011e+07
cost = 1.50497e+07
cost = 1.50123e+07
cost = 1.50109e+07
cost = 1.50106e+07
cost = 1.50105e+07
cost = 1.50102e+07
cost = 1.50102e+07
cost = 1.50111e+07
cost = 1.50102e+07
cost = 1.501e+07
cost = 1.50099e+07
cost = 1.50098e+07
cost = 1.50097e+07
cost = 1.50096e+07
cost = 1.50095e+07
cost = 1.50093e+07
cost = 1.50091e+07
cost = 1.5009e+07
cost = 1.50088e+07
cost = 1.50088e+07
cost = 1.50088e+07
cost = 1.50094e+07
cost = 1.50088e+07
cost = 1.50088e+07
cost = 1.50085e+07
cost = 1.50085e+07
cost = 1.50084e+07
cost = 1.50084e+07
cost = 1.50083e+07
cost = 1.50082e+07
cost = 1.50081e+07
cost = 1.5008e+07
cost = 1.50079e+07
cost = 1.5008e+07
cost = 1.50079e+07
cost = 1.50078e+07
cost = 1.50078e+07
cost = 1.50077e+07
cost = 1.50076e+07
cost = 1.50074e+07
cost = 1.50073e+07
cost = 1.50072e+07
cost = 1.50071e+07
cost = 1.50071e+07
cost = 1.50069e+07
cost = 1.50068e+07
cost = 1.50068e+07
cost = 1.50068e+07
cost = 1.50067e+07
cost = 1.50067e+07
cost = 1.50066e+07
cost = 1.50065e+07
cost = 1.50065e+07
cost = 1.50063e+07
cost = 1.50062e+07
cost = 1.5237e+07
cost = 1.50061e+07
cost = 1.7515e+07
cost = 1.50279e+07
cost = 1.5006e+07
cost = 1.80393e+08
cost = 2.91921e+07
cost = 1.60044e+07
cost = 1.50565e+07
cost = 1.50071e+07
cost = 1.5006e+07
cost = 1.50061e+07
cost = 1.5006e+07
cost = 1.50083e+07
cost = 1.50062e+07
cost = 1.50059e+07
cost = 1.50058e+07
cost = 1.50057e+07
cost = 1.50056e+07
cost = 1.50055e+07
cost = 1.50054e+07
cost = 1.50053e+07
cost = 1.50052e+07
cost = 1.50051e+07
cost = 1.50049e+07
cost = 1.50048e+07
cost = 1.50047e+07
cost = 1.50047e+07
cost = 1.50047e+07
cost = 1.50046e+07
cost = 1.50044e+07
cost = 1.50043e+07
cost = 1.50041e+07
cost = 1.5004e+07
cost = 1.5004e+07
cost = 1.50039e+07
cost = 1.50037e+07
cost = 1.50035e+07
cost = 1.50032e+07
cost = 1.50029e+07
cost = 1.50026e+07
cost = 1.50054e+07
cost = 1.50026e+07
cost = 1.50022e+07
cost = 1.50019e+07
cost = 1.50013e+07
cost = 1.50005e+07
cost = 1.50002e+07
cost = 3.51946e+08
cost = 2.6282e+07
cost = 1.56327e+07
cost = 1.50239e+07
cost = 1.49999e+07
cost = 1.50994e+07
cost = 1.50079e+07
cost = 1.50006e+07
cost = 1.49998e+07
cost = 1.49995e+07
cost = 1.49989e+07
cost = 1.49978e+07
cost = 1.51147e+07
cost = 1.50035e+07
cost = 1.49978e+07
cost = 1.49971e+07
cost = 1.49968e+07
cost = 1.49965e+07
cost = 1.50005e+07
cost = 1.49963e+07
cost = 1.50029e+07
cost = 1.49965e+07
cost = 1.49962e+07
cost = 1.49964e+07
cost = 1.49961e+07
cost = 1.49959e+07
cost = 1.49956e+07
cost = 1.49956e+07
cost = 1.49954e+07
cost = 1.49953e+07
cost = 1.49957e+07
cost = 1.49953e+07
cost = 1.49952e+07
cost = 1.49951e+07
cost = 1.4995e+07
cost = 1.49949e+07
cost = 1.49948e+07
cost = 1.49947e+07
cost = 1.49946e+07
cost = 1.49944e+07
cost = 1.49941e+07
cost = 1.49937e+07
cost = 1.49938e+07
cost = 1.49934e+07
cost = 1.4997e+07
cost = 1.49932e+07
cost = 1.49957e+07
cost = 1.49932e+07
cost = 1.49927e+07
cost = 1.49926e+07
cost = 1.49925e+07
cost = 1.49923e+07
cost = 1.49922e+07
cost = 1.4992e+07
cost = 1.49918e+07
cost = 1.49917e+07
cost = 1.49915e+07
cost = 1.49913e+07
cost = 1.49912e+07
cost = 1.49911e+07
cost = 1.4991e+07
cost = 1.49909e+07
cost = 1.49908e+07
cost = 1.49908e+07
cost = 1.49907e+07
cost = 1.49906e+07
cost = 1.49906e+07
cost = 1.49905e+07
cost = 1.49904e+07
cost = 1.49903e+07
cost = 1.49902e+07
cost = 1.49901e+07
cost = 1.499e+07
cost = 1.49898e+07
cost = 1.49896e+07
cost = 1.49895e+07
cost = 1.49892e+07
cost = 1.49891e+07
cost = 1.49891e+07
cost = 1.4989e+07
cost = 1.49888e+07
cost = 1.49887e+07
cost = 1.50601e+07
cost = 1.49944e+07
cost = 1.49893e+07
cost = 1.49887e+07
cost = 1.49885e+07
cost = 1.49884e+07
cost = 1.49881e+07
cost = 1.49881e+07
cost = 1.4988e+07
cost = 1.49879e+07
cost = 1.49877e+07
cost = 1.49877e+07
cost = 1.49875e+07
cost = 1.49874e+07
cost = 1.49873e+07
cost = 1.49872e+07
cost = 1.49871e+07
cost = 1.49869e+07
cost = 1.49867e+07
cost = 1.49865e+07
cost = 1.49861e+07
cost = 1.49858e+07
cost = 1.49853e+07
cost = 1.55402e+07
cost = 1.50233e+07
cost = 1.49871e+07
cost = 1.49853e+07
cost = 1.49855e+07
cost = 1.49849e+07
cost = 1.49846e+07
cost = 1.49842e+07
cost = 1.49839e+07
cost = 1.49839e+07
cost = 1.49837e+07
cost = 1.49835e+07
cost = 1.49834e+07
cost = 1.49831e+07
cost = 1.49832e+07
cost = 1.49829e+07
cost = 1.49831e+07
cost = 1.49828e+07
cost = 1.49825e+07
cost = 1.49823e+07
cost = 1.49821e+07
cost = 1.49819e+07
cost = 1.49816e+07
cost = 1.49814e+07
cost = 1.49809e+07
cost = 1.49807e+07
cost = 1.49804e+07
cost = 1.49803e+07
cost = 1.49806e+07
cost = 1.49804e+07
cost = 1.49803e+07
cost = 1.49802e+07
cost = 1.49801e+07
cost = 1.49801e+07
cost = 1.498e+07
cost = 1.49799e+07
cost = 1.49798e+07
cost = 1.49796e+07
cost = 1.49795e+07
cost = 1.49794e+07
cost = 1.49793e+07
cost = 1.49793e+07
cost = 1.49792e+07
cost = 1.49791e+07
cost = 1.4979e+07
cost = 1.49789e+07
cost = 1.49789e+07
cost = 1.49788e+07
cost = 1.49786e+07
cost = 1.49784e+07
cost = 1.49783e+07
cost = 1.49783e+07
cost = 1.4978e+07
cost = 1.49779e+07
cost = 1.49778e+07
cost = 1.49777e+07
cost = 1.49776e+07
cost = 1.49774e+07
cost = 1.49771e+07
cost = 1.49776e+07
cost = 1.4977e+07
cost = 1.49768e+07
cost = 1.49767e+07
cost = 1.49765e+07
cost = 1.49791e+07
cost = 1.49764e+07
cost = 1.52025e+07
cost = 1.4977e+07
cost = 1.49763e+07
cost = 1.97307e+07
cost = 1.52894e+07
cost = 1.49899e+07
cost = 1.49764e+07
cost = 1.49763e+07
cost = 1.49763e+07
cost = 1.49763e+07
cost = 1.49761e+07
cost = 1.4976e+07
cost = 1.49759e+07
cost = 1.49763e+07
cost = 1.49758e+07
cost = 1.49758e+07
cost = 1.49757e+07
cost = 1.49756e+07
cost = 1.49755e+07
cost = 1.49754e+07
cost = 1.49754e+07
cost = 1.49753e+07
cost = 1.49752e+07
cost = 1.4975e+07
cost = 1.49748e+07
cost = 1.49747e+07
cost = 1.49745e+07
cost = 1.49743e+07
cost = 1.49741e+07
cost = 1.49738e+07
cost = 1.49736e+07
cost = 1.49734e+07
cost = 1.4973e+07
cost = 1.49732e+07
cost = 1.49728e+07
cost = 1.49727e+07
cost = 1.49725e+07
cost = 1.49723e+07
cost = 1.49722e+07
cost = 1.4972e+07
cost = 1.49718e+07
cost = 1.49716e+07
cost = 1.49715e+07
cost = 1.49713e+07
cost = 1.49713e+07
cost = 1.49712e+07
cost = 1.49711e+07
cost = 1.49711e+07
cost = 1.49709e+07
cost = 1.49709e+07
cost = 1.49708e+07
cost = 1.49708e+07
cost = 1.49728e+07
cost = 1.49711e+07
cost = 1.49709e+07
cost = 1.49708e+07
cost = 1.49708e+07
cost = 1.49707e+07
cost = 1.49706e+07
cost = 1.49705e+07
cost = 1.49705e+07
cost = 1.49705e+07
cost = 1.49704e+07
cost = 1.49703e+07
cost = 1.49703e+07
cost = 1.49703e+07
cost = 1.49702e+07
cost = 1.49702e+07
cost = 1.49701e+07
cost = 1.497e+07
cost = 1.49699e+07
cost = 1.49697e+07
cost = 1.49696e+07
cost = 1.49695e+07
cost = 1.49694e+07
cost = 1.49692e+07
cost = 1.49691e+07
cost = 1.4969e+07
cost = 1.49689e+07
cost = 1.49688e+07
cost = 1.49687e+07
cost = 1.49687e+07
cost = 1.49769e+07
cost = 1.49693e+07
cost = 1.49687e+07
cost = 1.49687e+07
cost = 1.49695e+07
cost = 1.49687e+07
cost = 1.49686e+07
cost = 1.49988e+07
cost = 1.49709e+07
cost = 1.49689e+07
cost = 1.49686e+07
cost = 1.49685e+07
cost = 1.49685e+07
cost = 1.49684e+07
cost = 1.49685e+07
cost = 1.49684e+07
cost = 1.49684e+07
cost = 1.49683e+07
cost = 1.49683e+07
cost = 1.49683e+07
cost = 1.49682e+07
cost = 1.49681e+07
cost = 1.4968e+07
cost = 1.4968e+07
cost = 1.4968e+07
cost = 1.49679e+07
cost = 1.49678e+07
cost = 1.49677e+07
cost = 1.49676e+07
cost = 1.49676e+07
cost = 1.49675e+07
cost = 1.49691e+07
cost = 1.49676e+07
cost = 1.49675e+07
cost = 1.49675e+07
cost = 1.49674e+07
cost = 1.49674e+07
cost = 1.49674e+07
cost = 1.49673e+07
cost = 1.49672e+07
cost = 1.49672e+07
cost = 1.49671e+07
cost = 1.49669e+07
cost = 1.49668e+07
cost = 1.49962e+07
cost = 1.49681e+07
cost = 1.49667e+07
cost = 1.49666e+07
cost = 1.49664e+07
cost = 1.49662e+07
cost = 1.49662e+07
cost = 1.49661e+07
cost = 1.4966e+07
cost = 1.4966e+07
cost = 1.49658e+07
cost = 1.49658e+07
cost = 1.49657e+07
cost = 1.49655e+07
cost = 1.49654e+07
cost = 1.49653e+07
cost = 1.49652e+07
cost = 1.4965e+07
cost = 1.49648e+07
cost = 1.49646e+07
cost = 1.49644e+07
cost = 1.49644e+07
cost = 1.49642e+07
cost = 1.49641e+07
cost = 1.4964e+07
cost = 1.49639e+07
cost = 1.49638e+07
cost = 1.49637e+07
cost = 1.49636e+07
cost = 1.49635e+07
cost = 1.49634e+07
cost = 1.49633e+07
cost = 1.49632e+07
cost = 1.49631e+07
cost = 1.4963e+07
cost = 1.4963e+07
cost = 1.49629e+07
cost = 1.49628e+07
cost = 1.49628e+07
cost = 1.49628e+07
cost = 1.49627e+07
cost = 1.49626e+07
cost = 1.49626e+07
cost = 1.49625e+07
cost = 1.49624e+07
cost = 1.49622e+07
cost = 1.49622e+07
cost = 1.87194e+07
cost = 1.49621e+07
cost = 1.49619e+07
cost = 1.49618e+07
cost = 2.13425e+07
cost = 1.49617e+07
cost = 1.50404e+07
cost = 1.49617e+07
cost = 1.49616e+07
cost = 1.57755e+08
cost = 2.45663e+07
cost = 1.53842e+07
cost = 1.49781e+07
cost = 1.49618e+07
cost = 1.49616e+07
cost = 1.49616e+07
cost = 1.5115e+07
cost = 1.49946e+07
cost = 1.49694e+07
cost = 1.49628e+07
cost = 1.49615e+07
cost = 1.49613e+07
cost = 1.49612e+07
cost = 1.49611e+07
cost = 1.49897e+07
cost = 1.49633e+07
cost = 1.49612e+07
cost = 1.49611e+07
cost = 1.50409e+07
cost = 1.49707e+07
cost = 1.49628e+07
cost = 1.49612e+07
cost = 1.4961e+07
cost = 1.49609e+07
cost = 1.49609e+07
cost = 1.49608e+07
cost = 1.49607e+07
cost = 1.49605e+07
cost = 1.49602e+07
cost = 1.49708e+07
cost = 1.4962e+07
cost = 1.49604e+07
cost = 1.49601e+07
cost = 1.49599e+07
cost = 1.49597e+07
cost = 1.49595e+07
cost = 1.49592e+07
cost = 1.4959e+07
cost = 1.49589e+07
cost = 1.49588e+07
cost = 1.49588e+07
cost = 1.49587e+07
cost = 1.49586e+07
cost = 1.49586e+07
cost = 1.49585e+07
cost = 1.49584e+07
cost = 1.49583e+07
cost = 1.49582e+07
cost = 1.49581e+07
cost = 1.4958e+07
cost = 1.4958e+07
cost = 1.49579e+07
cost = 1.49579e+07
cost = 1.49578e+07
cost = 1.49577e+07
cost = 1.49577e+07
cost = 1.49576e+07
cost = 1.49576e+07
cost = 1.49575e+07
cost = 1.49575e+07
cost = 1.49574e+07
cost = 1.49573e+07
cost = 1.49572e+07
cost = 1.49571e+07
cost = 1.49571e+07
cost = 1.4957e+07
cost = 1.4957e+07
cost = 1.49569e+07
cost = 1.49569e+07
cost = 1.49569e+07
cost = 1.49568e+07
cost = 1.49568e+07
cost = 1.49567e+07
cost = 1.49567e+07
cost = 1.49567e+07
cost = 1.49566e+07
cost = 1.49565e+07
cost = 1.49563e+07
cost = 1.49564e+07
cost = 1.49563e+07
cost = 1.49561e+07
cost = 1.62909e+07
cost = 1.50229e+07
cost = 1.4962e+07
cost = 1.49565e+07
cost = 1.49561e+07
cost = 1.49561e+07
cost = 1.49559e+07
cost = 1.49559e+07
cost = 1.49558e+07
cost = 1.49558e+07
cost = 1.49557e+07
cost = 1.49557e+07
cost = 1.49557e+07
cost = 1.49556e+07
cost = 1.49555e+07
cost = 1.49555e+07
cost = 1.49554e+07
cost = 1.49553e+07
cost = 1.49553e+07
cost = 1.49555e+07
cost = 1.49552e+07
cost = 1.49551e+07
cost = 1.49557e+07
cost = 1.49551e+07
cost = 1.4955e+07
cost = 1.49549e+07
cost = 1.49547e+07
cost = 1.49545e+07
cost = 1.50354e+07
cost = 1.49544e+07
cost = 1.49547e+07
cost = 1.49543e+07
cost = 2.17696e+10
cost = 4.45005e+08
cost = 1.51154e+07
cost = 1.49664e+07
cost = 1.49558e+07
cost = 1.49544e+07
cost = 1.49542e+07
cost = 1.49541e+07
cost = 1.4954e+07
cost = 1.49539e+07
cost = 1.49538e+07
cost = 1.49538e+07
cost = 1.49537e+07
cost = 1.49537e+07
cost = 1.49536e+07
cost = 1.49536e+07
cost = 1.49535e+07
cost = 1.49534e+07
cost = 1.49534e+07
cost = 1.49533e+07
cost = 1.49532e+07
cost = 1.49531e+07
cost = 1.49528e+07
cost = 1.49527e+07
cost = 1.49526e+07
cost = 1.49525e+07
cost = 1.49526e+07
cost = 1.49524e+07
cost = 1.49523e+07
cost = 1.49522e+07
cost = 1.49521e+07
cost = 1.4952e+07
cost = 1.4952e+07
cost = 1.4952e+07
cost = 1.49519e+07
cost = 1.49519e+07
cost = 1.49518e+07
cost = 1.49518e+07
cost = 1.49517e+07
cost = 1.49517e+07
cost = 1.49516e+07
cost = 1.49516e+07
cost = 1.49515e+07
cost = 1.49514e+07
cost = 1.49514e+07
cost = 1.49513e+07
cost = 1.49513e+07
cost = 1.49511e+07
cost = 1.4951e+07
cost = 1.49509e+07
cost = 1.49508e+07
cost = 1.49507e+07
cost = 1.49506e+07
cost = 1.49583e+07
cost = 1.49509e+07
cost = 1.49506e+07
cost = 1.49512e+07
cost = 1.49507e+07
cost = 1.49506e+07
cost = 1.49505e+07
cost = 1.49505e+07
cost = 1.49505e+07
cost = 1.49504e+07
cost = 1.49504e+07
cost = 1.49503e+07
cost = 1.49503e+07
cost = 1.49503e+07
cost = 1.49502e+07
cost = 1.49502e+07
cost = 1.49501e+07
cost = 1.49501e+07
cost = 1.495e+07
cost = 1.495e+07
cost = 1.49499e+07
cost = 1.49498e+07
cost = 1.49498e+07
cost = 1.49501e+07
cost = 1.49498e+07
cost = 1.49497e+07
cost = 1.49497e+07
cost = 1.49497e+07
cost = 1.49496e+07
cost = 1.49496e+07
cost = 1.49496e+07
cost = 1.49496e+07
cost = 1.49495e+07
cost = 1.49494e+07
cost = 1.49494e+07
cost = 1.49493e+07
cost = 1.49493e+07
cost = 1.49492e+07
cost = 1.49492e+07
cost = 1.49491e+07
cost = 1.4949e+07
cost = 1.49505e+07
cost = 1.49493e+07
cost = 1.4949e+07
cost = 1.4949e+07
cost = 1.49489e+07
cost = 1.49488e+07
cost = 1.49487e+07
cost = 1.49486e+07
cost = 1.49485e+07
cost = 1.49484e+07
cost = 1.49482e+07
cost = 1.4948e+07
cost = 1.49479e+07
cost = 1.49478e+07
cost = 1.49477e+07
cost = 1.49476e+07
cost = 1.49475e+07
cost = 1.49474e+07
cost = 1.49489e+07
cost = 1.49475e+07
cost = 1.49474e+07
cost = 1.49482e+07
cost = 1.49474e+07
cost = 1.49473e+07
cost = 1.49473e+07
cost = 1.49472e+07
cost = 1.49472e+07
cost = 1.49471e+07
cost = 1.49471e+07
cost = 1.49471e+07
cost = 1.4947e+07
cost = 1.4947e+07
cost = 1.4947e+07
cost = 1.49469e+07
cost = 1.49469e+07
cost = 1.49469e+07
cost = 1.49468e+07
cost = 1.49467e+07
cost = 1.49467e+07
cost = 1.49466e+07
cost = 1.49465e+07
cost = 1.49464e+07
cost = 1.49463e+07
cost = 1.49462e+07
cost = 1.49462e+07
cost = 1.49461e+07
cost = 1.4946e+07
cost = 1.4946e+07
cost = 1.49459e+07
cost = 1.49459e+07
cost = 1.49459e+07
cost = 1.49458e+07
cost = 1.49458e+07
cost = 1.49457e+07
cost = 1.49457e+07
cost = 1.49457e+07
cost = 1.4946e+07
cost = 1.49456e+07
cost = 1.49483e+07
cost = 1.49457e+07
cost = 1.49456e+07
cost = 1.49461e+07
cost = 1.49457e+07
cost = 1.49455e+07
cost = 1.49455e+07
cost = 1.49455e+07
cost = 1.49455e+07
cost = 1.49455e+07
cost = 1.49454e+07
cost = 1.49454e+07
cost = 1.49454e+07
cost = 1.49454e+07
cost = 1.49454e+07
cost = 1.49454e+07
cost = 1.49453e+07
cost = 1.49453e+07
cost = 1.49453e+07
cost = 1.49452e+07
cost = 1.49452e+07
cost = 1.49451e+07
cost = 1.49451e+07
cost = 1.4945e+07
cost = 1.4945e+07
cost = 1.49449e+07
cost = 1.49449e+07
cost = 1.49448e+07
cost = 1.49447e+07
cost = 1.49447e+07
cost = 1.49446e+07
cost = 1.49445e+07
cost = 1.49445e+07
cost = 1.49462e+07
cost = 1.49446e+07
cost = 1.49444e+07
cost = 1.49446e+07
cost = 1.49444e+07
cost = 1.49444e+07
cost = 1.49443e+07
cost = 1.49443e+07
cost = 1.49442e+07
cost = 1.49441e+07
cost = 1.49449e+07
cost = 1.49441e+07
cost = 1.49441e+07
cost = 1.49443e+07
cost = 1.49441e+07
cost = 1.4944e+07
cost = 1.49439e+07
cost = 1.49439e+07
cost = 1.49438e+07
cost = 1.49437e+07
cost = 1.49436e+07
cost = 1.49435e+07
cost = 1.49433e+07
cost = 1.49431e+07
cost = 1.4943e+07
cost = 1.49427e+07
cost = 1.49431e+07
cost = 1.49427e+07
cost = 1.49425e+07
cost = 1.4944e+07
cost = 1.49425e+07
cost = 1.49424e+07
cost = 1.49422e+07
cost = 1.49423e+07
cost = 1.49422e+07
cost = 1.49421e+07
cost = 1.4942e+07
cost = 1.49419e+07
cost = 1.49423e+07
cost = 1.49419e+07
cost = 1.49418e+07
cost = 1.49417e+07
cost = 1.49417e+07
cost = 1.49416e+07
cost = 1.49415e+07
cost = 1.49414e+07
cost = 1.49412e+07
cost = 1.4941e+07
cost = 1.49408e+07
cost = 1.49405e+07
cost = 1.49403e+07
cost = 1.494e+07
cost = 1.49398e+07
cost = 1.49395e+07
cost = 1.49392e+07
cost = 1.49389e+07
cost = 1.49388e+07
cost = 1.49451e+07
cost = 1.494e+07
cost = 1.49388e+07
cost = 1.49387e+07
cost = 1.49384e+07
cost = 1.49381e+07
cost = 1.50062e+07
cost = 1.4938e+07
cost = 4.57836e+07
cost = 1.75138e+07
cost = 1.51214e+07
cost = 1.4949e+07
cost = 1.49384e+07
cost = 1.4938e+07
[31m[se3_node-1] escalating to SIGTERM[0m
... logging to /home/amplanner/am-planner-ws/logs/s1-r1-runtime/write_diagnosis_run_01/ros_home/log/43bd8c18-8ce4-11f1-b46a-00155d6b0466/roslaunch-SC-202607101733-205.log
Checking log directory for disk usage. This may take a while.
Press Ctrl-C to interrupt
Done checking log file disk usage. Usage is <1GB.
]2;/home/amplanner/am-planner-ws/src/am-planner/src/plan/plan_manage/launch/run_in_sim_other.launch
[1mstarted roslaunch server http://SC-202607101733:46417/[0m

SUMMARY
========

PARAMETERS
 * /debug: False
 * /debug_endEffector: False
 * /dynar: 0.025
 * /jps/allocate_num: 10000000.0
 * /jps/lambda_heu: 1.0
 * /jps/resolution: 0.03
 * /lift/end_pt: [1.0, 0.0, 1.5]
 * /lift/inter_points: [[2.0, 0.0, 0.0, ...
 * /lift/num_points: 1
 * /lift/object/position: [0.0, 0.0, 0.6]
 * /lift/object/quaternion: [1.0, 0.0, 0.0, 0.0]
 * /lift/start_pt: [-3.0, 0.0, 1.2]
 * /lower_arm: 0.16
 * /map/origin_x: -4
 * /map/origin_y: -5
 * /map/origin_z: 0
 * /map/resolution: 0.03
 * /map/world_frame_id: world
 * /map/x_size: 14
 * /map/y_size: 10
 * /map/z_size: 4
 * /mass: 0.98
 * /mode: 2
 * /num_post_point: 0
 * /num_pre_point: 0
 * /object_height: 0.1
 * /press/end_pt: [2.0, 0.0, 1.2]
 * /press/inter_points: [[2.0, 0.0, 0.0, ...
 * /press/num_points: 1
 * /press/object/position: [0.0, 0.0, 0.6]
 * /press/object/quaternion: [1.0, 0.0, 0.0, 0.0]
 * /press/start_pt: [-2.0, 0.0, 1.2]
 * /pull/end_pt: [3.0, 0.0, 1.2]
 * /pull/inter_points: [[2.0, -0.4, 0.2,...
 * /pull/num_points: 4
 * /pull/object/position: [0.0, 0.0, 0.63]
 * /pull/object/quaternion: [1.0, 0.0, 0.0, 0.0]
 * /pull/start_pt: [-3.0, 0.0, 1.2]
 * /push/end_pt: [2.0, 0.0, 1.2]
 * /push/inter_points: [[2.0, -0.3, 1.0,...
 * /push/num_points: 2
 * /push/object/position: [0.0, 1.0, 0.6]
 * /push/object/quaternion: [1.0, 0.0, 0.0, 0.0]
 * /push/start_pt: [-2.0, 0.0, 1.2]
 * /rate: 100.0
 * /rosdistro: noetic
 * /rosversion: 1.17.4
 * /scale: 1.0
 * /se3_node/ArmVelMax: 0.15
 * /se3_node/BiasArmToBody: 0.04
 * /se3_node/BodyRateMax: 1.5
 * /se3_node/BoundArmZ: 0.06
 * /se3_node/CollectData: False
 * /se3_node/CoordinateNum: 10
 * /se3_node/EEDownVel: 0.05
 * /se3_node/EEEllipsoidVizRGBA: [0.753, 0.886, 0....
 * /se3_node/EllipsoidPath: /misc/data/sphere...
 * /se3_node/EndEffectorRadius: 0.025
 * /se3_node/GraspR: 0.1
 * /se3_node/GravAcc: 9.81
 * /se3_node/HorizHalfLen: 0.17
 * /se3_node/InitVel: 1.5
 * /se3_node/LowerArm: 0.16
 * /se3_node/MapHeight: 4.0
 * /se3_node/MapTopic: /random_complex/g...
 * /se3_node/MaxLengthLine: 1.5
 * /se3_node/MultiLayerOpt: False
 * /se3_node/ObjectHeight: 0.0
 * /se3_node/OdomFrame: world
 * /se3_node/OptRelTol1: 1e-08
 * /se3_node/OptRelTol2: 1e-10
 * /se3_node/OrientationR: 0.1
 * /se3_node/PenaltyArm: [1000000.0, 10000...
 * /se3_node/PenaltyGraspWeight: [5000000000.0, 10...
 * /se3_node/PenaltyPVTB: [100000000.0, 100...
 * /se3_node/PlatformR: 1
 * /se3_node/PolyhedronBox: [1.5, 1.5, 1.0]
 * /se3_node/PrintCost: True
 * /se3_node/QdIntervals: 96
 * /se3_node/QuadEllipsoidVizRGBA: [0.682, 0.824, 0....
 * /se3_node/QuadrotorPath: /misc/data/quadco...
 * /se3_node/Restart: False
 * /se3_node/Rho: 0.001
 * /se3_node/S_CurvCoeff: 0.9
 * /se3_node/SafeMargin: 0.02
 * /se3_node/SmoothR: 3
 * /se3_node/StaticRadius: 0.08
 * /se3_node/TargetTopic: /move_base_simple...
 * /se3_node/TaskArmZ: 0.22
 * /se3_node/ThrustAccMax: 15.0
 * /se3_node/ThrustAccMin: 3.0
 * /se3_node/TotalT: 20
 * /se3_node/TrajVizRGB: [0.8, 0.79, 0.0]
 * /se3_node/TrajVizWidth: 1.0
 * /se3_node/UpperArm: 0.1
 * /se3_node/UseC2Diffeo: True
 * /se3_node/VelMax: 1.5
 * /se3_node/VertHalfLen: 0.12
 * /se3_node/overlap: 5
 * /se3_node/use_object_odom: False
 * /se3_node/use_quadrotor_odom: False
 * /staticR: 0.08
 * /task: write
 * /upper_arm: 0.1
 * /world_frame_id: world
 * /write/end_pt: [3.0, 0.0, 1.5]
 * /write/inter_points: [[2.0, -0.2, 0.18...
 * /write/num_points: 6
 * /write/object/position: [0.0, 0.0, 0.62]
 * /write/object/quaternion: [1.0, 0.0, 0.0, 0.0]
 * /write/start_pt: [-3.0, 0.0, 1.5]

NODES
  /
    se3_node (plan_manage/se3_node)

[1mROS_MASTER_URI=http://localhost:11311[0m
]2;/home/amplanner/am-planner-ws/src/am-planner/src/plan/plan_manage/launch/run_in_sim_other.launch http://localhost:11311
[1mprocess[se3_node-1]: started with pid [246][0m
[se3_node-1] killing on exit
shutting down processing monitor...
... shutting down processing monitor complete
[1mdone[0m
