time_s,q1_rad,q2_rad,q3_rad,qdot1_rad_s,qdot2_rad_s,qdot3_rad_s,qddot1_rad_s2,qddot2_rad_s2,qddot3_rad_s2
0,0.157989852165,0.157989852165,0.157989852165,0.00015924839387,-0.000678877704853,-0.000722388320506,-0.037541277381,0.15541481975,0.166988639134
0.01,0.157989015624,0.157993309365,0.157993569185,-0.000326556507901,0.001370317676,0.00146579230061,-0.0596197029733,0.25442425642,0.270647485091
0.02,0.157983321035,0.158017258518,0.158019168011,-0.0010331456656,0.00440960742354,0.0046905613813,-0.0915261302608,0.401051184328,0.423018717098
0.03,0.157968352711,0.158081501513,0.158087380412,-0.00215707911312,0.00939134136255,0.00992616664258,-0.13081884237,0.5915004827,0.61787512262
0.04,0.157940179453,0.158205085346,0.158217691344,-0.00364952251299,0.0162396170775,0.0170480638337,-0.165177213507,0.774304135346,0.800278805994
0.05,0.157895362261,0.158406293855,0.158428341689,-0.00546062338326,0.0248774240695,0.0259317427625,-0.194477966774,0.949325682299,0.970213151061
0.06,0.157830966985,0.158702633827,0.158736326199,-0.00753908184847,0.0352261307235,0.0364523268549,-0.218561083341,1.11638239421,1.12762934174
0.07,0.157744580624,0.159110816469,0.159157388226,-0.00983184505007,0.0472050719537,0.0484843295972,-0.237241849282,1.27525545013,1.27246166158
0.08,0.157634330084,0.159646735266,0.159706012791,-0.0122839188341,0.0607312397262,0.0619015600865,-0.250322273119,1.42570032874,1.40464198547
0.09,0.157498902247,0.160325441264,0.160395419428,-0.0148382905125,0.0757190785284,0.0765771693067,-0.257601879231,1.56745737078,1.52411337382
0.1,0.157337564274,0.161161116837,0.161237556177,-0.0174359564187,0.0920803871417,0.0923838275629,-0.258887859337,1.7002624169,1.63084263154
0.11,0.157150183119,0.162167049007,0.162243095979,-0.0200160476992,0.109724326866,0.109194021938,-0.254004545067,1.82385737831,1.72483166304
0.12,0.15693724332,0.163355603374,0.163421436616,-0.0225160473201,0.128557534708,0.126880460824,-0.242802149722,1.93800056038,1.80612743949
0.13,0.156699862172,0.164738199701,0.164780705196,-0.0248720906936,0.148484338074,0.145316570727,-0.225164716174,2.04247653219,1.87483039725
0.14,0.156439801506,0.166325290136,0.16632776803,-0.0270193416436,0.169407065352,0.164377068769,-0.201017200369,2.13710531964,1.93110110413
0.15,0.15615947534,0.168126341008,0.168068246571,-0.028892434701,0.191226444467,0.18393859281,-0.170331616683,2.22175069744,1.9751650625
0.16,0.155861952812,0.170149819025,0.170006539887,-0.0304259739772,0.2138420793,0.203880370019,-0.133132171651,2.29632736594,2.00731556253
0.17,0.15555095586,0.172403182594,0.172145853971,-0.031555078134,0.237152991785,0.22408490406,-0.0894993169037,2.36080682172,2.02791455227
0.18,0.155230851249,0.174892878861,0.174488237968,-0.0322159603153,0.261058215735,0.244438661064,-0.0395726604674,2.41522176617,2.03739155032
0.19,0.154906636654,0.177624346909,0.177034627193,-0.0323465313434,0.285457427109,0.264832735067,0.0164473125869,2.45966894032,2.03624068742
0.2,0.154583920622,0.180602027403,0.179784892669,-0.0318870140636,0.310251594541,0.285163474813,0.0782987433706,2.49431032602,2.02501602233
0.21,0.154268896372,0.183829378799,0.182737896689,-0.030780556476,0.335343633629,0.305333055514,0.145659140629,2.51937270908,2.00432533033
0.22,0.153968309493,0.187308900075,0.185891553779,-0.028973831251,0.360639048723,0.325249981419,0.218147352893,2.53514565606,1.97482260732
0.23,0.153689419747,0.191042159774,0.189242896317,-0.0264176094181,0.386046546751,0.34482950766,0.295326739441,2.54197801082,1.93719956589
0.24,0.153439957304,0.19502983101,0.192788143933,-0.0230672964622,0.411478608939,0.363993972737,0.376709482611,2.54027306482,1.8921764204
0.25,0.153228073818,0.199271731953,0.196522775772,-0.0188834197659,0.436852008047,0.382673036068,0.461761957374,2.5304825955,1.84049226579
0.26,0.153062288909,0.203766871171,0.200441604654,-0.0138320573147,0.462088260849,0.400803818053,0.549911047952,2.51309999755,1.78289534934
0.27,0.152951432672,0.20851349717,0.204538852133,-0.00788519880688,0.487114007998,0.418330943055,0.640551276714,2.48865275065,1.7201335173
0.28,0.152904584933,0.213509151331,0.208808223515,-0.00102103178041,0.511861315862,0.435206488399,0.733052588482,2.45769447515,1.65294509078
0.29,0.152931012036,0.218750723487,0.213242981901,0.00677585296277,0.536267897501,0.451389844871,0.826768615023,2.42079682325,1.58205039005
0.3,0.153040101992,0.224234509281,0.217836020413,0.01551434052,0.560277252327,0.4668474962,0.921045230965,2.37854144009,1.50814408543
0.31,0.153241298847,0.229956268533,0.222579931825,0.0251967575821,0.583838726303,0.481552726579,1.01522920441,2.33151220651,1.43188850928
0.32,0.153544037144,0.235911283807,0.227467074944,0.0358189246083,0.606907496458,0.495485266386,1.10867674361,2.28028794709,1.35390801929
0.33,0.153957677339,0.242094418463,0.232489637153,0.0473702924543,0.629444485244,0.508630886965,1.20076174573,2.2254357537,1.27478446049
0.34,0.154491442993,0.248500173512,0.237639692683,0.059834159523,0.651416211532,0.520980955595,1.2908835649,2.16750503959,1.19505373434
0.35,0.155154360529,0.255122742693,0.242909256265,0.0731879637522,0.672794586036,0.532531961652,1.37847413364,2.10702240296,1.11520344827
0.36,0.155955202268,0.261956065233,0.248290331916,0.0874036421957,0.693556659591,0.543285024561,1.46300429468,2.04448734512,1.0356715901
0.37,0.156902433373,0.268993875885,0.253774956756,0.102448049646,0.713684332939,0.553245393454,1.54398922665,1.98036885608,0.956846148748
0.38,0.158004163261,0.276229751892,0.259355239786,0.118283426729,0.733164036713,0.562421947536,1.62099287749,1.91510285314,0.879065585407
0.39,0.159268101908,0.283657156619,0.265023395707,0.134867907196,0.751986390001,0.570826705162,1.69363135134,1.84909043434,0.802620048171
0.4,0.160701521405,0.291269479692,0.270771773889,0.152156053756,0.7701458454,0.578474348499,1.7615752269,1.78269689024,0.727753217297
0.41,0.162311222983,0.299060073527,0.276592882677,0.170099411734,0.787640327806,0.585381769508,1.82455081664,1.71625140349,0.654664666889
0.42,0.164103509639,0.307022286248,0.282479409279,0.188647070088,0.804470873469,0.591567641837,1.88234040556,1.65004735675,0.583512631554
0.43,0.166084164385,0.315149490997,0.288424235513,0.207746219845,0.820641274941,0.597052022139,1.93478153376,1.58434316409,0.514417072272
0.44,0.168258434036,0.323435111747,0.294420449722,0.227342700764,0.836157736751,0.601855983282,1.98176540893,1.51936353988,0.447462943938
0.45,0.1706310184,0.331872645732,0.300461355179,0.247381528024,0.851028545739,0.606001281018,2.02323455186,1.45530112063,0.382703576712
0.46,0.173206064597,0.340455682661,0.306540475342,0.267807391801,0.865263759164,0.609510054817,2.05917978985,1.39231835929,0.320164093962
0.47,0.175987166236,0.349177920915,0.312651556275,0.28856512382,0.878874912925,0.612404562897,2.08963672002,1.3305496172,0.259844800795
0.48,0.178977367073,0.35803318092,0.3187885666,0.309600126201,0.891874751508,0.614706950832,2.11468176667,1.27010338641,0.201724488149
0.49,0.18217916876,0.367015415945,0.324945695292,0.330858759154,0.904276980653,0.61643905266,2.13442795447,1.2110645821,0.145763608038
0.5,0.185594542256,0.376118720533,0.331117347653,0.352288685291,0.91609604315,0.617622222993,2.14902051375,1.15349685393,0.0919072855372
0.51,0.189224942466,0.385337336808,0.337298139752,0.373839169429,0.927346917731,0.618277198371,2.1586324249,1.09744487232,0.0400881421625
0.52,0.193071325645,0.394665658888,0.343482891621,0.395461333789,0.938044940596,0.618423985836,2.16345999773,1.04293655436,-0.0097710866326
0.53,0.197134169141,0.40409823562,0.349666619469,0.417108369383,0.948205648818,0.618081776638,2.16371856908,0.989985200598,-0.0577551500164
0.54,0.201413493032,0.413629771864,0.355844527153,0.43873570517,0.957844644608,0.617268882836,2.15963838798,0.938591521441,-0.103954100533
0.55,0.205908883245,0.423255128512,0.362011997125,0.460301137143,0.966977479247,0.616002694627,2.15146074417,0.888745537119,-0.148461332207
0.56,0.210619515775,0.432969321449,0.368164581046,0.481764920054,0.975619555351,0.614299656192,2.1394343821,0.840428341131,-0.191371833048
0.57,0.215544181646,0.442767519619,0.374297990249,0.503089824785,0.98378604607,0.612175257966,2.1238122298,0.793613721132,-0.232780643806
0.58,0.220681312271,0.45264504237,0.380408086205,0.52424116465,0.991491829773,0.609644043316,2.10484846048,0.748269635206,-0.272781512342
0.59,0.226029004939,0.462597356215,0.386490871116,0.545186793995,0.998751438774,0.606719627719,2.08279589422,0.704359544487,-0.311465731369
0.6,0.231585048151,0.472620071146,0.39254247876,0.565897082534,1.00557902066,0.603414728688,2.05790373842,0.661843605641,-0.348921146055
0.61,0.23734694659,0.482708936628,0.398559165689,0.586344868763,1.01198831089,0.599741204798,2.03041565814,0.620679728567,-0.385231317348
0.62,0.243311945526,0.492859837364,0.404537302856,0.606505395697,1.01799261523,0.595710102342,2.00056816175,0.580824506106,-0.420474826667
0.63,0.249477054504,0.503068788933,0.410473367736,0.626356231998,1.02360480101,0.591331708265,1.96858928254,0.542234023544,-0.454724707793
0.64,0.255839070166,0.513331933384,0.416363937021,0.645877181348,1.02883729571,0.586615608186,1.93469753397,0.504864556324,-0.488047992032
0.65,0.262394598131,0.523645534847,0.4222056799,0.665050182677,1.03370209214,0.581570748424,1.89910111398,0.468673164688,-0.520505353376
0.66,0.26914007382,0.534005975226,0.427995351989,0.683859203627,1.038210759,0.576205501118,1.86199733283,0.433618194048,-0.552150841163
0.67,0.276071782203,0.544409750027,0.433729789922,0.702290129334,1.04237445602,0.570527731601,1.8235722385,0.399659689771,-0.583031688505
0.68,0.283185876406,0.554853464347,0.439405906621,0.720330648397,1.04620395279,0.564544867348,1.78400041434,0.366759734798,-0.613188185716
0.69,0.290478395171,0.565333829083,0.445020687269,0.737970137621,1.04970965071,0.558263967887,1.74344492429,0.334882718093,-0.642653608897
0.7,0.297945279159,0.575847657361,0.450571185979,0.755199546883,1.05290160716,0.55169179517,1.70205738262,0.303995541505,-0.671454194785
0.71,0.305582386109,0.586391861226,0.456054523173,0.772011285273,1.05578956154,0.544834883991,1.65997812657,0.274067772059,-0.699609153915
0.72,0.313385504864,0.596963448592,0.461467883659,0.788399109415,1.0583829626,0.537699612092,1.61733647217,0.245071746144,-0.727130715109
0.73,0.321350368297,0.607559520478,0.466808515414,0.804358014717,1.06069099647,0.530292269689,1.57425103533,0.216982631527,-0.754024195139
0.74,0.329472665159,0.618177268521,0.472073729053,0.819884130121,1.06272261523,0.522619128189,1.53083010224,0.189778452547,-0.780288088185
0.75,0.337748050899,0.628813972782,0.477260897978,0.834974616762,1.06448656552,0.514686507925,1.48717203511,0.163440083256,-0.805914170656
0.76,0.346172157494,0.639466999831,0.482367459211,0.849627570823,1.06599141689,0.506500844776,1.44336570081,0.137951212812,-0.830887617524
0.77,0.354740602316,0.65013380112,0.487390914874,0.863841930778,1.06724558977,0.498068755575,1.39949091206,0.113298286892,-0.855187126986
0.78,0.363448996109,0.660811911627,0.492328834323,0.877617389065,1.06825738263,0.489397102236,1.35561887215,0.0894704284125,-0.878785050975
0.79,0.372292950097,0.671498948773,0.497178856918,0.890954308221,1.06903499834,0.480493054555,1.31181261572,0.0664593404789,-0.901647529504
0.8,0.381268082274,0.682192611594,0.501938695414,0.903853641379,1.06958656944,0.471364151646,1.26812743944,0.0442591940281,-0.923734627314
0.81,0.390370022925,0.692890680162,0.506606139951,0.91631685701,1.06992018222,0.462018362009,1.22461131776,0.0228665023428,-0.945000471798
0.82,0.399594419414,0.703591015238,0.511179062654,0.928345867734,1.07004389949,0.45246414221,1.18130529968,0.00227998426858,-0.965393391491
0.83,0.408936940279,0.714291558151,0.515655422796,0.939942963003,1.06996578191,0.442710494179,1.13824388377,-0.0174995822878,-0.984856054756
0.84,0.418393278674,0.724990330876,0.520033272538,0.95111074541,1.06969390784,0.432767021115,1.09545536921,-0.0364695152221,-1.00332560861
0.85,0.427959155188,0.735685436308,0.524310763218,0.961852070387,1.0692363916,0.422643982007,1.05296218146,-0.054625390284,-1.02073381781
0.86,0.437630320082,0.746375058708,0.528486152178,0.972169989039,1.06860140004,0.412352344759,1.01078117186,-0.07196120931,-1.03700720461
0.87,0.447402554968,0.757057464309,0.532557810113,0.982067693824,1.06779716742,0.401903837915,0.968923890794,-0.0884695737298,-1.05206718957
0.88,0.457271673958,0.767731002057,0.536524228936,0.991548466855,1.06683200856,0.391311000967,0.92739683474,-0.10414186251,-1.06583023412
0.89,0.467233524305,0.77839410448,0.540384030132,1.00061563052,1.06571433017,0.380587233232,0.886201667729,-0.118968413756,-1.07820798549
0.9,0.477283986569,0.78904528866,0.544135973601,1.00927250021,1.06445264029,0.369746841257,0.845335418247,-0.132938709179,-1.08910742467
0.91,0.48741897431,0.799683157286,0.547778966957,1.01752233888,1.06305555598,0.358805084739,0.804790652787,-0.146041560639,-1.09843101816
0.92,0.497634433346,0.81030639978,0.551312075295,1.02536831326,1.06153180907,0.347778220894,0.764555627581,-0.158265297881,-1.10607687407
0.93,0.507926340575,0.820913793467,0.554734531375,1.03281345144,1.05989025002,0.336683547257,0.72461442031,-0.169597956511,-1.11193890316
0.94,0.518290702375,0.83150420478,0.558045746241,1.03986060167,1.05813984994,0.325539442831,0.684947043723,-0.180027465127,-1.11590698531
0.95,0.528723552608,0.842076590466,0.561245320232,1.04651239231,1.05628970072,0.314365407551,0.645529543361,-0.189541830385,-1.11786714166
0.96,0.539220950221,0.852629998795,0.564333054392,1.05277119254,1.05434901334,0.303182099998,0.606334081741,-0.198129318554,-1.11770171264
0.97,0.549778976459,0.863163570733,0.567308962232,1.05863907395,1.05232711435,0.292011373298,0.56732901161,-0.205778631931,-1.11528954165
0.98,0.5603937317,0.873676541082,0.570173281858,1.06411777277,1.0502334407,0.280876309165,0.52847894096,-0.212479078218,-1.11050616441
0.99,0.571061331915,0.884168239547,0.572926488415,1.06920865276,1.04807753279,0.26980125001,0.489744792767,-0.218220730683,-1.10322400307
1,0.581777904755,0.894638091737,0.575569306858,1.07391266863,1.04586902608,0.258811829103,0.451083862596,-0.222994576611,-1.09331256442
1.01,0.592539585287,0.905085620068,0.578102724997,1.07823033002,1.04361764125,0.247934998722,0.412449877457,-0.226792651193,-1.0806386411
1.02,0.603342511356,0.915510444562,0.580528006832,1.08216166617,1.04133317306,0.237199056281,0.37379305944,-0.229608153635,-1.06506651424
1.03,0.614182818611,0.92591228353,0.582846706123,1.08570619121,1.03902547818,0.226633668437,0.33506019798,-0.231435541811,-1.04645815568
1.04,0.62505663518,0.936290954126,0.585060680201,1.08886287013,1.03670446222,0.216269893168,0.296194734887,-0.232270601342,-1.0246734277
1.05,0.635960076013,0.946646372774,0.587172103986,1.0916300859,1.03438006615,0.206140199883,0.25713686642,-0.232110484513,-0.99957027762
1.06,0.646889236898,0.956978555449,0.589183484199,1.09400560746,1.03206225253,0.196278487615,0.217823667129,-0.230953713795,-0.971004924373
1.07,0.657840188163,0.967287617825,0.591097673739,1.09598655925,1.02976099188,0.186720101396,0.178189240491,-0.22880014432,-0.938832033613
1.08,0.668808968083,0.977573775287,0.592917886226,1.09756939227,1.02748624965,0.177501846943,0.138164901641,-0.225650878869,-0.902904877719
1.09,0.679791576008,0.987837342818,0.594647710677,1.09874985728,1.0252479743,0.168662003841,0.0976793980133,-0.221508128233,-0.863075476436
1.1,0.690783965228,0.998078734773,0.596291126303,1.09952298023,1.02305608708,0.160240337414,0.0566591740196,-0.216375009274,-0.819194713717
1.11,0.701782035613,1.00829846456,0.597852517426,1.09988304076,1.02092047412,0.152278109567,0.015028686397,-0.210255271994,-0.77111242566
1.12,0.712781626044,1.01849714425,0.599336688495,1.09982355396,1.01885098164,0.144818088901,-0.0272892226143,-0.203152946079,-0.718677454188
1.13,0.723778506692,1.02867548419,0.600748879204,1.09933725631,1.01685741519,0.137904560483,-0.0703728866718,-0.195071896561,-0.661737660794
1.14,0.73476837117,1.03883429256,0.602094779704,1.09841609623,1.01494954371,0.131583335685,-0.114301302987,-0.186015277071,-0.600139893961
1.15,0.745746828616,1.04897447507,0.603380545917,1.09705123025,1.01313710965,0.125901762604,-0.159153537442,-0.175984868142,-0.533729903803
1.16,0.756709395775,1.05909703475,0.604612814956,1.09523302548,1.01142984635,0.120908737609,-0.20500803758,-0.164980286704,-0.462352196837
1.17,0.767651489126,1.06920307199,0.60579872067,1.09295106949,1.00983750392,0.116654718667,-0.251941843111,-0.152998051573,-0.385849823356
1.18,0.778568417165,1.07929378483,0.60694590933,1.09019418862,1.00836988532,0.113191741142,-0.30002968287,-0.140030488245,-0.304064089555
1.19,0.789455372898,1.0893704697,0.608062555493,1.08695047584,1.00703689415,0.110573436876,-0.349342946185,-0.126064454659,-0.216834185931
1.2,0.800307426681,1.09943452271,0.609157378067,1.08320732969,1.00584859622,0.108855057423,-0.39994851567,-0.11107986764,-0.12399672301
1.21,0.811119519492,1.10948744162,0.610239656641,1.07895150552,1.0048152968,0.108093502416,-0.451907447397,-0.0950480076398,-0.0253851647198
1.22,0.821886456792,1.11953082865,0.611319248116,1.07416918074,1.00394763607,0.108347354129,-0.505273483204,-0.0779295770453,0.0791708508228
1.23,0.832602903107,1.12956639435,0.612406603724,1.06884603586,1.00325670526,0.109676919432,-0.560091378691,-0.0596724845369,0.189846314294
1.24,0.843263377509,1.13959596275,0.613512786504,1.06296735317,1.00275418638,0.112144280415,-0.616394875752,-0.0402107157353,0.306818545441
1.25,0.85386225017,1.14962147807,0.614649489332,1.05651813835,1.00245249095,0.115813290341,-0.674201088903,-0.0194946612289,0.430191051326
1.26,0.864393740276,1.15964501257,0.615829052311,1.04948333139,1.00236429316,0.120748101441,-0.73349798862,0.00240714469086,0.559750918856
1.27,0.874851916798,1.16966876394,0.617064451361,1.04184817857,1.00250063384,0.127008308718,-0.794238118498,0.0252423882397,0.69481126758
1.28,0.885230703847,1.17969502525,0.618369218485,1.03359856902,1.00286914092,0.134644326793,-0.856349233485,0.0486547082502,0.834394124006
1.29,0.895523888179,1.18972614675,0.619757337897,1.0247211939,1.003473728,0.143696191198,-0.919745985682,0.0722848174433,0.977464766327
1.3,0.905725127725,1.19976449981,0.621243142309,1.01520364931,1.00431483727,0.15419362212,-0.984332667248,0.0957986861877,1.12299734125
1.31,0.915827961165,1.2098124435,0.622841210339,1.00503454056,1.00538970173,0.166156138023,-1.05000324518,0.118888323496,1.26997768977
1.32,0.925825818537,1.21987229384,0.62456626507,0.994203584406,1.00669260374,0.179593175915,-1.11664185597,0.141271114293,1.41740392663
1.33,0.935712032853,1.22994629557,0.626433073857,0.982701703439,1.00821512401,0.194504216556,-1.18412388759,0.162688550749,1.56428682435
1.34,0.945479852605,1.24003659633,0.628456349401,0.970521106654,1.00994637475,0.210878912402,-1.25231766519,0.1829042931,1.70964994576
1.35,0.955122454986,1.25014522307,0.630650652105,0.957655350135,1.01187320988,0.228697215471,-1.32108675151,0.201701498035,1.85252947045
1.36,0.964632959608,1.26027406052,0.63303029371,0.944099371624,1.01398040471,0.247929501811,-1.39029286792,0.21887935532,1.99197366309
1.37,0.974004442419,1.27042483116,0.635609242142,0.929849492776,1.01625079698,0.268536688733,-1.45979943612,0.23424877528,2.12704193387
1.38,0.983229949464,1.28059907646,0.638401027485,0.914903382901,1.01866538022,0.290470340488,-1.52947573567,0.247627171239,2.25680344455
1.39,0.992302510077,1.29079813877,0.641418648951,0.899259978063,1.02120334041,0.313672757624,-1.5992016658,0.258832281828,2.38033521669
1.4,1.00121514902,1.30102314327,0.644674482637,0.882919349585,1.02384202586,0.338077044822,-1.66887309398,0.267674978005,2.49671970187
1.41,1.00996089707,1.31127497929,0.648180189848,0.865882516183,1.02655683997,0.363607151661,-1.73840776597,0.273950998616,2.60504177761
1.42,1.01853279935,1.32155428007,0.651946625671,0.848151194266,1.02932104583,0.390177880374,-1.8077517436,0.277431556383,2.7043851359
1.43,1.02692392095,1.3318614002,0.655983747455,0.829727481312,1.03210547109,0.41769485438,-1.8768863267,0.277852753069,2.79382803553
1.44,1.03512734897,1.34219638949,0.660300522758,0.810613467732,1.03487810089,0.446054441085,-1.94583540309,0.274903738733,2.87243839314
1.45,1.04313619031,1.35255896222,0.664904836277,0.79081077325,1.03760354587,0.475143622242,-2.01467315615,0.268213545581,2.93926819299
1.46,1.05094356444,1.36294846041,0.669803395203,0.770320004609,1.0402423718,0.504839804945,-2.08353204172,0.257336522375,2.99334720057
1.47,1.0585425904,1.37336380966,0.675001632376,0.749140132415,1.04275027632,0.535010566254,-2.15261092434,0.241736291864,3.03367597225
1.48,1.06592636709,1.38380346594,0.680503606528,0.727267786122,1.04507709764,0.56551332439,-2.22218323605,0.220768152872,3.05921816155
1.49,1.07308794612,1.39426535161,0.686311898864,0.704696467694,1.04716563937,0.596194929485,-2.29260498931,0.193659852607,3.0688921347
1.5,1.08002029644,1.40474677872,0.692427505118,0.681415686336,1.04895029469,0.626891167084,-2.36432243611,0.159490667166,3.06156192334
1.51,1.08671625985,1.4152443575,0.698849722205,0.657410018972,1.05035545272,0.657426167952,-2.43787911881,0.117168754099,3.03602756363
1.52,1.09316849682,1.42575388778,0.705576028477,0.63265810396,1.05129366977,0.687611718356,-2.51392200224,0.0654067874898,2.99101489972
1.53,1.09936942193,1.4362702309,0.712601956572,0.607131578927,1.05166358847,0.717246465946,-2.59320631092,0.00269596335443,2.92516496817
1.54,1.1053111284,1.44678715955,0.719920957796,0.580793977741,1.05134758904,0.74611501772,-2.67659861878,-0.0727214153031,2.8370231313
1.55,1.11098530148,1.45729718268,0.727524256927,0.553599606552,1.05020916016,0.773986928572,-2.76507765106,-0.162880379746,2.72502819525
1.56,1.11638312053,1.46779134275,0.735400696367,0.52549242472,1.04808998145,0.800615581625,-2.85973216082,-0.270122097169,2.58750183662
1.57,1.12149514998,1.47825898231,0.743536568559,0.496404963335,1.04480671822,0.825736965304,-2.96175513607,-0.397121976636,2.4226387742
1.58,1.1263112198,1.48868747711,0.751915435673,0.466257321999,1.04014754191,0.849068357109,-3.07243348371,-0.546915475268,2.22849826486
1.59,1.13082029642,1.49906193315,0.760517935701,0.434956293661,1.03386840871,0.870306930601,-3.19313222867,-0.722919249101,2.00299767804
1.6,1.13501034567,1.50936484529,0.769321574285,0.402394677425,1.02568915693,0.88912831067,-3.32527217241,-0.928944286237,1.74390911715
1.61,1.13886818997,1.51957571628,0.778300501915,0.368450850213,1.01528952299,0.905185112944,-3.47029988948,-1.16919634747,1.44886030781
1.62,1.14237936268,1.52967063575,0.787425276544,0.332988679636,1.00230522998,0.918105516826,-3.62964892527,-1.44825738347,1.11534126143
1.63,1.14552796356,1.53962182088,0.796662612251,0.295857871708,0.986324375319,0.927491938173,-3.80469112094,-1.77103959532,0.740718539204
1.64,1.14829652011,1.54939712325,0.805975115308,0.256894857217,0.966884438075,0.93291988761,-3.99667716686,-2.14270152372,0.322259267992
1.65,1.1506658607,1.55895950965,0.815321010004,0.215924328371,0.943470344844,0.933937123533,-4.20666474302,-2.56851088873,-0.142829986657
1.66,1.15261500668,1.56826653015,0.824653857778,0.172761562357,0.915514220301,0.930063287877,-4.43530166793,-3.05335515409,-0.657024100154
1.67,1.15412109195,1.57726979405,0.833922275761,0.127218295012,0.882403241763,0.92079664153,-4.68182607307,-3.59951400782,-1.22025234254
1.68,1.15515937258,1.58591459499,0.843069790609,0.0791250408952,0.843523940144,0.905658241026,-4.94259789346,-4.20333384428,-1.82672801874
1.69,1.15570359277,1.59414027285,0.852035440582,0.0283663371427,0.798336564877,0.884262081155,-5.2109679372,-4.85462685723,-2.46514252744
1.7,1.15572669932,1.60188132628,0.860755032232,-0.0250943178487,0.746431403,0.856355390477,-5.47837940964,-5.53856441714,-3.12155896295
1.71,1.15520170641,1.60906890091,0.869162548391,-0.08120125105,0.687565276534,0.821830901896,-5.73509655493,-6.23670056413,-3.78095331195
1.72,1.1541026743,1.61563263182,0.87719165027,-0.139796248947,0.621697391717,0.780736324238,-5.97047103929,-6.92704298954,-4.42736446188
1.73,1.15240578143,1.62150284875,0.884777274876,-0.200610671836,0.549024416743,0.733283612659,-6.17323140082,-7.58431538021,-5.0439493596
1.74,1.15009046086,1.62661312015,0.891857322523,-0.263260876964,0.470011084113,0.679857337046,-6.33184876074,-8.18062188683,-5.61311371848
1.75,1.14714056389,1.63090307043,0.898374421617,-0.327247647051,0.385411979007,0.621021338289,-6.43512803338,-8.68687393004,-6.11704036509
1.76,1.14354550792,1.63432135973,0.904277749289,-0.391963437631,0.296273605512,0.557516529744,-6.47406311953,-9.07702480643,-6.54061705709
1.77,1.13930129514,1.63682854254,0.909524752212,-0.456728909441,0.203871482878,0.490208997147,-6.4446039645,-9.33438648728,-6.8761842818
1.78,1.13441092973,1.63839878939,0.914081929232,-0.520855516921,0.109585875767,0.419992844108,-6.34801874629,-9.45338855879,-7.12401196933
1.79,1.1288841848,1.63902026006,0.917924609094,-0.583689284367,0.0148037117021,0.347728757761,-6.18866511019,-9.43611898185,-7.28823781547
1.8,1.12273714404,1.63869486362,0.921036504387,-0.644628819125,-0.0791365038704,0.274228087799,-5.97241036158,-9.28977170179,-7.37426531995
1.81,1.11599160842,1.63743752998,0.92340917085,-0.703137491599,-0.170991722334,0.200243451362,-5.70619871203,-9.02596020865,-7.38841804028
1.82,1.10867439421,1.63527502917,0.925041373414,-0.758752793366,-0.259655708043,0.126459726993,-5.39775641271,-8.65997378438,-7.3378759442
1.83,1.10081655255,1.63224441582,0.92593836539,-0.811092619853,-0.344191198021,0.0534859324776,-5.05528374223,-8.20975123044,-7.23056533749
1.84,1.09245254182,1.62839120521,0.926111092064,-0.85985846821,-0.423850732652,-0.0181515797566,-4.68715727193,-7.69472074655,-7.07501158552
1.85,1.08361938319,1.62376740117,0.925575333795,-0.904835765291,-0.498085612952,-0.0880142992328,-4.30166206087,-7.13465719509,-6.88016776596
1.86,1.07435582651,1.61842949296,0.924350806079,-0.945891709428,-0.566543876554,-0.155754935076,-3.90676745766,-6.54868111578,-6.65523320958
1.87,1.064701549,1.61243652363,0.922460235093,-0.982971114445,-0.629059235268,-0.221118963424,-3.50995369627,-5.95447989232,-6.40947494449
1.88,1.05469640422,1.60584830825,0.919928426811,-1.01609078335,-0.685633474401,-0.283944433966,-3.11803507414,-5.3676929318,-6.15197759773
1.89,1.04437973333,1.59872385415,0.916781346414,-1.04533181593,-0.736413093904,-0.344158515379,-2.73659225178,-4.8008323599,-5.8907316271
1.9,1.0337897679,1.59112004637,0.913045256503,-1.07082262839,-0.781650121599,-0.401759066508,-2.3691111177,-4.26190510372,-5.63119412623
1.91,1.02296328077,1.58309085171,0.908746165084,-1.09271403828,-0.821651195978,-0.456782397904,-2.01703747111,-3.75467900194,-5.3761922713
1.92,1.01193548714,1.57468702245,0.903909608545,-1.11116337781,-0.856743701637,-0.509282911934,-1.68078119258,-3.28053710194,-5.12729685463
1.93,1.00074001321,1.56595597768,0.898560506845,-1.12632966213,-0.887261938017,-0.559328334996,-1.36037877495,-2.83973316221,-4.88572649365
1.94,0.989408893894,1.55694178369,0.892723041845,-1.13837095331,-0.913538364882,-0.606997441807,-1.05562942005,-2.43175321931,-4.65247686968
1.95,0.977972594143,1.54768521038,0.886420558009,-1.14744225053,-0.935897002403,-0.65237787239,-0.766144660057,-2.055516152,-4.42833163316
1.96,0.966460048884,1.53822384364,0.879675484397,-1.15369384651,-0.954648687922,-0.69556407447,-0.491392184661,-1.70954398387,-4.21387661958
1.97,0.954898717212,1.52859223663,0.872509276519,-1.15727009423,-0.970087882081,-0.736655404781,-0.230734037902,-1.392101808,-4.00951679041
1.98,0.943314646999,1.518822086,0.864942376302,-1.15830852727,-0.982490724082,-0.775754410278,0.0165407718779,-1.10130900802,-3.81549474019
1.99,0.931732546667,1.50894242214,0.856994188314,-1.15693927879,-0.992114062241,-0.812965299585,0.251188955313,-0.835224902359,-3.63190980235
2,0.920175861423,1.49897980476,0.84868307031,-1.15328474816,-0.999195222129,-0.848392606325,0.473990469374,-0.591912564673,-3.45873698288
2.01,0.908666851704,1.4889585177,0.840026336187,-1.1474594694,-1.00395231353,-0.882140039243,0.685730357451,-0.369484651875,-3.29584513851
2.02,0.897226672035,1.47890075849,0.831040269525,-1.13957014101,-1.00658491517,-0.914309509095,0.887184342517,-0.166134822388,-3.1430139849
2.03,0.885875448884,1.4688268194,0.821740146005,-1.12971578255,-1.00727500998,-0.945000318941,1.07910762252,0.0198420914281,-2.99994966573
2.04,0.874632356384,1.45875525829,0.812140263146,-1.11798798856,-1.00618807334,-0.97430850241,1.26222635012,0.190038473787,-2.86629873321
2.05,0.863515689112,1.44870305793,0.802253975957,-1.10447125555,-1.00347424051,-1.0023262936,1.43723132608,0.345928674509,-2.74166048563
2.06,0.852542931273,1.43868577348,0.792093737274,-1.08924336204,-0.999269499848,-1.02914171212,1.60477348928,0.488868350958,-2.62559767922
2.07,0.841730821871,1.42871766793,0.781671141715,-1.07237578576,-0.993696873487,-1.05483824719,1.76546084177,0.620097019362,-2.51764568369
2.08,0.831095415558,1.41881183601,0.770996972331,-1.05393414521,-0.98686755946,-1.0794946258,1.91985650118,0.740742752799,-2.41732018574
2.09,0.820652138967,1.40898031675,0.760081249199,-1.03397865574,-0.978882018431,-1.1031846509,2.06847762236,0.851828225112,-2.32412356647
2.1,0.810415842443,1.39923419564,0.748933279313,-1.01256459276,-0.969830994958,-1.12597709713,2.21179497578,0.954277509023,-2.23755008953
2.11,0.800400847112,1.38958369685,0.737561707256,-0.989742756225,-0.959796468251,-1.14793565269,2.35023300966,1.04892320058,-2.15709003996
2.12,0.790620987319,1.38003826627,0.725974566259,-0.965559932566,-0.948852530946,-1.16911889792,2.48417025785,1.13651356843,-2.08223295114
2.13,0.781089648461,1.37060664623,0.714179329298,-0.940059351068,-0.937066196882,-1.18958031172,2.61393998502,1.2177195222,-2.01247005077
2.14,0.771819800297,1.36129694234,0.702182960024,-0.913281132865,-0.924498140502,-1.20936829894,2.73983098621,1.29314126613,-1.94729604834
2.15,0.762824025804,1.35211668342,0.689991963319,-0.885262731344,-0.91120337156,-1.22852623268,2.86208847914,1.36331455685,-1.88621037621
2.16,0.75411454567,1.3430728749,0.677612435371,-0.856039363283,-0.897231849365,-1.24709250646,2.98091504548,1.42871652248,-1.82871798622
2.17,0.745703238538,1.33417204643,0.66505011319,-0.825644430434,-0.88262904111,-1.26510059241,3.09647159253,1.48977102761,-1.77432979344
2.18,0.737601657062,1.32542029408,0.652310423522,-0.794109931432,-0.867436428813,-1.28257910233,3.20887831905,1.54685358731,-1.72256284891
2.19,0.729821039909,1.31682331785,0.639398531143,-0.761466864053,-0.851691969364,-1.29955184939,3.31821567976,1.60029584614,-1.67294031406
2.2,0.722372319781,1.3083864547,0.626319386535,-0.727745617837,-0.83543051189,-1.31603790861,3.42452535134,1.65038964628,-1.62499130183
2.21,0.715266127552,1.30011470762,0.613077772971,-0.692976357026,-0.818684176438,-1.33205167542,3.52781121052,1.69739071337,-1.57825064192
2.22,0.70851279264,1.29201277117,0.599678353026,-0.657189393627,-0.801482697623,-1.34760292145,3.62804034037,1.74152199137,-1.53225862187
2.23,0.70212233968,1.28408505366,0.586125714542,-0.620415550219,-0.783853736611,-1.36269684786,3.72514408632,1.78297665839,-1.48656074985
2.24,0.696104481636,1.27633569643,0.572424416069,-0.5826865119,-0.765823164455,-1.37733413645,3.81901918692,1.82192085484,-1.44070758103
2.25,0.690468609442,1.26876859037,0.558579031813,-0.54403516648,-0.747415319514,-1.39151099948,3.90952900789,1.85849615445,-1.39425464504
2.26,0.685223778306,1.26138739004,0.544594196079,-0.504495931742,-0.728653241366,-1.40521922935,3.99650490978,1.89282180675,-1.34676250906
2.27,0.680378690807,1.25419552555,0.530474647226,-0.464105068285,-0.709558883379,-1.41844624966,4.07974778105,1.92499677778,-1.29779700791
2.28,0.67594167694,1.24719621238,0.516225271086,-0.422900976121,-0.690153305811,-1.43117516951,4.15902976874,1.95510161391,-1.2469296699
2.29,0.671920671285,1.24039245943,0.501851143836,-0.38092447291,-0.670456851101,-1.44338484306,4.23409623825,1.98320015113,-1.19373836471
2.3,0.668323187482,1.23378707535,0.487357574225,-0.338219051356,-0.650489302788,-1.4550499368,4.304667992,2.00934109048,-1.13780819705
2.31,0.665156290258,1.22738267338,0.472750145099,-0.29483111307,-0.630270029291,-1.466141007,4.37044377422,2.03355945791,-1.07873266675
2.32,0.662426565221,1.22118167477,0.458034754085,-0.250810175872,-0.60981811363,-1.47662459014,4.43110308479,2.05587796495,-1.01611511339
2.33,0.66014008674,1.2151863111,0.443217653297,-0.206209051374,-0.589152469992,-1.48646330927,4.48630932025,2.07630828485,-0.949570459774
2.34,0.658302384193,1.20939862537,0.428305487899,-0.161083989467,-0.568291947933,-1.49561599933,4.53571325333,2.09485225666,-0.878727264354
2.35,0.656918406951,1.20382047214,0.41330533331,-0.115494786307,-0.547255424859,-1.50403785456,4.57895685469,2.11150302841,-0.803230088347
2.36,0.655992488467,1.19845351687,0.398224730808,-0.0695048523731,-0.526061887365,-1.5116806011,4.61567745183,2.12624614852,-0.722742177361
2.37,0.655528309903,1.1932992344,0.383071721288,-0.0231812372708,-0.504730501889,-1.5184926981,4.64551220974,2.13906061333,-0.636948451055
2.38,0.655528863722,1.18835890683,0.367854876846,0.0234053918216,-0.483280675098,-1.52441957012,4.66810290717,2.14991987708,-0.545558787022
2.39,0.65599641774,1.18363362089,0.352583329886,0.0701808208726,-0.461732104347,-1.52940387384,4.6831009706,2.15879282914,-0.448311576731
2.4,0.656932480139,1.17912426475,0.337266799369,0.117067411234,-0.440104818515,-1.53338580166,4.69017271581,2.16564474224,-0.344977522222
2.41,0.658337765964,1.17483152452,0.321915613852,0.163984275189,-0.418419209502,-1.53630342429,4.68900473505,2.17043819412,-0.235363632157
2.42,0.660212165643,1.17075588056,0.306540730884,0.210847505935,-0.396696054633,-1.5380930743,4.67930935582,2.17313396378,-0.119317365193
2.43,0.662554716083,1.16689760343,0.291153752366,0.257570462305,-0.374956530227,-1.53868977159,4.66083008662,2.17369190274,0.00326914254548
2.44,0.665363574889,1.16325674995,0.275766935452,0.304064107667,-0.353222216578,-1.53802769145,4.63334695548,2.17207178042,0.132454840578
2.45,0.668635998236,1.1598331591,0.260393198537,0.350237401415,-0.331515094618,-1.53604067478,4.59668163959,2.16823410232,0.268245603516
2.46,0.672368322917,1.15662644806,0.245046121956,0.395997740459,-0.309857534532,-1.53266277938,4.5507022791,2.16214089857,0.410590243354
2.47,0.676555953046,1.15363600841,0.22973994295,0.441251446997,-0.288272276647,-1.52782886991,4.495327866,2.15375647981,0.559376800609
2.48,0.681193351857,1.15086100253,0.214489544558,0.485904297779,-0.266782404936,-1.52147524337,4.43053210016,2.14304815735,0.714429228206
2.49,0.686274039001,1.14830036031,0.199310438083,0.529862089,-0.2454113135,-1.51354028535,4.35634660879,2.12998692327,0.875504587747
2.5,0.691790593637,1.14595277626,0.184218738851,0.573031229955,-0.22418266647,-1.50396515161,4.27286343414,2.11454808686,1.04229088065
2.51,0.6977346636,1.14381670698,0.16923113505,0.615319357683,-0.203120351763,-1.49269446774,4.18023670622,2.09671186273,1.21440563609
2.52,0.704096980791,1.14189036922,0.154364849496,0.656635964079,-0.182248429215,-1.47967703889,4.07868343231,2.0764639067,1.39139537312
2.53,0.710867382882,1.1401717384,0.139637594273,0.696893026329,-0.161591073629,-1.46486656027,3.96848335416,2.05379579519,1.57273604554
2.54,0.718034841318,1.13865854775,0.125067518291,0.736005631162,-0.141172513311,-1.44822231798,3.8499778443,2.02870544431,1.7578345642
2.55,0.725587495505,1.13734828813,0.110673147913,0.773892583215,-0.121016964743,-1.42970986899,3.7235678364,2.00119746516,1.94603147314
2.56,0.733512692982,1.13623820845,0.0964733209109,0.81047698789,-0.101148564008,-1.40930168852,3.58971080841,1.9712834525,2.13660483237
2.57,0.741797035263,1.13532531685,0.0824871141427,0.845686799383,-0.0815912956927,-1.38697777234,3.44891686164,1.93898220424,2.32877533241
2.58,0.75042642897,1.13460638254,0.068733765464,0.879455325123,-0.0623689199236,-1.36272618187,3.30174396249,1.9043198702,2.52171263395
2.59,0.759386141765,1.13407793845,0.0552325905053,0.911721678633,-0.0435048982886,-1.33654351966,3.14879243538,1.86733002921,2.71454289104
2.6,0.768660862542,1.13373628457,0.0420028950708,0.94243117383,-0.0250223193394,-1.30843532405,2.99069881477,1.82805369438,2.90635737994
2.61,0.778234765242,1.13357749207,0.0290638840244,0.971535654928,-0.00694382440111,-1.27841637207,2.82812918011,1.78653924734,3.09622211793
2.62,0.788091575641,1.13359740809,0.0164345676295,0.998993757433,0.0107084656075,-1.24651088169,2.66177210966,1.74284230314,3.28318832091
2.63,0.798214640391,1.13379166138,0.00413366639063,1.02477109712,0.0279130216618,-1.21275260565,2.49233139682,1.69702550811,3.46630351425
2.64,0.808586997583,1.13415566852,-0.00782048448349,1.04884038537,0.0446489757697,-1.1771848114,2.32051867573,1.64915827416,3.64462308278
2.65,0.819191448098,1.13468464089,-0.0194100298374,1.07118147064,0.0608961871449,-1.13986014399,2.14704610135,1.59931645358,3.81722202191
2.66,0.830010626996,1.13537359226,-0.0306176873633,1.0917813074,0.0766353048414,-1.10084037097,1.97261922353,1.54758195918,3.98320663605
2.67,0.841027074246,1.13621734699,-0.0414268372567,1.11063385511,0.0918478263285,-1.06019601127,1.79793018444,1.49404233517,4.1417259228
2.68,0.852223304098,1.13721054879,-0.0518216075887,1.12773991108,0.106516151545,-1.01800585251,1.62365135567,1.43879028502,4.29198238263
2.69,0.863581872468,1.13834767002,-0.0617869543069,1.14310688222,0.120623632029,-0.974356363618,1.45042951491,1.38192316259,4.4332420047
2.7,0.875085441743,1.13962302143,-0.0713087348611,1.15674850138,0.134154614797,-0.929341012415,1.27888064396,1.3235424334,4.56484319942
2.71,0.886716842495,1.14103076232,-0.0803737745552,1.1686844951,0.147094480697,-0.883059499629,1.10958541052,1.26375311317,4.68620447707
2.72,0.898459131645,1.14256491104,-0.0889699248537,1.17894020959,0.15942967706,-0.835616922874,0.943085376031,1.20266319059,4.79683070725
2.73,0.910295646687,1.14421935586,-0.0970861130127,1.18754620262,0.171147744509,-0.787122885484,0.779879952181,1.14038304159,4.89631783621
2.74,0.922210055697,1.14598786593,-0.104712382563,1.19453780864,0.182237337892,-0.73769056615,0.620424110067,1.07702484186,4.98435598407
2.75,0.93418640286,1.14786410262,-0.111839924336,1.19995468482,0.192688241346,-0.687435765803,0.465126828465,1.01270198446,5.06073089231
2.76,0.946209149393,1.14984163076,-0.118461097879,1.20384034521,0.202491377581,-0.636475948303,0.314350252455,0.947528508805,5.12532373868
2.77,0.958263209764,1.15191393017,-0.124569443302,1.20624168987,0.211638811522,-0.584929291029,0.168409520397,0.88161854688,5.17810938214
2.78,0.970333983191,1.15407440699,-0.1301596837,1.20720853561,0.220123748519,-0.532913760661,0.0275732065894,0.815085792047,5.2191531416
2.79,0.982407380476,1.15631640514,-0.135227718515,1.206793154,0.227940527363,-0.480546228197,-0.107935681176,0.748042995263,5.24860624786
2.8,0.994469846271,1.15863321754,-0.139770608264,1.20504982199,0.235084608424,-0.427941635703,-0.237938215796,0.680601492797,5.26670013659
2.81,1.00650837692,1.16101809731,-0.143786551229,1.20203438969,0.241552557219,-0.375212225465,-0.362297646595,0.612870768922,5.27373977184
2.82,1.01851053406,1.16346426868,-0.147274852773,1.19780386906,0.247342023802,-0.322466840267,-0.48091714767,0.544958056413,5.27009620261
2.83,1.0304644543,1.16596493778,-0.150235888034,1.19241604673,0.252451718347,-0.269810301413,-0.593737289116,0.476967976853,5.25619856049
2.84,1.042358855,1.16851330305,-0.152671058802,1.18592912328,0.256881383339,-0.217342869057,-0.700733298969,0.409002222233,5.23252570482
2.85,1.05418303676,1.17110256545,-0.154582745415,1.17840138075,0.260631762792,-0.165159787317,-0.801912179964,0.341159278573,5.19959771312
2.86,1.06592688261,1.17372593831,-0.155974254548,1.16989087968,0.263704568911,-0.113350914794,-0.897309740344,0.273534191621,5.1579674006
2.87,1.07758085436,1.17637665683,-0.156849763711,1.16045518595,0.266102446624,-0.0620004393048,-0.986987592491,0.206218374199,5.10821203419
2.88,1.08913598633,1.17904798724,-0.157214263334,1.15015112783,0.267828936395,-0.0111866741106,-1.07103016698,0.139299454131,5.05092538456
2.89,1.10058387691,1.18173323555,-0.157073497194,1.13903458261,0.268888435707,0.0390180683864,-1.1495417834,0.0728611612249,4.98671023629
2.9,1.11191667799,1.18442575595,-0.156433901966,1.12716029216,0.269286159619,0.0885475306151,-1.22264381303,0.00698325131339,4.91617145139
2.91,1.12312708276,1.18711895875,-0.155302546581,1.11458170635,0.269028100733,0.137341497414,-1.29047196222,-0.0582585349871,4.83990965717
2.92,1.13420831211,1.18980631797,-0.153687072018,1.10135085292,0.26812098892,0.185345723759,-1.35317369927,-0.122792481505,4.75851560613
2.93,1.14515409981,1.19248137853,-0.151595632106,1.08751823236,0.266572251103,0.232511809537,-1.41090584253,-0.186550876702,4.67256523356
2.94,1.15595867676,1.19513776299,-0.149036835827,1.07313273606,0.264389971386,0.27879702843,-1.46383232191,-0.249469967981,4.58261541955
2.95,1.16661675454,1.19776917795,-0.146019691538,1.05824158592,0.261582851744,0.324164117928,-1.51212212175,-0.311489893402,4.48920044501
2.96,1.17712350848,1.20036942002,-0.142553553469,1.04289029363,0.258160173518,0.36858103733,-1.55594740902,-0.372554594273,4.39282911713
2.97,1.18747456041,1.20293238142,-0.138648070791,1.02712263774,0.254131759858,0.41202070027,-1.59548184743,-0.432611712115,4.29398252853
2.98,1.19766596123,1.20545205522,-0.134313139463,1.01098065668,0.249507939275,0.454460687901,-1.63089909482,-0.491612473388,4.19311240588
2.99,1.20769417354,1.20792254021,-0.129558857033,0.994504655846,0.24429951039,0.495882948388,-1.66237147932,-0.549511565506,4.09063999731
3,1.21755605435,1.21033804543,-0.124395480495,0.977733227095,0.238517707965,0.536273487847,-1.69006884752,-0.606267007488,3.9869554443
3.01,1.22724883808,1.21269289437,-0.118833387276,0.960703278896,0.232174170241,0.575622057274,-1.71415757645,-0.661840018482,3.88241758223
3.02,1.23677011993,1.21498152883,-0.11288303935,0.943450075566,0.225280907595,0.613921839491,-1.73479974024,-0.716194887271,3.77735411301
3.03,1.2461178396,1.21719851252,-0.106554950486,0.926007284091,0.217850272495,0.651169139534,-1.75215242135,-0.769298845717,3.67206209537
3.04,1.25529026561,1.21933853428,-0.0998596565593,0.908407027139,0.209894930681,0.687363081399,-1.76636715614,-0.821121948874,3.56680869992
3.05,1.26428598014,1.22139641113,-0.0928076888582,0.890679940968,0.201427833518,0.722505313533,-1.77758950391,-0.871636964329,3.46183218013
3.06,1.27310386443,1.22336709095,-0.0854095502887,0.87285523706,0.192462191395,0.756599725001,-1.78595872893,-0.920819272965,3.35734301354
3.07,1.28174308488,1.22524565496,-0.0776756943582,0.854960766389,0.183011448058,0.789652173804,-1.79160758496,-0.968646783206,3.25352517228
3.08,1.29020307976,1.22702731992,-0.0696165068126,0.837023085361,0.17308925573,0.821670228447,-1.79466219207,-1.01509986055,3.15053748577
3.09,1.29848354659,1.22870744008,-0.0612422897892,0.819067522548,0.162709450847,0.852662923519,-1.79524199592,-1.06016127371,3.04851506346
3.1,1.30658443021,1.23028150893,-0.0525632483422,0.801118245443,0.151886030256,0.882640529716,-1.79345980036,-1.10381615862,2.94757074925
3.11,1.3145059115,1.23174516068,-0.0435894791949,0.783198326541,0.140633127675,0.911614338504,-1.78942186428,-1.14605200098,2.84779658372
3.12,1.32224839674,1.23309417149,-0.0343309615721,0.765329808157,0.128964990237,0.93959646139,-1.78322805474,-1.18685863805,2.74926525386
3.13,1.32981250766,1.23432446049,-0.0247975499671,0.747533765446,0.116895954914,0.966599643581,-1.77497204834,-1.22622827951,2.65203151405
3.14,1.33719907205,1.23543209058,-0.0149989687005,0.72983036719,0.104440424646,0.992637091671,-1.76474157384,-1.26415554749,2.55613356455
3.15,1.344409115,1.23641326898,-0.00494480813368,0.712238933969,0.0916128439644,1.01772231487,-1.75261868932,-1.30063753496,2.46159437733
3.16,1.35144385073,1.23726434746,0.00535547759693,0.694777993404,0.0784276739471,1.04186897922,-1.73868008762,-1.33567388173,2.36842296148
3.17,1.35830467487,1.23798182246,0.0158925714507,0.677465332217,0.0648993663297,1.0650907741,-1.72299742442,-1.36926686656,2.27661556229
3.18,1.36499315737,1.23856233479,0.026657293079,0.660318044915,0.051042336616,1.08740129046,-1.70563766356,-1.40142151376,2.18615679078
3.19,1.37151103577,1.23900266919,0.03764059726,0.643352578946,0.0368709360545,1.10881390992,-1.68666343486,-1.43214571246,2.09702068125
3.2,1.37786020895,1.23929975351,0.0488335712773,0.626584776218,0.0223994223667,1.12934170409,-1.66613339977,-1.46145034578,2.00917167663
3.21,1.38404273129,1.23945065764,0.0602274313417,0.61002991095,0.00764192913883,1.14899734345,-1.64410262051,-1.48934942737,1.922565542
3.22,1.39006080717,1.23945259209,0.0718135181463,0.593702723808,-0.00738756618079,1.16779301493,-1.62062292908,-1.51586024234,1.83715020777
3.23,1.39591678577,1.23930290631,0.0835832916403,0.577617452369,-0.0226752757079,1.18574034761,-1.59574329202,-1.54100348905,1.75286654495
3.24,1.40161315622,1.23899908658,0.0955283250984,0.561787857967,-0.0382076359618,1.20285034583,-1.56951016766,-1.56480341813,1.66964907512
3.25,1.40715254293,1.2385387536,0.107640298557,0.546227249016,-0.0539713440705,1.21913332911,-1.54196785234,-1.58728796492,1.58742661883
3.26,1.4125377012,1.2379196597,0.119910991681,0.530948500921,-0.0699533952602,1.2345988782,-1.51315881271,-1.60848887134,1.50612288572
3.27,1.41777151295,1.23713968569,0.132332276121,0.515964072761,-0.0861411214972,1.24925578682,-1.48312400064,-1.62844179261,1.42565701039
3.28,1.42285698265,1.23619683727,0.144896107417,0.501286020908,-0.102522231112,1.26311201841,-1.45190314804,-1.64718638493,1.34594403843
3.29,1.42779723337,1.23508924107,0.157594516489,0.486926009801,-0.119084849196,1.27617466759,-1.41953503872,-1.66476636936,1.26689536661
3.3,1.43259550285,1.23381514028,0.170419600769,0.472895320133,-0.1358175585,1.28844992574,-1.38605775438,-1.68122956766,1.18841914144
3.31,1.43725513977,1.2323728899,0.183363515004,0.459204854713,-0.152709440549,1.29994305042,-1.35150889216,-1.69662790597,1.11042062063
3.32,1.44177959994,1.23076095147,0.196418461777,0.44586514229,-0.169750116619,1.31065833816,-1.31592575074,-1.71101738165,1.03280250197
3.33,1.44617244261,1.22897788757,0.209576681767,0.432886339698,-0.186929788182,1.32059910046,-1.27934548272,-1.72445798978,0.955465223713
3.34,1.45043732674,1.22702235571,0.222830443786,0.420278232636,-0.204239276415,1.32976764263,-1.24180521061,-1.73701360541,0.878307240875
3.35,1.45457800727,1.22489310204,0.23617203462,0.408050235486,-0.22167006029,1.33816524528,-1.2033421037,-1.74875181818,0.801225282008
3.36,1.45859833145,1.2225889545,0.249593748692,0.396211390562,-0.239214312778,1.34579214827,-1.16399341337,-1.75974371611,0.724114590798
3.37,1.46250223508,1.22010881578,0.263087877585,0.384770367218,-0.256864934613,1.35264753709,-1.1237964644,-1.77006361616,0.646869156739
3.38,1.46629373879,1.21745165581,0.276646699434,0.373735461274,-0.274615585101,1.35872953141,-1.08278859995,-1.77978873947,0.569381939368
3.39,1.4699769443,1.21461650408,0.290262468213,0.363114595219,-0.292460709402,1.36403517588,-1.04100707762,-1.78899882949,0.491545090626
3.4,1.47355603069,1.21160244162,0.303927402951,0.352915319721,-0.310395561691,1.36856043322,-0.998488914197,-1.79777571187,0.413250179853
3.41,1.4770352507,1.20840859285,0.317633676878,0.343144816935,-0.328416223639,1.37230017948,-0.955270676921,-1.80620279571,0.334388426049
3.42,1.48041892703,1.20503411715,0.331373406541,0.333809906183,-0.346519617605,1.37524820174,-0.911388219005,-1.81436451624,0.254850942048
3.43,1.48371144882,1.20147820049,0.345138640913,0.324917052555,-0.364703513964,1.37739719832,-0.866876357095,-1.82234571943,0.174528995502
3.44,1.48691726808,1.19774004687,0.358921350507,0.316472379041,-0.382966531994,1.37873878165,-0.821768488472,-1.83023098944,0.0933142916912
3.45,1.4900408964,1.19381886985,0.372713416546,0.308481682786,-0.401308133753,1.37926348415,-0.776096146023,-1.83810392103,0.0110992831962
3.46,1.49308690174,1.1897138842,0.38650662019,0.300950456121,-0.419728610414,1.37896076731,-0.729888488904,-1.84604633864,-0.0722224882018
3.47,1.49605990552,1.18542429765,0.400292631892,0.293883913008,-0.438229060526,1.37781903439,-0.683171726907,-1.85413746481,-0.156756012337
3.48,1.49896458,1.18094930299,0.414063000878,0.287287021582,-0.456811359711,1.37582564707,-0.635968476825,-1.86245304102,-0.242604388363
3.49,1.50180564596,1.17628807045,0.427809144833,0.281164543471,-0.475478121346,1.37296694662,-0.588297049111,-1.8710644041,-0.329868353822
3.5,1.50458787087,1.17143974056,0.44152233981,0.2755210806,-0.494232647793,1.36922827999,-0.540170663199,-1.88003752163,-0.418645759754
3.51,1.50731606757,1.1664034175,0.455193710433,0.270361130207,-0.513078871779,1.36459403143,-0.491596590258,-1.88943199001,-0.509030985827
3.52,1.50999509347,1.16117816312,0.468814220439,0.265689148795,-0.532021287593,1.35904766027,-0.442575222397,-1.89929999906,-0.601114290015
3.53,1.51262985054,1.15576299174,0.482374663638,0.261509625759,-0.55106487176,1.35257174562,-0.393099067362,-1.90968526661,-0.694981087535
3.54,1.51522528599,1.15015686569,0.495865655351,0.257827167448,-0.570214992925,1.34514803852,-0.343151668652,-1.92062194683,-0.790711153768
3.55,1.51778639389,1.14435869188,0.509277624409,0.254646592386,-0.589477310697,1.33675752255,-0.29270645072,-1.9321335153,-0.888377746215
3.56,1.52031821784,1.13836731947,0.522600805802,0.251973038433,-0.608857663231,1.3273804836,-0.241725490045,-1.94423163381,-0.988046641428
3.57,1.52282585466,1.13218153862,0.535825234081,0.249812082586,-0.628361943373,1.31699658972,-0.190158213532,-1.95691499745,-1.08977508311
3.58,1.52531445949,1.12580008061,0.548940737597,0.248169874163,-0.64799596318,1.30558498194,-0.137940025669,-1.97016816526,-1.19361063856
3.59,1.52778925214,1.11922161936,0.56193693372,0.247053282072,-0.667765306678,1.29312437695,-0.0849908676628,-1.98396037549,-1.2995899621
3.6,1.53025552513,1.11244477447,0.574803225136,0.24647005681,-0.68767517069,1.27959318269,-0.0312137120019,-1.99824434511,-1.40773746484
3.61,1.53271865328,1.10546811594,0.587528797373,0.246429007832,-0.70773019358,1.26496962765,0.0235070026257,-2.01295505217,-1.51806389175
3.62,1.53518410529,1.0982901706,0.600102617689,0.246940196862,-0.727934271733,1.24923190486,0.0793069900929,-2.02800849815,-1.63056480937
3.63,1.53765745722,1.09090943051,0.612513435471,0.248015147634,-0.748290363543,1.23235833147,0.136343782532,-2.04330044514,-1.74521900847
3.64,1.54014440824,1.08332436333,0.624749784318,0.249667072513,-0.768800280636,1.21432752469,0.194798433942,-2.05870512157,-1.86198682897
3.65,1.54265079867,1.0755334249,0.636799985964,0.251911116313,-0.789464465975,1.19511859489,0.254877252178,-2.07407388751,-1.98080841639
3.66,1.54518263057,1.06753507401,0.648652156216,0.254764617556,-0.810281758386,1.17471135636,0.316813548175,-2.08923384755,-2.10160192119
3.67,1.54774609102,1.05932778973,0.660294213092,0.258247387276,-0.831249142926,1.15308655646,0.380869390175,-2.10398639626,-2.22426165525
3.68,1.55034757831,1.05091009115,0.671713887345,0.26238200536,-0.852361486312,1.13022612326,0.447337349155,-2.11810567839,-2.34865622193
3.69,1.55299373113,1.04228056,0.682898735557,0.267194134259,-0.873611256494,1.10611343202,0.516542220803,-2.13133694141,-2.47462663751
3.7,1.555691461,1.03343786602,0.693836155986,0.272712849776,-0.89498822514,1.08073359051,0.588842709388,-2.1433947531,-2.6019844641
3.71,1.55844798812,1.0243807955,0.704513407367,0.278970988447,-0.916479151556,1.05407374274,0.664633057652,-2.15396105256,-2.73050997452
3.72,1.56127088077,1.01510828299,0.714917630841,0.286005510929,-0.938067446191,1.02612339102,0.74434460753,-2.16268299651,-2.8599503692
3.73,1.56416809834,1.00561944657,0.725035875187,0.293857880598,-0.959732811486,0.996874735358,0.828430007158,-2.16917229329,-2.99001932471
3.74,1.56714803838,0.995913626762,0.734855125548,0.302574111072,-0.981450892057,0.966323004522,0.916679753264,-2.17307130555,-3.12044952598
3.75,1.57021958056,0.985990428734,0.744362335278,0.312191475663,-1.0031942376,0.934465744838,1.00541516043,-2.17433282759,-3.2512471122
3.76,1.57339186789,0.97584974201,0.753544440444,0.322682414281,-1.02493754861,0.901298062278,1.08489950634,-2.17348488893,-3.38304114547
3.77,1.57667322885,0.965491677762,0.762388296523,0.33388946579,-1.04666393538,0.866804921929,1.14091335336,-2.17149780252,-3.51718990398
3.78,1.58006965721,0.954916463303,0.770880538883,0.345500681348,-1.06836750466,0.830954264199,1.15781082492,-2.16952843514,-3.65571908626
3.79,1.58358324247,0.944124327668,0.779007381807,0.357045682288,-1.09005450408,0.793690540204,1.11959510082,-2.16888000883,-3.80133644478
3.8,1.58721057085,0.933115373221,0.786754349687,0.367892583364,-1.11174510484,0.754927535303,1.00995275762,-2.17107186218,-3.95750500949
3.81,1.59094109414,0.921889425572,0.794105932513,0.377244737441,-1.13347594132,0.714540440014,0.812246320955,-2.17791122447,-4.12851232982
3.82,1.5947554656,0.910445854395,0.801045158487,0.384137509783,-1.15530332933,0.672357288707,0.509534280459,-2.19155202526,-4.31952157242
3.83,1.59862384434,0.898783358985,0.807553078288,0.38743542305,-1.17730698183,0.628150008565,0.0846333329307,-2.21452931525,-4.53659040894
3.84,1.60250417406,0.886899714758,0.813608158659,0.385830176442,-1.19959391563,0.581625480528,-0.479759516185,-2.24975552482,-4.78663960946
3.85,1.60634044787,0.874791480673,0.819185587898,0.377840232726,-1.22230209232,0.532417216376,-1.20039124527,-2.3004010142,-5.07714930168
3.86,1.61006097872,0.862453672912,0.824256502986,0.361822351536,-1.24560193591,0.480082494494,-2.08682108611,-2.36892724012,-5.4132393876
3.87,1.6135768949,0.849879441954,0.828787237788,0.336103811004,-1.26968063713,0.424152428624,-3.12660482188,-2.45488381814,-5.79089537425
3.88,1.61678305494,0.837060060169,0.832739551559,0.299290255099,-1.29469961228,0.364264587009,-4.27997347499,-2.55373426346,-6.19361939901
3.89,1.6195627,0.823985449709,0.836072529528,0.250504341504,-1.3207553224,0.300280040644,-5.49218761969,-2.65800559431,-6.5964978493
3.9,1.62179314177,0.810644953722,0.838745152372,0.189446502705,-1.34785972416,0.232334630023,-6.70482728319,-2.75854930651,-6.97032612031
3.91,1.62335163005,0.797028255226,0.840719222129,0.11640779584,-1.37592630853,0.160873518238,-7.85875764959,-2.8449451437,-7.28262166487
3.92,1.62412129768,0.783126427551,0.841962622736,0.0322713497133,-1.40475862704,0.0866821967257,-8.89538536448,-2.90583847657,-7.49812779132
3.93,1.62399705705,0.768933082685,0.842452866063,-0.0614999114494,-1.43404307806,0.0109109624111,-9.75809888512,-2.92944672435,-7.57961756217
3.94,1.62289129945,0.75444556599,0.842180841985,-0.162890627989,-1.46334756152,-0.0649101545178,-10.3937346663,-2.90420368662,-7.4889667422
3.95,1.62073924449,0.739666131454,0.841154662973,-0.269374604776,-1.49212715179,-0.138868372433,-10.7538342614,-2.81948617505,-7.18840793411
3.96,1.61750380736,0.724603022954,0.839403474536,-0.377967313217,-1.51973728502,-0.2086783132,-10.7954549128,-2.66635034367,-6.64184078913
3.97,1.61317989822,0.709271385754,0.836981096709,-0.485283703031,-1.54545415866,-0.271705188215,-10.4825580485,-2.43838917796,-5.81698607619
3.98,1.6077981333,0.693693939781,0.833969370772,-0.587618474187,-1.56850506858,-0.325018034724,-9.79768999575,-2.13417044952,-4.69588699139
3.99,1.60142752874,0.677901284382,0.830480736014,-0.681237502946,-1.58813756765,-0.365622928043,-8.76333142722,-1.76086000897,-3.29347679271
4,1.59417338324,0.661931188428,0.826656912211,-0.762885102732,-1.60372226876,-0.390887570578,-7.44162852503,-1.3337015576,-1.65977279931
4.01,1.58616982669,0.645826839007,0.822662984603,-0.830070073447,-1.6148115988,-0.398818384029,-5.9080554189,-0.870843221043,0.138966619114
4.02,1.57757198177,0.629634956452,0.81868054453,-0.88104621111,-1.62113913318,-0.388108238196,-4.23309349774,-0.389446939544,2.03441062267
4.03,1.56854890246,0.613404056343,0.814900819839,-0.914731943402,-1.6226005376,-0.358130171576,-2.47919486501,0.0955735367803,3.95945388259
4.04,1.5592773429,0.5971829457,0.811517941099,-0.93063010841,-1.61922766245,-0.308919160544,-0.70126001999,0.572046680625,5.84916763275
4.05,1.54993630029,0.581019503094,0.808722436628,-0.928757143802,-1.61115960398,-0.241146818921,1.0521150148,1.03065312773,7.64130250319
4.06,1.54070220003,0.56495975362,0.80669500472,-0.909587808114,-1.59861459989,-0.15609311048,2.73691292126,1.46465603327,9.27642549188
4.07,1.53174454413,0.549047211096,0.805600574418,-0.874018885376,-1.58186648332,-0.0556183090835,4.3117359647,1.86927705366,10.6977780232
4.08,1.52322182232,0.533322423954,0.805582638538,-0.82335308882,-1.56122905882,0.0578624499828,5.73580916845,2.24076411956,11.8509351326
4.09,1.51527748236,0.51782262992,0.806757823418,-0.759302702007,-1.53705120093,0.181400393569,6.96740322691,2.57527130853,12.6836966814
4.1,1.50803576828,0.502581399935,0.80921064641,-0.684005024281,-1.50972363265,0.311536383611,7.96834831,2.86859750385,13.1528470811
4.11,1.50159738187,0.487628157267,0.81298855109,-0.599935735807,-1.47967925085,0.444457335191,8.72028656878,3.11800032675,13.2443254899
4.12,1.49603705356,0.472987814918,0.818099793114,-0.509599292906,-1.44736362612,0.576422893409,9.23359272877,3.32329551222,12.9838688362
4.13,1.49140539601,0.458680884745,0.824517008958,-0.415263881232,-1.41321334061,0.704134711914,9.53360752709,3.48478041834,12.4197649927
4.14,1.48773177594,0.444723548106,0.832182487352,-0.318927142364,-1.37766801775,0.824818193263,9.64597694877,3.60136815735,11.6039386571
4.15,1.48502685317,0.43112752439,0.841013372824,-0.222344342257,-1.34118597746,0.936213485055,9.59410720167,3.67088540982,10.5873134712
4.16,1.48328488909,0.417899828557,0.850906757053,-0.127044998331,-1.30425030955,1.03656446269,9.40034076989,3.6910388538,9.41973802913
4.17,1.4824859532,0.405042518199,0.861744662077,-0.0343375268588,-1.26736520038,1.12460824564,9.08706302072,3.66034320172,8.15005949183
4.18,1.48259813856,0.392552524549,0.873398921966,0.0546962620839,-1.23104344552,1.19956565252,8.67762301159,3.5789279678,6.82625090189
4.19,1.48357987844,0.380421649288,0.885735975128,0.139214933373,-1.19578664103,1.26113326368,8.19706676797,3.44917739438,5.495613277
4.2,1.48538243722,0.368636791729,0.898621587239,0.218637597443,-1.16205989763,1.30947791806,7.67268810859,3.27617873328,4.20506097774
4.21,1.48795263039,0.357180451336,0.911925533489,0.292668695545,-1.13026306636,1.34523448323,7.13440591518,3.06797418614,3.00148419388
4.22,1.49123581113,0.346031530402,0.925526276904,0.361325715747,-1.10070041391,1.36950760194,6.61463495064,2.83556084655,1.931641832
4.23,1.4951791447,0.335166443057,0.939315685528,0.424961394558,-1.07355184943,1.38386731987,6.14374116485,2.5918193284,1.03561510848
4.24,1.49973503902,0.324560493413,0.953203623301,0.484200539044,-1.04886402734,1.39021990411,5.73925712644,2.3487220479,0.331295291329
4.25,1.50486315548,0.314189162511,0.96712008361,0.539746537086,-1.02657740847,1.3904932257,5.40131609916,2.11521556484,-0.190992591554
4.26,1.51052996977,0.304028945244,0.981013487815,0.592226861027,-1.00655971604,1.38640005228,5.12045823221,1.89767596498,-0.555112851138
4.27,1.51670769271,0.29405796819,0.994848084656,0.642155701731,-0.988623889172,1.37939096867,4.88479989789,1.70086664344,-0.78750224659
4.28,1.5233730838,0.28425646746,1.00860130719,0.689922858985,-0.972542383174,1.37065000735,4.68130267327,1.52810104455,-0.915082782451
4.29,1.53050614989,0.274607120526,1.0222610848,0.735781755196,-0.958061868281,1.36108931303,4.49568815799,1.38122182804,-0.965398499074
4.3,1.53808871891,0.265095230095,1.03582309345,0.779836622144,-0.944917946613,1.35134203737,4.31236864434,1.26061290309,-0.966801106956
4.31,1.54610288233,0.255708761594,1.04928792555,0.822029128083,-0.932849610219,1.34175329089,4.11439719034,1.16523321451,-0.94865288383
4.32,1.55452930147,0.24643823789,1.06265815927,0.862124565951,-0.921613282323,1.33236897969,3.88342499625,1.09266307505,-0.941546201819
4.33,1.56334537365,0.237276495948,1.07593530514,0.899697628008,-0.910996348718,1.32292236685,3.59966454553,1.03915959451,-0.977530037712
4.34,1.57252325403,0.228218310916,1.0891166066,0.934117856862,-0.900830090433,1.31281837893,3.24248074403,0.999792243422,-1.08944284742
4.35,1.58202773078,0.219259894139,1.10219167272,0.964547242888,-0.89100050385,1.3011335099,2.79462902082,0.969060480143,-1.30503024467
4.36,1.59181419888,0.210398300839,1.1151392768,0.990010437278,-0.88144888083,1.28671777404,2.24859591198,0.942008239303,-1.63812723271
4.37,1.60182793953,0.201630916522,1.1279260282,1.00951916113,-0.872160339064,1.26837096525,1.60655719093,0.914850117484,-2.08905785385
4.38,1.61200458211,0.192955094058,1.14050669611,1.0221415811,-0.86315187848,1.24493661696,0.874912968796,0.884826753655,-2.6526965188
4.39,1.62227077115,0.184367878953,1.15282476054,1.0270174205,-0.85446380399,1.21531703487,0.0613611993238,0.850037134778,-3.32270883836
4.4,1.63254493052,0.175865817978,1.1648130368,1.02336880508,-0.846151135784,1.1784824402,-0.825198590776,0.809460857506,-4.0916533945
4.41,1.64273814725,0.167444856237,1.17639440935,1.01051344869,-0.83827458684,1.13348396698,-1.77442813894,0.762992425988,-4.95057657306
4.42,1.65275519949,0.159100326241,1.18748271614,0.987880242304,-0.830891287265,1.07947090874,-2.77432008831,0.711455737435,-5.88857916092
4.43,1.6624957521,0.150827030492,1.19798382752,0.955027046922,-0.824045472092,1.01571238376,-3.8110036633,0.656595698787,-6.89238190681
4.44,1.67185574043,0.142619416799,1.20779696382,0.911660169038,-0.817759373289,0.941623270599,-4.86862151242,0.601045105942,-7.94592790872
4.45,1.68072895548,0.134471843026,1.21681629293,0.857654616674,-0.812024569973,0.856793825589,-5.9293171599,0.548265955771,-9.03007144311
4.46,1.68900883276,0.1263789254,1.22493284033,0.79307382584,-0.806794054174,0.761021841737,-6.97337246031,0.502465299792,-10.1224122655
4.47,1.696590432,0.118335961943,1.23203672977,0.718187167468,-0.801975263977,0.654345580279,-7.97952783568,0.468486580838,-11.1973380042
4.48,1.70337257611,0.11033942012,1.23801975194,0.633483269127,-0.797424322557,0.537075081652,-8.92550324465,0.451678115442,-12.2263310994
4.49,1.70926009738,0.102387475491,1.2427782314,0.539677102575,-0.792941701668,0.40981895829,-9.78871453167,0.457740989536,-13.1785774348
4.5,1.71416611816,0.0944805860867,1.2462161311,0.437708978494,-0.788269502766,0.273503532956,-10.5471499451,0.492559115802,-14.0218800558
4.51,1.71801427695,0.0866220854361,1.24824830206,0.328734103674,-0.783090519352,0.129381357174,-11.1803396366,0.562014549941,-14.7238354544
4.52,1.72074080024,0.0788187756997,1.24880375825,0.214102185762,-0.777029211767,-0.020973176133,-11.6703233956,0.671791377476,-15.2531786729
4.53,1.72229632066,0.0710815012008,1.24782883854,0.0953276357614,-0.769654691803,-0.175682216284,-12.0025059427,0.827171573815,-15.5811578502
4.54,1.72264735295,0.0634256818636,1.24529011392,-0.0259479330927,-0.760485780291,-0.332596333137,-12.1662915808,1.03282578891,-15.6827730693
4.55,1.721777362,0.0558717855949,1.24117691187,-0.147998195854,-0.748998176024,-0.48933767767,-12.1557599823,1.29244350747,-15.538273159
4.56,1.71968738904,0.0484457183431,1.23550336037,-0.269063132738,-0.734636910142,-0.643361796317,-11.9727228234,1.6070969664,-15.1386639688
4.57,1.71639609935,0.0411790473921,1.22830967595,-0.387452652321,-0.716856236696,-0.792110957046,-11.6314321754,1.97257864646,-14.4942908183
4.58,1.71193833599,0.0341085936092,1.21966114123,-0.501691776245,-0.695185337212,-0.933247612684,-11.1573158564,2.37920677662,-13.6343429249
4.59,1.70636226382,0.0272753406479,1.20964472369,-0.610598969449,-0.669272101164,-1.06479781554,-10.5796675634,2.81441661447,-12.5965614518
4.6,1.6997263566,0.0207231515859,1.19836518492,-0.713285127513,-0.638897004923,-1.18517884172,-9.92659457146,3.26457086071,-11.4199696686
4.61,1.69209656127,0.0144974005494,1.18594114686,-0.809130860878,-0.60398068395,-1.29319720891,-9.22352998823,3.71536510087,-10.1428659622
4.62,1.68354373938,0.00864353790692,1.17250124074,-0.897755727278,-0.564589702905,-1.38803616096,-8.49261371728,4.15200445965,-8.80197099341
4.63,1.67414144673,0.0032056064913,1.15818042364,-0.978983135223,-0.520940594757,-1.46923662878,-7.75242570164,4.55937631448,-7.43196595407
4.64,1.66396407668,-0.00177527398821,1.14311650816,-1.05280424131,-0.473402176616,-1.53667548005,-7.01802048932,4.92222440756,-6.06538098492
4.65,1.6530853619,-0.00626243704102,1.12744691404,-1.11934354501,-0.422496106606,-1.59054424848,-6.30119551204,5.22532840643,-4.73275732132
4.66,1.64157720578,-0.0102251961203,1.11130562319,-1.17882815155,-0.368895608487,-1.63133062647,-5.61092019692,5.45369179136,-3.4629887064
4.67,1.62950879887,-0.0136403492108,1.09482030151,-1.23156194895,-0.313422270778,-1.65980402261,-4.95385716098,5.59273943598,-2.28374695172
4.68,1.6169459668,-0.0164936415359,1.07810954274,-1.27790529477,-0.257040819768,-1.67700556551,-4.33479520486,5.62882260242,-1.22147928328
4.69,1.60395069297,-0.0187811656061,1.0612801902,-1.31825785305,-0.20084581873,-1.68423360827,-3.75610213081,5.55224417376,-0.297710545453
4.7,1.59058080974,-0.0205105579105,1.04442487057,-1.35302733739,-0.145995936293,-1.68295977642,-3.21648450969,5.36249067972,0.478050357675
4.71,1.57689014623,-0.021701084332,1.02762099467,-1.38258754324,-0.0935960051356,-1.67467260112,-2.71179805628,5.06871456167,1.10894910056
4.72,1.56292905887,-0.0223824780132,1.01093141855,-1.40726329851,-0.0446216450592,-1.6607807944,-2.23771853517,4.68464710054,1.603725094
4.73,1.54874488026,-0.0225935172332,0.994405378784,-1.42734191394,9.69368752732e-05,-1.64259809924,-1.79117162966,4.2251370152,1.97208842067
4.74,1.53438222059,-0.0223805392757,0.978079456567,-1.44308673111,0.0398810952449,-1.62133902599,-1.37031715486,3.70562004747,2.22430143287
4.75,1.51988314563,-0.0217958953283,0.961978598264,-1.45474825704,0.0742093378246,-1.59811207058,-0.974310345521,3.14205605188,2.37139983895
4.76,1.50528725545,-0.0208963525192,0.946117215155,-1.46257293802,0.102722216282,-1.57391102921,-0.603078127757,2.55085180928,2.42534606376
4.77,1.49063168687,-0.0197414510026,0.93050037768,-1.46680981959,0.12522637401,-1.54960514931,-0.257125867975,1.94877360146,2.39911110364
4.78,1.47595105906,-0.018391825039,0.915125112169,-1.46771545538,0.141697688312,-1.52592880714,0.0626159201353,1.35285755552,2.306692597
4.79,1.46127737777,-0.0169074972364,0.899981801537,-1.46555750119,0.152283525121,-1.50347129737,0.35489929754,0.780325298867,2.16308120684
4.8,1.44663990904,-0.0153461545366,0.885055686221,-1.46061746943,0.157304194289,-1.482667183,0.618253055939,0.248334116685,1.98406830566
4.81,1.43206502838,-0.0137614133506,0.870328457877,-1.45319244007,0.157250207454,-1.46378993126,0.851386439511,-0.228054505557,1.78477537148
4.82,1.41757606024,-0.0122011503875,0.855779887596,-1.44358974064,0.152743104178,-1.44697167557,1.05399896685,-0.639922075353,1.57664950067
4.83,1.40319323357,-0.010706551267,0.841389024366,-1.43211246074,0.144451765947,-1.43225694124,1.22703682024,-0.98542146819,1.3664246356
4.84,1.38893381102,-0.00931211506857,0.827134748772,-1.41904900423,0.133034674814,-1.41964318286,1.37204786786,-1.26612675314,1.15827333544
4.85,1.37481225348,-0.00804585777077,0.812996160708,-1.40467150338,0.119129230884,-1.40909147453,1.49063039989,-1.48421200976,0.955596571013
4.86,1.36084038095,-0.00692953045088,0.798952919281,-1.38923639623,0.103350434619,-1.40053125144,1.58430738306,-1.64197182002,0.761326562382
4.87,1.34702752556,-0.00597884907839,0.78498553568,-1.37298535572,0.086289794484,-1.39386494329,1.65449823533,-1.74180349913,0.577942476762
4.88,1.33338067384,-0.0052037345612,0.771075620415,-1.35614643153,0.0685143646362,-1.38897240191,1.70250277887,-1.7861947889,0.407496667845
4.89,1.31990459693,-0.00460856178567,0.757206087641,-1.33893530014,0.0505658987059,-1.38571500993,1.72949489362,-1.7777134436,0.251650300181
4.9,1.30660196784,-0.00419241658708,0.743361320217,-1.32155653365,0.0329600957643,-1.3839393959,1.73652440875,-1.71899960344,0.111714867287
4.91,1.29347346625,-0.00394935987038,0.729527299723,-1.30420481197,0.0161859066372,-1.38348071258,1.7245258854,-1.61276165477,-0.011303216677
4.92,1.2805178716,-0.00386869845433,0.715691705965,-1.28706601595,0.000704862668832,-1.38416546024,1.6943330421,-1.46177610141,-0.116657223538
4.93,1.26773214593,-0.003935262617,0.701843990519,-1.27031815112,-0.013049615391,-1.38581385705,1.64669765995,-1.26889181282,-0.203815747312
4.94,1.25511150858,-0.00412969076215,0.687975428824,-1.25413206275,-0.0246729735875,-1.38824177518,1.58231188162,-1.03703886252,-0.272420851715
4.95,1.24264950468,-0.00442872208875,0.674079155015,-1.23867191349,-0.0337903926414,-1.39126227409,1.50183288869,-0.76924201659,-0.322249936855
4.96,1.23033807031,-0.00480549861498,0.660150183342,-1.22409540497,-0.0400578139193,-1.39468677392,1.4059090063,-0.468638768464,-0.353182320107
4.97,1.21816759658,-0.00522987836714,0.646185419537,-1.21055373337,-0.0431631680107,-1.39832592049,1.29520634475,-0.138501635051,-0.365171360083
4.98,1.20612699564,-0.0056687619752,0.632183664932,-1.19819127808,-0.0428278466203,-1.40199020112,1.17043514406,0.21773577582,-0.358222820625
4.99,1.19420377102,-0.00608643529955,0.618145615514,-1.18714503048,-0.0388084524943,-1.4054903769,1.03237504093,0.596449649853,-0.332380061076
5,1.18238409503,-0.00644493102508,0.604073857394,-1.17754377726,-0.0308988536233,-1.40863780234,0.881898530054,0.993794788723,-0.287716537961
5.01,1.17065289547,-0.00670441237201,0.589972859467,-1.16950705988,-0.0189325567198,-1.41124470766,0.719991943163,1.4056726469,-0.224336000022
5.02,1.15899395383,-0.00682358215948,0.575848963241,-1.1631439384,-0.00278540068522,-1.41312452234,0.547773322306,1.82770016986,-0.142380642416
5.03,1.1473900167,-0.00676012038572,0.561710369021,-1.15855159344,0.0176214466774,-1.41409232051,0.36650662049,2.25518133815,-0.0420473465368
5.04,1.13582292196,-0.00647115322593,0.547567116831,-1.15581380599,0.0423182260777,-1.41396546927,0.177611723688,2.68308362578,0.0763880394638
5.05,1.12427374059,-0.00591375586416,0.533431059635,-1.15499935896,0.0712831191929,-1.41256455972,-0.0173301437783,3.10602184246,0.212538634811
5.06,1.11272293478,-0.00504549084207,0.519315825636,-1.15616040886,0.104438662927,-1.40971469658,-0.2165759924,3.51825201045,0.365867184
5.07,1.10115053241,-0.00382498260562,0.505236765704,-1.15933087881,0.141648159402,-1.40524721604,-0.418225895154,3.91367798293,0.535640244923
5.08,1.08953631721,-0.00221252765403,0.491210881316,-1.16452492676,0.182712222586,-1.39900189168,-0.620233248315,4.28587339154,0.720877050395
5.09,1.07786003387,-0.000170738153911,0.47725672787,-1.17173554378,0.227365627233,-1.39082967503,-0.820420533777,4.6281211649,0.920294552046
5.1,1.06610160633,0.00233478489063,0.463394287815,-1.18093333744,0.275274645884,-1.38059600064,-1.01650052606,4.93347224211,1.13225053355
5.11,1.05424136712,0.00533475476376,0.449644807857,-1.1920655543,0.326035072075,-1.36818466436,-1.20610274457,5.19482418412,1.3546870467
5.12,1.04226029524,0.00885548633213,0.436030594528,-1.20505539233,0.379171129566,-1.3535022597,-1.38680478917,5.40501915398,1.58507674831
5.13,1.03014025928,0.0129181773551,0.422574762663,-1.21980165008,0.434135455155,-1.3364831294,-1.55616801034,5.55695922252,1.82037496216
5.14,1.01786426224,0.0175381954352,0.40930093194,-1.23617875254,0.490310314016,-1.31709476046,-1.71177674984,5.64373522717,2.05698041857
5.15,1.00541668423,0.0227243836354,0.396232867454,-1.25403718508,0.547010159698,-1.29534352102,-1.85128013902,5.65876358559,2.29070759457
5.16,0.992783518542,0.0284783986292,0.383394061519,-1.27320435532,0.603485585728,-1.27128060857,-1.97243515241,5.59592369982,2.51677335334
5.17,0.97995259712,0.03479409535,0.370807255283,-1.29348588813,0.658928633695,-1.24500805396,-2.07314928008,5.44968707081,2.72980013494
5.18,0.966913800779,0.0416569713031,0.35849390044,-1.31466734092,0.712479327144,-1.21668460587,-2.15152079492,5.21522817408,2.92383726669
5.19,0.953659250302,0.0490436818929,0.346473563165,-1.33651630403,0.763233197176,-1.18653130862,-2.20587414679,4.8885067016,3.09240104414
5.2,0.940183474699,0.0569216352466,0.334763274268,-1.35878482386,0.810249461176,-1.15483658499,-2.23480159277,4.46637579835,3.228549952
5.21,0.926483553824,0.0652486711164,0.323376831466,-1.38121233588,0.852560713143,-1.12196030958,-2.23753420516,3.94821739981,3.32540543492
5.22,0.912559227981,0.0739728495095,0.312324068076,-1.40353550796,0.889213809172,-1.08832847629,-2.2150780558,3.34119472544,3.3778144518
5.23,0.898412843665,0.0830329472998,0.30161026194,-1.425513897,0.919384607652,-1.05440402055,-2.17089223302,2.66361759362,3.38387780544
5.24,0.884048950041,0.0923605416625,0.291235987665,-1.44695335262,0.942486161045,-1.02065092018,-2.1098520528,1.94057560768,3.34455326535
5.25,0.869473776613,0.101882670521,0.281197243536,-1.46771093805,0.958196119806,-0.987512955241,-2.03693323861,1.19824908676,3.26259830094
5.26,0.85469473128,0.111524464059,0.27148572856,-1.48769201739,0.96645114278,-0.955398954161,-1.95675104774,0.462066882814,3.14221942021
5.27,0.839719936265,0.121211693376,0.262089264453,-1.50684595901,0.967437457462,-0.924668566836,-1.87344807177,-0.243574834646,2.98900802512
5.28,0.8245578121,0.130873213208,0.252992357224,-1.52516097883,0.961579646087,-0.895618793659,-1.7906246642,-0.895437018054,2.80984529838
5.29,0.809216716688,0.140443286298,0.24417688858,-1.54265845229,0.949528717101,-0.868471660869,-1.71130258053,-1.4714594898,2.61277396133
5.3,0.793704643054,0.14986378755,0.235622924006,-1.55938703044,0.932150456291,-0.843363314432,-1.63792086992,-1.95069102621,2.40684938397
5.31,0.77802897608,0.159086295424,0.227309622291,-1.57541686969,0.910514896577,-0.820334673189,-1.57235968006,-2.3131469839,2.20198338339
5.32,0.76219630566,0.168074085481,0.219216230542,-1.59083422404,0.885887516613,-0.799323646764,-1.51597035771,-2.53975875403,2.00875710939
5.33,0.746212291599,0.176804045756,0.211323149356,-1.60573627684,0.859719721496,-0.780159531002,-1.46936217156,-2.61496523213,1.83751736049
5.34,0.730081580123,0.185268479911,0.203613039922,-1.62022146747,0.833588211971,-0.762573299555,-1.43175050141,-2.53452693364,1.69591248016
5.35,0.713807862249,0.193475809996,0.196071683365,-1.63437128687,0.809029182823,-0.746241281398,-1.40078854909,-2.30967425008,1.58713167414
5.36,0.697394154386,0.201449063568,0.188688214294,-1.64823723845,0.787394726969,-0.730830666072,-1.37346292126,-1.9603455921,1.51113835362
5.37,0.68084311748,0.209223704535,0.181455070043,-1.6618405453,0.769822270981,-0.716018514326,-1.34689578689,-1.5077763447,1.46651700895
5.38,0.66415734348,0.216845508987,0.174367844008,-1.67517515419,0.757239200075,-0.701500325893,-1.31847699969,-0.972780037363,1.45108239965
5.39,0.647339614397,0.224368488536,0.167425063525,-1.68821008529,0.750366670234,-0.686996866333,-1.28579466449,-0.375878253138,1.46203447314
5.4,0.630393141774,0.231852842392,0.160627906681,-1.70089104748,0.749721635012,-0.67225963643,-1.24656913704,0.262536084495,1.4960845626
5.41,0.613321793447,0.239362921237,0.153979870797,-1.71314146803,0.755617391924,-0.657075175081,-1.19860753858,0.922077496826,1.54956026698
5.42,0.596130312413,0.246965190231,0.14748640318,-1.72486319825,0.768163184949,-0.64126843109,-1.13978951634,1.58231021373,1.61848531654
5.43,0.578824529482,0.254726184936,0.141154502175,-1.73593725836,0.787263596199,-0.62470546875,-1.06809376294,2.22277139376,1.69863215222
5.44,0.561411567246,0.262710462155,0.134992293805,-1.74622507351,0.812618612824,-0.607295788046,-0.981667267411,2.82323685557,1.78558390563
5.45,0.543900028012,0.270978557192,0.129008586414,-1.75557060371,0.84372833331,-0.588993790638,-0.878862507953,3.36573664509,1.87520059354
5.46,0.526300155172,0.279585028821,0.123212417992,-1.76380232367,0.879933345726,-0.569791776175,-0.758120411356,3.83860937271,1.9646506861
5.47,0.508623981538,0.288577224107,0.117612750891,-1.77073301193,0.920500520764,-0.549700776916,-0.617810726609,4.23756343977,2.05280252064
5.48,0.490885494933,0.297995039236,0.112218402454,-1.7761585382,0.964684614521,-0.528735725762,-0.456237450037,4.56209422832,2.13943916189
5.49,0.473100810774,0.307870916397,0.107038036375,-1.77985776094,1.01174240533,-0.506911993678,-0.271745216186,4.81266494431,2.22454832609
5.5,0.455288339715,0.318229887343,0.10208016258,-1.78159344252,1.06093791341,-0.48424475924,-0.0628129940491,4.99031523584,2.30816106475
5.51,0.437468941924,0.329089674665,0.0973531411906,-1.78111402082,1.11154871005,-0.460748772383,0.171858881308,5.09676099614,2.39031565059
5.52,0.419666059298,0.340460861544,0.0928651871323,-1.7781562649,1.16287313333,-0.436438446228,0.433259368102,5.13446694135,2.47102668144
5.53,0.401905816626,0.352347137332,0.0886243722661,-1.77244883345,1.21423804887,-0.411328238754,0.721976540567,5.1066813466,2.55025821273
5.54,0.384217082629,0.364745622521,0.0846386223572,-1.76371673409,1.26500676026,-0.385433281974,1.03810894165,5.01743067905,2.62790136857
5.55,0.366631481944,0.377647272537,0.0809157066266,-1.75168665462,1.31458666246,-0.358770211383,1.3811815811,4.87147427221,2.7037569309
5.56,0.349183349537,0.39103735577,0.0774632181296,-1.73609310247,1.36243624571,-0.331358143356,1.75007041135,4.67422173678,2.777523386
5.57,0.331909619895,0.404895997451,0.0742885437595,-1.71668524639,1.40807109719,-0.303219743663,2.14293972788,4.43161822084,2.84879081626
5.58,0.314849644609,0.419198777714,0.0713988232563,-1.69323430791,1.45106861012,-0.274382327031,2.55719736712,4.15000465467,2.91704086512
5.59,0.298044933737,0.433917369654,0.0688008972188,-1.66554129905,1.49107119028,-0.24487892636,2.9894727155,3.8359615307,2.9816527855
5.6,0.281538818628,0.44902020152,0.0665012447291,-1.6334448536,1.52778784074,-0.214749271321,3.43562230078,3.49614544781,3.04191531994
5.61,0.265376036665,0.464473126468,0.0645059117924,-1.59682885304,1.56099409924,-0.184040619962,3.89076702679,3.13712755701,3.0970438776
5.62,0.249602241567,0.480240083505,0.0628204323299,-1.55562951306,1.59053039188,-0.152808393769,4.3493638804,2.76524224217,3.14620219174
5.63,0.234263446404,0.496283734306,0.0614497439171,-1.50984157543,1.61629894408,-0.121116576127,4.80531318148,2.38645299186,3.18852738926
5.64,0.219405410059,0.512566062386,0.0603981008074,-1.45952324943,1.63825945171,-0.0890378459834,5.25210022394,2.0062406548,3.22315720658
5.65,0.205072981415,0.52904892334,0.0596689869974,-1.40479957095,1.65642375718,-0.056653431995,5.68296760882,1.62951732866,3.24925796397
5.66,0.19130941864,0.54569453753,0.0592650321675,-1.34586389726,1.67084979829,-0.024052686704,6.0911119145,1.26056720782,3.26605187893
5.67,0.17815570347,0.562465919306,0.0591879332633,-1.28297733266,1.68163510134,0.00866760558353,6.46989586157,0.903013974463,3.27284236319
5.68,0.165649871986,0.579327239557,0.0594383842791,-1.21646598002,1.68891007778,0.0414041605598,6.8130651202,0.559812876743,3.26903610336
5.69,0.153826383869,0.596244120862,0.0600160164745,-1.14671603026,1.69283135887,0.0740483276508,7.11495766958,0.233264563844,3.25416095913
5.7,0.142715551381,0.613183866734,0.0609193508321,-1.07416682663,1.69357536905,0.106487379742,7.3706933847,-0.0749529429555,3.22787900396
5.71,0.132343047337,0.630115628243,0.0621457640694,-0.999302162562,1.69133230001,0.13860590773,7.57633241394,-0.363738092952,3.18999435483
5.72,0.12272950813,0.647010512734,0.0636914689867,-0.922640178354,1.68630060719,0.170287266839,7.72899289973,-0.632509430109,3.14045576287
5.73,0.11389024377,0.663841640387,0.0655515094061,-0.844722304567,1.67868211141,0.201415022987,7.82692150614,-0.881142739657,3.07935423796
5.74,0.105835062039,0.680584154962,0.0677197694465,-0.766101748231,1.6686777524,0.231874351598,7.86951374349,-1.10990505797,3.00691623673
5.75,0.0985682088049,0.697215195435,0.0701889964381,-0.687332029697,1.65648401025,0.261553347722,7.85728482406,-1.31938838097,2.92349313753
5.76,0.0920884214448,0.713713835167,0.0729508364009,-0.60895605175,1.64228998478,0.290344214349,7.79179532265,-1.51044535481,2.8295478516
5.77,0.0863890877699,0.73006099513,0.0759958807251,-0.531496123244,1.62627510315,0.318144304754,7.67553887331,-1.68412868193,2.72563947333
5.78,0.0814584989799,0.74623933723,0.079313722496,-0.455445274284,1.60860741114,0.344857003816,7.51180122801,-1.84163546113,2.61240686265
5.79,0.0772801822842,0.762233143353,0.0828930208014,-0.381260098684,1.58944239393,0.370392442007,7.30450108907,-1.9842572239,2.49055198664
5.8,0.0738332970062,0.778028185109,0.0867215713361,-0.309355252502,1.56892226667,0.394668043548,7.05802320252,-2.11333604336,2.3608237419
5.81,0.0710930772342,0.793611588686,0.0907863816724,-0.240099634634,1.54717567306,0.417608916845,6.77705338598,-2.23022678119,2.22400284583
5.82,0.0690313043136,0.80897169857,0.095073749673,-0.173814184783,1.52431773104,0.439148100465,6.46642367561,-2.3362652987,2.08088824032
5.83,0.0676167935385,0.824097943307,0.0995693436817,-0.110771161121,1.50045036709,0.459226681651,6.13097386897,-2.43274228567,1.93228530571
5.84,0.0668158810911,0.838980705912,0.104258283306,-0.0511947074034,1.47566288533,0.477793806579,5.77543367298,-2.52088224556,1.77899604755
5.85,0.0665928993905,0.853611201014,0.109125219813,0.00473751233812,1.45003272218,0.494806602602,5.40432766326,-2.60182710922,1.62181129952
5.86,0.0669106313379,0.867981360356,0.114154415358,0.0568918458617,1.42362634314,0.51023003257,5.02190349237,-2.67662392078,1.46150488716
5.87,0.0677307363077,0.882083727877,0.119329820465,0.105175582186,1.39650024376,0.524036700345,4.63208235454,-2.74621604167,1.29882962112
5.88,0.0690141429816,0.895911365231,0.124635149365,0.149533492952,1.36870202231,0.536206624992,4.23842966846,-2.81143734186,1.13451493353
5.89,0.0707214061667,0.909457768323,0.130053952964,0.189944175555,1.34027149693,0.546726999016,3.84414327164,-2.87300888608,0.969265936676
5.9,0.0728130264927,0.92271679517,0.135569689345,0.226416358385,1.31124184459,0.555591943726,3.45205608822,-2.931537671,0.803763665037
5.91,0.0752497333344,0.935682605215,0.141165791839,0.258985297319,1.28164074351,0.562802272317,3.06465017599,-2.9875170218,0.638666258459
5.92,0.0779927324391,0.94834961004,0.146825734792,0.287709361905,1.25149150415,0.568365268895,2.68407920721,-3.04132831126,0.474610850696
5.93,0.0810039205725,0.960712435298,0.152533097217,0.312666881463,1.22081417728,0.572294489331,2.31219672467,-3.09324371788,0.312215942386
5.94,0.0842460700684,0.972765893585,0.158271624578,0.333953296398,1.1896266298,0.574609587742,1.95058787998,-3.14342978955,0.152084057173
5.95,0.0876829865005,0.984504967894,0.164025288972,0.351678639063,1.15794558149,0.575336170474,1.60060275701,-3.19195162599,-0.00519549781011
5.96,0.0912796428496,0.995924805215,0.169778347988,0.365965351539,1.12578759728,0.574505677786,1.26338977567,-3.238777534,-0.159043921984
5.97,0.0950022935313,1.00702071984,0.175515402527,0.376946434576,1.09317003081,0.572155292034,0.939928034076,-3.28378404532,-0.308890392901
5.98,0.0988185715411,1.01778820583,0.181221453828,0.38476391222,1.06011191637,0.568327869928,0.631057768588,-3.32676121695,-0.454169827134
5.99,0.102697571776,1.02822295817,0.186881959926,0.389567589948,1.02663480647,0.563071895492,0.337508383151,-3.36741815807,-0.59432101628
6,0.10660992334,1.03832090196,0.192482891738,0.391514079883,0.992763553208,0.556441449603,0.0599237222207,-3.4053887459,-0.728785203228
6.01,0.110527853373,1.04807822923,0.198010788918,0.390766064392,0.958527031553,0.548496191427,-0.201115562671,-3.44023750647,-0.857005144504
6.02,0.114425244628,1.05749144259,0.203452815567,0.38749176863,0.923958803079,0.539301346713,-0.445072568437,-3.47146564371,-0.978424686544
6.03,0.118277688746,1.06655740529,0.208796815852,0.381864613024,0.889097718679,0.528927697696,-0.671437535289,-3.49851720386,-1.09248886673
6.04,0.122062536888,1.07527339697,0.214031369521,0.374063017924,0.853988459002,0.517451569378,-0.879713929267,-3.5207853606,-1.19864453401
6.05,0.125758949104,1.08363717447,0.21914584724,0.364270334438,0.818682011467,0.504954807016,-1.06940736687,-3.53761903711,-1.29634163377
6.06,0.129347943577,1.09164703719,0.224130465661,0.352674870587,0.783236078259,0.491524736703,-1.24005521562,-3.54835534698,-1.38505312521
6.07,0.132812446516,1.09930189604,0.228976341974,0.339469230126,0.747714904527,0.477253744512,-1.39146236046,-3.55248864149,-1.46439275992
6.08,0.13613732818,1.10660133529,0.233675540551,0.324845623378,0.71218630543,0.462236881504,-1.52402349251,-3.54989540527,-1.53427659651
6.09,0.139309358984,1.11354562215,0.238221079604,0.308988760276,0.676716996422,0.446568212582,-1.63865529653,-3.54079609569,-1.59490135156
6.1,0.142317103385,1.12013567521,0.242606904803,0.292072517447,0.641370383516,0.430338854473,-1.73644655083,-3.52552796346,-1.646584501
6.11,0.145150809333,1.12637302982,0.246827856693,0.274259829259,0.606206437153,0.413636522562,-1.81848042363,-3.50443322984,-1.68967989016
6.12,0.14780229997,1.13225980396,0.250879635254,0.255702908974,0.571281718919,0.39654525667,-1.88581858088,-3.4778544001,-1.72456768992
6.13,0.150264867512,1.13779866419,0.254758761827,0.236543457641,0.536649349151,0.379145168763,-1.93950270337,-3.44613961383,-1.75165226462
6.14,0.152533169123,1.14299279094,0.258462538629,0.216912854907,0.502358926642,0.361512211377,-1.98055644529,-3.40964691516,-1.77136012878
6.15,0.15460312461,1.14784584273,0.261989006054,0.196932328736,0.468456410847,0.343717966188,-2.00998760608,-3.36874754003,-1.78413794426
6.16,0.156471815698,1.15236191916,0.265336897953,0.176713102785,0.434983975842,0.325829452492,-2.02879036324,-3.32382832854,-1.79045052933
6.17,0.158137386666,1.15654552224,0.268505595104,0.156356521471,0.401979844277,0.307908955601,-2.03794745625,-3.27529336467,-1.79077885926
6.18,0.159598946127,1.16040151604,0.271495077065,0.13595415366,0.369478108549,0.290013875307,-2.03843224638,-3.22356494088,-1.78561804566
6.19,0.160856469739,1.16393508442,0.27430587261,0.115587876543,0.337508545459,0.272196594688,-2.03121060438,-3.16908394088,-1.77547528861
6.2,0.161910703658,1.16715168695,0.276939008959,0.0953299415726,0.306096429731,0.254504369535,-2.01724259992,-3.11230972897,-1.76086780109
6.21,0.162763068571,1.17005701301,0.279395960001,0.0752430245447,0.27526235088,0.236979238666,-1.99748398328,-3.05371963019,-1.74232070981
6.22,0.163415564149,1.17265693397,0.281678593732,0.0553802619069,0.245022037127,0.219657955339,-1.97288746243,-2.99380808041,-1.72036494021
6.23,0.163870673809,1.17495745375,0.283789119108,0.035785275296,0.215386189271,0.202571939862,-1.94440378811,-2.93308552035,-1.69553509503
6.24,0.164131269655,1.17696465775,0.28573003253,0.0164921861447,0.18636032672,0.185747253438,-1.91298231006,-2.87207685229,-1.66836715968
6.25,0.164200517532,1.17868466029,0.287504064177,-0.00247437090512,0.157944652226,0.169204596669,-1.87954596363,-2.81130196237,-1.63938354452
6.26,0.164081782237,1.1801235508,0.289114124463,-0.0210987331278,0.130134287473,0.152959582548,-1.84485450889,-2.75117816189,-1.60902270465
6.27,0.163778542869,1.18128734604,0.290563255828,-0.0393714610829,0.102921088988,0.137024142576,-1.80934304564,-2.69190610432,-1.57755751433
6.28,0.163294353015,1.18218197258,0.291854607314,-0.0572855940406,0.0762961653863,0.121408432261,-1.77317739356,-2.63350841937,-1.54512319166
6.29,0.162632830988,1.18281326934,0.292991424473,-0.074835008954,0.0502509206004,0.106121678742,-1.73643368116,-2.57595519637,-1.51180758099
6.3,0.161797652836,1.18318699099,0.293977040889,-0.0920142676638,0.024777061459,0.0911722806413,-1.69917900232,-2.51921963358,-1.4776917567
6.31,0.160792545635,1.18330881057,0.294814870086,-0.108818589,-0.000133472071077,0.0765678436084,-1.66147770486,-2.46328146306,-1.44285333612
6.32,0.159621281056,1.18318432155,0.295508397761,-0.125243821761,-0.0244885678021,0.0623152139189,-1.62339146561,-2.40812610165,-1.40736665626
6.33,0.1582876692,1.18281903922,0.296061174364,-0.141286418313,-0.0482959941041,0.0484205104831,-1.58497934566,-2.35374387147,-1.37130291894
6.34,0.15679555269,1.18221840167,0.296476807971,-0.156943408674,-0.0715634452315,0.0348891555401,-1.54629783317,-2.3001292869,-1.33473031142
6.35,0.155148801026,1.18138777031,0.296758957475,-0.172212374976,-0.0942985798422,0.0217259042548,-1.50740087693,-2.24728040386,-1.2977141074
6.36,0.15335130519,1.18033243007,0.296911326056,-0.187091426213,-0.116509053309,0.00893487339203,-1.46833991357,-2.19519822718,-1.26031675253
6.37,0.151406972502,1.17905758925,0.296937654943,-0.201579173247,-0.138202544386,-0.00348043079591,-1.42916389096,-2.14388617262,-1.22259793791
6.38,0.149319721725,1.17756837918,0.29684171744,-0.215674704032,-0.159386776761,-0.0155170853661,-1.38991928962,-2.09334958018,-1.18461466473
6.39,0.147093478421,1.17586985371,0.296627313235,-0.22937755904,-0.180069535989,-0.0271727240906,-1.35065014391,-2.04359527547,-1.14642130268
6.4,0.144732170545,1.17396698846,0.296298262958,-0.24268770691,-0.200258682271,-0.0384455114197,-1.31139806415,-1.99463117642,-1.10806964397
6.41,0.142239724283,1.17186468007,0.295858403007,-0.255605520323,-0.219962159518,-0.0493341169701,-1.27220226076,-1.94646594232,-1.06960895515
6.42,0.139620060138,1.16956774527,0.295311580619,-0.268131752126,-0.239188001117,-0.0598376905228,-1.23309957126,-1.89910866261,-1.03108602786
6.43,0.136877089241,1.16708092004,0.294661649196,-0.280267511748,-0.25794433277,-0.0699558375273,-1.19412449041,-1.85256858281,-0.992545229841
6.44,0.134014709903,1.16440885862,0.293912463869,-0.292014241934,-0.276239372773,-0.0796885951196,-1.15530920415,-1.80685486503,-0.95402855706
6.45,0.131036804402,1.16155613259,0.293067877294,-0.303373695831,-0.29408143007,-0.0890364086685,-1.11668362736,-1.76197638056,-0.915575687647
6.46,0.127947235987,1.15852723002,0.292131735695,-0.314347914481,-0.311478900384,-0.0980001088725,-1.07827544544,-1.71794153228,-0.87722403815
6.47,0.124749846112,1.15532655458,0.291107875117,-0.32493920474,-0.328440260716,-0.106580889432,-1.04011015994,-1.67475810447,-0.839008822424
6.48,0.121448451892,1.1519584248,0.290000117907,-0.33515011768,-0.344974062474,-0.114780285321,-1.00221113775,-1.63243313781,-0.800963113338
6.49,0.118046843759,1.14842707333,0.28881226941,-0.344983427495,-0.361088923472,-0.122600151698,-0.964599663835,-1.59097282739,-0.76311790741
6.5,0.114548783342,1.14473664633,0.287548114873,-0.354442110956,-0.376793519022,-0.130042643469,-0.927294997271,-1.55038244164,-0.725502192298
6.51,0.11095800154,1.14089120295,0.286211416541,-0.36352932744,-0.392096572305,-0.137110195544,-0.890314430112,-1.51066626018,-0.688143017049
6.52,0.107278196793,1.13689471489,0.284805910962,-0.372248399559,-0.407006844225,-0.14380550381,-0.853673348854,-1.47182752872,-0.651065564942
6.53,0.103513033549,1.13275106607,0.283335306465,-0.380602794417,-0.42153312288,-0.150131506843,-0.817385298106,-1.43386842906,-0.614293228709
6.54,0.0996661409048,1.12846405243,0.281803280825,-0.388596105521,-0.435684212806,-0.156091368384,-0.781462046067,-1.39679006259,-0.577847687819
6.55,0.0957411114381,1.12403738181,0.280213479097,-0.396232035339,-0.449468924131,-0.161688460599,-0.745913651472,-1.36059244567,-0.541748987589
6.56,0.091741500198,1.11947467395,0.278569511613,-0.40351437855,-0.46289606172,-0.166926348136,-0.710748531592,-1.32527451519,-0.506015619787
6.57,0.0876708238671,1.11477946058,0.276874952134,-0.410447005971,-0.475974414435,-0.171808772995,-0.675973530947,-1.29083414314,-0.470664604394
6.58,0.0835325600786,1.10995518566,0.275133336153,-0.417033849169,-0.488712744583,-0.176339640224,-0.641593990402,-1.25726815866,-0.43571157221
6.59,0.0793301468837,1.10500520568,0.27334815933,-0.423278885779,-0.501119777608,-0.180523004439,-0.607613816312,-1.22457237647,-0.401170848001
6.6,0.075066982363,1.0999327901,0.271522876064,-0.429186125495,-0.513204192112,-0.184363057184,-0.57403554938,-1.1927416305,-0.367055533845
6.61,0.0707464243738,1.09474112184,0.269660898186,-0.434759596766,-0.524974610219,-0.187864115116,-0.540860433011,-1.16176981179,-0.333377592368
6.62,0.0663717904277,1.0894332979,0.267765593762,-0.440003334156,-0.536439588348,-0.191030609031,-0.508088480886,-1.13164990954,-0.300147929611
6.63,0.0619463576907,1.08401233007,0.265840286005,-0.444921366384,-0.547607608409,-0.193867073709,-0.475718543507,-1.10237405474,-0.267376477223
6.64,0.0574733631,1.07848114573,0.263888252288,-0.449517705026,-0.558487069443,-0.196378138576,-0.443748373555,-1.07393356541,-0.235072273724
6.65,0.0529560035902,1.07284258869,0.261912723234,-0.453796333855,-0.569086279718,-0.198568519183,-0.4121746899,-1.04631899284,-0.203243544609
6.66,0.0483974364229,1.06709942014,0.259916881904,-0.457761198824,-0.5794134493,-0.200443009468,-0.380993240087,-1.01952016838,-0.171897781069
6.67,0.0438007796137,1.0612543197,0.257903863045,-0.461416198657,-0.589476683085,-0.202006474804,-0.350198861201,-0.993526250003,-0.141041817109
6.68,0.0391691124498,1.05530988648,0.255876752408,-0.464765176048,-0.5992839743,-0.20326384581,-0.31978553907,-0.968325768448,-0.110681904862
6.69,0.0345054760928,1.04926864021,0.253838586128,-0.467811909438,-0.608843198454,-0.204220112902,-0.289746465689,-0.943906672389,-0.0808237879863
6.7,0.029812874261,1.04313302251,0.25179235015,-0.470560105362,-0.618162107747,-0.20488032157,-0.260074094842,-0.920256372378,-0.0514727729177
6.71,0.0250942739855,1.03690539806,0.249740979697,-0.473013391335,-0.627248325902,-0.20524956836,-0.230760195948,-0.897361783286,-0.0226337978704
6.72,0.0203526064343,1.03058805599,0.247687358783,-0.475175309281,-0.636109343413,-0.205332997527,-0.201795906114,-0.875209364967,0.00568850053381
6.73,0.0155907677999,1.02418321119,0.245634319746,-0.477049309457,-0.644752513201,-0.205135798349,-0.173171780416,-0.853785161008,0.0334897231713
6.74,0.0108116202452,1.01769300573,0.243584642816,-0.478638744889,-0.653185046633,-0.204663203064,-0.144877840503,-0.833074835432,0.0607656469116
6.75,0.00601799290215,1.01111951026,0.241541055685,-0.479946866267,-0.66141400991,-0.203920485411,-0.11690362156,-0.813063707207,0.0875121658378
6.76,0.00121268291982,1.00446472553,0.239506233107,-0.48097681732,-0.669446320777,-0.202912959747,-0.0892382177243,-0.793736782507,0.113725235288
6.77,-0.00360154344426,0.997730583842,0.23748279649,-0.481731630622,-0.67728874556,-0.201645980705,-0.0618703260818,-0.775078784664,0.139400818782
6.78,-0.00842194969262,0.990918950616,0.235473313493,-0.482214223842,-0.684947896471,-0.200124943372,-0.0347882893603,-0.757074181827,0.164534837929
6.79,-0.0132458279211,0.984031625913,0.233480297623,-0.482427396409,-0.692430229196,-0.198355283947,-0.00798013742757,-0.73970721229,0.189123125422
6.8,-0.0180704976208,0.977070346032,0.231506207814,-0.48237382659,-0.699742040717,-0.196342480863,0.0185663722029,-0.722961907489,0.213161381171
6.81,-0.0228933044529,0.970036785099,0.229553448006,-0.482056068965,-0.706889467346,-0.194092056323,0.0448637147249,-0.706822112745,0.236645131653
6.82,-0.0277116190001,0.962932556685,0.227624366688,-0.481476552296,-0.713878482971,-0.19160957823,0.0709245590886,-0.691271505803,0.259569692584
6.83,-0.0325228354988,0.955759215439,0.225721256441,-0.480637577783,-0.720714897462,-0.188900662472,0.0967617294955,-0.676293613163,0.28193013498
6.84,-0.0373243705558,0.948518258736,0.223846353439,-0.479541317706,-0.727404355235,-0.18597097553,0.122388167186,-0.66187182432,0.30372125469
6.85,-0.0421136618529,0.941211128334,0.22200183693,-0.47818981444,-0.733952333949,-0.182826237378,0.147816892316,-0.647989403984,0.3249375455
6.86,-0.0468881668446,0.933839212057,0.220189828691,-0.47658497986,-0.740364143314,-0.17947222462,0.173060965636,-0.634629502363,0.345573175886
6.87,-0.0516453614501,0.926403845468,0.218412392438,-0.474728595127,-0.746644923996,-0.17591477386,0.198133449782,-0.621775163544,0.36562196949
6.88,-0.0563827387471,0.918906313577,0.216671533214,-0.472622310864,-0.752799646585,-0.172159785231,0.22304736994,-0.60940933214,0.385077389451
6.89,-0.0610978076674,0.911347852536,0.214969196733,-0.470267647728,-0.758833110639,-0.168213226071,0.247815673601,-0.597514858251,0.403932526668
6.9,-0.0657880917016,0.903729651364,0.213307268692,-0.467665997392,-0.76474994375,-0.164081134697,0.272451189132,-0.586074500804,0.422180092066
6.91,-0.0704511276152,0.896052853661,0.211687574039,-0.464818623945,-0.770554600655,-0.15976962423,0.296966582954,-0.57507092942,0.439812412998
6.92,-0.0750844641806,0.888318559351,0.210111876208,-0.461726665733,-0.776251362339,-0.155284886437,0.321374314956,-0.564486724906,0.45682143385
6.93,-0.0796856609299,0.880527826415,0.208581876311,-0.458391137646,-0.781844335153,-0.150633195553,0.34568659193,-0.554304378408,0.473198720957
6.94,-0.0842522869335,0.872681672648,0.207099212297,-0.454812933894,-0.787337449907,-0.145820912018,0.369915318709,-0.544506289339,0.488935471905
6.95,-0.0887819196078,0.864781077417,0.20566545807,-0.450992831272,-0.79273446094,-0.140854486115,0.394072046689,-0.535074762237,0.504022529292
6.96,-0.0932721435589,0.856826983429,0.204282122574,-0.44693149296,-0.798038945152,-0.135740461432,0.418167919471,-0.525992002566,0.518450399053
6.97,-0.097720549467,0.848820298514,0.202950648842,-0.442629472883,-0.803254300991,-0.130485478134,0.442213615303,-0.517240111583,0.532209273375
6.98,-0.102124733017,0.840761897409,0.201672413012,-0.438087220654,-0.808383747383,-0.125096275965,0.466219286026,-0.508801080363,0.545289058254
6.99,-0.10648229388,0.832652623566,0.200448723322,-0.433305087162,-0.813430322598,-0.119579696969,0.490194492219,-0.50065678307,0.557679405745
7,-0.11079083476,0.824493290957,0.199280819072,-0.42828333081,-0.818396883045,-0.11394268785,0.514148134288,-0.492788969553,0.569369750913
7.01,-0.115047960496,0.816284685905,0.198169869565,-0.423022124476,-0.823286101989,-0.10819230195,0.538088379189,-0.485179257348,0.580349353469
7.02,-0.119251277249,0.808027568917,0.197116973033,-0.417521563226,-0.828100468192,-0.102335700781,0.562022582542,-0.477809123189,0.590607344054
7.03,-0.123398391761,0.799722676541,0.19612315555,-0.411781672826,-0.832842284453,-0.0963801550692,0.585957205902,-0.470659894105,0.60013277513
7.04,-0.127486910706,0.791370723228,0.195189369932,-0.405802419108,-0.837513666074,-0.0903330452779,0.609897728983,-0.463712738152,0.608914676388
7.05,-0.131514440143,0.78297240322,0.194316494644,-0.399583718246,-0.842116539216,-0.0842018615414,0.633848556652,-0.456948654912,0.616942114535
7.06,-0.135478585071,0.774528392444,0.193505332701,-0.393125447975,-0.846652639172,-0.0779942029873,0.65781292058,-0.450348465802,0.624204257316
7.07,-0.139376949102,0.766039350436,0.192756610584,-0.386427459834,-0.851123508532,-0.0717177763951,0.681792775425,-0.443892804284,0.630690441568
7.08,-0.143207134267,0.757505922273,0.192070977173,-0.379489592467,-0.855530495258,-0.0653803941559,0.705788689612,-0.437562106053,0.636390245084
7.09,-0.146966740952,0.748928740531,0.191449002701,-0.372311686042,-0.859874750653,-0.0589899714934,0.729799730708,-0.431336599286,0.641293562017
7.1,-0.150653367988,0.74030842726,0.190891177743,-0.364893597852,-0.864157227243,-0.0525545229156,0.75382334554,-0.425196295016,0.645390681451
7.11,-0.154264612909,0.731645595986,0.190397912243,-0.357235219131,-0.868378676553,-0.0460821578644,0.777855235302,-0.419120977724,0.648672368845
7.12,-0.157798072371,0.722940853729,0.189969534586,-0.349336493146,-0.872539646798,-0.0395810755387,0.801889226029,-0.413090196229,0.651129949916
7.13,-0.161251342772,0.71419480305,0.189606290732,-0.341197434611,-0.876640480478,-0.0330595588661,0.825917134898,-0.407083254918,0.652755396483
7.14,-0.164622021063,0.70540804412,0.189308343409,-0.332818150448,-0.880681311896,-0.026525967609,0.849928632944,-0.401079205458,0.653541413796
7.15,-0.167907705781,0.696581176812,0.18907577138,-0.324198861952,-0.884662064587,-0.0199887305902,0.873911105036,-0.395056839028,0.653481528822
7.16,-0.171105998302,0.687714802828,0.188908568797,-0.315339928348,-0.888582448677,-0.0134563370326,0.897849508034,-0.388994679149,0.652570178886
7.17,-0.174214504348,0.678809527839,0.188806644639,-0.306241871791,-0.89244195817,-0.00693732701246,0.921726228273,-0.382870975209,0.650802800055
7.18,-0.177230835738,0.669865963665,0.188769822257,-0.296905403782,-0.896239868181,-0.000440281031453,0.945520939743,-0.376663696786,0.648175914641
7.19,-0.180152612423,0.660884730475,0.188797839019,-0.287331452996,-0.899975232106,0.00602619128036,0.969210464507,-0.370350528826,0.644687217099
7.2,-0.182977464798,0.651866459022,0.188890346082,-0.277521194492,-0.903646878757,0.0124534633105,0.992768637221,-0.363908867764,0.640335657657
7.21,-0.185703036313,0.6428117929,0.189046908285,-0.267476080252,-0.907253409461,0.0188329044335,1.01616617579,-0.35731581871,0.635121522948
7.22,-0.188326986403,0.633721390833,0.189267004171,-0.257197870976,-0.910793195132,0.0251558937695,1.03937056044,-0.350548193774,0.629046512902
7.23,-0.190846993733,0.624595928997,0.18955002616,-0.246688669043,-0.914264373337,0.0314138346915,1.06234592377,-0.343582511614,0.622113813194
7.24,-0.193260759784,0.615436103366,0.189895280865,-0.235950952501,-0.917664845364,0.0375981700334,1.08505295466,-0.336394998337,0.614328162494
7.25,-0.195566012783,0.60624263209,0.190301989561,-0.22498760995,-0.920992273303,0.0437003979414,1.10744881906,-0.328961589859,0.605695913815
7.26,-0.197760511983,0.5970162579,0.190769288824,-0.21380197612,-0.924244077161,0.0497120883097,1.12948710084,-0.321257935793,0.596225089286
7.27,-0.199842052305,0.587757750547,0.191296231327,-0.202397867933,-0.927417432019,0.0556248997271,1.15111776644,-0.31325940502,0.585925427662
7.28,-0.201808469341,0.57846790926,0.191881786818,-0.190779620791,-0.930509265262,0.0614305968629,1.17228715672,-0.304941093042,0.574808423977
7.29,-0.203657644721,0.569147565242,0.192524843264,-0.178952124799,-0.93351625388,0.0671210682067,1.19293800989,-0.296277831255,0.562887360765
7.3,-0.205387511837,0.559797584182,0.193224208182,-0.166920860593,-0.936434821887,0.0726883440782,1.2130095195,-0.287244198248,0.550177330331
7.31,-0.206996061933,0.550418868804,0.193978610146,-0.154691934409,-0.939261137845,0.0781246148133,1.23243743112,-0.277814533308,0.536695247627
7.32,-0.208481350526,0.541012361426,0.194786700479,-0.142272111971,-0.941991112553,0.0834222490307,1.25115418157,-0.267962952223,0.52245985338
7.33,-0.209841504172,0.531579046553,0.195647055127,-0.129668850777,-0.94462039689,0.0885738118809,1.26908908438,-0.257663365558,0.507491707161
7.34,-0.211074727541,0.522119953488,0.196558176716,-0.116890330283,-0.947144379864,0.093572083174,1.28616856468,-0.246889499586,0.491813170212
7.35,-0.212179310778,0.512636158956,0.19751849679,-0.103945479484,-0.949558186881,0.0984100752851,1.30231644636,-0.235614920015,0.475448377912
7.36,-0.213153637131,0.50312878975,0.198526378222,-0.0908440013559,-0.951856678264,0.103081050732,1.31745429412,-0.223813058683,0.458423201824
7.37,-0.213996190805,0.49359902539,0.199580117805,-0.0775963936012,-0.954034448055,0.107578539322,1.33150181189,-0.211457243443,0.440765201478
7.38,-0.214705565003,0.484048100789,0.200677949008,-0.064213965118,-0.956085823133,0.111896354762,1.34437729869,-0.198520731402,0.422503566055
7.39,-0.215280470107,0.474477308928,0.2018180449,-0.0507088476273,-0.958004862683,0.116028610643,1.35599816189,-0.18497674577,0.403669046154
7.4,-0.215719741955,0.464888003535,0.202998521221,-0.0370940018802,-0.959785358048,0.119969735685,14.0820613312,1.39708944631,4.78676199312
7.41,-0.216022350145,0.455281601767,0.204217439614,0.230932378996,-0.930063073757,0.211763850505,30.3054025225,3.59515179889,10.3236742259
7.42,-0.211101094375,0.44628674206,0.207233798231,0.56901404857,-0.887882322071,0.326443220203,20.6747659936,2.8167508511,6.85009894938
7.43,-0.204642069174,0.437523955325,0.210746304018,0.644427698868,-0.873728056735,0.348765829493,3.61754621712,0.968432717193,0.86560662804
7.44,-0.198212540398,0.428812180925,0.214209114821,0.641364972913,-0.868513667727,0.343755352764,-0.317375458595,0.532714585799,-0.505065600175
7.45,-0.191814769715,0.420153681971,0.217621411073,0.638080189696,-0.863073765019,0.338664517489,-0.339172291541,0.555182283495,-0.512942094607
7.46,-0.185450936604,0.411550705625,0.220982405171,0.634581527082,-0.857410022057,0.333496510872,-0.360155675848,0.577474713231,-0.520500860528
7.47,-0.179123139174,0.40300548153,0.22429134129,0.630877076179,-0.851524270754,0.328254500279,-0.380334766968,0.599575965233,-0.52774397714
7.48,-0.172833395081,0.39452022021,0.227547495176,0.626974831743,-0.845418502752,0.322941631329,-0.399719627237,0.621470020399,-0.534673705847
7.49,-0.166583642539,0.386097111475,0.230750173917,0.622882683634,-0.839094870346,0.317561026162,-0.418321123022,0.643140784099,-0.541292473229
7.5,-0.160375741408,0.377738322803,0.2338987157,0.618608409282,-0.83255568707,0.312115781864,-0.436150828368,0.664572120171,-0.547602854825
7.51,-0.154211474353,0.369445997733,0.236992489554,0.614159667067,-0.825803427943,0.306608969065,-0.45322093498,0.685747885008,-0.553607559873
7.52,-0.148092548067,0.361222254244,0.240030895081,0.609543990583,-0.81884072937,0.301043630667,-0.469544168386,0.706651961607,-0.559309416889
7.53,-0.142020594542,0.353069183146,0.243013362168,0.604768783699,-0.811670388711,0.295422780727,-0.485133710049,0.727268293495,-0.564711360087
7.54,-0.135997172393,0.34498884647,0.245939350696,0.599841316382,-0.8042953635,0.289749403465,-0.500003125214,0.747580918395,-0.569816416648
7.55,-0.130023768214,0.336983275876,0.248808350237,0.594768721195,-0.796718770343,0.284026452394,-0.514166296339,0.767574001564,-0.57462769475
7.56,-0.124101797969,0.329054471063,0.251619879743,0.589557990455,-0.788943883469,0.27825684957,-0.527637361769,0.787231868711,-0.579148372419
7.57,-0.118232608405,0.321204398206,0.254373487228,0.58421597396,-0.780974132968,0.272443484946,-0.54043065938,0.806539038273,-0.583381687132
7.58,-0.112417478489,0.313434988404,0.257068749442,0.578749377267,-0.772813102703,0.266589215828,-0.552560675014,0.825480253081,-0.587330926131
7.59,-0.106657620859,0.305748136152,0.259705271545,0.573164760459,-0.764464527907,0.260696866423,-0.564041995456,0.844040511306,-0.590999417425
7.6,-0.10095418328,0.298145697846,0.262282686771,0.567468537358,-0.755932292477,0.254769227479,-0.57488926562,0.862205096508,-0.594390521488
7.61,-0.0953082501123,0.290629490303,0.264800656094,0.561666975147,-0.747220425977,0.248809055994,-0.585117149708,0.879959606803,-0.597507623627
7.62,-0.0897208437774,0.283201289326,0.267258867891,0.555766194364,-0.738333100341,0.242819075007,-0.594740296131,0.897289982962,-0.600354126902
7.63,-0.084192926225,0.275862828296,0.269657037595,0.549772169224,-0.729274626317,0.236801973456,-0.603773305942,0.914182535475,-0.60293344567
7.64,-0.0787254003929,0.2686157968,0.27199490736,0.543690728245,-0.720049449632,0.230760406093,-0.612230704543,0.930623970484,-0.605248999705
7.65,-0.0733191116601,0.261461839303,0.274272245716,0.537527555134,-0.710662146908,0.224696993461,-0.620126916393,0.946601414413,-0.607304208829
7.66,-0.0679748492902,0.254402553862,0.276488847229,0.531288189917,-0.701117421344,0.218614321917,-0.627476242571,0.962102437359,-0.609102488053
7.67,-0.0626933478618,0.247439490876,0.278644532155,0.524978030282,-0.691420098161,0.2125149437,-0.634292840951,0.977115075217,-0.610647243206
7.68,-0.0574752886846,0.240574151898,0.280739146103,0.518602333098,-0.681575119839,0.206401377052,-0.640590708816,0.991627850355,-0.611941867013
7.69,-0.0523213011998,0.23380798848,0.282772559696,0.512166216106,-0.671587541153,0.20027610636,-0.646383667666,1.00562979091,-0.612989735576
7.7,-0.0472319643625,0.227142401075,0.28474466823,0.505674659745,-0.661462524021,0.194141582341,-0.651685350092,1.01911044867,-0.613794205331
7.71,-0.0422078080049,0.220578737999,0.286655391343,0.499132509104,-0.65120533218,0.188000222254,-0.656509188585,1.03205991545,-0.614358610325
7.72,-0.0372493141804,0.214118294432,0.288504672675,0.492544475973,-0.640821325712,0.181854410134,-0.660868406009,1.04446883801,-0.614686259841
7.73,-0.0323569184854,0.207762311485,0.290292479545,0.485915140984,-0.63031595542,0.175706497057,-0.664776007676,1.05632843155,-0.614780436396
7.74,-0.0275310113607,0.201511975323,0.292018802616,0.47924895582,-0.619694757081,0.169558801407,-0.668244774905,1.06763049158,-0.614644394068
7.75,-0.022771939369,0.195368416343,0.293683655574,0.472550245486,-0.608963345588,0.163413609175,-0.671287259834,1.07836740438,-0.614281357077
7.76,-0.018080006451,0.189332708412,0.2952870748,0.465823210623,-0.598127408993,0.157273174265,-0.673915781444,1.08853215599,-0.613694518621
7.77,-0.0134554751566,0.183405868163,0.296829119059,0.459071929857,-0.587192702469,0.151139718803,-0.676142422693,1.09811833969,-0.612887040058
7.78,-0.00889856785385,0.177588854362,0.298309869176,0.452300362169,-0.5761650422,0.145015433464,-0.677979028583,1.10712016208,-0.611862050263
7.79,-0.00440946791321,0.171882567319,0.299729427728,0.445512349285,-0.565050299227,0.138902477798,-0.679437205094,1.11553244765,-0.610622645169
7.8,1.16791318507e-05,0.166287848378,0.301087918732,0.438711618067,-0.553854393247,0.13280298056,-0.680528318922,1.12335064198,-0.609171887607
7.81,0.00436476444814,0.160805479455,0.302385487339,0.431901782907,-0.542583286387,0.126719040046,-0.681263497976,1.13057081367,-0.607512807281
7.82,0.00864971478998,0.15543618265,0.303622299533,0.425086348108,-0.531242976973,0.120652724415,-0.681653632388,1.13718965482,-0.605648400928
7.83,0.0128664914103,0.150180619915,0.304798541828,0.418268710259,-0.519839493291,0.114606072027,-0.681709376096,1.14320448021,-0.603581632647
7.84,0.0170150889952,0.145039392784,0.305914420973,0.411452160586,-0.508378887369,0.108581091762,-0.681441149003,1.14861322535,-0.601315434358
7.85,0.021095534622,0.140013042168,0.306970163663,0.404639887279,-0.496867228784,0.10257976334,-0.680859139508,1.15341444326,-0.598852706426
7.86,0.0251078867407,0.135102048208,0.30796601624,0.397834977796,-0.485310598504,0.0966040376334,-0.679973307345,1.15760730004,-0.596196318397
7.87,0.0290522341779,0.130306830198,0.308902244416,0.391040421132,-0.473715082783,0.0906558369719,-0.678793386809,1.1611915694,-0.593349109868
7.88,0.0329286951634,0.125627746553,0.30977913298,0.384259110059,-0.462086767116,0.084737055436,-0.677328890294,1.16416762624,-0.590313891432
7.89,0.0367374163791,0.121065094855,0.310596985524,0.377493843326,-0.450431730259,0.0788495591432,-0.675589111966,1.16653643895,-0.587093445714
7.9,0.0404785720299,0.116619111948,0.311356124163,0.37074732782,-0.438756038337,0.0729951865217,-0.67358313167,1.16829956104,-0.58369052856
7.91,0.0441523629355,0.112289974089,0.312056889255,0.364022180693,-0.427065739038,0.067175748572,-0.671319819018,1.16945912178,-0.580107870242
7.92,0.0477590156438,0.108077797167,0.312699639134,0.35732093144,-0.415366855901,0.0613930291169,-0.668807837581,1.17001781592,-0.576348176714
7.93,0.0512987815643,0.103982636971,0.313284749837,0.350646023941,-0.403665382719,0.0556487850377,-0.666055649171,1.1699788928,-0.572414131027
7.94,0.0547719361226,0.100004489512,0.313812614835,0.343999818456,-0.391967278045,0.0499447464964,-0.663071518196,1.16934614455,-0.568308394734
7.95,0.0581787779334,0.0961432914096,0.314283644767,0.337384593577,-0.380278459828,0.0442826171431,-0.65986351607,1.16812389374,-0.564033609321
7.96,0.0615196279941,0.0923989203159,0.314698267178,0.330802548135,-0.368604800171,0.0386640743099,-0.656439525667,1.16631698037,-0.559592397738
7.97,0.0647948288961,0.0887711954062,0.315056926253,0.324255803064,-0.356952120221,0.0330907691883,-0.652807245746,1.16393074828,-0.554987365954
7.98,0.0680047440554,0.0852598779115,0.315360082561,0.31774640322,-0.345326185205,0.0275643269909,-0.648974195343,1.160971031,-0.550221104534
7.99,0.0711497569605,0.0818646717021,0.315608212793,0.311276319157,-0.333732699601,0.0220863470976,-0.644947718246,1.15744413725,-0.545296190262
8,0.0742302704385,0.0785852239195,0.315801809503,0.304847448855,-0.32217730246,0.0166584031856,-0.640734987362,1.15335683592,-0.540215187759
8.01,0.0772467059376,0.0754211256529,0.315941380857,0.29846161941,-0.310665562883,0.0112820433425,-0.63634300895,1.14871634062,-0.534980651153
8.02,0.0801995028267,0.0723719126618,0.31602745037,0.292120588676,-0.299202975648,0.00595879016256,-0.631778626966,1.14353029407,-0.529595125762
8.03,0.0830891177111,0.06943706614,0.31606055666,0.28582604687,-0.287794957001,0.000690140827221,-0.627048527274,1.13780675209,-0.524061149755
8.04,0.0859160237641,0.0666160135218,0.316041253187,0.279579618131,-0.276446840606,-0.00452243283253,-0.622159241669,1.13155416729,-0.51838125587
8.05,0.0886807100738,0.0639081293278,0.315970108003,0.273382862037,-0.265163873655,-0.00967748429018,-0.617117151961,1.12478137264,-0.51255797312
8.06,0.0913836810049,0.0613127360487,0.315847703501,0.267237275091,-0.253951213153,-0.0147735922949,-0.611928493948,1.1174975649,-0.506593828477
8.07,0.0940254555756,0.0588291050648,0.315674636157,0.261144292158,-0.242813922357,-0.0198093608597,-0.606599361246,1.10971228785,-0.500491348577
8.08,0.096606566848,0.0564564576015,0.315451516284,0.255105287866,-0.231756967396,-0.0247834192665,-0.601135709019,1.10143541534,-0.494253061443
8.09,0.0991275613329,0.0541939657169,0.315178967772,0.249121577978,-0.22078521405,-0.0296944220886,-0.595543357669,1.09267713448,-0.487881498168
8.1,0.101588998408,0.0520407533205,0.314857627842,0.243194420713,-0.209903424706,-0.0345410492298,-0.589827996412,1.08344792867,-0.481379194603
8.11,0.103991449747,0.0499958972227,0.314488146787,0.237325018049,-0.199116255477,-0.0393220059806,-0.583995186652,1.07375856056,-0.474748693023
8.12,0.106335498769,0.048058428211,0.314071187722,0.23151451698,-0.188428253495,-0.0440360230903,-0.578050365396,1.06362005515,-0.467992543809
8.13,0.108621740087,0.0462273321528,0.313607426326,0.225764010741,-0.177843854374,-0.0486818568568,-0.571998848501,1.05304368297,-0.461113307092
8.14,0.110850778983,0.0445015511235,0.313097550585,0.22007454001,-0.167367379836,-0.0532582892322,-0.565845833754,1.04204094313,-0.454113554363
8.15,0.113023230887,0.0428799845561,0.312542260541,0.214447094066,-0.157003035511,-0.0577641279441,-0.559596403913,1.0306235467,-0.446995870133
8.16,0.115139720865,0.0413614904133,0.311942268026,0.208882611932,-0.146754908902,-0.0621982066348,-0.553255529676,1.01880340008,-0.439762853482
8.17,0.117200883126,0.0399448863781,0.311298296408,0.203381983473,-0.13662696751,-0.0665593850137,-0.54682807251,1.00659258857,-0.432417119605
8.18,0.119207360534,0.0386289510631,0.310611080326,0.197946050482,-0.126623057131,-0.0708465490269,-0.540318787279,0.994003360044,-0.424961301442
8.19,0.121159804135,0.0374124252355,0.309881365428,0.192575607727,-0.116746900309,-0.0750586110425,-0.533732324905,0.981048108828,-0.417398051095
8.2,0.123058872689,0.0362940130569,0.309109908105,0.187271403983,-0.107002094954,-0.0791945100488,-0.527073234967,0.967739359863,-0.409730041341
8.21,0.124905232215,0.0352723833364,0.308297475227,0.182034143028,-0.0973921131116,-0.0832532118694,-0.520345967996,0.954089752989,-0.401959967149
8.22,0.126699555549,0.0343461707947,0.307444843868,0.176864484624,-0.0879202998942,-0.0872337093918,-0.513554877854,0.940112027467,-0.394090546998
8.23,0.128442521907,0.0335139773385,0.306552801039,0.171763045471,-0.0785898725623,-0.0911350228093,-0.506704224044,0.925819006844,-0.386124524303
8.24,0.130134816459,0.0327743733434,0.305622143412,0.166730400143,-0.0694039197573,-0.0949561998778,-0.499798173657,0.911223583912,-0.378064668806
8.25,0.13177712991,0.0321258989434,0.304653677041,0.161767081998,-0.060365400884,-0.0986963161854,-0.492840803578,0.896338706166,-0.369913777831
8.26,0.133370158099,0.0315670653257,0.303648217088,0.156873584071,-0.051477145634,-0.102354475434,-0.485836102487,0.881177361471,-0.361674677538
8.27,0.134914601592,0.0310963560307,0.302606587533,0.152050359948,-0.0427418536546,-0.105929809736,-0.478787972603,0.865752563914,-0.353350224188
8.28,0.136411165298,0.0307122282526,0.301529620893,0.147297824619,-0.0341620943557,-0.109421479918,-0.47170023156,0.850077340133,-0.344943305318
8.29,0.137860558084,0.0304131141436,0.300418157934,0.142616355317,-0.0257403068519,-0.112828675843,-0.464576614136,0.834164715943,-0.336456840852
8.3,0.139263492404,0.0301974221156,0.299273047376,0.138006292336,-0.0174788000368,-0.116150616735,-0.457420773936,0.818027703338,-0.327893784198
8.31,0.140620683931,0.0300635381428,0.2980951456,0.133467939838,-0.00937975278519,-0.119386551527,-0.450236284924,0.801679287705,-0.319257123275
8.32,0.141932851201,0.0300098270599,0.296885316346,0.129001566638,-0.00144521428274,-0.122535759201,-0.443026642929,0.785132415537,-0.310549881484
8.33,0.143200715264,0.0300346338572,0.295644430416,0.12460740698,0.00632289552555,-0.125597549156,-0.435795267174,0.768399982573,-0.301775118665
8.34,0.14442499934,0.0301362849704,0.294373365363,0.120285661294,0.0139227853687,-0.128571261574,-0.428545501616,0.751494822181,-0.292935931951
8.35,0.145606428489,0.0303130895645,0.293073005184,0.116036496947,0.0213527919692,-0.131456267795,-0.421280616225,0.734429694149,-0.28403545657
8.36,0.146745729279,0.0305633408098,0.291744240007,0.11186004897,0.0286113792517,-0.134251970705,-0.41400380836,0.717217274032,-0.275076866625
8.37,0.147843629469,0.0308853171496,0.29038796577,0.10775642078,0.0356971374498,-0.136957805128,-0.40671820399,0.699870142739,-0.266063375745
8.38,0.148900857695,0.0312772835588,0.289005083904,0.10372568489,0.0426087821065,-0.13957323822,-0.399426858741,0.682400776571,-0.256998237752
8.39,0.149918143167,0.0317374927917,0.287596501006,0.0997678836052,0.0493451529812,-0.142097769883,-0.392132759174,0.66482153785,-0.247884747244
8.4,0.150896215367,0.0322641866184,0.286163128507,0.0958830297066,0.0559052128635,-0.144530933165,-0.384838823845,0.647144665714,-0.238726240034
8.41,0.151835803761,0.032855597049,0.284705882342,0.0920711071283,0.0622880462955,-0.146872294683,-0.377547904276,0.629382267473,-0.229526093609
8.42,0.15273763751,0.0335099475443,0.283225682613,0.0883320716211,0.0684928582129,-0.149121455037,-0.370262786049,0.611546310488,-0.220287727505
8.43,0.153602445193,0.0342254542132,0.281723453242,0.0846658514073,0.0745189725053,-0.151278049234,-0.362986189775,0.593648614385,-0.211014603611
8.44,0.154430954538,0.0350003269944,0.280200121628,0.0810723478256,0.0803658305007,-0.15334174711,-0.355720772021,0.575700843692,-0.201710226334
8.45,0.15522389215,0.0358327708232,0.278656618299,0.0775514359669,0.0860329893791,-0.15531225376,-0.348469126273,0.557714501035,-0.19237814279
8.46,0.155981983257,0.036720986782,0.277093876553,0.0741029653001,0.0915201205214,-0.157189309965,-0.341233783844,0.539700920717,-0.183021942893
8.47,0.156705951456,0.0376631732337,0.2755128321,0.07072676029,0.0968270077935,-0.158972692618,-0.33401721471,0.521671262707,-0.173645259302
8.48,0.157396518463,0.0386575269379,0.273914422701,0.0674226210059,0.101953545776,-0.160662215151,-0.326821828396,0.503636507186,-0.164251767391
8.49,0.158054403876,0.0397022441492,0.272299587797,0.064190323722,0.106899737937,-0.162257727966,-0.319649974884,0.485607449426,-0.154845185049
8.5,0.158680324937,0.0407955216966,0.270669268141,0.0610296215083,0.111665694764,-0.163759118852,-0.312503945387,0.46759469525,-0.145429272499
8.51,0.159274996306,0.0419355580445,0.26902440542,0.0579402448143,0.116251631842,-0.165166313416,-0.305385973243,0.449608656911,-0.136007831993
8.52,0.159839129834,0.0431205543335,0.267365941873,0.0549219020434,0.120657867902,-0.166479275492,-0.298298234745,0.431659549234,-0.126584707319
8.53,0.160373434347,0.0443487154025,0.26569481991,0.0519742801194,0.124884822827,-0.167698007562,-0.291242849868,0.413757386435,-0.117163783475
8.54,0.160878615436,0.04561825079,0.264011981722,0.049097045046,0.128933015631,-0.168822551162,-0.284221883251,0.395911979406,-0.107748986112
8.55,0.161355375248,0.0469273757151,0.262318368887,0.0462898424544,0.132803062415,-0.169852987285,-0.277237344974,0.37813293314,-0.0983442807975
8.56,0.161804412285,0.0482743120383,0.260614921976,0.0435522981465,0.136495674294,-0.170789436778,-0.270291191338,0.360429644857,-0.0889536724136
8.57,0.162226421211,0.049657289201,0.258902580151,0.0408840186276,0.140011655312,-0.171632060733,-0.263385325808,0.342811302517,-0.0795812044024
8.58,0.162622092658,0.0510745451446,0.257182280761,0.0382845916304,0.143351900344,-0.172381060866,-0.256521599822,0.325286883611,-0.0702309578416
8.59,0.162992113043,0.0525243272079,0.255454958934,0.0357535866312,0.146517392984,-0.17303667989,-0.249701813718,0.307865154578,-0.0609070505553
8.6,0.16333716439,0.0540048930042,0.253721547164,0.033290555356,0.149509203436,-0.173599201877,-0.242927717558,0.290554670412,-0.0516136361492
8.61,0.16365792415,0.0555145112766,0.251982974896,0.03089503228,0.152328486393,-0.174068952613,-0.236201012086,0.273363774801,-0.0423549029102
8.62,0.163955065036,0.0570514627321,0.250240168111,0.0285665351143,0.154976478932,-0.174446299935,-0.229523349706,0.256300600657,-0.0331350726286
8.63,0.164229254853,0.0586140408552,0.248494048898,0.0263045652859,0.157454498406,-0.174731654065,-0.222896335355,0.239373070908,-0.0239583994269
8.64,0.164481156342,0.0602005527002,0.24674553503,0.0241086084072,0.15976394035,-0.174925467924,-0.21632152754,0.222588899754,-0.0148291684505
8.65,0.164711427021,0.0618093196622,0.244995539539,0.0219781347351,0.161906276401,-0.175028237434,-0.209800439319,0.205955594304,-0.00575169459118
8.66,0.164920719036,0.0634386782282,0.243244970281,0.0199125996208,0.163883052236,-0.175040501815,-0.203334539441,0.189480456607,0.00326967895932
8.67,0.165109679013,0.0650869807069,0.241494729503,0.0179114439463,0.165695885533,-0.174962843855,-0.196925253314,0.173170585721,0.0122305822786
8.68,0.165278947915,0.0667525959389,0.239745713404,0.0159740945545,0.16734646395,-0.17479589017,-0.190573964092,0.157032880414,0.0211266201041
8.69,0.165429160904,0.068433909986,0.2379988117,0.0140999646645,0.168836543141,-0.174540311453,-0.184282013967,0.141074042231,0.0299533734407
8.7,0.165560947208,0.0701293268017,0.236254907175,0.0122884542752,0.170167944795,-0.174196822701,-0.178050705203,0.125300578536,0.0387064012439
8.71,0.16567492999,0.0718372688819,0.234514875246,0.0105389505604,0.171342554712,-0.173766183428,-0.171881301439,0.10971880613,0.0473812421057
8.72,0.16577172622,0.0735561778959,0.232779583507,0.00885082824643,0.172362320918,-0.173249197859,-0.165775028927,0.094334855012,0.05597341597
8.73,0.165851946555,0.0752845153002,0.231049891288,0.00722344998186,0.173229251812,-0.172646715109,-0.159733077756,0.0791546724243,0.0644784258608
8.74,0.165916195219,0.0770207629322,0.229326649204,0.0056561666913,0.173945414366,-0.171959629342,-0.15375660336,0.0641840273119,0.0728917597797
8.75,0.165965069889,0.0787634235875,0.227610698702,0.00414831791465,0.174512932358,-0.171188879913,-0.147846727748,0.0494285146996,0.0812088925029
8.76,0.165999161578,0.0805110215793,0.225902871606,0.00269923213635,0.17493398466,-0.170335451492,-0.142004540908,0.0348935605221,0.089425287434
8.77,0.166019054531,0.0822621032807,0.224203989672,0.0013082270965,0.175210803569,-0.169400374164,-0.136231102437,0.0205844267129,0.0975363986157
8.78,0.166025326119,0.0840152376507,0.222514864123,-2.53899123948e-05,0.175345673194,-0.168384723519,-0.130527442915,0.00650621635994,0.105537672541
8.79,0.166018546733,0.0857690167446,0.220836295201,-0.0013023217618,0.175340927896,-0.167289620714,-0.124894565437,-0.00733612098762,0.113424550168
8.8,0.165999279684,0.0875220562086,0.219169071709,-0.00252328122113,0.175198950775,-0.166116232516,-0.119333447343,-0.0209377836239,0.121192468889
8.81,0.165968081109,0.0892729957601,0.217513970551,-0.00368899070866,0.174922172224,-0.164865771336,-0.113845041732,-0.0342941119813,0.128836864422
8.82,0.16592549987,0.0910204996531,0.215871756282,-0.00480018205577,0.174513068535,-0.163539495228,-0.108430279114,-0.0474005829371,0.136353172929
8.83,0.165872077468,0.0927632571308,0.214243180646,-0.00585759629095,0.173974160565,-0.162138707877,-0.103090069302,-0.0602528035131,0.143736832877
8.84,0.165808347944,0.0944999828644,0.212628982124,-0.0068619834418,0.173308012465,-0.16066475857,-0.0978253030336,-0.0728465048971,0.150983287055
8.85,0.165734837799,0.0962294173801,0.211029885475,-0.00781410235162,0.172517230467,-0.159119042136,-0.0926368537635,-0.08517753625,0.158087984585
8.86,0.165652065897,0.0979503274737,0.209446601282,-0.00871472051707,0.17160446174,-0.157502998878,-0.0875255795712,-0.0972418582392,0.1650463828
8.87,0.165560543388,0.0996615066149,0.207879825497,-0.00956461394305,0.170572393302,-0.15581811448,-0.0824923250231,-0.109035536672,0.171853949262
8.88,0.165460773618,0.10136177534,0.206330238992,-0.0103645670175,0.169423751006,-0.154065919893,-0.0775379230106,-0.120554735989,0.17850616362
8.89,0.165353252048,0.103049981635,0.2047985071,-0.0111153724033,0.168161298582,-0.152247991208,-0.0726631967374,-0.131795712773,0.184998519581
8.9,0.16523846617,0.104725001311,0.203285279168,-0.0118178309523,0.166787836751,-0.150365949502,-0.0678689618766,-0.142754808848,0.191326526706
8.91,0.165116895429,0.10638573837,0.20179118811,-0.0124727516408,0.165306202405,-0.148421460674,-0.0631560282288,-0.153428444953,0.197485712233
8.92,0.164989011137,0.10803112536,0.200316849954,-0.0130809515169,0.163719267852,-0.146416235257,-0.0585252019131,-0.163813114033,0.203471622959
8.93,0.164855276399,0.109660123727,0.198862863404,-0.0136432556791,0.162029940125,-0.144352028214,-0.0539772876301,-0.173905374247,0.209279826929
8.94,0.164716146024,0.111271724162,0.19742980939,-0.0141604972695,0.160241160367,-0.142230638718,-0.0495130903727,-0.183701842631,0.21490591514
8.95,0.164572066453,0.112864946934,0.19601825063,-0.0146335174865,0.158355903272,-0.140053909912,-0.0451334177082,-0.193199188237,0.220345503228
8.96,0.164423475674,0.114438842227,0.194628731192,-0.0150631656236,0.156377176602,-0.137823728654,-0.0408390819895,-0.202394125352,0.225594233049
8.97,0.164270803141,0.115992490466,0.193261776057,-0.0154502991263,0.154308020765,-0.135542025251,-0.0366309022759,-0.211283407007,0.230647774185
8.98,0.164114469692,0.117525002643,0.191917890687,-0.0157957836691,0.152151508462,-0.13321077317,-0.0325097065073,-0.219863818349,0.235501825496
8.99,0.163954887467,0.119035520636,0.190597560594,-0.0161004932564,0.149910744398,-0.130831988741,-0.0284763337815,-0.228132169995,0.240152116552
9,0.163792459827,0.120523217531,0.189301250912,-0.0163653103448,0.147588865062,-0.128407730839,-0.024531636269,-0.236085291706,0.244594408985
9.01,0.16362758126,0.121987297937,0.188029405977,-0.0165911259818,0.145189038564,-0.125940100561,-0.0206764814576,-0.243720025687,0.248824497643
9.02,0.163460637307,0.123426998302,0.186782448901,-0.0167788399739,0.142714464548,-0.123431240886,-0.0169117543185,-0.251033220338,0.252838211935
9.03,0.163292004461,0.124841587228,0.185560781159,-0.0169293610682,0.140168374157,-0.120883336322,-0.0132383592465,-0.258021724182,0.256631417048
9.04,0.163122050086,0.126230365785,0.184364782174,-0.0170436071589,0.137554030065,-0.118298612545,-0.00965722232911,-0.264682379278,0.260200014775
9.05,0.162951132318,0.127592667829,0.183194808908,-0.0171225055148,0.134874726572,-0.115679336027,-0.00616929322019,-0.27101201547,0.263539944614
9.06,0.162779599975,0.128927860317,0.182051195454,-0.0171669930233,0.132133789755,-0.113027813653,-0.00277554728036,-0.277007444409,0.266647184796
9.07,0.162607792457,0.130235343624,0.180934252635,-0.0171780164604,0.129334577683,-0.110346392331,0.000523012386111,-0.282665453524,0.269517752928
9.08,0.162436039646,0.13151455187,0.179844267607,-0.0171565327755,0.126480480685,-0.107637458594,0.00372535315485,-0.287982800489,0.272147706761
9.09,0.162264661802,0.132764953238,0.178781503463,-0.0171035093973,0.123574921674,-0.104903438196,0.00683041077592,-0.292956207516,0.274533144838
9.1,0.162093969458,0.133986050304,0.177746198843,-0.01701992456,0.120621356534,-0.102146795698,0.00983708765787,-0.2975823561,0.276670207093
9.11,0.161924263311,0.135177380369,0.176738567549,-0.0169067676441,0.117623274552,-0.0993700340538,0.0127442510483,-0.301857881818,0.278555075407
9.12,0.161755834105,0.136338515795,0.175758798162,-0.016765039539,0.114584198898,-0.0965756941894,0.0155507311577,-0.3057793689,0.280183973761
9.13,0.16158896252,0.137469064347,0.174807053666,-0.016595753021,0.111507687174,-0.0937663545786,0.0182553197621,-0.309343345673,0.281553168623
9.14,0.161423919045,0.138568669538,0.173883471071,-0.0163999331438,0.108397331985,-0.0909446308169,0.0208567684101,-0.312546279765,0.282658969267
9.15,0.161260963857,0.139637010986,0.172988161049,-0.0161786176528,0.105256761578,-0.0881131751933,0.0233537868781,-0.315384573396,0.283497727729
9.16,0.161100346692,0.14067380477,0.172121207567,-0.0159328574062,0.102089640517,-0.0852746762623,0.0257450420154,-0.317854559427,0.284065838902
9.17,0.160942306709,0.141678803797,0.171282667524,-0.0156637168125,0.0988996703898,-0.0824318584152,0.028029156175,-0.319952496972,0.284359740431
9.18,0.160787072355,0.142651798178,0.170472570399,-0.0153722742827,0.0956905905772,-0.0795874814537,0.0302047060503,-0.321674567484,0.284375912426
9.19,0.160634861223,0.143592615608,0.169690917895,-0.0150596226915,0.0924661790401,-0.0767443401667,0.0322702217137,-0.32301687152,0.284110877437
9.2,0.160485879902,0.144501121758,0.168937683595,-0.0147268698485,0.0892302531468,-0.073905263905,0.0342241854284,-0.323975425012,0.283561199957
9.21,0.160340323826,0.145377220671,0.168212812617,-0.0143751389829,0.0859866705398,-0.0710731161676,0.0360650308717,-0.324546156153,0.282723485833
9.22,0.160198377122,0.146220855169,0.167516221272,-0.014005569231,0.0827393300237,-0.0682507941883,0.037791142426,-0.324724902833,0.281594382006
9.23,0.160060212442,0.147032007272,0.166847796733,-0.0136193161344,0.0794921724832,-0.0654412285275,0.0394008544374,-0.324507409667,0.280170575575
9.24,0.159925990799,0.147810698619,0.166207396701,-0.0132175521423,0.0762491818304,-0.0626473826768,0.0408924509909,-0.323889326097,0.278448793183
9.25,0.159795861399,0.148556990908,0.165594849079,-0.0128014671146,0.0730143859612,-0.0598722526638,0.0422641654424,-0.322866204424,0.276425800342
9.26,0.159669961457,0.149270986338,0.165009951648,-0.0123722688334,0.0697918577419,-0.05711886667,0.0435141801313,-0.321433497678,0.274098400118
9.27,0.159548416022,0.149952828063,0.164452471746,-0.0119311835119,0.0665857160077,-0.0543902846614,0.0446406266553,-0.319586558899,0.271463432436
9.28,0.159431337787,0.150602700658,0.163922145955,-0.0114794563003,0.0634001265639,-0.0516895980213,0.045641585938,-0.31732063997,0.268517772836
9.29,0.159318826896,0.151220830594,0.163418679786,-0.0110183517932,0.0602393032083,-0.0490199292047,0.0465150885303,-0.314630890777,0.265258331076
9.3,0.159210970751,0.151807486722,0.162941747371,-0.0105491545297,0.0571075087484,-0.0463844313997,0.0472591151917,-0.311512359428,0.261682050185
9.31,0.159107843806,0.152362980769,0.162490991158,-0.0100731694893,0.0540090560197,-0.043786288201,0.0478715975877,-0.30795999207,0.25778590472
9.32,0.159009507361,0.152887667843,0.162066021607,-0.00959172257797,0.050948308907,-0.0412287133054,0.04835041936,-0.303968633702,0.253566899297
9.33,0.158916009354,0.153381946947,0.161666416892,-0.00910616110213,0.0479296833457,-0.0387149502151,0.0486934169935,-0.299533028957,0.249022067015
9.34,0.158827384139,0.15384626151,0.161291722602,-0.0086178542381,0.0449576483278,-0.036248271965,0.048898381183,-0.294647823504,0.244148467672
9.35,0.158743652269,0.154281099914,0.160941451452,-0.00812819347847,0.0420367268756,-0.0338319808616,0.0489630586765,-0.28930756652,0.23894318617
9.36,0.15866482027,0.154686996047,0.160615082985,-0.00763859306457,0.0391714969974,-0.0314694082416,0.0488851537961,-0.283506712391,0.233403330138
9.37,0.158590880408,0.155064529854,0.160312063287,-0.00715049040255,0.0363665926278,-0.0291639142589,0.0486623304146,-0.277239623746,0.227526028083
9.38,0.158521810461,0.1554143279,0.1600318047,-0.00666534645628,0.0336267045225,-0.02691888768,0.0482922141381,-0.270500575113,0.221308427514
9.39,0.158457573479,0.155737063944,0.159773685534,-0.00618464611979,0.0309565811256,-0.0247377457086,0.0477723949788,-0.263283756577,0.214747692242
9.4,0.158398117539,0.156033459522,0.159537049786,-0.00570989855671,0.028361029391,-0.0226239338351,0.0471004300101,-0.255583278404,0.207841000159
9.41,0.158343375508,0.156304284532,0.159321206857,-0.00524263751959,0.0258449155575,-0.0205809257054,0.0462738460266,-0.24739317588,0.200585540839
9.42,0.158293264789,0.156550357833,0.159125431272,-0.00478442163617,0.0234131658734,-0.0186122230184,0.0452901431719,-0.238707415188,0.192978512764
9.43,0.158247687075,0.15677254785,0.158948962397,-0.00433683465615,0.0210707672537,-0.0167213554501,0.0441467981994,-0.229519899556,0.185017120641
9.44,0.158206528096,0.156971773179,0.158791004163,-0.00390148567219,0.0188227678822,-0.0149118806055,0.0428412680559,-0.219824475969,0.176698572535
9.45,0.158169657361,0.157149003207,0.158650724785,-0.00348000929503,0.0166742777343,-0.0131873839994,0.0413709942748,-0.209614943167,0.168020076964
9.46,0.15813692791,0.157305258733,0.158527256483,-0.00307406578669,0.0146304690189,-0.0115514790662,0.0397334068824,-0.198885059496,0.158978839723
9.47,0.158108176046,0.157441612588,0.158419695203,-0.00268534115738,0.0126965765444,-0.0100078072049,0.0379259290745,-0.187628551772,0.149572060443
9.48,0.158083221086,0.157559190264,0.158327100339,-0.0023155472052,0.0108778979835,-0.00856003785738,0.0359459823119,-0.175839125373,0.139796929446
9.49,0.158061865102,0.157659170547,0.158248494446,-0.00196642151115,0.00917979403696,-0.00721186861601,0.0337909911502,-0.163510474478,0.129650624279
9.5,0.158043892656,0.157742786145,0.158182862966,-0.0016397273822,0.0076076884939,-0.0059670253718,0.0314583886917,-0.1506362929,0.119130305665
9.51,0.158029070554,0.157811324317,0.158129153939,-0.00133725373731,0.00616706817895,-0.00482926250271,0.0289456225322,-0.137210286546,0.108233114028
9.52,0.158017147582,0.157866127508,0.158086277716,-0.00106081493155,0.00486348276298,-0.00380236309124,0.0262501607912,-0.123226186275,0.096956165514
9.53,0.158007854255,0.157908593972,0.158053106677,-0.000812250521487,0.00370254445344,-0.00289013919244,0.0233694981961,-0.108677760947,0.0852965475318
9.54,0.158000902571,0.157940178397,0.158028474932,-0.000593424967631,0.00268992754404,-0.00209643214061,0.0203011629968,-0.0935588325945,0.0732513149465
9.55,0.157995985756,0.157962392523,0.158011178034,-0.000406227261551,0.00183136780155,-0.00142511289351,0.0170427241441,-0.0778632918752,0.0608174854705
9.56,0.157992778026,0.157976805754,0.157999972675,-0.000252570484749,0.00113266170654,-0.000880082431198,0.0135917983762,-0.061585113808,0.0479920347274
9.57,0.157990934346,0.157985045758,0.157993576385,-0.000134391294027,0.000599665525391,-0.000465272198957,0.00994605789226,-0.0447183754093,0.0347718918592
9.58,0.1579900902,0.157988799064,0.157990667231,-5.36493269037e-05,0.000238294198351,-0.000184644594015,0.00711362900749,-0.0317722116548,0.0246584698066
9.59,0.15798986136,0.157989811641,0.157989883494,7.88128612328e-06,-3.5778707705e-05,2.78971971746e-05,0.00519249359789,-0.0230423695565,0.0178498884313
