time,segment_id,segment_local_time,u,position_x,position_y,position_z,velocity_x,velocity_y,velocity_z,acceleration_x,acceleration_y,acceleration_z
0.0,0,0.0,0.0,-1.5,0.0,1.5,0.0,0.0,0.0,0.0,0.0,0.0
0.0025,0,0.0025,0.001805710729846041,-1.5000000084218734,-3.365396632485403e-10,1.4999999983247747,-1.0086794449191665e-05,-4.009101817978234e-07,-2.0154852320411343e-06,-0.008038323863423591,-0.0003160309024291757,-0.0016207260476618444
0.005,0,0.005,0.003611421459692082,-1.5000000669862654,-2.633634512769745e-09,1.4999999864940485,-4.003641073045233e-05,-1.556733785890385e-06,-8.145171288864947e-06,-0.01589039742284842,-0.0006039569333517594,-0.0032913013559905595
0.0075,0,0.0075,0.005417132189538122,-1.5000002247690736,-8.690904102817161e-09,1.499999954066911,-8.938427276273426e-05,-3.397405099880969e-06,-1.8513236543371737e-05,-0.023557060421433844,-0.000863935265863563,-0.005011370101972644
0.01,0,0.01,0.007222842919384164,-1.5000005296873784,-2.0133294872576973e-08,1.4999998902931178,-0.0001576679038228882,-5.853251344112395e-06,-3.324296981092806e-05,-0.031039152602339224,-0.0010961230730603998,-0.006780576462594597
0.0125,0,0.0125,0.009028553649230204,-1.500001028504694,-3.8412062478016804e-08,1.4999997841153143,-0.0002444269265456631,-8.854992671667007e-06,-5.245677034936671e-05,-0.0383375137087239,-0.0013006775280380808,-0.008598564614842916
0.015,0,0.015,0.010834264379076244,-1.5000017668362142,-6.480575412373455e-08,1.4999996241712603,-0.0003492030629237066,-1.2333742168366679e-05,-7.627614785898668e-05,-0.045452983483747246,-0.0014777558038924195,-0.010464978735704102
0.0175,0,0.0175,0.012639975108922287,-1.5000027891540628,-1.0042119089480731e-07,1.4999993987960527,-0.00047154013430756453,-1.6221005852772832e-05,-0.00010482172248255336,-0.052386401670568614,-0.001627515073719228,-0.012379463002164654
0.02,0,0.02,0.014445685838768327,-1.5000041387925407,-1.461944500886399e-07,1.49999909602435,-0.0006109840614056809,-2.044868267618639e-05,-0.00013821322480529817,-0.05913860801234735,-0.0017501125106143185,-0.014341661591211067
0.0225,0,0.0225,0.016251396568614365,-1.5000058579533746,-2.0289184754681405e-07,1.4999987035925968,-0.0007670828642843982,-2.4949064522647822e-05,-0.0001765694958549189,-0.0657104422522428,-0.0018457052876735026,-0.01635121867982984
0.025,0,0.025,0.01805710729846041,-1.5000079877109664,-2.7111091998693727e-07,1.499998208941246,-0.0009393866623679584,-2.9654836208937164e-05,-0.00022000848710157983,-0.07210274413341436,-0.001914450577992594,-0.01840777844500748
0.0275,0,0.0275,0.01986281802830645,-1.5000105680176399,-3.5128140733449106e-07,1.4999975992169847,-0.0011274476744384996,-3.4499075484573896e-05,-0.0002686472604579108,-0.07831635339902135,-0.001956505554667404,-0.020510985063730475
0.03,0,0.03,0.021668528758152488,-1.5000136377088904,-4.436662350546804e-07,1.499996861274957,-0.0013308202186360606,-3.941525303181711e-05,-0.00032260198827900865,-0.08435210979222312,-0.0019720273907937453,-0.02266048271298533
0.0325,0,0.0325,0.02347423948799853,-1.5000172345086327,-5.483624964842826e-07,1.4999959816809876,-0.001549060712458577,-4.43372324656654e-05,-0.0003819879533624361,-0.09021085305617907,-0.0019611732594674307,-0.02485591556975854
0.035,0,0.035,0.025279950217844575,-1.5000213950344496,-6.653024351634954e-07,1.4999949467138067,-0.0017817276727618845,-4.919927033385691e-05,-0.0004469195489482222,-0.09589342293404853,-0.0019241003337842713,-0.027096927811036613
0.0375,0,0.0375,0.02708566094769061,-1.5000261548028404,-7.942544271677859e-07,1.4999937423672731,-0.0020283817157597133,-5.393601611686923e-05,-0.0005175102787188619,-0.10140065916899081,-0.001860965786840081,-0.029383163613806034
0.04,0,0.04,0.028891371677536654,-1.5000315482344688,-9.348239634397415e-07,1.4999923543525981,-0.002288585557023698,-5.8482512227919626e-05,-0.0005938727567993172,-0.10673340150416534,-0.001771926791730671,-0.031714267155053315
0.0425,0,0.0425,0.030697082407382694,-1.5000376086594116,-1.086454632120915e-06,1.4999907681005702,-0.002561904011483367,-6.277419401296476e-05,-0.0006761187077570155,-0.11189248968273144,-0.0016571405215518539,-0.03408988261176494
0.045,0,0.045,0.03250279313722873,-1.5000443683224074,-1.2484291008836755e-06,1.4999889687637782,-0.0028479039934261466,-6.674688975070088e-05,-0.0007643589666018507,-0.11687876344784845,-0.0015167641493994428,-0.03650965416092741
0.0475,0,0.0475,0.03430850386707478,-1.5000518583881046,-1.4198700992630603e-06,1.4999869412188347,-0.003146154516497368,-7.033682065256382e-05,-0.0008587034787861837,-0.12169306254267577,-0.0013509548483692472,-0.03897322597952726
0.05,0,0.05,0.03611421459692082,-1.5000601089463101,-1.5997414009886153e-06,1.4999846700686017,-0.0034562266937002515,-7.348060086272886e-05,-0.0009592613002048405,-0.12633622671037273,-0.001159869791557084,-0.041480242244550936
0.0525,0,0.0525,0.03791992532676686,-1.5000691490172369,-1.786848806316253e-06,1.4999821396444126,-0.0037776937373959225,-7.611523745811079e-05,-0.0010661405971951138,-0.13080909569409868,-0.0009436661520587619,-0.044030347132984954
0.055,0,0.055,0.0397256360566129,-1.500079006556754,-1.9798411243600968e-06,1.4999793340082974,-0.004110130959303401,-7.8178130448364e-05,-0.0011794486465367625,-0.13511250923701298,-0.0007025011029700945,-0.04662318482181583
0.0575,0,0.0575,0.04153134678645894,-1.500089708461633,-2.1772111554243288e-06,1.4999762369552057,-0.004453115770499611,-7.960707277588247e-05,-0.0012992918354520124,-0.139247307082275,-0.000436531817386895,-0.04925839948803006
0.06,0,0.06,0.043337057516304976,-1.5001012805747977,-2.3772966733350424e-06,1.499972832015231,-0.004806227681419366,-8.034025031579955e-05,-0.001425775661605554,-0.14321432897304404,-0.00014591546840497446,-0.051935635308614114
0.0625,0,0.0625,0.04514276824615102,-1.500113747690573,-2.5782814077720887e-06,1.4999691024558353,-0.005169048301855388,-8.031624187598828e-05,-0.001559004733104547,-0.14701441465247958,0.00016919077087985593,-0.05465453646055452
0.065,0,0.065,0.04694847897599706,-1.500127133559931,-2.7781960266009226e-06,1.4999650312840709,-0.005541161340958285,-7.947401919706099e-05,-0.0016990827684986126,-0.15064840386374084,0.0005086297273717796,-0.05741474712083776
0.0675,0,0.0675,0.0487541897058431,-1.500141460895742,-2.9749191182044583e-06,1.4999606012488071,-0.005922152607236577,-7.775294695236995e-05,-0.0018461125967798432,-0.15411713634998722,0.0008722442279749889,-0.060215911466450354
0.07,0,0.07,0.05055990043568915,-1.5001567513780214,-3.166178173814914e-06,1.499955794842952,-0.0063116100085566776,-7.509278274800653e-05,-0.002000196157382795,-0.15742145185437814,0.00125987709959367,-0.06305767367437878
0.0725,0,0.0725,0.05236561116553518,-1.5001730256591783,-3.349550569845659e-06,1.499950594305677,-0.006709123552142888,-7.143367712280183e-05,-0.0021614345001844887,-0.16056219012007283,0.0016713711691320073,-0.06593967792160954
0.075,0,0.075,0.05417132189538122,-1.5001903033692645,-3.5224645502230645e-06,1.499944981624641,-0.007114285344577424,-6.671617354832655e-05,-0.0023299277855044157,-0.16354019089023078,0.002106569263494192,-0.06886156838512913
0.0775,0,0.0775,0.05597703262522726,-1.500208603121222,-3.6822002087183568e-06,1.4999389385382138,-0.007526689591800394,-6.088120842889089e-05,-0.0025057752841045307,-0.1663562939080112,0.0025653142095844127,-0.07182298924192408
0.08,0,0.08,0.05778274335507331,-1.500227942516132,-3.825890471279463e-06,1.4999324465377004,-0.007945932599109801,-5.387011110154428e-05,-0.002689075377189255,-0.16901133891657363,0.0030474488343068566,-0.07482358466898086
0.0825,0,0.0825,0.05958845408491935,-1.5002483381484633,-3.950522078362847e-06,1.4999254868695646,-0.008371612771161547,-4.5624603836076195e-05,-0.0028799255564054753,-0.1715061656590773,0.0035528159645657085,-0.07786299884328596
0.085,0,0.085,0.06139416481476539,-1.5002698056113202,-4.052936567265385e-06,1.4999180405376535,-0.008803330611969439,-3.608680183501532e-05,-0.0030784224238425465,-0.1738416138786816,0.004081258427265156,-0.08094087594182588
0.08750000000000001,0,0.08750000000000001,0.06319987554461143,-1.5002923595016915,-4.129831254456187e-06,1.4999100883054202,-0.009240688724905174,-2.5199213233629894e-05,-0.003284661692032289,-0.17601852331854578,0.004632619049309391,-0.08405686014158714
0.09,0,0.09,0.06500558627445746,-1.5003160134256988,-4.17776021790847e-06,1.4999016106981489,-0.009683291812698346,-1.29047390999275e-05,-0.003498738183948988,-0.1780377337218294,0.0052067406576025935,-0.08721059561955623
0.0925,0,0.0925,0.06681129700430351,-1.5003407800038442,-4.193135279431385e-06,1.499892588005178,-0.010130746677436468,8.533265653440458e-07,-0.003720745833009399,-0.17990008483169165,0.005803466079048967,-0.09040172655271965
0.095,0,0.095,0.06861700773414955,-1.5003666708762595,-4.172226987001882e-06,1.4998830002821248,-0.010582662220564922,1.6131296828698497e-05,-0.003950777683072738,-0.18160641639129194,0.00642263814055268,-0.09362989711806394
0.0975,0,0.0975,0.07042271846399559,-1.5003936967079545,-4.11116559709655e-06,1.4998728273531086,-0.011038649442887008,3.298509182390876e-05,-0.00418892588844069,-0.18315756814378967,0.007064099669017929,-0.0968947514925755
0.1,0,0.1,0.07222842919384163,-1.500421867194065,-4.005942057023464e-06,1.4998620488129746,-0.011498321444563918,5.147023875200946e-05,-0.004435281713857412,-0.18455437983234416,0.007727693491348902,-0.10019593385324088
0.10250000000000001,0,0.10250000000000001,0.07403413992368768,-1.5004511910651015,-3.85240898725405e-06,1.4998506440295185,-0.011961293425114743,7.164187188129501e-05,-0.004689935534509514,-0.1857976912001147,0.008413262434449793,-0.10353308837704663
0.105,0,0.105,0.07583985065353371,-1.500481676092197,-3.6462816637549065e-06,1.49983859214571,-0.012427182683416473,9.355473254732013e-05,-0.004952976836026082,-0.18688834199026078,0.009120649325224774,-0.10690585924097916
0.1075,0,0.1075,0.07764556138337975,-1.500513329092357,-3.3831390003196887e-06,1.4998258720819162,-0.01289560861770399,0.00011726316915290066,-0.005224494214478669,-0.18782717194594162,0.009849696990578036,-0.11031389062202501
0.11,0,0.11,0.0794512721132258,-1.5005461559337054,-3.0584245309009153e-06,1.4998124625381266,-0.013366192725570089,0.0001428211371681126,-0.005504575376381289,-0.18861502081031667,0.010600248257413784,-0.1137568266971707
0.1125,0,0.1125,0.08125698284307184,-1.5005801615407353,-2.667447391941853e-06,1.499798341996176,-0.013838558603965453,0.00017028219913029193,-0.005793307138690429,-0.18925272832654522,0.01137214595263619,-0.11723431164340273
0.115,0,0.115,0.08306269357291789,-1.5006153498995558,-2.2053833047083437e-06,1.4997834887219688,-0.014312331949198665,0.00019969952464403586,-0.006090775428805033,-0.1897411342377867,0.012165232903149447,-0.12074598963770757
0.11750000000000001,0,0.11750000000000001,0.08486840430276392,-1.5006517240631416,-1.66727555762069e-06,1.4997678807677026,-0.014787140556936198,0.00023112589038120179,-0.006397065284566517,-0.1900810782872004,0.012979351935857737,-0.12429150485707166
0.12,0,0.12,0.08667411503260995,-1.5006892861565801,-1.0480359885854307e-06,1.4997514959740927,-0.015262614322202437,0.0002646136800809071,-0.006712260854258761,-0.19027340021794564,0.013814345877665252,-0.1278705014784816
0.1225,0,0.1225,0.088479825762456,-1.5007280373823209,-3.4244596732726037e-07,1.4997343119725959,-0.015738385239379666,0.0003002148845495308,-0.007036445396608117,-0.19031893977318198,0.014670057555476177,-0.13148262367892388
0.125,0,0.125,0.09028553649230205,-1.5007679780254235,4.54842622279161e-07,1.4997163061876335,-0.016214087402208064,0.0003379811016607112,-0.007369701280783398,-0.19021853669606847,0.015546329796194717,-0.13512751563538497
0.1275,0,0.1275,0.09209124722214808,-1.500809107458806,1.3493063998773093e-06,1.499697455838816,-0.016689357003785685,0.0003779635363553476,-0.007712109986395879,-0.18997303072976474,0.016443005426725023,-0.13880482152485135
0.13,0,0.13,0.09389695795199413,-1.5008514241484934,2.34654950629704e-06,1.4996777379431674,-0.017163832336568523,0.0004202130006415998,-0.008063752103499314,-0.18958326161743003,0.017359927273971315,-0.14251418552430956
0.1325,0,0.1325,0.09570266868184017,-1.5008949256588664,3.4523026212226435e-06,1.4996571293173473,-0.017637153792370443,0.0004647799135948879,-0.00842470733258991,-0.18905006910222366,0.01829693816483777,-0.14625525181074606
0.135,0,0.135,0.0975083794116862,-1.5009396086579088,4.672421980861046e-06,1.4996356065798773,-0.018108963862363214,0.0005117143013578923,-0.008795054484606348,-0.188374292927305,0.019253880926228577,-0.15002766456114736
0.1375,0,0.1375,0.09931409014153225,-1.500985468922457,6.012888395609955e-06,1.4996131461533626,-0.01857890713707651,0.0005610657971405545,-0.009174871480929773,-0.18755677283583339,0.02023059838504792,-0.15383106795249998
0.14,0,0.14,0.1011198008713783,-1.501032501343448,7.479806267726012e-06,1.4995897242667178,-0.01904663030639789,0.0006128836412200761,-0.009564235353383799,-0.18659834857096838,0.02122693336819999,-0.15766510616179047
0.14250000000000002,0,0.14250000000000002,0.10292551160122433,-1.5010806999311672,9.079402608992896e-06,1.499565316957389,-0.01951178215957282,0.0006672166809409188,-0.009963222244234496,-0.1854998598758691,0.022242728702588966,-0.16152942336600515
0.145,0,0.145,0.10473122233107036,-1.501130057820498,1.081802605838958e-05,1.4995399000735792,-0.01997401358520467,0.0007241133707148049,-0.010371907406190413,-0.1842621464936949,0.023277827215119052,-0.16542366374213066
0.1475,0,0.1475,0.1065369330609164,-1.5011805672761687,1.2702145899758395e-05,1.4995134492764715,-0.0204329775712547,0.0007836217720207174,-0.01079036520240256,-0.1828860481676053,0.024332071732694423,-0.1693474714671535
0.15,0,0.15,0.10834264379076244,-1.5012322196980024,1.4738351079473199e-05,1.4994859400424527,-0.02088832920504206,0.0008457895534049014,-0.011218669106464414,-0.18137240464075952,0.025405305082219273,-0.1733004907180601
0.1525,0,0.1525,0.11014835452060849,-1.5012850056261642,1.6933349224107527e-05,1.499457347665338,-0.021339725673243836,0.0009106639904808591,-0.011656891702411923,-0.1797220556563169,0.026497370090597792,-0.17728236567183706
0.155,0,0.155,0.11195406525045452,-1.5013389147464107,1.929396565810275e-05,1.499427647258594,-0.021786826261894952,0.0009782919659293548,-0.012105104684723481,-0.17793584095743697,0.02760810958473415,-0.18129274050547078
0.1575,0,0.1575,0.11375977598030057,-1.501393935895337,2.182714242143625e-05,1.4993968137575635,-0.022229292356388288,0.0010487199694984147,-0.012563378858319978,-0.17601460028727897,0.02873736639153256,-0.1853312593959478
0.16,0,0.16,0.11556548671014662,-1.5014500570656264,2.4539937287289493e-05,1.4993648219216889,-0.022666787441474587,0.0011219940980033238,-0.01303178413856475,-0.17395917338900224,0.029884983337897197,-0.18939756652025466
0.1625,0,0.1625,0.11737119743999265,-1.5015072654112982,2.7439522779716292e-05,1.4993316463367357,-0.023098977101262495,0.0011981600553266263,-0.013510389551263597,-0.1717704000057662,0.031050803250732235,-0.19349130605537773
0.165,0,0.165,0.1191769081698387,-1.5015655472529563,3.053318519131092e-05,1.499297261417017,-0.02352552901921858,0.0012772631524181303,-0.013999263232664805,-0.16944911988073008,0.032234668956941895,-0.19761212217830365
0.1675,0,0.1675,0.12098261889968474,-1.501624888083037,3.382832360087616e-05,1.499261641407618,-0.023946112978167282,0.0013593483072949016,-0.014498472429459109,-0.16699617275705333,0.033436423283430335,-0.20175965906601886
0.17,0,0.17,0.12278832962953078,-1.501685272571058,3.733244889109156e-05,1.499224760386618,-0.02436040086029095,0.0014444600450412672,-0.015008083498779712,-0.16441239837789537,0.034655909057101746,-0.20593356089550982
0.17250000000000001,0,0.17250000000000001,0.12459404035937682,-1.5017466845688674,4.10531827661816e-05,1.499186592267316,-0.024768066647129824,0.0015326424978088172,-0.015528161908202295,-0.16169863648641541,0.03589296910486034,-0.21013347184376316
0.17500000000000002,0,0.17500000000000002,0.12639975108922286,-1.50180910711589,4.499825676958379e-05,1.499147110800454,-0.025168786419582062,0.0016239394048163953,-0.016058772235744985,-0.15885572682577276,0.037147446253610265,-0.21435903608776521
0.1775,0,0.1775,0.1282054618190689,-1.5018725224443785,4.917551130161684e-05,1.4991062895764404,-0.02556223835790369,0.0017183941123501128,-0.016599978169868395,-0.15588450913912708,0.03841918333025575,-0.21860989780450252
0.18,0,0.18,0.13001117254891492,-1.5019369119846593,5.3592894637148744e-05,1.4990641020275752,-0.025948102741708647,0.0018160495737633401,-0.017151842509475594,-0.15278582316963757,0.039708023161700925,-0.2228857011709616
0.1825,0,0.1825,0.13181688327876098,-1.5020022563703823,5.825846194326513e-05,1.4990205214302725,-0.026326061949968806,0.001916948349476706,-0.01771442716391213,-0.14956050866046333,0.04101380857485007,-0.22718609036412912
0.185,0,0.185,0.13362259400860702,-1.5020685354437697,6.318037429693711e-05,1.4989755209072855,-0.02669580046101387,0.0020211326069780973,-0.01828779315296599,-0.14620940535476404,0.04233638239660731,-0.23151070956099132
0.1875,0,0.1875,0.13542830473845305,-1.502135728260863,6.836689770268968e-05,1.498929073429929,-0.02705700485253148,0.0021286441208226686,-0.01887200060686765,-0.14273335299569906,0.04367558745387681,-0.23585920293853477
0.19,0,0.19,0.1372340154682991,-1.502203813096772,7.382640211026995e-05,1.4988811518203051,-0.027409363801567187,0.002239524272632829,-0.019467108766290056,-0.13913319132642737,0.04503126657356282,-0.24023121467374609
0.1925,0,0.1925,0.13903972619814514,-1.502272767450924,7.956736043231472e-05,1.4988317287535258,-0.027752568084524414,0.00235381405109825,-0.020073175982348597,-0.13540976009010888,0.04640326258256947,-0.24462638894361163
0.195,0,0.195,0.14084543692799117,-1.502342568052311,8.559834756201944e-05,1.4987807767599368,-0.028086310577164496,0.002471554051975863,-0.020690259716601146,-0.13156389902990256,0.047791418307800995,-0.24904436992511794
0.1975,0,0.1975,0.14265114765783724,-1.502413190864739,9.19280393908059e-05,1.4987282682273428,-0.028410286254606655,0.0025927844780898627,-0.021318416541048046,-0.12759644788896785,0.04919557657616156,-0.25348480179525157
0.2,0,0.2,0.14445685838768327,-1.502484611092075,9.85652118259901e-05,1.4986741754032298,-0.02872419219132803,0.002717545139331698,-0.021957702138132085,-0.12350824641046411,0.050615580214555346,-0.25794732873099896
0.2025,0,0.2025,0.1462625691175293,-1.5025568031834982,0.00010551873980845124,1.4986184703969896,-0.02902772756116364,0.002845875452660086,-0.022608171300738538,-0.11930013433755081,0.05205127204988655,-0.2624315949093466
0.20500000000000002,0,0.20500000000000002,0.14806827984737536,-1.5026297408387446,0.00011279759633029914,1.498561125182144,-0.029320593637306408,0.0029778144421010004,-0.023269877932195142,-0.11497295141338702,0.053502494909059374,-0.266937244507281
0.20750000000000002,0,0.20750000000000002,0.1498739905772214,-1.5027033970133588,0.00012041085145254255,1.4985021115985684,-0.02960249379230716,0.0031134007387476725,-0.023942875046272093,-0.11052753738113245,0.05496909161897797,-0.27146392170178874
0.21,0,0.21,0.15167970130706743,-1.50277774392394,0.0001283676713227575,1.4984414013547156,-0.029873133498074633,0.0032526725807605983,-0.02462721476718205,-0.10596473198394622,0.056450905006546565,-0.27601127066985615
0.2125,0,0.2125,0.15348541203691346,-1.5028527530533924,0.0001366773171927553,1.4983789660298399,-0.03013222032587542,0.0033956678133675333,-0.025322948329580153,-0.1012853749649876,0.057947777898669305,-0.28057893558846986
0.215,0,0.215,0.1552911227667595,-1.5029283951561716,0.00014534914443625066,1.4983147770762206,-0.030379463946334048,0.0035424238888634913,-0.026030126078564003,-0.09649030606741626,0.05945955312225041,-0.2851665606346163
0.2175,0,0.2175,0.15709683349660555,-1.5030046402635346,0.0001543926015665303,1.4982488058213872,-0.030614576129432962,0.003692977866610755,-0.026748797469673676,-0.09158036503439136,0.060986073504194084,-0.2897737899852822
0.22,0,0.22,0.1589025442264516,-1.5030814576887872,0.00016381722925412,1.498181023470341,-0.030837270744512427,0.003847366413038853,-0.02747901106889167,-0.08655639160907237,0.06252718187140446,-0.2944002678174537
0.2225,0,0.2225,0.16070825495629765,-1.5031588160325329,0.00017363265934445415,1.498111401107781,-0.031047263760270713,0.004005625801644586,-0.028220814552643025,-0.0814192255346184,0.06408272105078577,-0.29904563830811753
0.225,0,0.225,0.16251396568614368,-1.503236683187921,0.00018384861387554254,1.4980399097003267,-0.031244273244763875,0.004167791912992011,-0.02897425470779516,-0.07616970655418906,0.06565253386924218,-0.3037095456342601
0.2275,0,0.2275,0.1643196764159897,-1.5033150263458952,0.0001944749040956398,1.4979665200987433,-0.031428019365405964,0.004333900234712446,-0.029739377431658037,-0.07080867441094359,0.06723646315367789,-0.3083916339728679
0.23,0,0.23,0.16612538714583577,-1.503393812000442,0.00020552142948091276,1.4978912030401634,-0.03159822438896889,0.004503985861504471,-0.03051622773198405,-0.06533696884804135,0.06883435173099707,-0.31309154750092755
0.2325,0,0.2325,0.1679310978756818,-1.5034730059538393,0.00021699817675310817,1.497813929150313,-0.03175461268158244,0.004678083495133922,-0.031304849726968044,-0.0597554296086417,0.07044604242810394,-0.3178089303954254
0.23500000000000001,0,0.23500000000000001,0.16973680860552784,-1.5035525733219037,0.00022891521889722245,1.4977346689457345,-0.0318969107087343,0.0048562274444339,-0.03210528664524736,-0.05406489643590411,0.07207137807190263,-0.32254342683334797
0.23750000000000002,0,0.23750000000000002,0.1715425193353739,-1.5036324785392408,0.00024128271417916838,1.49765339283601,-0.03202484703527012,0.005038451625304766,-0.03291758082590179,-0.048266209072987724,0.07371020148929742,-0.32729468099168185
0.24,0,0.24,0.1733482300652199,-1.5037126853644913,0.000254110905163443,1.497570071125987,-0.0321381523253934,0.005224789560714135,-0.03374177371845359,-0.04236020726305212,0.07536235550719238,-0.3320623370474134
0.2425,0,0.2425,0.17515394079506597,-1.503793156885582,0.00026741011773079814,1.497484674018,-0.03223655934266551,0.005415274380696897,-0.03457790588286751,-0.036347730749256305,0.0770276829524918,-0.33684603917752937
0.245,0,0.245,0.176959651524912,-1.5038738555249715,0.00028119076009590533,1.4973971716140961,-0.03231980295000577,0.005609938822355187,-0.03542601698955072,-0.030229619274760238,0.0787060266520998,-0.3416454315590159
0.2475,0,0.2475,0.17876536225475803,-1.5039547430449007,0.0002954633218250262,1.4973075339182582,-0.03238762010969134,0.005808815229858406,-0.03628614581935288,-0.024006712582722686,0.08039722943292063,-0.3464601583688598
0.25,0,0.25,0.1805710729846041,-1.5040357805526399,0.00031023837285368023,1.4972157308386291,-0.03243974988335741,0.006011935554443222,-0.037158330263566144,-0.017679850416303128,0.08210113412185845,-0.3512898637840476
0.2525,0,0.2525,0.18237678371445012,-1.5041169285057383,0.00032552656250431177,1.4971217321897357,-0.03247593343199686,0.006219331354413551,-0.03804260732392507,-0.011249872518661387,0.08381758354581739,-0.3561341919815653
0.255,0,0.255,0.18418249444429616,-1.5041981467172711,0.00034133861850395986,1.4970255076947112,-0.03249591401596065,0.006431033795140577,-0.038939013112606724,-0.004717618632956016,0.08554642053170171,-0.36099278713840005
0.2575,0,0.2575,0.18598820517414222,-1.5042793943610888,0.0003576853460019256,1.4969270269875221,-0.032499436994957547,0.0066470736490627505,-0.03984758285223066,0.0019160714976530493,0.08728748790641559,-0.36586529343153795
0.26,0,0.26,0.18779391590398825,-1.504360629977066,0.00037457762658743934,1.4968262596151887,-0.03248624982805426,0.006867481295685768,-0.04076835087585883,0.008650358130006449,0.0890406284968632,-0.3707513550379655
0.2625,0,0.2625,0.18959962663383428,-1.504441811476348,0.0003920264173073306,1.4967231750400118,-0.03245610207367537,0.007092286721582598,-0.04170135062699571,0.015484401520945167,0.09080568512994874,-0.3756506161346694
0.265,0,0.265,0.19140533736368034,-1.5045228961466013,0.00041004274968369555,1.4966177426417946,-0.032408745389603325,0.0073215195203934665,-0.04264661465958824,0.022417361927309382,0.09258250063257635,-0.3805627208986361
0.2675,0,0.2675,0.19321104809352638,-1.5046038406572606,0.0004286377287315641,1.4965099317200676,-0.0323439335329786,0.0075552088928258505,-0.043604174638025774,0.029448399605940315,0.0943709178316503,-0.38548731350685195
0.27,0,0.27,0.1950167588233724,-1.5046846010647779,0.0004478225319765698,1.4963997114963126,-0.032261422360299385,0.007793383646654506,-0.04457406133714018,0.03657667481367814,0.0961707795540747,-0.39042403813630355
0.2725,0,0.2725,0.19682246955321847,-1.5047651328178702,0.0004676084084726169,1.4962870511161857,-0.032160969827421906,0.00803607219672144,-0.04555630464220581,0.04380134780736373,0.09798192862675383,-0.3953725389639774
0.275,0,0.275,0.1986281802830645,-1.504845390762769,0.0004880066778195481,1.496171919651742,-0.03204233598956025,0.008283302564935912,-0.04655093354893941,0.05112157884383784,0.09980420787659174,-0.4003324601668599
0.2775,0,0.2775,0.20043389101291054,-1.5049253291484677,0.0005090287291808144,1.4960542861036596,-0.03190528300128639,0.00853510238027445,-0.04755797616350027,0.058536528179940525,0.10163746013049274,-0.4053034459219377
0.28,0,0.28,0.2022396017427566,-1.5050049016319702,0.0005306860203011419,1.4959341194034628,-0.03174957511653017,0.008791498878780847,-0.048577459702490104,0.06604535607251324,0.103481528215361,-0.41028514040619735
0.28250000000000003,0,0.28250000000000003,0.20404531247260263,-1.5050840612835394,0.0005529900765241994,1.4958113884157462,-0.03157497868857939,0.009052518903566148,-0.04960941049295307,0.07364722277839618,0.10533625495810064,-0.4152771877966251
0.28500000000000003,0,0.28500000000000003,0.20585102320244866,-1.505162760591946,0.0005759524898102681,1.495686061940399,-0.03138126217007971,0.009318188904808664,-0.05065385397237585,0.08134128855442972,0.1072014831856159,-0.4202792322702075
0.28750000000000003,0,0.28750000000000003,0.20765673393229472,-1.505240951469716,0.00059958491775391,1.4955581087148289,-0.031168196113034743,0.009588534939753965,-0.05171081468868756,0.08912671365745521,0.10907705572481102,-0.4252909180039315
0.29,0,0.29,0.20946244466214073,-1.5053185852583801,0.0006238990826016323,1.495427497416185,-0.030935553168805918,0.009863582672714869,-0.05278031630025977,0.09700265834431249,0.11096281540258998,-0.43031188917478275
0.2925,0,0.2925,0.21126815539198676,-1.5053956127337214,0.0006489067702695616,1.4952941966635829,-0.03068310808811263,0.01014335737507148,-0.05386238157590654,0.10496828287184289,0.11285860504585718,-0.4353417899597485
0.295,0,0.295,0.2130738661218328,-1.5054719841110238,0.0006746198293611067,1.495158175020328,-0.03041063772103213,0.010427883925271145,-0.05495703239488442,0.11302274749688679,0.11476426748151682,-0.44038026453581497
0.2975,0,0.2975,0.21487957685167886,-1.5055476490503208,0.0007010501701846303,1.4950194009961395,-0.030117921016999536,0.010717186808828483,-0.05606428974689237,0.12116521247628499,0.11667964553647295,-0.44542695707996877
0.3,0,0.3,0.2166852875815249,-1.5056225566616437,0.0007282097637711136,1.4948778430493745,-0.029804739024808007,0.011011290118325346,-0.05718417373207182,0.129394838066878,0.11860458203762979,-0.45048151176919604
0.3025,0,0.3025,0.21849099831137092,-1.5056966555102698,0.0007561106408918288,1.4947334695892514,-0.029470874892608467,0.011310217553410879,-0.058316703561006725,0.1377107845255062,0.12053891981189158,-0.45554357278048363
0.305,0,0.305,0.22029670904121698,-1.5057698936219712,0.0007847648910760041,1.4945862489780741,-0.029116113867909767,0.011613992420801479,-0.059461897554723454,0.1461122121090107,0.12248250168616252,-0.46061278429081814
0.3075,0,0.3075,0.22210241977106301,-1.505842218488263,0.0008141846616284919,1.4944361495334562,-0.028740243297578662,0.011922637634280791,-0.060619773144690844,0.1545982810742315,0.12443517048734672,-0.46568879047718564
0.31,0,0.31,0.22390813050090905,-1.5059135770716514,0.000844382156647439,1.494283139530544,-0.028343052627839812,0.012236175714699723,-0.06179034687282023,0.1631681516780102,0.1263967690423484,-0.470771235516573
0.3125,0,0.3125,0.2257138412307551,-1.5059839158108823,0.0008753696360419535,1.4941271872042419,-0.027924333404275744,0.012554628789976468,-0.06297363439146539,0.1718209841771868,0.12836714017807177,-0.47585976358596654
0.315,0,0.315,0.22751955196060114,-1.5060531806261903,0.0009071594145497724,1.4939682607514344,-0.027483879271827008,0.01287801859509644,-0.06416965046342256,0.18055593882860194,0.130346126721421,-0.4809540188623528
0.3175,0,0.3175,0.22932526269044717,-1.506121316924546,0.0009397638607549303,1.4938063283332113,-0.027021485974791853,0.013206366472112348,-0.06537840896193046,0.1893721758890961,0.13233357149930028,-0.4860536455227183
0.32,0,0.32,0.23113097342029323,-1.5061882696049051,0.0009731953961054288,1.4936413580770913,-0.026536951356826592,0.013539693370144145,-0.06659992287067029,0.1982688556155109,0.1343293173386138,-0.49115828774404946
0.3225,0,0.3225,0.23293668415013927,-1.506253983063457,0.001007466493930902,1.4934733180792463,-0.026030075360945343,0.01387801984537903,-0.06783420428376567,0.2072451382646858,0.1363332070662657,-0.4962675897033328
0.325,0,0.325,0.2347423948799853,-1.506318401198872,0.0010425896784602862,1.4933021764067238,-0.02550066002952016,0.014221366061071501,-0.06908126440578273,0.2163001840934619,0.1383450835091603,-0.5013811955775548
0.3275,0,0.3275,0.23654810560983136,-1.5063814674175513,0.0010785775238394903,1.4931279010996727,-0.024948509504280975,0.014569751787543295,-0.07034111355173006,0.22543315335867994,0.1403647894942017,-0.5064987495437022
0.33,0,0.33,0.2383538163396774,-1.5064431246388745,0.0011154426531490582,1.492950460173566,-0.024373430026315673,0.01492319640218339,-0.07161376114705868,0.23464320631718072,0.142392167848294,-0.5116198957787613
0.3325,0,0.3325,0.24015952706952343,-1.5065033153004477,0.0011531977374218427,1.492769821621425,-0.023775229936069998,0.015281718889448057,-0.0728992157276621,0.2439295032258045,0.1444270613983415,-0.5167442784597185
0.335,0,0.335,0.2419652377993695,-1.5065619813633528,0.00119185549466067,1.4925859534160433,-0.023153719673347527,0.015645337840860817,-0.07419748493987635,0.25329120434139224,0.14646931297124843,-0.5218715417635604
0.3375,0,0.3375,0.24377094852921552,-1.5066190643173951,0.0012314286888560106,1.4923988235122105,-0.02250871177730985,0.01601407145501244,-0.07550857554047982,0.26272746992078433,0.14851876539391884,-0.5270013298672737
0.34,0,0.34,0.24557665925906155,-1.506674505186352,0.0012719301290036442,1.4922083998489364,-0.02184002088647641,0.016387937537560963,-0.07683249339669342,0.2722374602208214,0.150575261493257,-0.5321332869478446
0.3425,0,0.3425,0.2473823699889076,-1.5067282445332217,0.0013133726681223328,1.4920146503516747,-0.021147463738724517,0.016766953501231696,-0.07816924348618058,0.2818203354983445,0.15263864409616715,-0.5372670571822598
0.34500000000000003,0,0.34500000000000003,0.24918808071875365,-1.506780222465471,0.0013557692022714799,1.4918175429345464,-0.02043085917128938,0.0171511363658172,-0.0795188298970471,0.2914752560101935,0.15470875602955333,-0.5424022847475054
0.34750000000000003,0,0.34750000000000003,0.2509937914485997,-1.506830378640284,0.0013991326695688116,1.4916170455025648,-0.019690028120764216,0.017540502758177277,-0.08088125582784127,0.3012013820132098,0.15678544012031986,-0.5475386138205683
0.35000000000000003,0,0.35000000000000003,0.2527995021784457,-1.5068786522698105,0.0014434760492080324,1.4914131259538583,-0.018924793623100053,0.01793506891223903,-0.08225652358755392,0.3109978737642341,0.15886853919537086,-0.5526756885784351
0.3525,0,0.3525,0.25460521290829174,-1.5069249821264146,0.0014888123604765015,1.4912057521818953,-0.01813498081360565,0.01833485066899679,-0.08364463459561826,0.3208638915201061,0.16095789608161046,-0.5578131531980919
0.355,0,0.355,0.2564109236381378,-1.5069693065479226,0.001535154661772896,1.490994892077707,-0.01732041692694814,0.018739863476512148,-0.08504558938191001,0.33079859553766766,0.16305335360594309,-0.5629506518565255
0.3575,0,0.3575,0.2582166343679838,-1.5070115634428718,0.0015825160496248819,1.4907805135321122,-0.01648093129715193,0.019150122389914,-0.08645938758674734,0.34080114607375844,0.16515475459527268,-0.5680878287307223
0.36,0,0.36,0.26002234509782984,-1.5070516902957585,0.0016309096577067823,1.4905625844379409,-0.015616355357599811,0.019565642071398437,-0.0878860279608909,0.35087070338521936,0.16726194187650345,-0.5732243279976686
0.3625,0,0.3625,0.26182805582767593,-1.507089624172287,0.001680348655857245,1.4903410726922577,-0.014726522641032294,0.019986436790228868,-0.08932550836554386,0.3610064277288921,0.16937475827653978,-0.5783597938343514
0.365,0,0.365,0.26363376655752196,-1.507125301724618,0.0017308462490969064,1.4901159461985867,-0.013811268779547857,0.020412520422735902,-0.09077782577235162,0.3712074793616158,0.1714930466222857,-0.5834938704177569
0.3675,0,0.3675,0.265439477287368,-1.5071586591966155,0.0017824156766460676,1.4898871728691343,-0.012870431504602672,0.02084390645231747,-0.09224297626340237,0.3814730185402313,0.17361664974064533,-0.5886262019248714
0.37,0,0.37,0.26724518801721403,-1.507189632429097,0.0018350702109423576,1.4896547206270143,-0.011903850647011088,0.02128060796943872,-0.09372095503122656,0.3918022055215801,0.17574541045852307,-0.5937564325326817
0.3725,0,0.3725,0.26905089874706006,-1.5072181568650818,0.0018888231566584017,1.4894185574084704,-0.010911368136945104,0.021722637671632093,-0.09521175637879715,0.40219420056250227,0.17787917160282285,-0.5988842064181741
0.375,0,0.375,0.2708566094769061,-1.5072441675550377,0.0019436878497194922,1.4891786511651013,-0.009892828003934864,0.022170007863497276,-0.09671537371952965,0.4126481639198384,0.18001777600044908,-0.6040091677583354
0.3775,0,0.3775,0.2726623202067522,-1.5072675991621314,0.0019996776563212535,1.4889349698660839,-0.008848076376868158,0.022622730456701216,-0.09823179957728191,0.4231632558504297,0.18216106647830593,-0.6091309607301516
0.38,0,0.38,0.2744680309365982,-1.5072883859674755,0.0020568059719473083,1.4886874815003974,-0.007776961483990955,0.023080816969978088,-0.09976102558635429,0.43373863661111633,0.18430888586329744,-0.6142492295106098
0.3825,0,0.3825,0.27627374166644425,-1.5073064618753778,0.002115086220386954,1.4884361540790472,-0.006679333652906798,0.023544278529129395,-0.10130304249148965,0.4443734664587385,0.18646107698232786,-0.6193636182766958
0.385,0,0.385,0.2780794523962903,-1.5073217604185891,0.0021745318527528227,1.4881809556372891,-0.005555045310577447,0.02401312586702385,-0.10285784014787326,0.4550669056501377,0.18861748266230147,-0.6244737712053968
0.3875,0,0.3875,0.2798851631261363,-1.5073342147635516,0.0022351563464985532,1.4879218542368524,-0.004403950983322316,0.024487369323597432,-0.10442540752113294,0.46581811444215443,0.19077794573012233,-0.629579332473699
0.39,0,0.39,0.28169087385598235,-1.507343757715648,0.002296973204436459,1.4876588179681647,-0.0032259072968188335,0.024967018845853412,-0.10600573268733891,0.47662625309162904,0.19294230901269468,-0.6346799462585887
0.3925,0,0.3925,0.28349658458582844,-1.5073503217244488,0.002359995953755197,1.4873918149525749,-0.002020772976102283,0.025452083987862292,-0.10759880283300391,0.48749048185540267,0.19511041533692275,-0.6397752567370527
0.395,0,0.395,0.28530229531567447,-1.507353838888962,0.002424238145037429,1.487120813344578,-0.000788408845565804,0.025942573910761834,-0.109204604255083,0.4984099609903145,0.19728210752971068,-0.6448649080860772
0.3975,0,0.3975,0.2871080060455205,-1.50735424096288,0.0024897133512775003,1.486845781334038,0.00047132217103932895,0.026438497382757064,-0.1108231223609739,0.5093838507532069,0.19945722841796262,-0.649948544482649
0.4,0,0.4,0.28891371677536654,-1.5073514593598294,0.0025564351668991014,1.4865666871484136,0.0017585550506042267,0.026939862779120274,-0.1124543416685167,0.5204113114009199,0.20163562082858283,-0.6550258101037547
0.4025,0,0.4025,0.29071942750521257,-1.5073454251586182,0.0026244172067729386,1.4862834990549794,0.0030734226706619844,0.027446678082191048,-0.11409824580599393,0.5314915031902936,0.20381712758847545,-0.6600963491263802
0.405,0,0.405,0.2925251382350586,-1.5073360691084856,0.0026936731052343995,1.4859961853630517,0.004416055809387723,0.027958950881376142,-0.11575481751213068,0.5426235863781697,0.20600159152454475,-0.6651598057275125
0.40750000000000003,0,0.40750000000000003,0.2943308489649047,-1.5073233216343485,0.0027642165151012263,1.4857047144262123,0.0057865831455989475,0.028476688373149667,-0.11742403863609444,0.5538067212213892,0.20818885546369484,-0.6702158240841382
0.41000000000000003,0,0.41000000000000003,0.2961365596947507,-1.5073071128420517,0.0028360611066911724,1.485409054644532,0.007185131258754867,0.028999897361052938,-0.11910589013749512,0.5650400679767904,0.21037876223282986,-0.6752640483732434
0.41250000000000003,0,0.41250000000000003,0.29794227042459676,-1.5072873725236156,0.0029092205668396877,1.485109174466794,0.008611824628957038,0.029528584255694563,-0.12080035208638519,0.5763227869012161,0.21257115465885412,-0.6803041227718146
0.41500000000000004,0,0.41500000000000004,0.2997479811544428,-1.5072640301624838,0.002983708597917572,1.4848050423927188,0.010066785636949162,0.030062755074750366,-0.12250740366325955,0.5876540382515054,0.21476587556867166,-0.6853356914568387
0.4175,0,0.4175,0.3015536918842888,-1.507237014938773,0.0030595389168486514,1.4844966269751871,0.011550134564116878,0.0306024154429635,-0.12422702315905557,0.5990329822845005,0.21696276778918686,-0.6903583986053018
0.42,0,0.42,0.30335940261413485,-1.5072062557345205,0.003136725254127443,1.4841838968224652,0.013061989592487902,0.031147570592144312,-0.12595918797515307,0.6104587792570412,0.2191616741473038,-0.6953718883941907
0.4225,0,0.4225,0.3051651133439809,-1.5071716811389324,0.0032152813528368244,1.4838668206004266,0.014602466804732326,0.03169822536117042,-0.12770387462337435,0.6219305894259683,0.2213624374699266,-0.7003758050004917
0.425,0,0.425,0.3069708240738269,-1.5071332194536327,0.003295220967665701,1.4835453670347782,0.01617168018416207,0.03225438419598678,-0.12946105872598418,0.6334475730481225,0.22356490058395953,-0.7053697926011914
0.4275,0,0.4275,0.30877653480367295,-1.5070907986979107,0.0033765578639266738,1.4832195049132828,0.017769741614731355,0.03281605114960549,-0.1312307150156898,0.6450088903803435,0.22576890631630678,-0.7103534953732763
0.43,0,0.43,0.310582245533519,-1.507044346613971,0.00345930581657371,1.4828892030879832,0.019396760881036236,0.03338322988210598,-0.13301281733564085,0.6566137016794737,0.22797429749387252,-0.7153265574937328
0.4325,0,0.4325,0.3123879562633651,-1.5069937906721798,0.003543478609219811,1.4825544304774267,0.02105284566831518,0.03395592366063496,-0.13480733863942962,0.6682611672023531,0.23018091694356108,-0.7202886231395477
0.435,0,0.435,0.3141936669932111,-1.5069390580763153,0.00362909003315467,1.482215156068888,0.022738101562448536,0.034534135359406325,-0.1366142509910906,0.6799504472058212,0.2323886074922764,-0.7252393364877069
0.4375,0,0.4375,0.31599937772305714,-1.5068800757688148,0.00371615388636236,1.4818713489205946,0.024452632049958817,0.03511786745970128,-0.13843352556510094,0.6916807019467205,0.2345972119669228,-0.7301783417151976
0.44,0,0.44,0.3178050884529032,-1.5068167704360234,0.0038046839725389844,1.4815229781639485,0.0261965385180107,0.03570712204986829,-0.14026513264638016,0.7034510916818892,0.23680657319440432,-0.7351052829990056
0.4425,0,0.4425,0.3196107991827492,-1.5067490685134428,0.0038946941001103547,1.4811700130057524,0.027969920254410873,0.03630190082532309,-0.14210904163029037,0.7152607766681711,0.23901653400162537,-0.7400198045161178
0.445,0,0.445,0.3214165099125953,-1.506676896190979,0.003986198081249659,1.480812422730432,0.02977287444760814,0.036902205088548634,-0.14396522102263604,0.7271089171624043,0.24122693721549016,-0.744921550443521
0.4475,0,0.4475,0.3232222206424413,-1.5066001794181916,0.004079209730895116,1.4804501767022606,0.03160549618669356,0.03750803574909516,-0.14583363843966404,0.7389946734214307,0.2434376256629026,-0.749810164958201
0.45,0,0.45,0.32502793137228736,-1.506518843909541,0.004173742865767664,1.4800832443675829,0.033467878461400064,0.0381193933235802,-0.1477142606080639,0.7509172057020902,0.24564844217076706,-0.7546852922371449
0.4525,0,0.4525,0.3268336421021334,-1.5064328151496378,0.004269811303388617,1.4797115952570385,0.03536011216210276,0.03873627793568846,-0.14960705336496746,0.7628756742612238,0.24785922956598774,-0.7595465764573388
0.455,0,0.455,0.3286393528319794,-1.5063420183984912,0.004367428861097334,1.4793351989877865,0.03728228607981888,0.039358689316172,-0.1515119816579491,0.7748692393556724,0.25006983067546873,-0.7643936617957694
0.4575,0,0.4575,0.33044506356182546,-1.5062463786967566,0.004466609355068886,1.478954025265729,0.039234486906207885,0.03998662680285011,-0.15342900954502564,0.7868970612422761,0.2522800883261143,-0.7692261924294233
0.46,0,0.46,0.33225077429167155,-1.5061458208709844,0.004567366599331737,1.4785680438877347,0.041216799233571105,0.04062008934060931,-0.15535810019465643,0.798958300177876,0.2544898453448287,-0.7740438125352868
0.4625,0,0.4625,0.3340564850215176,-1.5060402695388688,0.004669714404785379,1.4781772247438631,0.04322930555485214,0.041259075481403416,-0.15729921588574314,0.8110521164193125,0.256698944558516,-0.7788461662903462
0.465,0,0.465,0.3358621957513636,-1.5059296491144956,0.004773666578218046,1.4777815378195889,0.04527208626363651,0.041903583384253464,-0.15925231800762996,0.8231776702234264,0.2589072287940804,-0.7836328978715883
0.4675,0,0.4675,0.33766790648120965,-1.5058138838135908,0.004879236921324347,1.4773809531980246,0.04734521965415223,0.04255361081524778,-0.1612173670601037,0.8353341218470585,0.2611145408784261,-0.7884036514559998
0.47000000000000003,0,0.47000000000000003,0.3394736172110557,-1.5056928976587693,0.0049864392297229495,1.4769754410621463,0.04944878192126885,0.04320915514754199,-0.16319432265339343,0.8475206315470486,0.26332072363845727,-0.7931580712205665
0.47250000000000003,0,0.47250000000000003,0.3412793279409017,-1.5055666144847828,0.00509528729197424,1.476564971697015,0.05158284716049842,0.04387021336135889,-0.16518314350817076,0.8597363595802383,0.26552561990107815,-0.7978958013422758
0.47500000000000003,0,0.47500000000000003,0.3430850386707478,-1.5054349579437682,0.005205794888598006,1.4761495154920035,0.05374748736799513,0.044536782043988636,-0.16718378745554993,0.8719804662034684,0.267729072493193,-0.8026164859981136
0.47750000000000004,0,0.47750000000000004,0.34489074940059383,-1.5052978515104969,0.005317975791091074,1.4757290429430174,0.05594277244055485,0.04520885738978855,-0.16919621143708732,0.8842521116735778,0.2699309242417058,-0.8073197693650664
0.48,0,0.48,0.3466964601304398,-1.5051552184876218,0.005431843760945019,1.4753035246547215,0.05816877017561598,0.045886435200183213,-0.17122037150478195,0.8965504562474091,0.27213101797352074,-0.812005295620121
0.4825,0,0.4825,0.34850217086028584,-1.5050069820109266,0.005547412548663807,1.4748729313427618,0.06042554627125892,0.04656951088366462,-0.17325622282107545,0.9088746601818023,0.2743291965155423,-0.8166727089402637
0.485,0,0.485,0.35030788159013193,-1.5048530650545744,0.005664695892781464,1.4744372338359901,0.0627131643262062,0.047258079455791864,-0.17530371965885172,0.9212238837335982,0.27652530269467446,-0.8213216535024811
0.4875,0,0.4875,0.35211359231997796,-1.504693390436355,0.0057837075188797455,1.4739964030786887,0.06503168583982219,0.047952135539191344,-0.17736281540143714,0.9335972871596365,0.2787191793378215,-0.8259517734837595
0.49,0,0.49,0.353919303049824,-1.5045278808229348,0.005904461138605806,1.4735504101327928,0.06738117021211362,0.04865167336355675,-0.1794334625426005,0.945994030716759,0.2809106692718873,-0.8305627130610854
0.4925,0,0.4925,0.35572501377967003,-1.5043564587351035,0.00602697044868988,1.4730992261801155,0.06976167474372934,0.049356686765648965,-0.18151561268655336,0.9584132746618059,0.28309961532377637,-0.8351541164114457
0.495,0,0.495,0.35753072450951606,-1.5041790465530238,0.006151249129962928,1.472642822524571,0.07217325463596008,0.05006716918929623,-0.18360921654794943,0.9708541792516173,0.28528586032039294,-0.8397256277118265
0.4975,0,0.4975,0.3593364352393621,-1.50399556652148,0.006277310846374317,1.4721811705943988,0.07461596299073861,0.05078311368539395,-0.185714223951885,0.9833159047430354,0.287469247088641,-0.8442768911392146
0.5,0,0.5,0.3611421459692082,-1.5038059407551243,0.006405169244009493,1.4717142419443883,0.07708985081064053,0.051504512911904894,-0.18783058383389886,0.9957976113928999,0.2896496184554249,-0.8488075508705965
0.5025000000000001,0,0.5025000000000001,0.3629478566990542,-1.503610091243728,0.006534837950107629,1.4712420082581013,0.0795949669988827,0.052231359133858964,-0.18995824423997215,1.0082984594580504,0.2918268172476486,-0.8533172510829579
0.505,0,0.505,0.36475356742890025,-1.503407939857428,0.006666330572079318,1.4707644413500967,0.08213135835932422,0.05296364422335343,-0.1920971523265286,1.0208176091953287,0.29400068629221643,-0.8578056359532864
0.5075000000000001,0,0.5075000000000001,0.36655927815874634,-1.503199408351976,0.006799660696524236,1.4702815131681544,0.08469906959646674,0.053701359659552764,-0.1942472543604344,1.033354220861577,0.29617106841603275,-0.8622723496585681
0.51,0,0.51,0.3683649888885923,-1.502984418373986,0.006934841888248777,1.4697931957954993,0.08729814331545356,0.054444496528688706,-0.19640849571899807,1.0459074547136316,0.2983378064460014,-0.8667170363757891
0.5125,0,0.5125,0.37017069961843835,-1.502762891466184,0.0070718876892837835,1.4692994614530244,0.08992862002207036,0.05519304552406031,-0.19858082088997075,1.0584764710083372,0.3005007432090267,-0.8711393402819362
0.515,0,0.515,0.37197641034828444,-1.5025347490726555,0.0072108116179021645,1.4688002825015158,0.09259053812274493,0.05594699694603381,-0.20076417347154604,1.0710604300025333,0.302659721532013,-0.8755389055539962
0.5175,0,0.5175,0.3737821210781304,-1.5022999125440943,0.007351627167636562,1.468295631443876,0.09528393392454672,0.05670634070204275,-0.20295849617235984,1.0836584919530583,0.3048145842418642,-0.879915376368955
0.52,0,0.52,0.3755878318079765,-1.5020583031430506,0.0074943478062970735,1.4677854809273474,0.09800884163518782,0.057471066306587944,-0.2051637308114907,1.0962698171167569,0.30696517416548486,-0.8842683969037997
0.5225,0,0.5225,0.3773935425378225,-1.501809842049179,0.007638986974988838,1.4672698037457372,0.10076529336302206,0.058241162881237395,-0.2073798183184595,1.1088935657504668,0.3091113341297788,-0.8885976113355163
0.525,0,0.525,0.37919925326766857,-1.5015544503644884,0.007785558087129789,1.4667485728416405,0.10355331911704581,0.05901661915462648,-0.20960669873322982,1.1215288981110303,0.3112529069616506,-0.8929026638410918
0.5275,0,0.5275,0.3810049639975146,-1.501292049118589,0.007934074527468254,1.4662217613086646,0.10637294680689705,0.05979742346245773,-0.21184431120620736,1.1341749744552854,0.3133897354880039,-0.8971831985975122
0.53,0,0.53,0.3828106747273607,-1.5010225592739406,0.008084549651100673,1.4656893423936523,0.10922420224285626,0.060583563747501006,-0.21409259399824065,1.146830955040076,0.3155216625357433,-0.9014388597817643
0.5325,0,0.5325,0.38461638545720667,-1.5007459017311022,0.008236996782489212,1.4651512894989067,0.11210710913584522,0.06137502755959335,-0.21635148448062022,1.1594960001222407,0.3176485309317731,-0.9056692915708345
0.535,0,0.535,0.38642209618705275,-1.5004619973339792,0.008391429214479513,1.4646075761844144,0.1150216890974292,0.062171802055639186,-0.21862091913507958,1.172169269958622,0.31977018350299713,-0.9098741381417097
0.5375,0,0.5375,0.38822780691689873,-1.5001707668750728,0.00854786020731826,1.4640581761700697,0.11796796163981403,0.06297387399961006,-0.22090083355379436,1.1848499248060589,0.3218864630763196,-0.9140530436713753
0.54,0,0.54,0.3900335176467448,-1.4998721311007273,0.00870630298767095,1.4635030633378983,0.12094594417584935,0.06378122976254495,-0.22319116243938295,1.1975371249213913,0.323997212478645,-0.9182056523368188
0.5425,0,0.5425,0.39183922837659085,-1.4995660107163793,0.008866770747639464,1.4629422117342814,0.12395565201902527,0.06459385532254991,-0.22549183960490582,1.2102300305614613,0.3261022745368771,-0.9223316083150265
0.545,0,0.545,0.39364493910643694,-1.499252326391806,0.00902927664377982,1.4623755955721796,0.12699709838347475,0.06541173626479835,-0.22780279797386624,1.2229278019831098,0.3282014920779206,-0.9264305557829847
0.5475,0,0.5475,0.3954506498362829,-1.4989309987663735,0.00919383379611977,1.4618031892333563,0.1300702943839727,0.06623485778153093,-0.23012396958020964,1.235629599443177,0.33029470792867927,-0.93050213891768
0.55,0,0.55,0.397256360566129,-1.498601948454285,0.009360455287176547,1.4612249672706024,0.13317524903593658,0.06706320467205562,-0.2324552855683244,1.2483345831985035,0.3323817649160575,-0.9345460018960992
0.5525,0,0.5525,0.399062071295975,-1.4982650960498292,0.009529154160974437,1.4606409044099595,0.13631196925542527,0.06789676134274747,-0.23479667619304073,1.261041913505929,0.3344625058669593,-0.9385617888952279
0.555,0,0.555,0.4008677820258211,-1.4979203621326294,0.009699943422062538,1.460050975552944,0.13948045985914023,0.06873551180704908,-0.23714807081963196,1.2737507506222954,0.33653677360828915,-0.9425491440920535
0.5575,0,0.5575,0.4026734927556671,-1.4975676672728906,0.009872836034532366,1.4594551557787718,0.14268072356442496,0.06957943968547006,-0.23950939792381326,1.286460254804443,0.338604410966951,-0.9465077116635624
0.56,0,0.56,0.4044792034855132,-1.4972069320366492,0.010047844921035555,1.4588534203465806,0.14591276098926467,0.07042852820558738,-0.24188058509174284,1.299169586309213,0.3406652607698492,-0.9504371357867409
0.5625,0,0.5625,0.40628491421535917,-1.4968380769910208,0.010224982961801498,1.4582457446976549,0.14917657065228715,0.07128276020204524,-0.24426155902002086,1.3118779053934444,0.3427191658438876,-0.954337060638575
0.5650000000000001,0,0.5650000000000001,0.40809062494520526,-1.4964610227094481,0.010404262993655072,1.4576321044576497,0.15247214897276223,0.0721421181165552,-0.24665224551569045,1.3245843723139799,0.344765969015971,-0.9582071303960522
0.5675,0,0.5675,0.40989633567505124,-1.496075689776951,0.010585697809034213,1.4570124754388143,0.15579949027060136,0.07300658399789588,-0.24905256949623664,1.3372881473276588,0.3468055131130029,-0.9620469892361585
0.5700000000000001,0,0.5700000000000001,0.4117020464048973,-1.495681998795372,0.010769300155007693,1.4563868336422163,0.15915858676635888,0.07387613950191342,-0.2514624549895876,1.3499883906913213,0.3488376409618878,-0.96585628133588
0.5725,0,0.5725,0.41350775713474336,-1.495279870388628,0.010955082732292688,1.4557551552599657,0.16254942858123025,0.07475076589152095,-0.2538818251341132,1.3626842626618094,0.35086219538953006,-0.9696346508722042
0.5750000000000001,0,0.5750000000000001,0.41531346786458945,-1.4948692252079567,0.011143058194272528,1.4551174166774379,0.16597200373705429,0.07563044403669913,-0.2563106021786266,1.3753749234959636,0.3528790192228337,-0.9733817420221166
0.5775,0,0.5775,0.4171191785944354,-1.494449983937165,0.011333239146014282,1.4544735944754985,0.1694262981563106,0.07651515441449559,-0.2587487074823826,1.3880595334506227,0.3548879552887027,-0.977097198962604
0.58,0,0.58,0.41892488932428146,-1.4940220672978781,0.011525638143286523,1.453823665432727,0.17291229566212174,0.07740487710902552,-0.2611960615150792,1.4007372527826294,0.35688884641404156,-0.9807806658706529
0.5825,0,0.5825,0.42073060005412755,-1.4935853960547876,0.011720267691576922,1.4531676065276407,0.17642997797825252,0.07829959181147113,-0.26365258385685636,1.4134072417488255,0.35888153542575446,-0.9844317869232504
0.585,0,0.585,0.4225363107839735,-1.4931398910208995,0.01191714024510993,1.4525053949409183,0.17997932472910824,0.07919927782008199,-0.2661181931982966,1.4260686606060475,0.3608658651507453,-0.9880502062973822
0.5875,0,0.5875,0.4243420215138196,-1.4926854730627839,0.012116268205864481,1.451837008057624,0.18356031343973922,0.08010391404017504,-0.2685928073404254,1.4387206696111392,0.36284167841591863,-0.991635568170035
0.59,0,0.59,0.4261477322436656,-1.4922220631058214,0.012317663922591605,1.4511624234694314,0.18717291953583443,0.08101347898413416,-0.2710763431947097,1.4513624290209406,0.3648088180481785,-0.9951875167181955
0.5925,0,0.5925,0.4279534429735117,-1.491749582139453,0.012521339689832166,1.4504816189768475,0.1908171163437285,0.08192795077141092,-0.27356871678306005,1.463993099092292,0.3667671268744288,-0.99870569611885
0.595,0,0.595,0.4297591537033577,-1.4912679512224287,0.012727307746934445,1.449794572591436,0.19449287509039484,0.08284730712852376,-0.2760698432378286,1.4766118400820345,0.3687164477215742,-1.0021897505489852
0.5975,0,0.5975,0.4315648644332038,-1.4907770914880543,0.012935580277071887,1.4491012625380424,0.1982001649034515,0.08377152538905863,-0.27857963680181047,1.4892178122470092,0.3706566234165188,-1.0056393241855874
0.6,0,0.6,0.4333705751630498,-1.490276924149441,0.013146169406260712,1.4484016672570168,0.2019389528111566,0.08470058249366857,-0.2810980108282427,1.5018101758440547,0.3725874967861663,-1.0090540612056431
0.6025,0,0.6025,0.43517628589289586,-1.4897673705047538,0.013359087202377645,1.4476957654064382,0.20570920374241214,0.08563445499007409,-0.28362487778080564,1.5143880911300134,0.3745089106574216,-1.0124336057861392
0.605,0,0.605,0.43698199662274184,-1.4892483519424597,0.013574345674177483,1.446983535864338,0.20951088052676145,0.08657311903306276,-0.28616014923362126,1.5269507183617257,0.37642070785718823,-1.0157776021040614
0.6075,0,0.6075,0.43878770735258793,-1.4887197899465756,0.013791956770310901,1.4462649577309246,0.2133439438943897,0.08751655038448956,-0.2887037358712546,1.5394972177960322,0.37832273121237087,-1.019085694336397
0.61,0,0.61,0.44059341808243396,-1.4881816061019175,0.014011932378341986,1.4455400103308071,0.21720835247612444,0.08846472441327656,-0.29125554748871274,1.5520267496897737,0.3802148235498735,-1.0223575266601324
0.6125,0,0.6125,0.44239912881228005,-1.4876337220993487,0.014234284323765995,1.4448086732152186,0.22110406280343572,0.08941761609541331,-0.29381549299144566,1.5645384742997892,0.3820968276966002,-1.0255927432522534
0.615,0,0.615,0.44420483954212603,-1.4870760597410273,0.01445902436902697,1.4440709261642408,0.22503102930843435,0.09037520001395634,-0.2963834803953452,1.5770315518829208,0.38396858647945536,-1.028790988289747
0.6175,0,0.6175,0.4460105502719721,-1.4865085409456562,0.014686164212535463,1.4433267491890276,0.22898920432387512,0.09133745035902975,-0.2989594168267463,1.5895051426960103,0.38582994272534316,-1.0319519059496
0.62,0,0.62,0.4478162610018181,-1.48593108775373,0.014915715487686134,1.4425761225340288,0.23297853808315322,0.09230434092782465,-0.30154320852242594,1.6019584069958963,0.3876807392611675,-1.0350751404087983
0.6225,0,0.6225,0.4496219717316642,-1.4853436223327838,0.015147689761875482,1.4418190266792146,0.2369989787203077,0.09327584512459962,-0.30413476082960395,1.6143905050394205,0.3895208189138331,-1.038160335844329
0.625,0,0.625,0.4514276824615102,-1.4847460669826429,0.01538209853551947,1.4410554423422985,0.24105047227001766,0.0942519359606803,-0.3067339782059421,1.6268005970834225,0.39135002451024353,-1.0412071364331779
0.6275000000000001,0,0.6275000000000001,0.4532333931913563,-1.4841383441406688,0.015618953241071222,1.4402853504809623,0.24513296266760606,0.09523258605445975,-0.30934076421954515,1.6391878433847442,0.3931681988773035,-1.0442151863523321
0.63,0,0.63,0.4550391039212023,-1.48352037638701,0.01585826524203865,1.4395087322950795,0.2492463917490363,0.0962177676313981,-0.3119550215489598,1.6515514042002262,0.3949751848419169,-1.0471841297787778
0.6325000000000001,0,0.6325000000000001,0.45684481465104837,-1.4828920864498483,0.0161000458320022,1.438725569228939,0.25339069925091606,0.09720745252402302,-0.31457665198317586,1.6638904397867078,0.39677082523098794,-1.0501136108895015
0.635,0,0.635,0.45865052538089435,-1.482253397210649,0.016344306233632408,1.4379358429734688,0.257565822810493,0.09820161217192917,-0.31720555642162496,1.6762041104010308,0.3985549628714209,-1.0530032738614898
0.6375000000000001,0,0.6375000000000001,0.46045623611074044,-1.481604231709408,0.016591057597707706,1.4371395354684608,0.2617716979656586,0.09920021762177869,-0.3198416348741819,1.6884915763000363,0.40032744059011993,-1.0558527628717291
0.64,0,0.64,0.46226194684058647,-1.4809445131499006,0.016840311002131948,1.4363366289047945,0.2660082581549446,0.10020323952730079,-0.32248478646116313,1.7007519977405636,0.40208810121398925,-1.0586617220972059
0.6425,0,0.6425,0.46406765757043245,-1.4802741649049305,0.017092077450952176,1.4355271057266594,0.27027543471752646,0.10121064814929197,-0.32513490941332795,1.712984534979454,0.403836787569933,-1.061429795714907
0.645,0,0.645,0.46587336830027853,-1.4795931105215772,0.017346367873376265,1.434710948633781,0.27457315689322115,0.10222241335561624,-0.32779190107187856,1.7251883482735486,0.40557334248485527,-1.0641566279018184
0.6475,0,0.6475,0.46767907903012457,-1.4789012737264446,0.017603193122790562,1.4338881405836437,0.2789013518224877,0.10323850462120451,-0.330455657888459,1.737362597879687,0.4072976087856606,-1.0668418628349272
0.65,0,0.65,0.4694847897599706,-1.4781985784309108,0.01786256397577758,1.433058664793714,0.283259944546427,0.10425889102805518,-0.3331260754251558,1.7495064440547103,0.40900942929925277,-1.069485144691219
0.6525,0,0.6525,0.47129050048981663,-1.477484948736374,0.01812449113113369,1.4322225047436659,0.28764885800678264,0.10528354126523386,-0.3358030483544985,1.7616190470554591,0.41070864685253616,-1.0720861176476815
0.655,0,0.655,0.4730962112196627,-1.476760308939503,0.018388985208886724,1.4313796441776039,0.29206801304594004,0.1063124236288734,-0.33848647045945857,1.7736995671387747,0.41239510427241505,-1.0746444258813002
0.6575,0,0.6575,0.4749019219495087,-1.4760245835374843,0.018656056749313685,1.4305300671062864,0.2965173284069258,0.10734550602217384,-0.3411762346334501,1.785747164561497,0.4140686443857934,-1.077159713569062
0.66,0,0.66,0.4767076326793548,-1.475277697233272,0.01892571621195845,1.429673757809351,0.30099672073341094,0.1083827559554027,-0.3438722328803299,1.7977609995804673,0.4157291100195754,-1.0796316248879536
0.6625,0,0.6625,0.4785133434092008,-1.4745195749408342,0.01919797397464934,1.4288107008375375,0.3055061045697063,0.10942414054589451,-0.3465743563143967,1.809740232452525,0.4173763440006655,-1.082059804014961
0.665,0,0.665,0.48031905413904685,-1.4737501417904029,0.019472840332516887,1.4279408810149112,0.310045392360765,0.11046962651805116,-0.3492824951603922,1.821684023434513,0.41901018915596777,-1.084443895127071
0.6675,0,0.6675,0.4821247648688929,-1.4729693231337218,0.019750325497011452,1.427064283441088,0.3146144944521841,0.11151918020334191,-0.3519965387535004,1.8335915327832695,0.42063048831238625,-1.08678354240127
0.67,0,0.67,0.483930475598739,-1.4721770445492948,0.020030439594920905,1.4261808934934583,0.3192133190902012,0.11257276754030317,-0.3547163755393479,1.8454619207556364,0.42223708429682527,-1.0890783900145444
0.6725,0,0.6725,0.48573618632858495,-1.4713732318476347,0.020313192667388277,1.4252906968294092,0.323841772421696,0.11363035407453849,-0.3574418930740032,1.8572943476084538,0.4238298199361891,-1.0913280821438813
0.675,0,0.675,0.48754189705843104,-1.4705578110765105,0.02059859466892947,1.4243936793885508,0.3284997584941911,0.11469190495871893,-0.3601729780239782,1.8690879735985628,0.4254085380573817,-1.0935322629662663
0.6775,0,0.6775,0.4893476077882771,-1.4697307085261977,0.020886655466450858,1.423489827394938,0.33318717925585073,0.11575738495258268,-0.3629095161662263,1.8808419589828032,0.42697308148730734,-1.0956905766586866
0.68,0,0.68,0.4911533185181231,-1.4688918507347246,0.021177384838267033,1.4225791273592951,0.33790393455548084,0.11682675842293516,-0.365651392388144,1.8925554640180176,0.42852329305287035,-1.0978026673981283
0.6825,0,0.6825,0.49295902924796914,-1.4680411644931224,0.021470792473118422,1.4216615660812413,0.3426499221425306,0.11789998934364913,-0.3683984906875703,1.9042276489610452,0.43005901558097487,-1.099868179361578
0.685,0,0.685,0.4947647399778152,-1.4671785768506724,0.02176688796918896,1.420737130651511,0.3474250376670901,0.1189770412956646,-0.37115069417278623,1.9158576740687263,0.431580091898525,-1.1018867567260224
0.6875,0,0.6875,0.4965704507076612,-1.4663040151201552,0.022065680833123744,1.419805808454182,0.35222917467989207,0.12005787746698872,-0.3739078850625154,1.9274446995979013,0.4330863648324246,-1.1038580436684478
0.6900000000000001,0,0.6900000000000001,0.4983761614375073,-1.4654174068830983,0.022367180479046796,1.4188675871688958,0.35706222463231174,0.12114246065269613,-0.3766699446859243,1.938987885805412,0.4345776772095786,-1.1057816843658408
0.6925,0,0.6925,0.5001818721673533,-1.4645186799950256,0.022671396227578577,1.4179224547730833,0.36192407687636524,0.12223075325492846,-0.3794367534826212,1.9504863929481004,0.43605387185689076,-1.1076573229951876
0.6950000000000001,0,0.6950000000000001,0.5019875828971994,-1.4636077625907045,0.022978337304853796,1.4169703995441885,0.36681461866471216,0.12332271728289475,-0.38220819100265757,1.9619393812828034,0.4375147916012651,-1.1094846037334751
0.6975,0,0.6975,0.5037932936270454,-1.4626845830893958,0.023288012841538974,1.4160114100618921,0.3717337351506534,0.12441831435287137,-0.38498413590652686,1.973346011066365,0.4389602792696064,-1.1112631707576897
0.7000000000000001,0,0.7000000000000001,0.5055990043568914,-1.4617490702001001,0.023600431871850187,1.4150454752103356,0.37668130938813177,0.12551750568820183,-0.38776446596516506,1.9847054425556245,0.44039017768881805,-1.1129926682448177
0.7025,0,0.7025,0.5074047150867375,-1.4608011529268083,0.023915603332570704,1.4140725841803448,0.38165722233173344,0.12662025211929692,-0.3905490580599508,1.9960168360074202,0.44180432968580463,-1.1146727403718457
0.705,0,0.705,0.5092104258165835,-1.4598407605737487,0.024233536062068625,1.4130927264716544,0.3866613528366853,0.12772651408363478,-0.393337788182705,2.007279351678597,0.4432025780874704,-1.1163030313157598
0.7075,0,0.7075,0.5110161365464295,-1.4588678227506355,0.02455423879931461,1.4121058918951315,0.39169357765885665,0.12883625162576068,-0.3961305314356912,2.018492149825993,0.4445847657207199,-1.1178831852535478
0.71,0,0.71,0.5128218472762756,-1.4578822693779179,0.02487772018289951,1.4111120705749989,0.39675377145475904,0.12994942439728704,-0.39892716203161505,2.029654390706451,0.44595073541245667,-1.1194128463621953
0.7125,0,0.7125,0.5146275580061217,-1.4568840306920277,0.025203988750052052,1.4101112529510602,0.40184180678154735,0.13106599165689412,-0.4017275532936254,2.0407652345768086,0.447300329989585,-1.1208916588186881
0.715,0,0.715,0.5164332687359676,-1.4558730372506279,0.02553305293565641,1.409103429780923,0.4069575540970154,0.13218591227032858,-0.40453157765531256,2.051823841693908,0.4486333922790093,-1.1223192668000137
0.7175,0,0.7175,0.5182389794658138,-1.4548492199378615,0.02586492107127014,1.4080885921422226,0.41210088175960313,0.13330914471040514,-0.4073391066607104,2.0628293723145914,0.44994976510763385,-1.1236953144831587
0.72,0,0.72,0.5200446901956597,-1.4538125099695998,0.026199601384141458,1.4070667314348462,0.4172716560283886,0.13443564705700517,-0.4101500109642939,2.0737809866956947,0.4512492913023622,-1.1250194460451086
0.7225,0,0.7225,0.5218504009255058,-1.4527628388986897,0.026537101996227302,1.406037839383157,0.42246974106309576,0.1355653769970778,-0.4129641603309823,2.0846778450940655,0.45253181369009954,-1.126291305662851
0.725,0,0.725,0.5236561116553519,-1.451700138620204,0.02687743092321069,1.405001908038218,0.4276949989240878,0.136698291824639,-0.41578142363613574,2.095519107766538,0.4537971750977492,-1.1275105375133714
0.7275,0,0.7275,0.5254618223851979,-1.4506243413766882,0.02722059607351855,1.4039589297800148,0.432947289572371,0.13783434844077216,-0.4186016688655572,2.106303934969956,0.45504521835221595,-1.1286767857736577
0.73,0,0.73,0.5272675331150439,-1.4495353797634098,0.027566605247339393,1.4029088973196817,0.4382264708695938,0.13897350335362815,-0.4214247631154929,2.11703148696116,0.4562757862804036,-1.1297896946206953
0.7325,0,0.7325,0.52907324384489,-1.448433186733606,0.027915466135640887,1.4018518037017234,0.44353239857804716,0.1401157126784247,-0.42425057259263055,2.1277009239969904,0.45748872170921645,-1.1308489082314703
0.735,0,0.735,0.530878954574736,-1.4473176956037328,0.028267186319187617,1.4007876423062402,0.44886492636066355,0.14126093213744717,-0.4270789626141008,2.1383114063342865,0.4586838674655582,-1.1318540707829703
0.7375,0,0.7375,0.532684665304582,-1.4461888400587128,0.02862177326755868,1.3997164068511516,0.45422390578101696,0.14240911706004786,-0.4299097976074768,2.1488620942298913,0.4598610663763342,-1.1328048264521813
0.74,0,0.74,0.5344903760344281,-1.4450465541571844,0.02897923433816543,1.3986380913944199,0.4596091863033254,0.1435602223826466,-0.43274294111077405,2.159352147940645,0.46102016126844797,-1.1337008194160896
0.7425,0,0.7425,0.5362960867642742,-1.443890772336749,0.029339576775269095,1.3975526903362743,0.46502061529244754,0.14471420264873033,-0.4355782557724504,2.1697807277233867,0.4621609949688033,-1.1345416938516821
0.745,0,0.745,0.5381017974941201,-1.4427214294192203,0.029702807708998358,1.396460198421435,0.4704580380138833,0.14587101200885325,-0.4384156033514062,2.180146993834958,0.46328341030430475,-1.1353270939359446
0.7475,0,0.7475,0.5399075082239663,-1.4415384606158723,0.03006893415436732,1.395360610741337,0.47592129763377694,0.1470306042206369,-0.4412548447169849,2.1904501065321993,0.4643872501018567,-1.1360566638458647
0.75,0,0.75,0.5417132189538122,-1.4403418015326888,0.03043796301029274,1.3942539227363535,0.481410235218913,0.14819293264876998,-0.44409583984897116,2.2006892260719497,0.4654723571883632,-1.1367300477584283
0.7525000000000001,0,0.7525000000000001,0.5435189296836583,-1.439131388175609,0.030809901058612178,1.3931401301980202,0.48692468973671926,0.14935795026500862,-0.44693844783759334,2.210863512711053,0.4665385743907284,-1.1373468898506216
0.755,0,0.755,0.5453246404135044,-1.4379071569557795,0.031184754963101163,1.3920192292712597,0.4924644980552653,0.15052560964817602,-0.44978252688352155,2.220972126706349,0.4675857445358565,-1.1379068342994314
0.7575000000000001,0,0.7575000000000001,0.5471303511433504,-1.4366690446947998,0.03156253126849132,1.3908912164566043,0.4980294949432617,0.15169586298416263,-0.4526279342978684,2.231014228314677,0.46861371045065153,-1.1384095252818445
0.76,0,0.76,0.5489360618731964,-1.4354169886299726,0.03194323639948771,1.3897560886124207,0.5036195130700635,0.1528686620659264,-0.4554745265021895,2.240988977792879,0.46962231496201806,-1.1388546069748466
0.7625000000000001,0,0.7625000000000001,0.5507417726030425,-1.4341509264195507,0.03232687665978669,1.3886138429571335,0.5092343830056653,0.15404395829349224,-0.45832215902848233,2.250895535397794,0.47061140089685993,-1.1392417235554255
0.765,0,0.765,0.5525474833328885,-1.4328707961479863,0.03271345823109349,1.38746447707145,0.5148739332207054,0.15522170267395266,-0.4611706865191872,2.260733061386264,0.4715808110820814,-1.139570519200566
0.7675000000000001,0,0.7675000000000001,0.5543531940627345,-1.4315765363311796,0.0331029871721399,1.3863079889005818,0.5205379900864635,0.1564018458214671,-0.4640199627271864,2.270500716015129,0.4725303883445866,-1.139840638087256
0.77,0,0.77,0.5561589047925806,-1.430268085921727,0.03349546941770197,1.385144376756472,0.5262263778748619,0.1575843379572624,-0.46686984051580543,2.2801976595412303,0.47345997551128016,-1.1400517243924815
0.7725,0,0.7725,0.5579646155224266,-1.428945384314168,0.033890910777617606,1.3839736393200162,0.5319389187584646,0.15876912890963274,-0.4697201718588118,2.2898230522214087,0.4743694154090657,-1.140203422293229
0.775,0,0.775,0.5597703262522726,-1.4276083713502359,0.03428931693580433,1.3827957756432878,0.5376754328104781,0.1599561681139393,-0.4725708078404153,2.2993760543125044,0.4752585508648477,-1.1402953759664853
0.7775,0,0.7775,0.5615760369821187,-1.426256987324105,0.03469069344927685,1.3816107851517616,0.5434357380047499,0.16114540461261098,-0.47542159865526873,2.3088558260713565,0.47612722470553026,-1.140327229589236
0.78,0,0.78,0.5633817477119647,-1.42489117298764,0.03509504574716484,1.3804186676465382,0.5492196502157716,0.1623367870551435,-0.4782723936084669,2.318261527754809,0.4769752797580175,-1.140298627338469
0.7825,0,0.7825,0.5651874584418107,-1.4235108695556415,0.035502379129730505,1.3792194233065664,0.5550269832186752,0.1635302636981,-0.4811230411155473,2.3275923196196993,0.47780255884921374,-1.140209213391169
0.785,0,0.785,0.5669931691716569,-1.4221160187110984,0.035912698767386314,1.3780130526908692,0.5608575486892358,0.16472578240511093,-0.4839733887024899,2.336847361922872,0.4786089048060232,-1.1400586319243238
0.7875,0,0.7875,0.5687988799015028,-1.4207065626104338,0.036326009699712586,1.3767995567407656,0.566711156203869,0.1659232906468739,-0.48682328300571676,2.3460258149211612,0.47939416045534994,-1.1398465271149198
0.79,0,0.79,0.5706045906313489,-1.419282443888753,0.036742316834475375,1.3755789367820965,0.5725876132396353,0.1671227355011539,-0.48967256977209317,2.3551268388714117,0.4801581686240981,-1.139572543139943
0.7925,0,0.7925,0.572410301361195,-1.4178436056650947,0.037161624946643754,1.3743511945274467,0.5784867251742333,0.168324063652783,-0.49252109385892623,2.3641495940304678,0.48090077213917215,-1.1392363241763808
0.795,0,0.795,0.574216012091041,-1.416389991547676,0.037583938677407905,1.3731163320783704,0.5844082952860086,0.1695272213936607,-0.49536869923396526,2.373093240655162,0.48162181382747593,-1.1388375144012184
0.7975,0,0.7975,0.576021722820887,-1.4149215456391429,0.038009262533196475,1.3718743519276135,0.5903521247539448,0.17073215462275387,-0.4982152289754033,2.3819569390023405,0.4823211365159138,-1.1383757579914429
0.8,0,0.8,0.5778274335507331,-1.4134382125418181,0.03843760088469445,1.3706252569613393,0.5963180126576697,0.17193880884609616,-0.5010605252718745,2.3907398493288445,0.48299858303139,-1.1378506991240414
0.8025,0,0.8025,0.5796331442805791,-1.4119399373629495,0.03886895796586067,1.369369050461351,0.6023057559774524,0.1731471291767891,-0.5039044294224563,2.3994411318915128,0.48365399620080873,-1.137261981976
0.805,0,0.805,0.5814388550104251,-1.4104266657199585,0.03930333787294558,1.3681057361073161,0.6083151495942046,0.17435706033500104,-0.5067467818366682,2.4080599469471817,0.48428721885107384,-1.1366092507243044
0.8075,0,0.8075,0.5832445657402712,-1.4088983437456881,0.03974074456350887,1.36683531797899,0.6143459862894797,0.1755685466479675,-0.5095874220344723,2.4165954547527004,0.48489809380909005,-1.135892149545942
0.81,0,0.81,0.5850502764701172,-1.4073549180936522,0.04018118185543722,1.3655578005584408,0.6203980567454733,0.17678153204999197,-0.5124261886462732,2.425046815564903,0.4854864639017614,-1.1351103226178996
0.8125,0,0.8125,0.5868559871999632,-1.4057963359432828,0.040624653425961776,1.3642731887322717,0.626471149545024,0.17799596008244434,-0.5152629194129179,2.433413189640636,0.48605217195599165,-1.1342634141171628
0.8150000000000001,0,0.8150000000000001,0.5886616979298094,-1.4042225450051795,0.04107116281067609,1.3629814877938462,0.6325650511716108,0.1792117738937623,-0.518097451185696,2.441693737236735,0.4865950607986854,-1.1333510682207184
0.8175,0,0.8175,0.5904674086596553,-1.4026334935263571,0.041520713402553464,1.361682703445512,0.6386795460093551,0.18042891623945057,-0.5209296199263392,2.4498876186100382,0.48711497325674674,-1.1323729291055529
0.8200000000000001,0,0.8200000000000001,0.5922731193895014,-1.4010291302954945,0.04197330845096504,1.360376841800823,0.6448144163430224,0.18164732948208123,-0.5237592607070223,2.457993994017395,0.48761175215707997,-1.1313286409486534
0.8225,0,0.8225,0.5940788301193475,-1.3994094046481824,0.04242895106069697,1.3590639093867665,0.6509694423580183,0.18286695559129368,-0.5265862077103619,2.4660120237156398,0.4880852403265889,-1.1302178479270046
0.8250000000000001,0,0.8250000000000001,0.5958845408491935,-1.3977742664721733,0.0428876441909685,1.3577439131459834,0.6571444021403903,0.18408773614379434,-0.5294102942294174,2.4739408679616157,0.48853528059217816,-1.1290401942175958
0.8275,0,0.8275,0.5976902515790395,-1.3961236662126273,0.0433493906544494,1.3564168604389952,0.66333907167683,0.18530961232335705,-0.5322313526676908,2.4817796870121613,0.4889617157807518,-1.1277953239974121
0.8300000000000001,0,0.8300000000000001,0.5994959623088856,-1.3944575548773628,0.04381419311627778,1.355082759046426,0.6695532248546692,0.18653252492082292,-0.5350492145391265,2.4895276411241167,0.4893643887192137,-1.1264828814434384
0.8325,0,0.8325,0.6013016730387316,-1.3927758840421045,0.0442820540930776,1.353741617171227,0.6757866334618822,0.18775641433410042,-0.5378637104681107,2.497183890554327,0.48974314223446863,-1.1251025107326638
0.835,0,0.835,0.6031073837685776,-1.39107860585573,0.04475297595197652,1.3523934434409004,0.682039067187087,0.18898122056816505,-0.5406746701894732,2.5047475955596283,0.4900978191534202,-1.1236538560420726
0.8375,0,0.8375,0.6049130944984237,-1.3893656730455213,0.045226960909623366,1.3510382469097235,0.6883102936195405,0.19020688323505971,-0.5434819225484855,2.512217916396862,0.4904282623029728,-1.122136561548653
0.84,0,0.84,0.6067188052282697,-1.38763703892241,0.045704011031206006,1.3496760370609722,0.6946000782491446,0.1914333415538945,-0.5462852955008615,2.5195940133228714,0.4907343145100311,-1.1205502714293916
0.8425,0,0.8425,0.6085245159581157,-1.3858926573862276,0.04618412822946884,1.348306823809145,0.7009081844664431,0.19266053435084685,-0.5490846161127583,2.5268750465944936,0.49101581860149834,-1.1188946298612727
0.845,0,0.845,0.6103302266879618,-1.3841324829309536,0.04666731426373062,1.346930617502187,0.7072343735626192,0.19388840005916133,-0.5518797105607746,2.534060176468575,0.4912726174042796,-1.1171692810212852
0.8475,0,0.8475,0.6121359374178078,-1.382356470649964,0.04715357073890195,1.3455474289237137,0.7135784047295021,0.1951168767191501,-0.5546704041319523,2.5411485632019484,0.4915045537452786,-1.1153738690864148
0.85,0,0.85,0.6139416481476538,-1.3805645762412784,0.04764289910450316,1.3441572692952353,0.719940035059559,0.19634590197819204,-0.557456521223775,2.5481393670514607,0.49171147045139957,-1.1135080382336475
0.8525,0,0.8525,0.6157473588775,-1.3787567560128107,0.04813530065368178,1.3427601502783797,0.7263190195459039,0.1975754130907338,-0.5602378853441699,2.5550317482739486,0.4918932103495466,-1.1115714326399697
0.855,0,0.855,0.6175530696073459,-1.3769329668876158,0.048630776522230246,1.3413560839771173,0.7327151110822872,0.1988053469182889,-0.5630143191115052,2.561824867126254,0.49204961626662425,-1.1095636964823692
0.8575,0,0.8575,0.619358780337192,-1.3750931664091375,0.049129327687603794,1.3399450829399844,0.7391280604631071,0.20003563992943846,-0.5657856442545927,2.568517883865219,0.4921805310295365,-1.1074844739378311
0.86,0,0.86,0.621164491067038,-1.373237312746459,0.0496309549679377,1.338527160162307,0.7455576163833993,0.20126622819983048,-0.5685516816126859,2.575109958747684,0.49228579746518747,-1.105333409183343
0.8625,0,0.8625,0.6229702017968841,-1.3713653646995494,0.050135659021065475,1.3371023290884256,0.7520035254388456,0.20249704741218075,-0.5713122511354817,2.5816002520304866,0.4923652584004815,-1.1031101463958901
0.865,0,0.865,0.6247759125267301,-1.3694772817045135,0.050643440343535996,1.3356706036139177,0.7584655321257662,0.20372803285627172,-0.5740671718831187,2.5879879239704717,0.4924187566623226,-1.1008143297524604
0.8675,0,0.8675,0.6265816232565762,-1.3675730238388386,0.05115429926963159,1.3342319980878223,0.7649433788411261,0.20495911942895353,-0.5768162620261783,2.594272134824476,0.4924461350776149,-1.0984456034300387
0.87,0,0.87,0.6283873339864222,-1.3656525518266445,0.05166823597038543,1.332786527314865,0.7714368058825309,0.20619024163414348,-0.579559338845684,2.600452044849343,0.49244723647326294,-1.0960036116056135
0.8725,0,0.8725,0.6301930447162682,-1.3637158270439307,0.05218525045259946,1.3313342065576794,0.7779455514482296,0.20742133358282588,-0.5822962187331022,2.606526814301911,0.49242190367617045,-1.0934879984561694
0.875,0,0.875,0.6319987554461143,-1.3617628115238258,0.05270534255786177,1.3298750515390332,0.7844693516371113,0.2086523289930528,-0.5850267171903414,2.6124956034390263,0.4923699795132421,-1.0908984081586952
0.8775000000000001,0,0.8775000000000001,0.6338044661759603,-1.3597934679618346,0.053228511961564515,1.3284090784440512,0.791007940448709,0.20988316118994305,-0.587750648829753,2.6183575725175188,0.4922913068113814,-1.088234484890174
0.88,0,0.88,0.6356101769058063,-1.357807759721088,0.053754758171921435,1.3269363039224389,0.7975610497831973,0.21111376310568297,-0.5904678273741306,2.624111881794239,0.4921857283974936,-1.0854958728275952
0.8825000000000001,0,0.8825000000000001,0.6374158876356525,-1.3558056508375904,0.05428408052898563,1.325456745090707,0.8041284094413932,0.2123440672795263,-0.5931780656567104,2.629757691526025,0.4920530870984819,-1.0826822161479444
0.885,0,0.885,0.6392215983654984,-1.3537871060254685,0.05481647820366699,1.3239704195343958,0.8107097471247541,0.2135740058577936,-0.5958811756211703,2.6352941619697168,0.4918932257412508,-1.079793159028208
0.8875000000000001,0,0.8875000000000001,0.6410273090953446,-1.351752090682219,0.05535195019675035,1.3224773453102967,0.8173047884353816,0.2148035105938731,-0.598576968321632,2.6407204533821553,0.49170598715270497,-1.0768283456453729
0.89,0,0.89,0.6428330198251906,-1.3497005708939582,0.055890495337912516,1.320977540948679,0.8239132568760191,0.21603251284822006,-0.6012652539226586,2.6460357260201777,0.4914912141597477,-1.0737874201764248
0.8925000000000001,0,0.8925000000000001,0.6446387305550366,-1.3476325134406695,0.056432112284740515,1.3194710254555124,0.8305348738500515,0.21726094358835724,-0.6039458416992565,2.6512391401406292,0.4912487495892838,-1.0706700267983504
0.895,0,0.895,0.6464444412848827,-1.3455478858014518,0.05697679952174889,1.3179578183146905,0.8371693586615052,0.21848873338887434,-0.6066185400368735,2.656329856000347,0.49097843626821736,-1.0674758096881363
0.8975,0,0.8975,0.6482501520147286,-1.3434466561597687,0.05752455535939746,1.316437939490256,0.8438164285150493,0.21971581243142843,-0.609283156431401,2.661307033856175,0.49068011702345216,-1.06420441302277
0.9,0,0.9,0.6500558627445747,-1.3413287934086955,0.05807537793310924,1.3149114094286227,0.8504757985159969,0.22094211050474427,-0.6119394974891723,2.666169833964953,0.49035363468189325,-1.0608554809792368
0.9025,0,0.9025,0.6518615734744208,-1.3391942671561692,0.058629265202287596,1.313378249060802,0.857147181670299,0.22216755700461305,-0.6145873689269631,2.6709174165835226,0.48999883207044403,-1.0574286577345233
0.905,0,0.905,0.6536672842042668,-1.3370430477302357,0.05918621494933438,1.3118384798046239,0.8638302888845536,0.2233920809338939,-0.6172265755719915,2.6755489419687195,0.48961555201600904,-1.0539235874656159
0.9075,0,0.9075,0.6554729949341128,-1.3348751061842987,0.05974622477866743,1.3102921235669631,0.8705248289659964,0.2246156109025131,-0.6198569213619185,2.680063570377389,0.48920363734549216,-1.0503399143495018
0.91,0,0.91,0.6572787056639589,-1.3326904143023683,0.06030929211573814,1.3087392027459621,0.877230508622507,0.22583807512746376,-0.6224782093448471,2.6844604620663715,0.4887629308857982,-1.0466772825631676
0.9125,0,0.9125,0.6590844163938049,-1.3304889446043082,0.060875414206049305,1.3071797402332548,0.8839470324626091,0.22705940143280684,-0.6250902416793233,2.6887387772925058,0.48829327546383067,-1.0429353362835987
0.915,0,0.915,0.6608901271236509,-1.3282706703510863,0.06144458811417267,1.3056137594161905,0.8906741029954647,0.22827951724967016,-0.6276928196343349,2.692897676312633,0.487794513906494,-1.0391137196877829
0.9175,0,0.9175,0.662695837853497,-1.3260355655500207,0.06201681072276667,1.3040412841800584,0.8974114206308814,0.2294983496162489,-0.6302857435893128,2.696936319383596,0.4872664890406926,-1.0352120769527053
0.92,0,0.92,0.6645015485833431,-1.3237836049600291,0.06259207873159403,1.3024623389103107,0.9041586836793055,0.23071582517780564,-0.6328688130341298,2.7008538667622313,0.4867090436933303,-1.0312300522553535
0.9225,0,0.9225,0.666307259313189,-1.3215147640968787,0.06317038865653934,1.300876948494788,0.9109155883518287,0.23193187018666997,-0.6354418265691018,2.704649478705382,0.4861220206913119,-1.0271672897727135
0.925,0,0.925,0.6681129700430352,-1.319229019238432,0.0637517368286272,1.2992851383259398,0.9176818287601841,0.2331464105022391,-0.6380045819049867,2.70832231546989,0.4855052628615407,-1.0230234336817718
0.9275,0,0.9275,0.6699186807728811,-1.3169263474298962,0.0643361193930391,1.297686934303053,0.9244570969167437,0.23435937159097703,-0.6405568758629847,2.7118715373125934,0.4848586130309215,-1.0187981281595149
0.93,0,0.93,0.6717243915027272,-1.3146067264890722,0.06492353230813191,1.296082362834472,0.9312410827345257,0.23557067852641542,-0.6430985043747388,2.715296304490335,0.4841819140263583,-1.0144910173829298
0.9325,0,0.9325,0.6735301022325733,-1.3122701350116026,0.06551397134445487,1.2944714508398247,0.9380334740271885,0.23678025598915298,-0.6456292624823349,2.718595777259955,0.4834750086747551,-1.0101017455290027
0.935,0,0.935,0.6753358129624193,-1.3099165523762202,0.06610743208376774,1.2928542257522455,0.9448339565090332,0.23798802826685572,-0.6481489443383004,2.721769115878292,0.4827377398030168,-1.00562995677472
0.9375,0,0.9375,0.6771415236922653,-1.3075459587499958,0.06670390991805816,1.291230715520599,0.9516422137950016,0.239193919254257,-0.6506573432056056,2.7248154806021874,0.4819699502380466,-1.0010752952970676
0.9400000000000001,0,0.9400000000000001,0.6789472344221114,-1.3051583350935871,0.06730340004855952,1.2896009486117053,0.9584579274006795,0.24039785245315737,-0.6531542514576636,2.7277340316884824,0.4811714828067494,-0.9964374052730328
0.9425,0,0.9425,0.6807529451519574,-1.3027536631664876,0.0679058974847685,1.2879649540125624,0.9652807767422932,0.24159975097242456,-0.6556394605783294,2.7305239293940193,0.48034218033602916,-0.9917159308796022
0.9450000000000001,0,0.9450000000000001,0.6825586558818034,-1.3003319255322734,0.06851139704346278,1.28632276123257,0.9721104391367128,0.2427995375279937,-0.6581127611619011,2.733184333975638,0.47948188565279004,-0.9869105162937621
0.9475,0,0.9475,0.6843643666116495,-1.2978931055638538,0.06911989334771879,1.284674400305755,0.9789465898014488,0.24399713444286714,-0.660573942913119,2.7357144056901777,0.47859044158393643,-0.982020805692499
0.9500000000000001,0,0.9500000000000001,0.6861700773414956,-1.2954371874487174,0.06973138082592922,1.283019901792994,0.9857889018546555,0.24519246364711447,-0.663022794647165,2.738113304794479,0.47766769095637207,-0.9770464432527989
0.9525,0,0.9525,0.6879757880713415,-1.2929641561941827,0.0703458537108207,1.2813592967842375,0.9926370463151263,0.2463854466778725,-0.665459104289665,2.7403801915453836,0.4767134765970017,-0.9719870731516494
0.9550000000000001,0,0.9550000000000001,0.6897814988011877,-1.2904739976326447,0.07096330603847173,1.2796926169007339,0.9994906921023017,0.24757600467934548,-0.6678826588766864,2.74251422619973,0.4757276413327288,-0.9668423395660352
0.9575,0,0.9575,0.6915872095310336,-1.2879666984268239,0.07158373164732998,1.2780198942972536,1.0063495060362582,0.2487640584028045,-0.6702932445547388,2.7445145690143637,0.47471002799045864,-0.9616118866729447
0.96,0,0.96,0.6933929202608796,-1.2854422460750154,0.07220712417723026,1.276341161664312,1.0132131528377208,0.24994952820658836,-0.6726906465807755,2.7463803802461215,0.4736604793970942,-0.9562953586493638
0.9625,0,0.9625,0.6951986309907258,-1.282900628916336,0.07283347706841198,1.2746564522303954,1.0200812951280511,0.25113233405610313,-0.6750746493221911,2.748110820151844,0.47257883837954073,-0.9508923996722777
0.965,0,0.965,0.6970043417205717,-1.2803418361359746,0.07346278356053684,1.2729657997641821,1.0269535934292553,0.25231239552382173,-0.677445036256823,2.7497050489883725,0.47146494776470144,-0.9454026539186755
0.9675,0,0.9675,0.6988100524504178,-1.2777658577704372,0.07409503669170678,1.2712692385767685,1.0338297061639827,0.2534896317892847,-0.6798015899729516,2.7511622270125478,0.47031865037948106,-0.9398257655655409
0.97,0,0.97,0.7006157631802639,-1.2751726847127989,0.07473022929748116,1.2695668035238925,1.0407092896555223,0.2546639616390996,-0.6821440921692988,2.7524815144812127,0.4691397890507838,-0.9341613787898627
0.9725,0,0.9725,0.7024214739101099,-1.2725623087179505,0.07536835400989489,1.2678585300081562,1.0475919981278068,0.25583530346694144,-0.6844723236550296,2.753662071651204,0.46792820660551404,-0.9284091377686255
0.975,0,0.975,0.7042271846399559,-1.269934722407847,0.07600940325647577,1.2661444539812519,1.0544774837054103,0.25700357527355244,-0.6867860643497516,2.7547030587793624,0.4666837458705753,-0.9225686866788171
0.9775,0,0.9775,0.706032895369802,-1.2672899192767562,0.07665336925926237,1.2644246119461835,1.061365396413549,0.258168694666742,-0.6890850932835141,2.755603636122533,0.4654062496728723,-0.9166396696974237
0.98,0,0.98,0.707838606099648,-1.2646278936965074,0.0773002440338216,1.2626990409594931,1.0682553841780824,0.25933057886138694,-0.6913691885968095,2.756362963937552,0.4640955608393088,-0.9106217310014316
0.9825,0,0.9825,0.709644316829494,-1.2619486409217386,0.07795001938826639,1.2609677786334827,1.0751470928255105,0.2604891446794311,-0.693638127540573,2.7569802024812633,0.4627515221967895,-0.9045145147678277
0.985,0,0.985,0.7114500275593401,-1.2592521570951467,0.07860268692227333,1.259230863138439,1.0820401660829773,0.2616443085498858,-0.6958916864761816,2.757454512010505,0.4613739765722184,-0.8983176651735973
0.9875,0,0.9875,0.7132557382891862,-1.2565384392527337,0.07925823802610049,1.2574883332048574,1.0889342455782656,0.26279598650882957,-0.6981296408754549,2.757785052782119,0.4599627667924997,-0.8920308263957284
0.99,0,0.99,0.7150614490190321,-1.2538074853290582,0.07991666387960475,1.2557402281256655,1.095828970839804,0.2639440941994082,-0.7003517653206547,2.757970985052944,0.45851773568453763,-0.8856536426112072
0.9925,0,0.9925,0.7168671597488783,-1.2510592941624803,0.08057795545125998,1.253986587758447,1.1027239792966606,0.2650885468718346,-0.7025578335044862,2.758011469079823,0.4570387260752356,-0.8791857579970191
0.995,0,0.995,0.7186728704787242,-1.2482938655004125,0.0812421034971741,1.2522274525276669,1.1096189062785462,0.26622925938338887,-0.7047476182300959,2.7579056651195986,0.4555255807914995,-0.872626816730153
0.9975,0,0.9975,0.7204785812085703,-1.2455112000045663,0.0819090985601074,1.2504628634268926,1.1165133850158167,0.26736614619841903,-0.706920891411074,2.757652733429108,0.4539781426602323,-0.8659764629875921
1.0,0,1.0,0.7222842919384164,-1.2427112992562028,0.08257893096848956,1.2486928620210205,1.1234070466394643,0.2684991213883396,-0.7090774240714517,2.7572518342651917,0.4523962545083378,-0.8592343409463253
1.0025,0,1.0025,0.7240900026682623,-1.2398941657613796,0.08325159083543776,1.2469174904484992,1.1302995201811283,0.2696280986316326,-0.711216986345704,2.75670212788469,0.45077975916272117,-0.8524000947833387
1.0050000000000001,0,1.0050000000000001,0.7258957133981084,-1.2370598029561972,0.08392706805777439,1.2451367914235516,1.1371904325730886,0.27075299121384755,-0.7133393474787478,2.7560027745444438,0.4491284994502858,-0.845473368675617
1.0075,0,1.0075,0.7277014241279545,-1.2342082152120526,0.08460535231504426,1.2433508082384022,1.1440794086482649,0.2718737120276008,-0.7154442758259422,2.7551529345012953,0.44744231819793634,-0.838453806800149
1.01,0,1.01,0.7295071348578005,-1.2313394078408837,0.08528643306853265,1.2415595847654974,1.150966071140223,0.2729901735725764,-0.7175315388530895,2.754151768012086,0.44572105823257724,-0.8313410533339209
1.0125,0,1.0125,0.7313128455876465,-1.2284533871004175,0.085970299560283,1.2397631654597319,1.1578500406831678,0.2741022879555253,-0.7196009031364339,2.752998435333658,0.4439645623811123,-0.8241347524539187
1.0150000000000001,0,1.0150000000000001,0.7331185563174927,-1.225550160199421,0.08665694081211442,1.2379615953606713,1.164730935811947,0.2752099668902659,-0.7216521343626618,2.7516920967228473,0.4421726734704458,-0.8168345483371285
1.0175,0,1.0175,0.7349242670473387,-1.2226297353029483,0.0873463456246392,1.236154920094777,1.1716083729620526,0.276313121697684,-0.7236849973289031,2.7502319124364942,0.4403452343274817,-0.8094400851605372
1.02,0,1.02,0.7367299777771846,-1.2196921215375882,0.08803850257628087,1.2343431858776293,1.1784819664696142,0.2774116633057322,-0.7256992559427288,2.7486170427314423,0.4384820877791246,-0.801951007101132
1.0225,0,1.0225,0.7385356885070307,-1.2167373289967134,0.08873340002229176,1.2325264395161508,1.1853513285714077,0.2785055022494307,-0.7276946732221536,2.7468466478645293,0.4365830766522782,-0.7943669583358971
1.025,0,1.025,0.7403413992368767,-1.2137653687457297,0.08943102609377039,1.2307047284108321,1.1922160694048494,0.2795945486708673,-0.7296710112956342,2.7449198880926033,0.43464804377384736,-0.7866875830418213
1.0275,0,1.0275,0.7421471099667228,-1.2107762528273227,0.09013136869667948,1.2288781005579537,1.1990757970079973,0.2806787123191961,-0.7316280314020697,2.7428359236724944,0.43267683197073553,-0.7789125253958898
1.03,0,1.03,0.7439528206965689,-1.2077699942667075,0.09083441551086326,1.2270466045518116,1.205930117319553,0.28175790255063937,-0.7335654938908014,2.740593914861051,0.4306692840698472,-0.7710414295750911
1.0325,0,1.0325,0.7457585314264148,-1.2047466070768769,0.09154015398906552,1.22521028958694,1.2127786341788576,0.2828320283284863,-0.7354831582216135,2.738193021915109,0.4286252428980868,-0.76307393975641
1.035,0,1.035,0.7475642421562608,-1.201706106263849,0.09224857135594718,1.2233692054603353,1.2196209493258967,0.2839009982230933,-0.7373807829647326,2.735632405091513,0.42654455128235813,-0.755009700116833
1.0375,0,1.0375,0.749369952886107,-1.1986485078319153,0.09295965460710379,1.2215234025736807,1.2264566624012971,0.2849647204118839,-0.7392581258008276,2.732911224647104,0.4244270520495661,-0.7468483548333466
1.04,0,1.04,0.751175663615953,-1.1955738287888926,0.09367339050808313,1.2196729319355697,1.2332853709463287,0.2860231026793493,-0.7411149435210103,2.730028640838717,0.4222725880266134,-0.7385895480829371
1.0425,0,1.0425,0.752981374345799,-1.1924820871513662,0.09438976559340327,1.2178178451637298,1.2401066704029016,0.28707605241704764,-0.7429509920268343,2.726983813923199,0.4200810020404057,-0.7302329240425924
1.045,0,1.045,0.754787085075645,-1.1893733019499415,0.09510876616556996,1.2159581944872464,1.246920154113569,0.2881234766236043,-0.7447660263302958,2.7237759041573866,0.41785213691784684,-0.7217781268892977
1.0475,0,1.0475,0.7565927958054912,-1.1862474932344917,0.09583037829409441,1.2140940327487866,1.2537254133215279,0.2891652819047123,-0.746559800553834,2.7204040717981193,0.41558583548584077,-0.7132248008000396
1.05,0,1.05,0.7583985065353371,-1.1831046820794078,0.09655458781451055,1.2122254134068249,1.2605220371706127,0.2902013744731315,-0.74833206793033,2.7168674771022436,0.4132819405712917,-0.7045725899518056
1.0525,0,1.0525,0.7602042172651832,-1.1799448905888426,0.09728138032739353,1.2103523905378635,1.2673096127053052,0.2912316601486889,-0.7500825808031081,2.713165280326594,0.41094029500110346,-0.6958211385215808
1.055,0,1.055,0.7620099279950292,-1.176768141901964,0.09801074119737659,1.2084750188386595,1.2740877248707265,0.2922560443582796,-0.7518110906259335,2.7092966417280135,0.4085607416021809,-0.6869700906863521
1.0575,0,1.0575,0.7638156387248753,-1.1735744601981999,0.09874265555216918,1.2065933536284472,1.2808559565126405,0.29327443213586507,-0.7535173479630164,2.7052607215633477,0.4061431232014283,-0.6780190906231071
1.06,0,1.06,0.7656213494547214,-1.17036387070249,0.09947710828157441,1.2047074508511622,1.2876138883774535,0.2942867281224744,-0.7552011024890071,2.701056680089426,0.40368728262574827,-0.6689677825088306
1.0625,0,1.0625,0.7674270601845673,-1.1671363996905297,0.10021408403650672,1.2028173670776658,1.2943610991122099,0.29529283656620375,-0.7568621029889988,2.6966836775631,0.4011930627020475,-0.6598158105205103
1.065,0,1.065,0.7692327709144133,-1.1638920744940229,0.10095356722800979,1.2009231595079681,1.3010971652646053,0.29629266132221704,-0.7585000973585285,2.6921408742412036,0.39866030625722904,-0.6505628188351332
1.0675000000000001,0,1.0675000000000001,0.7710384816442595,-1.1606309235059267,0.10169554202627419,1.199024885973452,1.3078216612829683,0.2972861058527448,-0.7601148326035745,2.687427430380585,0.3960888561181957,-0.6412084516296833
1.07,0,1.07,0.7728441923741055,-1.1573529761857038,0.10243999235965437,1.1971226049390988,1.3145341595162738,0.2982730732270852,-0.7617060548405578,2.682542506238073,0.393478555111854,-0.631752353081151
1.0725,0,1.0725,0.7746499031039515,-1.1540582630645666,0.10318690191368732,1.195216375505709,1.3212342302141376,0.2992534661216037,-0.7632735092963417,2.677485262070519,0.3908292460651064,-0.6221941673665183
1.075,0,1.075,0.7764556138337975,-1.150746815750729,0.10393625413010958,1.1933062574121291,1.3279214415268181,0.3002271868197328,-0.7648169403082328,2.6722548581347607,0.3881407718048581,-0.6125335386627758
1.0775000000000001,0,1.0775000000000001,0.7782613245636437,-1.1474186669346527,0.10468803220587534,1.1913923110374731,1.3345953595052191,0.3011941372119727,-0.7663360913239792,2.6668504546876304,0.3854129751580126,-0.602770111146906
1.08,0,1.08,0.7800670352934896,-1.1440738503942969,0.1054422190921735,1.1894745974033494,1.3412555481008788,0.3021542187958899,-0.7678307049017714,2.661271211985982,0.3826456989514745,-0.5929035289958997
1.0825,0,1.0825,0.7818727460233357,-1.1407124010003655,0.10619879749344593,1.1875531781760809,1.347901569165984,0.3031073326761192,-0.7693005227102434,2.655516290286649,0.3798387860121474,-0.5829334363867394
1.085,0,1.085,0.7836784567531817,-1.1373343547215566,0.10695774986640502,1.185628115668932,1.3545329824533618,0.30405337956436235,-0.7707452855284708,2.649584849846472,0.3769920791669363,-0.5728594774964146
1.0875000000000001,0,1.0875000000000001,0.7854841674830279,-1.1339397486298104,0.107719058419051,1.183699472844331,1.3611493456164796,0.3049922597793881,-0.7721647332459719,2.6434760509222976,0.3741054212427455,-0.5626812965019103
1.09,0,1.09,0.7872898782128739,-1.1305286209055574,0.10848270510969009,1.1817673133160946,1.3677502142094502,0.3059238732470326,-0.7735586048627073,2.637189053770952,0.3711786550664782,-0.5523985375802132
1.0925,0,1.0925,0.7890955889427198,-1.127101010842968,0.10924867164595163,1.1798317013516515,1.3743351416870258,0.30684811950019947,-0.7749266384890812,2.630723018649295,0.3682116234650396,-0.54201084490831
1.095,0,1.095,0.7909012996725658,-1.123656958855198,0.11001693948380646,1.1778927018742658,1.3809036794046015,0.30776489767885923,-0.7762685713459379,2.624077105814153,0.36520416926533333,-0.5315178626631885
1.0975,0,1.0975,0.7927070104024119,-1.12019650647964,0.11078748982658394,1.1759503804652622,1.3874553766182156,0.3086741065300501,-0.7775841397645671,2.6172504755223693,0.36215613529426377,-0.5209192350218318
1.1,0,1.1,0.794512721132258,-1.116719696383171,0.11156030362398989,1.1740048033662487,1.3939897804845474,0.309575644407877,-0.7788730791866977,2.610242288030793,0.35906736437873393,-0.5102146061612295
1.1025,0,1.1025,0.796318431862104,-1.1132265723674002,0.11233536157112416,1.172056037481341,1.4005064360609167,0.31046940927351246,-0.7801351241645046,2.6030517035962517,0.3559376993456502,-0.4994036202583672
1.105,0,1.105,0.79812414259195,-1.1097171793739182,0.11311264410749838,1.1701041503793863,1.4070048863052895,0.3113552986951962,-0.7813700083606021,2.595677882475598,0.3527669830219151,-0.48848592149023096
1.1075,0,1.1075,0.799929853321796,-1.1061915634895434,0.11389213141605377,1.1681492102961872,1.4134846720762702,0.3122332098482353,-0.7825774645480486,2.5881199849256653,0.349555058234434,-0.47746115403380757
1.11,0,1.11,0.8017355640516421,-1.1026497719515733,0.1146738034221786,1.1661912861367254,1.419945332133107,0.3131030395150044,-0.7837572246103451,2.5803771712032932,0.3463017678101094,-0.46632896206608204
1.1125,0,1.1125,0.8035412747814882,-1.0990918531530316,0.11545763979272572,1.1642304474773866,1.42638640313569,0.3139646840849445,-0.7849090195414337,2.5724486015653283,0.3430069545758478,-0.4550889897640437
1.115,0,1.115,0.8053469855113342,-1.095517856647915,0.11624361993503066,1.1622667645681828,1.4328074196445517,0.31481803955456455,-0.7860325794457006,2.564333436268608,0.33967046135855056,-0.44374088130467765
1.1175,0,1.1175,0.8071526962411802,-1.0919278331564444,0.11703172299592883,1.1603003083349768,1.4392079141208662,0.3156630015274404,-0.7871276335379735,2.556030835569974,0.3362921309851247,-0.43228428086497056
1.12,0,1.12,0.8089584069710264,-1.088321834570311,0.11782192786077371,1.1583311503817069,1.445587416926447,0.31649946521421574,-0.7881939101435229,2.547539959726265,0.33287180628247265,-0.42071883262190934
1.1225,0,1.1225,0.8107641177008723,-1.0846999139579272,0.11861421315245384,1.1563593629926103,1.4519454563237566,0.317327325432601,-0.7892311366980612,2.5388599689943225,0.32940933007749895,-0.40904418075247867
1.125,0,1.125,0.8125698284307183,-1.0810621255696717,0.11940855723041122,1.154385019134446,1.4582815584758928,0.3181464766073737,-0.790239039747744,2.529990023630987,0.3259045451971083,-0.39725996943366654
1.1275,0,1.1275,0.8143755391605644,-1.0774085248431406,0.1202049381896585,1.1524081924587204,1.4645952474465995,0.31895681277037935,-0.791217344949169,2.5209292838931012,0.32235729446820494,-0.38536584284246145
1.1300000000000001,0,1.1300000000000001,0.8161812498904105,-1.0737391684083941,0.1210033338597967,1.1504289573039097,1.4708860452002601,0.3197582275605301,-0.792165777069377,2.511676910037505,0.31876742071769165,-0.37336144515584385
1.1325,0,1.1325,0.8179869606202566,-1.0700541140932076,0.12180372180403304,1.1484473886976851,1.477153471601902,0.32055061422380543,-0.7930840599858495,2.5022320623210326,0.315134766772474,-0.36124642055080675
1.135,0,1.135,0.8197926713501025,-1.0663534209283156,0.12260607931819839,1.146463562359136,1.4833970444171958,0.32133386561325256,-0.793971916686513,2.4925939010005393,0.3114591754594559,-0.3490204132043343
1.1375,0,1.1375,0.8215983820799485,-1.0626371491526638,0.12341038342976539,1.1444775547009927,1.4896162793124486,0.32210787418898534,-0.7948290692697342,2.4827615863328503,0.3077404896055412,-0.33668306729341135
1.1400000000000001,0,1.1400000000000001,0.8234040928097947,-1.0589053602186556,0.1242166108968655,1.1424894428318528,1.4958106898546184,0.32287253201818533,-0.795655238944324,2.4727342785748094,0.3039785520376336,-0.3242340269950248
1.1425,0,1.1425,0.8252098035396407,-1.0551581167974033,0.125024738207307,1.140499304558404,1.5019797875112957,0.323627730775101,-0.7964501460295339,2.462511137983267,0.30017320558263916,-0.3116729364861642
1.145,0,1.145,0.8270155142694867,-1.0513954827839722,0.12583474157759272,1.138507218387647,1.5081230816507198,0.32437336174104836,-0.79721350995506,2.4520913248150547,0.2963242930674602,-0.2989994399438134
1.1475,0,1.1475,0.8288212249993328,-1.0476175233026315,0.12664659695193767,1.1365132635291202,1.514240079541773,0.32510931580441066,-0.7979450492610395,2.4414739993270125,0.2924316573190015,-0.2862131815449574
1.1500000000000001,0,1.1500000000000001,0.8306269357291789,-1.0438243047121034,0.12746028000128656,1.1345175198971242,1.52033028635397,0.3258354834606381,-0.7986444815980519,2.4306583217759896,0.2884951411641677,-0.27331380546658685
1.1525,0,1.1525,0.8324326464590248,-1.040015894610811,0.12827576612233127,1.1325200681129453,1.5263932051574796,0.3265517548122485,-0.7993115237271206,2.419643452418821,0.28451458742986246,-0.2603009558856863
1.155,0,1.155,0.8342383571888708,-1.0361923618421232,0.12909303043652945,1.1305209895070778,1.5324283369231055,0.32725801956882683,-0.799945891519709,2.408428551512344,0.2804898389429904,-0.24717427697924194
1.1575,0,1.1575,0.8360440679187169,-1.0323537764996087,0.12991204778912102,1.128520366121451,1.538435180522296,0.32795416704702535,-0.8005472999577256,2.3970127793134077,0.27642073853045546,-0.23393341292424047
1.16,0,1.16,0.8378497786485629,-1.0285002099322822,0.13073279274814656,1.1265182807116498,1.5444132327271434,0.32864008617056367,-0.8011154631335208,2.3853952960788396,0.27230712901916165,-0.22057800789766585
1.1625,0,1.1625,0.8396554893784091,-1.0246317347498493,0.1315552396034649,1.1245148167491412,1.5503619882103763,0.3293156654702279,-0.8016500942498854,2.373575262065495,0.26814885323601284,-0.20710770607650872
1.165,0,1.165,0.8414612001082551,-1.020748424827962,0.1323793623657703,1.1225100584234973,1.5562809395453707,0.3299807930838728,-0.8021509056200553,2.3615518375302083,0.2639457540079145,-0.19352215163775469
1.1675,0,1.1675,0.843266910838101,-1.0168503553134594,0.13320513476561088,1.1205040906446184,1.5621695772061388,0.3306353567564192,-0.8026176086677071,2.349324182729817,0.25969767416177003,-0.17982098875838962
1.17,0,1.17,0.845072621567947,-1.0129376026296226,0.1340325302524057,1.1184969990449578,1.5680273895673436,0.3312792438398556,-0.8030499139269603,2.336891457921167,0.25540445652448307,-0.16600386161539957
1.1725,0,1.1725,0.8468783322977932,-1.009010244481418,0.13486152199346277,1.1164888699817455,1.5738538629042855,0.33191234129323793,-0.8034475310423783,2.324252823361096,0.25106594392295833,-0.1520704143857704
1.175,0,1.175,0.8486840430276392,-1.0050683598607497,0.1356920828729962,1.1144797905392119,1.5796484813929061,0.33253453568268965,-0.8038101687689652,2.3114074393064414,0.24668197918409995,-0.13802029124648868
1.1775,0,1.1775,0.8504897537574853,-1.001112029051705,0.1365241854911448,1.112469848530812,1.5854107271097868,0.3331457131814,-0.804137534972167,2.2983544660140525,0.24225240513481278,-0.12385313637454316
1.18,0,1.18,0.8522954644873312,-0.9971413336358047,0.13735780216298865,1.1104591325014495,1.591140080032156,0.3337457595696271,-0.8044293366278742,2.2850930637407685,0.2377770646020008,-0.10956859394692062
1.1825,0,1.1825,0.8541011752171773,-0.9931563564972493,0.13819290491756786,1.108447731729699,1.596836018037886,0.33433456023469593,-0.8046852798224194,2.2716223927434194,0.2332558004125665,-0.09516630814060224
1.185,0,1.185,0.8559068859470234,-0.9891571818281719,0.13902946549689915,1.1064357362300328,1.6024980169054857,0.33491200017099876,-0.8049050697525761,2.2579416132788546,0.22868845539341534,-0.08064592313258054
1.1875,0,1.1875,0.8577125966768694,-0.9851438951338798,0.13986745535499434,1.1044232367550424,1.6081255503141059,0.3354779639799941,-0.8050884107255616,2.244049885603919,0.22407487237145268,-0.06600708309983923
1.19,0,1.19,0.8595183074067154,-0.9811165832381092,0.14070684565687772,1.1024103247976633,1.6137180898435441,0.3360323358702094,-0.8052350061590359,2.229946369975441,0.2194148941735806,-0.05124943221936432
1.1925000000000001,0,1.1925000000000001,0.8613240181365616,-0.9770753342882692,0.1415476072776037,1.1003970925933986,1.6192751049742353,0.3365749996572377,-0.8053445585810993,2.215630226650271,0.21470836362670487,-0.03637261466814362
1.195,0,1.195,0.8631297288664076,-0.973020237760694,0.14238971080127438,1.0983836331225438,1.624796063087263,0.3371058387637411,-0.8054167696302985,2.2011006158852457,0.2099551235577287,-0.02137627462316368
1.1975,0,1.1975,0.8649354395962535,-0.9689513844658882,0.14323312652005754,1.0963700401124092,1.6302804294643432,0.33762473621944716,-0.8054513400556181,2.1863566979372075,0.20515501679355683,-0.006260056261411277
1.2,0,1.2,0.8667411503260996,-0.9648688665537756,0.14407782443320413,1.0943564080395447,1.635727667287843,0.33813157466115185,-0.8054479697164888,2.171397633062997,0.2003078861610933,0.008976396240128425
1.2025000000000001,0,1.2025000000000001,0.8685468610559457,-0.9607727775189494,0.14492377424606584,1.0923428321319641,1.6411372376407676,0.33862623633271827,-0.8054063575827819,2.1562225815194496,0.195413574487242,0.0243334387044705
1.205,0,1.205,0.8703525717857917,-0.9566632122059187,0.14577094536911278,1.090329408371368,1.646508599506761,0.33910860308507584,-0.8053262017348113,2.140830703563412,0.19047192459890797,0.03981142695462284
1.2075,0,1.2075,0.8721582825156378,-0.9525402668143597,0.1466193069169511,1.0883162334953682,1.6518412097701218,0.3395785563762232,-0.8052071993633348,2.1252211594517254,0.1854827793229937,0.05541071681360411
1.21,0,1.21,0.8739639932454837,-0.9484040389043584,0.14746882770734124,1.0863034049997118,1.6571345232157724,0.3400359772712237,-0.8050490467695501,2.109393109441228,0.18044598148640595,0.0711316641044258
1.2125000000000001,0,1.2125000000000001,0.8757697039753299,-0.9442546274016653,0.14831947626021488,1.0842910211405044,1.6623879925292928,0.3404807464422103,-0.8048514393651005,2.093345713788758,0.17536137391604636,0.08697462465010342
1.215,0,1.215,0.8775754147051759,-0.9400921326029416,0.1491712207966926,1.0822791809364354,1.6676010682968956,0.34091274416838163,-0.8046140716720681,2.07707813275116,0.17022879943882033,0.10293995427364627
1.2175,0,1.2175,0.8793811254350219,-0.9359166561810055,0.15002402923810218,1.0802679841709997,1.6727731990054404,0.34133185033600427,-0.8043366373229811,2.0605895265852694,0.1650481008816318,0.11902800879807081
1.22,0,1.22,0.8811868361648679,-0.9317283011900823,0.15087786920499585,1.0782575313947234,1.6779038310424277,0.3417379444384121,-0.8040188290608078,2.0438790555479396,0.15981912107138616,0.13523914404639037
1.2225,0,1.2225,0.8829925468947138,-0.9275271720710548,0.1517327080161677,1.0762479239273874,1.6829924086960013,0.3421309055760062,-0.8036603387389605,2.0269458798959974,0.1545417028349855,0.1515737158416182
1.225,0,1.225,0.8847982576245601,-0.9233133746567064,0.15258851268767237,1.07423926386025,1.6880383741549445,0.3425106124562547,-0.8032608573212916,2.009789159886283,0.14921568899933424,0.1680320800067701
1.2275,0,1.2275,0.886603968354406,-0.9190870161769757,0.153445249931841,1.0722316540582741,1.6930411675086812,0.34287694339369235,-0.8028200748820984,1.9924080557756516,0.1438409223913392,0.18461459236485223
1.23,0,1.23,0.8884096790842521,-0.9148482052642009,0.15430288615630067,1.0702251981623458,1.6980002267472851,0.34322977630992335,-0.8023376806061209,1.9748017278209284,0.13841724583790146,0.20132160873888685
1.2325,0,1.2325,0.8902153898140981,-0.9105970519583684,0.155161387462991,1.0682200005915035,1.7029149877614644,0.3435689887336167,-0.801813362788539,1.9569693362789633,0.1329445021659265,0.21815348495188353
1.235,0,1.235,0.8920211005439442,-0.9063336677123621,0.1560207196471824,1.0662161665451584,1.7077848843425711,0.3438944578005097,-0.8012468088349761,1.938910041406593,0.12742253420231914,0.23511057682685538
1.2375,0,1.2375,0.8938268112737903,-0.9020581653972142,0.1568808481964929,1.0642138020053202,1.7126093481826024,0.34420606025340766,-0.8006377052615,1.9206230034606622,0.12185118477398242,0.2521932401868158
1.24,0,1.24,0.8956325220036362,-0.8977706593073482,0.15774173828990687,1.0622130137388206,1.7173878088741932,0.3445036724421815,-0.7999857376946188,1.9021073826980068,0.11623029670782085,0.26940183085477803
1.2425,0,1.2425,0.8974382327334822,-0.8934712651658314,0.158603354796792,1.0602139092995364,1.7221196939106251,0.344787170323771,-0.7992905908712837,1.8833623393754662,0.11055971283073926,0.2867367046537579
1.245,0,1.245,0.8992439434633284,-0.8891601001296214,0.15946566227591732,1.0582165970306137,1.7268044286858204,0.3450564294621819,-0.7985519486388885,1.8643870337498856,0.10483927596964117,0.30419821740676856
1.2475,0,1.2475,0.9010496541931744,-0.8848372827948163,0.16032862497447048,1.0562211860666932,1.7314414364943373,0.3453113250284882,-0.797769493955269,1.8451806260781016,0.09906882895143009,0.3217867249368216
1.25,0,1.25,0.9028553649230204,-0.880502933201901,0.16119220682707572,1.0542277863361318,1.7360301385313863,0.34555173180083054,-0.7969429088887043,1.825742276616959,0.09324821460301183,0.3395025830669311
1.2525,0,1.2525,0.9046610756528664,-0.8761571728409974,0.16205637145481144,1.0522365085632286,1.7405699538928114,0.3457775241644172,-0.7960718746179152,1.8060711456232985,0.08737727575128997,0.35734614762011035
1.2550000000000001,0,1.2550000000000001,0.9064667863827126,-0.8718001246571105,0.1629210821642284,1.0502474642704467,1.7450602995751063,0.34598857611152367,-0.7951560714320652,1.7861663933539544,0.08145585522316788,0.3753177744193749
1.2575,0,1.2575,0.9082724971125585,-0.8674319130553814,0.16378630194636581,1.0482607657806395,1.7495005904753982,0.3461847612414917,-0.794195178730761,1.7660271800657785,0.07548379584555201,0.393417819287735
1.26,0,1.26,0.9100782078424046,-0.8630526639063294,0.16465199347577109,1.0462765262192728,1.7538902393914646,0.34636595276073234,-0.7931888750240496,1.7456526660156046,0.06946094044534389,0.4116466380482052
1.2625,0,1.2625,0.9118839185722506,-0.8586625045511038,0.165518119109516,1.0442948595166488,1.758228657021721,0.3465320234827221,-0.7921368379324237,1.725042011460271,0.06338713184944846,0.4300045865238017
1.2650000000000001,0,1.2650000000000001,0.9136896293020967,-0.8542615638067341,0.1663846408862151,1.0423158804101307,1.7625152519652256,0.34668284582800546,-0.7910387441868153,1.704194376656617,0.05726221288476969,0.4484920205375365
1.2675,0,1.2675,0.9154953400319428,-0.8498499719713755,0.16725152052504272,1.040339704446367,1.7667494307216782,0.3468182918241944,-0.7898942696286013,1.683108921861492,0.051086026378213405,0.46710929591242045
1.27,0,1.27,0.9173010507617887,-0.8454278608295567,0.16811871942475154,1.0383664479835137,1.7709305976914216,0.3469382331059675,-0.7887030892096001,1.6617848073317292,0.044858415156682686,0.48585676847146847
1.2725,0,1.2725,0.9191067614916347,-0.8409953636574317,0.1689861986626895,1.03639622819346,1.7750581551754396,0.34704254091507136,-0.7874648769920719,1.6402211933241748,0.03857922204708097,0.5047347940376974
1.2750000000000001,0,1.2750000000000001,0.9209124722214809,-0.8365526152280249,0.1698539189938179,1.0344291630640503,1.7791315033753596,0.34713108610031884,-0.7861793061487202,1.618417240095663,0.03224828987631272,0.5237437284341169
1.2775,0,1.2775,0.9227181829513269,-0.8320997518164814,0.1707218408497288,1.0324653714013103,1.7831500403934486,0.34720373911759084,-0.7848460489626902,1.5963721079030413,0.025865461471283772,0.5428839274837417
1.28,0,1.28,0.9245238936811729,-0.827636911205315,0.1715899243376626,1.0305049728316698,1.7871131622326168,0.34726037002983573,-0.7834647768275711,1.5740849570031437,0.019430579658896698,0.5621557470095855
1.2825,0,1.2825,0.9263296044110189,-0.8231642326896562,0.17245812923952628,1.0285480878041855,1.7910202627964211,0.3473008485070682,-0.7820351602473925,1.551554947652818,0.012943487266056423,0.5815595428346595
1.285,0,1.285,0.9281353151408649,-0.8186818570825007,0.17332641501091056,1.026594837592767,1.7948707338890537,0.3473250438263712,-0.7805568688366293,1.5287812401089,0.006404027119666893,0.6010956707819806
1.2875,0,1.2875,0.929941025870711,-0.8141899267199577,0.17419474078010763,1.024645344298399,1.7986639652153515,0.34733282487189426,-0.7790295713201948,1.50576299462823,-0.00018795795336890654,0.6207644866745626
1.29,0,1.29,0.9317467366005571,-0.809688585466499,0.17506306534712887,1.0226997308513663,1.8023993443807953,0.34732406013485456,-0.7774529355334492,1.4824993714676507,-0.006832625126145066,0.6405663463354164
1.2925,0,1.2925,0.9335524473304031,-0.8051779787202074,0.17593134718272255,1.0207581210134773,1.806076256891504,0.3472986177135364,-0.7758266284221917,1.458989530883997,-0.013530131571757151,0.6605016055875551
1.295,0,1.295,0.9353581580602491,-0.8006582534180235,0.17679954442739168,1.0188206393802877,1.8096940861542428,0.34725636531329085,-0.7741503160426669,1.4352326331341216,-0.020280634463302638,0.6805706202539947
1.2975,0,1.2975,0.9371638687900953,-0.7961295580409951,0.1776676148904112,1.016887411383324,1.8132522134764169,0.3471971702465372,-0.7724236635615577,1.4112278384748522,-0.02708429097387663,0.7007737461577482
1.3,0,1.3,0.9389695795199412,-0.7915920426195271,0.178535516048846,1.014958563292309,1.8167500180660732,0.3471208994327613,-0.7706463352559941,1.3869743071630427,-0.03394125827657414,0.7211113391218275
1.3025,0,1.3025,0.9407752902497872,-0.7870458587386264,0.17940320504656884,1.0130342222173834,1.8201868770319032,0.3470274193985166,-0.768817994513546,1.3624711994555214,-0.04085169354449219,0.7415837549692471
1.305,0,1.305,0.9425810009796333,-0.7824911595431543,0.1802706386932772,1.0111145161113322,1.823562165383236,0.34691659627742366,-0.7669383038322257,1.3377176756091327,-0.0478157539507259,0.7621913495230205
1.3075,0,1.3075,0.9443867117094794,-0.7779280997430724,0.1811377734635118,1.0091995737718062,1.8268752560300456,0.34678829581017023,-0.7650069248204894,1.3127128958807233,-0.054833596668371315,0.7829344786061626
1.31,0,1.31,0.9461924224393254,-0.7733568356186906,0.1820045654956736,1.0072895248435478,1.830125519782952,0.3466423833445116,-0.7630235181972344,1.287456020527121,-0.06190537887052436,0.803813498041685
1.3125,0,1.3125,0.9479981331691715,-0.7687775250259181,0.18287097059104224,1.0053844998206138,1.8333123253532098,0.3464787238352695,-0.7609877437918016,1.2619462098051804,-0.0690312577302807,0.8248287636525989
1.315,0,1.315,0.9498038438990174,-0.7641903274015092,0.18373694421279274,1.0034846300485998,1.8364350393527167,0.3462971818443346,-0.7588992605439729,1.2361826239717377,-0.07621139042073491,0.8459806312619214
1.3175000000000001,0,1.3175000000000001,0.9516095546288635,-0.7595954037683113,0.1846024414850142,1.0015900477268627,1.839493026294022,0.34609762154066276,-0.7567577265039742,1.2101644232836257,-0.08344593411498588,0.8672694566926673
1.32,0,1.32,0.9534152653587096,-0.7549929167405178,0.1854674171917265,0.9997008859107478,1.842485648590305,0.34587990670027885,-0.7545627988324729,1.1838907679976978,-0.09073504598612676,0.8886955957678472
1.3225,0,1.3225,0.9552209760885556,-0.7503830305289112,0.1863318257758985,0.9978172785138093,1.8454122665553931,0.345643900706274,-0.7523141338005787,1.1573608183707895,-0.09807888320725365,0.9102594043104753
1.325,0,1.325,0.9570266868184016,-0.745765910946113,0.18719562133846585,0.9959393603100359,1.848272238403757,0.34538946654880676,-0.750011386789845,1.1305737346597307,-0.1054776029514635,0.9319612381435656
1.3275000000000001,0,1.3275000000000001,0.9588323975482478,-0.7411417254118347,0.18805875763734825,0.9940672669360743,1.8510649202505027,0.34511646682510283,-0.7476542122922666,1.1035286771213793,-0.11293136239185092,0.9538014530901304
1.33,0,1.33,0.9606381082780937,-0.7365106429581241,0.18892118808646735,0.9922011348934536,1.8537896661113866,0.34482476373945625,-0.7452422639102803,1.07622480601257,-0.1204403187015124,0.9757804049731824
1.3325,0,1.3325,0.9624438190079397,-0.7318728342346112,0.18978286575476427,0.9903411015508081,1.8564458279028042,0.3445142191032266,-0.7427751943567678,1.0486612815901355,-0.12800462905354354,0.9978984496157379
1.335,0,1.335,0.9642495297377858,-0.727228471513762,0.19064374336521756,0.988487305146102,1.8590327554417896,0.34418469433484233,-0.7402526554550495,1.0208372641109271,-0.1356244506210408,1.0201559428408107
1.3375000000000001,0,1.3375000000000001,0.9660552404676319,-0.7225777286961226,0.1915037732938605,0.9866398847888533,1.8615497964460261,0.34383605045979765,-0.7376742981388922,0.9927519138317771,-0.1432999405770998,1.0425532404714133
1.34,0,1.34,0.967860951197478,-0.7179207813155708,0.192362907568799,0.984798980462358,1.8639962965338288,0.3434681481106555,-0.7350397724525024,0.9644043910095315,-0.15103125609481557,1.065090698330558
1.3425,0,1.3425,0.969666661927324,-0.7132578065445603,0.19322109786922942,0.9829647330259124,1.8663715992241687,0.3430808475270446,-0.7323487275505298,0.9357938559010263,-0.15881855434728373,1.0877686722412578
1.345,0,1.345,0.9714723726571699,-0.7085889831993732,0.19407829552445538,0.9811372842170394,1.8686750459366444,0.3426740085556626,-0.729600811698067,0.906919468763113,-0.16666199250760025,1.1105875180265252
1.3475,0,1.3475,0.9732780833870159,-0.703914491745367,0.1949344515129069,0.97931677665371,1.8709059759915045,0.34224749065027266,-0.7267956722706487,0.8777803898526212,-0.1745617277488626,1.1335475915093778
1.35,0,1.35,0.9750837941168621,-0.6992345143022203,0.19578951646115675,0.9775033538365687,1.8730637266096426,0.34180115287170626,-0.7239329557542534,0.8483757794263903,-0.18251791724416544,1.15664924851283
1.3525,0,1.3525,0.9768895048467081,-0.694549234649189,0.1966434406429386,0.9756971601511578,1.8751476329125876,0.3413348538878627,-0.7210123077452985,0.8187047977412666,-0.19053071816660383,1.1798928448598887
1.355,0,1.355,0.9786952155765541,-0.6898588382303439,0.19749617397816496,0.973898340870139,1.8771570279225147,0.34084845197370667,-0.7180333729506482,0.7887666050540896,-0.1986002876892752,1.2032787363735724
1.3575,0,1.3575,0.9805009263064001,-0.6851635121598265,0.19834766603194443,0.9721070421555201,1.8790912425622388,0.3403418050112716,-0.7149957951876063,0.758560361621707,-0.20672678298527278,1.226807278876893
1.36,0,1.36,0.9823066370362462,-0.680463445227097,0.19919786601359957,0.9703234110608767,1.8809496056552157,0.3398147704896581,-0.7118992173839197,0.7280852277009477,-0.21491036122769538,1.2504788281928667
1.3625,0,1.3625,0.9841123477660922,-0.675758827902178,0.20004672277568453,0.9685475955335778,1.8827314439255483,0.3392672055050336,-0.7087432815777787,0.6973403635486575,-0.22315117958963723,1.2742937401445034
1.365,0,1.365,0.9859180584959383,-0.671049852340909,0.20089418481300259,0.9667797444170081,1.884436081997981,0.3386989667606328,-0.7055276289178156,0.6663249294216761,-0.23144939524419433,1.2982523705548166
1.3675,0,1.3675,0.9877237692257843,-0.6663367123901907,0.20174020026162406,0.965020007452793,1.8860628423978936,0.3381099105667577,-0.7022518996631038,0.6350380855768439,-0.2398051653644627,1.3223550752468205
1.37,0,1.37,0.9895294799556305,-0.6616196035932325,0.20258471689790394,0.963268535283022,1.8876110455513135,0.337499892840778,-0.6989157331831602,0.6034789922710007,-0.24821864712353836,1.346602210043533
1.3725,0,1.3725,0.9913351906854765,-0.6568987231948085,0.2034276821374991,0.9615254794524735,1.8890800097849103,0.3368687691071305,-0.6955187679579455,0.5716468097609887,-0.2566899976945164,1.3709941307679623
1.375,0,1.375,0.9931409014153224,-0.6521742701464943,0.20426904303438692,0.9597909924108368,1.8904690513259965,0.33621639449731827,-0.6920606415778617,0.5395406983036514,-0.2652193742504929,1.3955311932431207
1.3775,0,1.3775,0.9949466121451684,-0.6474464451119237,0.205108746279882,0.958065227514938,1.89177748430252,0.33554262374991267,-0.6885409907437521,0.5071598181558291,-0.2738069339645638,1.4202137532920254
1.3800000000000001,0,1.3800000000000001,0.9967523228750146,-0.6427154504720369,0.2059467382016541,0.9563483390309624,1.8930046207430822,0.3348473112105529,-0.6849594512669048,0.4745033295743504,-0.28245283400982535,1.4450421667376923
1.3825,0,1.3825,0.9985580336048606,-0.637981490330322,0.20678296476274632,0.9546404821366794,1.8941497705769108,0.3341303108319432,-0.6813156580690471,0.4415703928160724,-0.29115723155937234,1.4700167894031286
1.385,1,0.0005036027209319727,0.0024279989633904115,-0.6332447705180692,0.20761737156059154,0.952941812923666,1.8952122416352881,0.33339147617347226,-0.6776092451851963,0.40836017907733796,-0.29992028685320904,1.4951379545453265
1.3875,1,0.0030036027209319194,0.014481145533454006,-0.6285054985985814,0.20844990382573883,0.9512524883973718,1.8961913413873466,0.3326306599145448,-0.673839849344454,0.3748741367176292,-0.30874279853848535,1.5204012980802424
1.3900000000000001,1,0.005503602720932088,0.02653429210351867,-0.6237638838560098,0.2092805064162736,0.9495726664455323,1.8970863878854711,0.33184771078605607,-0.6700071325479947,0.34111877427144843,-0.31762698389228805,1.5457920177753326
1.3925,1,0.008003602720932035,0.03858743867358227,-0.6190201372576254,0.21010912380478292,0.947902505751704,1.8978967168170042,0.3310424715934092,-0.666110796615493,0.3071012817857905,-0.3265752512550623,1.5712939055714201
1.395,1,0.010503602720931982,0.05064058524364586,-0.614274471409011,0.2109357000633415,0.9462421656942439,1.8986216818444062,0.33021477912115627,-0.6621505838867696,0.2728288493076414,-0.33559000896725555,1.5968907534093348
1.3975,1,0.013003602720931928,0.06269373181370945,-0.609527100509125,0.21176017884845932,0.9445918062450094,1.8992606546052546,0.3293644641329981,-0.6581262772217943,0.23830866688399008,-0.3446736653693145,1.6225663532299046
1.4000000000000001,1,0.015503602720932097,0.07474687838377411,-0.6047782403053621,0.21258250338602958,0.9429515878680572,1.899813024712244,0.32849135137178437,-0.6540377000006837,0.20354792456182236,-0.35382862880168675,1.6483044969739598
1.4025,1,0.018003602720932044,0.0868000249538377,-0.6000281080486178,0.2134026164562763,0.9413216714183447,1.9002781997531872,0.327595259559514,-0.649884716123704,0.16855381238813347,-0.36305730760481725,1.6740889765823226
1.405,1,0.02050360272093199,0.0988531715239013,-0.5952769224483482,0.21422046037870277,0.9397022180404272,1.9006556052910144,0.3266760013973343,-0.6456672300112679,0.13333352040990912,-0.3723621101191537,1.6999035839958239
1.4075,1,0.023003602720931937,0.1109063180939649,-0.5905249036276332,0.21503597699703886,0.9380933890671597,1.900944684863772,0.3257333835655419,-0.6413851866039367,0.09789423867413835,-0.3817454446851426,1.725732111155291
1.41,1,0.025503602720931884,0.12295946466402849,-0.5857722730782388,0.21584910766418922,0.936495345918395,1.901144899984626,0.32476720672358195,-0.6370385713624194,0.06224315722781015,-0.3912097196432308,1.7515583500015521
1.4125,1,0.028003602720932053,0.13501261123409317,-0.5810192536156789,0.21665979322718107,0.9349082499996841,1.9012557301418584,0.32377726551004854,-0.6326274102675724,0.02638746611791012,-0.4007573433338658,1.7773660924754364
1.415,1,0.030503602720932,0.14706575780415676,-0.5762660693342787,0.21746797401211188,0.9333322626009762,1.9012766727988686,0.322763348542685,-0.6281517698204017,-0.009665644608566224,-0.41039072409749255,1.8031391305177678
1.4175,1,0.033003602720931946,0.15911890437422035,-0.5715129455622354,0.21827358980909758,0.9317675447953171,1.9012072433941742,0.32172523841838324,-0.6236117570420594,-0.04590898490463321,-0.4201122702745587,1.8288612560693758
1.42,1,0.03550360272093189,0.17117205094428395,-0.5667601088166808,0.21907657985722026,0.9302142573375498,1.9010469753414099,0.3206627117131841,-0.6190075194738465,-0.08233536472330184,-0.429924390205511,1.854516261071089
1.4225,1,0.03800360272093206,0.1832251975143486,-0.5620077867587435,0.21987688282947604,0.9286725605630137,1.900795420029328,0.31957553898227703,-0.6143392451772113,-0.11893759401758645,-0.43982949223079687,1.8800879374637363
1.425,1,0.04050360272093201,0.1952783440844122,-0.5572562081486128,0.22067443681772278,0.9271426142862449,1.900452146821798,0.318463484760001,-0.6096071627337512,-0.1557084827404916,-0.4498299846908614,1.9055600771881416
1.4275,1,0.043003602720931955,0.2073314906544758,-0.5525056028005978,0.22146917931762836,0.9256245776996748,1.9000167430578077,0.3173263075598435,-0.6048115412452102,-0.1926408408450316,-0.4599282759261521,1.9309164721851344
1.43,1,0.0455036027209319,0.21938463722453938,-0.5477562015381919,0.22226104721361817,0.9241186092723305,1.899488814051461,0.31616375987444056,-0.5999526903334811,-0.2297274782842175,-0.4701267742771157,1.9561409143955428
1.4325,1,0.04800360272093207,0.23143778379460406,-0.5430082361491338,0.2230499767638233,0.9226248666485338,1.89886798309198,0.3149755881755777,-0.5950309601406037,-0.2669612050110636,-0.48042788808419984,1.9812171957601965
1.435,1,0.05050360272093202,0.24349093036466765,-0.5382619393404717,0.22383590358502792,0.921143506546602,1.8981538914437048,0.3137615329141891,-0.5900467413287674,-0.30433483097857433,-0.4908340256878493,2.006129108219919
1.4375,1,0.053003602720931964,0.25554407693473125,-0.5335175446936227,0.22461876263761774,0.9196746846575461,1.8973461983460924,0.3125213285203577,-0.5850004650803078,-0.3418411661397642,-0.5013475954285118,2.0308604437155404
1.44,1,0.05550360272093191,0.26759722350479487,-0.5287752866194364,0.22539848821052758,0.9182185555437713,1.8964445810137172,0.31125470340331535,-0.5798926030977093,-0.3794730204476442,-0.5119710056466341,2.055394994187888
1.4425000000000001,1,0.05800360272093208,0.2796503700748595,-0.5240354003132573,0.22617501390618924,0.916775272537776,1.895448734636271,0.30996137995144285,-0.5747236676036035,-0.41722320385522843,-0.5227066646826637,2.079716551577792
1.445,1,0.060503602720932026,0.2917035166449231,-0.5192981217099877,0.2269482726254793,0.9153449876408527,1.8943583723785637,0.30864107453227,-0.5694942113407714,-0.4550845263155216,-0.5335569808770455,2.1038089078260755
1.4475,1,0.06300360272093197,0.3037566632149867,-0.5145636874391477,0.22771819655266728,0.9139278514217859,1.893173225380522,0.3072934974924753,-0.5642048275721407,-0.49304979778153796,-0.5445243625702272,2.1276558548735687
1.45,1,0.06550360272093192,0.3158098097850503,-0.5098323347799391,0.22848471714036325,0.9125240129155532,1.8918930427571905,0.30591835315788624,-0.5588561500807872,-0.5311118282062887,-0.5556112181026553,2.151241184661099
1.4525000000000001,1,0.06800360272093209,0.327862956355115,-0.5051043016163067,0.22924776509446582,0.9111336195220238,1.8905175915987307,0.3045153398334789,-0.5534488531699342,-0.5692634275427881,-0.5668199558147778,2.1745486891294967
1.455,1,0.07050360272093203,0.33991610292517854,-0.5003798263920026,0.23000727035910984,0.9097568169046591,1.8890466569704225,0.3030841498033789,-0.5479836516629547,-0.6074974057440405,-0.5781529840470392,2.197562160219585
1.4575,1,0.07300360272093198,0.35196924949524216,-0.49565914806564537,0.23076316210161457,0.9083937488892118,1.8874800419126625,0.30162446933085996,-0.5424613009033677,-0.6458065727630604,-0.5896127111398872,2.220265389872194
1.46,1,0.07550360272093193,0.36402239606530573,-0.4909425060657838,0.23151536869743136,0.9070445573624254,1.8858175674409652,0.30013597865834524,-0.5368825967548412,-0.6841837385528585,-0.6012015454337685,2.2426421700281507
1.4625000000000001,1,0.0780036027209321,0.3760755426353704,-0.486230140245959,0.23226381771509158,0.905709382170734,1.8840590725459616,0.2986183520074065,-0.53124837560119,-0.7226217130664498,-0.6129218952691311,2.264676292628286
1.465,1,0.08050360272093204,0.388128689205434,-0.4815222908397677,0.23300843590115425,0.9043883610189626,1.882204414193402,0.2970712575787646,-0.5255595143463786,-0.761113306256838,-0.6247761689864193,2.2863515496134226
1.4675,1,0.08300360272093199,0.4001818357754976,-0.47681919841592213,0.2337491491651544,0.9030816293690253,1.8802534673241527,0.29549435755228914,-0.5198169304145183,-0.7996513280770382,-0.636766774926081,2.3076517329243904
1.47,1,0.08550360272093194,0.41223498234556116,-0.47212110383331374,0.23448588256455055,0.9017893203386262,1.878206124854198,0.2938873080869986,-0.514021581749868,-0.8382285884800608,-0.648896121428563,2.3285606345020176
1.4725,1,0.08800360272093188,0.4242881289156248,-0.4674282481960753,0.23521856028967275,0.9005115645999585,1.8760622976746395,0.29224975932106034,-0.5081744668168354,-0.8768378974189174,-0.6611666168343118,2.349062046287132
1.475,1,0.09050360272093205,0.43634127548568946,-0.4627408728086424,0.23594710564867039,0.899248490278404,1.873821914651696,0.29058135537179053,-0.5022766245999751,-0.9154720648466221,-0.6735806694837754,2.369139760220562
1.4775,1,0.093003602720932,0.44839442205575303,-0.4580592191308176,0.2366714410524599,0.8980002228512334,1.8714849226267043,0.28888173433565456,-0.49632913460399136,-0.954123900716179,-0.686140687717398,2.388777568243133
1.48,1,0.09550360272093195,0.46044756862581665,-0.4533835287328297,0.23739148799967316,0.896766885046305,1.8690512864161193,0.2871505282882664,-0.4903331168537348,-0.9927862149806029,-0.6988490798756277,2.4079592622956745
1.4825,1,0.09800360272093189,0.4725007151958802,-0.4487140432503982,0.23810716706160473,0.8955485967407648,1.8665209888115115,0.28538736328438896,-0.4842897318942043,-1.0314518175929046,-0.711708254298911,2.4266686343190127
1.485,1,0.10050360272093206,0.4845538617659449,-0.44405100433979405,0.23881839786716022,0.8943454748597461,1.8638940305795706,0.2835918593579339,-0.4782001807905464,-1.070113518506099,-0.724720619327696,2.444889476253979
1.4875,1,0.10300360272093201,0.49660700833600846,-0.4393946536329041,0.23952509908780373,0.8931576332750699,1.861170430462103,0.2817636305219622,-0.4720657051280571,-1.1087641276731894,-0.737888583302427,2.462605580041396
1.49,1,0.10550360272093195,0.5086601549060721,-0.43474523269229026,0.24022718842250618,0.8919851827039427,1.8583502251760322,0.2799022847686832,-0.46588758701217864,-1.1473964550471916,-0.7512145545635519,2.4798007376220945
1.4925,1,0.1080036027209319,0.5207133014761357,-0.4301029829662538,0.24092458258269275,0.8908282306076578,1.8554334694134005,0.2780074240694554,-0.45966714906850176,-1.1860033105811156,-0.7647009414515171,2.4964587409369017
1.495,1,0.11050360272093207,0.5327664480462003,-0.4254681457438968,0.24161719727719116,0.889686881090294,1.8524202358413657,0.2760786443747861,-0.4534057544427647,-1.2245775042279758,-0.778350152306771,2.512563381926647
1.4975,1,0.11300360272093202,0.544819594616264,-0.4208409621101854,0.24230494719717915,0.8885612347974162,1.8493106151022054,0.2741155356143317,-0.44710480680085507,-1.2631118459407777,-0.7921645954697575,2.5280984525321544
1.5,1,0.11550360272093196,0.5568727411863276,-0.4162216729010101,0.24298774600113257,0.8874513888147738,1.846104715813313,0.2721176816968972,-0.440765750328807,-1.3015991456725342,-0.8061466792809246,2.5430477446942534
1.5025,1,0.11800360272093191,0.5689258877563911,-0.4116105186582494,0.24366550629977332,0.8863574365670012,1.8428026645671998,0.27008466051043667,-0.4343900697328029,-1.3400322133762572,-0.8202988120807193,2.5573950503537732
1.5050000000000001,1,0.12050360272093208,0.5809790343264558,-0.40700773958483116,0.2443381396410171,0.8852794677163167,1.8394046059314941,0.26801604392205264,-0.42797929023917264,-1.3784038590049608,-0.8346234022095893,2.5711241614515403
1.5075,1,0.12300360272093203,0.5930321808965194,-0.40241357549979667,0.24500555649492115,0.8842175680612234,1.835910702448943,0.2659113977779973,-0.42153497759439573,-1.4167068925116497,-0.8491228580079785,2.584218869928382
1.51,1,0.12550360272093197,0.605085327466583,-0.39782826579336017,0.2456676662386324,0.8831718194352074,1.8323211346374102,0.2637702819036712,-0.4150587380650978,-1.454934123849338,-0.8637995878163353,2.596662967725126
1.5125,1,0.12800360272093192,0.6171384740366466,-0.39325204938197245,0.2463243771413353,0.8821422996054383,1.8286361009898764,0.26159225010362375,-0.40855221843805317,-1.4930783629710365,-0.8786559999751065,2.608440246782601
1.5150000000000001,1,0.1305036027209321,0.6291916206067112,-0.3886851646633831,0.24697559634919947,0.8811290821714683,1.8248558179744405,0.25937685016155315,-0.40201710602018315,-1.53113241982976,-0.8936945028247396,2.619534499041635
1.5175,1,0.13300360272093203,0.6412447671767748,-0.38412784947170325,0.24762122987032767,0.8801322364639327,1.820980520034319,0.2571236238403072,-0.39545512863855925,-1.5690891043785133,-0.908917504705679,2.629929516443054
1.52,1,0.13550360272093198,0.6532979137468384,-0.37958034103246624,0.2482611825597039,0.8791518274432483,1.8170104595878456,0.25483210688188174,-0.3888680546403988,-1.6069412265703098,-0.9243274139583731,2.639609090927687
1.5225,1,0.13800360272093193,0.665351060316902,-0.375042875917691,0.24889535810414093,0.8781879155983139,1.812945907028471,0.2525018290074219,-0.38225769289306777,-1.6446815963581614,-0.9399266389232679,2.6485570144363604
1.5250000000000001,1,0.1405036027209321,0.6774042068869667,-0.3705156900009433,0.2495236590072285,0.8772405568452099,1.8087871507247635,0.2501323139172214,-0.3756258927840794,-1.6823030236950818,-0.9557175879408116,2.6567570789099046
1.5275,1,0.14300360272093204,0.6894573534570303,-0.36599901841240007,0.2501459865742807,0.8763098024258974,1.8045344970204102,0.24772307929072349,-0.3689745442210965,-1.7197983185340757,-0.9717026693514487,2.6641930762891444
1.53,1,0.145503602720932,0.7015105000270939,-0.36149309549390896,0.2507622408972846,0.8753956988069185,1.8001882702342142,0.24527363678651964,-0.3623055776319285,-1.7571602908281574,-0.9878842914956268,2.670848798514909
1.5325,1,0.14800360272093194,0.7135636465971574,-0.35699815475405183,0.25137232083984723,0.8744982875780952,1.7957488126600964,0.2427834920423505,-0.35562096396453285,-1.794381750530338,-1.0042648627137927,2.676708037528026
1.5350000000000001,1,0.1505036027209321,0.7256167931672222,-0.3525144288232066,0.25197612402214437,0.8736176053512297,1.7912164845670946,0.2402521446751052,-0.3489227146870145,-1.831455507593632,-1.0208467913463946,2.6817545852693234
1.5375,1,0.15300360272093205,0.7376699397372857,-0.34804214940861106,0.2525735468058675,0.8727536836588039,1.7865916641993662,0.23767908828082268,-0.34221288178762843,-1.8683743719710437,-1.0376324857338761,2.685972233679628
1.54,1,0.155503602720932,0.7497230863073493,-0.3435815472494222,0.2531644842791725,0.8719065488526784,1.7818747477761838,0.23506381043468982,-0.33549355777477513,-1.9051311536155873,-1.0546243542166855,2.6893447746997685
1.5425,1,0.15800360272093195,0.7617762328774129,-0.3391328520717805,0.2537488302416269,0.871076222002793,1.7770661494919382,0.23240579269104286,-0.32876687567700424,-1.9417186624802747,-1.0718248051352701,2.691856000270572
1.545,1,0.1605036027209319,0.7738293794474765,-0.3346962925438716,0.25432647718915824,0.8702627187958658,1.7721663015161384,0.22970451058336672,-0.322035009043013,-1.9781297085181155,-1.0892362468300758,2.6934897023328666
1.5475,1,0.16300360272093206,0.7858825260175412,-0.330272096230988,0.25489731629900153,0.8694660494340929,1.767175653993409,0.22695943362429516,-0.315300171941646,-2.014357101682125,-1.1068610876415508,2.6942296728274795
1.55,1,0.165503602720932,0.7979356725876048,-0.325860489550593,0.2554612374146473,0.8686862185338484,1.7620946750434947,0.22417002530561128,-0.3085646189618977,-2.0503936519253076,-1.1247017359101392,2.694059703695239
1.5525,1,0.16800360272093195,0.8099888191576684,-0.3214616977273803,0.2560181290307896,0.8679232250243835,1.756923850761256,0.22133574309824655,-0.3018306452129085,-2.0862321692006773,-1.142760599976289,2.6929635868769726
1.555,1,0.1705036027209319,0.8220419657277319,-0.31707594474833817,0.2565678782782736,0.8671770620465261,1.7516636852166707,0.21845603845228162,-0.29510058632396746,-2.1218654634612455,-1.161040088180447,2.6909251143135084
1.5575,1,0.17300360272093207,0.8340951122977966,-0.3127034533178104,0.25711037090904376,0.8664477168513812,1.746314700454834,0.21553035679694552,-0.2883768184445109,-2.1572863446600268,-1.1795426088630618,2.6879280779456733
1.56,1,0.17550360272093202,0.8461482588678603,-0.3083444448125606,0.25764549128109143,0.8657351706990298,1.740877436495961,0.21255813754061706,-0.281661758244125,-2.1924876227500247,-1.1982705703645764,2.683956269714296
1.5625,1,0.17800360272093196,0.8582014054379238,-0.3039991392368316,0.25817312234340284,0.8650393987572289,1.7353524513353809,0.2095388140708233,-0.27495786291254204,-2.2274621076842545,-1.2172263810254391,2.6789934815602034
1.565,1,0.1805036027209319,0.8702545520079874,-0.2996677551774093,0.2586931456209071,0.8643603700001106,1.7297403209435422,0.20647181375424017,-0.2682676301596425,-2.262202609415726,-1.2364124491860973,2.673023505424224
1.5675000000000001,1,0.18300360272093208,0.882307698578052,-0.2953505097586844,0.2592054411994239,0.8636980471068822,1.7240416392660103,0.20335655793669247,-0.26159359821545475,-2.296701937897455,-1.2558311831869982,2.666030133247184
1.57,1,0.18550360272093203,0.8943608451481156,-0.29104761859771583,0.2597098877106112,0.8630523863605264,1.7182570182234687,0.2001924619431545,-0.2549383458301565,-2.3309529030824456,-1.2754849913685862,2.6579971569699135
1.5725,1,0.18800360272093197,0.9064139917181793,-0.2867592957592909,0.26020636231691363,0.8624233375464994,1.7123870877117178,0.19697893507774872,-0.24830449227407164,-2.3649483149237116,-1.2953762820713093,2.648908368533238
1.575,1,0.19050360272093192,0.9184671382882429,-0.2824857537109886,0.26069474069651,0.8618108438514318,1.7064324956016759,0.19371538062374674,-0.24169469733767268,-2.398680983374265,-1.315507463635614,2.638747559877987
1.5775000000000001,1,0.1930036027209321,0.9305202848583075,-0.2782272032782418,0.2611748970282612,0.8612148417618279,1.7003939077393777,0.1904011958435688,-0.23511166133157949,-2.4321437183871186,-1.3358809444019495,2.6274985229449865
1.58,1,0.19550360272093203,0.9425734314283711,-0.27398385359940014,0.26164670397665796,0.8606352609627652,1.6942720079459774,0.1870357719787848,-0.22855812508656162,-2.465329329915278,-1.356499132710758,2.6151450496750654
1.5825,1,0.19800360272093198,0.9546265779984348,-0.2697559120807904,0.2621100326767691,0.860072024236594,1.6880674980177448,0.1836184942501127,-0.22203686995353453,-2.4982306279117577,-1.3773644369024889,2.601670932009052
1.585,1,0.20050360272093193,0.9666797245684983,-0.26554358435178044,0.26256475271918905,0.8595250473616373,1.6817810977260677,0.1801487418574197,-0.21555071780356266,-2.5308404223295677,-1.398479265317588,2.587059961887773
1.5875000000000001,1,0.2030036027209321,0.978732871138563,-0.26134707421984,0.26301073213498594,0.8589942390108899,1.6754135448174512,0.1766258879797214,-0.20910253102785747,-2.5631515231217232,-1.4198460262965045,2.5712959312520547
1.59,1,0.20550360272093204,0.9907860177086265,-0.25716658362560507,0.2634478373806492,0.8584795006507189,1.6689655950135194,0.1730492997751835,-0.20269521253778014,-2.595156740241229,-1.4414671281796811,2.5543626320427277
1.5925,2,0.0005888844589638786,0.00849934719296711,-0.2530023125979372,0.26387593332304105,0.8579807264395656,1.6624380220090964,0.16941833840678142,-0.19633170574030429,-2.6268488966447823,-1.4633448050070792,2.536244022794508
1.595,2,0.0030888844589638254,0.04458175293314078,-0.2488544592098833,0.26429488323632816,0.8574978031380995,1.6558316160326036,0.16573237833872234,-0.19001497609480464,-2.658222639915322,-1.4854568336586977,2.516947437841251
1.5975000000000001,2,0.005588884458963994,0.08066415867331767,-0.24472321954662118,0.2647045489596648,0.8570306101730162,1.6491471755411975,0.16199091865413168,-0.18374790471718508,-2.6892763051723225,-1.5077315635376038,2.4965274535832043
1.6,2,0.00808888445896394,0.11674656441349134,-0.24060878769292385,0.2651047913164099,0.8565790199508049,1.642385502255433,0.15819364961015045,-0.17753322476750966,-2.7200086719997136,-1.5300913864769623,2.4750443405796103
1.6025,2,0.010588884458963888,0.152828970153665,-0.23651135572544793,0.2654954705980912,0.8561428982334002,1.635547400946904,0.15434045548433567,-0.17137351872944256,-2.7504185199814306,-1.5524586943099434,2.4525583693897035
1.605,2,0.013088884458963834,0.1889113758938387,-0.2324311137051077,0.26587644704945557,0.8557221045148731,1.6286336794382443,0.1504314145746619,-0.1652712184102506,-2.780504628701408,-1.5747558788697158,2.4291298105727224
1.6075,2,0.015588884458963781,0.22499378163401237,-0.22836824966944702,0.26624758135352045,0.855316492398122,1.6216451486031287,0.14646679919952066,-0.1592286049408024,-2.810265777743579,-1.5969053319894484,2.4048189346879036
1.61,2,0.01808888445896395,0.26107618737418925,-0.2243229496250114,0.26660873511662486,0.8549259099715635,1.614582622366271,0.1424470756977202,-0.15324780877556798,-2.8397007466918796,-1.6188294455023116,2.3796860122944823
1.6125,2,0.020588884458963896,0.29715859311436293,-0.22029539753972188,0.2669597713534801,0.8545502001858235,1.6074469177034274,0.138372904428487,-0.14733080969262086,-2.8688083151302384,-1.64045061124147,2.3537913139517013
1.615,2,0.023088884458963843,0.33324099885453656,-0.21628577533524518,0.2673005549722213,0.8541892012304283,1.6002388546413917,0.13424513977146346,-0.14147943679363484,-2.897587262642592,-1.6616912210400945,2.3271951102187947
1.6175,2,0.02558888445896379,0.36932340459471025,-0.21229426287936765,0.2676309532594582,0.8538427469104954,1.5929592562579995,0.13006483012670952,-0.1356953685038862,-2.9260363688128725,-1.6824736667313542,2.2999576716550005
1.62,2,0.02808888445896396,0.40540581033488715,-0.20832103797836682,0.267950836365326,0.8535106670234249,1.5856089486821254,0.12583321791470167,-0.1299801325722526,-2.9541544132250177,-1.7027203401484183,2.2721392688195543
1.6225,2,0.030588884458963905,0.44148821607506084,-0.20436627636938537,0.26826007778853694,0.8531927877355899,1.578188761093686,0.12155173957633474,-0.12433510607121515,-2.9819401754629555,-1.7223536331244527,2.243800172271697
1.625,2,0.03308888445896385,0.47757062181523446,-0.20043015171280132,0.2685585548614307,0.8528889319590278,1.5706995257236362,0.11722202557291947,-0.11876151539685535,-3.009392435110622,-1.7412959374926278,2.215000652570665
1.6275,2,0.0355888844589638,0.5136530275554082,-0.1965128355846018,0.268846149235026,0.8525989197281316,1.5631420778539717,0.112845900386184,-0.11326043626885701,-3.036509971751951,-1.7594696450861123,2.185800980275695
1.6300000000000001,2,0.03808888445896397,0.549735433295585,-0.19261449746875484,0.2691227473640712,0.85232256857634,1.5555172558177282,0.1084253825182733,-0.10783279373050554,-3.063291564970878,-1.7767971477380762,2.1562614259460218
1.6325,2,0.040588884458963914,0.5858178390357587,-0.18873530474958317,0.26938824099209574,0.8520596939128298,1.5478259009989825,0.10396268449175042,-0.10247936214868955,-3.089735994351332,-1.793200837281685,2.1264422601408883
1.635,2,0.04308888445896386,0.6219002447759324,-0.18487542270413432,0.2696425276364608,0.8518101093992053,1.5400688578328505,0.09946021284959437,-0.09720076521389819,-3.1158420394772492,-1.8086031055501088,2.09640375341953
1.6375,2,0.04558888445896381,0.657982650516106,-0.18103501449455484,0.2698855110734107,0.8515736273261906,1.532246973805489,0.09492056815520174,-0.09199747594022296,-3.141608479932563,-1.8229263443765165,2.066206176341183
1.6400000000000001,2,0.048088884458963976,0.6940650562562829,-0.1772142411604615,0.27011710182312365,0.8513500589903198,1.524361099454093,0.09034654499238563,-0.08686981666535684,-3.16703409530121,-1.8360929455940778,2.0359097994650828
1.6425,2,0.05058888445896392,0.7301474619964566,-0.17341326161131543,0.27033721763476304,0.8511392150706283,1.5164120883669012,0.08574113196537753,-0.08181795905059604,-3.192117665167119,-1.848025301035959,2.0055748933504725
1.645,2,0.05308888445896387,0.7662298677366303,-0.16963223261879234,0.2705457839715281,0.8509409060053438,1.50840079718319,0.0811075116988248,-0.07684192408083743,-3.2168579691142245,-1.8586458025353305,1.975261728556586
1.6475,2,0.055588884458963816,0.802312273476804,-0.16587130880915624,0.27074273449570563,0.8507549423685774,1.5003280855932764,0.0764490608377922,-0.07194158206458004,-3.2412537867264613,-1.8678768419253602,1.9450305756426618
1.6500000000000001,2,0.058088884458963985,0.8383946792169809,-0.16213064265563124,0.27092801155372015,0.8505811352470141,1.4921948163385164,0.07176935004776125,-0.06711665263392456,-3.2653038975877653,-1.8756408110392173,1.914941705167934
1.6525,2,0.06058888445896393,0.8744770849571545,-0.15841038447077527,0.27110156666118573,0.8504192966166045,1.4840018552113097,0.06707214401463174,-0.06236670474457477,-3.289007081282065,-1.8818601017100693,1.8850553876916456
1.655,2,0.06308888445896388,0.9105594906973282,-0.15471068239885044,0.27126336098795656,0.8502692397192553,1.4757500710550924,0.0623614014447193,-0.05769115667583512,-3.312362117393297,-1.8864571057710864,1.855431893773031
1.6575,2,0.06558888445896383,0.9466418964375019,-0.1510316824081968,0.27141336584317816,0.8501307794395203,1.4674403357643429,0.05764127506475707,-0.05308927603061238,-3.335367785505394,-1.8893542150554363,1.8261314939713282
1.6600000000000001,2,0.068088884458964,0.9827243021776787,-0.14737352828360417,0.27155156316033846,0.8500037326812917,1.4590735242845778,0.05291611162189483,-0.04856017973541483,-3.3580228652022925,-1.8904738213962877,1.7972144588457721
1.6625,3,0.0013030386646941672,0.01223940072813134,-0.1437363616186767,0.2716779459820485,0.8498879187443538,1.450650514646535,0.04819045084661222,-0.044102834566981323,-3.3803260311502537,-1.8897415002275522,1.7687394423419405
1.665,3,0.003803038664694114,0.035721821203742773,-0.14012032180636178,0.2717925188892086,0.8497831596726955,1.4421721902752096,0.04346895538761179,-0.03971609273092504,-3.402273769317725,-1.887149240391911,1.7407313740684691
1.6675,3,0.006303038664694061,0.05920424167935421,-0.13652554601707767,0.27189529805377904,0.8496892804116926,1.4336394466438245,0.03875620890518185,-0.03539879438873489,-3.423860494832009,-1.8827518679214954,1.7131832752801235
1.67,3,0.008803038664694007,0.08268666215496565,-0.13295216916490768,0.2719863109294974,0.8496061087814402,1.4250531933667576,0.03405665256378184,-0.03114979990646485,-3.4450805414967136,-1.8766066765182892,1.6860869141634824
1.6725,3,0.011303038664694176,0.10616908263057917,-0.12940032387219205,0.2720655958939694,0.8495334754253939,1.4164143542238785,0.02937458429361586,-0.026967990229702053,-3.465928243115452,-1.8687709598842754,1.6594340589051233
1.675,3,0.013803038664694123,0.12965150310619059,-0.12587014043411532,0.27213320189058354,0.8494712137589211,1.4077238671605488,0.024714158790634273,-0.022852266883568315,-3.4863979334918267,-1.8593020117214396,1.6332164776916314
1.6775,3,0.01630303866469407,0.15313392358180203,-0.12236174678329094,0.27218918807042536,0.8494191599178517,1.3989826842876187,0.020079387516531228,-0.01880155197271787,-3.5064839464294515,-1.8482571257317648,1.607425938709583
1.68,3,0.018803038664694016,0.17661634405741347,-0.11887526845434858,0.27223362343419183,0.8493771527070296,1.3901917718814312,0.015474138698746354,-0.014814788181338882,-3.526180615731933,-1.835693595617236,1.5820542101455586
1.6825,3,0.021303038664694185,0.200098764533027,-0.11541082854851996,0.27226658647410573,0.849345033548864,1.3813521103838182,0.010902137330463895,-0.010890938773152729,-3.5454822752028834,-1.821668715079835,1.5570930601861348
1.685,3,0.02380303866469413,0.2235811850086384,-0.11196854769822623,0.2722881648158299,0.8493226464318802,1.3724646944021064,0.006366965170614377,-0.007028987591415373,-3.564383258645908,-1.8062397778215484,1.532534257017897
1.6875,3,0.02630303866469408,0.24706360548424985,-0.10854854403166248,0.2722984548603818,0.8493098378592709,1.3635305327091094,0.001872060743872108,-0.0032279390589152737,-3.582877899864618,-1.7894640775443593,1.5083695688274217
1.69,3,0.028803038664694025,0.27054602595986127,-0.10515093313738513,0.2722975614260476,0.8493064567974477,1.3545506482431342,-0.002579280659343129,0.0005131818220251949,-3.6009605326626213,-1.7713989079502515,1.484590763801289
1.6925000000000001,3,0.031303038664694194,0.2940284464354748,-0.10177582802889779,0.2722855973902969,0.8493123546245915,1.3455260781079768,-0.0069839069828669074,0.004195329469550439,-3.61862549084353,-1.752101562741207,1.4611896101260764
1.695,3,0.03380303866469414,0.31751086691108626,-0.09842333910923848,0.2722626833316967,0.8493273850792047,1.3364578735729273,-0.011338809404788586,0.007819437722270341,-3.6358671082109493,-1.731629335619214,1.4381578759883678
1.6975,3,0.03630303866469409,0.3409932873866977,-0.09509357413556435,0.27222894717182605,0.8493514042086614,1.3273471000727641,-0.01564112233745366,0.0113864198392622,-3.652679718568489,-1.7100395202862544,1.4154873295747408
1.7,3,0.038803038664694034,0.3644757078623091,-0.091786638183739,0.2721845238171903,0.8493842703177592,1.3181948372077572,-0.019888123427462188,0.014897168500069433,-3.6690576557197603,-1.6873894104443117,1.3931697390717752
1.7025000000000001,3,0.0413030386646942,0.38795812833792265,-0.08850263361291814,0.27212955480113565,0.8494258439172699,1.3090021787436672,-0.02407723355566957,0.018352555804702266,-3.6849952534683723,-1.6637362997953684,1.3711968726660488
1.705,3,0.04380303866469415,0.4114405488135341,-0.0852416600301372,0.272064187925763,0.8494759876724912,1.2997702326117475,-0.028206016837185054,0.021753433273636363,-3.700486845617932,-1.6391374820414124,1.3495604985441454
1.7075,3,0.046303038664694096,0.43492296928914553,-0.0820038142548956,0.27198857690384287,0.8495345663517975,1.2905001209087406,-0.03227218062137394,0.025100631847814848,-3.715526765972048,-1.613650250884426,1.3282523848926422
1.71,3,0.04880303866469404,0.4584053897647569,-0.07878919028374448,0.27190288100072957,0.8496014467751909,1.2811929798968809,-0.03627357549185613,0.028394961888646927,-3.7301093483343317,-1.587331900026393,1.3072642998981194
1.7125000000000001,3,0.05130303866469421,0.4818878102403705,-0.07559787925487214,0.27180726467627553,0.8496764977628528,1.2718499600038922,-0.04020819526650685,0.031637213178008564,-3.7442289265083923,-1.5602397231692946,1.2865880117471544
1.715,3,0.05380303866469416,0.5053702307159819,-0.07242996941269163,0.27170189722674554,0.849759590083695,1.2624722258229921,-0.04407417699745523,0.03482815491824128,-3.7578798342978366,-1.53243101401512,1.2662152886263311
1.7175,3,0.056303038664694105,0.5288526511915933,-0.06928554607242515,0.2715869524267314,0.8498505964039104,1.2530609561128876,-0.047869800971086375,0.03796853573215401,-3.7710564055062745,-1.503963066265851,1.2461378987222274
1.72,3,0.05880303866469405,0.5523350716672047,-0.06616469158469165,0.27146260817106604,0.8499493912355248,1.2436173437977758,-0.05159349070804005,0.0410590836630217,-3.783752973937317,-1.4748931736234712,1.2263476102214226
1.7225000000000001,3,0.06130303866469422,0.5758174921428183,-0.06306748530009237,0.2713290461167381,0.8500558508849477,1.2341425959673453,-0.05524381296321129,0.04410050617458616,-3.7959638733945713,-1.445278629789962,1.2068361913104948
1.725,3,0.06380303866469417,0.5992999126184297,-0.05999400353379837,0.27118645132480595,0.8501698534015235,1.2246379338767777,-0.05881947772574909,0.04709349015105471,-3.807683437681646,-1.415176728467313,1.1875954101760273
1.7275,3,0.06630303866469411,0.6227823330940412,-0.056944319530135,0.27103501190231244,0.8502912785260827,1.2151045929467428,-0.062319338219058426,0.050038701897102036,-3.818906000602151,-1.3846447633575052,1.1686170350045977
1.73,3,0.06880303866469406,0.6462647535696526,-0.05391850342716936,0.270874918644199,0.8504200076394929,1.2055438227634032,-0.06574239090079882,0.052936787137868924,-3.829625895959696,-1.3537400281625225,1.1498928339827863
1.7325,3,0.07130303866469401,0.6697471740452641,-0.05091662222129631,0.2707063646752202,0.8505559237112106,1.1959568870784107,-0.0690877754628849,0.05578837101896267,-3.839837457557889,-1.3225198165843493,1.1314145752971723
1.735,3,0.07380303866469418,0.6932295945208775,-0.047938739731824415,0.2705295450918579,0.8506989112478314,1.1863450638089097,-0.07235477483148638,0.058594058106457216,-3.8495350192003412,-1.2910414223249669,1.1131740271343344
1.7375,3,0.07630303866469412,0.716712014996489,-0.04498491656556333,0.27034465660423573,0.850848856241642,1.1767096450375356,-0.07554281516702718,0.06135443238689227,-3.8587129146906585,-1.2593621390863645,1.095162957680855
1.74,3,0.07880303866469407,0.7401944354721004,-0.04205521008140847,0.27015189717803345,0.8510056461191707,1.167051937012414,-0.07865146586418703,0.06407005726727466,-3.867365477832452,-1.2275392605705235,1.0773731351233125
1.7425,3,0.08130303866469402,0.7636768559477118,-0.03914967435492832,0.2699514656764014,0.8511691696897395,1.1573732601471614,-0.08168043955190027,0.06674147557507748,-3.87548704242933,-1.1956300804794275,1.0597963276482862
1.745,3,0.08380303866469418,0.7871592764233254,-0.03626836014295019,0.26974356150187456,0.851339317094014,1.1476749490208844,-0.08462959209335659,0.06936920955824047,-3.883071942284903,-1.1636918925150586,1.0424243034423548
1.7475,3,0.08630303866469413,0.8106416968989368,-0.033411314848147605,0.26952838423828734,0.8515159797525554,1.1379583523781842,-0.08749892258599966,0.07195376088516912,-3.890114511202778,-1.1317819903794055,1.0252488306921008
1.75,3,0.08880303866469408,0.8341241173745483,-0.030578582483624828,0.26930613329268754,0.851699050314372,1.1282248331291493,-0.09028857336152907,0.07449561064473609,-3.8966090829865654,-1.0999576677744494,1.0082616775841025
1.7525,3,0.09130303866469403,0.8576065378501597,-0.02777020363750443,0.26907700753725106,0.8518884226054692,1.1184757683493607,-0.092998829985899,0.0769952193462802,-3.9025499914398742,-1.0682762184021755,0.9914546123049394
1.7550000000000001,3,0.0938030386646942,0.8810889583257732,-0.024986215437512796,0.2688412049511959,0.8520839915774016,1.1087125492798886,-0.09563012125931894,0.07945302691960707,-3.907931570366313,-1.0367949359645636,0.97481940304119
1.7575,3,0.09630303866469414,0.9045713788013846,-0.02222665151556759,0.26859892226269694,0.8522856532558238,1.098936581327298,-0.0981830192162525,0.08186945271498791,-3.912748153569491,-1.0055711141636041,0.9583478179794367
1.76,3,0.09880303866469409,0.928053799276996,-0.01949154197236247,0.26835035459079987,0.8524933046890422,1.0891492840636412,-0.10065823912541905,0.08424489550316129,-3.9169940748530183,-0.9746620467012777,0.9420316253062581
1.7625,3,0.10130303866469403,0.9515362197526075,-0.01678091334195425,0.2680956950873359,0.8527068438965647,1.0793520912264634,-0.10305663948979264,0.08657973347533177,-3.9206636680205027,-0.9441250272795687,0.9258625932082335
1.7650000000000001,3,0.1038030386646942,0.975018640228221,-0.014094788556348908,0.2678351345788359,0.8529261698176535,1.0695464507187988,-0.10537922204660252,0.08887432424317065,-3.9237512668755534,-0.9140173496004588,0.9098324898719412
1.7675,3,0.10630303866469415,0.9985010607038325,-0.011433186910088572,0.267568861208445,0.8531511822598753,1.0597338246091756,-0.1076271317673322,0.09112900483881517,-3.92625120522178,-0.8843963073659362,0.8939330834839642
1.77,4,0.0023404189958053934,0.004936041044002672,-0.008796124025269619,0.26729706008010895,0.8533817818479293,1.049915688206298,-0.10980165200306398,0.09334409230542524,-3.9281593983116063,-0.8553108972044082,0.8781571515471247
1.7725,4,0.00484041899580534,0.010208645065813687,-0.006183611830353658,0.26701991297511324,0.8536178699812759,1.0400935177560355,-0.11190413993670648,0.09551989154924198,-3.9294794257778363,-0.8267699045611338,0.8625023631443955
1.7750000000000001,4,0.007340418995805509,0.015481249087625172,-0.003595658578584347,0.2667375982764234,0.8538593488170445,1.0302687763001774,-0.11393595239092766,0.0976567043648499,-3.9302171859210597,-0.7987699499873632,0.8469678671847387
1.7775,4,0.009840418995805456,0.020753853109436185,-0.0010322688840353356,0.2664502909855169,0.854106121264192,1.0204429121335308,-0.1158984377333022,0.09975483041989243,-3.9303785775431885,-0.7713076514041598,0.8315528128970769
1.78,4,0.012340418995805402,0.026026457131247203,0.0015065562415236804,0.26615816274352155,0.8543580909781865,1.0106173588038945,-0.11779293587620805,0.10181456725508595,-3.9299694994461363,-0.7443796267325796,0.8162563495103287
1.7825,4,0.014840418995805349,0.031299061153058215,0.004020819351758508,0.265861381852353,0.8546151623556882,1.000793535112065,-0.11962077827682559,0.10383621028421886,-3.9289958504318165,-0.7179824938936809,0.8010776262534142
1.7850000000000001,4,0.017340418995805518,0.0365716651748697,0.006510526528903417,0.26556011329585283,0.854877240529234,0.9909728451118313,-0.12138328793713798,0.10582005279415206,-3.92746352930214,-0.6921128708085199,0.7860157923552515
1.7875,4,0.019840418995805464,0.04184426919668072,0.00897568734689274,0.265254518760927,0.8551442313619186,0.9811566781099815,-0.12308177940393061,0.10776638594481826,-3.9253784348590215,-0.6667673753981594,0.7710699970447638
1.79,4,0.02234041899580541,0.047116873218491735,0.011416314834494668,0.2649447566586833,0.8554160414420786,0.9713464086662962,-0.12471755876879193,0.10967549876922297,-3.9227464659043725,-0.6419426255836557,0.7562393895508693
1.7925,4,0.024840418995805358,0.05238947724030275,0.013832425438442871,0.26463098214556946,0.8556925780779737,0.9615433965935515,-0.1262919236681129,0.1115476781734438,-3.9195735212401064,-0.6176352392860672,0.7415231191024881
1.795,4,0.027340418995805305,0.057662081262113765,0.016224038986569222,0.26431334714451143,0.8559737492924707,0.9517489869575191,-0.12780616328308717,0.11338320893663069,-3.915865499668136,-0.5938418344264521,0.7269203349285402
1.7975,4,0.029840418995805473,0.06293468528392525,0.01859117865093645,0.2639920003660511,0.8562594638177253,0.9419645100769651,-0.1292615583397111,0.11518237371100604,-3.9116282999903733,-0.570559028925867,0.712430186257944
1.8,4,0.03234041899580542,0.06820728930573626,0.020933870910969828,0.2636670873294843,0.8565496310898653,0.9321912815236534,-0.1306593811087833,0.11694545302186406,-3.906867821008732,-0.5477834407053744,0.6980518223196222
1.8025,4,0.03484041899580537,0.07347989332754729,0.023252145516590925,0.26333875038399895,0.8568441612436727,0.9224306021223403,-0.13200089540590554,0.11867272526757174,-3.9015899615251253,-0.5255116876860304,0.6837843923424934
1.805,4,0.03734041899580531,0.0787524973493583,0.025546035451349196,0.2630071287298129,0.8571429651072674,0.9126837579507782,-0.13328735659148191,0.1203644667195682,-3.895800620341465,-0.5037403877888936,0.6696270455554776
1.8075,4,0.03984041899580548,0.08402510137116978,0.027815576895554972,0.2626723584393119,0.8574459541967887,0.9029520203397142,-0.13452001157071944,0.12202095152236506,-3.889505696259663,-0.4824661589350205,0.6555789311874932
1.81,4,0.04234041899580543,0.08929770539298079,0.03006080918941105,0.26233457247818803,0.8577530407110786,0.893236645872893,-0.13570009879362735,0.12364245169354572,-3.8827110880816345,-0.4616856190454733,0.6416391984674632
1.8125,4,0.044840418995805376,0.0945703094147918,0.03228177479614646,0.2619939007265769,0.8580641375263647,0.8835388763870518,-0.13682884825501793,0.12522923712376635,-3.875422694609291,-0.44139538604130835,0.6278069966243056
1.815,4,0.04734041899580532,0.09984291343660283,0.03447851926514812,0.2616504700001963,0.8583791581909421,0.8738599389719239,-0.1379074814945059,0.12678157557675535,-3.867646414644545,-0.42159207784358416,0.6140814748869408
1.8175000000000001,4,0.04984041899580549,0.10511551745841431,0.03665109119509369,0.26130440407148403,0.8586980169198571,0.8642010459702373,-0.1389372115965088,0.1282997326893134,-3.859388146989309,-0.40227231237335753,0.6004617824842875
1.82,4,0.05234041899580544,0.11038812148022532,0.03879954219708335,0.2609558236907358,0.859020628589589,0.8545633949777175,-0.1399192431902465,0.1297839719713132,-3.850653790445498,-0.3834327075516902,0.5869470686452677
1.8225,4,0.054840418995805384,0.11566072550203634,0.04092392685777339,0.26060484660724315,0.8593469087327331,0.8449481688430824,-0.14085477244974187,0.13123455480570012,-3.8414492438150223,-0.36506988129963874,0.5735364825988007
1.825,4,0.05734041899580533,0.12093332952384736,0.043024302702507976,0.26025158759043177,0.8596767735326836,0.8353565356680467,-0.14174498709382025,0.1326517404484917,-3.8317804058997957,-0.3471804515382616,0.5602291735738057
1.8275000000000001,4,0.0598404189958055,0.12620593354565884,0.04510073015845195,0.259896158450999,0.860010139818316,0.8257896488073188,-0.1425910663861097,0.1340357860287779,-3.8216531755017304,-0.3297610361886158,0.5470242907992022
1.83,4,0.06234041899580545,0.13147853756746986,0.047153272517722646,0.25953866806205245,0.8603469250586696,0.816248646868605,-0.14339418113504068,0.13538694654872055,-3.8110734514227405,-0.3128082531717628,0.533920983503912
1.8325,4,0.0648404189958054,0.13675114158928087,0.04918199590052345,0.2591792223802474,0.860687047357631,0.8067346537126047,-0.14415549369384667,0.13670547488355428,-3.800047132464738,-0.29631872040875934,0.520918400916854
1.835,4,0.06734041899580534,0.14202374561109188,0.051186969218275556,0.2588179244669251,0.8610304254486157,0.7972487784530126,-0.14487615796056355,0.13799162178158572,-3.7885801174296354,-0.2802890558206637,0.5080156922669483
1.8375000000000001,4,0.06984041899580551,0.14729634963290336,0.053168264136750826,0.2584548745092507,0.8613769786892519,0.7877921154565187,-0.14555731937802996,0.1392456358641941,-3.776678305119345,-0.26471587732853336,0.49521200678311333
1.84,4,0.07234041899580546,0.15256895365471437,0.05512595503920355,0.2580901698413514,0.8617266270560617,0.7783657443428099,-0.1462001149338871,0.1404677636258305,-3.7643475943357805,-0.24959580285342903,0.4825064936942716
1.8425,4,0.0748404189958054,0.1578415576765254,0.057060118989504,0.25772390496545405,0.8620792911391455,0.7689707299845662,-0.14680567316057883,0.14165824943401867,-3.751593883880856,-0.2349254503164077,0.46989830222934176
1.845,4,0.07734041899580535,0.16311416169833642,0.05897083569527023,0.2573561715730236,0.8624348921368635,0.759608122507464,-0.14737511413535173,0.1428173355293545,-3.7384230725564813,-0.2207014376385282,0.4573865816172438
1.8475000000000001,4,0.07984041899580552,0.1683867657201479,0.060858187471000885,0.25698705856590065,0.8627933518505188,0.750278957290173,-0.147909549480255,0.1439452620255064,-3.72484105916457,-0.2069203827408475,0.4449704810868966
1.85,4,0.08234041899580546,0.17365936974195892,0.06272225920120704,0.25661665207743994,0.8631545926790397,0.7409842549643619,-0.14841008236214037,0.14504226690921462,-3.7108537425070374,-0.1935789035444263,0.43264914986722214
1.8525,4,0.08484041899580541,0.17893197376376993,0.0645631383035457,0.2562450354936479,0.8635185376136634,0.7317250214146914,-0.14887780749266236,0.14610858604029212,-3.696467021385794,-0.18067361797032214,0.4204217371871395
1.855,4,0.08734041899580536,0.18420457778558094,0.06638091469195155,0.2558722894743209,0.8638851102326172,0.7225022477788182,-0.1493138111282781,0.14714445315162406,-3.6816867946027534,-0.168201143939593,0.40828739227556843
1.8575,4,0.0898404189958053,0.18947718180739195,0.06817568073976972,0.25549849197418306,0.8642542346958024,0.7133169104473945,-0.14971917107024735,0.14815009984916777,-3.666518960959828,-0.15615809937329747,0.3962452643614288
1.86,4,0.09234041899580547,0.19474978582920344,0.06994753124288833,0.2551237182640244,0.8646258357394765,0.7041699710640669,-0.1500949566646325,0.14912575561195315,-3.6509694192589293,-0.14454110219249297,0.38429450267363974
1.8625,4,0.09484041899580542,0.20002238985101448,0.0716965633828704,0.25474804095183895,0.8649998386709357,0.6950623765254795,-0.1504422288022986,0.1500716477920821,-3.6350440683019727,-0.13334677031823988,0.372434256441123
1.865,4,0.09734041899580537,0.2052949938728255,0.07342287669008729,0.2543715300039623,0.8653761693631981,0.6859950589812692,-0.1507620399189134,0.1509880016147289,-3.6187488068908693,-0.1225717216715956,0.36066367489279766
1.8675,4,0.09984041899580531,0.2105675978946365,0.0751265730068505,0.25399425276621,0.8657547542496857,0.676968935834069,-0.15105543399494714,0.15187504017814032,-3.6020895338275327,-0.11221257417361856,0.34898190725758355
1.87,4,0.10234041899580548,0.21584020191644798,0.07680775645054454,0.2536162739850154,0.866135520318908,0.6679849097395065,-0.15132344655567292,0.15273298445363526,-3.5850721479138743,-0.10226594574536618,0.33738810276439973
1.8725,4,0.10484041899580543,0.221112805938259,0.0784665333767588,0.2532376558285678,0.8665183951091434,0.6590438686062063,-0.1515671046711663,0.1535620532856048,-3.5677025479518085,-0.09272845430789886,0.3258814106421681
1.875,4,0.10734041899580538,0.22638540996007,0.08010301234242087,0.25285845790795003,0.8669033067031233,0.6501466855957866,-0.15178742695630562,0.15436246339151258,-3.5499866327432477,-0.08359671778227376,0.3144609801198074
1.8775,4,0.10984041899580532,0.23165801398188102,0.08171730406892853,0.25247873729827697,0.8672901837227137,0.6412942191228609,-0.15198542357077174,0.15513442936189445,-3.531930301090105,-0.07486735408954978,0.30312596042623785
1.8800000000000001,4,0.11234041899580549,0.2369306180036925,0.08330952140528246,0.2520985485598331,0.8676789553235986,0.6324873128550378,-0.15216209621904833,0.15587816366035856,-3.5135394517942906,-0.06653698115078423,0.2918755007903781
1.8825,4,0.11484041899580544,0.2422032220255035,0.08487977929121819,0.2517179437592109,0.868069551189962,0.623726795712923,-0.15231843815042154,0.15659387662358523,-3.4948199836577207,-0.05860221688703712,0.2807087504411504
1.885,4,0.11734041899580538,0.24747582604731455,0.08642819472033941,0.2513369724904485,0.868461901529171,0.6150134818701152,-0.15245543415898025,0.15728177646132727,-3.475777795482307,-0.051059679219365633,0.26962485860747337
1.8875,4,0.11984041899580533,0.25274843006912556,0.08795488670324994,0.2509556818961678,0.8688559370664588,0.6063481707532092,-0.15257406058361597,0.15794206925640963,-3.4564187860699622,-0.043905986068828916,0.2586229745182671
1.8900000000000001,4,0.1223404189958055,0.258021034090937,0.0894599762306864,0.2505741166887124,0.8692515890396065,0.5977316470417944,-0.15267528530802288,0.15857495896472978,-3.436748854222597,-0.03713775535648452,0.24770224740245064
1.8925,4,0.12484041899580545,0.26329363811274803,0.09094358623665033,0.25019231917128587,0.8696487891936266,0.5891646806684568,-0.15276006776069775,0.15918064741525717,-3.4167738987421274,-0.03075160500339183,0.23686182648894574
1.895,4,0.1273404189958054,0.2685662421345591,0.0924058415615413,0.24981032925908941,0.8700474697754454,0.5806480268187767,-0.15282935891494007,0.1597593343100338,-3.396499818430465,-0.024744152930608776,0.22610086100667132
1.8975,4,0.12984041899580534,0.2738388461563701,0.093846868915289,0.24942818450045995,0.8704475635285853,0.5721824259313292,-0.15288410128885196,0.16031121722417396,-3.375932512089523,-0.019112017059193766,0.21541850018454733
1.9000000000000001,4,0.1323404189958055,0.27911145017818156,0.09526679684048585,0.24904592009800813,0.8708490036878483,0.5637686036976849,-0.15292522894533805,0.16083649160586416,-3.355077878521212,-0.013851815310204964,0.20481389325149305
1.9025,4,0.13484041899580546,0.2843840541999926,0.09666575567551909,0.24866356892975647,0.8712517239739979,0.5554072710624107,-0.1529536674921059,0.16133535077636316,-3.3339418165274477,-0.008960165604701273,0.19428618943642983
1.905,4,0.1373404189958054,0.2896566582218036,0.09804387751770409,0.24828116157027708,0.8716556585884419,0.5470991242230676,-0.15297033408166538,0.16180798593000204,-3.312530224910142,-0.0044336858637408555,0.18383453796827706
1.9075,4,0.13984041899580535,0.2949292622436146,0.09940129618641608,0.24789872631182985,0.8720607422079156,0.5388448446302117,-0.15297613741132923,0.16225458613418434,-3.290849002471207,-0.00026899400838212447,0.17345808807595445
1.9100000000000001,4,0.14234041899580552,0.3002018662654261,0.10073814718622322,0.24751628918550037,0.8724669099791644,0.5306450989873942,-0.15297197772321286,0.1626753383293858,-3.268904048012554,0.0035372920403171277,0.16315598898838093
1.9125,4,0.14484041899580546,0.3054744702872371,0.10205456767001825,0.24713387398233796,0.8728740975136255,0.5225005392511634,-0.1529587468042341,0.1630704273291543,-3.2467012603360996,0.006988554361297132,0.1529273899344787
1.915,4,0.1473404189958054,0.31074707430904813,0.10335069640215205,0.24675150227449363,0.8732822408821119,0.5144118026310607,-0.15293732798611367,0.16344003582011032,-3.2242465382437544,0.010088175033500589,0.14277144014316628
1.9175,4,0.14984041899580536,0.31601967833085914,0.10462667372156535,0.24636919343635805,0.8736912766094942,0.5063795115896234,-0.1529085961453748,0.1637843443619464,-3.201545780537432,0.012839536135868595,0.13268728884336395
1.92,4,0.1523404189958053,0.32129228235267016,0.10588264150492158,0.24598696466569964,0.8741011416693837,0.49840427384238395,-0.15287341770334342,0.1641035313874275,-3.1786048860190435,0.015246019747342986,0.12267408526399141
1.9225,4,0.15484041899580547,0.32656488637448167,0.10711874312973926,0.24560483100480243,0.874511773478815,0.4904866823578695,-0.15283265062614804,0.16439777320239085,-3.155429753490501,0.01731100794686535,0.11273097863396776
1.925,4,0.15734041899580542,0.3318374903962927,0.10833512343752416,0.24522280536160423,0.8749231098929284,0.4826273153576045,-0.15278714442471994,0.16466724398574592,-3.1320262817537214,0.019037882813377153,0.10285711818221484
1.9275,4,0.15984041899580537,0.3371100944181037,0.10953192869690251,0.2448408985308344,0.8753350891996531,0.4748267363161065,-0.1527377401547929,0.16491211578947457,-3.108400369610615,0.020430026425819984,0.09305165313765157
1.93,4,0.1623404189958053,0.3423826984399147,0.11070930656675285,0.24445911921515204,0.8757476501143894,0.4670854939608889,-0.15268527041690344,0.1651325585386309,-3.084557915863095,0.021490820863135682,0.08331373272919781
1.9325,4,0.16484041899580548,0.34765530246172616,0.11186740605933895,0.24407747404628385,0.8761607317746917,0.45940412227245947,-0.1526305593563907,0.16532874003134138,-3.060504819313072,0.02222364820426571,0.07364250618577291
1.935,4,0.16734041899580543,0.35292790648353717,0.11300637750344175,0.24369596760616227,0.8765742737349508,0.45178314048432366,-0.15257442266339646,0.16550082593880475,-3.036246978762462,0.022631890528151535,0.0640371227362984
1.9375,4,0.16984041899580538,0.35820051050534824,0.1141263725074925,0.2433146024480633,0.8769882159610772,0.44422305308297966,-0.1525176675728652,0.16564897980529197,-3.0117902930131764,0.022718929913734625,0.05449673160969315
1.94,4,0.17234041899580532,0.36347311452715925,0.11522754392270482,0.2429333791177446,0.8774024988251833,0.4367243498079221,-0.1524610928645439,0.16577336304814635,-2.9871406608671287,0.02248814843995718,0.04502048203487735
1.9425000000000001,4,0.1748404189958055,0.3687457185489707,0.11631004580620743,0.2425522961745834,0.8778170631002661,0.4292875056516395,-0.1524054888629824,0.1658741349577836,-2.962303981126229,0.021942928185760425,0.03560752324076997
1.945,4,0.17734041899580544,0.3740183225707817,0.11737403338417624,0.2421713502127147,0.8782318499548899,0.4219129808596179,-0.15235163743753305,0.16595145269769154,-2.9372861525923937,0.02108665123008558,0.0262570044562927
1.9475,4,0.17984041899580538,0.3792909265925927,0.1184196630149674,0.24179053588216898,0.8786468009478693,0.4146012209303369,-0.15230031200235075,0.16600547130443052,-2.9120930740675344,0.019922699651875094,0.016968074910364624
1.95,4,0.18234041899580533,0.38456353061440374,0.11944709215224938,0.2414098459100104,0.8790618580229514,0.40735265661527154,-0.1522522775163933,0.16603634368763298,-2.8867306443535634,0.01845445553006994,0.00773988383190558
1.9525000000000001,4,0.1848404189958055,0.38983613463621525,0.12045647930813569,0.24102927112147465,0.8794769635034991,0.4001677039188914,-0.15220829048342097,0.16604422063000374,-2.861204762252392,0.01668530094361183,-0.0014284195501653406
1.955,4,0.18734041899580545,0.39510873865802626,0.12144798401631701,0.24064880046110712,0.879892060087173,0.39304676409866357,-0.15216909895199668,0.1660292507873199,-2.8355213265659356,0.014618617971442234,-0.010537686006926332
1.9575,4,0.1898404189958054,0.40038134267983727,0.12242176679519412,0.24026842101390072,0.8803070908406146,0.38599022366504826,-0.15213544251548608,0.16599158068843092,-2.809686236096107,0.012257788692503109,-0.019588766309458546
1.96,4,0.19234041899580534,0.4056539467016483,0.12337798911101022,0.23988811802643395,0.8807219991941291,0.3789984543815013,-0.15210805231205737,0.16593135473525858,-2.7837053896448176,0.009606195185735921,-0.02858251122884191
1.9625000000000001,4,0.1948404189958055,0.4109265507234598,0.12431681334098338,0.23950787492800885,0.8811367289363673,0.3720718132644734,-0.15208765102468144,0.1658487152027968,-2.757584686013978,0.006667219530081888,-0.03751977153615732
1.965,4,0.19734041899580546,0.4161991547452708,0.1252384027364389,0.23912767335178914,0.8815512242090094,0.3652106425834124,-0.1520749528811319,0.16574380223911195,-2.7313300240055067,0.0034442438044829716,-0.04640139800248311
1.9675,4,0.1998404189958054,0.4214717587670818,0.12614292138594208,0.238747493155938,0.8819654295014469,0.3584152698607593,-0.15207066365398486,0.1656167538653426,-2.704947302421312,-5.934991211911676e-05,-0.05522824139890041
1.97,4,0.20234041899580535,0.42674436278889283,0.12703053417843052,0.2383673124447562,0.8823792896454653,0.35168600787195103,-0.15207548066061918,0.16546770597569976,-2.6784424200633086,-0.003840179540782911,-0.06400115249648904
1.9725000000000001,4,0.20484041899580552,0.4320169668107043,0.12790140676634673,0.23798710758982006,0.8827927498099273,0.34502315464541916,-0.15209009276321636,0.1652967923374666,-2.651821275733407,-0.007894863002566945,-0.07272098206633015
1.975,4,0.20734041899580546,0.4372895708325153,0.12875570552877036,0.23760685325111944,0.8832057554954549,0.338426993462592,-0.15211518036876054,0.16510414459099867,-2.6250897682335235,-0.012220018218529506,-0.08138858087950179
1.9775,4,0.2098404189958054,0.4425621748543263,0.12959359753455107,0.23722652239819578,0.8836182525291124,0.3318977928578918,-0.15215141542903843,0.16488989224972378,-2.59825379636557,-0.016812263109728387,-0.09000479970708515
1.98,4,0.21234041899580536,0.4478347788761374,0.13041525050544073,0.23684608633127996,0.884030187059089,0.32543580661873617,-0.1521994614406394,0.16465416270014202,-2.5713192589314566,-0.02166821559722336,-0.09857048932016037
1.9825000000000002,4,0.21484041899580553,0.45310738289794883,0.13122083277922605,0.23646551470243043,0.8844415055493816,0.3190412737855378,-0.15225997344495562,0.16439708120182583,-2.544292054733097,-0.02678449360207246,-0.10708650048980799
1.985,4,0.21734041899580547,0.45837998691975984,0.13201051327286087,0.23608477553667123,0.8848521547744771,0.3127144186517057,-0.15233359802818178,0.1641187708874199,-2.517178082572406,-0.03215771504533274,-0.11555368398710658
1.9875,4,0.21984041899580542,0.46365259094157085,0.132784461445599,0.23570383525312977,0.8852620818140358,0.30645545076364306,-0.15242097332131518,0.16381935276264137,-2.4899832412512968,-0.03778449784806422,-0.12397289058313729
1.99,4,0.22234041899580537,0.46892519496338186,0.13354284726212634,0.23532265868617502,0.8856712340475731,0.3002645649207483,-0.15252272900015587,0.16349894570627943,-2.46271342957168,-0.043661459931323955,-0.1323449710489798
1.9925,4,0.2248404189958053,0.4741977989851929,0.13428584115569364,0.23494120910655553,0.8860795591491432,0.2941419411754154,-0.1526394862853065,0.1631576664701957,-2.435374546335469,-0.04978521921617195,-0.14067077615571452
1.995,4,0.22734041899580548,0.4794704030070044,0.13501361399124887,0.2345594482425372,0.8864870050820208,0.28808774483303284,-0.1527718579421723,0.16279562967932418,-2.407972490344573,-0.05615239362366502,-0.14895115667442188
1.9975,4,0.22984041899580543,0.4847430070288154,0.13572633702856962,0.23417733630104154,0.8868935200933848,0.2821021264519863,-0.15292044828096124,0.1624129478316711,-2.3805131604009127,-0.06275960107486268,-0.15718696337618077
2.0,4,0.23234041899580538,0.4900156110506264,0.13642418188539573,0.23379483198878342,0.8872990527090002,0.2761852218436541,-0.15308585315668388,0.16200973129831484,-2.3530024553063953,-0.06960345949082249,-0.1653790470320719
2.0025,4,0.23484041899580532,0.4952882150724374,0.1371073205005617,0.2334118925334093,0.8877035517279008,0.2703371520724119,-0.1532686599691535,0.16158608832340637,-2.325446273862935,-0.07668058679260395,-0.1735282584131754
2.005,4,0.23734041899580527,0.5005608190942484,0.13777592509712938,0.233028473704635,0.8881069662170726,0.264558023455629,-0.15346944766298592,0.16114212502416872,-2.297850514872445,-0.08398760090126388,-0.1816354482905711
2.0075,4,0.23984041899580522,0.5058334231160595,0.13843016814552017,0.23264452983538386,0.8885092455061357,0.25884792756367075,-0.1536887867275997,0.16067794539089736,-2.2702210771368363,-0.09152111973786205,-0.18970146743533953
2.0100000000000002,4,0.2423404189958056,0.5111060271378715,0.13907022232664765,0.23226001384292458,0.8889103391820274,0.2532069412198967,-0.1539272391972161,0.16019365128695992,-2.2425638594580195,-0.09927776122345748,-0.19772716661856146
2.0125,4,0.24484041899580555,0.5163786311596824,0.1396962604950498,0.2318748772500095,0.8893101970836845,0.24763512650066433,-0.15418535865085875,0.15968934244879657,-2.214884760637915,-0.107254143279106,-0.20571339661131482
2.015,4,0.2473404189958055,0.5216512351814935,0.14030845564202216,0.23148907020601223,0.8897087692967265,0.24213253073532356,-0.15446369021235426,0.15916511648591958,-2.1871896794784327,-0.11544688382586786,-0.2136610081846808
2.0175,4,0.24984041899580545,0.5269238392033044,0.1409069808587496,0.2311025415080658,0.8901060061481381,0.23669918650622035,-0.15476277055033158,0.15862106888091348,-2.1594845147814827,-0.1238526007848011,-0.22157085210973956
2.02,4,0.2523404189958054,0.5321964432251155,0.14149200929943917,0.23071523862220078,0.8905018582009514,0.23133511164869597,-0.1550831278782226,0.15805729298943522,-2.131775165348979,-0.13246791207696426,-0.22944377915757053
2.0225,4,0.25484041899580534,0.5374690472469265,0.14206371414445257,0.23032710770448306,0.8908962762489295,0.22604030925108712,-0.1554252819542617,0.1574738800402141,-2.104067529982836,-0.14128943562341464,-0.2372806400992547
2.025,4,0.2573404189958053,0.5427416512687375,0.14262226856343863,0.22993809362215198,0.8912892113112483,0.2208147676547251,-0.15578974408148577,0.15687091913505158,-2.0763675074849637,-0.1503137893452125,-0.24508228570587207
2.0275,4,0.25984041899580523,0.5480142552905485,0.14316784567846547,0.22954813997475826,0.8916806146271796,0.21565846045393736,-0.15617701710773466,0.1562484972488214,-2.0486809966572768,-0.1595375911634154,-0.25284956674850173
2.0300000000000002,4,0.2623404189958056,0.5532868593123604,0.14370061852715374,0.229157189115302,0.8920704376507739,0.21057134649604467,-0.15658759542565076,0.15560669922946968,-2.021013896301682,-0.16895745899908335,-0.26058333399822636
2.0325,4,0.26484041899580557,0.5585594633341715,0.14422076002580808,0.22876518217137082,0.8924586320455427,0.2055533698813665,-0.1570219649726789,0.15494560779801503,-1.9933721052201034,-0.1785700107732709,-0.26828443822612247
2.035,4,0.2673404189958055,0.5638320673559825,0.14472844293255066,0.2283720590662776,0.8928451496791414,0.20060445996321452,-0.15748060323106677,0.15426530354854806,-1.9657615222144487,-0.1883718644070391,-0.27595373020327185
2.0375,4,0.26984041899580546,0.5691046713777935,0.14522383981045284,0.22797775854019864,0.8932299426180521,0.1957245313478962,-0.15796397922786468,0.1535658649482318,-1.9381880460866285,-0.19835963782144597,-0.28359206070075427
2.04,4,0.2723404189958054,0.5743772753996045,0.14570712299066818,0.22758221817131158,0.8936129631222661,0.19091348389471516,-0.1584725535349254,0.15284736833730145,-1.9106575756385578,-0.20852994893754953,-0.29120028048965035
2.0425,4,0.27484041899580536,0.5796498794214155,0.14617846453556468,0.2271853743969334,0.8939941636399666,0.18617120271596882,-0.15900677826890466,0.15210988792906482,-1.8831760096721484,-0.21887941567640887,-0.29877924034103925
2.045,4,0.2773404189958053,0.5849224834432266,0.14663803620185745,0.22678716253465853,0.8943734968022113,0.18149755817695154,-0.1595670970912606,0.15135349580990165,-1.855749246989313,-0.22940465595908194,-0.30632979102600216
2.0475,4,0.27984041899580525,0.5901950874650376,0.14708600940374078,0.22638751680349672,0.8947509154176156,0.17689240589595132,-0.16015394520825416,0.1505782619392643,-1.8283831863919657,-0.24010228770662637,-0.31385278331561806
2.05,4,0.2823404189958052,0.5954676914868486,0.1475225551760212,0.225986370345011,0.8951263724670343,0.17235558674425236,-0.16076774937094868,0.14978425414967717,-1.8010837266820174,-0.25096892884010263,-0.32134906798096774
2.0525,4,0.2848404189958056,0.6007402955086606,0.14794784413724973,0.22558365524445573,0.8954998210982453,0.16788692684613282,-0.16140892787521058,0.14897153814673697,-1.7738567666613778,-0.26200119728056925,-0.3288194957931324
2.055,4,0.28734041899580554,0.6060128995304715,0.14836204645285397,0.22517930255191485,0.8958712146206316,0.163486237578869,-0.1620778905617083,0.1481401775091132,-1.7467082051319691,-0.2731957109490813,-0.33626491752318954
2.0575,4,0.2898404189958055,0.6112855035522826,0.14876533179827128,0.22477324230343926,0.8962405064998642,0.15915331557272885,-0.1627750388159135,0.1472902336885469,-1.7196439408956972,-0.28454908776669935,-0.3436861839422203
2.06,4,0.29234041899580543,0.6165581075740936,0.14915786932208086,0.22436540354218543,0.8966076503525849,0.1548879427109781,-0.1635007655681002,0.14642176600985204,-1.6926698727544773,-0.29605794565448135,-0.35108414582130476
2.0625,4,0.2948404189958054,0.6218307115959046,0.14953982760913634,0.22395571433955302,0.8969725999410889,0.15068988612987583,-0.16425545529334523,0.1455348316709145,-1.6657918995102206,-0.30771890253348694,-0.35845965393152296
2.065,4,0.2973404189958053,0.6271033156177156,0.14991137464369816,0.22354410181632306,0.8973353091680075,0.14655889821867815,-0.1650394840115279,0.14462948574269263,-1.6390159199648422,-0.31952857632477205,-0.3658135590439555
2.0675,4,0.29984041899580527,0.6323759196395267,0.15027267777256614,0.22313049216379585,0.8976957320709904,0.1424947166196346,-0.1658532192873301,0.14370578116921706,-1.612347832920251,-0.3314835849493982,-0.3731467119296818
2.07,4,0.3023404189958052,0.6376485236613376,0.1506239036682121,0.22271481066492899,0.8980538228173892,0.1384970642279914,-0.16669702023023686,0.1427637687675906,-1.5857935371783638,-0.3435805463284206,-0.3804599633597823
2.0725000000000002,4,0.3048404189958056,0.6429211276831496,0.15096521829191217,0.22229698171547527,0.8984095356989392,0.1345656491919886,-0.16757123749453523,0.14180349722798846,-1.559358931541086,-0.3558160783829021,-0.3877541641053384
2.075,4,0.30734041899580555,0.6481937317049606,0.15129678685687914,0.221876928845121,0.8987628251264427,0.1307001649128635,-0.16847621327931536,0.14082501311365836,-1.533049914810341,-0.36818679903389634,-0.3950301649374276
2.0775,4,0.3098404189958055,0.6534663357267716,0.15161877379139535,0.2214545747386235,0.8991136456244513,0.12690029004484651,-0.1694122813284694,0.1398283608609199,-1.5068723857880366,-0.3806893262024638,-0.40228881662713045
2.08,4,0.31234041899580545,0.6587389397485827,0.15193134270194494,0.22102984125694958,0.8994619518259488,0.12316568849516452,-0.17037976693069298,0.13881358277916553,-1.4808322432760852,-0.39332027780966206,-0.4095309699455277
2.0825,4,0.3148404189958054,0.6640115437703936,0.15223465633634628,0.22060264945841307,0.899807698467034,0.11949600942403933,-0.17137898691948403,0.13778071905085926,-1.454935386076401,-0.40607627177655065,-0.4167574756636999
2.085,4,0.31734041899580534,0.6692841477922047,0.15252887654688455,0.22017291961981325,0.900150840381603,0.11589088724468748,-0.17241024967314292,0.13672980773153798,-1.4291877129908954,-0.4189539260241876,-0.42396918455272614
2.0875,4,0.3198404189958053,0.6745567518140158,0.1528141642534443,0.21974057125757254,0.9004913324960321,0.11234994162332172,-0.17347385511477315,0.13566088474981075,-1.4035951228214814,-0.4319498584736309,-0.4311669473836872
2.09,4,0.32234041899580523,0.6798293558358267,0.1530906794066418,0.21930552314887464,0.9008291298238605,0.10887277747914853,-0.17457009471228008,0.13457398390735875,-1.3781635143700717,-0.4450606870459396,-0.43835161492766256
2.0925000000000002,4,0.3248404189958056,0.6851019598576387,0.15335858095095756,0.21886769335280237,0.901164187460473,0.10545898498437097,-0.17569925147837298,0.13346913687893552,-1.352898786438575,-0.45828302966217227,-0.4455240379557344
2.095,4,0.32734041899580557,0.6903745638794497,0.15361802678786882,0.2184269992314761,0.9014964605777825,0.1021081395641871,-0.176861599970562,0.13234637321236728,-1.3278068378289134,-0.47161350424338644,-0.4526850672389794
2.0975,4,0.3298404189958055,0.6956471679012607,0.15386917373898215,0.21798335747119105,0.9018259044189129,0.09881980189679004,-0.1780574062911615,0.13120572032855213,-1.302893567342994,-0.4850487287106412,-0.45983555354847916
2.1,4,0.33234041899580546,0.7009197719230718,0.15411217750916575,0.21753668410355584,0.9021524742928816,0.0955935179133674,-0.1792869280872878,0.13004720352146049,-1.2781648737827307,-0.4985853209849925,-0.4669763476553139
2.1025,4,0.3348404189958054,0.7061923759448827,0.15434719264968205,0.21708689452663021,0.9024761255692824,0.09242881879810351,-0.1805504145508599,0.12887084595813528,-1.2536266559500366,-0.5122198989875023,-0.4741083003305635
2.105,4,0.33734041899580536,0.7114649799666938,0.15457437252132028,0.2166339035260632,0.9027968136729679,0.08932522098817637,-0.1818481064185996,0.12767666867869149,-1.229284812646823,-0.5259490806392269,-0.4812322623453082
2.1075,4,0.3398404189958053,0.7167375839885047,0.1547938692575288,0.216177625296231,0.9031144940787325,0.0862822261737602,-0.18318023597203112,0.1264646905963166,-1.2051452426750027,-0.539769483861227,-0.48834908447062786
2.11,4,0.34234041899580525,0.7220101880103158,0.15500583372754767,0.21571797346137486,0.9034291223059947,0.08329932129802355,-0.18454702703748177,0.12523492849727033,-1.1812138448364904,-0.5536777265745579,-0.49545961747760286
2.1125,4,0.3448404189958052,0.7272827920321268,0.15521041549954093,0.21525486109673944,0.9037406539134801,0.08037597855713183,-0.18594869498608094,0.12398739704088475,-1.1574965179331986,-0.5676704267002797,-0.502564712137313
2.115,4,0.3473404189958056,0.7325553960539387,0.15540776280372962,0.2147882007497103,0.9040490444939041,0.0775116554002431,-0.1873854467337612,0.12272210875956378,-1.133999160767033,-0.581744202159453,-0.5096652192208395
2.1175,4,0.34984041899580554,0.7378280000757498,0.15559802249552362,0.21431790446095253,0.9043542496686542,0.07470579452951359,-0.1888574807412572,0.12143907405878461,-1.1107276721399175,-0.5958956708731313,-0.5167619894992606
2.12,4,0.3523404189958055,0.7431006040975607,0.15578134001865462,0.21384388378554803,0.904656225082473,0.07195782390009267,-0.19036498701410653,0.1201383012170959,-1.0876879508537605,-0.6101214507623763,-0.5238558737436564
2.1225,4,0.35484041899580543,0.7483732081193718,0.15595785936830825,0.21336604981413407,0.904954926398141,0.06926715672012594,-0.19190814710264956,0.11881979638611878,-1.0648858957104739,-0.6244181597482459,-0.5309477227251078
2.125,4,0.3573404189958054,0.7536458121411828,0.15612772305425704,0.21288431319404091,0.9052503092911588,0.06663319145075325,-0.19348713410202908,0.11748356359054694,-1.042327405511971,-0.6387824157517963,-0.5380383872146948
2.1275,4,0.3598404189958053,0.7589184161629938,0.15629107206399226,0.2123985841504301,0.9055423294444305,0.06405531180611057,-0.1951021126521907,0.11612960472814603,-1.0200183790601647,-0.6532108366940892,-0.545128717983498
2.13,4,0.36234041899580527,0.7641910201848049,0.15644804582585708,0.21190877250743217,0.9058309425429453,0.06153288675332865,-0.19675323893788263,0.11475791956975426,-0.997964715156967,-0.6677000404961815,-0.5522195658025966
2.1325,4,0.3648404189958052,0.7694636242066158,0.15659878217217849,0.2114147877092849,0.9061161042684616,0.059065270512533574,-0.19844066068865557,0.11336850575928199,-0.9761723126042909,-0.6822466450791325,-0.5593117814430705
2.1350000000000002,4,0.3673404189958056,0.7747362282284278,0.15674341730240035,0.2109165388414711,0.9063977702941882,0.05665180255684647,-0.20016451717886335,0.1119613588137117,-0.9546470702040482,-0.6968472683640003,-0.5664062156760017
2.1375,4,0.36984041899580555,0.7800088322502389,0.15688208574621515,0.21041393465185684,0.9066758962794683,0.05429180761238434,-0.2019249392276616,0.11053647212309883,-0.9333948867581544,-0.7114985282718415,-0.5735037192724677
2.14,4,0.3723404189958055,0.7852814362720498,0.15701492032669714,0.20990688357182916,0.9069504378644613,0.05198459565825897,-0.2037220491990092,0.10909383695057052,-0.912421661068521,-0.7261970427237157,-0.5806051430035494
2.1425,4,0.37484041899580545,0.7905540402938609,0.15714205212343477,0.2093952937374342,0.9072213506648255,0.049729461926576846,-0.20555596100166773,0.10763344243232639,-0.8917332919370629,-0.7409394296406805,-0.5877113376403273
2.145,4,0.3773404189958054,0.7958266443156718,0.15726361043566264,0.20887907301051525,0.9074885902664016,0.04752568690244042,-0.20742678008920098,0.10615527557763835,-0.8713356781656892,-0.7557223069437966,-0.5948231539538811
2.1475,4,0.37984041899580534,0.8010992483374829,0.15737972274539463,0.20835812899985065,0.9077521122198944,0.04537253632394682,-0.209334603459976,0.10465932126885058,-0.8512347185563145,-0.7705422925541194,-0.6019414427152916
2.15,4,0.3823404189958053,0.8063718523592939,0.15749051468055594,0.20783236908229186,0.908011872035556,0.04326926118218905,-0.2112795196571618,0.10314556226137955,-0.8314363119108503,-0.7853960043927101,-0.6090670546956374
2.1525,4,0.38484041899580523,0.8116444563811049,0.1575961099781159,0.20730170042390134,0.9082678251778685,0.041215097721254215,-0.21326160876873038,0.10161397918371404,-0.8119463570312102,-0.8002800603806265,-0.6162008406660001
2.1550000000000002,4,0.3873404189958056,0.8169170604029169,0.15769663044722015,0.20676603000109064,0.9085199270602264,0.03920926743822631,-0.2152809424274572,0.10006455053741514,-0.792770752719306,-0.8151910784389272,-0.6233436513974603
2.1575,4,0.38984041899580557,0.8221896644247279,0.15779219593232335,0.2062252646217585,0.9087681330396197,0.037250977083182854,-0.21733758381091836,0.09849725269711646,-0.7739153977770528,-0.830125676488669,-0.6304963376610951
2.16,4,0.3923404189958055,0.8274622684465389,0.15788292427632156,0.2056793109464286,0.9090123984113159,0.03533941865919805,-0.21943158764149429,0.09691205991052355,-0.7553861910063641,-0.8450804724509106,-0.6376597502279869
2.1625,4,0.39484041899580546,0.8327348724683499,0.15796893128368492,0.2051280755093876,0.9092526784035434,0.03347376942234007,-0.2215630001863674,0.09530894429841458,-0.7371890312091486,-0.8600520842467111,-0.6448347398692151
2.165,4,0.3973404189958054,0.8380074764901609,0.15805033068358976,0.20457146473982332,0.909488928172174,0.03165319188167285,-0.22373185925752304,0.09368787585463971,-0.7193298171873216,-0.8750371297971277,-0.65202215735586
2.1675,4,0.39984041899580536,0.8432800805119719,0.1581272340930514,0.2040093849829626,0.9097211027954051,0.029876833799255573,-0.22593819421174907,0.09204882244612153,-0.7018144477427966,-0.8900322270232223,-0.6592228534590014
2.17,4,0.4023404189958053,0.848552684533783,0.15819975098005679,0.2034417425212092,0.909949157268443,0.02814382819014281,-0.2281820259506364,0.09039174981285514,-0.6846488216774858,-0.905033993846047,-0.66643767894972
2.1725,4,0.40484041899580525,0.853825288555594,0.15826798862669622,0.20286844359528206,0.9101730464981854,0.026453293322384188,-0.23046336692057773,0.08871662156790748,-0.6678388377933004,-0.9200390481866667,-0.6736674845990949
2.1750000000000003,4,0.40734041899580564,0.859097892577406,0.15833205209229695,0.20228939442535282,0.9103927252979037,0.024804332717023887,-0.23278222111276914,0.08702339919741803,-0.6513903948921526,-0.9350440079661396,-0.6809131211782083
2.1775,4,0.4098404189958056,0.8643704965992169,0.15839204417655467,0.2017045012321847,0.9106081483819263,0.0231960351481023,-0.23513858406320845,0.08531204206059884,-0.6353093917759592,-0.9500454911055186,-0.688175439458137
2.18,4,0.41234041899580554,0.869643100621028,0.15844806538266676,0.2011136702582694,0.9108192703603207,0.021627474642654975,-0.23753244285269728,0.08358250738973408,-0.6196017272466314,-0.965040115525865,-0.695455290209963
2.1825,4,0.4148404189958055,0.874915704642839,0.15850021388046392,0.20051680778896586,0.9110260457335768,0.020097710480711795,-0.23996377610683944,0.08183475029017998,-0.6042733001060804,-0.9800244991482385,-0.7027535242047657
2.185,4,0.41734041899580543,0.88018830866465,0.15854858546954365,0.19991382017363782,0.9112284288872888,0.018605787195298963,-0.24243255399604116,0.08006872374036532,-0.5893300091562205,-0.9949952598936943,-0.7100709922136259
2.1875,4,0.4198404189958054,0.885460912686461,0.1585932735424021,0.19930461384679224,0.9114263740868387,0.01715073457243702,-0.24493873823551113,0.07828437859179106,-0.574777753198963,-1.0099490156832944,-0.717408545007623
2.19,4,0.4223404189958053,0.890733516708272,0.15863436904756678,0.19868909534921686,0.9116198354720784,0.015731567651142364,-0.24748228208526185,0.07648166356903047,-0.5606224310362227,-1.024882384438095,-0.724767033357838
2.1925,4,0.42484041899580527,0.896006120730083,0.1586719604527288,0.1980671713491185,0.9118087670520125,0.014347286723425726,-0.2500631303501069,0.07466052526972917,-0.546869941469912,-1.0397919840791559,-0.7321473080353496
2.195,4,0.4273404189958052,0.9012787247518941,0.15870613370787567,0.19743874866326092,0.9119931226994813,0.012996877334294164,-0.2526812193796634,0.07282090816460518,-0.5335261833019407,-1.0546744325275341,-0.7395502198112388
2.1975000000000002,4,0.4298404189958056,0.906551328773706,0.1587369722084237,0.19680373427810266,0.912172856145843,0.011679310281749069,-0.2553364770683519,0.07096275459744825,-0.5205970553342226,-1.0695263477042918,-0.7469766194565869
2.2,4,0.43234041899580555,0.911823932795517,0.15876455675835038,0.19616203537093554,0.9123479209756566,0.010393541616787337,-0.258028822855393,0.06908600478512147,-0.5080884563686735,-1.084344347530481,-0.7544273577424714
2.2025,4,0.4348404189958055,0.9170965368173281,0.1587889655333269,0.19551355933102216,0.9125182706213649,0.009138512643402073,-0.2607581677248127,0.0671905968175595,-0.4960062852072043,-1.0991250499271639,-0.7619032854399725
2.205,4,0.43734041899580545,0.922369140839139,0.15881027404385084,0.19485821378073398,0.9126838583579766,0.007913149918579894,-0.2635244142054387,0.06527646665776955,-0.48435644065172967,-1.1138650728153974,-0.7694052533201723
2.2075,4,0.4398404189958054,0.9276417448609501,0.1588285550983783,0.19419590659668942,0.9128446372977495,0.006716365252303629,-0.2663274563709001,0.06334354814183057,-0.47314482150415804,-1.1285610341162433,-0.7769341121541498
2.21,4,0.44234041899580534,0.932914348882761,0.15884387876645667,0.19352654593089189,0.9130005603848723,0.005547055707550907,-0.26916717983963084,0.0613917729788948,-0.4623773265664081,-1.143209551750755,-0.7844907127129845
2.2125,4,0.4448404189958053,0.9381869529045721,0.15885631234185688,0.1928500402318677,0.913151580390149,0.004404103600295448,-0.2720434617748662,0.059421070751185766,-0.45205985464038834,-1.1578072436399944,-0.7920759057677577
2.215,4,0.44734041899580523,0.9434595569263832,0.1588659203057064,0.19216629826580395,0.9132976499056794,0.0032863764995044896,-0.27495617088464414,0.05743136891400024,-0.4421983045280115,-1.1723507277050194,-0.7996905420895488
2.2175000000000002,4,0.4498404189958056,0.948732160948195,0.1588727642896211,0.19147522913768672,0.9134387213395437,0.002192727227142175,-0.2779051674218058,0.05542259279570611,-0.4327985750311904,-1.18683662186689,-0.807335472449439
2.22,4,0.45234041899580557,0.9540047649700061,0.15887690303883795,0.19077674231243913,0.913574746910484,0.001121993858167103,-0.2808903031839938,0.05339466559774516,-0.4238665649518408,-1.2012615440466596,-0.8150115476185054
2.2225,4,0.4548404189958055,0.9592773689918171,0.15887839237534768,0.190070747636059,0.9137056786425873,7.29997205333759e-05,-0.28391142151365456,0.05134750839462998,-0.4154081730918716,-1.2156221121653918,-0.8227196183678305
2.225,4,0.45734041899580546,0.9645499730136281,0.15887728516102717,0.18935715535675707,0.9138314683599683,-0.0009554466048098668,-0.28696835729803744,0.04928104013394667,-0.40742929825319857,-1.2299149441441402,-0.8304605354684934
2.2275,4,0.4598404189958054,0.9698225770354392,0.1588736312607718,0.18863587614609498,0.913952067681452,-0.0019645512839186825,-0.2900609369691928,0.04719517763635229,-0.39993583923773357,-1.2441366579039672,-0.838235149691575
2.23,4,0.46234041899580536,0.9750951810572501,0.15886747750562813,0.1879068211201233,0.9140674280152565,-0.0029555352298529214,-0.2931889785039756,0.04508983559557751,-0.3929336948473899,-1.2582838713659292,-0.846044311808155
2.2325,4,0.4648404189958053,0.9803677850790612,0.15885886765592644,0.1871699018605192,0.9141775005536753,-0.003929634102677864,-0.29635229142404174,0.04296492657842449,-0.3864287638840783,-1.2723532024510853,-0.8538888725893129
2.235,4,0.46734041899580525,0.9856403891008721,0.1588478423644128,0.1864250304357251,0.9142822362677606,-0.004888098309463989,-0.2995506767958511,0.04082036102476807,-0.3804269451497142,-1.2863412690804943,-0.8617696828061298
2.2375000000000003,4,0.46984041899580564,0.9909129931226841,0.1588344391393821,0.1856721194220858,0.9143815859020054,-0.0058321930042858,-0.30278392723066583,0.0386560472475547,-0.3749341374462089,-1.3002446891752153,-0.8696875932296867
2.24,4,0.4723404189958056,0.9961855971444952,0.1588186923078101,0.18491108192498756,0.9144754999690262,-0.0067631980882225315,-0.30605182688454957,0.03647189143280453,-0.36995623957547463,-1.3140600806563054,-0.8776434546310601
2.2425,5,0.0006914046457282552,0.00548979732870465,0.15880063297848832,0.18414183159999611,0.9145639287442485,-0.007682408192597617,-0.30935415145077627,0.03426779765479337,-0.36549905337363275,-1.3277840175083784,-0.8856380299333863
2.245,5,0.003191404645728202,0.02533995802194869,0.15878028901000202,0.18336428267619007,0.9146468222649777,-0.008591125154455613,-0.31269066475036766,0.03204367469303543,-0.3615592325165018,-1.341408928567859,-0.8936637941157487
2.2475,5,0.005691404645728149,0.045190118715192726,0.15875768503720003,0.18257835000599912,0.9147241303824654,-0.009490618935109094,-0.31606110102379353,0.029799471438841704,-0.3581169075741779,-1.3549197558410397,-0.9016982527457336
2.25,5,0.008191404645728095,0.06504027940843676,0.15873284258586587,0.18178394915500512,0.9147958028938797,-0.010382106268076254,-0.3194651552560762,0.027535196239615256,-0.35515047353160234,-1.3683006549184307,-0.9097173390056416
2.2525,5,0.010691404645728042,0.0848904401016808,0.1587057802074649,0.1809809965008411,0.9148617896924667,-0.01126674987433764,-0.3229024828212145,0.025250917609803407,-0.3526383253737163,-1.3815357813905413,-0.9176969860777732
2.255,5,0.013191404645727989,0.10474060079492485,0.15867651361417573,0.18016940933221892,0.9149220409179666,-0.012145658462336156,-0.3263726994821831,0.022946764230897716,-0.3505588580854613,-1.3946092908478809,-0.9256131271444293
2.2575,5,0.015691404645727935,0.12459076148816889,0.1586450558139215,0.17934910594795675,0.9149765071070327,-0.013019886727977053,-0.3298753813909335,0.020622924951434002,-0.34889046665177853,-1.407505338880959,-0.9334416953879104
2.2600000000000002,5,0.018191404645728326,0.14444092218141646,0.15861141724540131,0.17852000575600657,0.9150251393436483,-0.013890435354628096,-0.3334100650883936,0.018279648786991908,-0.3476115460576091,-1.4202080810802877,-0.9411586239905186
2.2625,5,0.020691404645728273,0.1642910828746605,0.15857560591312148,0.1776820293724822,0.9150678894095444,-0.01475825101311893,-0.33697624750446603,0.015917244920196576,-0.3467004912878948,-1.4327016730363722,-0.9487398461345519
2.265,5,0.02319140464572822,0.18414124356790454,0.15853762752242692,0.17683509872068606,0.9151047099346175,-0.015624226361742028,-0.3405733859580314,0.013536082700716144,-0.34613569732757676,-1.4449702703397238,-0.9561612950023121
2.2675,5,0.025691404645728166,0.20399140426114856,0.1584974856145325,0.17597913713013733,0.9151355545473467,-0.016489200046252057,-0.344200898156946,0.011136591645263429,-0.3458955591615962,-1.4569980285808524,-0.9633989037760999
2.27,5,0.028191404645728113,0.2238415649543926,0.1584551817015544,0.17511406943559923,0.9151603780252122,-0.01735395669986604,-0.3478581621980424,0.008719261437595473,-0.34595847177489447,-1.4687691033502677,-0.9704286056382163
2.2725,5,0.03069140464572806,0.24369172564763664,0.15841071540154134,0.17423982207610683,0.9151791364451122,-0.01821922694326334,-0.3515445165671295,0.006284641928513593,-0.3463028301524128,-1.480267650238479,-0.9772263337709616
2.275,5,0.033191404645728007,0.26354188634088066,0.15836408457350612,0.17335632319399435,0.9151917873337805,-0.019085687384585697,-0.3552592601389924,0.0038333431358633335,-0.34690702927909267,-1.4914778248359961,-0.9837680213566365
2.2775,5,0.03569140464572795,0.28339204703412474,0.1583152854524568,0.17246350273392283,0.9151982898182046,-0.01995396061943719,-0.35900165217739244,0.0013660352445344912,-0.34774946413987534,-1.5023837827333284,-0.990029601577542
2.2800000000000002,5,0.038191404645728344,0.3032422077273723,0.1582643127844281,0.17156129254190755,0.915198604776043,-0.020824615230884396,-0.36277091233506814,-0.0011165513935393258,-0.3488085297197022,-1.5129696795209875,-0.9959870076159794
2.2825,5,0.04069140464572829,0.32309236842061634,0.15821115996151275,0.17064962646434623,0.9151926949860425,-0.021698165789455805,-0.36656622065373196,-0.003613626259378935,-0.3500626210035144,-1.523219670789479,-1.0016161726542474
2.285,5,0.04319140464572824,0.34294252911386036,0.15815581915689286,0.16972844044704558,0.9151805252784566,-0.022575072853142704,-0.37038671756407476,-0.00612433866696223,-0.35149013297625314,-1.5331179121293148,-1.006893029874648
2.2875,5,0.045691404645728184,0.3627926898071044,0.1580982814598712,0.16879767263424947,0.9151620626854625,-0.023455742967398586,-0.37423150388576326,-0.008647777763222425,-0.35306946062286004,-1.5426485591310037,-1.011793512459481
2.29,5,0.04819140464572813,0.38264285050034846,0.15803853701090262,0.1678572634676665,0.9151372765915787,-0.02434052866513931,-0.37809964082743996,-0.011182972528048476,-0.3547789989282762,-1.5517957673850562,-1.0162935535910478
2.2925,5,0.05069140464572808,0.4024930111935925,0.15797657513662527,0.16690715578549734,0.9151061388840831,-0.02522972846674306,-0.38199014998672404,-0.013728891774285093,-0.35659714287744304,-1.560543692481981,-1.0203690864516493
2.295,5,0.053191404645728024,0.4223431718868365,0.15791238448489214,0.16594729492146243,0.91506862410343,-0.02612358688005039,-0.38590201335021085,-0.016284444147732724,-0.3585022874553019,-1.5688764900122885,-1.0239960442235854
2.2975,5,0.05569140464572797,0.4421933325800806,0.15784595315980218,0.16497762880382955,0.9150247095936681,-0.027022294400364223,-0.389834173293472,-0.018848478127147603,-0.36047282764679395,-1.5767783155664878,-1.0271503600891574
2.3000000000000003,5,0.05819140464572836,0.4620434932733281,0.15777726885673182,0.16399810805444104,0.9149743756528582,-0.027925987510449963,-0.39378553258105586,-0.021419782024242134,-0.36248715843686097,-1.5842333247350897,-1.029807967230666
2.3025,5,0.06069140464572831,0.4818936539665722,0.15770631899736626,0.16300868608774227,0.9149176056834903,-0.02883474868053491,-0.3977549543664854,-0.02399708398368314,-0.3645236748104435,-1.5912256731086016,-1.031944798830411
2.305,5,0.06319140464572826,0.5017438146598162,0.15763309086473073,0.16200931920980804,0.9148543863429018,-0.029748606368309193,-0.40174126219226153,-0.026579051983094525,-0.36656077175248336,-1.5977395162775339,-1.0335367880706936
2.3075,5,0.0656914046457282,0.5215939753530603,0.157557571738222,0.16099996671737085,0.9147847076936948,-0.030667535018925125,-0.4057432399898611,-0.029164293833055535,-0.36857684424792164,-1.6037590098323964,-1.0345598681338144
2.31,5,0.06819140464572815,0.5414441360463043,0.15747974902863954,0.15998059099684825,0.9147085633541535,-0.03159145506499737,-0.40975963207973704,-0.0317513571771011,-0.37055028728169986,-1.6092683093636986,-1.0349899722020743
2.3125,5,0.0706914046457281,0.5612942967395483,0.15739961041321704,0.15895115762337048,0.9146259506486625,-0.032520232926602985,-0.41378914317131854,-0.03433872949172198,-0.3724594958387592,-1.61425157046195,-1.034803033457774
2.315,5,0.07319140464572804,0.5811444574327924,0.15731714397065363,0.15791163545980796,0.9145368707581236,-0.03345368101128132,-0.41783043836301115,-0.03692483808636467,-0.37428286490404106,-1.6186929487176607,-1.0339749850832134
2.3175,5,0.07569140464572799,0.6009946181260364,0.15723233831614522,0.15686199675579893,0.914441328870374,-0.03439155771403412,-0.42188214314219663,-0.039508050103431315,-0.3759987894624867,-1.6225765997213395,-1.0324817602606942
2.32,5,0.07819140464572794,0.6208447788192805,0.15714518273641598,0.15580221724677687,0.9143393343306037,-0.03533356741732546,-0.4259428433852331,-0.04208667251827996,-0.3775856644990374,-1.6258866790634965,-1.0302992921725165
2.3225000000000002,5,0.08069140464572833,0.640694939512528,0.15705566732474951,0.15473227625299799,0.9142309007917728,-0.03627936049108197,-0.4300110853574555,-0.04465895213922478,-0.3790218849986348,-1.6286073423346414,-1.0274035140009803
2.325,5,0.08319140464572827,0.6605451002057721,0.15696378311602033,0.15365215677856955,0.9141160463650301,-0.03722853329269209,-0.43408537571317307,-0.04722307560753432,-0.38028584594621967,-1.6307227451252833,-1.0237703589283875
2.3275,5,0.08569140464572822,0.6803952608990161,0.15686952222172512,0.1525618456104762,0.9139947937701293,-0.03818062816700714,-0.4381641814956735,-0.049777169397434304,-0.38135594232673353,-1.632217043025932,-1.0193757601370383
2.33,5,0.08819140464572817,0.7002454215922601,0.1567728779650141,0.1514613334176084,0.9138671704858476,-0.039135133446340606,-0.4422459301372197,-0.0523192998161057,-0.38221056912511775,-1.6330743916270969,-1.0141956508092334
2.3325,5,0.09069140464572811,0.7200955822855042,0.15667384501572243,0.15035061484978962,0.9137332089004033,-0.04009148345046836,-0.4463290094590513,-0.05484747300368523,-0.3828281213263137,-1.6332789465192878,-1.0082059641272734
2.335,5,0.09319140464572806,0.7399457429787482,0.1565724195254014,0.14922968863680414,0.9135929464618728,-0.04104905848662859,-0.45041176767138386,-0.05735963493326541,-0.3831869939152626,-1.6328148632930142,-1.001382633273459
2.3375,5,0.095691404645728,0.7597959036719922,0.15646859926235,0.14809855768742436,0.913446425828609,-0.04200718484952188,-0.4544925133734095,-0.059853671410894455,-0.38326558187690585,-1.6316662975387857,-0.9937015914300905
2.34,5,0.09819140464572795,0.7796460643652363,0.15636238374664604,0.1469572291884386,0.9132936950196578,-0.04296513482131111,-0.45856951555329645,-0.062327408075576386,-0.38304228019618464,-1.6298174048471117,-0.9851387717794691
2.3425000000000002,5,0.10069140464572834,0.7994962250584838,0.15625377438517762,0.14580571470367826,0.9131348075651773,-0.043922126671621736,-0.4626410035881898,-0.06477861039927134,-0.38249548385804033,-1.6272523408085016,-0.9756701075038934
2.345,5,0.10319140464572829,0.8193463857517279,0.15614277460667456,0.14464403027304623,0.9129698226568536,-0.04487732465754104,-0.4667051672442092,-0.06720498368689397,-0.38160358784741427,-1.6239552610134658,-0.9652715317856675
2.3475,5,0.10569140464572824,0.8391965464449719,0.15602938999673946,0.14347219651154342,0.91279880529832,-0.04582983902361915,-0.4707601566764521,-0.06960417307631596,-0.38034498714924775,-1.6199103210525132,-0.9539189778070906
2.35,5,0.10819140464572818,0.859046707138216,0.15591362843287931,0.14229023870829682,0.9126218264555735,-0.04677872600186841,-0.47480408242899197,-0.07197376353836428,-0.37869807674848216,-1.6151016765161537,-0.9415883787504631
2.3525,5,0.11069140464572813,0.87889686783146,0.15579550021953673,0.1410981869255871,0.9124389632073931,-0.047722987811763484,-0.4788350154348786,-0.07431127987682172,-0.3766412516300588,-1.6095134829948965,-0.9282556677980857
2.355,5,0.11319140464572808,0.898747028524704,0.15567501822312133,0.13989607609787602,0.9122502988957572,-0.048661572660241396,-0.48285098701613766,-0.07661418672842672,-0.37415290677891894,-1.603129896079252,-0.9138967781322592
2.3575,5,0.11569140464572802,0.9185971892179481,0.15555219800704104,0.13868394613083418,0.9120559232762607,-0.04959337474170156,-0.48684998888377146,-0.0788798885628736,-0.37121143718000377,-1.5959350713597285,-0.8984876429352843
2.36,5,0.11819140464572797,0.9384473499111922,0.15542705796673345,0.1374618420003683,0.9118559326685336,-0.050517234238005686,-0.49082997313775834,-0.08110572968281235,-0.36779523781825485,-1.5879131644268367,-0.8820041953894614
2.3625000000000003,5,0.12069140464572836,0.9582975106044397,0.15529961946469717,0.1362298138516488,0.9116504301066577,-0.05143193731847804,-0.4947888522670538,-0.08328899422384907,-0.3638827036786125,-1.5790483308710839,-0.8644223686770882
2.365,5,0.12319140464572831,0.9781476712976838,0.1551699069655232,0.13498791709813818,0.911439525489585,-0.052336216139904745,-0.49872449914958733,-0.08542690615454455,-0.3594522297460196,-1.569324726282983,-0.8457180959804714
2.3675,5,0.12569140464572826,0.9979978319909277,0.15503794817092628,0.13373621252061718,0.9112233357315545,-0.05322874884653475,-0.502634747052267,-0.08751662927641639,-0.35448221100541694,-1.5587265062530424,-0.825867310481909
2.37,6,0.002247839823564579,0.012907318047247247,0.1549037741534722,0.13247476636529731,0.911001984910533,-0.0541081624704732,-0.5065173916682274,-0.08955527162168544,-0.34895620365326924,-1.5472414516324302,-0.8048537710956422
2.3725,6,0.004747839823564526,0.027262564706658686,0.15476741944331301,0.131203650408925,0.9107756043454042,-0.05497307615682189,-0.5103702214783845,-0.09153995099377103,-0.3428857534611566,-1.5348770032891694,-0.7827036761730418
2.375,6,0.0072478398235644725,0.04161781136607013,0.1546289219698267,0.12992294192196946,0.9105443324531524,-0.05582215502657176,-0.5141910555849989,-0.09346787663737205,-0.336291849820419,-1.5216472353367982,-0.75945754303622
2.3775,6,0.00974783982356442,0.05597305802548157,0.15448832293397524,0.1286327235831474,0.9103083145010014,-0.056654116691947816,-0.5179777482880867,-0.09533635911741477,-0.3291954894083293,-1.5075662270065309,-0.7351559000546475
2.38,6,0.012247839823564366,0.07032830468489301,0.15434566667707544,0.127333083391428,0.9100677023531112,-0.057467731256868305,-0.5217281890857424,-0.09714281031974914,-0.32161766890216054,-1.492648057529581,-0.7098392755977948
2.3825,6,0.014747839823564313,0.08468355134430446,0.1542010005495697,0.12602411457803753,0.9098226542172763,-0.05826182131694459,-0.5254403026741382,-0.09888474345114882,-0.3135793849791853,-1.4769068061371629,-0.6835481980351327
2.3850000000000002,6,0.017247839823564703,0.09903879800371844,0.15405437477979675,0.12470591551846402,0.9095733343916226,-0.05903526195948139,-0.5291120489475252,-0.10055977303931142,-0.3051016343166749,-1.4603565520604873,-0.6563231957361267
2.3875,6,0.01974783982356465,0.11339404466312988,0.1539058423427625,0.12337858964446302,0.9093199130113063,-0.05978698076347618,-0.5327414229982304,-0.10216561493285731,-0.29620541359190533,-1.4430113745307742,-0.6282047970702573
2.39,6,0.022247839823564597,0.12774929132254131,0.1537554588289107,0.12204224535606088,0.9090625657952104,-0.06051595779962006,-0.5363264551166607,-0.10370008630133147,-0.2869117194821477,-1.4248853527792347,-0.5992335304069903
2.3925,6,0.024747839823564544,0.14210453798195277,0.15360328231289375,0.12069699593356065,0.908801473792643,-0.06122122563029713,-0.5398652107913009,-0.10516110563520226,-0.2772415486646751,-1.4059925660370824,-0.5694499241157963
2.395,6,0.02724783982356449,0.1564597846413642,0.15344937322234348,0.11934295944954652,0.9085368231300348,-0.0619018693095847,-0.5433557907087132,-0.10654669274586168,-0.26721589781676014,-1.3863470935355318,-0.538894506566146
2.3975,6,0.029747839823564437,0.17081503130077566,0.15329379420664194,0.11798025868088868,0.9082688047576372,-0.06255702638325326,-0.5467963307535382,-0.10785496876562543,-0.2568557636156757,-1.3659630145057968,-0.50760780612751
2.4,6,0.032247839823564384,0.1851702779601871,0.15313661000569212,0.11660902102074816,0.9079976141962193,-0.06318588688876647,-0.5501850020084945,-0.1090841561477329,-0.2461821427386947,-1.3448544081790907,-0.47563035116935903
2.4025,6,0.03474783982356433,0.19952552461959852,0.15297788731868872,0.11522937839058156,0.907723451283766,-0.06378769335528119,-0.5535200107543787,-0.11023257866634714,-0.23521603186308987,-1.3230353537866284,-0.4430026700611636
2.4050000000000002,6,0.03724783982356472,0.21388077127901253,0.15281769467288892,0.11384146715214565,0.9074465199221756,-0.06436174080364754,-0.556799598470066,-0.11129866141655505,-0.22397842766613196,-1.3005199305596193,-0.4097652911723883
2.4075,6,0.03974783982356467,0.22823601793842396,0.15265610229238322,0.11244542801950314,0.9071670278239579,-0.06490737674640853,-0.5600220418325078,-0.11228093081436666,-0.21249032682509794,-1.277322217729286,-0.37595874287251574
2.41,6,0.042247839823564615,0.2425912645978354,0.15249318196686612,0.11104140597102607,0.9068851862589311,-0.06542400118780066,-0.5631856527167356,-0.11317801459671623,-0.2007727260172586,-1.2534562945268375,-0.3416235535310107
2.4125,6,0.04474783982356456,0.2569465112572468,0.15232900692040688,0.1096295501614015,0.9066012098009202,-0.06591106662375353,-0.5662887781958578,-0.11398864182146155,-0.18884662191988674,-1.2289362401834885,-0.30680025151734375
2.415,6,0.04724783982356451,0.2713017579166583,0.1521636516802203,0.10821001383363615,0.906315316074454,-0.06636807804188986,-0.5693298005410614,-0.11471164286738401,-0.17673301121025517,-1.2037761339304527,-0.2715293652009854
2.4175,6,0.049747839823564455,0.28565700457606974,0.15199719194543762,0.10678295423106118,0.9060277255014636,-0.06679459292152563,-0.5723071372216112,-0.11534594943418876,-0.16445289056563672,-1.1779900549989442,-0.23585142295140651
2.42,6,0.0522478398235644,0.30001225123548114,0.15182970445587704,0.10534853250933698,0.9057386610479796,-0.06719022123366994,-0.57521924090485,-0.11589059454250455,-0.15202725666330427,-1.151592082620177,-0.19980695313807778
2.4225,6,0.05474783982356435,0.3143674978948926,0.1516612668608147,0.10390691364845797,0.9054483479708297,-0.06755462544102508,-0.5780645994561986,-0.11634471253388388,-0.13947710618053055,-1.124596296025365,-0.16343648413046957
2.4250000000000003,6,0.05724783982356474,0.3287227445543066,0.1514919575877553,0.10245826636475718,0.9051570135643366,-0.06788752049798666,-0.5808417359391564,-0.11670753907080293,-0.1268234357945862,-1.0970167744457173,-0.12678054429804594
2.4275,6,0.059747839823564686,0.343077991213718,0.1513218557112031,0.10100276302291206,0.904864886907016,-0.06818867385064316,-0.5835492086152996,-0.1169784111366614,-0.11408724218274856,-1.0688675971124577,-0.08987966201029086
2.43,6,0.06224783982356463,0.3574332378731295,0.1511510408214323,0.09954057954794776,0.9045721986082734,-0.06845790543677654,-0.5861856109442833,-0.11715676703578283,-0.10128952202228814,-1.0401628432567949,-0.05277436563666826
2.4325,6,0.06474783982356458,0.37178848453254093,0.15097959289325819,0.09807189533724295,0.9042791805551028,-0.0686950876858618,-0.5887495715838408,-0.11724214639341439,-0.08845127199047782,-1.0109165921099437,-0.015505183546648713
2.435,6,0.06724783982356453,0.3861437311919524,0.15080759215480768,0.09659689317253436,0.9039860656587836,-0.06890014551906719,-0.5912397543897829,-0.11723419015572695,-0.07559348876459034,-0.9811429229031172,0.02188735589029687
2.4375,6,0.06974783982356447,0.4004989778513638,0.15063511895629014,0.0951157591319216,0.9036930876015788,-0.06907305634925408,-0.593654858415999,-0.11713264058981505,-0.06273716902189866,-0.9508559148675301,0.05936272430469792
2.44,6,0.07224783982356442,0.41485422451077525,0.15046225363876825,0.09362868250187195,0.9034004805834326,-0.06921385008097707,-0.5959936179144558,-0.11693734128369683,-0.04990330943967556,-0.9200696472343957,0.09688039332708397
2.4425,6,0.07474783982356437,0.4292094711701867,0.15028907640292855,0.0921358556892252,0.9031084790686675,-0.0693226091104839,-0.5982548023351989,-0.11664823714631418,-0.037112906695193716,-0.8887981992349285,0.13439983458798457
2.445,6,0.07724783982356431,0.4435647178295981,0.1501156671778525,0.0906374741331984,0.9028173175326832,-0.06939946832571553,-0.600437216326351,-0.11626537440753269,-0.0243869574657262,-0.8570556501003426,0.17188051971792856
2.4475000000000002,6,0.0797478398235647,0.4579199644890121,0.14994210548978693,0.08913373621739046,0.9025272302086532,-0.0694446151063061,-0.6025396997341143,-0.11578890061814151,-0.01174645842854334,-0.8248560790618454,0.20928192034745235
2.45,6,0.08224783982356465,0.4722752111484236,0.14976847033091514,0.08762484318178795,0.9022384508342227,-0.06945828932358289,-0.6045611276027667,-0.11521906464985364,0.0007875937390773331,-0.7922135653506631,0.24656350810707178
2.4525,6,0.0847478398235646,0.486630457807835,0.14959484002812737,0.08611099903476838,0.901951212398207,-0.06944078334056641,-0.6065004101746663,-0.11455621669530565,0.013194202359865376,-0.7591421881980038,0.283684754627323
2.455,6,0.08724783982356454,0.5009857044672464,0.14942129211179173,0.084592410465106,0.901665746887288,-0.06939244201197033,-0.6083564928902482,-0.11380080826805773,0.02545237075654789,-0.7256560268350812,0.32060513153873554
2.4575,6,0.08974783982356449,0.5153409511266579,0.14924790318452494,0.08306928675397643,0.901382285032713,-0.06931366268420149,-0.6101283563880258,-0.1129533922025939,0.03754110225185209,-0.6917691604931097,0.35728411047183856
2.46,6,0.09224783982356444,0.5296961977860694,0.14907474878996305,0.08154183968696134,0.9011010560569919,-0.06920489519535994,-0.6118150165045904,-0.11201462265432173,0.04943940016850512,-0.6574956684033029,0.3936811630571612
2.4625,6,0.09474783982356438,0.5440514444454808,0.1489019032815323,0.08001028346605338,0.9008222874205946,-0.06906664187523891,-0.6134155242746117,-0.11098525509957252,0.06112626782923427,-0.622849629796875,0.4297557609252332
2.465,6,0.09724783982356433,0.5584066911048922,0.1487294396912198,0.07847483462166091,0.9005462045686494,-0.06889945754532477,-0.6149289659308369,-0.10986614633560125,0.0725807085567665,-0.5878451239050401,0.4654673757065836
2.4675000000000002,6,0.09974783982356472,0.5727619377643062,0.14855742959834428,0.07693571192461253,0.9002730306776402,-0.0687039495187971,-0.6163544629040919,-0.10865825448058625,0.08378172567383117,-0.5524962299590054,0.5007754790317485
2.47,6,0.10224783982356467,0.5871171844237176,0.14838594299832703,0.07539313629816302,0.9000029864021042,-0.06848077760052872,-0.6176911718232797,-0.10736263897363038,0.09470832250315137,-0.516817027189998,0.5356395425312441
2.4725,6,0.10474783982356461,0.6014724310831291,0.1482150481714624,0.07384733072999648,0.8997362896213298,-0.06823065408708553,-0.618938284515382,-0.10598046057475938,0.10533950236745634,-0.480821594829225,0.570019037835607
2.475,6,0.10724783982356456,0.6158276777425405,0.1480448115516888,0.07229852018423225,0.8994731551860541,-0.06795434376672668,-0.6200950280054586,-0.1045129813649229,0.11565426858947321,-0.4445240121079009,0.6038734365753656
2.4775,6,0.10974783982356451,0.630182924401952,0.14787529759535933,0.07074693151342938,0.8992137946651606,-0.06765266391940447,-0.6211606645166471,-0.10296156474599433,0.1256316244919292,-0.4079383582572394,0.6371622103810497
2.48,6,0.11224783982356445,0.6445381710613634,0.14770656865001264,0.06919279337059153,0.8989584160923771,-0.06732648431676441,-0.622134491470163,-0.10132767544077068,0.13525057339755125,-0.3710787125084548,0.6698448308831881
2.4825,6,0.1147478398235644,0.6588934177207748,0.1475386848231436,0.06763633612117169,0.8987072237129734,-0.06697672722214518,-0.6230158414853001,-0.09961287949297265,0.14449011862906697,-0.3339591540927604,0.7018807697123114
2.485,6,0.11724783982356435,0.6732486643801863,0.14737170385097415,0.066077791755077,0.8984604177304584,-0.06660436739057857,-0.6238040823794304,-0.0978188442672446,0.1533292635092033,-0.2965937622413711,0.733229498498948
2.4875000000000003,6,0.11974783982356474,0.6876039110396003,0.14720568096722397,0.06451739379867334,0.8982181940532785,-0.06621043206878964,-0.6244986171680033,-0.09594733844915428,0.16174701136068878,-0.2589966161854934,0.7638504888736328
2.49,6,0.12224783982356469,0.7019591576990117,0.14704066877188146,0.06295537722679119,0.8979807440415153,-0.0657960009951967,-0.6250988840645468,-0.09400023204519406,0.1697223655062477,-0.22118179515635528,0.7937032124668845
2.4925,6,0.12474783982356463,0.7163144043584232,0.14687671709997419,0.06139197837472875,0.8977482542535824,-0.06536220639991108,-0.6256043564806667,-0.09197949638277901,0.17723432926860888,-0.18316337838516317,0.8227471409092376
2.495,6,0.12724783982356458,0.7306696510178347,0.1467138728903399,0.05982743485025792,0.8975209061929242,-0.06491023300473739,-0.626014543026047,-0.08988720411024825,0.18426190597049932,-0.1449554451031317,0.8509417458312221
2.4975,6,0.12974783982356453,0.745024897677246,0.14655218005439727,0.058261985445628786,0.897298876054713,-0.06444131802317339,-0.6263289875084493,-0.08772552919686455,0.19078409893464623,-0.10657207454147517,0.8782464988633664
2.5,6,0.13224783982356447,0.7593801443366575,0.14639167934491648,0.05669587004957441,0.8970823344725467,-0.06395675116041002,-0.6265472689337139,-0.08549674693281428,0.19677991148377683,-0.06802734593140701,0.904620871636201
2.5025,6,0.13474783982356442,0.7737353909960689,0.14623240822479025,0.055129329559315696,0.8968714462651465,-0.06345787461333144,-0.6266690015057588,-0.08320323392920762,0.2022283469406181,-0.029335338504141068,0.9300243357802543
2.505,6,0.13724783982356437,0.7880906376554804,0.14607440073580438,0.05356260579256611,0.8966663701830547,-0.06294608307051493,-0.6266938346265797,-0.08084746811807832,0.20710840862789748,0.009489868509108313,0.954416362926056
2.5075,6,0.1397478398235643,0.8024458843148918,0.14591768736740868,0.05199594139953653,0.8964672586553326,-0.06242282371223099,-0.6266214528962509,-0.07843202875238385,0.2113990998683424,0.048434195877127495,0.977756424704136
2.5100000000000002,6,0.1422478398235647,0.8168011309743058,0.14576229492548756,0.05042957977493985,0.8962742575362578,-0.06188959621044323,-0.6264515761129243,-0.07595959640600497,0.21507942398468,0.08748356436870923,1.0000039927450268
2.5125,6,0.14474783982356465,0.8311563776337172,0.14560824640113107,0.04886376496999674,0.896087505852022,-0.061347952728808684,-0.6261839592728304,-0.07343295297374729,0.21812838429963655,0.12662389475262548,1.0211185386792503
2.515,6,0.1472478398235646,0.8455116242931286,0.1454555608394054,0.04729874160443888,0.8959071355474286,-0.06079949792267729,-0.6258183925702769,-0.07085498167133895,0.2205249841359396,0.16584110779766897,1.0410595341373394
2.5175,6,0.14974783982356454,0.8598668709525401,0.14530425320812368,0.04573475477851488,0.8957332712325909,-0.06024588893909226,-0.6253547013976504,-0.06822866703543203,0.2222482268163167,0.2051211242726268,1.0597864507498238
2.52,6,0.1522478398235645,0.8742221176119516,0.14515433426661695,0.04417204998499477,0.8955660299296293,-0.05968883541679005,-0.6247927463454149,-0.06555709492360248,0.2232771156634951,0.24444986494628437,1.0772587601472334
2.5225,6,0.15474783982356444,0.888577364271363,0.14500581043450475,0.042610873021174805,0.8954055208193686,-0.059130099486200224,-0.6241324232021128,-0.06284345251434978,0.22359065400020142,0.28381325058742757,1.0934359339600968
2.525,6,0.15724783982356438,0.9029326109307745,0.14485868366046586,0.04105146990088235,0.895251844988037,-0.05857149576944552,-0.6233736629543642,-0.060091028307097116,0.2231678451491632,0.32319720196484236,1.1082774438189429
2.5275,6,0.15974783982356433,0.9172878575901859,0.14471295129100925,0.03949408676648056,0.8951050951739623,-0.058014891380341944,-0.6225164317868678,-0.05730321212219144,0.2219876924331078,0.362587639847315,1.1217427613543025
2.5300000000000002,6,0.16224783982356472,0.9316431042495998,0.14456860593924462,0.03793896980087301,0.8949653555142708,-0.0574622059243985,-0.6215607310823994,-0.05448349510090268,0.22002919917476185,0.40197048500363836,1.1337913581967065
2.5325,6,0.16474783982356467,0.9459983509090113,0.14442563535365338,0.03638636513950952,0.8948327012915841,-0.0569154114988177,-0.6205065974218139,-0.05163546970542623,0.21727136869685268,0.4413316582025846,1.1443827059766796
2.535,6,0.16724783982356461,0.9603535975684228,0.14428402228685924,0.034836518782389386,0.8947071986807174,-0.05637653269249494,-0.6193541025840437,-0.048762829718879325,0.21369320432210784,0.48065708021294684,1.1534762763247528
2.5375,6,0.16974783982356456,0.9747088442278342,0.14414374436439914,0.033289676506067234,0.8945889044953768,-0.05584764658601893,-0.6181033535460991,-0.04586937024530368,0.20927370937325465,0.519932671803511,1.1610315408714567
2.54,6,0.1722478398235645,0.9890640908872457,0.14400477395349381,0.031746083775657574,0.894477865934857,-0.05533088275167151,-0.6167544924830687,-0.04295898770966452,0.20399188717301978,0.5591443537430634,1.1670079712473207
2.5425,7,0.0005954856833505495,0.003279262787331816,0.14386707803182053,0.03020598565683928,0.8943741203307428,-0.05482842323865414,-0.6153076967699427,-0.04003567983040668,0.1978268402815431,0.5982780345492497,1.1713652234289869
2.545,7,0.0030954856833504962,0.017046440063873135,0.1437306180629534,0.028669626727037417,0.894277694905996,-0.054342491859558514,-0.6137631803042295,-0.03710352571771277,0.190771213830846,0.6373179508705012,1.1740881104422005
2.5475,7,0.005595485683350443,0.030813617340414455,0.14359534996064985,0.027137250975635723,0.8941886066990855,-0.05387529280609935,-0.612121201084018,-0.03416657184442061,0.18284482346083752,0.676244985078397,1.175211917985647
2.5500000000000003,7,0.008095485683350834,0.04458079461695822,0.14346122419698154,0.025609101686431893,0.8941068627553276,-0.053428974160411334,-0.6103820657126126,-0.031228764263618664,0.17407073130235054,0.7150396187559355,1.1747779625276709
2.5525,7,0.01059548568335078,0.05834797189349954,0.1433281859458841,0.024085421315721105,0.8940324603840196,-0.05300562634930225,-0.6085461295893609,-0.028293945737226094,0.16447199948622257,0.753682333486095,1.1728275605366163
2.555,7,0.013095485683350727,0.07211514917004086,0.1431961752272951,0.02256645137030431,0.893965387416668,-0.05260728214425258,-0.6066137969096526,-0.02536585573598965,0.15407169014328664,0.7921536108518744,1.169402028480828
2.5575,7,0.015595485683350674,0.08588232644658218,0.1430651270512928,0.021052432285499207,0.8939056224652165,-0.052235916661415804,-0.6045855206649194,-0.022448130439485733,0.14289286540437718,0.8304339324362655,1.1645426828286507
2.56,7,0.01809548568335062,0.09964950372312349,0.14293497156223398,0.019543603303149852,0.8938531351802738,-0.05189344736161832,-0.6024618026426366,-0.019544302736119894,0.13095858740032867,0.86850377982226,1.1582908400484286
2.5625,7,0.020595485683350567,0.11341668099966482,0.14280563418289272,0.01804020234963656,0.8938078865093414,-0.05158173405035943,-0.600243193426321,-0.016657802223126798,0.11829191826197549,0.9063436345928503,1.1506878166085064
2.565,7,0.023095485683350514,0.12718385827620612,0.1426770357585984,0.016542465913885817,0.8937698289550419,-0.05130257887781135,-0.5979302923955327,-0.013791955206570276,0.10491592012015218,0.9439339783310278,1.1417749289772288
2.5675,7,0.02559548568335046,0.14095103555274746,0.14254909270137417,0.015050628925380132,0.8937389068333466,-0.051057726338819207,-0.5955237477258739,-0.010949984701343285,0.09085365510569311,0.9812552926197848,1.1315934936229395
2.57,7,0.028095485683350407,0.15471821282928877,0.1424217171340752,0.013564924632167977,0.8937150565318034,-0.05084886327290106,-0.5930242563889893,-0.008135010431167926,0.07612818534943282,1.0182880590421128,1.1201848270139836
2.5725000000000002,7,0.030595485683350798,0.16848539010583255,0.14229481703452704,0.012085584478873382,0.8936982067677652,-0.050677618864247834,-0.5904325641525658,-0.005350048828594929,0.06076257298220291,1.055012759181011,1.1075902456187032
2.575,7,0.033095485683350745,0.18225256738237386,0.14216829637966397,0.0106128379847069,0.8936882788466171,-0.05054556464172347,-0.5877494655803343,-0.0025980130350056717,0.04477988013484339,1.0914098746194574,1.0938510659054475
2.5775,7,0.03559548568335069,0.19601974465891517,0.14204205528966718,0.009146912621473914,0.893685186920005,-0.0504542144788647,-0.5849758040320666,0.00011828709939082794,0.02820316893818594,1.1274598869404504,1.0790086043425582
2.58,7,0.03809548568335064,0.2097869219354565,0.1419159901721032,0.007688033691585591,0.893688838244063,-0.05040502459388125,-0.5821124716635776,0.0027961450155559245,0.011055501523065052,1.1631432777269828,1.0631041773983803
2.5825,7,0.040595485683350585,0.22355409921199781,0.14178999386606228,0.006236424206068503,0.8936991334376418,-0.05039939354965574,-0.5791604094267246,0.005432957445621822,-0.006640059979684778,1.1984405285620456,1.046179101541258
2.585,7,0.04309548568335053,0.23732127648853912,0.14166395578629648,0.004792304762574532,0.8937159667405362,-0.050438662253743674,-0.5761206070694078,0.008026224412891603,-0.02486045343922916,1.2333321210286312,1.0282746932395361
2.5875,7,0.04559548568335048,0.25108845376508043,0.14153776206735824,0.0033558934233907448,0.8937392262717134,-0.050524113958373515,-0.5729941031355695,0.010573549231839181,-0.04358261672473361,1.2677985367097315,1.0094322689615591
2.59,7,0.048095485683350425,0.2648556310416218,0.14141129570773855,0.0019274055934493002,0.8937687942875406,-0.05065697426044661,-0.5697819849651947,0.013072638508109373,-0.06278348770536372,1.3018202571883386,0.989693145175671
2.5925000000000002,7,0.050595485683350816,0.27862280831816555,0.14128443671400526,0.0005070538983371134,0.8938045474400133,-0.05083841110153727,-0.5664853886943103,0.01552130213851823,-0.0824400042502885,1.3353777640474496,0.9690986383502131
2.595,7,0.05309548568335076,0.29238998559470686,0.1411570622449416,-0.0009049519376932991,0.8938463570349825,-0.05106953476789262,-0.5631054992549874,0.01791745331105141,-0.10252910422866648,1.368451538870045,0.947690064953537
2.5975,7,0.05559548568335071,0.30615716287124817,0.14102904675568412,-0.002308405213715378,0.8938940892903837,-0.05135139789043277,-0.5596435503753382,0.02025910850486674,-0.12302772550966667,1.4010220632391226,0.9255087414539837
2.6,7,0.058095485683350656,0.3199243401477895,0.1409002621418614,-0.003703102374117674,0.893947605594464,-0.05168499544475076,-0.5561008245795175,0.022544387490292455,-0.1439128059624547,1.4330698187376743,0.9025959843198975
2.6025,7,0.0605954856833506,0.33369151742433084,0.14077057788373212,-0.005088843130594156,0.8940067627640103,-0.0520712647511125,-0.5524786531877229,0.024771513328827655,-0.16516128345619618,1.464575286948692,0.878993110019623
2.605,7,0.06309548568335055,0.34745869470087215,0.14063986119032348,-0.006465430584134339,0.8940714133025771,-0.05251108547445682,-0.5487784163161946,0.026938812373142284,-0.1867500958600564,1.4955189494551684,0.8547414350215048
2.6075,7,0.0655954856833505,0.36122587197741346,0.1405079771435695,-0.00783267134701341,0.8941414056587148,-0.05300527962439549,-0.5450015428772151,0.02904471426707716,-0.20865618104320116,1.5258812878400938,0.8298822757938872
2.61,7,0.06809548568335044,0.37499304925395477,0.14037478884244925,-0.009190375664782306,0.8942165844841972,-0.05355461155521318,-0.5411495105791098,0.031087751945643997,-0.2308564768747957,1.555642783686461,0.8044569488051148
2.6125000000000003,7,0.07059548568335083,0.3887602265304985,0.14024015754712535,-0.010538357538258061,0.8942967908922494,-0.05415978796586757,-0.5372238459262453,0.033066561635025665,-0.2533279212240099,1.5847839185772674,0.7785067705235275
2.615,7,0.07309548568335078,0.40252740380703983,0.14010394282308214,-0.011876434845512977,0.8943818627157766,-0.054821457899988955,-0.5332261242190334,0.03497988285257485,-0.2760474519600012,1.613285174095494,0.7520730574174789
2.6175,7,0.07559548568335073,0.4162945810835812,0.13996600268526405,-0.01320442946386615,0.8944716347655903,-0.05554021274588084,-0.529157969553926,0.0368265584068162,-0.29899200695193906,1.641127031824138,0.7251971259553087
2.62,7,0.07809548568335067,0.4300617583601225,0.13982619374221392,-0.014522167391872606,0.8945659390886384,-0.05631658623651955,-0.5250210548234183,0.038605534397444845,-0.32213852406898913,1.668289973346192,0.6979202926053619
2.6225,7,0.08059548568335062,0.4438289356366638,0.13968437134021125,-0.01582947887131369,0.8946646052262311,-0.05715105444955432,-0.5208171017160482,0.04031586021532675,-0.34546394118031687,1.6947544802446468,0.670283873835983
2.625,7,0.08309548568335057,0.4575961129132051,0.13954038970741067,-0.01712619850918711,0.8947674604722702,-0.0580440358073073,-0.5165478807163958,0.041956688542498774,-0.3689451961550878,1.7205010341024947,0.6423291861155159
2.6275,7,0.08559548568335051,0.47136329018974643,0.1393941020979801,-0.01841216539969711,0.8948743301314764,-0.058995891076773554,-0.512215211105084,0.04352727535216864,-0.39255922686246764,1.745510116502728,0.6140975459123054
2.63,7,0.08809548568335046,0.4851304674662878,0.13924536093623913,-0.019687223246244535,0.8949850377776176,-0.06000692336962107,-0.5078209609587779,0.0450269799087149,-0.41628297117162166,1.7697622090283383,0.5856302696946963
2.6325,7,0.09059548568335041,0.4988976447428291,0.13909401796079737,-0.02095122048341693,0.8950994055117362,-0.06107737814219074,-0.5033670471501854,0.04645526476768701,-0.4400933669517157,1.7932377932623178,0.5569686739310326
2.6350000000000002,7,0.0930954856833508,0.5126648220193728,0.13893992436869268,-0.0222040103989789,0.8952172542203778,-0.06220744319549656,-0.4988554353480562,0.04781169577580548,-0.4639673520719192,1.8159173507876616,0.5281540750896543
2.6375,7,0.09559548568335074,0.5264319992959142,0.13878293095952962,-0.023445451255861324,0.8953384038338186,-0.06339724867522488,-0.4942881400171846,0.04909594207096101,-0.4878818644013896,1.8377813631873543,0.49922778963891495
2.64,7,0.09809548568335069,0.5401991765724555,0.1386228882796177,-0.024675406414152744,0.8954626735842934,-0.06464686707173549,-0.48966722441840516,0.05030777608221583,-0.5118138418092963,1.8588103120443917,0.47023113404715544
2.6425,7,0.10059548568335064,0.5539663538489968,0.13845964676610958,-0.02589374445308866,0.8955898822642241,-0.06595631322006097,-0.4849948006085959,0.05144707352980283,-0.5357402221648053,1.8789846789417655,0.4412054247827192
2.645,7,0.10309548568335059,0.5677335311255381,0.1382930568911396,-0.027100339293041807,0.8957198484844464,-0.06732554429990677,-0.4802730294406771,0.05251381342512577,-0.559637943337082,1.8982849454624682,0.4121919783139509
2.6475,7,0.10559548568335053,0.5815007084020795,0.13812296930596193,-0.028295070317512258,0.8958523909324391,-0.06875445983565126,-0.4755041205636118,0.05350807807075922,-0.5834839431952914,1.916691593189491,0.3832321111091953
2.65,7,0.10809548568335048,0.5952678856786208,0.13794923498508901,-0.02947782249511758,0.8959873286305511,-0.07024290169634574,-0.47069033242240543,0.05443005306044867,-0.6072551596085997,1.934185103705826,0.3543671396367969
2.6525,7,0.11059548568335043,0.6090350629551621,0.1377717053704298,-0.030648486501582875,0.8961244811942296,-0.0717906540957144,-0.46583397225810597,0.055280027279110425,-0.6309285304461723,1.950745958594465,0.3256383803651001
2.6550000000000002,7,0.11309548568335082,0.6228022402317058,0.13759023251542798,-0.03180695884173114,0.8962636690902483,-0.07339744359215468,-0.46093739610780304,0.05605839290283181,-0.6544809935771788,1.9663546394384037,0.29708714976244405
2.6575,7,0.11559548568335076,0.6365694175082471,0.13740466922920067,-0.03295314197147255,0.8964047138949348,-0.07506293908873601,-0.45600300880463146,0.05676564539887058,-0.6778894868707763,1.980991627820627,0.2687547642971841
2.66,7,0.11809548568335071,0.6503365947847884,0.13721486922067622,-0.034086944419795734,0.896547438552399,-0.07678675183320162,-0.4510332639777658,0.05740238352565581,-0.7011309481961348,1.9946374053241303,0.2406825404376589
2.6625,7,0.12059548568335066,0.6641037720613299,0.13702068724273286,-0.03520828091075716,0.8966916676327609,-0.07856843541796739,-0.44603066405242403,0.057969309332787246,-0.7241823154224196,2.0072724535319053,0.21291179465221283
2.665,7,0.1230954856833506,0.6778709493378712,0.13682197923633702,-0.03631707248547136,0.8968372275903781,-0.08040748578012208,-0.440997760249867,0.05846722816103553,-0.7470205264187968,2.0188772540269446,0.1854838434091913
2.6675,7,0.12559548568335055,0.6916381266144125,0.13661860247468144,-0.037413246624101074,0.8969839470220744,-0.08230334120142735,-0.4359371525873976,0.058897048642342166,-0.7696225190544312,2.029432288392239,0.1584400031769385
2.67,7,0.1280954856833505,0.7054053038909538,0.1364104157073237,-0.03849673736784738,0.8971316569253673,-0.08425538230831783,-0.43085148987836164,0.059259782699819484,-0.7919652311984885,2.038918038210781,0.13182159042379854
2.6725,7,0.13059548568335044,0.7191724811674951,0.1361972793043244,-0.03956748544093974,0.8972801909566963,-0.08626293207190103,-0.42574346973214705,0.059556545547750674,-0.8140256007201344,2.0473149850655625,0.10566992161811564
2.6750000000000003,7,0.13309548568335083,0.7329396584440389,0.13597905540038557,-0.04062543837262633,0.8974293856896502,-0.08832525580795773,-0.42061583855418383,0.059788555691589924,-0.8357805654885385,2.0546036105395773,0.08002631322823058
2.6775,7,0.13559548568335078,0.7467068357205802,0.13575560803898895,-0.04167055061916346,0.8975790808731955,-0.09044156117694058,-0.4154713915459467,0.059957134927962,-0.857207063372858,2.060764396215813,0.05493208172249654
2.68,7,0.13809548568335073,0.7604740129971215,0.1355268033165343,-0.04270278368580663,0.8977291196899044,-0.09261099818397617,-0.4103129727049506,0.060063708344662806,-0.878282032242263,2.0657778236772644,0.030428543569253712
2.6825,7,0.14059548568335067,0.7742411902736628,0.13529250952647767,-0.04372210624880006,0.8978793490141824,-0.09483265917886369,-0.40514347482475377,0.06010980432065896,-0.8989824099659186,2.0696243745069225,0.00655701523684646
2.685,7,0.14309548568335062,0.7880083675502041,0.13505259730346986,-0.0447284942773669,0.8980296196704963,-0.09710557885607517,-0.3999658394949569,0.060097054526088024,-0.9192851344129908,2.07228453028778,-0.016641186806380846
2.6875,7,0.14559548568335057,0.8017755448267454,0.13480693976749455,-0.04572193115569939,0.8981797866916026,-0.09942873425475568,-0.39478305710120326,0.06002719392225833,-0.9391671434526447,2.0737387726028285,-0.039124746092084044
2.69,7,0.14809548568335051,0.8155427221032868,0.1345554126680068,-0.04670240780494889,0.8983297095767745,-0.10180104475872312,-0.3895981668251786,0.05990206076164917,-0.9586053749540459,2.07396758303506,-0.06085234615191834
2.6925,7,0.15059548568335046,0.8293098993798281,0.13429789452807125,-0.04766992280521601,0.8984792525500307,-0.10422137209646826,-0.3844142566446113,0.0597235965879106,-0.9775767667863602,2.0729514431674656,-0.08178267051753853
2.695,7,0.1530954856833504,0.8430770766563694,0.13403426678850047,-0.0486244825175408,0.8986282848183629,-0.10668852034115486,-0.37923446333327215,0.05949384623586361,-0.9960582568187528,2.0706708345830385,-0.1018744027206015
2.6975000000000002,7,0.1555954856833508,0.8568442539329132,0.13376441395199326,-0.049566101205892915,0.8987766808299639,-0.10920123591062007,-0.37406197246097367,0.05921495783149994,-1.0140267829203928,2.0671062388647687,-0.12108622629276475
2.7,7,0.15809548568335074,0.8706114312094545,0.13348822372727306,-0.05049480115916111,0.8989243205324553,-0.11175820756737251,-0.36890001839357334,0.05888918279198244,-1.031459282960439,2.0622381375956502,-0.13937682476567784
2.7025,7,0.1605954856833507,0.8843786084859958,0.13320558717322614,-0.051410612813144296,0.8990710896311156,-0.11435806641859513,-0.3637518842929689,0.058518875825644544,-1.0483326948080605,2.056047012358674,-0.15670488167099955
2.705,7,0.16309548568335064,0.8981457857625371,0.13291639884303996,-0.05231357487254107,0.8992168798471082,-0.11699938591614333,-0.3586209021171009,0.05810649493199073,-1.0646239563324225,2.048513344736832,-0.17302908054038568
2.7075,7,0.16559548568335059,0.9119129630390784,0.13262055692834152,-0.05320373443293991,0.8993615891757091,-0.11968068185654539,-0.3535104526199532,0.05765460140169623,-1.0803100054026906,2.0396176163131163,-0.18830810490549044
2.71,7,0.16809548568335053,0.9256801403156197,0.13231796340333568,-0.05408114710280931,0.8995051221445352,-0.12240041238100254,-0.34842396535155135,0.0571658598166072,-1.0953677798880306,2.0293403086705193,-0.20250063829797132
2.7125,7,0.17059548568335048,0.939447317592161,0.13200852416894338,-0.054945877125487874,0.8996473900717715,-0.12515697797538897,-0.343364918657964,0.05664303804974052,-1.109774217657608,2.0176619033920313,-0.21556536424948206
2.715,7,0.17309548568335043,0.9532144948687024,0.13169214919694014,-0.05579799750117442,0.8997883113244,-0.1279487214702516,-0.3383368396813021,0.0560890072652842,-1.1235062565805882,2.004562882060646,-0.22746096629167933
2.7175000000000002,7,0.17559548568335082,0.9669816721452462,0.13136875267409412,-0.05663759010891828,0.8999278115764269,-0.1307739280408111,-0.3333433043597184,0.05550674191859677,-1.136540834526139,1.990023726259351,-0.23814612795621984
2.72,7,0.17809548568335076,0.9807488494217875,0.13103825314630485,-0.05746474582860875,0.9000658240671107,-0.13363082520695915,-0.32838793742741046,0.054899319756208056,-1.1488548893634218,1.9740249175711446,-0.2475795327747552
2.7225,7,0.1805954856833507,0.9945160266983288,0.13070057366274102,-0.05827956466296612,0.9002022898591904,-0.13651758283326215,-0.32347441241461605,0.05426992181581835,-1.1604253589616031,1.9565469375790157,-0.25571986427894355
2.725,8,0.0015041580072088223,0.014780791537396936,0.13035564191989904,-0.059082155859155584,0.9003371580967604,-0.1394323133953477,-0.3186064503992146,0.05362183125433658,-1.171229889596551,1.9375735877360662,-0.2625289225937945
2.7275,8,0.004004158007208769,0.03934734549409273,0.13000339039542852,-0.059872637982448164,0.9004703862181287,-0.14237308402583512,-0.31378776355479765,0.0529583803525249,-1.1812566578999144,1.9171380188498612,-0.26801483552137045
2.73,8,0.006504158007208716,0.06391389945078851,0.1296437564238851,-0.06065113871772966,0.9006019399131865,-0.14533794542250195,-0.3090219196757299,0.05228282333523076,-1.1905019113890514,1.8953112050463756,-0.27222123824774735
2.7325,8,0.009004158007208662,0.08848045340748431,0.1292766822242818,-0.06141779444511888,0.9007317928687191,-0.14832493936468,-0.30431230695238215,0.0515983033034472,-1.1989621031578772,1.872165083863512,-0.2751926703808983
2.735,8,0.01150415800720861,0.11304700736418011,0.1289021149222674,-0.06217274979040574,0.900859926490078,-0.15133209876443587,-0.2996621337312804,0.05090785200914734,-1.2066336863003069,1.8477715928391738,-0.27697367152879643
2.7375000000000003,8,0.014004158007209,0.13761356132088026,0.1285200065722946,-0.06291615717544181,0.9009863296228082,-0.15435744766657156,-0.2950744285151053,0.050214389855284196,-1.213513113910257,1.8222026695112596,-0.2776087812994148
2.74,8,0.016504158007208947,0.16218011527757606,0.12813031417978826,-0.06364817636853017,0.9011109982742761,-0.1573990012486221,-0.2905520399626949,0.04952072589579126,-1.2195968390816398,1.7955302514176814,-0.2771425393007263
2.7425,8,0.019004158007208893,0.18674666923427186,0.12773299972331337,-0.06436897403481655,0.9012339353352963,-0.16045476582085907,-0.2860976368890402,0.048829557835581704,-1.2248813149083724,1.7678262760963375,-0.2756194851407042
2.745,8,0.02150415800720884,0.21131322319096763,0.12732803017674335,-0.06507872328667925,0.9013551503017596,-0.16352273882628823,-0.28171370826528824,0.0481434720305489,-1.2293629944843694,1.7391626810851317,-0.27308415842732175
2.7475,8,0.024004158007208787,0.23587977714766342,0.12691537753142818,-0.06577760323411963,0.9014746589962604,-0.1666009088406501,-0.2774025632187414,0.04746494348756629,-1.2330383309035464,1.7096114039219665,-0.2695810987685518
2.75,8,0.026504158007208733,0.2604463311043592,0.12649501881836261,-0.06646579853515247,0.9015924832897237,-0.16968725557242004,-0.273166331032857,0.04679633586448735,-1.2359037772598183,1.6792443821447456,-0.2651548457723676
2.7525,8,0.02900415800720868,0.28501288506105504,0.12606693613035427,-0.06714349894619644,0.9017086508230332,-0.17277974986280825,-0.2690069611472479,0.046139901470145676,-1.2379557866471003,1.6481335532913715,-0.25984993904674214
2.755,8,0.03150415800720863,0.3095794390177508,0.12563111664419183,-0.06781089887246439,0.9018231947286579,-0.17587635368575955,-0.2649262231576822,0.045497781264354886,-1.2391908121593078,1.6163508548997474,-0.25371091819964864
2.7575,8,0.034004158007208574,0.3341459929744466,0.12518755264281314,-0.06846819691835379,0.9019361533522807,-0.1789750201479537,-0.260925706816083,0.0448720048579087,-1.2396053068903556,1.5839682245077766,-0.2467823228390601
2.7600000000000002,8,0.036504158007208964,0.35871254693114674,0.12473624153747345,-0.06911559543783725,0.9020475699744248,-0.18207369348880567,-0.25700682203052816,0.04426449051258078,-1.239195723934159,1.551057599653356,-0.23910869257294817
2.7625,8,0.03900415800720891,0.38327910088784256,0.12427718588991374,-0.06975330008485242,0.9021574925320816,-0.18517030908046375,-0.2531707988652528,0.043677045141125165,-1.2379585163846334,1.5176909178744007,-0.23073456700928868
2.765,8,0.04150415800720886,0.40784565484453833,0.12381039343452843,-0.07038151936369304,0.9022659733403381,-0.18826279342781252,-0.24941868754064517,0.043111364307275676,-1.2358901373356936,1.4839401167088078,-0.22170448575605353
2.7675,8,0.044004158007208805,0.43241220880123415,0.12333587710053395,-0.07100046417939895,0.9023730688140046,-0.19134906416847086,-0.24575135843324955,0.04256903222574626,-1.232987039881255,1.4498771336944805,-0.21206298842121563
2.77,8,0.04650415800720875,0.4569787627579299,0.12285365503413674,-0.07161034738814652,0.9024788391892415,-0.19442703007279238,-0.2421695020757653,0.04205152176223098,-1.229245677115233,1.4155739063693218,-0.20185461461274823
2.7725,8,0.0490041580072087,0.4815453167146257,0.12236375062070141,-0.07221138334763905,0.9025833482451877,-0.1974945910438655,-0.23867362915704718,0.041560194433403926,-1.2246625021315425,1.381102372271235,-0.19112390393862433
2.775,8,0.051504158007208645,0.5061118706713215,0.12186619250691898,-0.0728037874674972,0.9026866630255869,-0.20054963811751347,-0.23526407052210516,0.04109630040691928,-1.2192339680240987,1.346534468938123,-0.17991539600681697
2.7775,8,0.05400415800720859,0.5306784246280173,0.12136101462297494,-0.07338777575964933,0.902788853560416,-0.20359005346229433,-0.23194097717210432,0.04066097850141128,-1.2129565278868166,1.3119421339078887,-0.16827363042529933
2.7800000000000002,8,0.05650415800720898,0.5552449785847174,0.12084825620471742,-0.07396356438872202,0.9028899925875125,-0.20661371037950138,-0.22870432026436463,0.04025525618649418,-1.2058266348136104,1.2773973047184295,-0.1562431468020424
2.7825,8,0.05900415800720893,0.5798115325414133,0.12032796181582567,-0.07453136922243,0.9029901552742009,-0.20961847330316113,-0.2255538911123628,0.039880049582762485,-1.1978407418983976,1.2429719189076605,-0.1438684847450234
2.785,8,0.061504158007208876,0.6043780864981091,0.11980018136997765,-0.07509140538196728,0.9030894189389216,-0.2126021978000365,-0.22248930118572927,0.03953616346179057,-1.188995302235092,1.2087379140134784,-0.13119418386221335
2.7875,8,0.06400415800720882,0.6289446404548048,0.11926497015301861,-0.07564388679239692,0.9031878627728573,-0.21556273056962463,-0.21950998211025016,0.03922429124613294,-1.1792867689176096,1.174767227573787,-0.11826478376158543
2.79,8,0.06650415800720877,0.6535111944115006,0.11872238884512912,-0.07618902573304175,0.903285567561561,-0.21849790944415753,-0.2166151856678668,0.038945015009324194,-1.1687115950398643,1.1411317971264887,-0.10512482405111268
2.7925,8,0.06900415800720872,0.6780777483681965,0.11817250354299327,-0.07672703238787457,0.9033826154065832,-0.22140556338860193,-0.21380398379667592,0.03869880547587896,-1.1572662336957722,1.107903560209487,-0.09181884433876812
2.795,8,0.07150415800720866,0.7026443023248922,0.11761538578196681,-0.07725811439590863,0.9034790894470992,-0.22428351250065925,-0.21107526859092934,0.03848602202129194,-1.1449471379792482,1.075154454360685,-0.07839138423252492
2.7975,8,0.07400415800720861,0.727210856281588,0.11705111255824531,-0.07778247640158806,0.9035750735815371,-0.22712956801076592,-0.20842775230103416,0.038306912672037945,-1.1317507609842075,1.0429564171179853,-0.06488698334035609
2.8000000000000003,8,0.076504158007209,0.7517774102382881,0.11647976635103224,-0.07830031960517822,0.9036706521892047,-0.2299415322820935,-0.20585996733355238,0.03816161410557177,-1.1176735558045627,1.011381386019286,-0.05135018127023246
2.8025,8,0.07900415800720895,0.776343964194984,0.11590143514470752,-0.07881184131315583,0.9037659098519173,-0.23271719881054687,-0.20337026625120247,0.038050151650328407,-1.1027119755342338,0.9805012986025012,-0.037825517630131825
2.805,8,0.0815041580072089,0.8009105181516798,0.11531621245099508,-0.07931723448859987,0.9038609310756249,-0.23545435222476724,-0.20095682177285681,0.03797243928572279,-1.0868624732671337,0.9503880924055281,-0.024357532028024882
2.8075,8,0.08400415800720884,0.8254770721083755,0.11472419733113144,-0.07981668730158162,0.9039558000120398,-0.23815076828613002,-0.1986176267735435,0.03792827964214998,-1.0701215020971777,0.9211137049662704,-0.010990764071884734
2.81,8,0.08650415800720879,0.8500436260650713,0.11412549441803377,-0.08031038267955508,0.9040506001802641,-0.24080421388874554,-0.19635049428444587,0.03791736400098509,-1.0524855151182808,0.8927500738226304,0.0022302466303156
2.8125,8,0.08900415800720873,0.8746101800217672,0.113520213938468,-0.08079849785774745,0.9041454141884168,-0.2434124470594588,-0.19415305749290251,0.03793927229458329,-1.0339509654243584,0.8653691365125119,0.015260960470602684
2.815,8,0.09150415800720868,0.8991767339784629,0.11290847173521712,-0.08128120392954943,0.9042403234552617,-0.24597321695784966,-0.19202276974240723,0.03799347310627985,-1.0145143061093251,0.8390428305738176,0.028056837841004
2.8175,8,0.09400415800720863,0.9237432879351587,0.11229038928924914,-0.08175866539690571,0.9043354079318349,-0.24848426387623268,-0.18995690453260908,0.038079323670390096,-0.9941719902670968,0.8138430935444508,0.04057333913354608
2.82,8,0.09650415800720857,0.9483098418918545,0.11166609374188546,-0.08223103972070521,0.9044307458230715,-0.2509433192396573,-0.18795255551931236,0.03819606987220939,-0.9729204709915882,0.7898418629623142,0.0527659247402558
2.8225000000000002,8,0.09900415800720896,0.9728763958485547,0.11103571791696877,-0.08269847687117171,0.904526413309434,-0.25334810560590815,-0.18600663651447633,0.03834284624801323,-0.9507562013767107,0.7671110763653071,0.06459005505316251
2.825,8,0.10150415800720891,0.9974429498052505,0.11039940034303174,-0.08316111887825381,0.9046224842685389,-0.2556963366655033,-0.18411588148621638,0.03851867598505707,-0.927675634516387,0.7457226712913412,0.07600119046428837
2.8275,9,0.0022397833860563487,0.019224282984170293,0.1097572852743721,-0.08361909938509435,0.904719029997942,-0.25798571968025286,-0.18227685143121033,0.038722473504083685,-0.9036795784897225,0.7257363119342839,0.08695940343154795
2.83,9,0.0047397833860562955,0.04068203097874158,0.10910952267232446,-0.08407254331367722,0.9048161189800757,-0.26021399219427843,-0.18048603783475115,0.038953083337445696,-0.878792692351153,0.7071444449860479,0.09745002534366666
2.8325,9,0.007239783386056242,0.06213977897331287,0.10845626806284943,-0.08452156687903863,0.9049138167781716,-0.2623789681023301,-0.1787399925017967,0.039209328916897636,-0.8530477585984009,0.689916623417966,0.10746699057054568
2.835,9,0.009739783386056189,0.08359752696788415,0.10779768233470517,-0.08496627777093121,0.905012185995107,-0.264478543272031,-0.17703534340174049,0.0394900185277293,-0.8264775665584486,0.6740223809549513,0.1170042407144886
2.8375,9,0.012239783386056136,0.10505527496245544,0.10713393153451417,-0.08540677534423824,0.9051112862355399,-0.26651069554432205,-0.1753687946696637,0.03979394530923621,-0.7991149055582788,0.6594312513219167,0.1260557173777991
2.84,9,0.014739783386056082,0.12651302295702674,0.10646518666182991,-0.08584315080938776,0.905211174068044,-0.26847348473346133,-0.17373712660633525,0.040119887254719676,-0.7709925649248737,0.6461127682437753,0.13461536216278083
2.8425000000000002,9,0.017239783386056473,0.14797077095160183,0.10579162346420345,-0.08627548742276693,0.9053119029872436,-0.27036505262702476,-0.17213719567821145,0.04046660721148681,-0.7421433339852105,0.6340364654454379,0.14267711667173877
2.845,9,0.01973978338605642,0.1694285189461731,0.10511342223225065,-0.08670386067713595,0.9054135233759493,-0.27218362298590487,-0.17056593451743723,0.04083285288085031,-0.7126000020662822,0.6231718766518218,0.1502349225069737
2.8475,9,0.022239783386056367,0.1908862669407444,0.10443076759471806,-0.08712833849204271,0.9055160824672919,-0.27392750154431256,-0.16902035192184436,0.04121735681812881,-0.6823953584950658,0.6134885355878379,0.15728272127079077
2.85,9,0.024739783386056313,0.21234401493531568,0.10374384831355027,-0.0875489814042367,0.9056196243068584,-0.2755950760097758,-0.16749753285495267,0.041618836432646654,-0.6515621925985442,0.6049559759783989,0.1638144545654936
2.8525,9,0.02723978338605626,0.23380176292988697,0.10305285707895633,-0.08796584275808333,0.9057241897148263,-0.27718481606313994,-0.16599463844596957,0.04203599398773392,-0.6201332937036996,0.5975437315484179,0.16982406399338582
2.855,9,0.029739783386056207,0.25525951092445825,0.10235799030447658,-0.08837896889597815,0.9058298162480993,-0.27869527335856803,-0.16450890598979032,0.04246751660072647,-0.5881414511375146,0.591221336022808,0.17530549115677105
2.8575,9,0.03223978338605615,0.27671725891902954,0.10165944792204927,-0.08878839934876104,0.9059365381624417,-0.2801250815235405,-0.16303764894699785,0.042912076242965926,-0.5556194542269715,0.585958323126482,0.18025267765795303
2.86,9,0.0347397833860561,0.2981750069136008,0.10095743317707732,-0.08919416702613045,0.9060443863746137,-0.28147295615885504,-0.16157825694386282,0.043368329739799635,-0.5226000922990528,0.5817242265843529,0.18465956509923526
2.8625000000000003,9,0.03723978338605649,0.31963275490817594,0.10025215242349489,-0.08959629840705771,0.9061533884245064,-0.28273769483862726,-0.1601281957723433,0.04383491877058083,-0.4891161546807351,0.5784885801213333,0.18852009508292208
2.865,9,0.03973978338605644,0.34109050290274723,0.09954381491883456,-0.08999481373020089,0.9062635684372767,-0.2839181771102894,-0.1586850073900859,0.04431046986866823,-0.45520043069901267,0.5762209174623372,0.1918282092113158
2.8675,9,0.042239783386056384,0.3625482508973185,0.09883263261929331,-0.09038972718431956,0.9063749470854827,-0.28501336449459186,-0.15724630992042424,0.044793594421426566,-0.42088570968086203,0.574890772332277,0.19457784908672068
2.87,9,0.04473978338605633,0.3840059988918898,0.09811881997479974,-0.09078104709868864,0.9064875415512179,-0.28602230048560245,-0.15580979765237973,0.04528288867022625,-0.38620478095326566,0.5744676784560658,0.1967629563114405
2.8725,9,0.04723978338605628,0.4054637468864611,0.09740259372408061,-0.09116877613351268,0.9066013654882473,-0.2869441105507062,-0.15437324104066166,0.045776933710443425,-0.3511904338432061,0.5749211695586163,0.19837747248777876
2.875,9,0.049739783386056224,0.42692149488103237,0.09668417268972761,-0.09155291147034016,0.9067164289841415,-0.2877780021306055,-0.15293448670566695,0.04627429549146005,-0.3158754576776656,0.5762207793648417,0.1994153392180392
2.8775,9,0.05223978338605617,0.44837924287560366,0.09596377757326398,-0.09193344500247762,0.9068327385224122,-0.28852326463932065,-0.15149145743348033,0.046773524816663796,-0.28029264178362695,0.5783360415996548,0.1998704981045254
2.88,9,0.05473978338605612,0.46983699087017494,0.09524163075021128,-0.09231036352540398,0.9069502969446469,-0.28917926946418904,-0.15004215217587416,0.0472731573434481,-0.24447477548807225,0.5812364899879687,0.199736890749541
2.8825,9,0.057239783386056065,0.4912947388647462,0.09451795606515609,-0.09268364892718463,0.9070691034126444,-0.2897454699658656,-0.14858464605030858,0.04777171358321217,-0.20845464811798428,0.5848916582546964,0.19900845875538972
2.8850000000000002,9,0.059739783386056455,0.5127524868593213,0.09379297862681657,-0.09305327837888584,0.9071891533705491,-0.29022140147832276,-0.14711709033993106,0.04826769890136106,-0.1722650490003388,0.5892710801247517,0.1976791437243748
2.8875,9,0.0622397833860564,0.5342102348538926,0.0930669246031097,-0.09341922452498864,0.9073104385069867,-0.2906066813088502,-0.14563771249357774,0.048759603517305315,-0.13593876746213113,0.594344289323046,0.19574288725880043
2.89,9,0.06473978338605635,0.5556679828484639,0.09234002101621716,-0.09378145567380346,0.907432946717199,-0.29090100873805536,-0.1441448161257716,0.049245902504461495,-0.0995085928303377,0.6000808195744929,0.19319363096097
2.8925,9,0.0672397833860563,0.5771257308430352,0.09161249553765265,-0.09413993598788407,0.9075566620651786,-0.291104165019863,-0.1426367810167236,0.04972505579025185,-0.0630073144319405,0.6064502046040056,0.1900253164331872
2.895,9,0.06973978338605624,0.5985834788376065,0.09088457628332837,-0.09449462567444189,0.9076815647458043,-0.2912160133815154,-0.1411120631123325,0.05019550815610437,-0.026467721593921956,0.6134219781364968,0.1862318852777556
2.8975,9,0.07223978338605619,0.6200412268321778,0.0901564916086218,-0.09484548117576021,0.907807631046976,-0.2912364990235721,-0.13956919452418462,0.05065568923745282,0.010077396356734885,0.6209656738968796,0.18180727909697897
2.9,9,0.07473978338605614,0.6414989748267491,0.08942846990344235,-0.09519245535960835,0.9079348333117497,-0.29116564911991033,-0.13800678352955414,0.05110401352373672,0.04659525009304813,0.6290508256100672,0.1767454394931608
2.9025,9,0.07723978338605608,0.6629567228213203,0.08870073938729808,-0.09553549770965598,0.9080631399004725,-0.29100357281772465,-0.13642351457140292,0.051538880358401325,0.08305305028803499,0.6376469670009723,0.17104030806860485
2.9050000000000002,9,0.07973978338605647,0.6844144708158955,0.08797352790436233,-0.0958745545158873,0.9081925151529173,-0.290750461237527,-0.1348181482583802,0.05195867393889777,0.11941800761471968,0.6467236317945096,0.16468582642561344
2.9075,9,0.08223978338605642,0.7058722188104667,0.08724706271854088,-0.0962095690650151,0.9083229193504188,-0.2904065874731471,-0.13318952136482387,0.05236176331668267,0.15565733274610655,0.6562503537155889,0.15767593616649267
2.91,9,0.08473978338605637,0.727329966805038,0.08652157030853787,-0.09654048183089528,0.9084543086780071,-0.2899723065917318,-0.13153654683075863,0.05274650239721869,0.1917382363552199,0.6661966664891249,0.15000457889354482
2.9125,9,0.08723978338605631,0.7487877147996093,0.0857972761629231,-0.09686723066494084,0.908586635186544,-0.2894480556337454,-0.12985821376189718,0.05311122993997411,0.22762792911507737,0.67653210384003,0.14166569620907382
2.915,9,0.08973978338605626,0.7702454627941806,0.08507440457519853,-0.0971897509865362,0.9087198467548574,-0.28883435361296994,-0.12815358742963998,0.05345426955842303,0.2632936216986959,0.6872261994932178,0.13265322971538301
2.9175,9,0.0922397833860562,0.7917032107887518,0.08435317843886506,-0.09750797597345139,0.9088538870518762,-0.28813180151650464,-0.12642180927107516,0.05377392972004525,0.2987025247790934,0.6982484871736011,0.12296112101477644
2.92,9,0.09473978338605615,0.8131609587833232,0.08363381904248914,-0.09782183675225624,0.9089886954987656,-0.28734108230476635,-0.12466209688897863,0.054068503746326387,0.33382184902928774,0.7095685006060928,0.11258331170955722
2.9225,9,0.0972397833860561,0.8346187067778945,0.08291654586476957,-0.09813126258873467,0.909124207231062,-0.2864629609114892,-0.12287374405181392,0.05433626981275777,0.3686188051222963,0.7211557735156059,0.10151374340202948
2.9250000000000003,9,0.09973978338605649,0.8560764547724695,0.08220157636960404,-0.09843618107829888,0.9092603530608082,-0.28549828424372486,-0.12105612069373207,0.054575490948836555,0.40306060373114205,0.7329798396270556,0.08974635769449439
2.9275,9,0.10223978338605644,0.8775342027670409,0.08148912580115632,-0.09873651833640343,0.9093970594386879,-0.28444798118184267,-0.1192086729145727,0.054784415038065526,0.43711445552883116,0.7450102326653504,0.07727509618925997
2.93,9,0.10473978338605638,0.8989919507616121,0.08077940697892225,-0.09903219918895972,0.9095342484161614,-0.2833130625795292,-0.11733092297986226,0.05496127481795335,0.47074757118838684,0.7572164863554057,0.06409390048862766
2.9325,9,0.10723978338605633,0.9204496987561834,0.08007263009279693,-0.09932314736275005,0.9096718376076002,-0.2820946212637884,-0.11542246932081518,0.05510428788001441,0.5039271613828269,0.7695681344221342,0.050196712194901134
2.935,9,0.10973978338605628,0.9419074467507547,0.0793690024981413,-0.09960928567584187,0.909809740152422,-0.2807938320349419,-0.11348298653433367,0.055211656669768856,0.5366204367851681,0.7820347105904492,0.03557747291038426
2.9375,9,0.11223978338605622,0.963365194745326,0.07866872851084884,-0.09989053622800197,0.9099478646772258,-0.2794119516666285,-0.11151222538300762,0.055281568486742594,0.5687946080684294,0.7945857485852635,0.020230124237380204
2.94,9,0.11473978338605617,0.9848229427398972,0.07797200920241232,-0.1001668205911107,0.910086115257927,-0.2779503189058048,-0.10951001279511462,0.05531219548446727,0.6004168859056269,0.8071907821314899,0.004148607778193155
2.9425,10,0.0007317509200008843,0.006603540001840256,0.07727904219499217,-0.10043805999957307,0.9102243913818986,-0.27641035446040585,-0.10747625184232337,0.055301694712520374,0.6314545484179022,0.8198194668344685,-0.012672905059483094
2.945,10,0.003231750920000831,0.02916429059793153,0.07659002145950863,-0.10070417553526617,0.9103625879204128,-0.2747935563667316,-0.10541091336844623,0.05524822390050255,0.6618804141685317,0.8324514700158083,-0.030221365789562946
2.9475000000000002,10,0.005731750920001222,0.051725041194026815,0.07590513714880116,-0.10096508824911844,0.9105005952205658,-0.27310147688935626,-0.10331399424700241,0.05515002016334732,0.6916768801671777,0.8450837674871202,-0.04845109078991633
2.95,10,0.008231750920001168,0.07428579179011809,0.07522457548210996,-0.10122071918994999,0.9106382993720586,-0.2713357103417453,-0.10118549537277052,0.055005441498225095,0.720827295146012,0.8577150548462046,-0.06731315378370097
2.9525,10,0.010731750920001115,0.09684654238620936,0.07454851864085597,-0.1014709894128942,0.91077558251248,-0.26949789266553265,-0.09902542090153349,0.054812968217998324,0.7493150078372228,0.8703440276908683,-0.08675862849408422
2.955,10,0.013231750920001062,0.11940729298230064,0.073877144664571,-0.10171581998755021,0.9109123231330954,-0.26758970143052213,-0.09683377825008012,0.054571202951221545,0.7771233669729929,0.8829693816189162,-0.10673858864423034
2.9575,10,0.01573175092000101,0.1419680435783919,0.0732106273468271,-0.10195513200613532,0.9110483963846365,-0.26561285583468713,-0.09461057809620467,0.05427887064214141,0.8042357212855048,0.8955898122281527,-0.12720410795730344
2.96,10,0.018231750920000955,0.16452879417448318,0.07254913613116616,-0.10218884659163761,0.9111836743830899,-0.2635691167041706,-0.09235583437870695,0.05393481855069664,0.8306354195069414,0.9082040151163829,-0.1481062601564678
2.9625,10,0.020731750920000902,0.18708954477057446,0.07189283600702957,-0.10241688490596842,0.9113180265154868,-0.26146028649328495,-0.0900695642973922,0.05353801625251804,0.8563058103694854,0.9208106858814112,-0.1693961189648876
2.965,10,0.02323175092000085,0.20965029536666574,0.07124188740568768,-0.10263916815811482,0.9114513197456919,-0.2592882092845122,-0.08775178831307116,0.05308755563892854,0.8812302426053192,0.9334085201210427,-0.19102475810572697
2.9675000000000002,10,0.02573175092000124,0.23221104596276101,0.0705964460961693,-0.10285561761229223,0.9115834189201935,-0.2570547707885035,-0.08540253014755966,0.05258265091694301,0.9053920649466302,0.9459962134330839,-0.2129432513021541
2.97,10,0.028231750920001186,0.2547717965588523,0.06995666308119175,-0.10306615459609675,0.911714187073891,-0.2547618983440807,-0.08302181678368026,0.05202263860926875,0.9287746261255921,0.9585724614153353,-0.23510267227732545
2.9725,10,0.030731750920001133,0.27733254715494354,0.06932268449308977,-0.10327070050865791,0.911843485735886,-0.2524115609182341,-0.08060967846525975,0.05140697755430482,0.9513612748743923,0.9711359596656038,-0.2574540947544089
2.975,10,0.03323175092000108,0.29989329775103485,0.0686946514897455,-0.10346917682879103,0.9119711752352705,-0.2500057691061238,-0.07816614869713082,0.0507352489061425,0.9731353599252134,0.9836854037816941,-0.27994859245656883
2.9775,10,0.035731750920001026,0.3224540483471261,0.06807270015051797,-0.10366150512314976,0.9120971150069163,-0.2475465751310796,-0.07569126424513167,0.05000715613456514,0.9940802300102379,0.996219489361411,-0.30253723910696934
2.98,10,0.03823175092000097,0.3450147989432174,0.06745696137217266,-0.10384760705437858,0.912221163897264,-0.24503607284460074,-0.07318506513610601,0.049222525025048175,1.0141792338616487,1.008736912002559,-0.3251711084287747
2.9825,10,0.04073175092000092,0.36757554953930865,0.06684756076481113,-0.10402740438926537,0.9123431804701132,-0.242476397726356,-0.07064759465790298,0.04838130367875916,1.0334157202116285,1.0212363673029432,-0.3478012741451491
2.985,10,0.043231750920000867,0.39013630013539996,0.06624461854780052,-0.1042008190068939,0.9124630233124102,-0.23986972688418373,-0.06807889935937719,0.04748356251255769,1.05177303779236,1.033716550860368,-0.37037880997925665
2.9875000000000003,10,0.04573175092000126,0.4126970507314952,0.06564824944570308,-0.10436777290679632,0.9125805513400389,-0.23721827905409137,-0.06547902905038841,0.04652949425899533,1.0692345353360289,1.0461761582726405,-0.3928547896542655
2.99,10,0.048231750920001204,0.4352578013275865,0.06505856258420611,-0.10452818821710562,0.9126956241036084,-0.2345243146002573,-0.0628480368018031,0.045519413966316195,1.0857835615748117,1.0586138851375608,-0.4151802868933321
2.9925,10,0.05073175092000115,0.45781855192367776,0.06447566138605099,-0.10468198720270831,0.9128081020942435,-0.23179013551502806,-0.06018597894549199,0.044453758998456015,1.1014034652408942,1.071028427052936,-0.4373063754196244
2.995,10,0.0532317509200011,0.48037930251976907,0.06389964346696306,-0.10482909227339679,0.9129178470493733,-0.22901808541892005,-0.05749291507433166,0.04333308903504279,1.1160775950664594,1.0834184796165707,-0.45918412895630684
2.9975,10,0.055731750920001044,0.5029400531158603,0.06333060053158124,-0.1049694259920219,0.9130247222585208,-0.22621054956061948,-0.0547689080422042,0.042158086071396574,1.1297892997836896,1.0957827384262697,-0.48076462122654334
3.0,10,0.05823175092000099,0.5255008037119516,0.06276861826938744,-0.10510291108264548,0.9131285928690916,-0.22336995481698185,-0.0520140239639972,0.040929554418529523,1.1425219281247678,1.1081198990798378,-0.5019989259534983
3.0025,10,0.06073175092000094,0.5480615543080428,0.06221377625063628,-0.10522947043869281,0.9132293261921637,-0.2204987696930324,-0.04922833221560375,0.0396484207031459,1.1542588288218767,1.1204286571750794,-0.5228381168603357
3.005,10,0.06323175092000088,0.5706223049041341,0.06166614782228458,-0.10534902713110517,0.9133267920082763,-0.21759950432196573,-0.04641190543392236,0.038315733867642025,1.164983350607199,1.1327077083097996,-0.5432332676702201
3.0075000000000003,10,0.06573175092000128,0.5931830555002294,0.061125800003920844,-0.10546150441649237,0.9134208628732192,-0.2146747104651457,-0.04356481951685662,0.03693266517010609,1.1746788422129186,1.1449557480818051,-0.5631354521063189
3.0100000000000002,10,0.06823175092000122,0.6157438060963207,0.06059279338369529,-0.10556682574528516,0.9135114144238222,-0.21172698151210695,-0.04068715362331705,0.0355005081843191,1.1833286523712154,1.1571714720888964,-0.5824957438917894
3.0125,10,0.07073175092000117,0.6383045566924119,0.060067182014248766,-0.1056649147698879,0.9135983256837442,-0.20875895248055243,-0.03777899017321818,0.034020678799753436,1.1909161298142736,1.1693535759288802,-0.601265216749799
3.015,10,0.07323175092000112,0.6608653072885032,0.05954901330864276,-0.10575569535283097,0.913681479369262,-0.20577330001635494,-0.03484041484748053,0.03249471522157376,1.197424623274276,1.1815007551995613,-0.6193949444035124
3.0175,10,0.07573175092000106,0.6834260578845945,0.059038327936288854,-0.10583909157492329,0.9137607621950604,-0.20277274239355692,-0.03187151658803008,0.030924277970636876,1.202837481483405,1.1936117054987443,-0.6368360005760936
3.02,10,0.07823175092000101,0.7059868084806858,0.05853515971887832,-0.10591502774340487,0.9138360651800207,-0.19976003951437024,-0.028872387597798324,0.029311149883491656,1.2071380531738438,1.2056851224242342,-0.6535394589907066
3.0225,10,0.08073175092000096,0.728547559076777,0.058039535526311706,-0.10598342840009932,0.9139072839530102,-0.19673799290917654,-0.02584312334072228,0.02765723611237908,1.210309687077775,1.2177197015738357,-0.6694563933705159
3.025,10,0.0832317509200009,0.7511083096728683,0.05755147517262835,-0.10604421832956631,0.9139743190586715,-0.19370944573652676,-0.02278382254174436,0.025964564125232188,1.212335731927381,1.229714138545353,-0.6845378774386858
3.0275,10,0.08573175092000085,0.7736690602689597,0.057070991311936034,-0.10609732256725417,0.9140370762632117,-0.19067728278314156,-0.01969458718681254,0.02423528370567612,1.2131995364548447,1.2416671289365913,-0.6987349849183799
3.0300000000000002,10,0.08823175092000124,0.796229810865055,0.05659808933434045,-0.1061426664076523,0.9140954668601914,-0.18764443046391047,-0.016575522522879707,0.022471666953027804,1.2128844493923487,1.2535773683453575,-0.7119987895327653
3.0325,10,0.09073175092000119,0.8187905614611461,0.05613276726187508,-0.10618017541244379,0.9141494079763142,-0.18461385682189424,-0.013426737057905895,0.020676108282297188,1.2113738194720756,1.2654435523694516,-0.7242803650050009
3.035,10,0.09323175092000113,0.8413513120572375,0.0556750156444303,-0.10620977541865785,0.9141988228772158,-0.18158857152832153,-0.010248342560854967,0.01885112442418536,1.2086509954262086,1.2772643766066811,-0.735530785058254
3.0375,10,0.09573175092000108,0.8639120626533288,0.05522481745568329,-0.10623139254682239,0.9142436412732533,-0.17857162588259115,-0.0070404540616968376,0.016999354425085843,1.2046993259869299,1.28903853665485,-0.7457011234156885
3.04,10,0.09823175092000103,0.88647281324942,0.05478214798902753,-0.10624495320911648,0.9142837996252944,-0.1755661128122714,-0.0038031898514069083,0.015123559647084218,1.1995021598864222,1.3007647281117636,-0.7547424538004683
3.0425,10,0.10073175092000097,0.9090335638455113,0.054346974753502336,-0.10625038411752287,0.9143192414505068,-0.17257516687310004,-0.0005366714819660389,0.013226623767958159,1.1930428458568687,1.3124416465752264,-0.762605849935758
3.045,10,0.10323175092000092,0.9315943144416026,0.0539192573697225,-0.10624761229198058,0.9143499176281469,-0.16960196424898455,0.0027589762336393763,0.011311552781177441,1.1853047326304518,1.324067987643043,-0.7692423855447217
3.0475,10,0.10573175092000087,0.9541550650376939,0.05349894746580783,-0.10623656506853728,0.9143757867053496,-0.16664972275200182,0.006083625221417503,0.009381474995903926,1.1762711689393541,1.3356424469130184,-0.7746031343505234
3.0500000000000003,10,0.10823175092000126,0.9767158156337891,0.053085988573312634,-0.10621717010750192,0.9143968152029174,-0.1637217018223978,0.009437144146371548,0.0074396410369912255,1.1659255035157565,1.347163719982959,-0.7786391700763281
3.0525,10,0.1107317509200012,0.9992765662298804,0.05268031602315562,-0.1061893554015972,0.9144129779211093,-0.16082120252858959,0.012819398412497544,0.005489423844986054,1.1542510850918455,1.3586305024506657,-0.7813015664452986
3.055,11,0.0024198349178323753,0.015044785350705282,0.05228185684402265,-0.10615304928434725,0.9144242582415566,-0.15795156245605343,0.01623024967679898,0.0035343106715498107,1.1412397110895802,1.3700406865717978,-0.782554628787954
3.0575,11,0.004919834917832322,0.0305879792684351,0.05189052973186052,-0.10610818044522505,0.9144306483178423,-0.15511609393069545,0.01966954997526422,0.0015778063302410268,1.1269203883226104,1.3813886265536972,-0.7824209365664969
3.06,11,0.007419834917832269,0.046131173186164914,0.05150624521134342,-0.10605467796305336,0.9144321489654292,-0.15231801776562298,0.023137135423191454,-0.0003766705635608159,1.1113323641366386,1.3926677028845587,-0.7809391070789103
3.0625,11,0.009919834917832215,0.06167436710389473,0.05112890587776167,-0.10599247134705281,0.9144287694256383,-0.14956045665481746,0.026632825587026822,-0.002325797938914213,1.0945148861845442,1.403871296023369,-0.7781477581042507
3.065,11,0.012419834917832162,0.07721756102162454,0.05075840664231956,-0.10592149057821396,0.9144205271242872,-0.1468464351731281,0.03015642348436393,-0.004266350269325306,1.0765072021192068,1.4149927864291147,-0.774085507421575
3.0675,11,0.014919834917832109,0.09276075493935436,0.050394634977433156,-0.10584166615066944,0.9144074474303293,-0.14417887977627186,0.033707715583943844,-0.006195198572747873,1.0573485595935057,1.4260255545607823,-0.7687909728099397
3.0700000000000003,11,0.0174198349178325,0.10830394885708694,0.0500374711620281,-0.10575292911306608,0.9143895634144924,-0.14156061880083312,0.037286471805655745,-0.008109310411583677,1.0370782062603168,1.4369629808773605,-0.7623027720484
3.0725000000000002,11,0.019919834917832446,0.12384714277481675,0.04968678852683768,-0.10565521110993714,0.9143669156079179,-0.1389943824642654,0.04089244552053438,-0.010005749892681094,1.0157353897725265,1.4477984458378321,-0.754659522916015
3.075,11,0.022419834917832393,0.13939033669254658,0.049342453699700264,-0.10554844442307428,0.9143395517607995,-0.1364828028648887,0.04452537355076383,-0.011881677667337179,0.9933593577830109,1.4585253299011858,-0.7458998431918404
3.0775,11,0.02491983491783234,0.15493353061027637,0.049004326850857406,-0.10543256201289974,0.914307526601022,-0.1340284139818912,0.048184976169675035,-0.01373435093129627,0.9699893579446494,1.4691370135264077,-0.7360623506549326
3.08,11,0.027419834917832286,0.1704767245280062,0.048672261938251596,-0.10530749755983858,0.9142709015928002,-0.13163365167532884,0.05187095710174641,-0.015561123424750365,0.9456646379103215,1.479626877172485,-0.7251856630843485
3.0825,11,0.029919834917832233,0.186019918445736,0.04834610695282411,-0.10517318550569067,0.9142297446953183,-0.12930085368612557,0.055583003522603834,-0.017359445432339086,0.9204244453329065,1.489988301298404,-0.7133083982591446
3.085,11,0.03241983491783218,0.20156311236346583,0.04802570416381283,-0.1050295610950029,0.9141841301213677,-0.12703225963607293,0.059320786059020636,-0.01912686378314971,0.894308027865284,1.5002146663631517,-0.7004691739583775
3.0875,11,0.03491983491783213,0.21710630628119565,0.04771089036405005,-0.10487656041644132,0.914134138095987,-0.12483001102783035,0.06308395878891761,-0.020861021850717146,0.8673546331603333,1.5102993528257145,-0.686706607961104
3.09,11,0.03741983491783207,0.23264950019892547,0.04740149711526037,-0.10471412044416317,0.9140798546151002,-0.12269615124492507,0.06687215924136306,-0.02255965955302395,0.8396035088709339,1.5202357411450789,-0.6720593180463805
3.0925000000000002,11,0.039919834917832464,0.24819269411665804,0.04709735099335841,-0.10454217907918914,0.9140213712041559,-0.12063262555175171,0.07068500839657335,-0.024220613352500604,0.8110939026499602,1.5300172117802335,-0.6565659219932609
3.095,11,0.04241983491783241,0.26373588803438786,0.04679827383374688,-0.10436067519077549,0.9139587846767662,-0.11864128109357387,0.07452211068591037,-0.02584181625602437,0.7818650621503016,1.5396371451901614,-0.6402650375808076
3.0975,11,0.04491983491783236,0.27927908195211765,0.04650408297661408,-0.10416954865778605,0.9138921968933449,-0.1167238668965218,0.07838305399188546,-0.027421297814921006,0.7519562350248327,1.549088921833851,-0.6231952825880742
3.1,11,0.047419834917832304,0.2948222758698475,0.04621459151223198,-0.10396874041006447,0.9138217145197474,-0.11488203386759391,0.08226740964815676,-0.028957184124963654,0.7214066689264327,1.5583659221702888,-0.6053952747941175
3.1025,11,0.04991983491783225,0.3103654697875773,0.04592960852625394,-0.10375819246980633,0.913747448785909,-0.11311733479465644,0.08617473243952985,-0.030447697826373063,0.6902556115079813,1.567461526658462,-0.5869036319779942
3.105,11,0.0524198349178322,0.32590866370530713,0.045648939345012574,-0.10353784799293125,0.9136695152444839,-0.1114312243464434,0.09010456060195783,-0.03189115810381764,0.6585423104223578,1.5763691157573565,-0.5677589719187608
3.1075,11,0.054919834917832144,0.3414518576230369,0.0453723857808176,-0.10330765131045506,0.9135880335294841,-0.10982505907255663,0.09405641582254122,-0.033285980686413426,0.6263060133224417,1.5850820699259591,-0.547999912395474
3.11,11,0.05741983491783209,0.3569950515407668,0.045099746377253606,-0.10306754796986187,0.9135031271149181,-0.10830009740346576,0.09802980323952805,-0.03463067784772412,0.5935859678611123,1.5935937696232567,-0.5276650711871903
3.1125000000000003,11,0.05991983491783248,0.37253824545849934,0.044830816654477926,-0.1028174847764762,0.91341492307343,-0.10685749965050799,0.10202421144231447,-0.03592385840576127,0.5604214216912433,1.6018975953082373,-0.5067930660729629
3.115,11,0.06241983491783243,0.38808143937622913,0.04456538935451855,-0.10255740983483529,0.9133235518349384,-0.10549832800588904,0.10603911247144199,-0.037164227722983376,0.526851622465726,1.6099869274398846,-0.4854225148318557
3.1175,11,0.06491983491783238,0.403624633293959,0.04430325468657178,-0.10228727259006096,0.9132291469452751,-0.10422354654268173,0.11007396181860175,-0.038350587706297304,0.49291581783743355,1.6178551464771864,-0.4635920352429214
3.12,11,0.06741983491783232,0.41916782721168877,0.044044200572300164,-0.10200702386923188,0.9131318448248241,-0.10303402121482684,0.11412819842663162,-0.03948183680705729,0.458653255459246,1.62549563287913,-0.44134024508521713
3.1225,11,0.06991983491783227,0.43471102112941856,0.04378801289113032,-0.10171661592275573,0.9130317845271606,-0.10193051985713306,0.11820124468951691,-0.040556970021065245,0.42410318298404226,1.6329017671047015,-0.4187057621377994
3.125,11,0.07241983491783222,0.4502542150471484,0.043534475725550775,-0.10141600246574128,0.9129291074976894,-0.10091371218527681,0.12229250645239044,-0.0415750788885707,0.38930484806470184,1.6400669296128876,-0.3957272041797245
3.1275,11,0.07491983491783216,0.4657974089648782,0.04328337160640977,-0.10110513871937055,0.9128239573322844,-0.0999841697958023,0.1264013730115325,-0.04253535149427083,0.3542974983541046,1.6469845008626753,-0.37244318899004936
3.13,11,0.07741983491783211,0.48134060288260805,0.04303448175821309,-0.10078398145227087,0.912716479535927,-0.09914236616612163,0.13052721711437082,-0.04343707246731045,0.31912038150512945,1.6536478613130507,-0.3488923343478306
3.1325000000000003,11,0.0799198349178325,0.4968837968003406,0.04278758634442187,-0.10045248902188707,0.9126068212813455,-0.09838867665451449,0.1346693949594813,-0.04427962298128218,0.2838127451706498,1.660050391423002,-0.32511325803212066
3.1350000000000002,11,0.08241983491783245,0.5124269907180704,0.0425424647127506,-0.10011062141585374,0.9124951311676532,-0.09772337850012879,0.13882724619658518,-0.04506248075422581,0.24841383700355765,1.6661854716515136,-0.30114457782198456
3.1375,11,0.08491983491783239,0.5279701846358003,0.04229889564046467,-0.09975834029336708,0.9123815589789883,-0.09714665082297984,0.14300009392655333,-0.04578522004862926,0.21296290465672613,1.672046482457573,-0.27702491149647457
3.14,11,0.08741983491783234,0.5435133785535301,0.042056657579678414,-0.09939560902655722,0.9122662554431515,-0.0966585746239509,0.14718724470140332,-0.0464475116714279,0.17749919578303486,1.6776268043001668,-0.2527928768346475
3.1425,11,0.08991983491783229,0.5590565724712598,0.04181552890265284,-0.09902239274186035,0.9121493719902465,-0.09625913278479299,0.15138798852430024,-0.04704912297400476,0.14206195803536284,1.682919817638282,-0.22848709161556008
3.145,11,0.09241983491783223,0.5745997663889897,0.04157528814709352,-0.09863865836139075,0.912031060511317,-0.095948210068125,0.15560159884955665,-0.04758991785219051,0.10669043906659004,1.6879189029309047,-0.20414617361826867
3.1475,11,0.09491983491783218,0.5901429603067195,0.04133571426144837,-0.09824437464431304,0.9119114731169874,-0.09572559311743359,0.15982733258263251,-0.04806985674626346,0.0714238865295955,1.6926174406370225,-0.17980874062183033
3.15,11,0.09741983491783213,0.6056861542244493,0.041096586850205556,-0.09783951222821423,0.9117907618961003,-0.09559097045707317,0.16406443008013527,-0.048488996640949564,0.03630154807725883,1.6970088112156207,-0.15551341040530142
3.1525,11,0.09991983491783207,0.6212293481421791,0.0408576864191912,-0.09742404367047587,0.9116690786743563,-0.09554393249226602,0.16831211514981995,-0.04884749106542242,0.0013626713624594728,1.7010863951256872,-0.13129880074773842
3.1550000000000002,11,0.10241983491783246,0.6367725420599117,0.04061879462086729,-0.09699794348964613,0.9115465747729521,-0.09558397150910218,0.1725695950505897,-0.049145590093303305,-0.03335349596192953,1.7048435728262081,-0.10720352942819406
3.1575,11,0.10491983491783241,0.6523157359776415,0.04037969449962962,-0.09656118820681223,0.9114234007672203,-0.09571048167453956,0.17683606049249276,-0.049383640342660996,-0.06780770624301573,1.70827372477617,-0.08326621422573333
3.16,11,0.10741983491783236,0.6678589298953713,0.04014017073710538,-0.09611375638697206,0.9112997062452673,-0.09592275903640379,0.18111068563672736,-0.04956208497601209,-0.10196071182792704,1.7113702314345591,-0.059525472919408684
3.1625,11,0.1099198349178323,0.6834021238131012,0.03990000989745115,-0.0956556286804067,0.9111756395666128,-0.09622000152338832,0.18539262809563825,-0.0496814637003207,-0.13577326506378265,1.7141264732603625,-0.03601992328827641
3.165,11,0.11241983491783225,0.698945317730831,0.039659000672650685,-0.0951867878640524,0.9110513476208288,-0.09660130894505442,0.18968102893271768,-0.049742412766998666,-0.16920611829770393,1.716535830712567,-0.01278818311139349
3.1675,11,0.1149198349178322,0.7144885116485608,0.03941693412781276,-0.09470721888287276,0.9109269755861779,-0.09706568299183113,0.1939750126626054,-0.04974566497190541,-0.2022200238768114,1.7185916842501592,0.010131129832183242
3.17,11,0.11741983491783214,0.7300317055662906,0.039173603946469,-0.09421690889123087,0.9108026666882524,-0.09761202723501537,0.1982736872510886,-0.049692049655348056,-0.2347757341482259,1.7202874143321254,0.032699397763397614
3.1725,11,0.11991983491783209,0.7455748994840204,0.03892880667587169,-0.09371584729426137,0.9106785619586135,-0.09823914712677177,0.202576144115102,-0.04958249270208127,-0.2668340014590671,1.7216164014174526,0.05487800290319291
3.1750000000000003,11,0.12241983491783248,0.761118093401753,0.03868234197229157,-0.09320402578924258,0.9105547999934299,-0.09894575000013292,0.20688145812272837,-0.04941801654130746,-0.2983555781564618,1.7225720259651272,0.07662832747251566
3.1775,11,0.12491983491783243,0.7766612873194828,0.03843401284631587,-0.09268143840696894,0.910431516712117,-0.09973044506899888,0.21118868759319598,-0.04919974014667663,-0.32930121658751893,1.723147668434136,0.09791175369230216
3.18,11,0.12741983491783238,0.7922044812372127,0.03818362590814583,-0.0921480815531226,0.9103088451159749,-0.10059174342813783,0.2154968742968825,-0.04892887903628645,-0.3596316690993653,1.7233367092834655,0.11868966378350015
3.1825,11,0.12991983491783232,0.8077476751549424,0.03793099161289474,-0.09160395404964591,0.9101869150468284,-0.1015280580531856,0.21980504345531252,-0.04860674527268217,-0.389307688039121,1.7231325289721025,0.13892343996705173
3.185,11,0.13241983491783227,0.8232908690726722,0.03767592450588571,-0.09104905717611352,0.9100658529456651,-0.1025377038006459,0.2241122037411581,-0.04823474746285679,-0.41829002575390684,1.7225285079590333,0.15857446446390094
3.1875,11,0.13491983491783222,0.8388340629904021,0.0374182434679495,-0.09048339471110442,0.9099457816112748,-0.1036188974078902,0.22841734727823862,-0.04781439075825084,-0.4465394345908434,1.721518026703245,0.17760411949499166
3.19,11,0.13741983491783216,0.8543772569081319,0.037157771960722376,-0.08990697297357415,0.909826819958888,-0.10476975749315781,0.23271944964152105,-0.04734727685475253,-0.47401666689705074,1.7200944656637238,0.1959737872812661
3.1925,11,0.1399198349178321,0.8699204508258617,0.03689433827194392,-0.08931980086422689,0.909709082778815,-0.10598830455555573,0.23701746985711974,-0.04683510399269774,-0.5006824750196498,1.718251205299457,0.21364485004366862
3.1950000000000003,11,0.1424198349178325,0.8854636447435943,0.03662777576075478,-0.08872188990688747,0.9095926804950845,-0.10727246097505914,0.2413103504022974,-0.046279666956869865,-0.5264976113057658,1.71598162606943,0.23057869000314493
3.1975000000000002,11,0.14491983491783245,0.9010068386613241,0.036357923102994766,-0.08811325428987397,0.9094777189240828,-0.10862005101251028,0.24559701720546184,-0.045682857076500286,-0.5514228281025099,1.7132791084326306,0.24673668938063253
3.2,11,0.1474198349178324,0.9165500325790539,0.036084624536500326,-0.08749391090736922,0.9093642990331928,-0.11002880080961977,0.24987637964617052,-0.04504666222526761,-0.575418877757007,1.7101370328480454,0.262080230397078
3.2025,11,0.14991983491783234,0.9320932264967837,0.03580773010640261,-0.08686387940079325,0.9092525166994323,-0.11149633838896598,0.2541473305551279,-0.04437316682129833,-0.5984465126163787,1.7065487797746604,0.2765706952734246
3.205,11,0.1524198349178323,0.9476364204145136,0.035527095910425244,-0.08622318220017548,0.9091424624680933,-0.11302019365399495,0.2584087462141855,-0.04366455182716648,-0.6204664850277447,1.702507729671463,0.2901694662306157
3.2075,11,0.15491983491783223,0.9631796143322433,0.03524258434418212,-0.08557184456552674,0.9090342213113808,-0.11459779838902057,0.2626594863563426,-0.042923094749893816,-0.6414395473382256,1.698007262997439,0.3028379254895944
3.21,11,0.15741983491783218,0.9787228082499732,0.0349540643464753,-0.08490989462821141,0.908927872387052,-0.11622648625922455,0.26689839416574596,-0.042151169640949594,-0.6613264518949419,1.6930407602115753,0.3145374552713046
3.2125,11,0.15991983491783213,0.994266002167703,0.03466141164459279,-0.08423736343231956,0.9088234887970543,-0.11790349281065636,0.27112429627768964,-0.04135124709625089,-0.680087951045015,1.6876016017728594,0.3252294377966889
3.215,12,0.0015777317289731307,0.006770428014483466,0.034364508999287065,-0.08355428497597751,0.9087211373464625,-0.11962595648207347,0.2753360029737446,-0.04052589331431058,-0.697687362438463,1.6816836628479666,0.334877643149529
3.2175000000000002,12,0.0040777317289735215,0.01749853199146799,0.03406324641484783,-0.08286069624592696,0.9086208783349055,-0.12139095869532814,0.27953231591301775,-0.03967773277887162,-0.7141220314372136,1.67528738070226,0.3434775154544528
3.22,12,0.006577731728973468,0.028226635968450604,0.03375752116316317,-0.08215663721623274,0.9085227655211393,-0.1231956139176454,0.2837120455002758,-0.03880936442616934,-0.7294134344987266,1.668417846179655,0.3510469608020126
3.2225,12,0.009077731728973415,0.03895473994543322,0.03344723766151137,-0.08144215081878256,0.9084268462237719,-0.12503709147025704,0.28787401509165045,-0.03792334134478417,-0.7435835604826558,1.6610802489386347,0.3576043622424823
3.225,12,0.011577731728973362,0.049682843922415836,0.03313230733515251,-0.08071728291085625,0.9083331614361368,-0.12691261564654366,0.2920170610174188,-0.037022170665670984,-0.7566543982486528,1.6532797786376836,0.36316810282613443
3.2275,12,0.014077731728973308,0.06041094789939845,0.032812648479898,-0.07998208224269021,0.9082417459411872,-0.12881946571203498,0.29614003258200416,-0.036108313562158996,-0.7686479366563687,1.645021624935285,0.3677565656032412
3.23,12,0.016577731728973255,0.07113905187638107,0.03248818612468028,-0.07923660042504216,0.90815262842639,-0.1307549759044099,0.30024179206397594,-0.03518418524995171,-0.7795861645654548,1.6363109774899232,0.3713881336240749
3.2325,12,0.019077731728973202,0.08186715585336368,0.032158851894122376,-0.07848089189675568,0.9080658315986198,-0.13271653543349637,0.30432121471604984,-0.034252154987126984,-0.7894910708355622,1.6271530259600822,0.37408118993890793
3.235,12,0.02157773172897315,0.0925952598303463,0.03182458387110758,-0.07771501389232487,0.907981372299053,-0.13470158848127153,0.30837718876508785,-0.03331454607413698,-0.7983846443263426,1.6175529600042462,0.3758541175980127
3.2375000000000003,12,0.02407773172897354,0.10332336380733083,0.03148532645934896,-0.07693902640945888,0.9078992616180619,-0.13670763420186197,0.3124086154120987,-0.032373635853808015,-0.8062888738974483,1.6075159692808973,0.3767252996516614
3.24,12,0.026577731728973486,0.11405146778431344,0.031141030245959316,-0.07615299217664706,0.9078195050101091,-0.13873222672154234,0.3164144088322353,-0.03143165571134121,-0.8132257484085278,1.597047243448523,0.3767131191501262
3.2425,12,0.029077731728973433,0.12477957176129606,0.030791651864020345,-0.07535697662072277,0.9077421024086407,-0.14077297513873752,0.320393496174799,-0.030490791074311515,-0.8192172567192336,1.5861519721656057,0.37583595914367957
3.245,12,0.03157773172897338,0.13550767573827868,0.030437153855152575,-0.07455104783442859,0.9076670483409814,-0.14282754352402116,0.3243448175632365,-0.02955318141266838,-0.8242853876892176,1.5748353450906294,0.37411220268259393
3.2475,12,0.034077731728973326,0.14623577971526128,0.030077504532084916,-0.0737352765439808,0.9075943320432277,-0.14489365092011597,0.32826732609514064,-0.02862092023873556,-0.8284521301781305,1.563102551882078,0.3715602328171417
3.25,12,0.03657773172897327,0.1569638836922439,0.029712677841224278,-0.07290973607663398,0.9075239375751425,-0.14696907134189388,0.3321599878422508,-0.027696055107211123,-0.8317394730456238,1.5509587821984359,0.368198432597595
3.2525,12,0.03907773172897322,0.16769198766922652,0.02934265322522521,-0.07207450232824573,0.9074558439350489,-0.14905163377637587,0.3360217818504522,-0.026780587615167478,-0.8341694051513487,1.5384092256981867,0.3640451850742262
3.255,12,0.041577731728973166,0.17842009164620914,0.028967415485559523,-0.07122965373084121,0.9073900251747242,-0.1511392221827321,0.3398517001397765,-0.02587647340205132,-0.8357639153549565,1.5254590720398147,0.35911887329730774
3.2575000000000003,12,0.04407773172897356,0.18914819562319365,0.028586954645085844,-0.07037527122017771,0.9073264505142947,-0.1532297754922822,0.34364874770440207,-0.024985622149683546,-0.8365449925160985,1.5121135108818011,0.3534378803171107
3.2600000000000002,12,0.046577731728973504,0.19987629960017628,0.028201265810619516,-0.0695114382033098,0.9072650844571285,-0.15532128760849384,0.34741194251265173,-0.02410989758225982,-0.8365346254944258,1.4983777318826357,0.34702058918390966
3.2625,12,0.04907773172897345,0.2106044035771589,0.02781034903550183,-0.06863824052615314,0.9072058869047305,-0.15741180740698493,0.3511403155069962,-0.023251117466349648,-0.8357548031495899,1.4842569247007988,0.33988538294797577
3.265,12,0.0515777317289734,0.22133250755414152,0.027414209182169906,-0.06775576644104965,0.9071488132716364,-0.15949943873552214,0.35483291060405203,-0.022411053610897024,-0.8342275143412419,1.4697562789947753,0.33205064465958156
3.2675,12,0.054077731728973344,0.23206061153112412,0.027012855784726272,-0.06686410657433207,0.9070938146003062,-0.16158234041402117,0.35848878469458184,-0.021591431867220262,-0.8319747479290333,1.454880984423049,0.3235347573689993
3.27,12,0.05657773172897329,0.24278871550810674,0.026606302911508464,-0.06596335389388852,0.9070408376760192,-0.16365872623454703,0.3621070076434944,-0.020793932129011993,-0.8290184927726149,1.4396362306441042,0.3143561041265012
3.2725,12,0.05907773172897324,0.25351681948508936,0.02619456902765869,-0.06505360367672716,0.9069898251417666,-0.1657268649613137,0.3656866622898449,-0.02002018833233916,-0.8253807377316386,1.4240272073164244,0.3045330679823598
3.275,12,0.061577731728973184,0.26424492346207196,0.025777676857693416,-0.06413495347654086,0.9069407156131475,-0.16778508033068437,0.3692268444468345,-0.01927178845564304,-0.8210834716657552,1.4080591040984942,0.29408403198684724
3.2775,12,0.06407773172897313,0.2749730274390546,0.025355653248073026,-0.06320750309127177,0.9068934437932612,-0.16983175105117135,0.3727266629018108,-0.01855027451973921,-0.8161486834346163,1.3917371106487975,0.28302737919023585
3.2800000000000002,12,0.06657773172897352,0.2857011314160391,0.024928529029771357,-0.062271354530675845,0.9068479405876022,-0.1718653108034364,0.37618523941626797,-0.017857142587817457,-0.8105983618978718,1.3750664166258149,0.27138149264279604
3.2825,12,0.06907773172897347,0.29642923539302174,0.024496338880845632,-0.0613266119838881,0.9068041332189543,-0.17388424824028934,0.3796017087258447,-0.017193842765442256,-0.8044544959151751,1.3580522116880365,0.2591647553948041
3.285,12,0.07157773172897341,0.30715733937000433,0.024059121189005644,-0.0603733817869863,0.9067619453422838,-0.17588710698669024,0.3829752185403277,-0.016561779200552032,-0.7977390743461766,1.3406996854939437,0.2463955504965304
3.2875,12,0.07407773172897336,0.317885443346987,0.023616917914183657,-0.0594117723905562,0.906721297159635,-0.17787248563974795,0.38630492954364937,-0.01596231008345964,-0.7904740860505278,1.3230140277020204,0.2330922609982472
3.29,12,0.07657773172897331,0.3286135473239696,0.023169774451104,-0.05844189432725605,0.9066821055350229,-0.1798390377687203,0.3895900153938882,-0.015396747646852268,-0.7826815198878794,1.3050004279707506,0.21927326995022692
3.2925,12,0.07907773172897326,0.3393416513009522,0.022717739491852646,-0.05746386017938124,0.9066442841093278,-0.18178547191501446,0.3928296627232689,-0.014866358165791417,-0.7743833647178829,1.2866640759586183,0.20495696040274192
3.295,12,0.0815777317289732,0.3500697552779348,0.022260864888446884,-0.056477784546428884,0.9066077434151898,-0.18371055159218658,0.3960230711381625,-0.014372361957712904,-0.7656016094001898,1.2680101613241075,0.19016171540606436
3.2975,12,0.08407773172897315,0.3607978592549174,0.021799205515404915,-0.055483784012662504,0.906572390991902,-0.18561309528594194,0.3991694532190861,-0.013915933382426878,-0.7563582427944511,1.2490438737257024,0.17490591801046682
3.3000000000000003,12,0.08657773172897354,0.37152596323190196,0.02133281913231542,-0.054481977114676464,0.9065381315003053,-0.18749197645413543,0.4022680345207036,-0.013498200842117725,-0.7466752537603164,1.2297704028218832,0.15920795126621856
3.3025,12,0.08907773172897349,0.38225406720888455,0.02086176624640748,-0.05347248430896133,0.9065048668376819,-0.18934612352676983,0.40531805357182354,-0.013120246781344373,-0.7365746311574404,1.2101949382711414,0.1430861982235975
3.305,12,0.09157773172897343,0.3929821711858672,0.020386109975119762,-0.0524554279394674,0.9064724962526499,-0.1911745199059983,0.4083187618754021,-0.012783107687039844,-0.7260783638454728,1.1903226697319569,0.12655904193287332
3.3075,12,0.09407773172897338,0.4037102751628498,0.019905915908670434,-0.051430932205170116,0.906440916460057,-0.19297620396612258,0.4112694239085415,-0.012487774088511549,-0.7152084406840648,1.1701587868628143,0.10964486544431866
3.31,12,0.09657773172897333,0.4144383791398324,0.019421251972626723,-0.05039912312763446,0.9064100217558746,-0.19475026905359372,0.41416931712248983,-0.012235190557441227,-0.7039868505328676,1.1497084793221972,0.09236205180820517
3.3125,12,0.09907773172897327,0.42516648311681504,0.018932188290474532,-0.0493601285185796,0.9063797041320919,-0.19649586348701176,0.4170177319426415,-0.012026255707884934,-0.6924355822515323,1.12897693676859,0.07472898407480563
3.315,12,0.10157773172897322,0.43589458709379764,0.01843879704618811,-0.048314077947443565,0.9063498533916102,-0.1982121905571259,0.4198139717685373,-0.011861822196273051,-0.6805766246997108,1.1079693488604767,0.0567640452943924
3.3175,12,0.10407773172897317,0.4466226910707803,0.0179411523467996,-0.04726110270894782,0.9063203572631366,-0.19989850852683452,0.4225573529738638,-0.011742696721410267,-0.6684319667370536,1.086690905256341,0.03848561851723746
3.3200000000000003,12,0.10657773172897356,0.45735079504776477,0.017439330084968667,-0.046201335790661775,0.9062911015160783,-0.20155413063118538,0.42524720490645473,-0.011669640024475588,-0.6560235972232102,1.0651467956146634,0.019912086793610263
3.3225000000000002,12,0.1090777317289735,0.4680788990247474,0.016933407801552412,-0.0451349118405681,0.9062619700754364,-0.20317842507737455,0.42788286988828833,-0.01164336688902237,-0.6433735050178363,1.0433422095939353,0.0010618331737893003
3.325,12,0.11157773172897345,0.47880700300173,0.0164234645481745,-0.044061967134626304,0.9062328451367004,-0.20477081504474792,0.4304637032154905,-0.011664546140978237,-0.6305036789805807,1.0212823368526371,-0.018046759291956118
3.3275,12,0.1140777317289734,0.48953510697871266,0.015909580749795132,-0.04298263954433805,0.9062036072807419,-0.20633077868480051,0.432989073158333,-0.011733800648645185,-0.617436107971095,0.9989723670492529,-0.03739530755335362
3.33,12,0.11657773172897334,0.5002632109556953,0.015391838067280589,-0.04189706850431169,0.9061741355887086,-0.2078578491211762,0.43545836096123364,-0.0118517073226995,-0.6041927808490304,0.9764174898422666,-0.05696542856013077
3.3325,12,0.11907773172897329,0.5109913149326779,0.014870319259972849,-0.040805394979826805,0.9061443077569189,-0.20935161444966816,0.4378709608427566,-0.012018797116191755,-0.5907956864740377,0.9536228948901623,-0.07673873926201584
3.335,12,0.12157773172897324,0.5217194189096604,0.014345108048259225,-0.03970776143439891,0.9061140002117554,-0.21081171773821858,0.4402262799956121,-0.012235555024546922,-0.5772668137057689,0.9305937718514241,-0.0966968566087358
3.3375,12,0.12407773172897318,0.5324475228866431,0.01381628897614199,-0.038604311797344026,0.906083088224559,-0.2122378570269189,0.44252373858665683,-0.012502420085564217,-0.5636281514038746,0.9073353103845355,-0.11682139755001894
3.34,12,0.12657773172897313,0.5431756268636257,0.013283947273807998,-0.0374951914313434,0.9060514460265235,-0.2136297853280096,0.4447627697568934,-0.012819785379417244,-0.5499016884280066,0.8838527001479813,-0.13709397903559203
3.3425000000000002,12,0.12907773172897352,0.5539037308406103,0.012748168720198221,-0.03638054710000784,0.9060189469235892,-0.21498731062588053,0.44694281962147103,-0.01318799802865392,-0.5361094136378136,0.8601511308002407,-0.15749621801518754
3.345,12,0.13157773172897347,0.5646318348175928,0.012209039505577765,-0.035260526935443265,0.9059854634113368,-0.21631029587706996,0.4490633472696842,-0.013607359198196348,-0.5222733158929516,0.8362357919998068,-0.1780097314385248
3.3475,12,0.13407773172897341,0.5753599387945755,0.011666646094104893,-0.03413528040581398,0.905950867289882,-0.21759865901026607,0.45112382476497476,-0.0140781240953411,-0.5084153840530695,0.812111873405159,-0.19861613625533586
3.35,12,0.13657773172897336,0.5860880427715581,0.011121075086401089,-0.03300495828290827,0.905915029778769,-0.2188523729263058,0.4531237371449302,-0.014600501969759004,-0.4945576069778182,0.7877845646747808,-0.21929704941534825
3.3525,12,0.1390777317289733,0.5968161467485407,0.010572413082120539,-0.03186971260970277,0.9058778216318654,-0.2200714654981753,0.4550625824212842,-0.01517465611349525,-0.48072197352684987,0.7632590554671573,-0.24003408786828911
3.355,12,0.14157773172897326,0.6075442507255233,0.01002074654251977,-0.03072969666792706,0.9058391132522552,-0.2212560195710099,0.4569398715799169,-0.0158007038609693,-0.4669304725598153,0.7385405354407719,-0.26080886856388674
3.3575,12,0.1440777317289732,0.618272354702506,0.009466161653027307,-0.02958506494562836,0.9057987748071336,-0.222406172962094,0.45875512858085443,-0.016478716588974977,-0.45320509293636535,0.7136341942541088,-0.2816030084518686
3.36,12,0.14657773172897315,0.6290004586794885,0.008908744185813264,-0.028435973104736167,0.9057566763427006,-0.22352211846086106,0.4605078903582692,-0.01720871971668037,-0.4395678235161516,0.6885452215656519,-0.30239812448196246
3.3625000000000003,12,0.14907773172897354,0.639728562656473,0.008348579362358874,-0.027282577948626596,0.9057126878990558,-0.22460410382889395,0.46219770682048017,-0.017990692705628107,-0.42604065315882345,0.6632788070338806,-0.3231758336038993
3.365,12,0.15157773172897349,0.6504566666334557,0.007785751716026551,-0.026125037389687945,0.9056666796250916,-0.22565243179992414,0.4638241408499515,-0.01882456905973463,-0.4126455707240358,0.6378401403172883,-0.34391775276739994
3.3675,12,0.15407773172897343,0.6611847706104383,0.007220344954628883,-0.024963510416884056,0.9056185218933877,-0.22666746007983263,0.4653867683032946,-0.019710236325291158,-0.3994045650714387,0.6122344110743542,-0.36460549892219557
3.37,12,0.15657773172897338,0.6719128745874209,0.006652441822998664,-0.02379815706331974,0.9055680854151051,-0.2276496013466495,0.46688517801126667,-0.02064753609096307,-0.3863396250606825,0.5864668089635628,-0.38522068901801315
3.3725,12,0.15907773172897333,0.6826409785644035,0.006082123965558423,-0.022629138373805223,0.9055152413548803,-0.22859932325055388,0.4683189717787712,-0.021636263987790127,-0.37347273955141946,0.5605425236433975,-0.4057449400045816
3.375,12,0.16157773172897327,0.6933690825413862,0.005509471788890073,-0.021456616372420828,0.9054598614457191,-0.22951714841387413,0.4696877643848578,-0.022676169689186346,-0.36082589740330023,0.5344667447723428,-0.4261598688316279
3.3775,12,0.16407773172897322,0.7040971865183687,0.004934564324304509,-0.02028075403008156,0.9054018181038908,-0.23040365443108765,0.4709911835827225,-0.02376695691094004,-0.34842108747597583,0.5082446620088824,-0.44644709244887937
3.38,12,0.16657773172897317,0.7148252904953514,0.0043574790904112315,-0.019101715232101732,0.9053409845438224,-0.23125947386882098,0.4722288700997072,-0.02490828341121397,-0.33628029862909803,0.48188146501150103,-0.46658822780606396
3.3825000000000003,12,0.16907773172897356,0.7255533944723359,0.0037782919556879103,-0.017919664745759414,0.9052772348929923,-0.23208529426585,0.4734004776373007,-0.026099760990545246,-0.32442551972231526,0.4553823434386767,-0.48656489185291374
3.3850000000000002,12,0.1715777317289735,0.7362814984493186,0.0031970770010503885,-0.016734768187861918,0.9052104443068247,-0.2328818581330992,0.47450567287113665,-0.02734095549184485,-0.31287873961528445,0.4287524869489037,-0.5063587015391484
3.3875,12,0.17407773172897345,0.7470096024263011,0.0026139063824217046,-0.015547191992309167,0.9051404890835837,-0.23364996295364257,0.4755441354509964,-0.028631386800398534,-0.3016619471676534,0.4019970852006618,-0.5259512738144991
3.39,12,0.1765777317289734,0.7577377064032838,0.002028850193302109,-0.014357103377659095,0.905067246779267,-0.2343904611827033,0.47651555800080664,-0.029970528843866296,-0.2907971312390746,0.3751213278524341,-0.5453242256286936
3.3925,12,0.17907773172897334,0.7684658103802664,0.00144197632733864,-0.013164670314692206,0.9049905963225003,-0.2351042602476535,0.47741964611864063,-0.03135780959228243,-0.2803062806891973,0.34813040456270533,-0.5644591739314594
3.395,12,0.1815777317289733,0.779193914357249,0.0008533503408946902,-0.011970061493976128,0.9049104181294312,-0.23579232254801452,0.47825611837671766,-0.03279261105805549,-0.27021138437767506,0.32102950498995886,-0.5833377356725253
3.3975,12,0.18407773172897324,0.7899220183342316,0.00026303531561969185,-0.01077344629343023,0.9048265942186233,-0.23645566545545685,0.47902470632140326,-0.03427426929596837,-0.26053443116415753,0.2938238187926796,-0.6019415278016179
3.4,12,0.18657773172897318,0.8006501223112142,-0.00032890827898131303,-0.009574994745890297,0.9047390083259503,-0.23709536131380002,0.47972515447320924,-0.03580207440317831,-0.25129740990829663,0.2665185356293502,-0.6202521672684647
3.4025,12,0.18907773172897313,0.8113782262881969,-0.000922422722978003,-0.008374877506673137,0.9046475460194902,-0.23771253743901272,0.4803572203267937,-0.03737527051921686,-0.2425223094697437,0.239118845158456,-0.6382512710227944
3.4050000000000002,12,0.19157773172897352,0.8221063302651813,-0.0015174531834452679,-0.00717326582114107,0.9045520948144187,-0.23830837611921293,0.4809206743509607,-0.03899305582599017,-0.23423111870814878,0.21162993703847616,-0.6559204560143366
3.4075,12,0.19407773172897347,0.832834434242164,-0.002113947851893186,-0.005970331492267292,0.9044525442879044,-0.23888411461466738,0.4814152999886606,-0.04065458254777787,-0.22644582648316494,0.18405700092790345,-0.6732413391928133
3.41,12,0.19657773172897341,0.8435625382191466,-0.0027118580816979793,-0.004766246848199346,0.9043487861940018,-0.2394410451577923,0.4818408936569902,-0.042358956951234726,-0.21918842165444324,0.15640522648521776,-0.6901955375079559
3.4125,12,0.19907773172897336,0.8542906421961293,-0.003311138525531984,-0.0035611847098245553,0.904240714578546,-0.23998051495315287,0.48219726474719204,-0.044105239345389534,-0.21248089308163443,0.1286798033689024,-0.7067646679094913
3.415,12,0.2015777317289733,0.8650187461731118,-0.003911747272794162,-0.0023553183583344683,0.9041282258940465,-0.24050392617746338,0.4824842356246554,-0.04589244408164553,-0.2063452296243903,0.10088592123744312,-0.7229303473471462
3.4175,12,0.20407773172897326,0.8757468501500945,-0.004513645987040446,-0.0011488215027894016,0.9040112191145814,-0.24101273597958744,0.4827016416289154,-0.04771953955378008,-0.20080342014236094,0.07302876974932171,-0.7386741927706503
3.42,12,0.2065777317289732,0.8864749541270771,-0.0051168000434140964,5.813175231675349e-05,0.9038895958506911,-0.2415084564805376,0.4828493310736534,-0.04958544819794501,-0.19587745349519836,0.04511353856302344,-0.7539778211297304
3.4225,12,0.20907773172897315,0.8972030581040596,-0.0057211786660760905,0.001265366939492002,0.9037632604642729,-0.2419926547734755,0.4829271652466974,-0.05148904649266639,-0.19158931854255437,0.01714541733703236,-0.7688228493741139
3.4250000000000003,12,0.21157773172897354,0.9079311620810442,-0.006326755065635625,0.00247270926068191,0.9036321201834748,-0.2424669529237122,0.48293501841002096,-0.053429164958845025,-0.18796100414407824,-0.010870404270173132,-0.7831908944535318
3.4275,12,0.21407773172897349,0.9186592660580268,-0.006933506576580033,0.003679983619703897,0.9034960852175897,-0.24293302796870755,0.4828727777997443,-0.05540458815975491,-0.18501449915942356,-0.03892873660009853,-0.797063573317706
3.43,12,0.21657773172897343,0.9293873700350095,-0.007541414794705784,0.00488701465468408,0.9033550688719492,-0.24339261191807057,0.48274034362613355,-0.05741405470104554,-0.1827717924482411,-0.06702438999426441,-0.8104225029163667
3.4325,12,0.21907773172897338,0.940115474011992,-0.008150465714548458,0.006093626770491661,0.9032089876628177,-0.24384749175355966,0.48253762907360154,-0.05945625723074021,-0.18125487287018163,-0.09515217479418724,-0.8232493001992409
3.435,12,0.22157773172897333,0.9508435779889747,-0.008760649866813242,0.007299644171174666,0.9030577614322866,-0.24429950942908207,0.4822645603007066,-0.06152984243923665,-0.18048572928489728,-0.12330690134138352,-0.835525582116058
3.4375,12,0.22407773172897327,0.9615716819659573,-0.009371962455805252,0.008504890892395062,0.9029013134631685,-0.24475056187069444,0.48192107644015386,-0.06363341105930681,-0.18048635055203696,-0.15148337997736844,-0.8472329656165443
3.44,12,0.22657773172897322,0.9722997859429399,-0.009984403496859931,0.009709190833864303,0.9027395705938911,-0.24520260097660232,0.4815071295987945,-0.06576551786609706,-0.18127872553125357,-0.17967642104365797,-0.8583530676504281
3.4425,12,0.22907773172897317,0.9830278899199225,-0.010597977953773437,0.010912367791778732,0.9025724633333913,-0.24565763361716042,0.4810226848576257,-0.06792467167712812,-0.18288484308219963,-0.2078808348817686,-0.8688675051674376
3.4450000000000003,12,0.23157773172897356,0.993755993896907,-0.011212695876233109,0.01211424549125499,0.9023999259760088,-0.24611772163487286,0.4804677202717911,-0.07010933535229533,-0.18532669206452546,-0.23609143183322065,-0.8787578951173007
3.4475000000000002,13,0.001044941837697877,0.004787486475227393,-0.011828572537218168,0.013314647618761702,0.9022218967163634,-0.24658498170428558,0.47984222685674277,-0.07231792587959371,-0.188625725012904,-0.2643030752101259,-0.8880061826086367
3.45,13,0.0035449418376978237,0.016241440902429426,-0.012445628557419626,0.014513397853271284,0.9020383177562866,-0.2470615674746512,0.4791462068245456,-0.07454882530141295,-0.1927845996493535,-0.29251248461079093,-0.8966058126525529
3.4525,13,0.00604494183769777,0.02769539532963146,-0.013063889918457784,0.015710319886426134,0.9018491353437156,-0.24754960404475593,0.4783796671122263,-0.07680042080714601,-0.19778268495414641,-0.3207186797665382,-0.9045644798440122
3.455,13,0.008544941837697717,0.03914934975683349,-0.013683387846866263,0.0169052374299426,0.9016542997325113,-0.24805116184239528,0.4775426168019568,-0.07907112071544412,-0.2035979018269712,-0.34892082342964215,-0.911890764808917
3.4575,13,0.011044941837697664,0.050603304184035525,-0.014304158676250987,0.018097974220858844,0.9014537651289236,-0.24856825609761385,0.4766350670690285,-0.08135935479652327,-0.21020817116751617,-0.3771180783523776,-0.9185932481731691
3.46,13,0.01354494183769761,0.06205725861123756,-0.014926243709295805,0.019288354026767672,0.9012474896379624,-0.24910284684270567,0.47565703118185176,-0.08366357427216424,-0.2175914138754698,-0.40530960728701937,-0.9246805105626708
3.4625,13,0.016044941837697557,0.07351121303843959,-0.015549689079768107,0.02047620065104931,0.9010354352097688,-0.2496568389122138,0.47460852450195656,-0.0859822518157125,-0.22572555085052035,-0.43349457298584204,-0.9301611326033241
3.465,13,0.018544941837697504,0.08496516746564163,-0.016174545614524458,0.021661337938104208,0.9008175675859857,-0.25023208194293056,0.4734895644839922,-0.08831388155207831,-0.23458850299235628,-0.4616721382011204,-0.935043694921031
3.4675000000000002,13,0.021044941837697895,0.0964191218928457,-0.016800868695516325,0.02284358977858604,0.9005938562461298,-0.2508303703738977,0.4723001706757269,-0.09065697905773709,-0.2441581912006677,-0.48984146568513404,-0.9393367781416946
3.47,13,0.02354494183769784,0.10787307632004772,-0.01742871812179525,0.024022780114633678,0.9003642743539618,-0.25145344344640574,0.4710403647180489,-0.0930100813607278,-0.2544125363751396,-0.5180017181901477,-0.9430489628912152
3.4725,13,0.026044941837697788,0.11932703074724976,-0.018058157971519165,0.025198732945105252,0.900128798703858,-0.25210298520399493,0.46971017034496515,-0.09537174694065537,-0.265329459415462,-0.5461520584684413,-0.9461888297954959
3.475,13,0.028544941837697735,0.1307809851744518,-0.01868925646395753,0.026371272330810082,0.899887409667181,-0.25278062449245436,0.46830961338360205,-0.09774055572868907,-0.2768868812213232,-0.5742916492722893,-0.9487649594804387
3.4775,13,0.03104494183769768,0.14223493960165381,-0.019322085821497102,0.027540222399741708,0.8996400911386514,-0.2534879349598225,0.46683872175420554,-0.10011510910756292,-0.2890627226924117,-0.6024196533539665,-0.9507859325719455
3.48,13,0.03354494183769763,0.15368889402885585,-0.01995672213164755,0.028705407352310693,0.8993868304827182,-0.25422643505638715,0.4652975254701405,-0.10249402991157575,-0.3018349047284158,-0.6305352334657477,-0.9522603296959189
3.4825,13,0.036044941837697575,0.1651428484560579,-0.02059324520904706,0.029866651466577403,0.8991276184799302,-0.2549975880346851,0.4636860566378916,-0.10487596242659107,-0.31518134822902394,-0.6586375523599074,-0.9531967314782606
3.485,13,0.03854494183769752,0.17659680288325993,-0.021231738457467987,0.031023779103484812,0.8988624492733074,-0.25580280194950245,0.4620043494570622,-0.10725957239003718,-0.32907997409392437,-0.6867257727887205,-0.9536037185448728
3.4875000000000003,13,0.04104494183769791,0.188050757310464,-0.021872288731822558,0.03217661471209152,0.8985913203147113,-0.2566434296578748,0.46025244022037526,-0.10964354699090756,-0.3435087032228083,-0.7147990575044665,-0.9534898715216575
3.49,13,0.04354494183769786,0.199504711737666,-0.02251498620016808,0.03332498283480369,0.898314232311217,-0.2575207688190863,0.45843036731367365,-0.11202659486975919,-0.35844545651535864,-0.7428565692594102,-0.9528637710345168
3.4925,13,0.046044941837697806,0.21095866616486805,-0.023159924205713212,0.034468708112609145,0.8980311891714833,-0.258436061894671,0.4565381712159188,-0.11440744611871503,-0.37386815487126673,-0.7708974708058316,-0.9517339977093531
3.495,13,0.04854494183769775,0.2224126205920701,-0.023807199128823144,0.03560761529030928,0.8977421979521245,-0.25939049614841186,0.45457589449919145,-0.11678485228146242,-0.3897547191902206,-0.798920924896005,-0.950109132172068
3.4975,13,0.0510449418376977,0.23386657501927213,-0.02445691024902534,0.0367415292217521,0.897447268804081,-0.26038520364634105,0.4525435818286921,-0.11915758635325342,-0.40608307037190866,-0.8269260942822054,-0.9479977550485641
3.5,13,0.053544941837697646,0.24532052944647417,-0.025109159607015152,0.03787027487506501,0.8971464149189909,-0.26142126125674003,0.45044127996274025,-0.12152444278090486,-0.4228311293160195,-0.8549121417167073,-0.9454084469647432
3.5025,13,0.05604494183769759,0.2567744838736762,-0.025764051866661447,0.0389936773378876,0.8968396524755605,-0.2624996906501395,0.4482690377527749,-0.12388423746279834,-0.4399768169222412,-0.8828782299517853,-0.9423497885465075
3.505,13,0.05854494183769754,0.2682284383008782,-0.02642169417701224,0.040111561822604475,0.8965270005859359,-0.2636214582993194,0.44602690614335405,-0.1262358077488802,-0.45749805409026256,-0.9108235217397147,-0.938830360419759
3.5075000000000003,13,0.06104494183769793,0.2796823927280823,-0.027082196034300416,0.04122375367157823,0.8962084812420739,-0.26478747547930886,0.44371493817215496,-0.12857801244066197,-0.47537276171977466,-0.9387471798327744,-0.9348587432103993
3.5100000000000002,13,0.06354494183769788,0.2911363471552843,-0.027745669143948885,0.04233007836238144,0.8958841192621129,-0.26599859826738603,0.44133318896997537,-0.1309097317912186,-0.49357886071045987,-0.9666483669832296,-0.9304435175443316
3.5125,13,0.06604494183769782,0.30259030158248634,-0.028412227282576932,0.043430361513030695,0.8955539422367441,-0.2672556275430785,0.43888171576073093,-0.13322986750519117,-0.5120942719620096,-0.9945262459433603,-0.9255932640474575
3.515,13,0.06854494183769777,0.3140442560096884,-0.029081986160005346,0.04452442888721855,0.8952179804755831,-0.26855930898816316,0.4363605778614571,-0.13553734273878504,-0.5308969163741123,-1.0223799794654405,-0.920316563345679
3.5175,13,0.07104494183769772,0.3254982104368904,-0.02975506328126217,0.04561210639954656,0.89487626695354,-0.2699103330866659,0.4337698366823086,-0.13783110209977031,-0.5499647148464561,-1.0502087303017453,-0.9146219960648984
3.52,13,0.07354494183769766,0.33695216486409246,-0.03043157780858833,0.04669322012075808,0.8945288372571912,-0.271309335124862,0.43110955572655973,-0.14011011164748186,-0.5692755882787299,-1.0780116612045494,-0.9085181428310176
3.5225,13,0.07604494183769761,0.3484061192912945,-0.03111165042344324,0.047767596282970996,0.8941757295311504,-0.2727568951912758,0.42837980059060365,-0.1423733588928193,-0.5888074575706215,-1.1057879349261275,-0.9020135842699387
3.525,13,0.07854494183769756,0.35986007371849654,-0.03179540318851044,0.04883506128491066,0.8938169844244396,-0.27425353817668113,0.4255806389639533,-0.14461985279824702,-0.6085382436218195,-1.1335367142187542,-0.8951169010075638
3.5275,13,0.0810449418376975,0.3713140281456986,-0.032482959409703235,0.04989544169714253,0.89345264503686,-0.2757997337741007,0.4227121406292406,-0.1468486237777942,-0.6284458673320126,-1.1612571618347043,-0.8878366736697952
3.5300000000000002,13,0.0835449418376979,0.3827679825729026,-0.033174443498170385,0.05094856426730526,0.8930827568653633,-0.27739589647880697,0.41977437746221635,-0.14905872369705508,-0.6485082496008922,-1.1889484405262574,-0.8801814828825333
3.5325,13,0.08604494183769784,0.39422193700010466,-0.033869980832301305,0.05199425592534274,0.8927073677504231,-0.2790423855883207,0.4167674234317524,-0.15124922587318748,-0.6687033113281398,-1.2166097130456786,-0.8721599092716832
3.535,13,0.08854494183769779,0.4056758914273067,-0.03456969761973238,0.053032343788737966,0.8923265278224053,-0.28073950520241264,0.41369135459983797,-0.15341922507491534,-0.6890089734134475,-1.2442401421452471,-0.8637805334631455
3.5375,13,0.09104494183769773,0.41712984585450874,-0.035273720759352103,0.05406265516774513,0.8919402894479396,-0.28248750422310265,0.41054624912158255,-0.15556783752252665,-0.7094031567565033,-1.2718388905772378,-0.8550519360828222
3.54,13,0.09354494183769768,0.4285838002817108,-0.035982177703306854,0.055085017570622605,0.8915487071762904,-0.2842865763546596,0.4073321872452147,-0.15769420088787442,-0.729863782256996,-1.2994051210939257,-0.8459826977566157
3.5425,13,0.09604494183769763,0.44003775470891277,-0.03669519631900646,0.05609925870886571,0.8911518376857285,-0.2861368601036018,0.4040492513120823,-0.15979747429437632,-0.7503687708146136,-1.3269379964475847,-0.836581399110428
3.545,13,0.09854494183769757,0.4514917091361148,-0.03741290475112989,0.057105206502439575,0.890749739729901,-0.28803843877869656,0.4006975257566525,-0.16187683831701474,-0.7708960433290448,-1.3544366793904903,-0.8268566207701609
3.5475,13,0.10104494183769752,0.46294566356331684,-0.038135431283630825,0.058102689085011865,0.8903424740842037,-0.2899913404909607,0.39727709710651204,-0.16393149498233692,-0.7914235206999778,-1.381900332674917,-0.816816943361717
3.5500000000000003,13,0.10354494183769791,0.47439961799052094,-0.03886290420174343,0.059091534809185796,0.8899301034921512,-0.2919955381536603,0.393788053982366,-0.16596066776845503,-0.8119291238271046,-1.4093281190531448,-0.806470947510996
3.5525,13,0.10604494183769786,0.485853572417723,-0.03959545165398746,0.06007157225173221,0.8895126926117485,-0.29405094948230975,0.39023048709804076,-0.16796360160504517,-0.8323907736101064,-1.4367192012774377,-0.7958272138439041
3.555,13,0.1085449418376978,0.497307526844925,-0.040333201514174646,0.06104263021882345,0.8890903079618621,-0.2961574369946737,0.3866044892604803,-0.16993956287334908,-0.852786390948675,-1.4640727421000759,-0.7848943229863413
3.5575,13,0.11104494183769775,0.5087614812721271,-0.04107628124341384,0.06200453775126545,0.8886630178685906,-0.2983148080107657,0.3829101553697483,-0.17188783940617297,-0.8730938967424992,-1.491387904273334,-0.7736808555642098
3.56,13,0.1135449418376977,0.520215435699329,-0.04182481775211671,0.06295712412973069,0.8882308924116363,-0.3005228146528485,0.3791475824190281,-0.17380774048788783,-0.8932912118912668,-1.5186638505494865,-0.7621953922034118
3.5625,13,0.11604494183769765,0.5316693901265311,-0.04257893726200341,0.063900218879991,0.8877940033706764,-0.3027811538454342,0.37531686949462184,-0.17569859685442935,-0.9133562572946669,-1.5458997436808088,-0.7504465135298493
3.565,13,0.11854494183769759,0.5431233445537331,-0.04333876516810817,0.0648336517781504,0.8873524241717332,-0.3050894673152837,0.3714181177759513,-0.17755976069329796,-0.933266953852387,-1.5730947464195746,-0.7384428001694241
3.5675,13,0.12104494183769754,0.5545772989809351,-0.044104425900784956,0.0657572528558778,0.8869062298335463,-0.30744734159140763,0.3674514305355577,-0.1793906056435589,-0.9530012224641162,-1.6002480215180592,-0.7261928327480391
3.5700000000000003,13,0.12354494183769793,0.5660312534081392,-0.04487604278771319,0.06667085240564011,0.8864554969139429,-0.309854308005066,0.36341691313910046,-0.1811905267958425,-0.9725369840295462,-1.6273587317285425,-0.7137051918915934
3.5725000000000002,13,0.12604494183769788,0.5774852078353413,-0.04565373791590287,0.06757428098593422,0.8860003034562094,-0.31230984268976686,0.35931467304536086,-0.1829589406923428,-0.9918521594483581,-1.6544260398032893,-0.7009884582259939
3.575,13,0.12854494183769782,0.5889391622625433,-0.046437631993700934,0.0684673694265209,0.885540728935462,-0.3148133665812686,0.3551448198062371,-0.1846952853268197,-1.010924669620244,-1.6814491084945782,-0.6880512123771403
3.5775,13,0.13104494183769777,0.6003931166897454,-0.04722784421279645,0.06934994883365692,0.8850768542050184,-0.31736424541757857,0.35090746506674747,-0.1863990201445973,-1.0297324354448927,-1.708427100554685,-0.6749020349709347
3.58,13,0.13354494183769772,0.6118470711169474,-0.04802449211022629,0.07022185059532796,0.8846087614427681,-0.31996178973895334,0.34660272256502955,-0.18806962604256475,-1.0482533778219916,-1.7353591787358842,-0.6615495066332795
3.5825,13,0.13604494183769766,0.6233010255441493,-0.048827691430380765,0.0710829063864814,0.8841365340975442,-0.3226052548878985,0.34223070813234047,-0.1897066053691757,-1.0664654176512298,-1.7622445057904503,-0.6480022079900765
3.585,13,0.1385449418376976,0.6347549799713514,-0.04963755598700929,0.07193294817425931,0.8836602568354942,-0.32529384100916925,0.33779153969305614,-0.1913094819244487,-1.0843464758322954,-1.7890822444706582,-0.6342687196672276
3.5875,13,0.14104494183769756,0.6462089343985534,-0.05045419752522595,0.07277180822323093,0.8831800154864511,-0.3280266930497695,0.3332853372646724,-0.19287780095996698,-1.1018744732648773,-1.8158715575287825,-0.6203576222906355
3.59,13,0.1435449418376975,0.6576628888257555,-0.05127772558351519,0.07359931910062575,0.8826958969903042,-0.3308029007589528,0.32871222295780395,-0.1944111291788786,-1.1190273308486627,-1.8426116077170982,-0.606277496486202
3.5925000000000002,13,0.1460449418376979,0.6691168432529596,-0.05210824735573751,0.0744153136815663,0.8822079893433707,-0.33362149868822233,0.32407232097618416,-0.19590905473589657,-1.1357829694833441,-1.869301557787884,-0.5920369228798265
3.595,13,0.14854494183769784,0.6805707976801616,-0.052945867553134546,0.07521962515430039,0.8817163815447668,-0.33648146619132874,0.31936575761666824,-0.1973711872372979,-1.1521193100686038,-1.8959405704934056,-0.577644482097416
3.5975,13,0.1510449418376978,0.6920247521073636,-0.05379068826633558,0.07601208702543485,0.8812211635427782,-0.33938172742427375,0.31459266126922825,-0.19879715774092513,-1.1680142735041326,-1.9225278085859425,-0.563108754764871
3.6,13,0.15354494183769773,0.7034787065345657,-0.05464280882736256,0.07679253312516766,0.8807224261812318,-0.3423211513453076,0.30975316241695605,-0.20018661875618535,-1.1834457806896193,-1.9490624348177699,-0.5484383215080926
3.6025,13,0.15604494183769768,0.7149326609617677,-0.05550232567163585,0.07756079761252094,0.880220261145866,-0.34529855171492974,0.3048473936360633,-0.20153924424405026,-1.1983917525247516,-1.9755436119411613,-0.5336417629529834
3.605,13,0.15854494183769763,0.7263866153889698,-0.05636933219997989,0.07831671498057373,0.8797147609107031,-0.348312687095889,0.2998754895958805,-0.2028547296170565,-1.2128301099092191,-2.0019705027083927,-0.5187276597254448
3.6075,13,0.16104494183769757,0.7378405698161717,-0.057243918640628805,0.07906012006169481,0.8792060186844189,-0.35136226085318323,0.2948375870588581,-0.20413279173930535,-1.2267387737427091,-2.0283422698717373,-0.5037045924513806
3.61,13,0.16354494183769752,0.7492945242433738,-0.05812617191123203,0.07979084803277546,0.878694128356715,-0.3544459211540597,0.28973382488056504,-0.20537316892646285,-1.2400956649249106,-2.0546580761834714,-0.4885811417566905
3.6125000000000003,13,0.1660449418376979,0.7607484786705778,-0.05901617548086006,0.08050873442046244,0.878179184444689,-0.3575622609680152,0.2845643440096895,-0.20657562094575999,-1.2528787043555139,-2.0809170843958733,-0.47336588826727577
3.615,13,0.16854494183769786,0.7722024330977799,-0.05991400923200951,0.08121361510639022,0.8776612820392062,-0.3607098180667944,0.2793292874880409,-0.20773992901599203,-1.2650658129342027,-2.1071184572612096,-0.45806741260904316
3.6175,13,0.1710449418376978,0.7836563875249819,-0.06081974932260961,0.0819053263324146,0.8771405167512706,-0.3638870750243926,0.274028800450546,-0.2088658958075194,-1.276634911560668,-2.133261357531758,-0.44269429540789257
3.62,13,0.17354494183769775,0.795110341952184,-0.06173346804802726,0.08258370470584495,0.8766169846583952,-0.3670924592170538,0.2686630301252511,-0.20995334544226726,-1.2875639211345984,-2.159344947959794,-0.42725511728972493
3.6225,13,0.1760449418376977,0.806564296379386,-0.06265523370307274,0.08324858720467715,0.8760907822509745,-0.37032434282327137,0.2632321258333224,-0.21100212349372538,-1.297830762555682,-2.1853683912975925,-0.4117584588804436
3.625,13,0.17854494183769765,0.8180182508065881,-0.06358511044400543,0.08389981118282643,0.8755620063786543,-0.3735810428237878,0.257736238989045,-0.2120120969869484,-1.307413356723607,-2.2113308502974287,-0.39621290080595023
3.6275,13,0.1810449418376976,0.8294722052337901,-0.06452315815053933,0.08453721437536009,0.8750307541967037,-0.37686082100159474,0.2521755230998236,-0.21298315439855572,-1.3162896245380615,-2.237231487711576,-0.38062702369214707
3.63,13,0.18354494183769754,0.840926159660992,-0.06546943228784874,0.08516063490373035,0.8744971231123854,-0.38016188394193307,0.24655013376618193,-0.21391520565673128,-1.3244374868987348,-2.26306946629231,-0.36500940816493554
3.6325000000000003,13,0.18604494183769793,0.8523801140881961,-0.06642398376857407,0.08576991128100729,0.8739612107313273,-0.38348238303229376,0.2408602286817622,-0.21480818214122419,-1.3318348647053153,-2.2888439487919094,-0.349368634850216
3.6350000000000002,13,0.18854494183769788,0.8638340685153982,-0.06738685881482676,0.0863648824171111,0.8734231148038937,-0.38682041446241483,0.23510596763332897,-0.21566203668334788,-1.3384596788574903,-2.3145540979626404,-0.333713284373895
3.6375,13,0.19104494183769782,0.8752880229426002,-0.06835809882019583,0.08694538762404565,0.872882933171556,-0.39017401922428546,0.22928751250076307,-0.2164767435659806,-1.3442898502549485,-2.340199076556782,-0.31805193736187276
3.64,13,0.19354494183769777,0.8867419773698023,-0.06933774021175307,0.08751126662113082,0.8723407637132639,-0.3935411831121436,0.22340502725706554,-0.21725229852356565,-1.3493032997973788,-2.365778047326609,-0.3023931744400507
3.6425,13,0.19604494183769772,0.8981959317970043,-0.0703258143120585,0.08806235954023531,0.8717967042918165,-0.3969198367224761,0.21745867796835694,-0.2179887187421109,-1.3534779483844686,-2.391290173024396,-0.2867455762343318
3.645,13,0.19854494183769766,0.9096498862242063,-0.07132234720116634,0.08859850693100961,0.8712508527002338,-0.40030785545401937,0.21144863279387702,-0.21868604285918894,-1.3567917169159076,-2.4167346164024175,-0.2711177233706172
3.6475,13,0.2010449418376976,0.9211038406514084,-0.07232735957863033,0.08911954976611867,0.8707033066081268,-0.40370305950775887,0.2053750619859847,-0.21934433096393718,-1.359222526291383,-2.4421105402129486,-0.2555181964748093
3.65,13,0.20354494183769756,0.9325577950786104,-0.07334086662550955,0.08962532944647476,0.8701541635080697,-0.4071032138869292,0.19923813789015854,-0.21996366459705777,-1.3607482974105842,-2.467417107208264,-0.23995557617281071
3.6525,13,0.2060449418376975,0.9440117495058125,-0.07436287786637397,0.0901156878064702,0.8696035206619702,-0.4105060283970145,0.19303803494499608,-0.22054414675081765,-1.3613469511731993,-2.492653480140638,-0.22443844309052283
3.6550000000000002,13,0.2085449418376979,0.9554657039330164,-0.07539339703131023,0.09059046711921032,0.869051475047441,-0.41390915764574826,0.18677492968221343,-0.2210859018690485,-1.3609964084789155,-2.5178188217623503,-0.20897537785384573
3.6575,13,0.21104494183769784,0.9669196583602185,-0.07643242191792665,0.09104951010174588,0.8684981233041709,-0.41731020104311184,0.18044900072664885,-0.22158907584714657,-1.359674590227423,-2.5429122948256664,-0.19357496108868583
3.66,13,0.2135449418376978,0.9783736127874205,-0.07747994425335974,0.09149265992030638,0.8679435616802955,-0.4207067028013373,0.17406042879625708,-0.22205383603207307,-1.3573594173184094,-2.567933062082865,-0.17824577342094375
3.6625,13,0.21604494183769773,0.9898275672146226,-0.07853594955627935,0.09191976019553254,0.8673878859787686,-0.4240961519349056,0.16760939670211297,-0.22248037122235406,-1.3540288106515623,-2.5928802862862224,-0.16299639547652106
3.665,14,0.0002797116161867841,0.0020009163210468923,-0.0796004169988943,0.09233065500770919,0.8668311915037334,-0.4274759822611418,0.16109608934852682,-0.2228688916678174,-1.34966069963212,-2.6177531285292264,-0.1478354041284655
3.6675,14,0.002779711616186731,0.01988465983807239,-0.08067331927218295,0.09272518890262689,0.8662735730083163,-0.43084357819833363,0.15452069486381542,-0.22321962651132446,-1.3442413274063578,-2.6425491285281715,-0.13276770802752727
3.67,14,0.0052797116161866775,0.03776840335509789,-0.08175462251149844,0.09310320690921835,0.8657151246690593,-0.43419632126704105,0.1478834136691628,-0.22353280327127437,-1.337780797821711,-2.66726117259523,-0.11778768790979134
3.6725,14,0.007779711616186624,0.05565214687212339,-0.0828442863460089,0.09346455458134527,0.8651559401149926,-0.43753162652119537,0.14118446558355113,-0.223808631767328,-1.3302934687410117,-2.6918813174084146,-0.10288784753753903
3.6750000000000003,14,0.010279711616187015,0.07353589038915206,-0.08394226398738586,0.0938090780472398,0.8645961124740227,-0.44084694490938553,0.13442409028426636,-0.22404730307855192,-1.32179369802709,-2.7164016196457426,-0.08806069067304906
3.6775,14,0.012779711616186962,0.09141963390617756,-0.08504850231953998,0.09413662405914996,0.8640357344197845,-0.44413976327485594,0.12760254730690304,-0.2242489895434183,-1.3122958435427805,-2.7408141359852176,-0.07329872107860802
3.68,14,0.015279711616186908,0.10930337742320306,-0.086162941988359,0.09444704004298586,0.8634748982184921,-0.44740760435550964,0.12072011604535708,-0.22441384475980522,-1.3018142631509135,-2.7651109231048574,-0.05859444251649462
3.6825,14,0.017779711616186855,0.12718712094022855,-0.08728551749144352,0.09474017414796514,0.8629136957757909,-0.4506480267839064,0.11377709575183056,-0.2245420035849963,-1.290363314714321,-2.7892840376826746,-0.04394035874899018
3.685,14,0.020279711616186802,0.14507086445725406,-0.08841615726784387,0.09501587529625882,0.8623522186836087,-0.4538586250872629,0.10677380553683052,-0.2246335821356809,-1.2779573560958344,-2.8133255363966816,-0.029328973538376046
3.6875,14,0.02277971161618675,0.16295460797427955,-0.08955478378779674,0.0952739932326371,0.8617905582670073,-0.45703702968745297,0.09971058436916896,-0.22468867778795415,-1.2646107451582858,-2.837227475924892,-0.014752790646933528
3.69,14,0.025279711616186695,0.18083835149130506,-0.09070131364246181,0.09551437857411509,0.8612288056310341,-0.4601809069010074,0.09258779107596285,-0.22470736917731676,-1.2503378397645069,-2.860981912945318,-0.00020431383694401636
3.6925,14,0.027779711616186642,0.19872209500833055,-0.09185565763365844,0.09573688285959853,0.8606670517075735,-0.4632879589391141,0.08540580434263416,-0.22468971619867528,-1.235152997777329,-2.884580904135972,0.014323953129311204
3.6950000000000003,14,0.030279711616187033,0.21660583852535922,-0.09301772086360247,0.09594135859952967,0.8601053873021982,-0.4663559239076189,0.07816502271290848,-0.22463576000634192,-1.2190705770595816,-2.908016506174872,0.02883950648955336
3.6975000000000002,14,0.03277971161618698,0.2344895820423847,-0.09418740282464204,0.09612765932553284,0.8595439031410211,-0.46938257580702275,0.07086586458882027,-0.22454552301403446,-1.2021049354741016,-2.931280775740022,0.043349842481495926
3.7,14,0.035279711616186926,0.2523733255594102,-0.0953645974889955,0.09629563964006045,0.8589826899175464,-0.47236572453248526,0.06350876823070513,-0.22441900889487656,-1.1842704308837182,-2.954365769509439,0.057862457342860246
3.7025,14,0.03777971161618687,0.2702570690764357,-0.09654919339848723,0.09644515526603858,0.8584218383395215,-0.47530321587382274,0.056094191757204835,-0.22425620258139756,-1.1655814211512632,-2.977263544161136,0.07238484731136478
3.705,14,0.04027971161618682,0.2881408125934612,-0.09774107375428445,0.09657606309651282,0.8578614391757876,-0.4781929315155087,0.048622613145266176,-0.22405707026553234,-1.1460522641395683,-2.999966156373125,0.0869245086247284
3.7075,14,0.042779711616186766,0.30602455611048673,-0.0989401165066339,0.09668822124429396,0.8573015833031324,-0.48103278903667346,0.04109453023014094,-0.22382155939862172,-1.125697317711465,-3.0224656628234197,0.10148893752066976
3.71,14,0.04527971161618671,0.3239082996275122,-0.10014619444459842,0.09678148909160388,0.8567423617531409,-0.48382074191110463,0.03351046070538578,-0.22354959869141214,-1.1045309397297853,-3.0447541201900323,0.1160856302369074
3.7125,14,0.04777971161618666,0.3417920431445377,-0.10135917528579372,0.09685572733972113,0.8561838657590466,-0.4865547795072467,0.025870942122862485,-0.22324109811405554,-1.082567488057361,-3.0668235851509764,0.13072208301115998
3.715,14,0.050279711616186606,0.3596757866615632,-0.10257892176612488,0.09691079805862689,0.8556261868025838,-0.4892329270882014,0.01817653189273766,-0.2228959488961099,-1.059821320557024,-3.0886661143842638,0.1454057920811463
3.7175000000000002,14,0.052779711616187,0.3775595301785919,-0.1038052917295233,0.0969465647366506,0.8550694166608385,-0.4918532458117279,0.01042780728348147,-0.22251402352653854,-1.0363067950916012,-3.110273764567912,0.1601442536845876
3.72,14,0.055279711616186944,0.3954432736956174,-0.10503813821768242,0.09696289233011572,0.8545136474530999,-0.4944138327302412,0.0026253654218733953,-0.2220951757537109,-1.0120382695239332,-3.1316385923799253,0.17494496405919718
3.7225,14,0.05777971161618689,0.41332701721264287,-0.10627730955979575,0.09695964731298562,0.8539589716877123,-0.4969128207908146,-0.005230176707006435,-0.22163924058540183,-0.9870301017168474,-3.152752654498321,0.18981541944269648
3.725,14,0.06027971161618684,0.43121076072966835,-0.10752264946229254,0.09693669772650917,0.853405482308926,-0.49934837883517813,-0.013138182259771515,-0.22114603428879195,-0.9612966495331756,-3.173608007601112,0.2047631160728041
3.7275,14,0.06277971161618678,0.4490945042466939,-0.10877399709857466,0.09689391322886665,0.8528532727437492,-0.501718711599719,-0.021097994534730373,-0.22061535439046756,-0.9348522708357496,-3.1941967083663108,0.2197955501872387
3.73,14,0.06527971161618673,0.4669782477637194,-0.11003118719875335,0.0968311651448154,0.8523024369487995,-0.5040220597154811,-0.029108936971886427,-0.22004697967642076,-0.9077113234874011,-3.214510813471929,0.23492021802371896
3.7325,14,0.06777971161618668,0.48486199128074486,-0.1112940501393857,0.09674832651533569,0.8517530694571551,-0.5062566997081658,-0.03717031315293833,-0.2194406701920492,-0.8798881653509619,-3.234542379595982,0.2501446158199635
3.735,14,0.07027971161618662,0.5027457347977704,-0.11256241203321146,0.09664527214727636,0.8512052654252066,-0.5084209439981314,-0.045281406801279706,-0.2187961672421564,-0.8513971542892638,-3.2542834634164812,0.265476239813691
3.7375000000000003,14,0.07277971161618702,0.520629478314799,-0.1138360948188897,0.09652187866300067,0.8506591206795081,-0.5105131409003937,-0.05344148178200056,-0.21811319339095128,-0.8222526481651333,-3.2737261216114426,0.28092258624262295
3.74,14,0.07527971161618696,0.5385132218318246,-0.11511491635073483,0.09637802455003208,0.8501147317636293,-0.5125316746246245,-0.06164978210188176,-0.21739145246204908,-0.7924690048414123,-3.292862410858872,0.29649115134447257
3.7425,14,0.07777971161618691,0.5563969653488501,-0.11639869048845429,0.09621359021069995,0.8495721959850062,-0.5144749652751534,-0.06990553190940334,-0.2166306295384701,-0.7620605821809275,-3.3116843878367868,0.3121894313569611
3.745,14,0.08027971161618686,0.5742807088658756,-0.11768722718688454,0.09602845801178528,0.8490316114617933,-0.5163414688509673,-0.0782079354947391,-0.21583039096264067,-0.7310417380465108,-3.330184109223198,0.3280249225178072
3.7475,14,0.0827797116161868,0.592164452382901,-0.11898033258572777,0.09582251233416657,0.8484930771697144,-0.5181296772457099,-0.08655617728975772,-0.21499038433639273,-0.6994268303009938,-3.3483536316961198,0.3440051210647295
3.75,14,0.08527971161618675,0.6100481958999265,-0.12027780909928865,0.0955956396224655,0.8479566929889151,-0.519838118247682,-0.09494942186802308,-0.21411023852096392,-0.6672302168072084,-3.366185011933565,0.3601375232354468
3.7525,14,0.0877797116161867,0.627931939416952,-0.12157945550621088,0.09534772843469276,0.8474225597508129,-0.5214653555398414,-0.10338681394479396,-0.2131895636369976,-0.6344662554279861,-3.3836703066135465,0.37642962526767787
3.755,14,0.09027971161618664,0.6458156829339775,-0.1228850670392139,0.09507866949189371,0.8468907792849499,-0.523009988699803,-0.11186747837702422,-0.21222795106454284,-0.6011493040261588,-3.4008015724140757,0.39288892339914117
3.7575000000000003,14,0.09277971161618703,0.6636994264510062,-0.12419443547482972,0.09478835572779422,0.8463614544658438,-0.5244706531998391,-0.12039052016336435,-0.21122497344305427,-0.5672937204645522,-3.4175708660131696,0.40952291386755835
3.7600000000000002,14,0.09527971161618698,0.6815831699680317,-0.1255073492231387,0.09447668233844653,0.8458346892598392,-0.5258460204068784,-0.12895502444415508,-0.2101801846713927,-0.53291386260601,-3.433970244088835,0.42633909291064226
3.7625,14,0.09777971161618693,0.6994669134850572,-0.12682359341750749,0.09414354683187476,0.8453105887719595,-0.5271347975825074,-0.1375600565014369,-0.20909311990782412,-0.4980240883133582,-3.4499917633190873,0.4433449567661144
3.765,14,0.10027971161618687,0.7173506570020827,-0.1281429500043248,0.09378884907772088,0.844789259292758,-0.5283357278829692,-0.14620466175894392,-0.2079632955700204,-0.4626387554494282,-3.4656274803819396,0.46054800167169346
3.7675,14,0.10277971161618682,0.7352344005191082,-0.1294651978327383,0.09341249135689039,0.8442708083451698,-0.5294475903591641,-0.1548878657821051,-0.20679020933505918,-0.4267722218770517,-3.4808694519554044,0.47795572386509816
3.77,14,0.10527971161618677,0.7531181440361338,-0.13079011274439123,0.09301437841119811,0.8437553447313627,-0.5304691999566498,-0.16360867427804449,-0.20557334013942372,-0.3904388454590609,-3.495709734717495,0.4955756195840472
3.7725,14,0.10777971161618671,0.7710018875531592,-0.13211746766315902,0.0925944174930139,0.8432429785795894,-0.5313994075156405,-0.1723660730955811,-0.20431214817900295,-0.35365298405828727,-3.5101403853462236,0.5134151850662593
3.775,14,0.11027971161618666,0.7888856310701847,-0.13344703268488595,0.0921525184149085,0.8427338213910385,-0.5322370997710079,-0.1811590282252291,-0.20300607490909162,-0.3164289955375625,-3.524153460519604,0.5314819165494528
3.7775,14,0.1127797116161866,0.8067693745872102,-0.13477857516712183,0.09168859359929922,0.8422279860866858,-0.5329811993522806,-0.18998648579919764,-0.20165454304439018,-0.2787812377597187,-3.537741016915647,0.5497833102713465
3.7800000000000002,14,0.115279711616187,0.8246531181042389,-0.13611185981885887,0.09120255812809563,0.8417255870541465,-0.5336306647836446,-0.1988473720913924,-0.20025695655900436,-0.24072406858758041,-3.55089511121237,0.5683268624696626
3.7825,14,0.11777971161618694,0.8425368616212644,-0.13744664879026727,0.09069432979234572,0.841226740194526,-0.5341844904839423,-0.20774059351740953,-0.19881270068644655,-0.20227184588399275,-3.5636078000877798,0.5871200693821129
3.785,14,0.12027971161618689,0.8604206051382899,-0.13878270176243346,0.09016382914188106,0.8407315629692722,-0.534641706766674,-0.21666503663454484,-0.19732114191963399,-0.1634389275117814,-3.5758711402198915,0.6061704272464196
3.7875,14,0.12277971161618684,0.8783043486553154,-0.1401197760370957,0.08961097953496297,0.8402401744470256,-0.5350013798399965,-0.22561956814178755,-0.19578162801088986,-0.12423967133377757,-3.587677188286719,0.6254854323003011
3.79,14,0.12527971161618678,0.8961880921723409,-0.14145762662638084,0.0890357071879282,0.8397526953504724,-0.5352626118067237,-0.23460303487982195,-0.19419348797194314,-0.08468843521281316,-3.5990180009662747,0.6450725807814762
3.7925,14,0.12777971161618673,0.9140718356893663,-0.14279600634254122,0.08843794122483464,0.8392692481031946,-0.535424540664327,-0.2436142638310275,-0.1925560320739284,-0.04479957701172009,-3.6098856349365707,0.6649393689276636
3.795,14,0.13027971161618668,0.9319555792063918,-0.14413466588769117,0.0878176137271071,0.8387899568765226,-0.5354863403049346,-0.2526520621194784,-0.19086855184738594,-0.004587454593329738,-3.6202721468756196,0.6850932929765818
3.7975,14,0.13277971161618662,0.9498393227234173,-0.1454733539435436,0.08717465978318313,0.8383149476363859,-0.5354472205153316,-0.2617152170109442,-0.18913032008226183,0.03593357417952581,-3.6301695934614355,0.7055418491659496
3.8000000000000003,14,0.13527971161618702,0.967723066240446,-0.14681181726114695,0.0865090175381586,0.837844348190165,-0.5353064269769605,-0.2708024959128908,-0.18734059082790747,0.07674915144402245,-3.6395700313720325,0.7262925337334896
3.8025,14,0.13777971161618696,0.9856068097574715,-0.14814980075062095,0.08582062824343395,0.8373782882335429,-0.5350632412659209,-0.2799126463744745,-0.1854985993930809,0.11784491933731318,-3.648465517285419,0.7473528429169127
3.805,15,0.00048795058920036993,0.0026882468962671803,-0.14948704757089443,0.08510943630635907,0.8369168993973559,-0.5347169808524777,-0.28904439608840277,-0.18360356234819677,0.15920652402362367,-3.6568481230582055,0.7687302544940464
3.8075,15,0.0029879505892003166,0.016461398091106874,-0.1508232992190288,0.08437538933832467,0.8364603152925546,-0.534266998412813,-0.2981964554850515,-0.18165468068024654,0.20082052021362923,-3.6647133450048646,0.7904280814873311
3.81,15,0.005487950589200263,0.030234549285946568,-0.1521582956133905,0.08361843817966683,0.8360086715269656,-0.5337126774173228,-0.30736753436088105,-0.17965116001593598,0.24267551730786183,-3.672064423896695,0.8124402182697421
3.8125,15,0.00798795058920021,0.04400770048078626,-0.1534917751660333,0.08283853688390029,0.8355621056725896,-0.5330534292490683,-0.3165563527394582,-0.17759222383063641,0.2847604070486996,-3.678905664696867,0.8347592649659393
3.815,15,0.010487950589200157,0.05778085167562596,-0.15482347485218184,0.08203564269102792,0.8351207572196145,-0.5322886930617551,-0.3257616414067579,-0.17547711409940764,0.3270640811785204,-3.685241372368552,0.8573778217005825
3.8175,15,0.012987950589200103,0.07155400287046565,-0.15615313027965835,0.08120971600063458,0.8346847675301657,-0.5314179357797328,-0.3349821419111628,-0.17330509129699767,0.3695754314397023,-3.6910758518749187,0.8802884885983313
3.8200000000000003,15,0.015487950589200494,0.08532715406530779,-0.1574804757583095,0.08036072034498103,0.8342542797920574,-0.530440652097995,-0.34421660656346525,-0.17107543439784254,0.41228334957463086,-3.6964134081791395,0.9034838657838496
3.8225000000000002,15,0.01798795058920044,0.09910030526014749,-0.15880524436943202,0.07948862236209851,0.8338294389725426,-0.5293563644821795,-0.35346379843686065,-0.16878744087606778,0.45517672732566905,-3.7012583462443827,0.9269565533817892
3.825,15,0.020487950589200388,0.11287345645498718,-0.16012716803520077,0.0785933917688818,0.8334103917720649,-0.5281646231685679,-0.362722491366957,-0.16644042670548612,0.4982444564352024,-3.7056149710338193,0.9506991515168136
3.8275,15,0.022987950589200334,0.12664660764982688,-0.16144597758809434,0.07767500133418379,0.8329972865780084,-0.5268650061640862,-0.3719914699517688,-0.16403372635959904,0.5414754286456088,-3.7094875875106195,0.9747042603135826
3.83,15,0.02548795058920028,0.14041975884466656,-0.162761402840322,0.07673342685190934,0.8325902734184492,-0.525457119246304,-0.38126952955171844,-0.1615666928115963,0.5848585356992664,-3.712880500637954,0.9989644798967562
3.8325,15,0.027987950589200228,0.15419291003950625,-0.16407317265325017,0.07576864711410922,0.8321895039159054,-0.5239405959634351,-0.39055547628963627,-0.15903869753435612,0.6283826693385532,-3.715798015378993,1.0234724103909938
3.835,15,0.030487950589200175,0.16796606123434596,-0.1653810150068292,0.07478064388407414,0.8317951312410885,-0.5223150976343379,-0.3998481270507604,-0.156449130500445,0.6720367213058471,-3.718244436696907,1.0482206519209554
3.8375,15,0.03298795058920012,0.18173921242918564,-0.1666846570690198,0.07376940186942871,0.8314073100666541,-0.5205803133485141,-0.4091463094827371,-0.15379740018211782,0.7158095833435262,-3.720224069554866,1.0732018046113005
3.84,15,0.03548795058920007,0.19551236362402535,-0.16798382526521982,0.07273490869522538,0.8310261965209522,-0.5187359599661097,-0.41844886199562037,-0.15108293355131774,0.7596901471939685,-3.72174121891604,1.0984084685866893
3.8425000000000002,15,0.03798795058920046,0.20928551481886748,-0.16927824534769095,0.07167715487703828,0.8306519481417787,-0.5167817821179146,-0.4277546337618739,-0.1483051760796759,0.8036673045995599,-3.7228001897436003,1.1238332439717855
3.845,15,0.040487950589200405,0.2230586660137072,-0.17056764246498451,0.07059613379405795,0.8302847238301256,-0.5147175522053637,-0.4370624847163643,-0.14546359173851314,0.8477299473026626,-3.7234052870007157,1.1494687308912404
3.8475,15,0.04298795058920035,0.23683181720854687,-0.1718517412313694,0.0694918416621842,0.8299246838039321,-0.5125430704005348,-0.44637128555637096,-0.1425576629988373,0.8918669670456625,-3.723560815650558,1.1753075294697177
3.85,15,0.0454879505892003,0.2506049684033866,-0.1731302657962578,0.06836427750712076,0.8295719895518352,-0.5102581646461503,-0.45567991774157995,-0.13958689083134493,0.9360672555709377,-3.7232710806562967,1.2013422398318776
3.8525,15,0.047987950589200246,0.26437811959822627,-0.17440293991363187,0.06721344313746921,0.8292268037869205,-0.5078626906555763,-0.46498727349408464,-0.13655079470642106,0.9803197046208659,-3.7225403869811027,1.2275654621023797
3.855,15,0.05048795058920019,0.27815127079306595,-0.1756694870114707,0.06603934311782285,0.8288892904004731,-0.5053565319128235,-0.4742922557983868,-0.13344891259413902,1.0246132059378257,-3.721373039588146,1.2539697964058836
3.8575,15,0.05298795058920014,0.29192442198790564,-0.17692963026117658,0.0648419847418607,0.8285596144157283,-0.5027395996725461,-0.48359377840139617,-0.13028080096426042,1.0689366512641947,-3.719773343440597,1.2805478428670494
3.86,15,0.055487950589200086,0.3056975731827453,-0.1781830926470018,0.06362137800544153,0.8282379419416225,-0.5000118329600428,-0.49289076581242997,-0.12704603478623533,1.1132789323423509,-3.7177456035016254,1.307292201610536
3.8625000000000003,15,0.057987950589200477,0.3194707243775875,-0.17942959703547534,0.062377535579697545,0.8279244401265435,-0.4971731985712555,-0.5021821533032154,-0.12374420752920146,1.1576289409146803,-3.715294124734402,1.334195472761009
3.865,15,0.06048795058920042,0.3332438755724272,-0.18066886624482875,0.06111047278412933,0.8276192771120822,-0.494223691072772,-0.5114668869078822,-0.12037493116198679,1.201975568723545,-3.7124232121020975,1.3612502564431181
3.8675,15,0.06298795058920037,0.34701702676726687,-0.181900623114424,0.059820207559698454,0.8273226219867822,-0.4911633328018222,-0.5207439234229737,-0.11693783615310577,1.246307707511331,-3.7091371705678817,1.388449152781528
3.87,15,0.06548795058920032,0.36079017796210655,-0.18312459057417924,0.05850676044192234,0.8270346447398917,-0.487992173866281,-0.5300122304074391,-0.11343257147076181,1.290614249020416,-3.7054403050949256,1.4157847619008983
3.8725,15,0.06798795058920026,0.37456332915694623,-0.18434049171399555,0.057170154533967996,0.8267555162151136,-0.4847102921446672,-0.539270786182635,-0.10985880458284675,1.3348840849931787,-3.7013369206463986,1.4432496839258884
3.875,15,0.07048795058920021,0.388336480351786,-0.18554804985318368,0.05581041547974609,0.8264854080643563,-0.4813177932861435,-0.548518579832327,-0.10621622145694064,1.3791061071719968,-3.6968313221854716,1.4708365189811587
3.8775,15,0.07298795058920016,0.40210963154662566,-0.18674698860989059,0.054427571437004815,0.826224492701485,-0.477814810710517,-0.5577546112026878,-0.10250452656031198,1.423269207299248,-3.6919278146753145,1.4985378671913687
3.88,15,0.0754879505892001,0.41588278274146534,-0.18793703197052594,0.05302165305042396,0.8259729432560718,-0.4742015056082384,-0.5669778909022981,-0.09872344285991762,1.4673622771173107,-3.6866307030790977,1.526346328681178
3.8825000000000003,15,0.0779879505892005,0.42965593393630747,-0.1891179043591892,0.051592693424708555,0.8257309335271469,-0.4704780669404023,-0.5761874403021486,-0.09487271182240202,1.5113742083685706,-3.6809442923599915,1.5542545035752513
3.8850000000000002,15,0.08048795058920044,0.44342908513114715,-0.1902893307070952,0.050140728097683954,0.8254986379369493,-0.4666447114387488,-0.5853822915356328,-0.0909520934141001,1.5552938927953899,-3.6748728874811665,1.5822549919982387
3.8875,15,0.08298795058920039,0.4572022363259869,-0.191451036522002,0.04866579501338821,0.8252762314846777,-0.4627016836056605,-0.594561487498557,-0.086961366101033,1.5991102221401545,-3.6684207934057937,1.610340394074805
3.89,15,0.08548795058920033,0.47097538752082657,-0.1926027479576367,0.04716793449516714,0.8250638897002406,-0.45864925571416454,-0.6037240818491337,-0.08290032684891104,1.6428120881452426,-3.661592315097042,1.6385033099296091
3.8925,15,0.08798795058920028,0.48474853871566626,-0.1937441918831224,0.045647189218768,0.8248617885980083,-0.45448772780793223,-0.6128691390079833,-0.07876879112313272,1.6863883825530321,-3.6543917575180824,1.666736339687312
3.895,15,0.09048795058920023,0.49852168991050594,-0.19487509595240454,0.04410360418543349,0.8246701046305627,-0.4502174277012787,-0.6219957341581345,-0.07456659288878502,1.7298279971059007,-3.6468234256320855,1.6950320834725723
3.8975,15,0.09298795058920017,0.5122948411053456,-0.19599518867367777,0.04253722669499574,0.8244890146424482,-0.44583871097916333,-0.6311029532450234,-0.0702935846106432,1.773119823546227,-3.638891624402221,1.7233831414100504
3.9,15,0.09548795058920012,0.5260679923001853,-0.19710419947881236,0.04094810631897025,0.8243186958239228,-0.44135196099718954,-0.6401898929764945,-0.06594963725317089,1.8162527536163888,-3.6306006587916593,1.7517821136244058
3.9025000000000003,15,0.09798795058920051,0.5398411434950274,-0.19820185879278113,0.039336294873649646,0.8241593256647087,-0.43675758888160393,-0.6492556608228016,-0.06153464028051932,1.8592156790587713,-3.62195483376357,1.7802216002403037
3.9050000000000002,15,0.10048795058920046,0.5536142946898672,-0.1992878981030852,0.03770184639319873,0.8240110819077434,-0.4320560335292996,-0.6582993750166017,-0.05704850165653027,1.9019974916157387,-3.6129584542811255,1.8086942013823935
3.9075,15,0.1029879505892004,0.5673874458847069,-0.20036205002918187,0.03604481710274685,0.8238741425029299,-0.4272477616078113,-0.6673201645529644,-0.05249114784473178,1.944587083029674,-3.603615825307495,1.8371925171753396
3.91,15,0.10548795058920035,0.5811605970795466,-0.2014240483919103,0.03436526539148291,0.8237486855608875,-0.42233326755531864,-0.6763171691893655,-0.04786252380834084,1.9869733450429574,-3.5939312518058486,1.8657091477438021
3.9125,15,0.1079879505892003,0.5949337482743863,-0.2024736282829185,0.032663251785749116,0.8236348893067035,-0.4173130735806453,-0.6852895394456892,-0.04316259301026282,2.0291451693979665,-3.5839090387393573,1.894236693212441
3.915,15,0.11048795058920025,0.608706899469226,-0.20351052613408982,0.030938838922134976,0.8235329320336827,-0.41218772966325895,-0.6942364366042272,-0.03839133741309147,2.0710914478370785,-3.5735534910711904,1.922767753705916
3.9175,15,0.11298795058920019,0.6224800506640656,-0.2045344797869695,0.029192091520571242,0.8234429920570993,-0.4069578135532714,-0.7031570327096792,-0.03354875747910888,2.1128010721026733,-3.5628689137645186,1.9512949293488862
3.92,15,0.11548795058920014,0.6362532018589053,-0.2055452285621915,0.02742307635742393,0.8233652476679467,-0.4016239307714384,-0.7120505105691534,-0.028634872170285472,2.154262933937126,-3.5518596117825125,1.9798108202660123
3.9225,15,0.11798795058920009,0.650026353053745,-0.2065425133289049,0.025631862238588238,0.8232998770866893,-0.39618671460916,-0.7209160637521647,-0.02364971894828003,2.1954659250828166,-3.540529890088343,2.008308026581953
3.9250000000000003,15,0.12048795058920048,0.6637995042485871,-0.20752607657420072,0.023818519972582268,0.8232470584170124,-0.3906468261284789,-0.7297528965906386,-0.018593353774438805,2.23639893728213,-3.5288840536451764,2.0367791484213735
3.9275,15,0.12298795058920042,0.6775726554434268,-0.20849566247253792,0.021983122343642275,0.8232069695995733,-0.3850049541620853,-0.7385602241789035,-0.013465851109799053,2.27705086227743,-3.516926407416189,2.065216785908924
3.93,15,0.12548795058920037,0.6913458066382666,-0.20945101695517104,0.020125744084814656,0.8231797883657523,-0.37926181531331,-0.7473372723737004,-0.008267303915083691,2.3174105918111025,-3.5046612563645483,2.093613539169269
3.9325,15,0.12798795058920032,0.7051189578331063,-0.21039188777957601,0.018246461851051388,0.8231656921914031,-0.3734181539561293,-0.7560832777941764,-0.0029978236507049913,2.3574670176255235,-3.492092905453424,2.121962008327068
3.935,15,0.13048795058920026,0.718892109027946,-0.21131802459887708,0.016345354192303457,0.823164858250604,-0.3674747422351634,-0.764797487821887,0.002342459723236501,2.3972090314630714,-3.479225659645988,2.150254793506981
3.9375,15,0.1329879505892002,0.7326652602227857,-0.21222917903127328,0.014422501526614992,0.823177463369408,-0.36143238006567635,-0.7734791606007949,0.007753397746951968,2.4366255250661246,-3.46606382390541,2.178484494833667
3.94,15,0.13548795058920016,0.7464384114176253,-0.21312510472946516,0.01247798611321721,0.8232036839795945,-0.3552918951335764,-0.7821275650372719,0.01323482346096413,2.4757053901770627,-3.4526117031948593,2.206643712431787
3.9425,15,0.1379879505892001,0.760211562612465,-0.21400555745008135,0.010511892025622388,0.8232436960724193,-0.34905414289541603,-0.7907419808000966,0.01878655140610743,2.5144375185382617,-3.4388736024775075,2.234725046426
3.9450000000000003,15,0.1404879505892005,0.7739847138073072,-0.21487029512310524,0.008524305124717468,0.8232976751523658,-0.3427200065783904,-0.7993216983204575,0.024408377623528852,2.552810801892107,-3.4248538267165216,2.2627210969409712
3.9475000000000002,15,0.14298795058920044,0.7877578650021468,-0.21571907792130116,0.006515313031859524,0.8233657961908957,-0.3362903971803422,-0.8078660187919465,0.030100079654684194,2.5908141319809634,-3.410556680875078,2.2906244641013496
3.95,15,0.1454879505892004,0.8015310161969865,-0.21655166832964173,0.004485005101967504,0.8234482335801994,-0.3297662534697547,-0.8163742541705681,0.03586141654134374,2.6284364005472156,-3.395986469916343,2.3184277480318007
3.9525,15,0.14798795058920033,0.8153041673918262,-0.21736783121473396,0.0024334723966177862,0.8235451610869475,-0.3231485419857566,-0.8248457271747327,0.041692128825588495,2.6656664993332417,-3.3811474988034873,2.3461235488569834
3.955,15,0.15048795058920028,0.829077318586666,-0.21816733389424603,0.0003608076571375851,0.8236567518060413,-0.31643825703812034,-0.8332797712852595,0.04759193854981126,2.7024933200814187,-3.366044072499682,2.3737044667015588
3.9575,15,0.15298795058920023,0.8428504697815057,-0.2189499462063338,-0.001732894722300815,0.8237831781143627,-0.3096364207072626,-0.8416757307453746,0.05356054925671614,2.7389057545341258,-3.350680495968097,2.4011631016901847
3.96,15,0.15548795058920017,0.8566236209763454,-0.21971544057906744,-0.0038475387215862744,0.8239246116245268,-0.3027440828442442,-0.8500329605607124,0.05959764598931916,2.7748926944337398,-3.335061074171903,2.428492053947523
3.9625,15,0.15798795058920012,0.870396772171185,-0.2204635920998582,-0.005983026721574719,0.8240812231386307,-0.2957623210707698,-0.8583508264993157,0.06570289529094797,2.8104430315226403,-3.319190112074269,2.455683923598232
3.9650000000000003,15,0.1604879505892005,0.8841699233660272,-0.22119417858488488,-0.008139259530995605,0.824253182602006,-0.288692240779187,-0.8666287050916363,0.07187594520524289,2.8455456575432096,-3.303071914638364,2.4827313107669773
3.9675000000000002,15,0.16298795058920046,0.8979430745608669,-0.2219069806485202,-0.010316136413356367,0.8244406590569681,-0.28153497513249115,-0.8748659836305295,0.07811642527615258,2.8801894642378154,-3.286710786827363,2.5096268155784074
3.97,15,0.1654879505892004,0.9117162257557065,-0.22260178177275802,-0.012513555113850744,0.8246438205965679,-0.2742916850643179,-0.8830620601712628,0.08442394654794079,2.91436334334884,-3.2701110336044343,2.536363038157188
3.9725,15,0.16798795058920035,0.9254893769505462,-0.22327836837663936,-0.01473141188626323,0.8248628343183428,-0.2669635592789482,-0.8912163435315106,0.09079810156518157,2.9480561866186625,-3.2532769599327476,2.5629325786279793
3.975,15,0.1704879505892003,0.9392625281453859,-0.22393652988567941,-0.01696960151987556,0.8250978662780664,-0.25955181425130724,-0.8993282532913549,0.09723846437276092,2.9812568857896613,-3.2362128707754736,2.5893280371154406
3.9775,15,0.17298795058920025,0.9530356793402256,-0.2245760588012939,-0.019228017366372696,0.8253490814435,-0.25205769422696395,-0.9073972197932855,0.10374459051587631,3.013954332604214,-3.2189230710957824,2.6155420137442316
3.98,15,0.1754879505892002,0.9668088305350654,-0.22519675077022575,-0.021506551366748783,0.8256166436481438,-0.24448247122213151,-0.9154226841422007,0.11031601704003682,3.046137418804698,-3.2014118658568442,2.6415671086390113
3.9825,15,0.17798795058920014,0.9805819817299051,-0.22579840465397175,-0.023805094078213213,0.8259007155449866,-0.2368274450236672,-0.923404098205406,0.1169522624910633,3.077795036133491,-3.183683560021829,2.6673959219244403
3.985,15,0.18048795058920009,0.9943551329247448,-0.22638082259820919,-0.02612353470109674,0.8262014585602572,-0.2290939431890722,-0.9313409246126155,0.12365282691508815,3.1089160763329726,-3.1657424585539085,2.6930210537251784
3.9875000000000003,16,0.0014753856987050895,0.008180947277124276,-0.22694381010217327,-0.028461761105745626,0.8265190328471796,-0.22128332087967756,-0.9392326367142027,0.1304171918727689,3.1394898833991083,-3.147592753225922,2.718435142695986
3.99,16,0.003975385698705036,0.022043334726562617,-0.22748717608133848,-0.030819659857737245,0.8268535972402979,-0.21339695290201038,-0.9470787165892994,0.137244821117324,3.1695128394579832,-3.129236874302865,2.743631427110582
3.9925,16,0.006475385698704983,0.03590572217600096,-0.2280107328911471,-0.03319711623335216,0.8272053092131209,-0.2054362141064192,-0.9548786501399654,0.14413516226449632,3.1989868866793962,-3.110675860478311,2.76860361893495
3.995,16,0.00897538569870493,0.0497681096254393,-0.22851429631771353,-0.03559401422677522,0.827574324838579,-0.19740247414793935,-0.9626319257799242,0.15108764723889925,3.2279141187100855,-3.091910712534088,2.793345443040264
3.9975,16,0.011475385698704876,0.06363049707487764,-0.22899768556474717,-0.038010236556352994,0.8279607987498044,-0.18929709744748913,-0.9703380344248539,0.1581016922773241,3.2562966291967896,-3.0729424312520246,2.817850624297699
4.0,16,0.013975385698704823,0.07749288452431599,-0.22946072324046704,-0.040445664670848716,0.8283648841009121,-0.1811214431918701,-0.9779964694923874,0.16517669792874018,3.2841365117862464,-3.053772017413949,2.8421128875784287
4.0025,16,0.016475385698705214,0.0913552719737568,-0.22990323534451657,-0.042900178755697585,0.8287867325277791,-0.17287686533376553,-0.9856067269021129,0.17231204905429595,3.3114358601252007,-3.0344004718016846,2.8661259577536318
4.005,16,0.018975385698704716,0.10521765942319268,-0.23032505125487798,-0.04537365773925946,0.8292264941088255,-0.16456471259174765,-0.9931683050755685,0.1795071148273127,3.3381967678603752,-3.014828795197071,2.889883559694471
4.0075,16,0.021475385698705107,0.11908004687263347,-0.2307260037147878,-0.04786597929907853,0.8296843173257956,-0.1561863284502615,-1.0006807049362558,0.1867612487332987,3.3644213286385285,-2.995057988381922,2.913379418272137
4.01,16,0.02397538569870461,0.13294243432206937,-0.2311059288196504,-0.05037701986813169,0.8301603490245367,-0.14774305115964728,-1.0081434299096206,0.19407378856992974,3.3901116361063792,-2.9750890521380797,2.9366072583577867
4.0125,16,0.026475385698705,0.14680482177151016,-0.23146466600395396,-0.05290665464109043,0.8306547343757814,-0.13923621373611628,-1.0155559859230734,0.20144405644706997,3.4152697839106847,-2.954922987247358,2.9595608048226123
4.015,16,0.028975385698704503,0.16066720922094604,-0.23180205802818402,-0.05545475758056864,0.8311676168359265,-0.13066714396177492,-1.0229178814059694,0.2088713587867511,3.439897865698166,-2.9345607944915995,2.982233782537771
4.0175,16,0.031475385698704894,0.17452959667038684,-0.23211795096573917,-0.05802120142338464,0.8316991381078149,-0.12203716438460084,-1.0302286272896284,0.21635498632319314,3.463997975115578,-2.9140034746526173,3.004619916374454
4.0200000000000005,16,0.033975385698705285,0.18839198411982766,-0.23241219418984504,-0.06060585768680979,0.8322494381015144,-0.1133475923184638,-1.037487737007317,0.2238942141027863,3.4875722058096517,-2.893252028512247,3.0267129312038272
4.0225,16,0.03647538569870479,0.20225437156926354,-0.2326846403604692,-0.06320859667482599,0.8328186548950993,-0.10459973984311681,-1.0446947264942563,0.23148830148409846,3.5106226514271164,-2.8723074568523246,3.048506551897058
4.025,16,0.03897538569870518,0.21611675901870434,-0.23293514541123636,-0.06582928748438349,0.8334069246954311,-0.09579491380418677,-1.0518491141876303,0.23913649213788377,3.5331514056147273,-2.8511707604546626,3.0699945033253355
4.0275,16,0.04147538569870468,0.22997914646814022,-0.23316356853634215,-0.06846779801164915,0.8340143817989374,-0.08693441581319616,-1.0589504210265661,0.24683801404706332,3.555160562019207,-2.8298429401011043,3.091170510359819
4.03,16,0.04397538569870507,0.24384153391758104,-0.23336977217746882,-0.07112399495826893,0.8346411585523943,-0.07801954224753808,-1.065998170452157,0.25459207950674706,3.5766522142873094,-2.8083249965734622,3.112028297871698
4.0325,16,0.046475385698704574,0.2577039213670169,-0.23355362201069907,-0.07379774383761507,0.8352873853137049,-0.0690515842505014,-1.0729918884074396,0.2623978851242119,3.5976284560657574,-2.7866179306535805,3.132561590732133
4.035,16,0.048975385698704965,0.2715663088164577,-0.2337149869334315,-0.07648890898104876,0.8359531904126821,-0.060031827731245414,-1.079931103337416,0.27025461181892385,3.618091381001306,-2.7647227431232717,3.152764113812312
4.0375,16,0.05147538569870447,0.28542869626589357,-0.23385373905129472,-0.07919735354416724,0.8366387001118261,-0.050961553364825427,-1.086815346189032,0.2781614248225155,3.6380430827406767,-2.7426404347643794,3.1726295919833944
4.04,16,0.05397538569870486,0.2992910837153344,-0.2339697536650625,-0.08192293951306644,0.8373440385671077,-0.04184203659216693,-1.0936441504111984,0.2861174736788089,3.657485654930624,-2.720372006358715,3.192151750116571
4.0425,16,0.05647538569870525,0.3131534711647752,-0.23406290925756815,-0.0846655277105891,0.8380693277887467,-0.03267454762008835,-1.1004170519547736,0.29412189224379526,3.6764211912178784,-2.697918458688115,3.211324313083007
4.045,16,0.05897538569870475,0.32701585861421106,-0.2341330874806194,-0.08742497780258253,0.8388146876019931,-0.02346035142129126,-1.1071335892725696,0.3021737986856439,3.6948517852491727,-2.675280792534416,3.230141005753871
4.0475,16,0.06147538569870514,0.3408782460636519,-0.2341801731419132,-0.09020114830415649,0.8395802356079083,-0.014200707734350535,-1.113793303319361,0.31027229548471064,3.712779530671257,-2.65246000867943,3.248595553000351
4.05,16,0.06397538569870465,0.35474063351308777,-0.23420405419195015,-0.09299389658593114,0.8403660871441438,-0.00489687106373744,-1.120395737551867,0.31841646943351765,3.7302065211308584,-2.6294571079050013,3.2666816796936082
4.0525,16,0.06647538569870504,0.36860302096252856,-0.2342046217109495,-0.09580307888029987,0.8411723552457236,0.00444990932020689,-1.1269404379287709,0.32660539163677665,3.7471348502747275,-2.60627309099294,3.2843931107048294
4.055,16,0.06897538569870454,0.38246540841196447,-0.23418176989576361,-0.09862855028767623,0.8419991506058229,0.013838389381244983,-1.1334269529107015,0.3348381175113657,3.76356661174959,-2.5829089587250933,3.3017235709051773
4.0575,16,0.07147538569870493,0.39632779586140526,-0.23413539604679284,-0.10147016478275679,0.8428465815365499,0.023267330317269276,-1.1398548334602512,0.34311368678635246,3.779503899202197,-2.5593657118832707,3.3186667851658376
4.0600000000000005,16,0.07397538569870532,0.41019018331084606,-0.23406540055490016,-0.10432777522076901,0.8437147539297254,0.03273549856027925,-1.14622363304196,0.3514311235029738,3.794948806279281,-2.535644351249309,3.3352164783579794
4.0625,16,0.07647538569870482,0.42405257076028197,-0.23397168688832592,-0.10720123334372916,0.8446037712176631,0.04224166577639128,-1.1525329076223223,0.35978943601464425,3.8099034266275744,-2.5117458776050454,3.351366375352771
4.065,16,0.07897538569870521,0.43791495820972276,-0.23385416157960245,-0.11009038978670027,0.8455137343339516,0.05178460886584839,-1.1587822156697942,0.36818761698696545,3.824369853893827,-2.48767129173229,3.367110201021399
4.0675,16,0.08147538569870472,0.4517773456591586,-0.23371273421246902,-0.11299509408403977,0.8464447416742323,0.06136310996299718,-1.164971118154778,0.37662464339770496,3.8383501817247665,-2.4634215944128885,3.3824416802350252
4.07,16,0.08397538569870511,0.4656397331085994,-0.23354731740878606,-0.11591519467566275,0.8473968890569828,0.07097595643631466,-1.1710991785496376,0.3850994765368203,3.851846503767142,-2.4389977864286525,3.397354537864836
4.0725,16,0.08647538569870461,0.4795021205580353,-0.23335782681545053,-0.11885053891328849,0.8483702696842942,0.08062194088838098,-1.177165962828685,0.3936110620064349,3.864860913667682,-2.414400868561426,3.4118424987819953
4.075,16,0.088975385698705,0.4933645080074761,-0.23314418109131,-0.12180097306670362,0.8493649741026548,0.09029986115590677,-1.1831710394681936,0.40215832972086213,3.877395505073135,-2.3896318415930207,3.4258992878576877
4.0775,16,0.0914753856987045,0.507226895456912,-0.23290630189407785,-0.12476634233000874,0.850381090163727,0.10000852030970596,-1.1891139794463839,0.4107401939065811,3.8894523716302287,-2.3646917063052815,3.439518629963077
4.08,16,0.0939753856987049,0.5210892829063528,-0.23264411386724754,-0.12774649082788164,0.8514187029851317,0.10974672665472283,-1.1949943562434384,0.41935555310226114,3.901033606985712,-2.339581463480019,3.452694249969348
4.0825000000000005,16,0.09647538569870528,0.5349516703557936,-0.23235754462700767,-0.13074126162182487,0.852477894911225,0.11951329373000848,-1.2008117458414893,0.4280032901587405,3.912141304786317,-2.3143021138990707,3.4654198727476695
4.085,16,0.09897538569870479,0.5488140578052295,-0.23204652474915669,-0.1337504967164237,0.8535587454738809,0.12930704030873055,-1.2065657267246221,0.4366822722390352,3.922777558678781,-2.288854658344273,3.4776892231692127
4.0875,16,0.10147538569870518,0.5626764452546703,-0.23171098775601714,-0.1367740370656043,0.8546613313532718,0.13912679039818407,-1.2122558798788838,0.4453913508183483,3.9329444623098486,-2.263240097597436,3.48949602610516
4.09,16,0.10397538569870468,0.5765388327041062,-0.2313508701033511,-0.13981172257888108,0.855785726338647,0.14897137323976714,-1.2178817887922673,0.4541293616840486,3.9426441093262516,-2.2374594324404065,3.5008340064266776
4.0925,16,0.10647538569870507,0.590401220153547,-0.23096611116727397,-0.14286339212762023,0.8569320012891161,0.1588396233090084,-1.2234430394547284,0.4628951249356952,3.9518785933747345,-2.2115136636549932,3.5116968890049476
4.095,16,0.10897538569870457,0.6042636076029828,-0.2305566532311704,-0.1459288835512859,0.858100224094426,0.16873038031553933,-1.22893922035817,0.47168744498501286,3.9606500081020304,-2.185403792023044,3.522078398711138
4.0975,16,0.11147538569870497,0.6181259950524237,-0.2301224414726075,-0.14900803366370385,0.8592904596357449,0.1786424892031228,-1.2343699224964562,0.4805051105559165,3.9689604471548825,-2.159130818326367,3.531972260416429
4.1,16,0.11397538569870447,0.6319883825018595,-0.22966342395025108,-0.15210067825930743,0.8605027697464394,0.1885748001496236,-1.239734739365399,0.4893468946844865,3.9768120041800255,-2.13269574334681,3.5413721989919886
4.1025,16,0.11647538569870486,0.6458507699513003,-0.22917955159077902,-0.15520665211940154,0.861737213172858,0.19852616856703825,-1.2450332669627724,0.4982115547189938,3.9842067728242014,-2.1060995678661825,3.550271939308998
4.105,16,0.11897538569870525,0.6597131574007411,-0.22867077817579695,-0.15832578901840955,0.862993845535109,0.2084954551014692,-1.250265103788299,0.507097832319878,3.991146846734146,-2.0793432926663207,3.5586652062386284
4.1075,16,0.12147538569870475,0.673575544850177,-0.22813706032875272,-0.1614579217301316,0.8642727192878422,0.2184815256331356,-1.255429850843656,0.5160044534597564,3.9976343195565973,-2.052427918529063,3.5665457246520518
4.11,16,0.12397538569870514,0.6874379322996178,-0.22757835750185035,-0.16460288203400278,0.86557388368103,0.22848325127638447,-1.260527111632481,0.5249301284234338,4.003671284938297,-2.0253544462362174,3.5739072194204473
4.1125,16,0.12647538569870465,0.7013003197490537,-0.22699463196296618,-0.16776050072134024,0.8668973847207457,0.238499508379665,-1.2655564921603586,0.5338735518078802,4.009259836525978,-1.9981238765696332,3.5807434154149846
4.115,16,0.12897538569870504,0.7151627071984945,-0.22638584878256193,-0.17093060760160708,0.8682432651299469,0.24852917852555784,-1.2705176009348356,0.5428334025222561,4.014402067966387,-1.9707372103111178,3.5870480375068423
4.1175,16,0.13147538569870454,0.7290250946479304,-0.22575197582060108,-0.1741130315086582,0.8696115643092521,0.2585711485307461,-1.2754100489654059,0.5518083437878877,4.019100072906255,-1.9431954482425184,3.592814810567192
4.12,16,0.13397538569870493,0.7428874820973712,-0.22509298371346187,-0.1773076003070041,0.871002318297726,0.2686243104460439,-1.2802334497635246,0.5607970231382915,4.023355944992324,-1.915499591145645,3.598037459467211
4.1225000000000005,16,0.13647538569870532,0.756749869546812,-0.22440884586085352,-0.1805141408980581,0.8724155597336551,0.27868756155637164,-1.2849874193425967,0.5697980724191523,4.027171777871333,-1.887650639802334,3.6027097090780713
4.125,16,0.13897538569870482,0.7706122569962479,-0.22369953841273038,-0.1837324792263944,0.8738513178153311,0.2887598043807665,-1.2896715762179822,0.5788101077883331,4.0305496651900174,-1.8596495949944234,3.6068252842709465
4.1275,16,0.1414753856987052,0.7844746444456887,-0.22296504025620575,-0.18696244028600642,0.8753096182618312,0.29883994667239333,-1.2942855414069998,0.5878317297158843,4.0334917005951185,-1.8314974575037224,3.610377909917014
4.13,16,0.14397538569870472,0.7983370318951246,-0.22220533300246842,-0.19020384812655386,0.8767904832737967,0.3089269014185194,-1.2988289384289164,0.5968615229840214,4.035999977733373,-1.8031952281120784,3.613361310887446
4.1325,16,0.1464753856987051,0.8121994193445654,-0.2214204009736953,-0.19345652585962647,0.8782939314942162,0.319019586840543,-1.3033013933049604,0.6058980566871507,4.038076590251522,-1.7747439076012996,3.6157692120534177
4.135,16,0.1489753856987046,0.8260618067940013,-0.2206102311899683,-0.19672029566499008,0.8798199779692027,0.3291169263939654,-1.3077025345583084,0.6149398842318438,4.039723631796301,-1.746144496753234,3.6175953382861032
4.1375,16,0.151475385698705,0.8399241942434421,-0.2197748133561867,-0.19999497879685044,0.8813686341087781,0.3392178487684186,-1.3120319932140971,0.6239855433368625,4.04094319601445,-1.7173979963496897,3.618833414456678
4.14,16,0.1539753856987045,0.8537865816928779,-0.21891413984898433,-0.20328039559009883,0.8829399076476487,0.34932128788763717,-1.3162894027994119,0.6330335560331343,4.041737376552707,-1.6885054071725154,3.619477165436315
4.1425,16,0.1564753856987049,0.8676489691423187,-0.21802820570364176,-0.20657636546657665,0.8845338026059915,0.35942618290948736,-1.3204743993432995,0.6420824286637771,4.04210826705781,-1.6594677300035179,3.6195203160961897
4.1450000000000005,16,0.15897538569870528,0.8815113565917596,-0.2171170086010032,-0.20988270694132152,0.8861503192502287,0.36953147822594085,-1.3245866213767559,0.6511306518840776,4.0420579611765,-1.6302859656245356,3.618956591307476
4.1475,16,0.1614753856987048,0.8953737440411954,-0.21618054885439025,-0.2131992376288262,0.8877894540538118,0.3796361234630863,-1.3286257099327319,0.6601767006614996,4.041588552555513,-1.600961114817408,3.617779715941349
4.15,16,0.16397538569870518,0.9092361314906362,-0.21521882939651577,-0.21652577424929673,0.8894511996580026,0.38973907348114045,-1.3325913085461374,0.6692190342756953,4.040702134841587,-1.5714941783639413,3.6159834148689822
4.1525,16,0.16647538569870468,0.9230985189400721,-0.21423185576640064,-0.21986213263489915,0.8911355448326498,0.399839288374422,-1.3364830632538311,0.6782560963184816,4.039400801681463,-1.5418861570459852,3.613561412961551
4.155,16,0.16897538569870507,0.9369609063895129,-0.213219636096286,-0.22320812773602383,0.8928424744369745,0.40993573347138107,-1.3403006225946315,0.687286314693866,4.037686646721877,-1.512138051645346,3.610507435090228
4.1575,16,0.17147538569870457,0.9508232938389488,-0.21218218109855064,-0.2265635736275309,0.8945719693803454,0.42002737933457035,-1.3440436376093068,0.6963081016180218,4.03556176360957,-1.4822508629438735,3.606815206126191
4.16,16,0.17397538569870497,0.9646856812883896,-0.21111950405262284,-0.22992828351501457,0.8963240065830645,0.4301132017606736,-1.347711761840585,0.705319853619312,4.033028245991276,-1.4522255917233744,3.6024784509406103
4.1625,16,0.17647538569870447,0.9785480687378255,-0.21003162079189797,-0.23330206974104858,0.8980985589371424,0.44019218178047687,-1.3513046513331428,0.7143199515382658,4.03008818751374,-1.4220632387656977,3.597490894404664
4.165,16,0.17897538569870486,0.9924104561872663,-0.20891854969065035,-0.2366847437914506,0.8998955952670836,0.450263305658898,-1.354821964633617,0.7233067605276023,4.026743681823694,-1.3917648048526507,3.5918462613895232
4.1675,17,0.0011312704358443781,0.003503924247500049,-0.20778031165094868,-0.24007611630153097,0.9017150802906762,0.4603255649027541,-1.3582633627996457,0.7322786301108588,4.02299685012191,-1.3613313227632673,3.585538484139133
4.17,17,0.0036312704358438808,0.01124726336535658,-0.2066169300889778,-0.24347599706303777,0.9035569745842292,0.4703779570491,-1.3616285103153196,0.7412339001154071,4.01885061469345,-1.330764755538101,3.578567523891391
4.1725,17,0.0061312704358442716,0.018990602483215862,-0.20542843091669313,-0.2468841950365236,0.9054212345829338,0.48041948833069886,-1.3649170781864581,0.7501709207327896,4.014308804638497,-1.3000681192594108,3.5709401666127163
4.175,17,0.008631270435843774,0.02673394160107239,-0.20421484251838862,-0.25030051836960965,0.9073078126195312,0.49044917465835525,-1.368128745081367,0.7590880599119889,4.00937529785936,-1.2692444866811132,3.5626635655563677
4.1775,17,0.011131270435844165,0.03447728071893167,-0.20297619572646103,-0.2537247744161952,0.9092166569689919,0.5004660416376436,-1.371263197350242,0.767983703485134,4.004053972258344,-1.2382969305570803,3.553744873975594
4.18,17,0.013631270435843668,0.0422206198367882,-0.20171252379717647,-0.2571567697556524,0.9111477118932176,0.5104691245688802,-1.374320129025159,0.7768562551674739,3.9983487057377607,-1.2072285236412277,3.5441912451236557
4.1825,17,0.01613127043584406,0.04996395895464749,-0.2004238623864301,-0.2605963102120408,0.9131009176857554,0.520457468447151,-1.3772992418200831,0.7857041365574037,3.992263376199912,-1.1760423386874281,3.5340098322538003
4.1850000000000005,17,0.01863127043584445,0.05770729807250677,-0.1991102495255122,-0.2640432008733037,0.9150762107164995,0.5304301279622871,-1.3802002451308604,0.7945257871364418,3.9858018615471087,-1.1447414484495864,3.5232077886192847
4.1875,17,0.021131270435843952,0.0654506371903633,-0.19777172559687015,-0.2674972461104762,0.9170735234764023,0.5403861674988756,-1.3830228560352225,0.8033196642692402,3.9789680396816607,-1.113328925681608,3.5117922674733677
4.19,17,0.023631270435844343,0.07319397630822258,-0.19640833330986984,-0.27095824959689396,0.9190927846221835,0.5503246611362697,-1.385766799292788,0.8120842432035931,3.9717657885058704,-1.0818078431373643,3.499770422069295
4.1925,17,0.026131270435843845,0.08093731542607911,-0.1950201176765624,-0.2744260143273889,0.9211339190210337,0.5602446926485645,-1.3884318073450572,0.8208180170704156,3.9641989859220503,-1.0501812735707725,3.48714940566033
4.195,17,0.028631270435844236,0.08868065454393839,-0.19360712598744326,-0.2779003426375041,0.9231968477953275,0.5701453555046248,-1.391017620315418,0.8295194968837679,3.956271509832503,-1.0184522897357036,3.473936371499717
4.1975,17,0.03113127043584374,0.09642399366179492,-0.1921694077872192,-0.28138103622268856,0.9252814883673255,0.580025752868057,-1.3935239860091402,0.8381872115408319,3.9479872381395413,-0.9866239643860748,3.46013847284072
4.2,17,0.03363127043584413,0.1041673327796542,-0.1907070148505675,-0.28486789615751174,0.9273877545038882,0.5898849975972378,-1.395950659913381,0.8468197078219335,3.939350048745467,-0.9546993702757572,3.4457628629365837
4.2025,17,0.03613127043584363,0.11191067189751074,-0.1892200011579033,-0.28836072291485826,0.9295155563611779,0.5997222122452849,-1.39829740519718,0.8554155503905211,3.9303638195525936,-0.9226815801586681,3.4308166950405727
4.205,17,0.03863127043584402,0.11965401101537002,-0.18770842287113818,-0.29185931638514284,0.9316648005293724,0.6095365290600865,-1.4005639927114637,0.8639733217931873,3.9210324284632225,-0.8905736667886782,3.4153071224059293
4.2075000000000005,17,0.041131270435844414,0.1273973501332293,-0.1861723383094472,-0.29536347589550604,0.9338353900773676,0.6193270899842757,-1.4027502009890416,0.8724916224596491,3.9113597533796636,-0.8583787029196934,3.3992412982859137
4.21,17,0.043631270435843916,0.13514068925108583,-0.1846118079250305,-0.2988730002290228,0.9360272245974877,0.6290930466552412,-1.4048558162446079,0.8809690707027563,3.9013496722042293,-0.8260997613056196,3.3826263759337865
4.2125,17,0.04613127043584431,0.14288402836894512,-0.18302689427887459,-0.302387687643911,0.9382402002501951,0.6388335604051384,-1.4068806323747436,0.8894043027185017,3.891006062839219,-0.7937399147003273,3.365469508602789
4.215,17,0.04863127043584381,0.15062736748680164,-0.18141766201651932,-0.3059073358927272,0.940474209808793,0.6485478022608642,-1.4088244509579118,0.8977959725859985,3.8803328031869477,-0.7613022358577343,3.3477778495461887
4.2175,17,0.0511312704358442,0.15837070660466093,-0.1797841778438167,-0.30943174224158154,0.9427291427041399,0.6582349529440853,-1.4106870812544625,0.9061427522675053,3.869333771149716,-0.7287897975317112,3.3295585520172266
4.22,17,0.0536312704358437,0.16611404572251745,-0.17812651050269837,-0.3129607034893323,0.9450048850693499,0.6678942028712102,-1.4124683402066287,0.9144433316084019,3.858012844629839,-0.6962056724761755,3.3108187692691695
4.2225,17,0.056131270435844094,0.17385738484037674,-0.17644473074693412,-0.3164940159868009,0.9473013197845083,0.6775247521534171,-1.4141680524385303,0.9226964183372128,3.8463739015296157,-0.663552933444998,3.291565654555259
4.225,17,0.0586312704358436,0.18160072395823326,-0.17473891131789981,-0.32003147565596624,0.949618326521372,0.6871258105966261,-1.4157860502561692,0.9309007380655839,3.8344208197513616,-0.6308346531920961,3.2718063611287627
4.2275,17,0.06113127043584399,0.18934406307609256,-0.1730091269203356,-0.32357287800917955,0.9519557817880846,0.696696597701527,-1.4173221736474342,0.9390550342883067,3.822157477197377,-0.5980539044713407,3.251548042242921
4.23,17,0.06363127043584438,0.19708740219395182,-0.17125545419811333,-0.3271180181683606,0.9543135589738778,0.7062363426635548,-1.4187762702820979,0.947158068383296,3.8095877517699726,-0.5652137600366377,3.2307978511509936
4.2325,17,0.06613127043584388,0.20483074131180837,-0.1694779717099978,-0.33066669088420575,0.956691528393782,0.7157442843729006,-1.4201481955118174,0.9552086196116005,3.796715521371461,-0.5323172926418925,3.2095629411062445
4.235,17,0.06863127043584427,0.21257408042966763,-0.16767675990540798,-0.33421869055539666,0.9590895573333369,0.725219671414521,-1.4214378123701354,0.9632054851174107,3.78354466390414,-0.4993675750409763,3.1878504653619113
4.2375,17,0.07113127043584377,0.22031741954752418,-0.16585190110018458,-0.3377738112477962,0.9615075100932929,0.7346617620681154,-1.4226449915724786,0.9711474799280378,3.7700790572703275,-0.4663676799878063,3.1656675771712637
4.24,17,0.07363127043584416,0.22806075866538345,-0.16400347945234806,-0.3413318467136633,0.9639452480343262,0.7440698243081522,-1.423769611516159,0.979033436953939,3.7563225793723207,-0.4333206802362535,3.1430214297875407
4.2425,17,0.07613127043584367,0.23580409778324,-0.16213158093786684,-0.34489259041084724,0.9664026296217397,0.7534431358038417,-1.4248115582803729,0.9868622069886922,3.742279108112437,-0.4002296485402352,3.1199191764640117
4.245,17,0.07863127043584406,0.24354743690109926,-0.1602362933264152,-0.348455835522003,0.9688795104701775,0.7627809839191643,-1.4257707256262013,0.99463265870902,3.727952521392974,-0.36709765765362223,3.096367970453916
4.2475000000000005,17,0.08113127043584445,0.25129077601895855,-0.15831770615714108,-0.3520213749737865,0.9713757433883268,0.7720826657128451,-1.4266470149966106,1.0023436786747697,3.713346697116244,-0.3339277803303202,3.072374965010514
4.25,17,0.08363127043584395,0.25903411513681507,-0.15637591071442716,-0.35558900145606365,0.9738911784236282,0.781347487938366,-1.4274403355164507,1.0099941713289222,3.69846551318456,-0.3007230893242356,3.0479473133870707
4.2525,17,0.08613127043584434,0.26677745425467436,-0.15441100000365188,-0.35915850744111866,0.9764256629069866,0.7905747670439737,-1.4281506039924576,1.0175830589975992,3.6833128475002193,-0.2674866573892383,3.0230921688368206
4.255,17,0.08863127043584385,0.2745207933725309,-0.15242306872695746,-0.36272968520284976,0.9789790414974724,0.799763829172658,-1.428777744913251,1.0251092818900447,3.66789257796554,-0.23422155727924657,2.997816684613037
4.2575,17,0.09113127043584424,0.2822641324903902,-0.15041221325900728,-0.3663023268359841,0.9815511562270367,0.8089140101621777,-1.4293216904493362,1.032571798098647,3.652208582482818,-0.20093086174813046,2.9721280139689563
4.26,17,0.09363127043584374,0.2900074716082467,-0.14837853162275483,-0.36987622427527256,0.9841418465452119,0.8180246555450337,-1.4297823804531022,1.0399695835989164,3.6362647389543725,-0.16761764354980815,2.9460333101578504
4.2625,17,0.09613127043584413,0.297750810726106,-0.146322123465201,-0.37345116931470435,0.9867509493638265,0.8270951205484963,-1.430159762458824,1.0473016322495077,3.6200649252825006,-0.13428497543814996,2.9195397264329555
4.265,17,0.09863127043584363,0.3054941498439625,-0.1442430900331629,-0.3770269536267016,0.9893782991017059,0.8361247700945782,-1.4304537916826603,1.0545669557921973,3.6036130193695195,-0.10093593016707358,2.892654416047543
4.2675,17,0.10113127043584402,0.3132374889618218,-0.1421415341490313,-0.3806033687813343,0.9920237277293881,0.8451129788000611,-1.4306644310226548,1.0617645838519056,3.586912899117726,-0.06757358049044947,2.8653845322548497
4.2700000000000005,17,0.10363127043584441,0.3209808280796811,-0.14001756018653877,-0.384180206265516,0.9946870648138237,0.8540591309764725,-1.4307916510587362,1.068893563936679,3.569968442429434,-0.03420099916218373,2.8377372283081383
4.2725,17,0.10613127043584392,0.3287241671975376,-0.13787127404652066,-0.3877572575022127,0.9973681375630881,0.8629626206300962,-1.4308354300527175,1.0759529614376955,3.552783527206956,-0.0008212589361822355,2.809719657460674
4.275,17,0.10863127043584431,0.3364675063153969,-0.1357027831326758,-0.3913343138696508,1.0000667708710909,0.8718228514619802,-1.4307957539482972,1.0829418596292757,3.5353620313525878,0.03256256743368456,2.78133897296569
4.2775,17,0.11113127043584381,0.3442108454332534,-0.13351219632733513,-0.3949111667205133,1.0027827873622777,0.8806392368679172,-1.4306726163710575,1.089859359668862,3.5177078327686497,0.06594740719349855,2.752602328076461
4.28,17,0.1136312704358442,0.3519541845511127,-0.13129962396721842,-0.39848760740115474,1.0055160074363454,0.8894111999384672,-1.4304660186284663,1.09670458059704,3.4998248093574365,0.09933018758938983,2.7235168760462214
4.2825,17,0.1161312704358437,0.35969752366896923,-0.1290651778192039,-0.4020634272707954,1.0082662493129428,0.8981381734589332,-1.4301759697098755,1.1034766593375194,3.481716839021268,0.13270783586744028,2.694089770128245
4.285,17,0.1186312704358441,0.3674408627868285,-0.12680897105608482,-0.4056384177207366,1.0110333290763855,0.9068195999093877,-1.4298024862865222,1.1101747506971522,3.4633877996624394,0.16607727927377972,2.664328163575766
4.2875000000000005,17,0.12113127043584448,0.3751842019046878,-0.12453111823233823,-0.40921237019355605,1.013817060720357,0.915454931464648,-1.429345592711528,1.1167980273659162,3.4448415691832643,0.19943544505450148,2.6342392096420477
4.29,17,0.12363127043584399,0.38292754102254434,-0.12223173525988568,-0.41278507620231686,1.0166172561926201,0.9240436299942885,-1.4288053210198992,1.1233456799169221,3.4260820254860564,0.23277926045570027,2.603830061580357
4.2925,17,0.12613127043584438,0.39067088014040363,-0.1199109393838539,-0.41635632734977557,1.0194337254397268,0.9325851670626482,-1.4281817109285273,1.129816916806422,3.407113046473111,0.2661056527235056,2.5731078726439245
4.295,17,0.12863127043584388,0.39841421925826015,-0.11756884915834367,-0.41992591534757845,1.02226627645172,0.9410790239288092,-1.427474809836188,1.1362109643737903,3.387938510046749,0.29941154910399914,2.542079796086028
4.2975,17,0.13113127043584427,0.40615755837611944,-0.11520558442218622,-0.4234936320354761,1.0251147153068492,0.9495246915466221,-1.4266846728235416,1.142527066841545,3.368562294109263,0.3326938768433109,2.5107529851598978
4.3,17,0.13363127043584377,0.41390089749397596,-0.11282126627471309,-0.4270592694005178,1.0279788462162693,0.9579216705646811,-1.4258113626531341,1.1487644863153272,3.3489882765629755,0.3659495631875231,2.479134593118812
4.3025,17,0.13613127043584416,0.42164423661183525,-0.11041601705151252,-0.430622619596267,1.030858471568758,0.9662694713263479,-1.4248549497693948,1.1549225027839207,3.3292203353101804,0.3991755353827653,2.447231773216001
4.305,17,0.13863127043584367,0.4293875757296918,-0.10798996030019933,-0.4341834749619954,1.0337533919754143,0.9745676138697282,-1.4238155122986393,1.1610004141192334,3.3092623482531973,0.43236872067511933,2.415051678704743
4.3075,17,0.14113127043584406,0.43713091484755107,-0.10554322075617113,-0.4377416280418977,1.0366634063143754,0.9828156279276954,-1.4226931360490664,1.1669975360763147,3.2891181932943225,0.4655260463107148,2.3826014628382683
4.3100000000000005,17,0.14363127043584445,0.4448742539654103,-0.10307592431837756,-0.4412968716042879,1.0395883117755167,0.9910130529278695,-1.421487914510761,1.1729132022933415,3.2687917483358677,0.49864443953564586,2.3498882788698428
4.3125,17,0.14613127043584395,0.4526175930832669,-0.1005881980250807,-0.44484899866080735,1.042527903905163,0.9991594379926266,-1.4201999488556922,1.1787467642916232,3.248286891280149,0.5317208275960074,2.3169192800527325
4.315,17,0.14863127043584434,0.4603609322011261,-0.09808017002961572,-0.44839780248563366,1.0454819766507994,1.0072543419391073,-1.418829347937713,1.1844975914756086,3.2276075000294604,0.5647521377379273,2.283701619640168
4.3175,17,0.15113127043584385,0.4681042713189827,-0.09555196957615991,-0.45194307663467637,1.048450322405772,1.0152973332791966,-1.4173762282925628,1.190165071132872,3.2067574524861224,0.5977352972074891,2.2502424508854264
4.32,17,0.15363127043584424,0.47584761043684193,-0.09300372697548892,-0.45548461496479165,1.0514327320540036,1.0232879902195455,-1.4158407141378642,1.1957486084341282,3.185740626552428,0.6306672332508211,2.21654892704174
4.3225,17,0.15613127043584374,0.4835909495546985,-0.09043557358074689,-0.4590222116529772,1.054428995014694,1.0312259006615514,-1.4142229373731257,1.2012476264332175,3.1645609001307013,0.6635448731140074,2.182628201362385
4.325,17,0.15863127043584413,0.49133428867255774,-0.0878476417632024,-0.46255566121558656,1.0574388992870352,1.0391106622013773,-1.4125230375797393,1.2066615660671212,3.1432221511232328,0.6963651440431755,2.148487427100592
4.3275,17,0.16113127043584363,0.4990776277904143,-0.0852400648880188,-0.4660847585275245,1.0604622314949117,1.046941882129931,-1.410741162020983,1.211989886155946,3.1217282574323453,0.7291249732844091,2.11413375750964
4.33,17,0.16363127043584402,0.5068209669082736,-0.08261297729001013,-0.4696092988414611,1.0634987769316164,1.0547191774328877,-1.4088774656420187,1.2172320634029392,3.100083096960333,0.7618212880838368,2.0795743458427585
4.3325000000000005,17,0.1661312704358444,0.5145643060261329,-0.07996651424941048,-0.473129077807028,1.066548319604551,1.0624421747906696,-1.4069321110698931,1.2223875923944756,3.078290547609509,0.7944510156875528,2.0448163453532135
4.335,17,0.16863127043584392,0.5223076451439894,-0.07730081196763453,-0.47664389149002684,1.069610642279937,1.0701105105784547,-1.404905268613539,1.2274559856000637,3.056354487282189,0.827011083341652,2.009866909294272
4.3375,17,0.1711312704358443,0.5300509842618487,-0.07461600754303765,-0.48015353639163766,1.0726855265275268,1.077723830866185,-1.4027971162637711,1.23243677337235,3.0342787938806652,0.8594984182922625,1.9747331909191634
4.34,17,0.1736312704358438,0.5377943233797052,-0.07191223894668583,-0.4836578094676149,1.0757727527653038,1.0852817914185477,-1.4006078396932924,1.237329503947107,3.0120673453072615,0.8919099477854676,1.9394223434811668
4.3425,17,0.1761312704358442,0.5455376624975645,-0.0691896449981109,-0.4871565081475021,1.0788721003041999,1.0927840576949963,-1.3983376322566867,1.2421337434432476,2.9897240194642682,0.9242425990673964,1.903941520233511
4.345,17,0.1786312704358437,0.553281001615421,-0.06644836534108167,-0.4906494303538268,1.0819833473927927,1.1002303048497295,-1.3959866949904263,1.2468490758628106,2.9672526942540105,0.9564932993841315,1.8682978744294756
4.3475,17,0.1811312704358441,0.5610243407332803,-0.06368854041935898,-0.49413637452131465,1.085106271262024,1.1076202177317118,-1.3935552366128654,1.2514751030909754,2.9446572475787787,0.9886589759818015,1.8324985593222893
4.3500000000000005,17,0.18363127043584448,0.5687676798511396,-0.060910311452465754,-0.4976171396160862,1.0882406481698992,1.1149534908846568,-1.391043473524244,1.2560114448960489,2.921941557340888,1.0207365561065014,1.7965507281652193
4.3525,17,0.186131270435844,0.5765110189689961,-0.05811382041144725,-0.5010915251548649,1.0913862534461978,1.1222298285470325,-1.3884516298066887,1.2604577389294707,2.899109501442655,1.0527229670043254,1.7604615342115324
4.355,17,0.18863127043584438,0.5842543580868554,-0.05529920999463114,-0.5045593312241854,1.0945428615371855,1.1294489446520712,-1.3857799372242066,1.26481364072582,2.876164957786371,1.0846151359214018,1.7242381307144565
4.3575,17,0.19113127043584388,0.591997697204712,-0.05246662360339743,-0.5080203584995898,1.0977102460503139,1.136610562827751,-1.383028635222694,1.269078823702801,2.853111804274359,1.116409990103814,1.6878876709272725
4.36,17,0.19363127043584427,0.5997410363225713,-0.049616205317933954,-0.5114744082648426,1.1008881797989372,1.1437144163968151,-1.380197970929928,1.2732529791612588,2.8299539188089105,1.1481044567976906,1.6514173081032082
4.3625,17,0.19613127043584377,0.6074843754404278,-0.04674809987300707,-0.5149212824311247,1.1040764348470111,1.1507602483767527,-1.3772881991555743,1.277335816285164,2.80669517929235,1.1796954632491152,1.6148341954955439
4.365,17,0.19863127043584416,0.6152277145582871,-0.04386245263371699,-0.5183607835562486,1.1072747825538098,1.157747811479819,-1.3742995823911794,1.2813270621416275,2.783339463626967,1.2111799367042155,1.5781454863575082
4.3675,17,0.20113127043584367,0.6229710536761436,-0.04095940957126895,-0.5217927148638533,1.1104829936186247,1.164676868113015,-1.3712323908101787,1.2852264616808873,2.7598906497150884,1.2425548044090757,1.5413583339423804
4.37,17,0.20363127043584406,0.6307143927940029,-0.038039117238728104,-0.5252168802626181,1.113700838125481,1.1715471903781072,-1.3680869022678877,1.2890337777363197,2.736352615459002,1.2738169936098231,1.5044798915033888
4.3725000000000005,17,0.20613127043584445,0.6384577319118621,-0.035101722746789826,-0.5286330843654602,1.1169280855878378,1.1783585600716107,-1.3648634023015103,1.29274879102443,2.712729238761025,1.3049634315525531,1.4675173122938014
4.375,17,0.20863127043584395,0.6462010710297187,-0.03214737373953974,-0.5320411325087414,1.1201645049932998,1.1851107686847957,-1.361562184130135,1.2963713001448571,2.6890243975234736,1.33599104548336,1.4304777495668846
4.3775,17,0.21113127043584434,0.6539444101475779,-0.029176218370213863,-0.5354408307714773,1.1234098648483277,1.1918036174036963,-1.3581835486547318,1.2999011215803773,2.665241969648639,1.3668967626483723,1.3933683565758677
4.38,17,0.21363127043584385,0.6616877492654345,-0.026188405276968613,-0.5388319859945339,1.126663933222939,1.198436917109093,-1.3547278044581597,1.303338089696894,2.6413858330388433,1.3976775102936745,1.3561962865740287
4.3825,17,0.21613127043584424,0.6694310883832937,-0.023184083558636104,-0.5422144057998409,1.1299264777954237,1.2050104883765298,-1.3511952678051582,1.3066820567434492,2.61745986559638,1.428330215665392,1.3189686928145978
4.385,17,0.21863127043584374,0.6771744275011503,-0.020163402750495107,-0.545587898609588,1.1331972658970444,1.2115241614762995,-1.3475862626423558,1.3099328928522131,2.593467945223572,1.4588518060096116,1.2816927285508537
4.3875,17,0.22113127043584413,0.6849177666190095,-0.017126512800026222,-0.5489522736654381,1.1364760645567524,1.2179777763734574,-1.3439011205982614,1.3130904860384942,2.5694139498227093,1.4892392085724588,1.244375547036026
4.39,17,0.22363127043584363,0.6926611057368661,-0.014073564042682923,-0.5523073410477233,1.1397626405458867,1.2243711827278076,-1.3401401809832731,1.3161547422007285,2.5453017572961176,1.5194893506000198,1.2070243015233948
4.3925,17,0.22613127043584402,0.7004044448547253,-0.011004707177646816,-0.5556529116946587,1.1430567604228905,1.230704239893918,-1.336303790789669,1.3191255851204904,2.521135245546087,1.5495991593384204,1.1696461452661873
4.3950000000000005,17,0.2286312704358444,0.7081477839725846,-0.007920093243597465,-0.558988797421539,1.1463581905780118,1.236976816921106,-1.3323923046916157,1.3220029564624842,2.496918292474933,1.5795655620337563,1.13224823151767
4.3975,17,0.23113127043584392,0.7158911230904411,-0.004819873594473084,-0.5623148109399463,1.1496666972780143,1.2431887925534437,-1.3284060850451647,1.324786815774547,2.4726547759849726,1.6093854859321222,1.0948377135311127
4.4,17,0.2336312704358443,0.7236344622083004,-0.0017041998752297116,-0.5656307658769592,1.1529820467108887,1.2493400552297667,-1.3243455018882477,1.3274771404876524,2.4483485739784965,1.6390558582796462,1.057421744559741
4.4025,17,0.2361312704358438,0.7313778013261569,0.0014267760023876364,-0.5689364767943484,1.1563040050305518,1.2554305030836572,-1.3202109329406873,1.3300739259159027,2.424003564357828,1.6685736063224124,1.020007477856837
4.405,17,0.2386312704358442,0.7391211404440162,0.004572901884090791,-0.5722317592077917,1.1596323384015648,1.2614600439434625,-1.3160027636041847,1.3325771852565376,2.3996236250252574,1.6979356573065485,0.9826020666756268
4.4075,17,0.2411312704358437,0.7468644795618727,0.007734025397276328,-0.5755164296060681,1.1629668130438315,1.2674285953322757,-1.3117213869623319,1.3349869495899265,2.375212633883111,1.727138938478137,0.9452126642693929
4.41,17,0.2436312704358441,0.754607818679732,0.010909993975271759,-0.5787903054702732,1.1663071952773145,1.273336084467955,-1.3073672037805995,1.3373032678795749,2.350774468833678,1.7561803770833082,0.9078464238913618
4.4125000000000005,17,0.24613127043584448,0.7623511577975913,0.014100654881564062,-0.582053205293015,1.1696532515667362,1.2791824482631082,-1.3029406225063476,1.3395262069721185,2.326313007779275,1.7850569003681547,0.8705104987948012
4.415,17,0.248631270435844,0.7700944969154478,0.01730585523404024,-0.585304948597622,1.1730047485662887,1.2849676333250988,-1.2984420592688208,1.3416558515973278,2.3018321286222174,1.8137654355787736,0.8332120422329782
4.4175,17,0.2511312704358444,0.7778378360333071,0.02052544202922757,-0.588545355957352,1.1763614531643471,1.290691595956052,-1.293871937879144,1.3436923043681068,2.2773357092647966,1.8423029099612906,0.7959582074591209
4.42,17,0.2536312704358439,0.7855811751511637,0.023759262166522577,-0.5917742490145883,1.1797231325281672,1.2963543021528408,-1.289230689830333,1.345635685780491,2.252827627609337,1.870666250761792,0.7587561477265111
4.4225,17,0.25613127043584427,0.793324514269023,0.027007162472436896,-0.5949914505000533,1.1830895541486033,1.301955727607102,-1.2845187542972816,1.3474861342136513,2.2283117615581274,1.898852385226403,0.7216130162883738
4.425,17,0.2586312704358438,0.8010678533868795,0.030268989724825196,-0.598196784252005,1.1864604858848076,1.3074958577052203,-1.279736578136776,1.3492438059298892,2.203791989013495,1.9268582406012096,0.6845359663979922
4.4275,17,0.26113127043584416,0.8088111925047388,0.033544590677131086,-0.6013900752354496,1.1898356960089465,1.3129746875283432,-1.274884615887479,1.3509088750746419,2.179272187877728,1.9546807441323377,0.6475321513085923
4.43,17,0.26363127043584367,0.8165545316225953,0.03683381208261491,-0.6045711495613386,1.1932149532508982,1.318392221852368,-1.2699633297699457,1.3524815336764773,2.1547562360531525,1.9823168230658734,0.6106087242734551
4.4325,17,0.26613127043584406,0.8242978707404546,0.04013650071859978,-0.6077398345057811,1.1965980268429726,1.3237484751479536,-1.2649731896866092,1.3539619916470989,2.1302480114420588,2.009763404647942,0.5737728385458096
4.4350000000000005,17,0.26863127043584445,0.8320412098583139,0.04345250341070059,-0.6108959585292414,1.1999846865646078,1.3290434715805095,-1.2599146732217923,1.3553504767813407,2.1057513919467614,2.0370174161246406,0.5370316473789217
4.4375,17,0.27113127043584395,0.8397845489761704,0.0467816670570638,-0.6140393512957472,1.2033747027870836,1.3342772450102023,-1.2547882656417024,1.3566472347571716,2.0812702554695783,2.064075784742063,0.5003923040260597
4.44,17,0.27363127043584434,0.8475278880940297,0.050123838652608804,-0.617169843692097,1.206767846518232,1.3394498389919578,-1.2495944598944264,1.3578525291356938,2.0568084799127986,2.090935437746338,0.46386196174044986
4.4425,17,0.27613127043584385,0.8552712272118862,0.0534788653132556,-0.6202872678470581,1.2101638894471376,1.3445613067754516,-1.2443337566099435,1.358966641361141,2.032369943178748,2.117593302383549,0.4274477737753751
4.445,17,0.27863127043584424,0.8630145663297455,0.05684659430017178,-0.6233914571505788,1.213562603988853,1.349611711305122,-1.2390066641001096,1.3599898707608822,2.007958523169717,2.1440463058998223,0.3911568933840617
4.4475,17,0.28113127043584374,0.870757905447602,0.060226873043999624,-0.6264822462729854,1.216963763329099,1.354601125220156,-1.2336136983586736,1.3609225345454172,1.983578097788029,2.170291375541245,0.35499647381978955
4.45,17,0.28363127043584413,0.8785012445654613,0.06361954916910259,-0.6295594711841953,1.2203671414689818,1.3595296308545033,-1.2281553830612608,1.361764967808381,1.9592325449359749,2.1963254385539415,0.31897366833578855
4.4525,17,0.28613127043584363,0.8862445836833178,0.06702447051779267,-0.6326229691729128,1.2237725132696902,1.3643973202368624,-1.2226322495653896,1.3625175235265405,1.9349257425158795,2.2221454221839987,0.2830956301853381
4.455,17,0.288631270435844,0.8939879228011771,0.07044148517457702,-0.6356725788658428,1.2271796544972136,1.3692042950906944,-1.217044836910455,1.363180572559797,1.9106615684300332,2.247748253677542,0.24736951262166595
4.4575000000000005,17,0.2911312704358444,0.9017312619190364,0.07387044149038599,-0.6387081402468878,1.2305883418670418,1.373950666834211,-1.2113936918177421,1.3637545036511824,1.8864439005807525,2.2731308602806664,0.21180246889803928
4.46,17,0.2936312704358439,0.9094746010368929,0.07731118810681412,-0.6417294946763559,1.233998353088876,1.3786365565803804,-1.2056793686904221,1.3642397234268648,1.862276616870353,2.29829016923947,0.1764016522677252
4.4625,17,0.2961312704358443,0.9172179401547522,0.08076357398036046,-0.6447364849101686,1.2374094669113407,1.3832620951369303,-1.1999024296135437,1.3646366563961434,1.838163595201125,2.3232231078000765,0.14117421598395308
4.465,17,0.2986312704358438,0.9249612792726087,0.08422744840665672,-0.6477289551190579,1.2408214631666816,1.3878274230063388,-1.1940634443540488,1.364945744951451,1.8141087134753935,2.347926603208574,0.10612731330000072
4.4675,17,0.3011312704358442,0.932704618390468,0.08770266104471444,-0.6507067509077804,1.2442341228154856,1.3923326903858455,-1.1881629903607558,1.365167449368354,1.7901158495954483,2.372397582711085,0.07126809746909961
4.47,17,0.3036312704358437,0.9404479575083246,0.09118906194115159,-0.6536697193343123,1.2476472279913768,1.3967780571674393,-1.1822016527643768,1.3653022478055519,1.7661888814636144,2.3966329735536998,0.036603721744527015
4.4725,17,0.3061312704358441,0.9481912966261838,0.09468650155443956,-0.6566177089290633,1.251060562045735,1.4011636929378717,-1.1761800243774991,1.3653506363048764,1.742331686982183,2.4206297029825397,0.0021413393795133434
4.4750000000000005,17,0.3086312704358445,0.9559346357440431,0.09819483077913135,-0.659550569714074,1.2544739095923947,1.4054897769786454,-1.170098705694602,1.3653131287912934,1.7185481440534687,2.4443846982437036,-0.03211189637267691
4.4775,17,0.311131270435844,0.9636779748618997,0.10171390097010216,-0.6624681532222231,1.2578870565523572,1.4097564982660182,-1.163958304892049,1.3651902570729015,1.6948421305797885,2.4678948865832866,-0.06614883225877392
4.48,17,0.3136312704358444,0.971421313979759,0.10524356396679,-0.6653703125164362,1.261299790198501,1.4139640554710087,-1.157759437828082,1.3649825708409322,1.6712175244634329,2.491157195247414,-0.09996231502555049
4.4825,17,0.3161312704358439,0.9791646530976155,0.10878367211742387,-0.6682569022088822,1.2647118992002822,1.418112656959385,-1.1515027280428367,1.364690637669751,1.6476782036067261,2.514168551482174,-0.13354519141972718
4.485,17,0.31863127043584427,0.9869079922154748,0.11233407830327077,-0.6711277784801875,1.2681231736684513,1.422202520791677,-1.1451888067583242,1.3643150430168551,1.6242280459119587,2.536925882533688,-0.16689030818807415
4.4875,17,0.3211312704358438,0.9946513313333313,0.11589463596286217,-0.6739827990986309,1.271533405199752,1.4262338747231649,-1.1388183128784495,1.3638563902228764,1.600870929281455,2.559426115648047,-0.19999051207731464
4.49,18,0.0007731388276885909,0.0004561885985425934,0.11946519911624083,-0.6768218234393575,1.2749423869216365,1.4302069562000348,-1.1323918929852832,1.3633153005040934,1.5776107116740998,2.581666197267728,-0.23283868857049841
4.4925,18,0.0032731388276880935,0.001931307238963046,0.12304562238837984,-0.6796447125027971,1.2783499135353964,1.4341220111403465,-1.125910200165719,1.362692410584706,1.5544498175393486,2.6036444536474264,-0.2654305074709539
4.495,18,0.005773138827688484,0.0034064258793840224,0.12663576102363902,-0.6824513289244533,1.2817557813418632,1.4379792881026159,-1.119373888398466,1.3619883613704018,1.5313883012657612,2.6253614923236523,-0.29776624197587315
4.4975000000000005,18,0.008273138827688875,0.004881544519804999,0.13023547088745302,-0.6852415369724054,1.2851597882423276,1.4417790353216944,-1.1127836097009847,1.3612037921911282,1.5084259950137184,2.646818134736745,-0.32984659691856416
4.5,18,0.010773138827688378,0.006356663160225452,0.13384460846531906,-0.6880152025422098,1.2885617337342032,1.445521500612836,-1.106140014037135,1.3603393406147497,1.4855627309436006,2.668015202327044,-0.3616722771323353
4.5025,18,0.013273138827688769,0.007831781800646429,0.13746303086175182,-0.690772193151768,1.2919614189066242,1.4492069313716975,-1.0994437493171685,1.3593956424470461,1.4627983412157637,2.688953516534912,-0.39324398745052913
4.505,18,0.01577313882768827,0.00930690044106688,0.14109059579922553,-0.6935123779361864,1.295358646436031,1.4528355745743335,-1.0926954613977455,1.3583733317317157,1.440132657990596,2.7096338988006803,-0.42456243270644284
4.5075,18,0.018273138827688662,0.010782019081487857,0.14472716161713517,-0.6962356276426499,1.2987532205817764,1.456407676777203,-1.0858957940819167,1.3572730407503715,1.4175655134284546,2.730057170564711,-0.4556283177334182
4.51,18,0.020773138827688165,0.01225713772190831,0.14837258727073727,-0.6989418146252804,1.3021449471817097,1.4599234841171618,-1.0790453891191403,1.356095400022545,1.395096739689727,2.7502241532673377,-0.48644234736475317
4.5125,18,0.023273138827688555,0.013732256362329286,0.1520267323301111,-0.7016308128400099,1.3055336336477805,1.4633832423114712,-1.0721448862052645,1.354841038305683,1.3727261689347698,2.770135668348921,-0.5170052264337892
4.515,18,0.025773138827688058,0.015207375002749738,0.15568945697909947,-0.7043024978394397,1.3089190889616253,1.4667871966577888,-1.0651949229825466,1.3535105825951503,1.3504536333239714,2.7897925372497943,-0.5473176597738242
4.5175,18,0.02827313882768845,0.016682493643170714,0.15936062201426995,-0.7069567467677128,1.3123011236701714,1.470135592034178,-1.0581961350396327,1.3521046581242269,1.3282789650176883,2.8091955814103176,-0.5773803522181997
4.5200000000000005,18,0.03077313882768884,0.018157612283591692,0.16304008884385696,-0.7095934383553747,1.3156795498812222,1.473428672899099,-1.051149155911576,1.3506238883641108,1.3062019961763005,2.8283456222708327,-0.6071940086002243
4.5225,18,0.03327313882768834,0.019632730924012146,0.16672771948671644,-0.7122124529142412,1.3190541812590573,1.4766666832914137,-1.0440546170798286,1.349068895023917,1.2842225589601883,2.8472434812716796,-0.6367593337532076
4.525,18,0.03577313882768873,0.02110784956443312,0.17042337657128107,-0.7148136723322676,1.3224248330200297,1.4798498668303879,-1.0369131479722342,1.3474402980506743,1.262340485529709,2.8658899798532187,-0.66607703251049
4.5275,18,0.038273138827688236,0.022582968204853573,0.1741269233345018,-0.717396980068408,1.3257913219281527,1.4829784667156838,-1.0297253759630454,1.345738715629333,1.2405556080452493,2.8842859394557827,-0.6951478097053706
4.53,18,0.040773138827688626,0.02405808684527455,0.17783822362080964,-0.719962261147489,1.329153466290704,1.4860527257273695,-1.0224919263729044,1.3439647641827552,1.2188677586671672,2.9024321815197345,-0.7239723701711895
4.5325,18,0.04327313882768813,0.025533205485695,0.18155714188105587,-0.7225094021550679,1.3325110859538116,1.4890728862259084,-1.0152134224688623,1.3421190583717235,1.1972767695558497,2.9203295274854053,-0.7525514187412463
4.535,18,0.04577313882768852,0.02700832412611598,0.18528354317147377,-0.7250382912323065,1.3358640022980568,1.492039190152171,-1.0078904854643593,1.3402022110949345,1.175782472871654,2.9379787987931576,-0.7808856602488807
4.5375000000000005,18,0.04827313882768891,0.028483442766536957,0.1890172931526204,-0.7275488180708304,1.339212038234062,1.4949518790274239,-1.0005237345192421,1.338214833489003,1.1543847007749601,2.9553808168833307,-0.8089757995274025
4.54,18,0.05077313882768841,0.029958561406957407,0.19275825808833127,-0.7300408739075976,1.3425550181980885,1.4978111939533356,-0.9931137867397574,1.336157534928461,1.1330832854261483,2.972536403196266,-0.8368225414101215
4.5425,18,0.053273138827688804,0.031433680047378385,0.19650630484467582,-0.732514351519768,1.3458927681476347,1.500617375611978,-0.9856612571785418,1.3340309230257543,1.1118780589855755,2.989446379172323,-0.8644265907303771
4.545,18,0.05577313882768831,0.032908798687798835,0.20026130088889865,-0.7349691452195617,1.349225115557023,1.5033706642658207,-0.9781667588346431,1.3318356036312498,1.0907688536136289,3.0061115662518367,-0.8917886523214692
4.5475,18,0.0582731388276887,0.03438391732821981,0.20402311428838146,-0.7374051508491337,1.3525518894130035,1.506071299757737,-0.9706309026534965,1.329572180833227,1.069755501470666,3.022532785875166,-0.9189094310167375
4.55,18,0.0607731388276882,0.03585903596864027,0.2077916137095833,-0.7398222657754316,1.3558729202103401,1.5087195215109983,-0.9630542975269475,1.3272412569578853,1.048837834717074,3.038710859482647,-0.9457896316494823
4.5525,18,0.06327313882768859,0.03733415460906124,0.21156666841700214,-0.7422203888850695,1.3591880399474139,1.5113155685292803,-0.9554375502932299,1.3248434325693372,1.0280156855132108,3.0546466085146373,-0.9724299590530419
4.555,18,0.0657731388276881,0.0388092732494817,0.21534814827211546,-0.744599420579186,1.3624970821218096,1.513859679396656,-0.9477812657369872,1.3223793064696165,1.0072888860194626,3.070340854411474,-0.9988311180607178
4.5575,18,0.06827313882768848,0.040284391889902675,0.2191359237323416,-0.7469592627683184,1.3657998817259183,1.5163520922776028,-0.9400860465892518,1.3198494756986692,0.9866572683961881,3.085794418613514,-1.0249938135058478
4.5600000000000005,18,0.07077313882768888,0.041759510530323646,0.22292986584998165,-0.7492998188672617,1.369096275242525,1.5187930449169968,-0.9323524935274626,1.317254535534361,0.9661206648037663,3.1010081225610997,-1.0509187502217425
4.5625,18,0.07327313882768838,0.0432346291707441,0.22672984627117448,-0.7516209937899375,1.3723861006404074,1.5211827746401143,-0.9245812051754583,1.3145950794924741,0.9456789074025772,3.115982787694573,-1.076606633041713
4.565,18,0.07577313882768877,0.04470974781116508,0.23053573723485155,-0.7539226939442626,1.375669197369933,1.5235215183526358,-0.9167727781034682,1.3118716993267048,0.9253318283529784,3.130719235454291,-1.1020581667990967
4.5675,18,0.07827313882768827,0.04618486645158553,0.2343474115716787,-0.756204827227009,1.3789454063586464,1.5258095125406392,-0.9089278068281318,1.3090849850286697,0.9050792598153569,3.145218287280592,-1.1272740563271952
4.57,18,0.08077313882768866,0.04765998509200651,0.2381647427030179,-0.7584673030186766,1.3822145700068729,1.5280469932706062,-0.9010468838124764,1.3062355248278987,0.88492103395007,3.1594807646138316,-1.1522550064593464
4.5725,18,0.08327313882768816,0.04913510373242696,0.2419876046398673,-0.7607100321783525,1.3854765321833051,1.5302341961894166,-0.8931305994659403,1.303323905191842,0.8648569829175052,3.1735074888943475,-1.1770017220288522
4.575,18,0.08577313882768856,0.050610222372847936,0.24581587198182325,-0.7629329270385841,1.388731138220606,1.5323713565243544,-0.8851795421443487,1.3003507108258623,0.84488693887802,3.187299281562497,-1.20151490786905
4.5775,18,0.08827313882768806,0.05208534101326839,0.24964941991602038,-0.7651359014002372,1.3919782349109944,1.5344587090831012,-0.8771942981499381,1.2973165246732434,0.8250107339920015,3.2008569640586173,-1.2257952688132419
4.58,18,0.09077313882768845,0.053560459653689364,0.25348812421609346,-0.7673188705273705,1.3952176705018497,1.5364964882537426,-0.8691754517313324,1.2942219279151819,0.8052282004198072,3.214181357823066,-1.2498435096947647
4.5825000000000005,18,0.09327313882768884,0.05503557829411034,0.25733186124111895,-0.769481751142094,1.3984492946912983,1.5384849280047628,-0.8611235850835629,1.2910674999707932,0.7855391703218172,3.2272732842961838,-1.2736603353469298
4.585,18,0.09577313882768834,0.05651069693453079,0.2611805079345698,-0.7716244614194387,1.4016729586238115,1.540424261885047,-0.8530392783480609,1.2878538184971107,0.7659434758584102,3.240133564918315,-1.2972464506030488
4.5875,18,0.09827313882768873,0.05798581557495177,0.2650339418232711,-0.7737469209822246,1.4048885148858041,1.5423147230238838,-0.8449231096126474,1.2845814593890803,0.746440949189945,3.252763021129814,-1.3206025602964577
4.59,18,0.10077313882768824,0.05946093421537223,0.26889204101634095,-0.7758490508959209,1.4080958175012213,1.5441565441309595,-0.836775654911554,1.2812509967795696,0.7270314224768076,3.265162474371021,-1.3437293692604597
4.5925,18,0.10327313882768863,0.0609360528557932,0.2727546842041527,-0.7779307736635185,1.411294721927142,1.5459499574963642,-0.8285974882254009,1.277863003039358,0.7077147278793569,3.2773327460822905,-1.3666275823283909
4.595,18,0.10577313882768813,0.062411171496213655,0.27662175065727496,-0.7799920132203899,1.414485085049365,1.5476951949905864,-0.8203891814812176,1.2744180487771468,0.6884906975579784,3.2892746577039618,-1.3892979043335554
4.5975,18,0.10827313882768852,0.06388629013663463,0.28049312022543355,-0.782032694929161,1.4176667651780135,1.5493924880645176,-0.8121513045524225,1.2709167028395485,0.6693591636730312,3.30098903067639,-1.411741040109288
4.6000000000000005,18,0.11077313882768891,0.06536140877705561,0.2843686733364529,-0.7840527455745724,1.4208396220431203,1.5510420677494492,-0.8038844252588405,1.2673595323110962,0.6503199583848943,3.312476686439918,-1.433957694488901
4.6025,18,0.11327313882768841,0.06683652741747606,0.2882482909952112,-0.7860520933583467,1.4240035167902274,1.5526441646570732,-0.7955891093666969,1.2637471025142397,0.631372913853947,3.3237384464348896,-1.4559485723057062
4.605,18,0.1157731388276888,0.06831164605789704,0.2921318547825954,-0.7880306678940578,1.4271583119759836,1.5541990089794835,-0.7872659205886067,1.2600799770093423,0.6125178622405477,3.3347751321016594,-1.4777143783930389
4.6075,18,0.1182731388276883,0.06978676469831749,0.2960192468544428,-0.789988400201991,1.4303038715637315,1.5557068304891741,-0.7789154205835956,1.2563587175946882,0.5937546357050828,3.345587564880567,-1.4992558175842035
4.61,18,0.1207731388276887,0.07126188333873847,0.2999103499405029,-0.7919252227040149,1.4334400609191114,1.5571678585390407,-0.770538168957077,1.2525838843064736,0.5750830664079106,3.3561765662119676,-1.5205735947125345
4.6125,18,0.1232731388276882,0.07273700197915892,0.30380504734337743,-0.7938410692184419,1.4365667468056467,1.5585823220623791,-0.7621347232608754,1.2487560354188167,0.5565029865094172,3.366542957536199,-1.5416684146113373
4.615,18,0.1257731388276886,0.0742121206195799,0.3077032229374823,-0.7957358749549,1.439683797380348,1.5599504495728869,-0.7537056389932021,1.2448757274437472,0.5380142281699616,3.376687560293618,-1.562540982113946
4.6175,18,0.1282731388276881,0.07568723926000034,0.31160476116798774,-0.7976095765091925,1.4427910821892995,1.5612724691646618,-0.7452514695986798,1.2409435151312167,0.5196166235499291,3.386611195924564,-1.5831920020536658
4.62,18,0.13077313882768848,0.07716235790042132,0.3155095470497802,-0.7994621118581704,1.4458884721632617,1.5625486085122031,-0.7367727664683181,1.2369599514690872,0.5013100048096794,3.3963146858693904,-1.6036221792638308
4.6225000000000005,18,0.13327313882768888,0.0786374765408423,0.3194174661664039,-0.8012934203545931,1.4489758396132584,1.5637790948704107,-0.728270078939535,1.232925587683143,0.48309420410959075,3.405798851568441,-1.6238322185777532
4.625,18,0.13577313882768838,0.08011259518126275,0.3233284046690154,-0.8031034427219963,1.4520530582261761,1.5649641550745848,-0.7197439542961475,1.2288409732370844,0.46496905361004254,3.415064514462061,-1.6438228248287463
4.6275,18,0.13827313882768877,0.08158771382168373,0.3272422492753396,-0.8048921210495604,1.4551200030603606,1.5661040155404284,-0.7111949377683625,1.2247066558325241,0.4469343854713939,3.424112495990602,-1.6635947028501434
4.63,18,0.14077313882768827,0.08306283246210418,0.33115888726861054,-0.8066593987869719,1.458176550541205,1.567198902264043,-0.7026235725327988,1.2205231814089974,0.4289900318540302,3.4329436175944053,-1.683148557475251
4.6325,18,0.14327313882768866,0.08453795110252516,0.33507820649653325,-0.808405220739294,1.461222578456753,1.568249040821933,-0.6940303997124613,1.2162910941439504,0.4111358249183106,3.4415587007138257,-1.7024850935374019
4.635,18,0.14577313882768816,0.0860130697429456,0.33900009537022424,-0.8101295330618283,1.464257965953285,1.5692546563710026,-0.6854159583767667,1.2120109364527518,0.3933715968246206,3.4499585667892037,-1.7216050158699023
4.6375,18,0.14827313882768856,0.08748818838336658,0.3429244428631735,-0.8118322832549852,1.4672825935309215,1.5702159736485581,-0.6767807855415187,1.2076832489886813,0.37569717973331956,3.4581440372608916,-1.7405090293060854
4.64,18,0.15077313882768806,0.08896330702378703,0.34685113851018373,-0.8135134201591452,1.4702963430392093,1.571133216972305,-0.6681254161689322,1.203308570642941,0.35811240580479275,3.4661159335692315,-1.759197838679258
4.6425,18,0.15327313882768845,0.09043842566420801,0.35078007240633335,-0.8151728939495295,1.4732990976727247,1.5720066102403512,-0.6594503831676087,1.1988874385446433,0.34061710719939975,3.473875077154575,-1.7776721488227523
4.6450000000000005,18,0.15577313882768884,0.09191354430462899,0.35471113520591735,-0.8168106561310626,1.476290741966661,1.5728363769312053,-0.6507562173925587,1.1944203880608226,0.32321111607751907,3.481422289457268,-1.7959326645698819
4.6475,18,0.15827313882768834,0.09338866294504944,0.35864421812140235,-0.8184266595332391,1.479271161792427,1.5736227401037752,-0.6420434476451913,1.18990795279643,0.3058942645995294,3.488758391917655,-1.8139800907539603
4.65,18,0.16077313882768873,0.09486378158547042,0.36257921292238193,-0.8200208583049918,1.4822402443532439,1.574365922397373,-0.6333126006733057,1.185350664594328,0.2886663849257907,3.4958842059760866,-1.8318151322083194
4.6525,18,0.16327313882768824,0.09633890022589087,0.366516011934518,-0.821593207909554,1.4851978781797335,1.5750661460317081,-0.6245642011711127,1.1807490535353022,0.27152730921668766,3.5028005530729067,-1.8494384937662665
4.655,18,0.16577313882768863,0.09781401886631184,0.37045450803850266,-0.8231436651193296,1.4881439531255207,1.5757236328068938,-0.6157987717792093,1.1761036479380493,0.25447686963258015,3.5095082546484666,-1.8668508802611345
4.6575,18,0.16827313882768813,0.09928913750673231,0.3743945946689984,-0.8246721880107548,1.4910783603628213,1.5763386041034422,-0.6070168330846046,1.1714149743591882,0.237514898333853,3.5160081321431096,-1.8840529965262296
4.66,18,0.17077313882768852,0.10076425614715329,0.37833616581359997,-0.8261787359591686,1.494000992378043,1.5769112808822678,-0.5982189036206945,1.1666835575932486,0.22064122748086631,3.5223010069971856,-1.9010455473948846
4.6625000000000005,18,0.1732731388276889,0.10223937478757425,0.38227911601177567,-0.8276632696336745,1.496911742967375,1.5774418836846853,-0.589405499867283,1.1619099206726817,0.20385568923399855,3.528387700651041,-1.9178292377004122
4.665,18,0.1757731388276884,0.10371449342799471,0.38622334035382255,-0.8291257509920091,1.499810507232385,1.5779306326324098,-0.580577136250573,1.1570945848678549,0.18715811575362748,3.534269034545021,-1.9344047722761282
4.6675,18,0.1782731388276888,0.10518961206841569,0.39016873447982203,-0.8305661432754088,1.5026971815756165,1.578377747427559,-0.5717343251431578,1.1522380696870482,0.17054833920011425,3.5399458301194757,-1.9507728559553614
4.67,18,0.1807731388276883,0.10666473070883614,0.39411519457858013,-0.8319844110034722,1.5055716636961776,1.5787834473526496,-0.562877576864042,1.1473408928764643,0.1540261917338427,3.545418908814749,-1.966934193571422
4.6725,18,0.1832731388276887,0.10813984934925712,0.3980626173865909,-0.8333805199690307,1.508433852585343,1.579147951270601,-0.5540073996786168,1.1424035704202162,0.13759150551517343,3.550689092071191,-1.98288948995764
4.675,18,0.1857731388276882,0.10961496798967757,0.40201090018697483,-0.8347544372330102,1.511283648522141,1.5794714776247323,-0.5451242997986852,1.1374266165403402,0.12124411270449069,3.555757201329147,-1.9986394499473243
4.6775,18,0.1882731388276886,0.11109008663009855,0.40595994080844255,-0.8361061311193009,1.5141209530689572,1.5797542444387638,-0.5362287813824365,1.1324105436967826,0.10498384546215475,3.560624058028966,-2.014184778373806
4.68,18,0.1907731388276881,0.112565205270519,0.4099096376242335,-0.8374355712096195,1.516945669067119,1.579996469316817,-0.5273213465344722,1.127355862587413,0.0888105359485501,3.5652904836109927,-2.0295261800703934
4.6825,18,0.19327313882768848,0.11404032391093998,0.41385988955107855,-0.8387427283383796,1.5197577006325014,1.5801983694434143,-0.5184024953057798,1.122263082148011,0.07272401632403708,3.5697572995155764,-2.0446643598704175
4.6850000000000005,18,0.19577313882768888,0.11551544255136095,0.4178105960481413,-0.8400275745875532,1.522556953151112,1.5803601615834784,-0.5094727256937558,1.1171327095522787,0.05672411874899397,3.5740253271830644,-2.0596000226071918
4.6875,18,0.19827313882768838,0.1169905611917814,0.42176165711597313,-0.8412900832815391,1.5253433332746908,1.5804820620823339,-0.5005325336421956,1.1119652502118338,0.04081067538379874,3.578095388053802,-2.074333873114031
4.69,18,0.20077313882768877,0.11846567983220238,0.4257129732954683,-0.84253022898203,1.5281167489163074,1.580564286865706,-0.49158241304128414,1.106761207776206,0.024983518388812354,3.581968303568138,-2.0888666162242666
4.6925,18,0.20327313882768827,0.11994079847262283,0.4296644456668054,-0.8437479874828753,1.5308771092459477,1.5806070514397204,-0.4826228557276186,1.1015210841328487,0.009242479924418345,3.5856448951664173,-2.1031989567712057
4.695,18,0.20577313882768866,0.12141591711304381,0.4336159758484094,-0.8449433358049503,1.5336243246861185,1.580610570890904,-0.47365435148418217,1.0962453794071252,-0.006412607849022013,3.58912598428899,-2.1173315995881805
4.6975,18,0.20827313882768816,0.12289103575346426,0.43756746599589147,-0.8461162521910195,1.536358306907433,1.5805750598861845,-0.46467738804037007,1.090934591962322,-0.021981912771125187,3.5924123923762,-2.131265249508499
4.7,18,0.21077313882768856,0.12436615439388524,0.4415188188010112,-0.8472667161006053,1.539078968824214,1.5805007326728915,-0.4556924510719641,1.0855892183996356,-0.0374656026815299,3.595504940868399,-2.145000611365492
4.7025,18,0.21327313882768806,0.1258412730343057,0.4454699374906167,-0.848394708204851,1.5417862245900809,1.5803878030787537,-0.4467000242011574,1.0802097535581865,-0.05286384541985294,3.5984044512059286,-2.158538389992469
4.705,18,0.21577313882768845,0.12731639167472666,0.4494207258256059,-0.8495002103813899,1.5444799895935524,1.5802364845119024,-0.4377005889965301,1.074796690515004,-0.0681768088257327,3.601111744829141,-2.1718792902227584
4.7075000000000005,18,0.21827313882768884,0.12879151031514763,0.4533710880998688,-0.8505832057092086,1.5471601804536335,1.5800469899608691,-0.4286946249730707,1.0693505205850404,-0.08340466073879155,3.6036276431783807,-2.185024016889676
4.71,18,0.22077313882768834,0.1302666289555681,0.4573209291392424,-0.8516436784635144,1.5498267150154148,1.579819531994586,-0.4196826095921667,1.0638717333211642,-0.09854756899865211,3.6059529676939945,-2.1979732748265377
4.7125,18,0.22327313882768873,0.13174174759598908,0.46127015430046503,-0.8526816141106017,1.552479512345669,1.5795543227623872,-0.4106650182615953,1.0583608165141551,-0.1136057014449522,3.608088539816332,-2.210727768866671
4.715,18,0.22577313882768824,0.13321686623640952,0.4652186694701189,-0.8536969993027165,1.555118492728439,1.5792515739940063,-0.40164232433554614,1.0528182561927173,-0.12857922591730858,3.610035180985737,-2.2232882038433877
4.7175,18,0.22827313882768863,0.1346919848768305,0.46916638106359154,-0.8546898218729241,1.5577435776606414,1.5789114969995792,-0.3926149991145941,1.0472445366234635,-0.1434683102553606,3.611793712642559,-2.235655284590015
4.72,18,0.23077313882768813,0.13616710351725095,0.47311319602401536,-0.8556600708299732,1.5603546898476524,1.578534302669642,-0.3835835118457272,1.0416401403109314,-0.15827312229872445,3.6133649562271444,-2.2478297159398655
4.7225,18,0.23327313882768852,0.13764222215767194,0.47705902182123083,-0.8566077363531642,1.5629517531989108,1.5781202014751312,-0.37454832972231883,1.0360055479975672,-0.1729938298870388,3.614749733179841,-2.259812202726266
4.7250000000000005,18,0.2357731388276889,0.1391173407980929,0.4810037664507263,-0.8575328097872131,1.5655346928235063,1.577669403467386,-0.36550991788415155,1.03034123866374,-0.18763060085992572,3.615948864940995,-2.2716034497825333
4.7275,18,0.2382731388276884,0.14059245943851337,0.48494733843259463,-0.8584352836371182,1.5681034350257765,1.577182118278145,-0.3564687394174069,1.0246476895277354,-0.20218360305700783,3.616963172950954,-2.2832041619419825
4.73,18,0.2407731388276888,0.14206757807893433,0.4888896468104874,-0.8593151515630272,1.5706579073009055,1.5766585551195478,-0.3474252553546561,1.01892537604575,-0.21665300431792295,3.617793478650065,-2.2946150440379407
4.7325,18,0.2432731388276883,0.1435426967193548,0.49283060115055655,-0.860172408375101,1.5731980383305109,1.5760989227841358,-0.3383799246748823,1.0131747719119046,-0.2310389724822885,3.618440603478676,-2.305836800903721
4.735,18,0.2457731388276887,0.14501781535977576,0.4967701115404163,-0.8610070500283822,1.5757237579782473,1.5755034296448505,-0.3293332043034549,1.007396349058229,-0.24534167538974283,3.6189053688771327,-2.31687013737265
4.7375,18,0.2482731388276882,0.14649293400019622,0.5007080885880835,-0.8618190736176587,1.5782349972853926,1.5748722836550348,-0.3202855491121551,1.0015905776546778,-0.2595612808799031,3.6191885962857833,-2.3277157582780403
4.74,18,0.2507731388276886,0.1479680526406172,0.504644443420939,-0.8626084773723319,1.580731688466451,1.5742056923484322,-0.31123741191915105,0.9957579261091144,-0.2736979567924067,3.619291107144975,-2.338374368453218
4.7425,18,0.2532731388276881,0.14944317128103765,0.5085790876846682,-0.8633752606512806,1.5832137649047402,1.5735038628391878,-0.30218924348902176,0.9898988610673262,-0.28775187096687205,3.6192137228950543,-2.348846672731497
4.745,18,0.2557731388276885,0.15091828992145861,0.512511933542223,-0.8641194239377289,1.5856811611479928,1.5727670018218467,-0.29314149253273347,0.98401384741301,-0.301723191242936,3.618957264976369,-2.3591333759462034
4.7475000000000005,18,0.2582731388276889,0.1523934085618796,0.5164428936727627,-0.8648409688341108,1.588133812903946,1.5719953155713553,-0.2840946057076606,0.9781033482677852,-0.3156120854602224,3.618522554829265,-2.3692351829306535
4.75,18,0.2607731388276884,0.15386852720230004,0.5203718812706097,-0.8655398980569367,1.5905716570359378,1.5711890099430614,-0.27504902761757755,0.9721678249911878,-0.32941872145835205,3.6179104138940916,-2.3791527985181635
4.7525,18,0.26327313882768877,0.15534364584272103,0.5242988100442045,-0.8662162154316599,1.5929946315585057,1.5703482903727133,-0.26600520081264695,0.9662077371806642,-0.34314326707696435,3.6171216636111945,-2.38888692754206
4.755,18,0.26577313882768827,0.15681876448314147,0.5282235942150465,-0.8668699258875416,1.5954026756329744,1.56947336187646,-0.2569635657894447,0.9602235426715864,-0.35678589015567597,3.61615712542092,-2.3984382748356556
4.7575,18,0.26827313882768866,0.15829388312356246,0.5321461485166572,-0.8675010354525181,1.597795729563058,1.5685644290508516,-0.24792456099093194,0.9542156975372337,-0.37034675853412546,3.6150176207636173,-2.4078075452322776
4.76,18,0.27077313882768816,0.1597690017639829,0.5360663881935186,-0.8681095512480651,1.6001737347904479,1.56762169607284,-0.23888862280648263,0.9481846560888116,-0.38382604005192916,3.6137039710796337,-2.4169954435652388
4.7625,18,0.27327313882768856,0.1612441204044039,0.539984229000037,-0.8686954814840657,1.6025366338904137,1.5666453666997764,-0.2298561855718562,0.942130870875433,-0.3972239025487256,3.6122169978093135,-2.4260026746678647
4.765,18,0.27577313882768806,0.16271923904482433,0.5438995871994812,-0.8692588354536748,1.6048843705673923,1.5656356442694144,-0.22082768156922478,0.9360547926841367,-0.4105405138641327,3.6105575223930058,-2.4348299433734693
4.7675,18,0.27827313882768845,0.16419435768524532,0.5478123795629463,-0.869799623528186,1.607216889650589,1.564592731699907,-0.21180354102714619,0.9299568705398689,-0.4237760418377874,3.608726366271058,-2.4434779545153784
4.7700000000000005,18,0.28077313882768884,0.16566947632566628,0.5517225233682932,-0.8703178571518972,1.6095341370895662,1.56351683148981,-0.20278419212058765,0.9238375517055,-0.43693065430931227,3.606724350883817,-2.451947412926908
4.7725,18,0.28327313882768834,0.16714459496608675,0.5556299363991054,-0.8708135488369768,1.611836059949841,1.5624081457180792,-0.19377006097091504,0.9176972816818156,-0.4500045191183313,3.6045522976716304,-2.460239023441377
4.775,18,0.28577313882768873,0.1686197136065077,0.5595345369436432,-0.8712867121583294,1.614122606408482,1.5612668760440709,-0.18476157164588394,0.9115365042075131,-0.4629978041044806,3.602211028074843,-2.4683534908921083
4.7775,18,0.28827313882768824,0.17009483224692817,0.5634362437937851,-0.8717373617484622,1.616393725749699,1.560093223707543,-0.17575914615966148,0.9053556612592142,-0.4759106771073793,3.5997013635338053,-2.4762915201124174
4.78,18,0.2907731388276886,0.17156995088734914,0.5673349762439904,-0.8721655132923509,1.618649368360444,1.558887389528654,-0.16676320447280193,0.8991551930514489,-0.48874330596666316,3.5970241254888613,-2.484053815935629
4.7825,18,0.29327313882768813,0.1730450695277696,0.5712306540902384,-0.8725711835223051,1.6208894857259992,1.5576495739079632,-0.15777416449227058,0.8929355380366728,-0.5014958585219519,3.5941801353803613,-2.4916410831950575
4.785,18,0.2957731388276885,0.17452018816819057,0.575123197628991,-0.8729543902128356,1.623114030425579,1.5563799768264308,-0.1487924420714198,0.8866971329052492,-0.5141685026128813,3.59117021464865,-2.499054026724029
4.7875000000000005,18,0.2982731388276889,0.17599530680861156,0.5790125276561339,-0.8733151521755189,1.625322956127918,1.5550787978454188,-0.13981845101001,0.8804404125854649,-0.5267614060790751,3.587995184734075,-2.506293351355859
4.79,18,0.3007731388276884,0.17747042544903202,0.5828985654659316,-0.8736534892538641,1.62751621758687,1.5537462361066898,-0.1308526030542016,0.8741658102435231,-0.5392747367601567,3.584655867076985,-2.513359761923865
4.7925,18,0.3032731388276888,0.17894554408945298,0.5867812328499825,-0.8739694223181788,1.629693770637003,1.5523824903324062,-0.12189530789654401,0.8678737572835379,-0.5517086624957616,3.5811530831177247,-2.5202539632613723
4.795,18,0.3057731388276883,0.18042066272987345,0.5906604520961609,-0.8742629732604348,1.6318555721891899,1.5509877588251326,-0.1129469731759983,0.8615646833475477,-0.5640633511255095,3.5774876542966445,-2.526976660201696
4.7975,18,0.3082731388276887,0.1818957813702944,0.594536145987578,-0.8745341649891345,1.6340015802262093,1.549562239467834,-0.10400800447791252,0.8552390163154997,-0.5763389704890368,3.573660402054088,-2.53352855757816
4.8,18,0.3107731388276882,0.18337090001071488,0.5984082378015226,-0.8747830214241765,1.6361317537983344,1.5481061297238763,-0.09507880533404589,0.8488971823052658,-0.5885356884259618,3.5696721478304054,-2.5399103602240793
4.8025,18,0.3132731388276886,0.18484601865113584,0.6022766513084231,-0.8750095674917221,1.6382460530189327,1.5466196266370265,-0.08615977722254486,0.8425396056726271,-0.6006536727759219,3.5655237130659403,-2.546122772972778
4.805,18,0.3157731388276881,0.1863211372915563,0.606141310770787,-0.8752138291190604,1.640344439060056,1.5451029268314531,-0.0772513195679669,0.8361667090112889,-0.6126930913785354,3.5612159192010444,-2.5521665006575716
4.8075,18,0.3182731388276885,0.18779625593197727,0.6100021409421633,-0.8753958332294756,1.6424268741480403,1.5435562265117238,-0.06835382974125666,0.8297789131528651,-0.6246541120734385,3.556749587676061,-2.5580422481117853
4.8100000000000005,18,0.3207731388276889,0.18927137457239826,0.6138590670660842,-0.8755556077371115,1.6444933215590969,1.5419797214628088,-0.05946770305976696,0.8233766371668926,-0.6365369027002551,3.5521255399313376,-2.563750720168735
4.8125,18,0.3232731388276884,0.1907464932128187,0.617712014875019,-0.875693181541839,1.646543745614907,1.5403736070500793,-0.05059333278724986,0.816960298360825,-0.6483416310986083,3.5473445974072253,-2.569292621661739
4.815,18,0.32577313882768877,0.1922216118532397,0.621560910589331,-0.8758085845241207,1.648578111678221,1.5387380782193065,-0.0417311101338471,0.8105303122800261,-0.6600684651081337,3.5424075815440657,-2.5746686574241204
4.8175,18,0.32827313882768827,0.19369673049366012,0.6254056809162172,-0.8759018475398782,1.6505963861484463,1.5370733294966632,-0.03288142425611224,0.8040870927077858,-0.6717175725684511,3.537315313782212,-2.579879532289196
4.82,18,0.33077313882768866,0.19517184913408112,0.6292462530486714,-0.8759730024153571,1.65259853645725,1.5353795549887221,-0.024044662256984997,0.7976310516653005,-0.6832891213191966,3.5320686155620047,-2.5849259510902898
4.8225,18,0.33327313882768816,0.19664696777450155,0.6330825546644238,-0.8760220819419935,1.6545845310641458,1.533656948382459,-0.015221209185817678,0.7911625994116934,-0.6947832791999901,3.526668308323797,-2.5898086186607165
4.825,18,0.33577313882768856,0.19812208641492254,0.6369145139249027,-0.8760491198712796,1.6565543394520956,1.5319057029452476,-0.006411448038347699,0.7846821444439949,-0.706200214050466,3.5211152135079304,-2.5945282398337994
4.8275,18,0.33827313882768806,0.19959720505534298,0.6407420594741755,-0.8760541509096305,1.6585079321230987,1.5301260115248656,0.002384240243274,0.7781900934971614,-0.7175400937102444,3.515410152554758,-2.599085519442856
4.83,18,0.34077313882768845,0.20107232369576397,0.6445651204379094,-0.876037210713249,1.660445280593792,1.528318066549489,0.011165476770511518,0.7716868515440565,-0.7288030860189618,3.5095539469046217,-2.603481162321208
4.8325000000000005,18,0.34327313882768884,0.20254744233618494,0.6483836264223137,-0.8759983358829927,1.662366357391039,1.5264820600276965,0.019931884708419226,0.765172821795468,-0.7399893588162415,3.5035474179978707,-2.6077158733021744
4.835,18,0.34577313882768834,0.2040225609766054,0.6521975075130948,-0.8759375639592395,1.664271136047529,1.5246181835484678,0.028683089275653557,0.7586484057000994,-0.7510990799417071,3.497391387274855,-2.6117903572190735
4.8375,18,0.34827313882768873,0.20549767961702636,0.6560066942744108,-0.8758549334167536,1.6661595910973714,1.5227266282811815,0.037418717744479954,0.752114002944565,-0.7621324172349934,3.4910866761759163,-2.615705318905227
4.84,18,0.35077313882768824,0.20697279825744683,0.6598111177478138,-0.8757504836595513,1.6680316980716876,1.5208075849756202,0.046138399440753354,0.7455700114534046,-0.7730895385357212,3.484634106141407,-2.619461463193952
4.8425,18,0.3532731388276886,0.2084479168978678,0.6636107094512104,-0.8756242550157677,1.6698874334942098,1.5188612439619635,0.054841765743940445,0.7390168273890657,-0.7839706116835257,3.47803449861167,-2.6230594949185724
4.845,18,0.35577313882768813,0.20992303553828826,0.6674054013778038,-0.875476288732522,1.6717267748768712,1.5168877951507966,0.06352845008709884,0.7324548451519209,-0.7947758045180268,3.471288675027055,-2.626500118912403
4.8475,18,0.3582731388276885,0.21139815417870922,0.6711951259950537,-0.8753066269707837,1.673549700715406,1.5148874280331017,0.07219808795689663,0.7258844573802518,-0.8055052848788594,3.4643974568279075,-2.6297840400087678
4.8500000000000005,18,0.3607731388276889,0.2128732728191302,0.6749798162436195,-0.8751153128002387,1.67535619048494,1.5128603316802636,0.08085031689359592,0.7193060549502619,-0.8161592206056479,3.457361665454575,-2.6329119630409843
4.8525,18,0.3632731388276884,0.21434839145955065,0.6787594055363138,-0.8749023901941555,1.6771462246355862,1.510806694744069,0.08948477649105767,0.712720026976073,-0.8267377795380166,3.450182122347409,-2.635884592842372
4.855,18,0.3657731388276888,0.21582351009997164,0.6825338277570586,-0.8746679040242503,1.6789197845880426,1.5087267054567026,0.0981011083967547,0.7061267608097149,-0.8372411295155997,3.4428596489467487,-2.6387026342462527
4.8575,18,0.3682731388276883,0.21729862874039207,0.6863030172598267,-0.8744119000555544,1.6806768527291818,1.5066205516307536,0.10669895631174657,0.6995266420411453,-0.8476694383780173,3.4353950666929496,-2.641366792085943
4.86,18,0.3707731388276887,0.21877374738081307,0.6900669088676026,-0.8741344249412787,1.6824174124076519,1.5044884206592088,0.11527796599070812,0.692920054498228,-0.8580228739649054,3.4277891970263505,-2.6438777711947656
4.8625,18,0.3732731388276882,0.2202488660212335,0.693825437871324,-0.873835526217681,1.6841414479294647,1.502330499515459,0.12383778524190096,0.6863073802467532,-0.8683016041158835,3.4200428613873073,-2.646236276406037
4.865,18,0.3757731388276886,0.2217239846616545,0.6975785400288428,-0.8735152522989311,1.6858489445535971,1.5001469747532932,0.13237806392720092,0.6796889995904182,-0.878505796670588,3.4121568812161582,-2.648443012553081
4.8675,18,0.3782731388276881,0.22319910330207496,0.7013261515638651,-0.8731736524719774,1.6875398884875796,1.4979380325069036,0.1408984539620719,0.6730652910708471,-0.8886356194686377,3.4041320779532582,-2.650498684469215
4.87,18,0.3807731388276885,0.22467422194249592,0.705068209164914,-0.8728107768914123,1.6892142668830972,1.4957038584908808,0.1493986093155907,0.6664366314675704,-0.8986912403496676,3.395969273038948,-2.6524039969877573
4.8725000000000005,18,0.3832731388276889,0.22614934058291689,0.7088046499842701,-0.8724266765743387,1.6908720678315783,1.493444638000219,0.15787818601042666,0.6598033957980431,-0.9086728271533027,3.387669287913578,-2.6541596549420308
4.875,18,0.3857731388276884,0.22762445922333735,0.7125354116369272,-0.8720214033952358,1.6925132803597938,1.4911605559103125,0.16633684212284924,0.6531659573176364,-0.9185805477191665,3.379232944017498,-2.6557663631653528
4.8775,18,0.38827313882768877,0.22909957786375834,0.716260432199547,-0.8715950100808253,1.6941378944254508,1.488851796676955,0.1747742377827384,0.6465246875196312,-0.9284145698868935,3.3706610627910494,-2.657224826491044
4.88,18,0.39077313882768827,0.23057469650417878,0.7199796502094008,-0.8711475502049368,1.6957459009127855,1.4865185443363438,0.1831900351735625,0.6398799561352351,-0.9381750614961047,3.361954465674584,-2.658535749752423
4.8825,18,0.39327313882768866,0.23204981514459977,0.7236930046633314,-0.8706790781833744,1.6973372916281613,1.4841609825050737,0.191583898532403,0.6332321311335619,-0.9478621903864349,3.3531139741084455,-2.659699837782812
4.885,18,0.39577313882768816,0.2335249337850202,0.7274004350166929,-0.870189649268783,1.6989120592956604,1.4817792943801444,0.19995549414993005,0.6265815787216527,-0.9574761243975043,3.344140409532986,-2.660717795415528
4.8875,18,0.39827313882768856,0.2350000524254412,0.7311018811823133,-0.8696793195455128,1.7004701975526808,1.4793736627389524,0.2083044903704269,0.6199286633444547,-0.9670170313689486,3.335034593388546,-2.661590327483892
4.89,18,0.40077313882768806,0.23647517106586163,0.7347972835294339,-0.8691481459244872,1.7020117009455293,1.4769442699392996,0.2166305575917654,0.6132737476848428,-0.9764850791403871,3.325797347115479,-2.6623181388212243
4.8925,18,0.40327313882768845,0.23795028970628262,0.7384865828826711,-0.8685961861380673,1.7035365649250191,1.4744912979193845,0.22493336826543037,0.606617192663597,-0.9858804355514549,3.316429492154126,-2.6629019342608435
4.8950000000000005,18,0.40577313882768884,0.2394254083467036,0.7421697205209588,-0.8680234987349191,1.7050447858420612,1.4720149281978088,0.23321259689649831,0.5999593574394234,-0.9952032684417766,3.3069318499448386,-2.66334241863607
4.8975,18,0.40827313882768834,0.24090052698712405,0.7458466381765029,-0.8674301430748785,1.70653636094326,1.4695153418735765,0.24146792004364767,0.593300599408943,-1.0044537456509757,3.297305241927964,-2.6636402967802226
4.9,18,0.41077313882768873,0.24237564562754502,0.7495172780337356,-0.8668161793238176,1.7080112883665115,1.4669927196260886,0.24969901631916538,0.5866412742066873,-1.0136320350186878,3.2875504895438468,-2.6637962735266223
4.9025,18,0.41327313882768824,0.24385076426796548,0.7531815827282585,-0.8661816684485113,1.7094695671365927,1.4644472417151513,0.25790556638892775,0.5799817357051138,-1.022738304384533,3.2776684142328376,-2.6638110537085877
4.905,18,0.4157731388276886,0.24532588290838644,0.7568394953458034,-0.8655266722115019,1.7109111971607618,1.461879087980968,0.2660872529724237,0.5733223360145873,-1.0317727215881454,3.267659837435278,-2.6636853421594395
4.9075,18,0.41827313882768813,0.2468010015488069,0.7604909594211726,-0.8648512531659672,1.7123361792243474,1.4592884378441464,0.27424376084273183,0.5666634254833983,-1.0407354544691467,3.257525580591522,-2.6634198437124965
4.91,18,0.4207731388276885,0.24827612018922787,0.7641359189372009,-0.8641554746505842,1.7137445149863488,1.4566754703056917,0.28237477682654266,0.5600053526977455,-1.049626670867171,3.2472664651419096,-2.6630152632010793
4.9125000000000005,18,0.4232731388276889,0.24975123882964886,0.767774318323697,-0.8634394007843964,1.715136206975027,1.4540403639470125,0.2904799898041393,0.5533484644817502,-1.0584465386218425,3.2368833125267926,-2.662472305458507
4.915,18,0.4257731388276884,0.25122635747006933,0.7714061024563988,-0.8627030964616806,1.7165112585834996,1.451383296929919,0.29855909070940523,0.5466931058974515,-1.0671952255727857,3.2263769441865207,-2.6617916753180992
4.9175,18,0.4282731388276888,0.25270147611049026,0.7750312166559279,-0.8619466273468106,1.7178696740653394,1.448704446996619,0.30661177252983407,0.5400396202447975,-1.0758728995596345,3.215748181561433,-2.6609740776131767
4.92,18,0.4307731388276883,0.25417659475091076,0.7786496066867322,-0.8611700598691252,1.7192114585301639,1.4460039914697245,0.3146377303065085,0.5333883490616618,-1.08447972842201,3.204997846091885,-2.660020217177059
4.9225,18,0.4332731388276887,0.2556517133913317,0.7822612187560458,-0.8603734612177927,1.7205366179392345,1.4432821072522464,0.3226366611341229,0.5267396321238271,-1.093015879999547,3.194126759218217,-2.658930798843063
4.925,18,0.4357731388276882,0.2571268320317522,0.7858659995128322,-0.8595568993366789,1.7218451591010477,1.440538970827598,0.3306082641609627,0.5200938074450006,-1.1014815221318672,3.1831357423807827,-2.657706527444512
4.9275,18,0.4382731388276886,0.2586019506721731,0.7894638960467426,-0.8587204429192107,1.7231370896669338,1.4377747582595917,0.33855224058892364,0.5134512112767975,-1.1098768226586027,3.1720256170199215,-2.656348107814724
4.93,18,0.4407731388276881,0.2600770693125936,0.793054855887059,-0.8578641614032442,1.7244124181266474,1.4349896451924433,0.34646829367349263,0.5068121781087587,-1.1182019494193762,3.1607972045759896,-2.654856244787019
4.9325,18,0.4432731388276885,0.26155218795301455,0.7966388270016542,-0.8569881249659288,1.7256711538039662,1.4321838068507666,0.3543561287237678,0.5001770406683331,-1.126457070253821,3.149451326489325,-2.653231643194717
4.9350000000000005,18,0.4457731388276889,0.26302730659343554,0.8002157577959345,-0.8560924045185752,1.7269133068522826,1.429357418039579,0.36221545310243985,0.49354612992089236,-1.1346423530015621,3.1379888042002797,-2.6514750078711375
4.9375,18,0.4482731388276884,0.264502425233856,0.8037855971117934,-0.8551770717015199,1.7281388882501998,1.4265106531442984,0.3700459762258003,0.48691977506972617,-1.142757965502225,3.126410459149205,-2.6495870436496003
4.94,18,0.45077313882768877,0.26597754387427697,0.8073482942265687,-0.854242198878991,1.729347909797128,1.423643686130741,0.3778474095637507,0.4802983035560322,-1.1508040755954414,3.114717112776438,-2.647568455363425
4.9425,18,0.45327313882768827,0.2674526625146974,0.810903798851982,-0.8532878591339765,1.730540384108876,1.4207566905451279,0.38561946663978125,0.47368204105893535,-1.1587808511208344,3.102909586522336,-2.6454199478459337
4.945,18,0.45577313882768866,0.2689277811551184,0.8144520611331013,-0.8523141262630867,1.7317163246132496,1.417849839514077,0.39336186303099446,0.46707131149546793,-1.1666884599180367,3.0909887018272375,-2.6431422259304407
4.9475,18,0.45827313882768816,0.27040289979553883,0.8179930316472819,-0.8513210747714237,1.7328757455456427,1.4149233057446113,0.401074316368083,0.4604664370205874,-1.1745270698266708,3.0789552801314968,-2.6407359944502695
4.95,18,0.46077313882768856,0.2718780184359598,0.8215266614031268,-0.8503087798674447,1.7340186619446358,1.4119772615241513,0.4087565463353516,0.4538677380271593,-1.1822968486863707,3.066810142875455,-2.638201958238738
4.9525,18,0.46327313882768806,0.2733531370763803,0.8250529018394284,-0.8492773174578305,1.7351450896475877,1.409011878720521,0.41640827467069397,0.4472755331459755,-1.1899979643367569,3.054554111499465,-2.6355408221291694
4.955,18,0.46577313882768845,0.27482825571680125,0.8285717048241285,-0.8482267641423488,1.7362550452862322,1.4060273287819423,0.42402922516561514,0.4406901392457346,-1.1976305846174633,3.0421880074438685,-2.63275329095488
4.9575000000000005,18,0.46827313882768884,0.27630337435722224,0.8320830226532621,-0.847157197208722,1.7373485462822718,1.403023782737041,0.43161912366521593,0.4341118714330586,-1.2051948773681147,3.0297126521490143,-2.6298400695491906
4.96,18,0.47077313882768834,0.2777784929976427,0.8355868080499106,-0.8460686946274936,1.7384256108429732,1.4000014111948438,0.43917769806819457,0.4275410430524872,-1.2126910104283368,3.0171288670552543,-2.626801862745421
4.9625,18,0.47327313882768873,0.27925361163806367,0.8390830141631579,-0.8449613350468916,1.739486257956762,1.396960384344775,0.4467046783268599,0.42097796568646906,-1.2201191516377614,3.0044374736029282,-2.62363937537689
4.965,18,0.47577313882768824,0.2807287302784841,0.8425715945670311,-0.8438351977876983,1.7405305073888169,1.3939008719566641,0.4541997964471102,0.41442294915537914,-1.2274794688360118,2.991639293232391,-2.6203533122769205
4.9675,18,0.4782731388276886,0.2822038489189051,0.8460525032594629,-0.8426903628381123,1.7415583796766656,1.3908230433807385,0.46166278648845654,0.4078763015174999,-1.234772129862721,2.9787351473839814,-2.6169443782788284
4.97,18,0.48077313882768813,0.28367896755932553,0.849525694661232,-0.8415269108486181,1.7425698961257778,1.3877270675476276,0.4690933845639987,0.4013383290690395,-1.2419973025575102,2.9657258574980556,-2.613413278215936
4.9725,18,0.4832731388276885,0.2851540861997465,0.8529911236149241,-0.8403449231268487,1.7435650788051626,1.3846131129683608,0.47649132884044876,0.3948093363441132,-1.2491551547600135,2.952612245014951,-2.609760716921559
4.9750000000000005,18,0.4857731388276889,0.2866292048401675,0.8564487453838744,-0.8391444816324547,1.7445439505429605,1.3814813477343704,0.4838563595381116,0.38828962611476114,-1.2562458543098556,2.939395131375019,-2.605987399229021
4.9775,18,0.4882731388276884,0.28810432348058795,0.8598985156511216,-0.8379256689719693,1.7455065349220398,1.3783319395174893,0.49118821893089304,0.3817794993909391,-1.263269569046662,2.926075338018613,-2.602094029971642
4.98,18,0.4907731388276888,0.28957944212100895,0.8633403905183644,-0.8366885683936719,1.7464528562755919,1.3751650555699484,0.49848665134630776,0.37527925542051305,-1.2702264668100647,2.912653686386071,-2.5980813139827403
4.9825,18,0.4932731388276883,0.2910545607614294,0.8667743265049013,-0.8354332637824584,1.747382939682724,1.371980862724384,0.5057514031654602,0.3687891916892742,-1.2771167154396859,2.899130997917748,-2.5939499560956354
4.985,18,0.4957731388276887,0.2925296794018504,0.8702002805465936,-0.834159839654703,1.7482968109640562,1.3687795273938288,0.5129822228230664,0.3623096039209227,-1.2839404827751604,2.885508094053981,-2.589700661143647
4.9875,18,0.4982731388276882,0.2940047980422708,0.8736182099948057,-0.8328683811531279,1.7491944966773145,1.3655612155717203,0.5201788608074338,0.35584078607708264,-1.2906979366561084,2.871785796235128,-2.585334133960096
4.99,18,0.5007731388276886,0.2954799166826918,0.8770280726153658,-0.8315589740416657,1.7500760241129272,1.3623260928318937,0.5273410696604794,0.3493830303572874,-1.2973892449221638,2.8579649259015274,-2.580851079378301
4.9925,18,0.5032731388276881,0.29695503532311224,0.880429826587507,-0.830231704700329,1.750941421289618,1.3590743243285892,0.5344686039777125,0.34293662719899554,-1.3040145754129493,2.8440463044935345,-2.5762522022315832
4.995,18,0.5057731388276885,0.29843015396353323,0.8838234305028294,-0.8288866601200732,1.751790716950002,1.3558060747964424,0.541561220408252,0.33650186527757253,-1.3105740959680972,2.8300307534514877,-2.571538207353259
4.9975000000000005,18,0.5082731388276889,0.2999052726039542,0.8872088433642406,-0.8275239278976644,1.75262394055618,1.3525215085504942,0.5486186776548108,0.33007903150630896,-1.317067974427233,2.8159190942157384,-2.5667097995766506
5.0,18,0.5107731388276884,0.30138039124437466,0.8905860245849114,-0.8261435962305458,1.7534411222853334,1.3492207894861865,0.5556407364737023,0.32366841103641053,-1.3234963786299814,2.801712148226639,-2.5617676837350793
5.0025,18,0.5132731388276888,0.30285550988479565,0.8939549339872309,-0.8247457539117011,1.7542422930253199,1.3459040810793583,0.5626271596748497,0.31727028725699363,-1.3298594764159757,2.7874107369245262,-2.556712564661861
5.005,18,0.5157731388276883,0.3043306285252161,0.8973155318017478,-0.823330490324524,1.7550274843702653,1.3425715463862544,0.5695777121217644,0.3108849417951002,-1.336157435624838,2.7730156817497584,-2.5515451471903186
5.0075,18,0.5182731388276887,0.3058057471656371,0.9006677786661322,-0.8218978954376802,1.7557967286161629,1.3392233480435158,0.5764921607315711,0.3045126545156799,-1.3423904240962015,2.758527804142671,-2.5462661361537693
5.01,18,0.5207731388276882,0.3072808658060575,0.9040116356241165,-0.8204480597999786,1.7565500587564638,1.3358596482681886,0.5833702744749841,0.298153703521608,-1.348558609669688,2.743947925543623,-2.5408762363855346
5.0125,18,0.5232731388276886,0.3087559844464785,0.9073470641244555,-0.8189810745352308,1.757287508477675,1.332480608857716,0.5902118243763289,0.2918083651536678,-1.3546621601849305,2.72927686739295,-2.535376152718935
5.015,18,0.5257731388276881,0.31023110308689894,0.9106740260198687,-0.8174970313371241,1.7580091121549517,1.3290863911899462,0.5970165835135222,0.28547691399056796,-1.3607012434815522,2.714515451131011,-2.5297665899872888
5.0175,18,0.5282731388276884,0.31170622172731993,0.9139924835660008,-0.8159960224640809,1.7587149048476947,1.325677156223124,0.6037843270180915,0.27915962284892465,-1.3666760273991858,2.6996644981981395,-2.5240482530239134
5.0200000000000005,18,0.5307731388276888,0.31318134036774087,0.9173023994203634,-0.8144781407341297,1.7594049222951422,1.3222530644958987,0.6105148320751564,0.2728567627832783,-1.372586679777454,2.684724830034693,-2.518221846662131
5.0225,18,0.5332731388276883,0.31465645900816136,0.9206037366412907,-0.8129434795197695,1.760079200911967,1.31881427612732,0.6172078779234396,0.266568603086085,-1.3784333684559864,2.669697268081018,-2.5122880757352632
5.025,18,0.5357731388276887,0.3161315776485823,0.9238964586868932,-0.8113921327428335,1.7607377777838706,1.3153609508168358,0.6238632458552693,0.26029541128771205,-1.3842162612744127,2.6545826337774576,-2.5062476450766273
5.0275,18,0.5382731388276882,0.3176066962890028,0.9271805294140014,-0.8098241948693591,1.761380690663177,1.3118932478442986,0.6304807192165683,0.2540374531564508,-1.3899355260723565,2.6393817485643636,-2.500101259519545
5.03,18,0.5407731388276886,0.3190818149294237,0.9304559130771247,-0.8082397609044503,1.7620079779644295,1.3084113260699581,0.6370600834068667,0.24779499269850272,-1.395591330689449,2.6240954338820752,-2.493849623897332
5.0325,18,0.5432731388276881,0.3205569335698442,0.9337225743273949,-0.8066389263871467,1.762619678759983,1.3049153439344694,0.6436011258792876,0.24156829215799128,-1.4011838429653156,2.6087245111709514,-2.4874934430433124
5.035,18,0.5457731388276885,0.32203205221026515,0.9369804782115252,-0.805021787385287,1.7632158327756011,1.301405459458883,0.650103636140564,0.23535761201695185,-1.4067132307395853,2.5932698018713274,-2.4810334217908037
5.0375000000000005,18,0.5482731388276889,0.32350717085068614,0.9402295901707531,-0.8033884404903763,1.7637964803860497,1.2978818302446553,0.6565674057510232,0.22916321099533954,-1.4121796618518865,2.577732127423553,-2.474470264973124
5.04,18,0.5507731388276884,0.32498228949110664,0.943469876039796,-0.8017389828124528,1.7643616626106913,1.2943446134736423,0.6629922283245923,0.22298534605102907,-1.417583304141843,2.562112309267985,-2.4678046774235973
5.0425,18,0.5532731388276888,0.32645740813152757,0.9467013020458042,-0.8000735119749515,1.7649114211090815,1.2907939659080985,0.6693778995288064,0.21682427237980398,-1.4229243254490866,2.546411168844959,-2.4610373639755387
5.045,18,0.5557731388276883,0.32793252677194806,0.9499238348073049,-0.7983921261095729,1.7654457981765617,1.2872300438906827,0.6757242170847942,0.2106802434153727,-1.4282028936132423,2.5306295275948307,-2.454169029462272
5.0475,18,0.5582731388276887,0.329407645412369,0.9531374413331617,-0.7966949238511458,1.765964836739856,1.2836530033444518,0.6820309807672912,0.20455351082935266,-1.4334191764739412,2.514768206957937,-2.447200378717115
5.05,18,0.5607731388276882,0.3308827640527895,0.9563420890215175,-0.7949820043324978,1.7664685803526639,1.2800629997728665,0.688297992404628,0.19844432453128638,-1.438573341870806,2.498828028374639,-2.440132116573388
5.0525,18,0.5632731388276886,0.3323578826932104,0.9595377456587529,-0.7932534671793158,1.7669570731912574,1.2764601882597846,0.6945250558787424,0.1923529326686237,-1.4436655576434694,2.4828098132852694,-2.432964947864408
5.055,18,0.5657731388276881,0.3338330013336309,0.9627243794184303,-0.7915094125050176,1.7674303600500734,1.27284472346947,0.700711977125166,0.1862795816267412,-1.448695991631555,2.4667143831301876,-2.4256995774235013
5.0575,18,0.5682731388276885,0.33530811997405185,0.9659019588602514,-0.7897499409056126,1.76788848633731,1.269216759646581,0.706858564133039,0.18022451602892217,-1.453664811674693,2.4505425593497296,-2.4183367100839788
5.0600000000000005,18,0.5707731388276889,0.33678323861447285,0.9690704529290028,-0.7879751534545721,1.7683314980705214,1.2655764506161833,0.7129646269450954,0.17418797873637407,-1.4585721856125113,2.4342951633842493,-2.410877050679167
5.0625,18,0.5732731388276884,0.3382583572548933,0.9722298309535088,-0.7861851516976939,1.7687594418722112,1.2619239497837402,0.7190299776576725,0.1681702108482199,-1.4634182812846346,2.4179730166740985,-2.4033213040423846
5.065,18,0.5757731388276888,0.3397334758953143,0.9753800626455862,-0.7843800376479655,1.7691723649654292,1.2582594101351152,0.7250544304207123,0.16217145170149438,-1.4682032665306932,2.4015769406596097,-2.3956701750069462
5.0675,18,0.5782731388276883,0.3412085945357347,0.9785211180989877,-0.7825599137804357,1.7695703151693647,1.2545829842365757,0.7310378014377504,0.15619193887115654,-1.4729273091903132,2.385107756781149,-2.3879243684061793
5.07,18,0.5807731388276887,0.3426837131761557,0.9816529677883612,-0.7807248830270747,1.7699533408949417,1.2508948242347862,0.7369799089659311,0.1502319081700737,-1.4775905771031252,2.3685662864790453,-2.3800845890733964
5.0725,18,0.5832731388276882,0.34415883181657614,0.984775582568193,-0.7788750487716449,1.770321491140414,1.247195081856816,0.7428805733159926,0.1442915936490386,-1.4821932381087513,2.351953351193661,-2.3721515418419234
5.075,18,0.5857731388276886,0.34563395045699713,0.9878889336717663,-0.7770105148445632,1.7706748154869598,1.243483908410132,0.7487396168522806,0.13837122759675202,-1.4867354600468254,2.335269772365328,-2.3641259315450744
5.0775,18,0.5882731388276881,0.34710906909741757,0.9909929927101043,-0.7751313855177706,1.771013364094276,1.2397614547826057,0.7545568639927335,0.13247104053984038,-1.4912174107569711,2.31851637143441,-2.3560084630161757
5.08,18,0.5907731388276884,0.34858418773783856,0.9940877316709303,-0.7732377654995936,1.7713371876961745,1.2360278714425041,0.7603321412089002,0.12659126124283718,-1.4956392580788187,2.3016939698412395,-2.3477998410885386
5.0825000000000005,18,0.5932731388276888,0.35005930637825955,0.9971731229176097,-0.7713297599296149,1.7716463375961746,1.2322833084385008,0.7660652770259233,0.12073211670820043,-1.5000011698519942,2.2848033890261688,-2.33950077059549
5.085,18,0.5957731388276883,0.35153442501868,1.0002491391881052,-0.769407474373538,1.7719408656631,1.2285279153996684,0.771756102022546,0.11489383217630338,-1.5043033139161244,2.267845450429553,-2.3311119563703477
5.0875,18,0.5982731388276887,0.353009543659101,1.0033157535939317,-0.7674710148180495,1.7722208243266726,1.2247618415354782,0.7774044488311199,0.10907663112543091,-1.5085458581108382,2.250820975491728,-2.3226341032464286
5.09,18,0.6007731388276882,0.3544846622995214,1.006372939619098,-0.7655204876656914,1.772486266573107,1.2209852356358062,0.783010152137587,0.10328073527179261,-1.5127289702757636,2.2337307856530497,-2.314067916057058
5.0925,18,0.6032731388276886,0.3559597809399424,1.0094206711190679,-0.7635559997297208,1.7727372459407067,1.2171982460709247,0.7885730486815011,0.09750636456950604,-1.5168528182505274,2.2165757023538544,-2.305414099635548
5.095,18,0.6057731388276881,0.35743489958036284,1.012458922319702,-0.7615776582289822,1.7729738165154565,1.2134010207915125,0.794092977256006,0.09175373721061475,-1.5209175698747588,2.1993565470345047,-2.296673358815226
5.0975,18,0.6082731388276885,0.35891001822078383,1.0154876678162175,-0.7595855707827668,1.7731960329266196,1.2095937073286434,0.7995697787078574,0.08602306962506792,-1.5249233929880837,2.1820741411353297,-2.2878463984294037
5.1000000000000005,18,0.6107731388276889,0.3603851368612048,1.0185068825721313,-0.7575798454056845,1.773403950342332,1.2057764527937966,0.8050032959374018,0.08031457648074151,-1.5288704554301304,2.1647293060966857,-2.2789339233114076
5.1025,18,0.6132731388276884,0.36186025550162526,1.0215165419182146,-0.7555605905025273,1.773597624465195,1.2019494038788525,0.8103933738985909,0.07462847068342679,-1.5327589250405267,2.1473228633589283,-2.269936638294557
5.105,18,0.6157731388276888,0.36333537414204625,1.0245166215514472,-0.7535279148631328,1.7737771115278735,1.1981127068560877,0.8157398595989803,0.06896496337682452,-1.5365889696588997,2.1298556343623907,-2.2608552482121693
5.1075,18,0.6182731388276883,0.3648104927824667,1.0275070975339606,-0.7514819276572557,1.7739424682886882,1.1942665075781853,0.8210426020997206,0.06332426394255994,-1.5403607571248767,2.1123284405474285,-2.2516904578975647
5.11,18,0.6207731388276887,0.3662856114228877,1.0304879462919978,-0.7494227384294286,1.7740937520272118,1.190410951478224,0.8263014525155692,0.057706580000168844,-1.5440744552780885,2.0947421033543816,-2.2424429721840604
5.1125,18,0.6232731388276882,0.3677607300633081,1.033459144614856,-0.7473504570938322,1.7742310205398626,1.1865461835696893,0.8315162640148777,0.052112117407110956,-1.5477302319581574,2.0770974442236083,-2.2331134959049814
5.115,18,0.6257731388276886,0.3692358487037291,1.0364206696538456,-0.7452651939291568,1.7743543321355002,1.1826723484464616,0.8366868918196056,0.04654108025875473,-1.551328255004717,2.0593952845954426,-2.223702733893643
5.1175,18,0.6282731388276881,0.37071096734414954,1.039372498921233,-0.743167059573474,1.7744637456310204,1.1787895902828276,0.8418131932053071,0.040993670888392314,-1.5548686922573896,2.0416364459102447,-2.2142113909833694
5.12,18,0.6307731388276885,0.37218608598457054,1.0423146102891998,-0.7410561650190955,1.774559320346949,1.1748980528334694,0.8468950275011428,0.0354700898672256,-1.558351711555807,2.0238217496083473,-2.2046401720074726
5.1225000000000005,18,0.6332731388276889,0.37366120462499147,1.0452469819887873,-0.738932621607447,1.7746411161030373,1.1709978794334759,0.8519322560898699,0.029970536004379916,-1.561777480739595,2.0059520171301064,-2.1949897817992783
5.125,18,0.6357731388276884,0.37513632326541196,1.0481695926088495,-0.7367965410239291,1.7747091932138574,1.1670892129983346,0.8569247424078467,0.024495206346895858,-1.5651461676483804,1.9880280699158752,-2.185260925192109
5.1275,18,0.6382731388276888,0.3766114419058329,1.0510824210950076,-0.7346480352927823,1.7747636124843957,1.1631721960239307,0.8618723519450355,0.019044296179724852,-1.5684579401217935,1.9700507294059875,-2.1754543070192773
5.13,18,0.6407731388276883,0.3780865605462534,1.053985446748595,-0.7324872167719588,1.7748044352056493,1.1592469705865558,0.8667749522449966,0.013617999025743049,-1.5717129659994575,1.952020817040802,-2.16557063211411
5.1325,18,0.6432731388276887,0.3795616791866744,1.0568786492256135,-0.730314198147981,1.7748317231502186,1.1553136783428963,0.8716324129048945,0.008216506645736373,-1.5749114131210056,1.9339391542606523,-2.155610605309916
5.135,18,0.6457731388276882,0.3810367978270948,1.0597620085356798,-0.7281290924308159,1.774845538567904,1.1513724605300477,0.8764446055754874,0.0028400090384154667,-1.5780534493260616,1.9158065625059044,-2.1455749314400294
5.1375,18,0.6482731388276886,0.3825119164675158,1.0626355050409824,-0.7259320129487317,1.7748459441813007,1.1474234579654972,0.8812114039611451,-0.0025113055596031734,-1.5811392424542536,1.897623863216885,-2.135464315337756
5.14,18,0.6507731388276881,0.38398703510793625,1.0654991194552241,-0.723723073343173,1.7748330031813917,1.143466811047141,0.8859326838198267,-0.007837250673774407,-1.5841689603452107,1.8793918778339596,-2.125279461836427
5.1425,18,0.6532731388276884,0.38546215374835724,1.0683528328425833,-0.7215023875636193,1.7748067792231443,1.1395026597532694,0.8906083229631031,-0.013137641591646718,-1.5871427708385617,1.8611114277974585,-2.1150210757693544
5.1450000000000005,18,0.6557731388276888,0.3869372723887782,1.0711966266166555,-0.7192700698624558,1.7747673364211045,1.1355311436425786,0.8952382012561381,-0.018412295362845447,-1.5900608417739301,1.842783334547739,-2.1046898619698604
5.1475,18,0.6582731388276883,0.38841239102919867,1.0740304825394096,-0.7170262347898385,1.7747147393449916,1.1315524018541654,0.8998222006176975,-0.023661030799079597,-1.5929233409909465,1.8244084195251533,-2.0942865252712677
5.15,18,0.6607731388276887,0.3898875096696196,1.0768543827201393,-0.7147709971885571,1.7746490530152923,1.127566573107523,0.9043602050201531,-0.02888366847414683,-1.5957304363292382,1.8059875041700344,-2.0838117705068893
5.1525,18,0.6632731388276882,0.3913626283100401,1.0796683096144102,-0.7125044721889058,1.7745703428988575,1.1235737957025516,0.9088521004894705,-0.0340800307239206,-1.598482295628431,1.7875214099227428,-2.0732663025100537
5.155,18,0.6657731388276886,0.39283774695046103,1.0824722460230152,-0.7102267752035448,1.7744786749044945,1.1195742075195478,0.9132977751052233,-0.03924994164636355,-1.6011790867281568,1.7690109582236149,-2.062650826114074
5.1575,18,0.6682731388276881,0.3943128655908815,1.0852661750909216,-0.7079380219223705,1.774374115378564,1.115567946019211,0.9176971190005794,-0.04439322710151962,-1.6038209774680379,1.7504569705130069,-2.051966046152271
5.16,18,0.6707731388276885,0.39578798423130246,1.088050080306226,-0.705638328307377,1.7742567311005735,1.1115551482426407,0.9220500243623123,-0.0495097147115151,-1.6064081356877056,1.7318602682312574,-2.0412126674579634
5.1625000000000005,18,0.6732731388276889,0.39726310287172345,1.0908239454991016,-0.7033278105875265,1.7741265892787728,1.1075359508113387,0.9263563854307938,-0.05459923386056076,-1.6089407292267888,1.7132216728187175,-2.030391394864475
5.165,18,0.6757731388276884,0.3987382215121439,1.0935877548407502,-0.701006585253613,1.7739837575457487,1.103510489927208,0.9306160984999967,-0.059661615694948655,-1.611418925924909,1.694542005715741,-2.0195029332051226
5.1675,18,0.6782731388276888,0.4002133401525649,1.0963414928423572,-0.6986747690531265,1.773828303954019,1.0994789013725486,0.9348290619174978,-0.06469669312305977,-1.6138428936217015,1.6758220883626602,-2.008547987313224
5.17,18,0.6807731388276883,0.4016884587929853,1.0990851443540346,-0.6963324789851247,1.7736602969716286,1.0954413205100677,0.9389951760844688,-0.06970430081534904,-1.6162128001567866,1.65706274219984,-1.9975272620221067
5.1725,18,0.6832731388276887,0.4031635774334063,1.1018186945637818,-0.6939798322950913,1.7734798054777439,1.0913978822828667,0.9431143434556889,-0.07468427520436477,-1.6185288133697995,1.638264788667613,-1.9864414621650808
5.175,18,0.6857731388276882,0.40463869607382674,1.1045421289964263,-0.6916169464698095,1.7732868987582464,1.0873487212144544,0.9471864685395323,-0.07963645448473032,-1.620791101100362,1.619429049206335,-1.975291292575475
5.1775,18,0.6882731388276886,0.40611381471424773,1.1072554335125846,-0.6892439392322219,1.7730816465013293,1.083293971408734,0.9512114578979799,-0.08456067861315948,-1.6229998311881033,1.6005563452563436,-1.9640774580866003
5.18,18,0.6907731388276881,0.40758893335466817,1.109958594307604,-0.6868609285363018,1.7728641187930907,1.0792337665500165,0.9551892201466068,-0.08945678930844109,-1.625155171472653,1.581647498258,-1.9528006635317825
5.1825,18,0.6932731388276885,0.40906405199508916,1.1126515979105225,-0.6844680325619134,1.7726343861131295,1.0751682399030074,0.9591196659545963,-0.09432463005145734,-1.6272572897936377,1.5627033296516377,-1.9414616137443383
5.1850000000000005,18,0.6957731388276889,0.41053917063551015,1.1153344311830122,-0.6820653697096832,1.77239251933014,1.071097524312817,0.9630027080447264,-0.0991640460851652,-1.6293063539906827,1.5437246608776083,-1.9300610135575866
5.1875,18,0.6982731388276884,0.4120142892759306,1.1180070813183334,-0.6796530585958646,1.7721385896975062,1.0670217522049577,0.966838261193378,-0.10397488441460687,-1.6313025319034187,1.5247123133762672,-1.9185995678048526
5.19,18,0.7007731388276888,0.4134894079163516,1.1206695358402887,-0.6772312180471997,1.7718726688488968,1.0629410555853371,0.9706262422305353,-0.10875699380691187,-1.6332459913714712,1.5056671085879474,-1.907077981319448
5.1925,18,0.7032731388276883,0.414964526556772,1.1233217826021669,-0.6747999670957924,1.7715948287938605,1.0588555660402716,0.9743665700397783,-0.11351022479128713,-1.6351369002344707,1.4865898679530123,-1.8954969589347037
5.195,18,0.7057731388276887,0.416439645197193,1.1259638097857028,-0.672359424973967,1.7713051419134198,1.0547654147364696,0.9780591655582951,-0.11823442965903028,-1.6369754263320426,1.4674814129117908,-1.8838572054839255
5.1975,18,0.7082731388276882,0.41791476383761345,1.128595605900018,-0.6699097111091413,1.771003680955667,1.0506707324210491,0.981703951776866,-0.12292946246351323,-1.6387617375038133,1.4483425649046473,-1.8721594258004457
5.2,18,0.7107731388276886,0.41938988247803444,1.1312171597805825,-0.6674509451186859,1.7706905190313575,1.0465716494215227,0.9853008537398799,-0.12759517902019912,-1.640496001589414,1.429174145371915,-1.8604043247175759
5.2025,18,0.7132731388276881,0.4208650011184549,1.133828460588157,-0.664983246804797,1.770365729609507,1.042468295645808,0.9888497985453208,-0.13223143690662906,-1.6421783864284694,1.4099769757539529,-1.8485926070686411
5.205,18,0.7157731388276884,0.42234011975887586,1.13642949780775,-0.6625067361493547,1.7700293865129824,1.038360800582219,0.9923507153447789,-0.13683809546243195,-1.64380905986061,1.3907518774910965,-1.8367249776869532
5.2075000000000005,18,0.7182731388276888,0.42381523839929686,1.1390202612475646,-0.6600215333087966,1.769681563914101,1.0342492932994758,0.9958035353434408,-0.14141501578931615,-1.6453881897254616,1.371499672023698,-1.8248021414058384
5.21,18,0.7207731388276883,0.4252903570397173,1.1416007410379507,-0.6575277586089798,1.7693223363302224,1.030133902446699,0.9992081918000937,-0.14596206075107218,-1.6469159438626502,1.3522211807921123,-1.8128248030586194
5.2125,18,0.7232731388276887,0.4267654756801383,1.144170927630359,-0.6550255325400446,1.7689517786193438,1.026014756253403,1.0025646200271312,-0.1504790949735813,-1.6483924901118074,1.3329172252366746,-1.8007936674786051
5.215,18,0.7257731388276882,0.4282405943205587,1.1467308117962869,-0.6525149757512877,1.7685699659756962,1.0218919825295134,1.0058727573905408,-0.15496598484479923,-1.6498179963125572,1.313588626797743,-1.7887094394991296
5.2175,18,0.7282731388276886,0.4297157129609797,1.1492803846262347,-0.6499962090460191,1.7681769739253363,1.0177657086653475,1.0091325433099168,-0.15942259851477195,-1.6511926303045306,1.294236206915649,-1.7765728239534992
5.22,18,0.7307731388276881,0.43119083160140015,1.1518196375286507,-0.6474693533764375,1.7677728783217457,1.0136360616316318,1.0123439192584505,-0.16384880589562273,-1.652516559927352,1.274860787030759,-1.7643845256750406
5.2225,18,0.7332731388276885,0.43266595024182114,1.154348562228889,-0.6449345298384875,1.7673577553414197,1.009503167979486,1.0155068287629356,-0.16824447866156386,-1.6537899530206508,1.255463188583406,-1.7521452494970735
5.2250000000000005,18,0.7357731388276889,0.43414106888224213,1.156867150768155,-0.6423918596667322,1.7669316814794687,1.0053671538404356,1.0186212174037663,-0.1726094902488873,-1.6550129774240558,1.2360442330139378,-1.7398557002529125
5.2275,18,0.7382731388276884,0.43561618752266257,1.159375395502457,-0.6398414642292171,1.766494733545208,1.001228144926408,1.0216870328149368,-0.17694371585596744,-1.656185800977192,1.2166047417627144,-1.727516582775885
5.23,18,0.7407731388276888,0.43709130616308356,1.1618732891015628,-0.637283465022333,1.7660469886577546,0.9970862665297254,1.0247042246840452,-0.18124703244326693,-1.6573085915196883,1.197145536270067,-1.7151286018993048
5.2325,18,0.7432731388276883,0.438566424803504,1.1643608245479424,-0.6347179836656881,1.7655885242416216,0.9929416435231189,1.027672744752286,-0.1855193187333251,-1.658381516891173,1.1776674379763563,-1.7026924624564985
5.235,18,0.7457731388276887,0.440041543443925,1.166837995135726,-0.6321451418969671,1.7651194180223135,0.9887944003597127,1.0305925468144592,-0.18976045521077153,-1.659404744931272,1.1581712683219163,-1.6902088692807737
5.2375,18,0.7482731388276882,0.4415166620843454,1.1693047944696495,-0.6295650615668044,1.7646397480219216,0.984644661073039,1.0334635867189614,-0.19397032412231233,-1.6603784434796156,1.138657848747108,-1.6776785272054622
5.24,18,0.7507731388276886,0.4429917807247664,1.1717612164640117,-0.6269778646336425,1.7641495925547155,0.9804925492770244,1.0362858223677949,-0.19814880947674385,-1.6613027803758296,1.1191280006922628,-1.6651021410638727
5.2425,18,0.7532731388276881,0.44446689936518685,1.1742072553416172,-0.6243836731586061,1.763649030222742,0.976338188166004,1.0390592137165564,-0.20229579704493822,-1.6621779234595409,1.099582545597749,-1.6524804156893367
5.245,18,0.7557731388276885,0.44594201800560784,1.176642905632736,-0.6217826093003593,1.7631381399114174,0.9721817005147045,1.0417837227744504,-0.20641117435985679,-1.6630040405703796,1.0800223049038882,-1.6398140559151666
5.2475000000000005,18,0.7582731388276889,0.4474171366460288,1.1790681621740489,-0.6191747953099801,1.7626170007851234,0.9680232086782616,1.0444593136042781,-0.21049483071654324,-1.663781299547972,1.0604481000510437,-1.627103766574683
5.25,18,0.7607731388276884,0.44889225528644927,1.1814830201075976,-0.6165603535258214,1.7620856922828014,0.9638628345922094,1.04708595232244,-0.21454665717211915,-1.6645098682319448,1.0408607524795643,-1.61435025250121
5.2525,18,0.7632731388276888,0.4503673739268702,1.1838874748797432,-0.6139394063683764,1.7615442941135466,0.9597006997724807,1.0496636070989434,-0.21856654654579896,-1.6651899144619273,1.0212610836297884,-1.6015542185280585
5.255,18,0.7657731388276883,0.4518424925672907,1.1862815222401075,-0.611312076335149,1.760992886252205,0.955536925315412,1.0521922481573907,-0.22255439341887107,-1.6658216060775468,1.0016499149420726,-1.5887163694885578
5.2575,18,0.7682731388276887,0.45331761120771163,1.1886651582405312,-0.608678485995514,1.7604315489349656,0.9513716318977385,1.0546718477749895,-0.22651009413471357,-1.666405110918431,0.9820280678567516,-1.5758374102160182
5.26,18,0.7707731388276882,0.4547927298481321,1.1910383792340213,-0.6060387579855895,1.7598603626549574,0.9472049397765989,1.057102380282544,-0.2304335467987848,-1.6669405968242057,0.962396363814185,-1.5629180455437697
5.2625,18,0.7732731388276886,0.45626784848855306,1.1934011818737043,-0.6033930150030964,1.759279408157841,0.9430369687895304,1.059483822064462,-0.23432465127862712,-1.6674282316345028,0.9427556242547144,-1.549958980305125
5.265,18,0.7757731388276881,0.45774296712897355,1.195753563111774,-0.6007413798022309,1.7586887664374082,0.9388678383544734,1.0618161515587532,-0.23818330920386613,-1.6678681831889464,0.9231066706186882,-1.5369609193334068
5.2675,18,0.7782731388276884,0.4592180857693945,1.198095520198447,-0.5980839751885232,1.758088518731173,0.9346976674697661,1.0640993492570257,-0.24200942396621097,-1.6682606193271643,0.9034503243464452,-1.5239245674619306
5.2700000000000005,18,0.7807731388276888,0.4606932044098155,1.2004270506809094,-0.5954209240137108,1.7574787465159671,0.9305265747141507,1.0663333977044893,-0.2458029007194544,-1.6686057078887846,0.8837874068783391,-1.5108506295240212
5.2725,18,0.7832731388276883,0.4621683230502359,1.2027481524022694,-0.5927523491706012,1.7568595315035356,0.9263546782467696,1.0685182814999539,-0.24956364637947,-1.6689036167134368,0.8641187396547283,-1.4977398103529977
5.275,18,0.7857731388276887,0.4636434416906569,1.2050588235005113,-0.5900783735879345,1.756230955636131,0.9221820958071645,1.0706539872958338,-0.25329156962421917,-1.6691545136407449,0.8444451441159404,-1.4845928147821768
5.2775,18,0.7882731388276882,0.46511856033107735,1.2073590624074397,-0.5873991202252573,1.7555931010821095,0.9180089447152815,1.0727405037981377,-0.2569865808937415,-1.6693585665103412,0.8247674417023402,-1.4714103476448832
5.28,18,0.7907731388276886,0.46659367897149834,1.2096488678476391,-0.5847147120677794,1.7549460502315224,0.9138353418714616,1.074777821766483,-0.26064859239016624,-1.6695159431618491,0.8050864538542564,-1.4581931137744262
5.2825,18,0.7932731388276881,0.4680687976119188,1.2119282388374162,-0.5820252721212492,1.754289885691715,0.9096614037564542,1.0767659340140812,-0.2642775180776977,-1.6696268114348982,0.7854030020120552,-1.4449418180041373
5.285,18,0.7957731388276885,0.46954391625233977,1.2141971746837579,-0.5793309234068109,1.7536246902829185,0.9054872464314025,1.0787048354077489,-0.267873273682631,-1.6696913391691164,0.7657179076160652,-1.431657165167328
5.2875000000000005,18,0.7982731388276889,0.47101903489276076,1.2164556749832787,-0.576631788955878,1.752950547033846,0.9013129855378561,1.0805945228679017,-0.27143577669334096,-1.6697096942041296,0.7460319921066463,-1.4183398600973218
5.29,18,0.8007731388276884,0.4724941535331812,1.21870373962117,-0.5739279918049948,1.7522675391772875,0.8971387362977654,1.082434995368554,-0.2749649463602842,-1.6696820443795692,0.7263460769241459,-1.4049906076274443
5.2925,18,0.8032731388276888,0.4739692721736022,1.2209413687701587,-0.571219654990702,1.751575750145703,0.8929646135134758,1.0842262539373269,-0.2784607036960058,-1.6696085575350597,0.7066609835089039,-1.391610112591002
5.295,18,0.8057731388276883,0.4754443908140226,1.223168562889448,-0.5685069015444079,1.75087526356682,0.8887907315677404,1.0859683016554385,-0.2819229714751281,-1.6694894015102286,0.6869775333012753,-1.3781990798213275
5.2975,18,0.8082731388276887,0.4769195094544436,1.225385322723677,-0.5657898544872454,1.750166163259226,0.8846172044237085,1.0876611436577068,-0.28535167423436236,-1.6693247441447052,0.6672965477415962,-1.3647582141517283
5.3,18,0.8107731388276882,0.47839462809486405,1.2275916493018657,-0.5630686368249491,1.7494485332279648,0.8804441456249346,1.0893047871325534,-0.2887467382724975,-1.6691147532781156,0.6476188482702289,-1.3512882204155388
5.3025,18,0.8132731388276886,0.47986974673528504,1.2297875439363708,-0.5603433715427107,1.7487224576601295,0.8762716682953692,1.0908992413219987,-0.29210809165041207,-1.6688595967500897,0.6279452563275035,-1.3377898034460625
5.305,18,0.8157731388276881,0.4813448653757055,1.2319730082218319,-0.5576141816000543,1.7479880209204595,0.8720998851393691,1.0924445175216648,-0.2954356641910615,-1.668559442400253,0.6082765933537847,-1.3242636680766309
5.3075,18,0.8182731388276885,0.48281998401612647,1.234148044034128,-0.5548811899256936,1.7472453075469332,0.8679289084416866,1.0939406290807754,-0.2987293874794898,-1.6682144580682334,0.5886136807894026,-1.310710519140557
5.3100000000000005,18,0.8207731388276889,0.48429510265654746,1.2363126535293223,-0.5521445194124047,1.7464944022463649,0.8637588500674789,1.0953875914021538,-0.3019891948628212,-1.6678248115936603,0.5689573400747143,-1.2971310614711635
5.3125,18,0.8232731388276884,0.4857702212969679,1.2384668391426177,-0.5494042929118909,1.745735389889998,0.8595898214623038,1.0967854219422246,-0.30521502145026247,-1.6673906708161594,0.5493083926500688,-1.2835259999017727
5.315,18,0.8257731388276888,0.4872453399373889,1.2406106035873081,-0.5466606332296435,1.7449683555090998,0.8554219336521179,1.0981341402110123,-0.30840680411310767,-1.666912203575359,0.5296676599558071,-1.2698960392657002
5.3175,18,0.8282731388276883,0.4887204585778093,1.2427439498537245,-0.543913663119816,1.7441933842905573,0.8512552972432803,1.0994337677721453,-0.3115644814847292,-1.6663895777108877,0.5100359634322816,-1.256241884396271
5.32,18,0.8307731388276887,0.4901955772182303,1.2448668812081927,-0.541163505280082,1.7434105615724715,0.8470900224225499,1.10068432824285,-0.3146879939605889,-1.665822961062371,0.49041412451983224,-1.2425642401267942
5.3225,18,0.8332731388276882,0.49167069585865075,1.246979401191978,-0.5384102823465088,1.742619972839752,0.8429262189570891,1.101885847293954,-0.3177772836982244,-1.665212521469439,0.4708029646588188,-1.2288638112906023
5.325,18,0.8357731388276886,0.49314581449907174,1.249081513620242,-0.5356541168884152,1.7418217037197112,0.8387639961944569,1.1030383526498866,-0.32083229461726376,-1.6645584267717188,0.4512033052895702,-1.2151413027210034
5.3275,18,0.8382731388276881,0.4946209331394922,1.2511732225809875,-0.5328951314032476,1.741015839977662,0.8346034630626185,1.1041418740886786,-0.32385297239941246,-1.6638608448088357,0.43161596785245476,-1.2013974192513284
5.33,18,0.8407731388276884,0.49609605177991317,1.2532545324340159,-0.5301334483114338,1.7402024675125078,0.8304447280699343,1.1051964434419597,-0.3268392644884649,-1.6631199434204202,0.41204177378779766,-1.1876328657148878
5.3325000000000005,18,0.8432731388276888,0.49757117042033416,1.255325447809873,-0.5273691899512609,1.7393816723523412,0.8262878993051699,1.1062020945949618,-0.3297911200902929,-1.6623358904460979,0.39248154453595996,-1.173848346945002
5.335,18,0.8457731388276883,0.4990462890607546,1.257385973608801,-0.5246024785737341,1.7385535406500379,0.8221330844374923,1.1071588634865168,-0.3327084901728565,-1.6615088537254992,0.37293610153729023,-1.1600445677749998
5.3375,18,0.8482731388276887,0.5005214077011756,1.259436114999694,-0.5218334363374427,1.7377181586788502,0.8179803907164651,1.1080667881090587,-0.3355913274661954,-1.6606390010982506,0.35340626623212845,-1.1462222330381924
5.34,18,0.8507731388276882,0.501996526341596,1.261475877419042,-0.519062185303432,1.7368756128280038,0.813829924972057,1.1089259085086227,-0.33843958646243544,-1.6597265004039765,0.33389286006082824,-1.1323820475679014
5.3425,18,0.8532731388276886,0.503471644982017,1.2635052665698885,-0.5162888474300594,1.7360259895982892,0.8096817936146347,1.1097362667848418,-0.34125322341578535,-1.658771519482309,0.31439670446372586,-1.1185247161974434
5.345,18,0.8557731388276881,0.5049467636224374,1.2655242884207751,-0.5135135445678733,1.7351693755976627,0.8055361026349691,1.1104979070909535,-0.3440321963425329,-1.6577742261728752,0.29491862088118603,-1.104650943760151
5.3475,18,0.8582731388276885,0.5064218822628584,1.2675329492046992,-0.5107363984544648,1.7343058575368329,0.8013929576042275,1.1112108756337937,-0.34677646502105725,-1.656734788315299,0.2754594307535364,-1.090761435089327
5.3500000000000005,18,0.8607731388276889,0.5078970009032794,1.2695312554180587,-0.5079575307093458,1.733435522224862,0.7972524636739818,1.1118752206738003,-0.34948599099181393,-1.6556533737492107,0.25601995552113294,-1.0768568950182977
5.3525,18,0.8632731388276884,0.5093721195436999,1.2715192138196074,-0.5051770628288105,1.7325584565647603,0.7931147255762057,1.1124909925250124,-0.3521607375573434,-1.6545301503142398,0.23660101662433053,-1.0629380283803922
5.355,18,0.8657731388276888,0.5108472381841208,1.2734968314294053,-0.5023951161807959,1.7316747475490752,0.7889798476232688,1.113058243555069,-0.35480066978227187,-1.6533652858500123,0.21720343550346297,-1.0490055400089144
5.3575,18,0.8682731388276883,0.5123223568245413,1.2754641155277666,-0.49961181199975857,1.7307844822554928,0.7848479337079467,1.11357702818521,-0.3574057544933042,-1.6521589481961536,0.19782803359888876,-1.0350601347371957
5.36,18,0.8707731388276887,0.5137974754649622,1.2774210736542158,-0.49682727138153115,1.7298877478424284,0.7807190873034133,1.1140474028902767,-0.359975960279234,-1.6509113051922957,0.17847563235094543,-1.0211025173985488
5.3625,18,0.8732731388276882,0.5152725941053827,1.2793677136064325,-0.4940416152781951,1.7289846315446242,0.7765934114632438,1.1144694261987123,-0.3625112574909356,-1.649622524678062,0.15914705319998532,-1.007133392826298
5.365,18,0.8757731388276886,0.5167477127458037,1.2813040434392085,-0.49125496449294015,1.7280752206687404,0.7724710088214145,1.114843158692558,-0.36501161824136674,-1.6482927744930826,0.13984311758635337,-0.9931534658537591
5.3675,18,0.8782731388276881,0.5182228313862242,1.283230071463395,-0.48846743967493833,1.727159602588955,0.7683519815923042,1.115168663007459,-0.367477016405566,-1.6469222224769855,0.12056464695040314,-0.9791634413142566
5.37,18,0.8807731388276885,0.5196979500266451,1.2851458062448546,-0.4856791613142015,1.726237864742553,0.7642364315706893,1.1154460038326584,-0.36990742762066,-1.6455110364693972,0.10131246273246969,-0.9651640240411041
5.3725000000000005,18,0.8832731388276889,0.5211730686670661,1.287051256603413,-0.48289024973645356,1.7253100946255249,0.7601244601317497,1.1156752479110035,-0.37230282928585484,-1.644059384309944,0.08208738637290783,-0.9511559188676246
5.375,18,0.8857731388276884,0.5226481873074865,1.2889464316118069,-0.48010082509799523,1.7243763797881626,0.756016168231067,1.1158564640389388,-0.3746632005624412,-1.6425674338382574,0.06289023931207363,-0.9371398306271432
5.3775,18,0.8882731388276888,0.5241233059479076,1.2908313405946417,-0.4773110073805664,1.7234368078306497,0.7519116564046194,1.1159897230665128,-0.3769885223737949,-1.641035352893963,0.04372184299029468,-0.9231164641529725
5.38,18,0.8907731388276883,0.525598424588328,1.2927059931273337,-0.47452091638621763,1.7224914663986595,0.7478110247687916,1.1160750978973735,-0.3792787774053724,-1.6394633093166875,0.024583018847934485,-0.9090865242784341
5.3825,18,0.8932731388276887,0.527073543228749,1.2945703990350699,-0.4717306717321694,1.7215404431789485,0.7437143730203633,1.1161126634887693,-0.381533950104716,-1.63785147094606,0.005474588325325589,-0.8950507158368431
5.385,18,0.8957731388276882,0.5285486618691694,1.2964245683917508,-0.4689403928456879,1.7205838258949535,0.739621800436523,1.116102496851549,-0.38375402668144487,-1.6362000056217079,-0.013602627137164813,-0.8810097436615335
5.3875,18,0.8982731388276886,0.5300237805095904,1.2982685115189494,-0.46615019895893917,1.719621702302383,0.7355334058748506,1.1160446770501669,-0.3859389951072727,-1.6345090811832572,-0.03264780609921035,-0.8669643125858055
5.39,18,0.9007731388276881,0.5314988991500108,1.3001022389848536,-0.463360209103866,1.7186541601848138,0.7314492877733356,1.1159392852026702,-0.3880888451159849,-1.632778865470339,-0.051660127120447534,-0.8529151274429956
5.3925,18,0.9032731388276884,0.5329740177904319,1.3019257616032265,-0.46057054210704473,1.717681287349286,0.7273695441503609,1.1157864044807155,-0.3902035682034594,-1.6310095263225763,-0.07063876876054628,-0.8388628930664115
5.3950000000000005,18,0.9057731388276888,0.5344491364308528,1.3037390904323491,-0.4577813165845599,1.716703171621898,0.7232942726047177,1.1155861201095534,-0.39228315762765037,-1.6292012315796018,-0.0895829095791456,-0.8248083142893795
5.3975,18,0.9082731388276883,0.5359242550712733,1.3055422367739753,-0.45499265093686314,1.7157199008433994,0.7192235703155934,1.1153385193680374,-0.3943276084086001,-1.6273541490810388,-0.10849172813589807,-0.8107520959452225
5.4,18,0.9107731388276887,0.5373993737116942,1.307335212172285,-0.45220466334364184,1.7147315628647886,0.7151575340425759,1.1150436915886255,-0.3963369173284319,-1.6254684466665181,-0.12736440299046867,-0.7966949428672505
5.4025,18,0.9132731388276882,0.5388744923521147,1.3091180284128299,-0.44941747175868674,1.7137382455429038,0.7110962601256573,1.114701728157371,-0.39831108293135253,-1.623544292175664,-0.14620011270249514,-0.7826375598887915
5.405,18,0.9157731388276886,0.5403496109925356,1.3108906975214885,-0.44663119390475536,1.7127400367360226,0.7070398444852288,1.114312722513931,-0.40025010552365214,-1.6215818534481092,-0.16499803583163875,-0.7685806518431628
5.4075,18,0.9182731388276881,0.5418247296329561,1.3126532317634152,-0.4438459472684404,1.7117370242994534,0.7029883826220823,1.1138767701515646,-0.4021539871737051,-1.619581298323479,-0.18375735093755088,-0.7545249235636825
5.41,18,0.9207731388276885,0.5432998482733771,1.3144056436419926,-0.4410618490950313,1.7107292960811296,0.6989419696174084,1.1133939686171312,-0.40402273171197123,-1.6175427946413978,-0.2024772365798915,-0.7404710798836632
5.4125000000000005,18,0.9232731388276889,0.544774966913798,1.316147945897781,-0.4382790163833872,1.7097169399172083,0.6949007001328052,1.1128644175110851,-0.4058563447309862,-1.6154665102414965,-0.22115687131830214,-0.72641982563644
5.415,18,0.9257731388276884,0.5462500855542185,1.31788015150747,-0.4354975658807976,1.7087000436276607,0.6908646684102665,1.1122882184874925,-0.40765483358537535,-1.613352612963403,-0.2397954337124378,-0.7123718656553232
5.4175,18,0.9282731388276888,0.5477252041946394,1.319602273682831,-0.43271761407784837,1.7076786950118696,0.6868339682721871,1.11166547525401,-0.40941820739184487,-1.611201270646744,-0.2583921023219586,-0.6983279047736354
5.42,18,0.9307731388276883,0.5492003228350599,1.3213143258696651,-0.4299392772032924,1.7066529818442246,0.6828086931213659,1.110996293571903,-0.41114647702918583,-1.609012651131148,-0.2769460557065059,-0.6842886478246992
5.4225,18,0.9332731388276887,0.5506754414754809,1.3230163217467583,-0.42716267121890783,1.7056229918697134,0.6787889359409973,1.1102807812560325,-0.41283965513827325,-1.6067869222562392,-0.29545647242574347,-0.6702547996418252
5.425,18,0.9357731388276882,0.5521505601159014,1.324708275224827,-0.4243879118143732,1.70458881279952,0.6747747892946839,1.109519048174863,-0.4144977561220619,-1.6045242518616514,-0.313922531039319,-0.6562270650583408
5.4275,18,0.9382731388276886,0.5536256787563223,1.3263902004454748,-0.4216151144021265,1.703550532306619,0.670766345326423,1.1087112062504576,-0.41612079614559216,-1.6022248077870074,-0.3323434101068875,-0.6422061489075638
5.43,18,0.9407731388276881,0.5551007973967428,1.3280621117801392,-0.4188443941122346,1.7025082380213687,0.6667636957606157,1.1078573694584837,-0.4177087931359898,-1.5998887578719365,-0.35071828818810036,-0.6281927560228118
5.4325,18,0.9432731388276885,0.5565759160371637,1.3297240238290458,-0.4160758657872565,1.701462017527108,0.6627669319020638,1.1069576538282067,-0.4192617667824566,-1.5975162699560674,-0.369046343842609,-0.6141875912374052
5.4350000000000005,18,0.9457731388276889,0.5580510346775848,1.3313759514201555,-0.4133096439771129,1.7004119583557489,0.6587761446359691,1.1060121774424925,-0.420779738536286,-1.5951075118790252,-0.38732675563007085,-0.6001913593846641
5.4375,18,0.9482731388276884,0.5595261533180051,1.3330179096081187,-0.41054584293395036,1.6993581479833746,0.654791424427937,1.1050210604378117,-0.42226273161085054,-1.5926626514804412,-0.4055587021101311,-0.5862047652979135
5.44,18,0.9507731388276888,0.5610012719584262,1.3346499136732268,-0.40778457660700473,1.6983006738258302,0.6508128613239684,1.1039844250042317,-0.42371077098160814,-1.590181856599938,-0.42374136184245365,-0.572228513810464
5.4425,18,0.9532731388276883,0.5624763905988466,1.3362719791203588,-0.40502595863747404,1.697239623234321,0.6468405449504728,1.1029023953854231,-0.4251238833860969,-1.5876652950771482,-0.4418739133866748,-0.558263309755648
5.445,18,0.9557731388276887,0.5639515092392676,1.3378841216779387,-0.4022701023533748,1.696175083491004,0.6428745645142517,1.1017750978786551,-0.4265020973239414,-1.5851131347516945,-0.45995553530246835,-0.5443098579667683
5.4475,18,0.9582731388276882,0.565426627879688,1.339486357296879,-0.3995171207644188,1.6951071418045878,0.6389150088025165,1.1006026608348023,-0.4278454430568477,-1.5825255434632104,-0.4779854061494682,-0.5303688632771602
5.45,18,0.9607731388276886,0.566901746520109,1.3410787021495396,-0.39676712655686863,1.69403588530592,0.634961966182872,1.099385214658332,-0.42915395260860406,-1.579902689051319,-0.4959627044873382,-0.5164410305201288
5.4525,18,0.9632731388276881,0.5683768651605294,1.3426611726286717,-0.3940202320884132,1.69296140104359,0.6310155246033299,1.0981228918073231,-0.4304276597650864,-1.5772447393556501,-0.5138866088757297,-0.5025270645290068
5.455,18,0.9657731388276884,0.5698519838009505,1.3442337853463748,-0.3912765493830248,1.6918837759795164,0.6270757715922977,1.0968158267934454,-0.43166660007424884,-1.5745518622158314,-0.5317562978742915,-0.48862767013710445
5.4575000000000005,18,0.9682731388276888,0.5713271024413714,1.345796557133043,-0.3885361901258333,1.6908030969845482,0.623142794258587,1.095464156181977,-0.4328708108461322,-1.5718242254714891,-0.5495709500426811,-0.47474355217774944
5.46,18,0.9707731388276883,0.5728022210817919,1.3473495050363182,-0.38579926565798783,1.6897194508340558,0.6192166792914102,1.0940680185917913,-0.43404033115285984,-1.5690619969622535,-0.5673297439405514,-0.4608754154842594
5.4625,18,0.9732731388276887,0.5742773397222128,1.3488926463200417,-0.3830658869715202,1.6886329242035254,0.6152975129603804,1.0926275546953652,-0.435175201828635,-1.5662653445277481,-0.5850318581275509,-0.4470239648899472
5.465,18,0.9757731388276882,0.5757524583626333,1.3504259984632034,-0.3803361647042185,1.6875436036641571,0.6113853811155109,1.0911429072187793,-0.4362754654697516,-1.5634344360076047,-0.6026764711633287,-0.4331899052281429
5.4675,18,0.9782731388276886,0.5772275770030543,1.3519495791588947,-0.37761020913448395,1.686451575678456,0.6074803691872142,1.0896142209417092,-0.4373411664345819,-1.5605694392414469,-0.6202627616075534,-0.4193739413321568
5.47,18,0.9807731388276881,0.5787026956434748,1.3534634063132573,-0.37488813017620615,1.6853569265958295,0.6035825621863088,1.0880416426974353,-0.43837235084357923,-1.5576705220689062,-0.6377899080198592,-0.4055767780353165
5.4725,18,0.9832731388276885,0.5801778142838957,1.3549674980444368,-0.37217003737362075,1.6842597426481816,0.5996920447040088,1.086425321372837,-0.43936906657928587,-1.5547378523296085,-0.6552570889599172,-0.3917991201709323
5.4750000000000005,18,0.9857731388276889,0.5816529329243167,1.3564618726815312,-0.36945603989618103,1.6831601099455054,0.595808900911932,1.0847654079083955,-0.44033136328632233,-1.5517715978631819,-0.6726634829873699,-0.37804167257233434
5.4775,18,0.9882731388276884,0.5831280515647371,1.357946548763543,-0.36674624653342414,1.682058114471484,0.5919332145620991,1.0830620552981933,-0.44125929237139466,-1.548771926509255,-0.6900082686618603,-0.3643051400728428
5.48,18,0.9907731388276888,0.5846031702051582,1.3594215450383322,-0.36404076568982924,1.6809538420790753,0.5880650689869253,1.0813154185899136,-0.44215290700329724,-1.545739006107453,-0.7072906245430667,-0.3505902275057606
5.4825,18,0.9932731388276883,0.5860782888455786,1.3608868804615626,-0.36133970537969584,1.6798473784861183,0.5842045470992351,1.0795256548848404,-0.4430122621128964,-1.5426730044974035,-0.7245097291906184,-0.3368976397044252
5.485,18,0.9957731388276887,0.5875534074859996,1.3623425741956574,-0.3586431732219968,1.6787388092709177,0.5803517313922458,1.0776929233378567,-0.44383741439315244,-1.5395740895187378,-0.741664761164179,-0.3232280815021519
5.4875,18,0.9982731388276882,0.58902852612642,1.3637886456087471,-0.35595127643525815,1.6776282198678467,0.5765067039395828,1.0758173851574477,-0.4446284222991015,-1.536442429011082,-0.7587548990233938,-0.3095822577322608
5.49,18,1.0007731388276886,0.590503644766841,1.3652251142736238,-0.3532641218324102,1.6765156955629354,0.5726695463952649,1.0738992036057016,-0.44538534604786856,-1.5332781908140605,-0.77577932132793,-0.29596087322806475
5.4925,18,1.003273138827688,0.5919787634072614,1.3666519999666875,-0.3505818158156664,1.6754013214894714,0.5688403399937204,1.0719385439983058,-0.44610824761865775,-1.5300815427673067,-0.792737206637427,-0.28236463282289387
5.495,18,1.0057731388276885,0.5934538820476825,1.3680693226669018,-0.3479044643713809,1.6742851826235885,0.5650191655497712,1.0699355737045433,-0.44679719075275764,-1.526852652710442,-0.8096277335115433,-0.268794241350056
5.4975000000000005,18,1.0082731388276889,0.5949290006881034,1.3694771025547425,-0.34523217306491905,1.6731673637798674,0.5612061034586427,1.0678904621473093,-0.44745224095354574,-1.5235916884830967,-0.8264500805099376,-0.2552504036428762
5.5,18,1.0107731388276884,0.5964041193285239,1.3708753600111472,-0.34256504703552393,1.672047949606926,0.5574012336959646,1.065803380803091,-0.4480734654864714,-1.520298817924902,-0.8432034261922442,-0.24173382453468215
5.5025,18,1.0132731388276888,0.5978792379689448,1.3722641156164708,-0.33990319099117494,1.670927024583017,0.5536046358177616,1.0636745032019774,-0.4486609333790787,-1.5169742088754803,-0.859886949118139,-0.22824520885878416
5.505,18,1.0157731388276883,0.5993543566093653,1.3736433901494316,-0.33724670920346567,1.6698046730116223,0.5498163889604641,1.0615040049276638,-0.4492147154209867,-1.5136180291744634,-0.8764998278472537,-0.21478526144850488
5.5075,18,1.0182731388276887,0.6008294752497862,1.3750132045860657,-0.3345957055024569,1.668680979017044,0.5460365718408995,1.0592920636174388,-0.44973488416390306,-1.510230446661476,-0.8930412409392581,-0.20135468713715957
5.51,18,1.0207731388276882,0.6023045938902067,1.3763735800986767,-0.33195028327155596,1.667556026540006,0.5422652627562998,1.057038858962199,-0.45022151392161686,-1.506811629176146,-0.9095103669537925,-0.1879541907580734
5.5125,18,1.0232731388276886,0.6037797125306277,1.3777245380547865,-0.3293105454423706,1.6664298993332425,0.5385025395842962,1.0547445727064348,-0.4506746807699984,-1.503361744558102,-0.9259063844505182,-0.17458447714456654
5.515,18,1.025773138827688,0.6052548311710482,1.3790661000160858,-0.3266765944895831,1.6653026809570979,0.5347484797829206,1.0524093886482448,-0.45109446254700564,-1.4998809606469705,-0.9422284719890865,-0.1612462511299592
5.5175,18,1.0282731388276884,0.6067299498114691,1.380398287737387,-0.324048532425812,1.664174454775116,0.531003160390605,1.0500334926393233,-0.4514809388526757,-1.4963694452823801,-0.9584758081291488,-0.14794021754756168
5.5200000000000005,18,1.0307731388276888,0.60820506845189,1.3817211231655737,-0.32142646079648096,1.663045303949641,0.527266658026186,1.0476170725849645,-0.45183419104913125,-1.4928273663039602,-0.9746475714303614,-0.1346670812307016
5.5225,18,1.0332731388276883,0.6096801870923105,1.383034628438552,-0.318810480674683,1.6619153114374068,0.5235390488888979,1.04516031844407,-0.45215430226057723,-1.4892548915513364,-0.9907429404523657,-0.12142754701270411
5.525,18,1.0357731388276887,0.6111553057327315,1.3843388258842018,-0.3162006926560459,1.6607845599851354,0.519820408758375,1.0426634222291349,-0.45244135737330426,-1.485652188864138,-1.0067610937548255,-0.10822231972687953
5.5275,18,1.0382731388276882,0.612630424373152,1.3856337380193278,-0.3135971968536013,1.6596531321251313,0.516110812994656,1.0401265780062634,-0.45269544303568304,-1.482019426081989,-1.0227012098973896,-0.09505210420655051
5.53,18,1.0407731388276886,0.6141055430135729,1.3869193875486099,-0.3110000928926453,1.6585211101708728,0.5124103365381776,1.0375499818951477,-0.45291664765816986,-1.4783567710445205,-1.0385624674397145,-0.08191760528503726
5.5325,18,1.0432731388276881,0.6155806616539934,1.3881957973635537,-0.3084094799056114,1.657388576212612,0.5087190539097803,1.0349338320690984,-0.4531050614133033,-1.4746643915913598,-1.054344044941449,-0.06881952779565752
5.535,18,1.0457731388276885,0.6170557802944143,1.3894629905414444,-0.3058254565269307,1.6562556121129661,0.5050370392107015,1.0322783287550097,-0.4532607762357024,-1.4709424555621327,-1.0700451209622517,-0.05575857657173888
5.5375000000000005,18,1.048273138827689,0.6185308989348354,1.3907209903442947,-0.30324812088789876,1.6551222995025123,0.5013643661225813,1.0295836742333868,-0.45338388582207684,-1.4671911307964673,-1.0856648740617678,-0.04273545644658178
5.54,18,1.0507731388276884,0.6200060175752558,1.3919698202177966,-0.30067757061154876,1.6539887197753853,0.4977011079074665,1.0268500728383347,-0.4534744856312128,-1.4634105851339942,-1.1012024827996478,-0.02975087225353608
5.5425,18,1.0532731388276888,0.6214811362156768,1.3932095037902734,-0.29811390280750283,1.6528549540848685,0.49404733740779333,1.0240777309575562,-0.45353267288398236,-1.4596009864143358,-1.1166571257355626,-0.016805528825892306
5.545,18,1.0557731388276883,0.6229562548560973,1.394440064871629,-0.29555721406685476,1.6517210833389921,0.4904031270464102,1.0212668570323586,-0.45355854656333944,-1.4557625024771261,-1.1320279814291412,-0.0039001309969879765
5.5475,18,1.0582731388276887,0.6244313734965182,1.3956615274523014,-0.29300760045702257,1.650587188196125,0.4867685488265563,1.018417661557647,-0.4535522074143265,-1.4518953011619862,-1.1473142284400575,0.008964616399866607
5.55,18,1.0607731388276882,0.6259064921369387,1.3968739157022114,-0.2904651575166246,1.649453349060571,0.483143674331881,1.0155303570819292,-0.4535137579440629,-1.44799955030855,-1.1625150453279476,0.02178800853134877
5.5525,18,1.0632731388276886,0.6273816107773597,1.3980772539697137,-0.2879299802503359,1.6483196460781635,0.479528574726429,1.0126051582073097,-0.4534433024217524,-1.4440754177564417,-1.177629610652478,0.034569340564138316
5.555,18,1.065773138827688,0.6288567294177801,1.3992715667805495,-0.2854021631237642,1.6471861591318615,0.47592332075464966,1.0096422815895023,-0.45334094687868526,-1.4401230713452897,-1.1926571029732853,0.04730790766490762
5.5575,18,1.0682731388276885,0.6303318480582011,1.400456878836797,-0.2828818000583073,1.6460529678373417,0.4723279827413864,1.006641945937813,-0.45320679910823114,-1.4361426789147194,-1.2075967008500403,0.06000300500035133
5.5600000000000005,18,1.0707731388276889,0.631806966698622,1.4016332150158217,-0.2803689844260242,1.6449201515385958,0.4687426305918914,1.0036043720151555,-0.4530409686658482,-1.4321344083043606,-1.2224475828423838,0.07265392773714181
5.5625,18,1.0732731388276884,0.6332820853390425,1.4028006003692262,-0.2778638090445005,1.6437877893035238,0.4651673337918134,1.000529782638039,-0.45284356686907384,-1.4280984273538422,-1.2372089275099802,0.08525997104195888
5.565,18,1.0757731388276888,0.6347572039794634,1.4039590601218053,-0.2753663661717114,1.642655959919528,0.46160216140720595,0.9974184026765752,-0.452614706797526,-1.4240349039027895,-1.2518799134124663,0.09782043008148729
5.5675,18,1.0782731388276883,0.6362323226198839,1.4051086196704923,-0.2728767475008922,1.6415247418891126,0.45804718208451695,0.994270459054481,-0.4523545032929144,-1.4199440057908315,-1.2664597191095082,0.11033460002240188
5.57,18,1.0807731388276887,0.6377074412603049,1.4062493045833138,-0.2703950441553986,1.6403942134254703,0.45450246405060146,0.9910861807490667,-0.4520630729590256,-1.4158259008575953,-1.2809475231607548,0.12280177603138986
5.5725,18,1.0832731388276882,0.6391825599007254,1.407381140598337,-0.2679213466835808,1.6392644524480862,0.45096807511271436,0.9878657987912509,-0.45174053416172855,-1.4116807569427088,-1.2953425041258475,0.13522125327512116
5.575,18,1.0857731388276886,0.6406576785411463,1.4085041536226253,-0.26545574505363967,1.6381355365783237,0.44744408265850655,0.9846095462655441,-0.45138700702898193,-1.4075087418858008,-1.3096438405644615,0.14759232692028545
5.5775,18,1.088273138827688,0.6421327971815668,1.4096183697311842,-0.26299832864850203,1.637007543135028,0.4439305536560377,0.9813176583100673,-0.45100261345082143,-1.4033100235264988,-1.3238507110362292,0.15991429213355762
5.58,18,1.0907731388276884,0.6436079158219877,1.4107238151659172,-0.2605491862606786,1.6358805491301132,0.4404275546537599,0.9779903721165347,-0.45058747707936936,-1.3990847697044269,-1.3379622941008171,0.17218644408162487
5.5825000000000005,18,1.0932731388276888,0.6450830344624088,1.4118205163345723,-0.2581084060871357,1.6347546312641619,0.43693515178053394,0.9746279269302666,-0.4501417233288275,-1.3948331482592136,-1.351977768317875,0.18440807793116204
5.585,18,1.0957731388276883,0.6465581531028292,1.4129084998096966,-0.2556760757241623,1.6336298659220203,0.4334534107456168,0.9712305640501864,-0.44966547937548945,-1.3905553270304916,-1.365896312247051,0.19657848884884152
5.5875,18,1.0982731388276887,0.6480332717432502,1.4139877923275854,-0.2532522821622265,1.6325063291683868,0.4299823968386688,0.9677985268288053,-0.4491588741577203,-1.386251473857885,-1.379717104448001,0.20869697200135548
5.59,18,1.1007731388276882,0.6495083903836706,1.4150584207872332,-0.2508371117808543,1.6313840967434172,0.42652217492974853,0.964332060672254,-0.4486220383759803,-1.3819217565810198,-1.3934393234803766,0.22076282255538374
5.5925,18,1.1032731388276886,0.6509835090240916,1.4161204122492863,-0.24843065034348522,1.6302632440583076,0.42307280946931625,0.9608314130402457,-0.4480551044928035,-1.3775663430395264,-1.4070621479038317,0.23277533567760358
5.595,18,1.1057731388276881,0.652458627664512,1.4171737939349909,-0.24603298299234577,1.6291438461908994,0.419634364488239,0.9572968334461082,-0.44745820673281467,-1.3731854010730333,-1.4205847562780172,0.24473380653468987
5.5975,18,1.1082731388276885,0.6539337463049331,1.4182185932251479,-0.2436441942433083,1.6280259778812676,0.41620690359777296,0.9537285734567633,-0.44683148108271264,-1.3687790985211647,-1.4340063271625973,0.2566375302933373
5.6000000000000005,18,1.110773138827689,0.655408864945354,1.4192548376590601,-0.24126436798076356,1.626909713527319,0.412790489989586,0.9501268866927344,-0.44617506529128914,-1.3643476032235493,-1.4473260391172047,0.2684858021202133
5.6025,18,1.1132731388276884,0.6568839835857745,1.420282554933486,-0.23889358745248512,1.6257951271803854,0.4093851864357437,0.9464920288281528,-0.44548909886941596,-1.3598910830198185,-1.4605430707015066,0.2802779171819975
5.605,18,1.1157731388276888,0.6583591022261954,1.4213017729015898,-0.23653193526449057,1.6246822925408189,0.4059910552887102,0.9428242575907378,-0.44477372309004326,-1.3554097057495946,-1.4736566004751523,0.29201317064537985
5.6075,18,1.1182731388276883,0.6598342208666159,1.4223125195718913,-0.2341794933759156,1.623571282953587,0.40260815848135206,0.9391238327618197,-0.44402908098821703,-1.3509036392525082,-1.4866658069977965,0.3036908576770351
5.61,18,1.1207731388276887,0.6613093395070369,1.423314823107219,-0.23183634309386947,1.6224621714038643,0.3992365575269367,0.9353910161763245,-0.44325531736104795,-1.3463730513681853,-1.4995698688290846,0.31531027344364543
5.6125,18,1.1232731388276882,0.6627844581474573,1.4243087118236597,-0.22950256506831357,1.6213550305126352,0.3958763135191338,0.9316260717227843,-0.44245257876774563,-1.341818109936256,-1.5123679645286754,0.32687071311188826
5.615,18,1.1257731388276886,0.6642595767878783,1.4252942141895097,-0.22717823928691772,1.6202499325322788,0.39252748713201213,0.9278292653433253,-0.441621013529596,-1.3372389827963467,-1.525059272656225,0.3383714718484409
5.6175,18,1.128273138827688,0.6657346954282988,1.4262713588242268,-0.22486344506992872,1.6191469493421706,0.3891901386200426,0.9240008650336795,-0.4407607717299755,-1.3326358377880838,-1.5376429717713802,0.34981184481999555
5.62,18,1.1307731388276885,0.6672098140687197,1.4272401744973802,-0.22255826106504029,1.6180461524442744,0.38586432781809543,0.9201411408431789,-0.4398720052143305,-1.3280088427510948,-1.5501182404338016,0.3611911271932171
5.6225000000000005,18,1.1332731388276889,0.6686849327091406,1.4282006901276008,-0.22026276524225197,1.6169476129587386,0.3825501141414446,0.9162503648747533,-0.4389548675902004,-1.323358165525011,-1.5624842572031326,0.3725086141348003
5.625,18,1.1357731388276884,0.6701600513495611,1.4291529347815335,-0.21797703488874154,1.6158514016194894,0.3792475565857621,0.9123288112849421,-0.4380095142272112,-1.3186839739494578,-1.5747402006390279,0.38376360081141736
5.6275,18,1.1382731388276888,0.6716351699899821,1.4300969376727888,-0.21570114660372708,1.6147575887698242,0.37595671372712186,0.9083767562838728,-0.43703610225706047,-1.3139864358640614,-1.5868852493011465,0.3949553823897507
5.63,18,1.1407731388276883,0.6731102886304026,1.4310327281608917,-0.21343517629333553,1.6136662443580134,0.37267764372199996,0.9043944781352795,-0.4360347905735365,-1.3092657191084542,-1.5989185817491345,0.40608325403647266
5.6325,18,1.1432731388276887,0.6745854072708235,1.4319603357502355,-0.21117919916546612,1.612577437932886,0.3694104043072717,0.900382257156503,-0.43500573983251417,-1.3045219915222577,-1.6108393765426459,0.41714651091827537
5.635,18,1.1457731388276882,0.676060525911244,1.4328797900890298,-0.20893328972465963,1.6114912386394327,0.36615505280021526,0.8963403757184802,-0.4339491124519445,-1.2997554209451032,-1.622646812241337,0.4281444482018313
5.6375,18,1.1482731388276886,0.677535644551665,1.4337911209682528,-0.20669752176695955,1.610407715214392,0.36291164609850535,0.8922691182457443,-0.4328650726118639,-1.2949661752166146,-1.6343400674048592,0.4390763610538325
5.64,18,1.150773138827688,0.6790107631920854,1.4346943583206033,-0.20447196837478554,1.609326935981853,0.35968024068022575,0.8881687712164356,-0.43175378625439564,-1.290154422176427,-1.645918320592864,0.44994154464094155
5.6425,18,1.1532731388276884,0.6804858818325065,1.4355895322194503,-0.20225670191178868,1.6082489688488462,0.35646089260384967,0.8840396231622915,-0.43061542108374323,-1.285320329664159,-1.6573807503650098,0.46073929412985304
5.6450000000000005,18,1.1557731388276888,0.6819610004729274,1.4364766728777847,-0.20005179401772932,1.607173881300939,0.35325365750826365,0.8798819646686549,-0.4294501465661892,-1.2804640655194475,-1.6687265352809397,0.47146890468724184
5.6475,18,1.1582731388276883,0.6834361191133479,1.4373558106471693,-0.19785731560333608,1.60610174039783,0.350058590612748,0.8756960883744684,-0.42825813393010875,-1.2755857975819145,-1.6799548539003109,0.4821296714797853
5.65,18,1.1607731388276887,0.6849112377537688,1.4382269760166935,-0.19567333684517108,1.6050326127689438,0.34687574671698185,0.8714822889722699,-0.4270395561659565,-1.2706856936911854,-1.69106488478278,0.49272088967417055
5.6525,18,1.1632731388276882,0.6863863563941893,1.439090199611916,-0.19349992718050002,1.6039665646090289,0.34370518020105345,0.8672408632082028,-0.42579458802626413,-1.2657639216868954,-1.702055806487991,0.5032418544370701
5.655,18,1.1657731388276886,0.6878614750346103,1.4399455121938274,-0.1913371553021559,1.6029036616737462,0.3405469450254428,0.8629721098820099,-0.42452340602565813,-1.2608206494086631,-1.712926797575612,0.5136918609351736
5.6575,18,1.1682731388276881,0.6893365936750308,1.4407929446577896,-0.18918508915340415,1.6018439692752695,0.337401094731039,0.8586763298470395,-0.4232261884408381,-1.2558560446961249,-1.7236770366052776,0.5240702043351534
5.66,18,1.1707731388276885,0.6908117123154517,1.441632528032496,-0.18704379592281217,1.6007875522778787,0.334267682439124,0.8543538260102314,-0.4219031153105913,-1.2508702753889034,-1.734305702136654,0.5343761798036917
5.6625000000000005,18,1.173273138827689,0.6922868309558726,1.4424642934789171,-0.18491334203911158,1.5997344750935527,0.33114676085138894,0.8500049033321372,-0.4205543684357889,-1.2458635093266264,-1.7448119727293898,0.5446090825074684
5.665,18,1.1757731388276884,0.6937619495962931,1.443288272289253,-0.1827937931660648,1.5986848016775668,0.32803838224992077,0.8456298688269002,-0.41918013137938503,-1.2408359143489236,-1.7551950269431318,0.5547682076131684
5.6675,18,1.1782731388276888,0.695237068236714,1.4441044958858855,-0.18068521419733363,1.5976385955240857,0.3249425984972078,0.8412290315622711,-0.41778058946641805,-1.2357876582954206,-1.765454043337548,0.5648528502874637
5.67,18,1.1807731388276883,0.6967121868771345,1.4449129958203275,-0.17858766925134262,1.596595919661758,0.3218594610361409,0.836802702659598,-0.41635592978400343,-1.2307189090057458,-1.7755882004722756,0.5748623056970443
5.6725,18,1.1832731388276887,0.6981873055175555,1.445713803772174,-0.17650122166614524,1.5955568366493138,0.3187890208900088,0.8323511952938278,-0.41490634118134634,-1.2256298343195269,-1.7855966769069733,0.5847958690085849
5.675,18,1.1857731388276882,0.699662424157976,1.4465069515480546,-0.17442593399429263,1.5945214085711585,0.31573132866250675,0.8278748246935124,-0.4134320142697376,-1.2205206020763966,-1.7954786512012957,0.5946528353887655
5.6775,18,1.1882731388276886,0.7011375427983969,1.4472924710805835,-0.17236186799769526,1.593489697032961,0.31268643453772527,0.8233739081408029,-0.41193314142253956,-1.2153913801159724,-1.805233301914891,0.6044325000042607
5.68,18,1.190773138827688,0.7026126614388174,1.4480703944273103,-0.17030908464249217,1.5924617631572606,0.3096543882801588,0.8188487649714569,-0.41040991677521416,-1.2102423362778896,-1.8148598076074176,0.6141341580217604
5.6825,18,1.1932731388276885,0.7040877800792383,1.4488407537696728,-0.16826764409391748,1.5914376675790527,0.3066352392347008,0.8142997165748183,-0.40886253622529056,-1.2050736384017717,-1.824357346838532,0.6237571046079492
5.6850000000000005,18,1.1957731388276889,0.7055628987196594,1.449603581411944,-0.16623760571116142,1.5904174704413856,0.30362903632664756,0.8097270863938463,-0.4072911974323932,-1.199885454327248,-1.8337250981678805,0.6333006349294945
5.6875,18,1.1982731388276884,0.7070380173600798,1.4503589097801872,-0.1642190280422453,1.5894012313909573,0.30063582806169675,0.8051311999251,-0.40569609981822563,-1.194677951893948,-1.8429622401551071,0.6427640441530862
5.69,18,1.2007731388276888,0.7085131360005008,1.4511067714212056,-0.16221196881887545,1.5883890095737088,0.2976556625259441,0.8005123847187259,-0.40407744456657263,-1.1894512989414963,-1.8520679513598794,0.6521466274453965
5.6925,18,1.2032731388276883,0.7099882546409212,1.4518471990014914,-0.16021648495132035,1.5873808636304165,0.29468858738588866,0.7958709703784865,-0.4024354346233014,-1.1842056633095248,-1.8610414103418473,0.6614476799731128
5.695,18,1.2057731388276887,0.7114633732813422,1.4525802253061812,-0.1582326325232697,1.5863768516922927,0.29173464988843056,0.7912072885617328,-0.4007702746963688,-1.1789412128376564,-1.8698817956606548,0.6706664969029048
5.6975,18,1.2082731388276882,0.7129384919217626,1.4533058832380035,-0.15626046678670558,1.5853770313765778,0.2887938968608679,0.7865216729794333,-0.39908217125581513,-1.1736581153655212,-1.8785882858759657,0.6798023734014672
5.7,18,1.2107731388276886,0.7144136105621837,1.4540242058162287,-0.15430004215676418,1.5843814597821315,0.28586637471090265,0.7818144593961402,-0.39737133253375057,-1.1683565387327441,-1.8871600595474263,0.6888546046354724
5.7025,18,1.213273138827688,0.715888729202604,1.4547352261756241,-0.1523514122066021,1.5833901934850312,0.28295212942664016,0.7770859856300149,-0.39563796852438216,-1.163036650778958,-1.8955962952346928,0.6978224857715979
5.705,18,1.2157731388276884,0.7173638478430251,1.4554389775654026,-0.15041462966226415,1.5824032885341681,0.2800512065765749,0.7723365915528232,-0.3938822909840014,-1.1576986193437842,-1.9038961714974243,0.7067053119765355
5.7075000000000005,18,1.2182731388276888,0.718838966483446,1.4561354933481716,-0.14848974639754942,1.581420800446837,0.2771636513096206,0.7675666190899157,-0.39210451343097213,-1.1523426122668552,-1.9120588668952536,0.7155023784169505
5.71,18,1.2207731388276883,0.7203140851238665,1.456824806998889,-0.14657681342887696,1.5804427842043383,0.2742895083550773,0.7627764122202683,-0.3903048511457497,-1.1469687973877984,-1.9200835599878527,0.7242129802595324
5.7125,18,1.2232731388276887,0.7217892037642875,1.4575069521038106,-0.14467588091015027,1.5794692942475657,0.2714288220226501,0.7579663169764325,-0.3884835211708676,-1.1415773425462417,-1.927969429334866,0.7328364126709636
5.715,18,1.2257731388276882,0.723264322404708,1.4581819623594408,-0.14278699812762485,1.5785003844726035,0.2685816362024475,0.7531366814445806,-0.38664074231094786,-1.1361684155818077,-1.935715653495947,0.7413719708179164
5.7175,18,1.2282731388276886,0.7247394410451289,1.4588498715714868,-0.14091021349477417,1.577536108226325,0.26574799436497665,0.7482878557644745,-0.3847767351326928,-1.1307421843341288,-1.9433214110307522,0.749818949867073
5.72,18,1.2307731388276881,0.7262145596855494,1.4595107136538052,-0.13904557454715571,1.5765765183019813,0.26292793956114796,0.7434201921294818,-0.38289172196488913,-1.125298816642835,-1.9507858804989278,0.7581766449851134
5.7225,18,1.2332731388276885,0.7276896783259703,1.460164522627358,-0.13719312793727423,1.5756216669347978,0.2601215144222662,0.738534044786568,-0.3809859268984029,-1.1198384803475478,-1.9581082404601353,0.7664443513387271
5.7250000000000005,18,1.235773138827689,0.7291647969663912,1.4608113326191587,-0.13535291942945227,1.574671605797576,0.25732876116004705,0.7336297700363014,-0.379059575786191,-1.1143613432878938,-1.9652876694740198,0.7746213640945792
5.7275,18,1.2382731388276884,0.7306399156068117,1.4614511778612276,-0.13352499389469452,1.573726385996275,0.25454972156659716,0.7287077262328573,-0.37711289624329175,-1.1088675733035116,-1.9723233461002363,0.7827069784193642
5.73,18,1.2407731388276888,0.7321150342472328,1.4620840926895384,-0.1317093953055497,1.5727860580656199,0.25178443701443215,0.7237682737839933,-0.3751461176468151,-1.1033573382340138,-1.9792144488984462,0.7907004894797596
5.7325,18,1.2432731388276883,0.7335901528876532,1.4627101115429733,-0.12990616673098532,1.571850671964686,0.24903294845646498,0.7188117751510883,-0.3731594711359742,-1.0978308059190418,-1.985960156428291,0.7986011924424377
5.735,18,1.2457731388276887,0.7350652715280742,1.4633292689622717,-0.12811535033124088,1.570920277072499,0.2462952964260095,0.7138385948491075,-0.37115318961204374,-1.0922881441982166,-1.9925596472494216,0.8064083824740832
5.7375,18,1.2482731388276882,0.7365403901684946,1.463941599588982,-0.12633698735271315,1.5699949221836318,0.2435715210367811,0.7088490994466301,-0.36912750773840375,-1.0867295209111676,-1.9990120999214973,0.8141213547413734
5.74,18,1.2507731388276886,0.7380155088089156,1.464547138164413,-0.12457111812279731,1.5690746555037933,0.2408616619828919,0.7038436575658243,-0.367082661940504,-1.0811551038975147,-2.0053166930041844,0.821739404411003
5.7425,18,1.253273138827688,0.739490627449336,1.4651459195285832,-0.12281778204477667,1.5681595246454263,0.2381657585388658,0.6988226398824671,-0.3650188904058767,-1.0755650609969016,-2.0114726050571052,0.8292618266496272
5.745,18,1.2557731388276885,0.7409657460897571,1.4657379786191733,-0.12107701759267075,1.5672495766233019,0.2354838495596129,0.693786419125933,-0.36293643308414264,-1.0699595600489409,-2.0174790146399424,0.8366879166239553
5.7475000000000005,18,1.2582731388276889,0.742440864730178,1.4663233504704767,-0.11934886230611141,1.5663448578501171,0.23281597348045746,0.6887353700791923,-0.36083553168700744,-1.064338768893268,-2.023335100312325,0.8440169695006424
5.75,18,1.2607731388276884,0.7439159833705985,1.4669020702123503,-0.11763335278520937,1.5654454141320837,0.23016216831712177,0.6836698695788286,-0.35871642968824946,-1.0587028553695088,-2.0290400406339155,0.8512482804463758
5.7525,18,1.2632731388276888,0.7453911020110194,1.4674741730691667,-0.11593052468541076,1.5645512906645302,0.22752247166571862,0.6785902965150162,-0.356579372323743,-1.053051987317291,-2.0345930141643724,0.858381144627845
5.755,18,1.2657731388276883,0.7468662206514399,1.4680396943587641,-0.11424041271237506,1.5636625320274875,0.22489692070277567,0.6734970318315328,-0.3544246065914395,-1.0473863325762451,-2.039993199463338,0.8654148572117176
5.7575,18,1.2682731388276887,0.7483413392918609,1.4685986694913968,-0.11256305061682892,1.5627791821812937,0.22228555218521184,0.66839045852576,-0.3522523812513761,-1.0417060589859883,-2.0452397750904825,0.8723487133646908
5.76,18,1.2707731388276882,0.7498164579322814,1.4691511339686874,-0.11089847118944629,1.5619012844621842,0.2196884024503541,0.6632709616486749,-0.3500629468256709,-1.036011334386162,-2.0503319196054357,0.8791820082534244
5.7625,18,1.2732731388276886,0.7512915765727023,1.4696971233825777,-0.10924670625569832,1.5610288815778832,0.21710550741592224,0.6581389283048593,-0.3478565555985265,-1.030302326616384,-2.055268811567871,0.8859140370446181
5.765,18,1.275773138827688,0.7527666952131228,1.4702366734142778,-0.1076077866707359,1.5601620156032037,0.21453690258004676,0.6529947476524961,-0.3456334616162257,-1.024579203516288,-2.060049629537422,0.8925440949049394
5.7675,18,1.2782731388276884,0.7542418138535437,1.4707698198332202,-0.10598174231424107,1.5593007279756401,0.21198262302125015,0.6478388109033659,-0.34339392068713687,-1.0188421329254977,-2.0646735520737605,0.8990714770010654
5.7700000000000005,18,1.2807731388276888,0.7557169324939647,1.4712965984960091,-0.10436860208530185,1.5584450594909636,0.209442703398462,0.6426715113228544,-0.3411381903817148,-1.0130912826836422,-2.069139757736523,0.9054954784996935
5.7725,18,1.2832731388276883,0.7571920511343851,1.4718170453453703,-0.10276839389727721,1.5575950502988172,0.206917177951008,0.6374932442299464,-0.33886653003249895,-1.007326820630349,-2.073447425085378,0.9118153945674884
5.775,18,1.2857731388276887,0.7586671697748061,1.472331196409105,-0.10118114467265893,1.5567507398983078,0.20440608049862047,0.6323044069972245,-0.3365792007340994,-1.0015489146052454,-2.077595732679964,0.918030520371135
5.7775,18,1.2882731388276882,0.7601422884152266,1.4728390877990376,-0.09960688033794352,1.5559121671336058,0.20190944444142553,0.6271053990508754,-0.33427646534322236,-0.9957577324479633,-2.0815838590799403,0.9241401510773131
5.78,18,1.2907731388276886,0.7616174070556475,1.47334075570997,-0.09804562581848919,1.5550793701895351,0.1994273027599563,0.6218966218706871,-0.3319585884786553,-0.9899534419981237,-2.0854109828449605,0.9301435818527074
5.7825,18,1.2932731388276881,0.763092525696068,1.47383623641863,-0.0964974050333971,1.5542523865871722,0.1969596880151461,0.6166784789900471,-0.3296258365212648,-0.9841362110953581,-2.089076282534676,0.9360401078639927
5.785,18,1.2957731388276885,0.7645676443364889,1.4743255662826227,-0.0949622408903581,1.5534312531794363,0.19450663234832374,0.6114513759959431,-0.327278477614,-0.9783062075792914,-2.0925789367087386,0.9418290242778489
5.7875000000000005,18,1.298273138827689,0.76604276297691,1.4748087817393831,-0.0934401552805344,1.5526160061466885,0.1920681674812263,0.6062157205289648,-0.3249167816618988,-0.9724635992895526,-2.0959181239268068,0.9475096262609657
5.79,18,1.3007731388276884,0.7675178816173304,1.4752859193051253,-0.09193116907341903,1.5518066809923237,0.18964432471598996,0.6009719222833049,-0.3225410203320783,-0.9666085540657755,-2.099093022748522,0.9530812089800055
5.7925,18,1.3032731388276888,0.7689930002577514,1.4757570155737947,-0.09043530211170125,1.5510033125383684,0.18723513493514407,0.5957203930067505,-0.32015146705374625,-0.960741239747579,-2.102102811733548,0.9585430676016655
5.795,18,1.3057731388276883,0.7704681188981718,1.4762221072160187,-0.08895257320613337,1.5502059349210684,0.18484062860162995,0.5904615465007035,-0.31774839701818214,-0.9548618241745931,-2.104946669441538,0.9638944972926229
5.7975,18,1.3082731388276887,0.7719432375385928,1.476681230978057,-0.08748300013040056,1.5494145815864955,0.1824608357587828,0.5851957986201441,-0.31533208717875405,-0.9489704751864454,-2.107623774432142,0.9691347932195528
5.8,18,1.3107731388276882,0.7734183561790132,1.477134423680753,-0.08602659961597925,1.548629285286131,0.18009578603034399,0.5799235672736757,-0.31290281625091465,-0.9430673606227685,-2.1101333052650038,0.9742632505491372
5.8025,18,1.3132731388276886,0.7748934748194343,1.4775817222184853,-0.08458338734700788,1.5478500780724656,0.1777455086204501,0.5746452724234838,-0.3104608647121989,-0.9371526483231851,-2.1124744404997884,0.979279164448056
5.805,18,1.315773138827688,0.7763685934598547,1.478023163558119,-0.08315337795515743,1.5470769912945945,0.17541003231364272,0.5693613360853719,-0.3080065148022263,-0.9312265061273203,-2.1146463586961413,0.9841818300829891
5.8075,18,1.3182731388276885,0.7778437121002757,1.4784587847379553,-0.0817365850144871,1.5463100555938107,0.17308938547486058,0.5640721823287338,-0.3055400505226985,-0.9252891018748065,-2.1166482384137226,0.988970542620626
5.8100000000000005,18,1.3207731388276889,0.7793188307406966,1.478888622866683,-0.0803330210363169,1.5455493008992012,0.17078359604944715,0.5587782372765685,-0.3030617576374,-0.919340603405269,-2.118479258212179,0.9936445972276319
5.8125,18,1.3232731388276884,0.7807939493811171,1.4793127151223306,-0.0789426974640941,1.5447947564232403,0.16849269156314708,0.5534799291054759,-0.3005719236721986,-0.9133811785583402,-2.1201385966511648,0.9982032890707012
5.815,18,1.3257731388276888,0.7822690680215381,1.479731098751215,-0.07756562466825412,1.5440464506573817,0.16621669912210393,0.5481776880456461,-0.29807083791504424,-0.907410995173643,-2.1216254322903283,1.002645913316494
5.8175,18,1.3282731388276883,0.7837441866619586,1.4801438110668959,-0.0762018119410941,1.5433044113676642,0.16395564541286142,0.5428719463808889,-0.29555879141597535,-0.9014302210908046,-2.122938943689334,1.00697176513171
5.82,18,1.3307731388276887,0.7852193053023795,1.4805508894491235,-0.07485126749162929,1.5425686655902933,0.16170955670236556,0.5375631384485989,-0.2930360769871025,-0.8954390241494554,-2.1240783094078246,1.011180139683024
5.8225,18,1.3332731388276882,0.7866944239428,1.4809523713427908,-0.07351399844047157,1.5418392396272413,0.15947845883796358,0.532251700639786,-0.2905029892026394,-0.8894375721892217,-2.1250427080054624,1.0152703321371206
5.825,18,1.3357731388276886,0.7881695425832209,1.4813482942568859,-0.07219001081468068,1.5411161590418447,0.15726237724740286,0.5269380713990396,-0.28795982439886325,-0.8834260330497322,-2.1258313180418833,1.0192416376606699
5.8275,18,1.338273138827688,0.7896446612236414,1.4817386957634417,-0.07087930954264521,1.5403994486543977,0.1550613369388331,0.5216226912245775,-0.28540688067414,-0.8774045745706158,-2.126443318076762,1.0230933514203542
5.83,18,1.3407731388276884,0.7911197798640623,1.4821236134964841,-0.06958189844893425,1.5396891325377398,0.15287536250079922,0.5163060026681927,-0.28284445788892626,-0.8713733645914952,-2.1268778866697335,1.0268247685828604
5.8325000000000005,18,1.3432731388276888,0.7925948985044834,1.4825030851509897,-0.06829778024917488,1.5389852340128656,0.15070447810225807,0.5109884503352932,-0.2802728576657487,-0.8653325709519992,-2.127134202380455,1.0304351843148636
5.835,18,1.3457731388276883,0.7940700171449038,1.4828771484818308,-0.0670269565449122,1.5382877756445053,0.14854870749255805,0.5056704808848934,-0.2776923833892363,-0.8592823614917615,-2.1272114437685903,1.033923893783051
5.8375,18,1.3482731388276887,0.7955451357853248,1.48324584130273,-0.06576942781847772,1.537596779236724,0.1464080740014488,0.5003525430295886,-0.2751033402060854,-0.8532229040504012,-2.127108789393781,1.0372901921540927
5.84,18,1.3507731388276882,0.7970202544257452,1.4836092014852074,-0.06452519342785368,1.5369122658285217,0.14428260053908956,0.4950350875355937,-0.27250603502507686,-0.8471543664675533,-2.126825417815685,1.0405333745946779
5.8425,18,1.3532731388276886,0.7984953730661662,1.4839672669575363,-0.0632942516015389,1.53623425568942,0.14217230959603008,0.48971856722271273,-0.269900776517078,-0.8410769165828402,-2.126360507593949,1.0436527362714818
5.845,18,1.3557731388276881,0.7999704917065866,1.4843200757036907,-0.06207659943341759,1.535562768315064,0.14007722324322758,0.48440343696435917,-0.267287875115047,-0.834990722235896,-2.1257132372882226,1.0466475723511768
5.8475,18,1.3582731388276885,0.8014456103470077,1.4846676657622981,-0.060872232877623,1.5348978224228094,0.13799736313203742,0.47909015368754054,-0.2646676430140138,-0.8288959512663395,-2.124882785458176,1.0495171780004624
5.8500000000000005,18,1.360773138827689,0.8029207289874286,1.485010075225591,-0.05968114674340197,1.5342394359473281,0.13593275049421327,0.4737791763728737,-0.26204039417110153,-0.8227927715137995,-2.1238683306634543,1.0522608483860134
5.8525,18,1.3632731388276884,0.8043958476278491,1.4853473422383527,-0.058503334689986364,1.5335876260361878,0.13388340614192054,0.4684709660545616,-0.2594064443054978,-0.8166813508179159,-2.1226690514637006,1.0548778786744926
5.855,18,1.3657731388276888,0.80587096626827,1.4856795049968765,-0.05733878922144897,1.5329424090454662,0.13184935046771196,0.4631659858204271,-0.25676611089850176,-0.8105618570183054,-2.121284126418579,1.0573675640326015
5.8575,18,1.3682731388276883,0.8073460849086905,1.4860066017479125,-0.05618750168158604,1.5323038005353273,0.1298306034445478,0.45786470081187486,-0.254119713193476,-0.8044344579545942,-2.1197127340877424,1.059729199627008
5.86,18,1.3707731388276887,0.8088212035491115,1.486328670787615,-0.055049462248763836,1.531671815265625,0.12782718462579057,0.4525675782239248,-0.2514675721958653,-0.7982993214664148,-2.117954053030831,1.061962080624399
5.8625,18,1.3732731388276882,0.810296322189532,1.4866457504605008,-0.05392465993079898,1.5310464671915003,0.12583911314520407,0.4472750873051918,-0.24881001067321176,-0.792156615393395,-2.1160072618075056,1.064065502191445
5.865,18,1.3757731388276886,0.8117714408299529,1.4869578791583962,-0.05281308255981898,1.530427769458971,0.12386640771694618,0.44198769935789123,-0.24614735315512917,-0.7860065075751609,-2.113871538977425,1.0660387594948397
5.8675,18,1.378273138827688,0.8132465594703734,1.4872650953193869,-0.051714716787128134,1.5298157344005276,0.12190908663558132,0.4367058877378476,-0.24347992593332002,-0.7798491658513415,-2.1115460631002407,1.0678811477012562
5.87,18,1.3807731388276885,0.8147216781107943,1.4875674374267698,-0.05062954807807163,1.5292103735307283,0.11996716777607798,0.4314301278544654,-0.24080805706156289,-0.773684758061563,-2.109030012735591,1.0695919619773717
5.8725000000000005,18,1.3832731388276889,0.8161967967512153,1.4878649440080098,-0.04955756070691186,1.5286116975417967,0.11804066859379751,0.426160897170771,-0.23813207635573122,-0.7675134520454483,-2.1063225664431404,1.0711704974898757
5.875,18,1.3857731388276884,0.8176719153916358,1.488157653633679,-0.04849873775167857,1.528019716299211,0.11612960612450668,0.42089867520339014,-0.23545231539377884,-0.7613354156426396,-2.10342290278255,1.0726160494054382
5.8775,18,1.3882731388276888,0.8191470340320567,1.4884456049164185,-0.04745306108904668,1.5274344388373071,0.11423399698437349,0.4156439435225361,-0.2327691075157334,-0.7551508166927474,-2.1003302003134565,1.073927912890749
5.88,18,1.3907731388276883,0.8206221526724772,1.4887288365098843,-0.04642051138919823,1.526855873354861,0.11235385736996611,0.41039718575203227,-0.23008278782371344,-0.7489598230354114,-2.097043637595523,1.0751053831124804
5.8825,18,1.3932731388276887,0.8220972713128981,1.489007387107698,-0.04540106811068689,1.5262840272106943,0.11048920305825398,0.40515888756929525,-0.22739369318191344,-0.7427626025102545,-2.093562393188391,1.0761477552373147
5.885,18,1.3957731388276882,0.8235723899533186,1.489281295442403,-0.04439470949530899,1.5257189069192691,0.10864004940660563,0.3999295367053618,-0.2247021622166313,-0.7365593229569042,-2.089885645651728,1.0770543244319415
5.8875,18,1.3982731388276886,0.8250475085937395,1.4895506002844086,-0.04340141256296359,1.525160518146274,0.10680641135279187,0.39470962294484613,-0.22200853531622627,-0.7303501522149881,-2.086012573545186,1.0778243858630283
5.89,18,1.400773138827688,0.82652262723416,1.4898153404409424,-0.04242115310652439,1.5246088657042245,0.10498830341498791,0.3894996381259746,-0.21931315463114623,-0.7241352581241375,-2.081942355428403,1.0784572346972598
5.8925,18,1.4032731388276884,0.827997745874581,1.4900755547550073,-0.04145390568669716,1.5240639535480607,0.10318573969176205,0.3843000761405821,-0.21661636407392984,-0.7179148085239725,-2.0776741698610466,1.0789521661013184
5.8950000000000005,18,1.4057731388276888,0.829472864515002,1.4903312821043244,-0.04049964362689651,1.5235257847707366,0.10139873386209038,0.37911143293408156,-0.21391850931919837,-0.7116889712541244,-2.073207195402761,1.0793084752418862
5.8975,18,1.4082731388276883,0.8309479831554224,1.4905825614002892,-0.03955833900810268,1.5229943615988137,0.099627299185351,0.3739342065055097,-0.21121993780363552,-0.7054579141542272,-2.0685406106131983,1.0795254572856283
5.9,18,1.4107731388276887,0.8324231017958434,1.4908294315869233,-0.03862996266373275,1.5224696853880686,0.09787144850131171,0.36876889690749054,-0.20852099872604274,-0.6992218050638996,-2.0636735940520214,1.0796024073992492
5.9025,18,1.4132731388276882,0.8338982204362638,1.4910719316398187,-0.037714484174507845,1.5219517566190672,0.09613119423015518,0.3636160062462564,-0.20582204304727658,-0.6929808118227756,-2.058605324278877,1.0795386207494113
5.905,18,1.4157731388276886,0.8353733390766849,1.4913101005650973,-0.03681187186331236,1.521440574892779,0.09440654837245767,0.3584760386816409,-0.20312342349029064,-0.6867351022704788,-2.0533349798534095,1.0793333925027946
5.9075,18,1.4182731388276881,0.8368484577171053,1.4915439773983536,-0.035922092790063864,1.5209361389261582,0.09269752250919777,0.35334950042706753,-0.20042549454012107,-0.6804848442466396,-2.0478617393352843,1.0789860178260935
5.91,18,1.4207731388276885,0.8383235763575263,1.4917736012036173,-0.035045112746586504,1.5204384465477492,0.09100412780175213,0.34823689974957656,-0.19772861244388124,-0.6742302055908804,-2.042184781284151,1.078495791885973
5.9125000000000005,18,1.423273138827689,0.8397986949979472,1.49199901107229,-0.0341808962514587,1.5199474946932683,0.08932637499190306,0.3431387469697896,-0.1950331352107668,-0.6679713541428375,-2.036303284259655,1.0778620098491205
5.915,18,1.4257731388276884,0.8412738136383677,1.4922202461221048,-0.03332940654489991,1.5194632794012155,0.08766427440182997,0.33805555446195745,-0.19233942261207776,-0.6617084577421299,-2.030216426821466,1.0770839668822207
5.9175,18,1.4282731388276888,0.8427489322787887,1.4924373454960795,-0.03249060558362382,1.5189857958084503,0.08601783593412052,0.3329878366538967,-0.18964783618116068,-0.6554416842283901,-2.023923387529218,1.0761609581519533
5.92,18,1.4307731388276883,0.8442240509192092,1.4926503483614588,-0.03166445403570406,1.5185150381458061,0.08438706907175104,0.3279361100270569,-0.18695873921348008,-0.6491712014412433,-2.0174233449425816,1.0750922788249881
5.9225,18,1.4332731388276887,0.8456991695596301,1.4928592939086733,-0.030850911275447146,1.5180509997336642,0.08277198287810852,0.32290089311646314,-0.1842724967665618,-0.6428971772203245,-2.010715477621191,1.0738772240680103
5.925,18,1.4357731388276882,0.8471742882000506,1.4930642213502878,-0.030049935378258175,1.5175936729775714,0.081172585996977,0.31788270651075995,-0.18158947566002875,-0.6366197794052512,-2.003798964124717,1.072515089047709
5.9275,18,1.4382731388276886,0.8486494068404715,1.4932651699199508,-0.02926148311549648,1.517143049363813,0.07958888665254411,0.31288207285218517,-0.1789100444755716,-0.6303391758356561,-1.9966729830127947,1.0710051689307496
5.93,18,1.440773138827688,0.850124525480892,1.493462178871346,-0.028485509949351062,1.5166991194550212,0.07802089264939553,0.3078995168365778,-0.17623457355698216,-0.6240555343511645,-1.9893367128450896,1.0693467588838241
5.9325,18,1.4432731388276885,0.851599644121313,1.4936552874771478,-0.027721970027709597,1.5162618728857673,0.07646861137251795,0.3029355652133727,-0.17356343501012417,-0.6177690227914062,-1.9817893321812456,1.067539154073605
5.9350000000000005,18,1.4457731388276889,0.853074762761734,1.4938445350279639,-0.026970816179011203,1.515831298358152,0.07493204978729953,0.29799074678561643,-0.1708970027029418,-0.6114798089960064,-1.974030019580929,1.0655816496667792
5.9375,18,1.4482731388276884,0.8545498814021544,1.4940299608312941,-0.0262319999071281,1.51540738363741,0.0734112144395328,0.29306559240995245,-0.1682356522654795,-0.6051880608046001,-1.9660579536037839,1.0634735408300244
5.94,18,1.4507731388276888,0.8560250000425754,1.4942116042104765,-0.025505471386217282,1.5149901155474879,0.0719061114554084,0.2881606349966139,-0.16557976108984285,-0.5988939460568076,-1.957872312809459,1.0612141227300151
5.9425,18,1.4532731388276883,0.8575001186829958,1.494389504503642,-0.024791179455597945,1.514579479966663,0.07041674654151503,0.28327640950945215,-0.16292970833024276,-0.5925976325922588,-1.9494722757576157,1.0588026905334413
5.945,18,1.4557731388276887,0.8589752373234169,1.4945637010626602,-0.02408907161460938,1.5141754618231105,0.06894312498484341,0.2784134529659049,-0.1602858749029537,-0.5862992882505814,-1.9408570210078977,1.056238539406978
5.9475,18,1.4582731388276882,0.8604503559638372,1.4947342332520974,-0.02339909401747997,1.5137780450905212,0.0674852516527918,0.27357230443702374,-0.157648643486343,-0.579999080871403,-1.9320257271199666,1.0535209645173045
5.95,18,1.4607731388276886,0.8619254746042583,1.494901140448163,-0.022721191468197954,1.5133872127836847,0.06604313099315127,0.2687535050474559,-0.15501839852086655,-0.5736971782943486,-1.922977572653471,1.0506492610311058
5.9525,18,1.463273138827688,0.8634005932446787,1.4950644620376594,-0.022055307415368652,1.5130029469540882,0.06461676703411941,0.26395759797544427,-0.15239552620904798,-0.5673937483590484,-1.9137117361680673,1.0476227241150617
5.955,18,1.4657731388276884,0.8648757118850997,1.4952242374169356,-0.021401383947085906,1.5126252286855062,0.0632061633842887,0.259185128452829,-0.14978041451550797,-0.5610889589051326,-1.9042273962234044,1.044440648935842
5.9575000000000005,18,1.4682731388276888,0.8663508305255206,1.495380505990841,-0.02075936178579818,1.512254038089605,0.061811323232659414,0.2544366437650741,-0.14717345316694744,-0.5547829777722211,-1.8945237313791286,1.0411023306601368
5.96,18,1.4707731388276883,0.8678259491659411,1.4955333071716677,-0.02012918028317201,1.511889354301526,0.06043224934862784,0.2497126932512204,-0.14457503365214966,-0.5484759727999539,-1.8845999201949137,1.0376070644546327
5.9625,18,1.4732731388276887,0.8693010678063621,1.4956826803781094,-0.01951077741496121,1.5115311554754898,0.05906894408199358,0.24501382830391913,-0.14198554922197398,-0.5421681118279439,-1.874455141230389,1.0339541454859877
5.965,18,1.4757731388276882,0.8707761864467826,1.495828665034212,-0.018904089775866106,1.5111794187803846,0.05772140936295639,0.240340602369418,-0.13940539488938095,-0.5358595626958333,-1.8640885730452152,1.0301428689209111
5.9675,18,1.4782731388276886,0.8722513050872035,1.4959713005683184,-0.01830905257440918,1.5108341203953641,0.05638964670211389,0.23569357094757692,-0.13683496742939885,-0.5295504932432352,-1.8534993941990614,1.026172529926058
5.97,18,1.4807731388276881,0.873726423727624,1.496110626412024,-0.01772559962779674,1.5104952355054437,0.05507365719047225,0.23107329159183906,-0.13427466537913618,-0.5232410713097919,-1.8426867832515539,1.0220424236681231
5.9725,18,1.4832731388276885,0.8752015423680449,1.4962466819991325,-0.017153663356779925,1.510162738297093,0.05377344149943256,0.22648032390926504,-0.1317248890378048,-0.5169314647351185,-1.8316499187623692,1.0177518453137862
5.9750000000000005,18,1.485773138827689,0.8766766610084659,1.496379506764594,-0.016593174780529463,1.50983660195383,0.052488999880798234,0.221915229560515,-0.12918604046667606,-0.5106218413588526,-1.8203879792911386,1.013300090029712
5.9775,18,1.4882731388276884,0.8781517796488864,1.4965091401434687,-0.016044063511494455,1.5095167986518159,0.05122033216677388,0.21737857225983243,-0.1266585234891216,-0.5043123690206168,-1.808900143397531,1.0086864529826054
5.98,18,1.4907731388276888,0.8796268982893073,1.4966356215698708,-0.01550625775027381,1.5092032995554499,0.04996743776996351,0.21287091777507824,-0.12414274369059715,-0.49800321556003624,-1.79718558964119,1.003910229339131
5.9825,18,1.4932731388276883,0.8811020169297278,1.4967589904759226,-0.014979684280479244,1.5088960748129734,0.048730315683375255,0.20839283392771288,-0.12163910841862197,-0.49169454881674596,-1.785243496581777,0.998970714265974
5.985,18,1.4957731388276887,0.8825771355701487,1.4968792862907023,-0.014464268463597163,1.508595093552043,0.0475089644804169,0.20394489059279067,-0.11914802678281865,-0.4853865366303637,-1.773073042778941,0.9938672029298138
5.9875,18,1.4982731388276882,0.8840522542105692,1.4969965484392003,-0.013959934233870541,1.5083003238753496,0.04630338231489378,0.19952765969897063,-0.11666990965488583,-0.4790793468405293,-1.7606734067923333,0.9885989904973304
5.99,18,1.5007731388276886,0.8855273728509901,1.4971108163412643,-0.013466604093139933,1.5080117328561988,0.04511356692101615,0.1951417152285115,-0.11420516966860453,-0.4727731472868581,-1.7480437671815978,0.9831653721351887
5.9925,18,1.503273138827688,0.8870024914914106,1.4972221294105568,-0.012984199105735783,1.50772928653411,0.043939515613396006,0.1907876332172867,-0.11175422121985068,-0.466468105808985,-1.7351833025064156,0.9775656430101031
5.995,18,1.5057731388276885,0.8884776101318316,1.4973305270534938,-0.012512638893320105,1.5074529499104004,0.0427812252870429,0.18646599175473463,-0.10931748046655324,-0.46016439024653777,-1.7220911913264059,0.9717990982887238
5.9975000000000005,18,1.5082731388276889,0.8899527287722526,1.4974360486682161,-0.01205184162977524,1.5071826869438099,0.041638692417366584,0.18217737098393577,-0.10689536532875757,-0.4538621684391439,-1.7087666122012348,0.965865033137733
6.0,18,1.5107731388276884,0.891427847412673,1.4975387336435204,-0.01160172403605264,1.5069184605460624,0.040511913060183785,0.17792235310155183,-0.10448829548858725,-0.4475616082264285,-1.6952087436905712,0.9597627427238377
6.0025,18,1.5132731388276888,0.892902966053094,1.4976386213578199,-0.011162201375042535,1.5066602325774647,0.03940088285170619,0.17370152235784037,-0.10209669239022245,-0.4412628774480167,-1.681416764354039,0.953491522213693
6.005,18,1.5157731388276883,0.8943780846935144,1.4977357511780942,-0.010733187446450465,1.5064079638425336,0.03830559700854931,0.16951546505666903,-0.09972097923995724,-0.434966143943546,-1.6673898527513145,0.9470506667739862
6.0075,18,1.5182731388276887,0.8958532033339355,1.4978301624588426,-0.010314594581648517,1.5061616140855516,0.03722605032772729,0.16536476955550716,-0.09736158100615329,-0.42867157555263413,-1.6531271874420366,0.9404394715713921
6.01,18,1.5207731388276882,0.8973283219743559,1.4979218945410273,-0.00990633363855431,1.5059211419861807,0.036162237186658126,0.16125002626541424,-0.09501892441926098,-0.4223793401149136,-1.6386279469858713,0.9336572317726027
6.0125,18,1.5232731388276886,0.8988034406147769,1.4980109867510354,-0.009508313996483109,1.5056865051550563,0.0351141515431584,0.1571718276510671,-0.0926934379718151,-0.41608960547000706,-1.6238913099424481,0.926703242544298
6.015000000000001,18,1.525773138827689,0.9002785592551978,1.4980974783996193,-0.00912044355102859,1.5054576601293759,0.034081786935445946,0.15313076823072594,-0.09038555191842679,-0.4098025394575496,-1.6089164548714503,0.9195767990531504
6.0175,18,1.5282731388276884,0.9017536778956183,1.4981814087808534,-0.00874262870891429,1.5052345623685022,0.03306513648214244,0.1491274445762657,-0.0880956982757969,-0.4035183099171662,-1.5937025603325046,0.9122771964658322
6.0200000000000005,18,1.5307731388276888,0.9032287965360393,1.4982628171710863,-0.00837477438287726,1.5050171662495524,0.03206419288226869,0.1451624553131552,-0.08582431082270414,-0.39723708468848457,-1.5782488048852847,0.9048037299490429
6.0225,18,1.5332731388276883,0.9047039151764598,1.4983417428278873,-0.008016783986515286,1.504805425062996,0.031078948415238873,0.14123640112046537,-0.08357182510002012,-0.39095903161112733,-1.5625543670894317,0.8971556946694574
6.025,18,1.5357731388276887,0.9061790338168807,1.4984182249890003,-0.007668559429162114,1.50459929100824,0.030109394940886748,0.13734988473086102,-0.08133867841068618,-0.38468431852473195,-1.5466184255045898,0.8893323857937409
6.0275,18,1.5382731388276882,0.9076541524573012,1.4984923028712973,-0.007330001110760875,1.5043987151892424,0.02915552389942371,0.13350351093063162,-0.07912530981974698,-0.3784131132689162,-1.5304401586904401,0.8813330984885926
6.03,18,1.5407731388276886,0.9091292710977221,1.4985640156697215,-0.007001007916710433,1.5042036476100877,0.028217326311483867,0.12969788655963693,-0.07693216015430025,-0.37214558368331496,-1.5140187452066018,0.8731571279206828
6.0325,18,1.5432731388276881,0.9106043897381426,1.4986334025562447,-0.00668147721274881,1.5040140371705895,0.02729479277808633,0.12593362051135198,-0.07475967200355117,-0.3658818976075486,-1.497353363612746,0.864803769256686
6.035,18,1.5457731388276885,0.9120795083785636,1.4987005026788192,-0.0063713048398181815,1.5038298316618957,0.026387913480655084,0.12221132373286292,-0.07260828971878938,-0.3596222228812544,-1.480443192468524,0.8562723176633019
6.0375000000000005,18,1.548273138827689,0.9135546270189846,1.498765355160324,-0.006070385108915666,1.5036509777620635,0.025496678181020607,0.11853160922483921,-0.07047845941337015,-0.35336672734405017,-1.4632874103335873,0.8475620683071932
6.04,18,1.5507731388276884,0.915029745659405,1.4988279990975188,-0.005778610795979855,1.5034774210316666,0.02462107622141092,0.11489509204155672,-0.06837062896275203,-0.3471155788355685,-1.4458851957675993,0.8386723163550518
6.0425,18,1.5532731388276888,0.916504864299826,1.4988884735599957,-0.00549587313673916,1.50330910590939,0.023761096524451096,0.1113023892908935,-0.066285248004455,-0.34086894519543937,-1.4282357273301922,0.8296023569735527
6.045,18,1.5557731388276883,0.9179799829402464,1.4989468175891252,-0.005222061821586799,1.5031459757076135,0.022916727593176336,0.10775412013432979,-0.06422276793810022,-0.33462699426328796,-1.410338183581034,0.8203514853293706
6.0475,18,1.5582731388276887,0.9194551015806675,1.4990030701970143,-0.004957064990449123,1.502987972608035,0.022087957511014167,0.10425090578694805,-0.06218364192538706,-0.32838989387873935,-1.3921917430797666,0.8109189965891953
6.05,18,1.5607731388276882,0.9209302202210878,1.4990572703654523,-0.004700769227645507,1.502835037657221,0.021274773941792825,0.10079336951742611,-0.06016832489009721,-0.32215781188142856,-1.3737955843860634,0.8013041859197018
6.0525,18,1.5632731388276886,0.9224053388615089,1.4991094570448658,-0.004453059556754235,1.5026871107622473,0.020477164129750675,0.09738213664804345,-0.058177273518090565,-0.3159309161109684,-1.355148886059551,0.7915063484875721
6.055,18,1.565773138827688,0.9238804575019293,1.4991596691532634,-0.004213819435481048,1.5025441306862537,0.019695114899517367,0.09401783455469068,-0.05621094625732192,-0.3097093744070062,-1.3362508266599034,0.7815247794594911
6.0575,18,1.5682731388276885,0.9253555761423503,1.4992079455751965,-0.003982930750532132,1.5024060350440729,0.018928612656127438,0.09070109266684018,-0.05426980331781587,-0.3034933546091548,-1.3171005847467516,0.7713587740021262
6.0600000000000005,18,1.5707731388276889,0.9268306947827712,1.4992543251606993,-0.003760273812462689,1.5022727602978032,0.018177643385018757,0.08743254246757907,-0.0523543066716901,-0.297283024557049,-1.2976973388797648,0.7610076272821695
6.0625,18,1.5732731388276884,0.9283058134231917,1.4992988467242494,-0.0035457273505632436,1.50214424175241,0.017442192652018372,0.08421281749360508,-0.050464920053156205,-0.29107855209031175,-1.2780402676186138,0.7504706344663084
6.065,18,1.5757731388276888,0.9297809320636127,1.499341549043709,-0.003339168507707102,1.5020204135513169,0.016722245603376568,0.08104255333518667,-0.048602108958470114,-0.28488010504857536,-1.2581285495229009,0.7397470907211879
6.0675,18,1.5782731388276883,0.9312560507040332,1.499382470859287,-0.0031404728352288913,1.5019012086720138,0.016017786965723372,0.07792238763621703,-0.04676634064601625,-0.2786878512714675,-1.2379613631523263,0.7288362912135274
6.07,18,1.5807731388276887,0.9327311693444541,1.4994216508724816,-0.0029495142877846714,1.5017865589216353,0.0153288010461,0.07485296009418739,-0.04495808413623414,-0.27250195859860843,-1.21753788706651,0.717737531109992
6.0725,18,1.5832731388276882,0.9342062879848746,1.499459127745033,-0.002766165218224259,1.5016763949325624,0.014655271731946277,0.07183491246018117,-0.04317781021165405,-0.266322594869638,-1.1968572998251321,0.7064501055772564
6.075,18,1.5857731388276886,0.9356814066252955,1.4994949400978812,-0.0025902963724473427,1.5015706461580187,0.013997182491099592,0.06886888853889397,-0.04142599141690328,-0.2601499279241714,-1.1759187799878275,0.6949733097820153
6.077500000000001,18,1.588273138827689,0.9371565252657165,1.499529126510102,-0.002421776884277582,1.501469240867662,0.013354516371805372,0.06595553418860681,-0.03970310205866031,-0.2539841256018438,-1.154721506114257,0.6833064388909387
6.08,18,1.5907731388276884,0.938631643906137,1.4995617255178766,-0.002260474270327162,1.501372106143186,0.012727256002705559,0.06309549732121601,-0.03800961820572056,-0.24782535574228026,-1.1332646567640596,0.6714487880707012
6.0825000000000005,18,1.5932731388276888,0.9401067625465579,1.499592775613426,-0.002106254424855125,1.5012791678739017,0.012115383592841233,0.06028942790221536,-0.03634601768894268,-0.24167378618510835,-1.111547410496914,0.6593996524880026
6.085,18,1.5957731388276883,0.9415818811869784,1.4996223152439747,-0.0019589816146483585,1.5011903507523492,0.011518880931660463,0.05753797795069876,-0.03471278010127607,-0.23552958476995814,-1.089568945872452,0.647158327309498
6.0875,18,1.5982731388276887,0.9430569998273993,1.4996503828106944,-0.0018185184738743754,1.5011055782698737,0.010937729389006787,0.054841801539350254,-0.0331103867977483,-0.2293929193364597,-1.067328441450327,0.6347241077018868
6.09,18,1.6007731388276882,0.9445321184678198,1.499677016667657,-0.00168472599895364,1.5010247727122414,0.010371909915125493,0.052201554794474414,-0.031539320895486035,-0.22326395772422827,-1.0448250757902153,0.6220962888318489
6.0925,18,1.6032731388276886,0.9460072371082408,1.4997022551207813,-0.0015574635434205675,1.5009478551552111,0.00982140304066677,0.04961789589596753,-0.03000006727367109,-0.21714286777290384,-1.0220580274517361,0.6092741658660591
6.095,18,1.6057731388276881,0.9474823557486612,1.4997261364267962,-0.0014365888127978454,1.5008747454601528,0.00928618887667837,0.04709148507731604,-0.028493112573596966,-0.21102981732211396,-0.9990264749945705,0.5962570339711875
6.0975,18,1.6082731388276885,0.9489574743890822,1.499748698792178,-0.0013219578594538817,1.5008053622696231,0.0087662471146077,0.044622984625626916,-0.027018945198618558,-0.20492497421147884,-0.9757295969783376,0.583044188313921
6.1000000000000005,18,1.610773138827689,0.9504325930295032,1.4997699803721096,-0.0012134250774704647,1.500739623002968,0.008261557026303396,0.04221305888159255,-0.025578055314188053,-0.19882850628062607,-0.9521665719627209,0.5696349240609521
6.1025,18,1.6132731388276884,0.9519077116699236,1.4997900192694271,-0.001110843197516198,1.5006774438519193,0.007772097464021093,0.039862374239512256,-0.02417093484783686,-0.19274058136919311,-0.928336578507372,0.5560285363789554
6.105,18,1.6157731388276888,0.9533828303103447,1.499808853533574,-0.0010140632817023931,1.5006187397761857,0.007297846860409266,0.037571599147285445,-0.02279807748917639,-0.1866613673167977,-0.9042387951719345,0.542224320434601
6.1075,18,1.6182731388276883,0.954857948950765,1.4998265211595514,-0.000922934718462054,1.5005634244990547,0.006838783228520244,0.0353414041064221,-0.021459978689910876,-0.18059103196307483,-0.8798724005160574,0.5282215713945834
6.11,18,1.6207731388276887,0.9563330675911861,1.4998430600868657,-0.0008373052173900053,1.500511410502976,0.0063948841618123,0.03317246167200927,-0.02015713566381435,-0.17452974314764222,-0.8552365730993972,0.5140195844255676
6.1125,18,1.6232731388276882,0.9578081862316065,1.4998585081984868,-0.0007570208041467463,1.5004626090251614,0.0059661268341339325,0.03106544645275869,-0.018890047386751575,-0.1684776687101423,-0.8303304914816124,0.4996176546942532
6.115,18,1.6257731388276886,0.9592833048720275,1.4998729033197924,-0.0006819258152852559,1.5004169300531855,0.0055524879997458755,0.029021035110971764,-0.017659214596675972,-0.16243497649019029,-0.8051533342223596,0.48501507736730015
6.1175,18,1.628273138827688,0.9607584235124479,1.49988628321752,-0.0006118628931530701,1.5003742823205706,0.005153943993304329,0.027039906362548386,-0.016465139793606542,-0.15640183432742122,-0.7797042798812776,0.4702111476114032
6.12,18,1.6307731388276885,0.9622335421528689,1.499898685598722,-0.0005466729807279691,1.500334573302392,0.004770470729863051,0.02512274097699643,-0.015308327239665603,-0.15037841006145528,-0.7539825070180177,0.4552051605932223
6.1225000000000005,18,1.6332731388276889,0.9637086607932899,1.499910148109713,-0.00048619531650540004,1.5002977092108614,0.004402043704882274,0.02327022177742386,-0.014189282959053914,-0.1443648715319225,-0.7279871941922439,0.4399964114794744
6.125,18,1.6357731388276884,0.9651837794337104,1.499920708335021,-0.00043026742934637596,1.5002635949909298,0.004048637994221886,0.021483033640541365,-0.013108514738045146,-0.13836138657845795,-0.7017175199636072,0.42458419543680703
6.1275,18,1.6382731388276888,0.9666588980741313,1.4999304037963392,-0.00037872513336334457,1.5002321343158793,0.0037102282541440546,0.019761863496642964,-0.012066532125003457,-0.1323681230406768,-0.6751726628917594,0.40896780763190504
6.13,18,1.6407731388276883,0.9681340167145518,1.4999392719514757,-0.00033140252277319426,1.500203229582921,0.0033867887213053626,0.018107400329652117,-0.011063846430381654,-0.12638524875822152,-0.6483518015363539,0.39314654323147297
6.1325,18,1.6432731388276887,0.9696091353549727,1.4999473501933098,-0.00028813196676091835,1.5001767819087846,0.003078293212771485,0.016520335177069332,-0.010100970726704414,-0.12041293157070487,-0.6212541144570424,0.37711969740216095
6.135,18,1.6457731388276882,0.9710842539953932,1.4999546758487365,-0.0002487441043552696,1.500152691125313,0.0027847151260056574,0.01500136112999888,-0.00917841984858926,-0.11445133931776927,-0.5938787802134784,0.3608865653106734
6.1375,18,1.6482731388276886,0.9725593726358142,1.4999612861776177,-0.00021306783929242457,1.5001308557750725,0.0025060274388707744,0.013551173333168192,-0.008296710392731877,-0.10850063983902748,-0.5662249773652988,0.34444644212366543
6.140000000000001,18,1.650773138827689,0.9740344912762352,1.4999672183717403,-0.00018093033487298626,1.5001111731069146,0.002242202709634103,0.012170468984876502,-0.007456360717908474,-0.10256100097412195,-0.5382918844721869,0.3277986230078194
6.1425,18,1.6532731388276884,0.9755096099166556,1.4999725095537595,-0.00015215700884207983,1.500093539071615,0.001993213076957329,0.010859947337043579,-0.006657890944993343,-0.09663259056266789,-0.5100786800937792,0.31094240312985216
6.1450000000000005,18,1.6557731388276888,0.9769847285570766,1.4999771967761502,-0.00012657152824169238,1.5000778483174169,0.0017590302599107047,0.00962030969517776,-0.005901822956926097,-0.09071557644430034,-0.4815845427897222,0.2938770776564015
6.1475,18,1.6582731388276883,0.978459847197497,1.4999813170201663,-0.00010399580428521737,1.5000639941856857,0.00153962555795785,0.008452259418400587,-0.005188680398735,-0.08481012645864192,-0.4528086511196993,0.27660194175418173
6.15,18,1.6607731388276887,0.9799349658379181,1.4999849071947804,-8.424998722467159e-05,1.5000518687064446,0.0013349698509735736,0.007356501919419551,-0.004518988677539057,-0.07891640844532025,-0.4237501836433175,0.25911629058984553
6.1525,18,1.6632731388276882,0.9814100844783384,1.4999880041356446,-6.715246120747587e-05,1.500041362594008,0.0011450335992250038,0.00633374466455482,-0.003893274962529152,-0.07303459024396786,-0.3944083189202553,0.2414194193300925
6.155,18,1.6657731388276886,0.9828852031187595,1.4999906446040348,-5.2519839155218406e-05,1.500032365242567,0.0009697868433768312,0.005384697173724564,-0.0033120681849952943,-0.06716483969420987,-0.3647822355101616,0.22351062314157769
6.1575,18,1.6682731388276881,0.9843603217591799,1.4999928652858052,-4.0166957616438737e-05,1.5000247647217728,0.0008091992045080774,0.004510071020446531,-0.002775899038293083,-0.06130732463567636,-0.33487111197271247,0.20538919719102047
6.16,18,1.6707731388276885,0.9858354403996009,1.499994702790335,-2.9906871639617805e-05,1.5000184477723515,0.0006632398840890368,0.0037105798318359455,-0.0022852999778709567,-0.055462212907992456,-0.30467412686750234,0.18705443664506105
6.1625000000000005,18,1.673273138827689,0.9873105590400219,1.4999961936494859,-2.1550849642393288e-05,1.5000132998016809,0.0005318776639943784,0.0029869392886133737,-0.0018408052212536847,-0.0496296723507808,-0.2741904587542346,0.1685056366704015
6.165,18,1.6757731388276884,0.9887856776804423,1.4999973743165518,-1.49083682687845e-05,1.5000092048793898,0.0004150809064942359,0.002339867125100006,-0.0014429507480662126,-0.04380987080367888,-0.2434192861925606,0.1497420924337142
6.1675,18,1.6782731388276888,0.9902607963208633,1.4999982811652017,-9.787107265291084e-06,1.5000060457329645,0.0003128175542652138,0.001770083129224468,-0.001092274300003005,-0.038002976106309344,-0.2123597877421094,0.13076309910169875
6.17,18,1.6807731388276883,0.9917359149612838,1.4999989504884412,-5.992944339672235e-06,1.5000037037433311,0.00022505513038671878,0.0012783091425008113,-0.000789315380834595,-0.0322091560982998,-0.1810111419625472,0.11156795184101023
6.1725,18,1.6832731388276887,0.9932110336017047,1.4999994184975594,-3.329950025054984e-06,1.5000020589404492,0.00015176073833257436,0.000865269060052097,-0.0005346152564348375,-0.02642857861928031,-0.14937252741352788,0.0921559458183383
6.175,18,1.6857731388276882,0.9946861522421252,1.4999997213210758,-1.600382552480184e-06,1.500000989998913,9.290106198359883e-05,0.0005316888306098698,-0.00032871695474107803,-0.02066141150887352,-0.11744312265469783,0.07252637620037267
6.1775,18,1.6882731388276886,0.9961612708825461,1.4999998950036975,-6.046827141226174e-07,1.5000003742335473,4.8442365615027526e-05,0.0002782964564890046,-0.00017216526578769497,-0.014907822606716926,-0.08522210624570595,0.052678538153773345
6.18,18,1.690773138827688,0.9976363895229666,1.4999999755052686,-1.414687325063113e-07,1.5000000875949953,1.8350493911186634e-05,0.00010582199362072148,-6.550674168513545e-05,-0.009167979752425755,-0.052708656746223374,0.032611726845234966
6.1825,18,1.6932731388276885,0.9991115081633876,1.49999999869972,-7.53112172624526e-09,1.500000004665322,2.5908719466268634e-06,1.4997551535816225e-05,-9.289696640878722e-06,-0.0034420507856325485,-0.019901952715884155,0.0123252374414324
6.184005797249569,18,1.6947789360772558,1.0,1.5000000000000007,-2.220446049250313e-16,1.5000000000000013,-5.240674171676381e-16,-5.63372473455211e-15,4.716606754508744e-15,-6.184492927209107e-16,-9.27673939081366e-15,2.1259194437281307e-15
