time,segment_id,segment_local_time,u,position_x,position_y,position_z,velocity_x,velocity_y,velocity_z,acceleration_x,acceleration_y,acceleration_z
0.0,0,0.0,0.0,-1.5,0.0,1.5,0.0,0.0,0.0,0.0,0.0,0.0
0.005,0,0.005,0.0028060089843893405,-1.5000000672244551,-1.5149899412577878e-07,1.5000000470763915,-4.022344707395909e-05,-9.074945972182686e-05,2.816614240744196e-05,-0.016000466179416348,-0.03617990653658028,0.011202755218782012
0.01,0,0.01,0.005612017968778681,-1.500000533353416,-1.2060016879367994e-06,1.5000003734286529,-0.00015911894286622054,-0.00036060389438239066,0.00011139314400513905,-0.031469501002066934,-0.07164271048311331,0.02202486552795539
0.015,0,0.015,0.00841802695316802,-1.5000017851212724,-4.050087186441617e-06,1.5000012496160657,-0.00035403955331414526,-0.0008059885986457329,0.0002477856080228481,-0.04641119355642766,-0.10639273488531024,0.03246946203864017
0.02,0,0.02,0.011224035937557362,-1.5000041960788568,-9.552515106040393e-06,1.5000029367600654,-0.0006223587897974738,-0.0014233504824044518,0.0004354637932459265,-0.060829632930974424,-0.1404343027888823,0.04253967586195639
0.025,0,0.025,0.014030044921946703,-1.5000081266956726,-1.856433365066766e-05,1.5000056866225209,-0.0009614706091383262,-0.0022091580707797004,0.0006725636140153312,-0.07472890821418313,-0.17377173723954062,0.05223863810902407
0.03,0,0.03,0.01683605390633604,-1.500013924462121,-3.1918987687935076e-05,1.5000097416840117,-0.0013687894136012013,-0.003159901504121186,0.0009572366402276195,-0.08811310849452968,-0.2064093612829963,0.06156947989096325
0.035,0,0.035,0.019642062890725384,-1.5000219239917274,-5.043242682527433e-05,1.500015335222105,-0.0018417500508929794,-0.004272092538007177,0.00128765009733495,-0.10098632286048996,-0.2383514979649606,0.07053533231889397
0.04,0,0.04,0.022448071875114724,-1.5000324471233706,-7.490321348607971e-05,1.500022691389635,-0.002377807814162917,-0.005542264543244493,0.0016619868663450786,-0.11335264040053988,-0.26960247033114465,0.07913932650393626
0.045,0,0.045,0.025254080859504063,-1.5000458030235075,-0.00010611263098585106,1.5000320252929795,-0.0029744384420026535,-0.006966972505868508,0.0020784454838213644,-0.12521615020315538,-0.3001666014272596,0.08738459355721014
0.05,0,0.05,0.028060089843893406,-1.5000622882884023,-0.00014482479160833652,1.5000435430703378,-0.0036291381184462073,-0.00854279302714316,0.002535240141882766,-0.1365809413568123,-0.3300482142990167,0.09527426458983565
0.055,0,0.055,0.030866098828282743,-1.500082187046353,-0.0001917867446816751,1.500057441970009,-0.004339423472969972,-0.010266324323560928,0.0030306006882038403,-0.14745110294998656,-0.3592516319921269,0.10281147071293281
0.06,0,0.06,0.03367210781267208,-1.500105771059918,-0.0002477285846545399,1.5000739104286693,-0.005102831580492726,-0.012134186226842867,0.003562772626014746,-0.15783072407115403,-0.38778117755230157,0.10999934303762166
0.065,0,0.065,0.03647811679706143,-1.5001332998281443,-0.00031336355917228084,1.50009312814965,-0.00591691996137563,-0.014143020183938577,0.004130017114101245,-0.1677238938087907,-0.41564117402525186,0.11684101267502225
0.07,0,0.07,0.03928412578145077,-1.5001650206887944,-0.00038938817715306626,1.500115266181215,-0.006779266581422211,-0.0162894892570262,0.00473061096680469,-0.17713470125137243,-0.44283594445668895,0.12333961073625462
0.075,0,0.075,0.0420901347658401,-1.5002011689205732,-0.00047648231686402755,1.500140486994839,-0.007687469851878385,-0.018570278123512453,0.005362846654022041,-0.18606723548737503,-0.4693698118923237,0.12949826833243874
0.08,0,0.08,0.04489614375022945,-1.5002419678453558,-0.0005753093339974013,1.5001689445634854,-0.008639148629432455,-0.020982093076032618,0.006025032301205863,-0.19452558560527455,-0.4952470993778677,0.13532011657469475
0.085,0,0.085,0.04770215273461879,-1.500287628930414,-0.0006865161697466708,1.5002007844398828,-0.009631942216215087,-0.0235216620224505,0.006715491689364308,-0.20251384069354678,-0.5204721299590319,0.14080828657414254
0.09,0,0.09,0.05050816171900813,-1.5003383518906435,-0.0008107334588827105,1.500236143834805,-0.010663510359799335,-0.026185734485858484,0.00743256425506114,-0.2100360898406677,-0.5450492266815276,0.14596590944190227
0.095,0,0.095,0.053314170703397466,-1.5003943247907923,-0.0009485756378299281,1.5002751516953465,-0.011731533253200638,-0.028971081604577512,0.00817460509041572,-0.21709642213511315,-0.5689827125910657,0.1507961162890939
0.1,0,0.1,0.05612017968778681,-1.5004557241476868,-0.0011006410527424075,1.5003179287832016,-0.012833711534876805,-0.03187449613215707,0.008939984943103002,-0.22369892666535904,-0.5922769107333576,0.1553020382268375
0.105,0,0.105,0.058926188672176145,-1.500522715032459,-0.0012675120675800502,1.5003645877529421,-0.013967766288728024,-0.0348927924373752,0.009727090216353547,-0.2298476925198813,-0.6149361441541142,0.15948680636625304
0.11,0,0.11,0.061732197656565485,-1.500595451172774,-0.0014497551721847214,1.5004152332302945,-0.015131439044096867,-0.038022806504238504,0.010534322968953517,-0.2355468087871558,-0.6369647358990471,0.16335355181846067
0.115,0,0.115,0.06453820664095483,-1.5006740750550578,-0.00164792109035639,1.500469961890418,-0.0163224917757683,-0.04126139593198216,0.011360100915244677,-0.24080036455565845,-0.6583670090138671,0.16690540569458032
0.12,0,0.12,0.06734421562534416,-1.5007587180267234,-0.0018625448879292697,1.500528862536183,-0.017538706903969623,-0.04460543993506983,0.012202857425124372,-0.24561244891386516,-0.6791472865442855,0.17014549910573204
0.125,0,0.125,0.07015022460973351,-1.5008495003983986,-0.0020941460808479692,1.5005920161764479,-0.01877788729437058,-0.048051839343193854,0.013061041524045584,-0.2499871509502518,-0.6993098915360136,0.1730769631630359
0.13,0,0.13,0.07295623359412286,-1.5009465315461534,-0.0023432287432436257,1.5006594961043371,-0.020037856258083242,-0.051597516601275026,0.013933117893016857,-0.2539285597532943,-0.7188591470347622,0.1757029289776119
0.135,0,0.135,0.07576224257851219,-1.5010499100137267,-0.0026102816155100512,1.5007313679755194,-0.021316457551662074,-0.055239415769462695,0.014817566868602352,-0.2574407644114686,-0.7377993760862428,0.17802652766058005
0.14,0,0.14,0.07856825156290154,-1.501159723614754,-0.00289577821237988,1.5008076898864846,-0.02261155537710394,-0.05897450252313485,0.015712884442921845,-0.26052785401325057,-0.7561349017361666,0.1800508903230605
0.145,0,0.145,0.08137426054729087,-1.501276049534994,-0.0032001769310007044,1.5008885124528228,-0.023921034381848054,-0.06279976415289795,0.01661758226365068,-0.263193917647116,-0.7738700470302443,0.18177914807617315
0.15,0,0.15,0.0841802695316802,-1.501398954434557,-0.003523921159011222,1.500973878887501,-0.025242799658776027,-0.06671220956458705,0.017530187634019822,-0.265443044401541,-0.7910091350141875,0.18321443203103807
0.155,0,0.155,0.08698627851606955,-1.5015284945501302,-0.0038674393826173786,1.5010638250791406,-0.026574776746211854,-0.07070886927926578,0.018449243512815842,-0.2672793233650013,-0.8075564887337073,0.18435987329877532
0.16,0,0.16,0.0897922875004589,-1.501664715797207,-0.004231145294668505,1.5011583796702972,-0.027914911627921892,-0.07478679543322629,0.019373308514380905,-0.26870684362597286,-0.8235164312345147,0.18521860299050494
0.165,0,0.165,0.09259829648484824,-1.5018076538723126,-0.004615437902733468,1.5012575641357357,-0.029261170733114895,-0.07894306177798927,0.02030095690861275,-0.26972969427293164,-0.838893285562321,0.1857937522173468
0.17,0,0.17,0.09540430546923757,-1.5019573343552324,-0.005020701637176805,1.5013613928607104,-0.030611540936441986,-0.083174763680304,0.021230778620964754,-0.2703519643943534,-0.8536913747628375,0.18608845209042124
0.17500000000000002,0,0.17500000000000002,0.09821031445362692,-1.5021137728112381,-0.0054473064592348765,1.5014698732192409,-0.03196402955799666,-0.08747901812214835,0.022161379232445887,-0.27057774307871424,-0.867915021881775,0.18610583372084802
0.18,0,0.18,0.10101632343801625,-1.5022769748933162,-0.005895607969092002,1.5015830056523913,-0.03331666436331481,-0.09185296370072864,0.02309137997962069,-0.27041111941448986,-0.881568549964845,0.18584902821974733
0.185,0,0.185,0.10382233242240559,-1.5024469364443935,-0.0063659475139566,1.501700783746547,-0.03466749356337471,-0.09629376062847984,0.024019417754609338,-0.26985618249015625,-0.8946562820577584,0.18532116669823914
0.19,0,0.19,0.10662834140679493,-1.502623643599566,-0.006858652296137345,1.5018231943116935,-0.036014585814596996,-0.1007985907330655,0.024944145105087603,-0.2689170213941892,-0.9071825412062265,0.1845253802674434
0.195,0,0.195,0.10943435039118428,-1.5028070728883252,-0.007374035481119289,1.5019502174596928,-0.037356030218844684,-0.10536465745737758,0.025864230234286828,-0.2675977252150648,-0.9191516504559605,0.18346480003848037
0.2,0,0.2,0.11224035937557363,-1.5029971913367857,-0.007912396305640022,1.5020818266825624,-0.03868993632342317,-0.10998918585953674,0.026778357000993996,-0.2659023830412589,-0.9305679328526717,0.18214255712246985
0.20500000000000002,0,0.20500000000000002,0.11504636835996296,-1.5031939565699122,-0.008474020185765804,1.5022179889307528,-0.04001443412108025,-0.1146694226128921,0.027685224919551655,-0.26383508396124733,-0.9414357114420706,0.180561782630532
0.21,0,0.21,0.11785237734435229,-1.5033973169137462,-0.009059178824967717,1.5023586646914244,-0.04132767405000609,-0.11940263600602143,0.02858354915985797,-0.2613999170635061,-0.9517593092698693,0.17872560767378673
0.215,0,0.215,0.12065838632874164,-1.5036072114976344,-0.009668130322197804,1.5025038080667268,-0.04262782699383322,-0.12418611594273098,0.029472060547366716,-0.2586009714365109,-0.9615430493817786,0.1766371633633543
0.22,0,0.22,0.12346439531313097,-1.5038235703564553,-0.010301119279965205,1.5026533668520754,-0.043913084281636566,-0.12901717394205559,0.030349505563087232,-0.255442336168738,-0.9707912548235093,0.1742995808103546
0.225,0,0.225,0.12627040429752032,-1.5040463145328458,-0.010958376912412311,1.5028072826144292,-0.045181657687933426,-0.13389314313825862,0.031214646343584507,-0.2519281003486629,-0.9795082486407729,0.17171599112590755
0.23,0,0.23,0.12907641328190966,-1.5042753561794295,-0.011640121153390899,1.5029654907705696,-0.046431779432683506,-0.1388113782808321,0.032066260680979106,-0.24806235306476163,-0.9876983538792805,0.1688895254211334
0.23500000000000001,0,0.23500000000000001,0.131882422266299,-1.5045105986610432,-0.012346556764538275,1.503127920665377,-0.04766170218128882,-0.1437692557344964,0.032903142022947175,-0.2438491834055102,-0.9953658935847434,0.165823314807152
0.24,0,0.24,0.13468843125068833,-1.5047519366569644,-0.013077875443353409,1.503294495650109,-0.048869699044593796,-0.14876417347920057,0.033724099472720474,-0.2392926804593845,-1.0025151908028724,0.1625204903950836
0.245,0,0.245,0.13749444023507768,-1.5049992562631382,-0.013834255931273125,1.5034651331606788,-0.05005406357888531,-0.15379355111012236,0.034527957789086385,-0.2343969333148604,-1.0091505685793791,0.15898418329604808
0.25,0,0.25,0.14030044921946702,-1.5052524350944052,-0.014615864121748165,1.5036397447959318,-0.05121310978589254,-0.15885482983766788,0.03531355738638788,-0.22916603106041353,-1.0152763499599746,0.1552175246211653
0.255,0,0.255,0.14310645820385637,-1.505511342386728,-0.015422853168319393,1.5038182363959243,-0.052345172112787046,-0.16394547248747185,0.03607975433452351,-0.22360406278452016,-1.0208968579903697,0.15122364548155556
0.26,0,0.26,0.14591246718824571,-1.505775839099418,-0.01625536359269391,1.504000508120201,-0.053448605452182794,-0.16906296350039746,0.03682542035894743,-0.217715117575656,-1.0260164157162759,0.14700567698833883
0.265,0,0.265,0.14871847617263503,-1.5060457780173646,-0.017113523392821205,1.5041864545260728,-0.05452178514213608,-0.17420480893253656,0.037549442840669404,-0.21150328452229744,-1.0306393461834045,0.14256675025263532
0.27,0,0.27,0.15152448515702438,-1.5063210038532604,-0.01799744815096932,1.5043759646468944,-0.05556310696614572,-0.17936853645520967,0.03825072481625483,-0.20497265271291942,-1.034769972437466,0.13790999638556464
0.275,0,0.275,0.15433049414141373,-1.5066013533498286,-0.01890724114180093,1.5045689220703422,-0.05657098715315272,-0.18455169535496566,0.038928184977824645,-0.1981273112359985,-1.0384126175241721,0.13303854649824717
0.28,0,0.28,0.15713650312580307,-1.5068866553820517,-0.019842993440449562,1.5047652050166922,-0.05754386237754061,-0.189751856533582,0.039580757673055425,-0.19097134918001057,-1.041571604489234,0.12795553170180266
0.28500000000000003,0,0.28500000000000003,0.15994251211019242,-1.5071767310593969,-0.02080478403059569,1.5049646864170978,-0.05848018975913518,-0.1949666125080648,0.04020739290517932,-0.18350885563343147,-1.0442512563783626,0.12266408310735148
0.29,0,0.29,0.16274852109458174,-1.5074713938280446,-0.021792679912542863,1.5051672339918671,-0.05937844686320472,-0.20019357741064864,0.04080705633298413,-0.175743919684737,-1.0464558962372692,0.1171673318260134
0.295,0,0.295,0.16555453007897106,-1.507770449573115,-0.02280673621129392,1.5053727103287413,-0.060237131700459794,-0.20543038698879654,0.04137872927081318,-0.16768063042240325,-1.0481898471116653,0.11146840896890864
0.3,0,0.3,0.1683605390633604,-1.5080736967208956,-0.023846996284627067,1.505580972961172,-0.061054762727053465,-0.21067469860520052,0.04192140868856545,-0.15932307693490563,-1.0494574320472614,0.10557044564715712
0.305,0,0.305,0.17116654804774975,-1.508380926341068,-0.024913491831172044,1.5057918744465995,-0.061829878844581077,-0.21592419123778073,0.04243410721169554,-0.15067534831072055,-1.0502629740897687,0.0994765729718787
0.31,0,0.31,0.1739725570321391,-1.5086919222489354,-0.026006242998486247,1.5060052624447298,-0.06256103940008033,-0.22117656547968595,0.042915853121213564,-0.14174153363832379,-1.0506107962848996,0.09318992205419385
0.315,0,0.315,0.17677856601652844,-1.5090064611076504,-0.0271252584911309,1.5062209797958135,-0.0632468241860314,-0.22642954353929365,0.04336569035368533,-0.13252572200619117,-1.0505052216783635,0.08671362400522205
0.32,0,0.32,0.1795845750009178,-1.5093243125304405,-0.02827053567874719,1.5064388645989222,-0.0638858334403568,-0.23168086924020972,0.04378267850123219,-0.12303200250279848,-1.0499505733158727,0.08005080993608395
0.325,0,0.325,0.18239058398530714,-1.5096452391828377,-0.02944206070413239,1.5066587502902273,-0.06447668784642144,-0.23692830802126863,0.044165892811531104,-0.11326446421662204,-1.0489511742431377,0.07320461095789901
0.33,0,0.33,0.18519659296969648,-1.509968996884903,-0.030639808591316042,1.5068804657212775,-0.06501802853303251,-0.2421696469365335,0.04451442418781463,-0.10322719623613742,-1.0475113475058702,0.06617815818178763
0.335,0,0.335,0.1880026019540858,-1.5102953347134567,-0.03186374335363604,1.507103835237277,-0.06550851707443973,-0.24740269465529596,0.044827379188870954,-0.09292428764982066,-1.0456354161497816,0.05897458271886977
0.34,0,0.34,0.19080861093847515,-1.5106239951043026,-0.03311381810181485,1.5073286787553617,-0.06594683549033514,-0.25262528146207613,0.04510388002904384,-0.08235982754614754,-1.043327703220582,0.05159701568026553
0.34500000000000003,0,0.34500000000000003,0.1936146199228645,-1.5109547139544568,-0.03438997515203557,1.5075548118428794,-0.06633168624585309,-0.2578352592566228,0.04534306457823266,-0.0715379050135939,-1.0405925317639833,0.04404858817709458
0.35000000000000003,0,0.35000000000000003,0.19642062890725384,-1.5112872207243755,-0.03569214613401814,1.5077820457956652,-0.06666179225157039,-0.2630305015539131,0.045544086361892396,-0.06046260914063593,-1.0374342248256971,0.03633243132047732
0.355,0,0.355,0.19922663789164316,-1.5116212385401804,-0.03702025209909543,1.508010187716321,-0.06693589686350622,-0.2682089034841531,0.045706114561033566,-0.049138029015749235,-1.0338571054514336,0.028451676221533835
0.36,0,0.36,0.2020326468760325,-1.5119564842958875,-0.03837420362828946,1.5082390405924924,-0.0671527638831221,-0.273368381792777,0.04582833401222238,-0.037568253727409975,-1.0298654966869045,0.02040945399138382
0.365,0,0.365,0.20483865586042183,-1.5122926687556335,-0.03975390094038743,1.508468403375147,-0.06731117755732204,-0.2785068748404479,0.0459099452075806,-0.025757372364093485,-1.0254637215778208,0.012208895741147509
0.37,0,0.37,0.20764466484481117,-1.512629496655903,-0.041159234000017975,1.5086980710568516,-0.06740994257845224,-0.28362234260305713,0.04595016429478558,-0.013709474014276628,-1.0206561031698935,0.003853132581944866
0.375,0,0.375,0.21045067382920052,-1.5129666668077566,-0.042590082625727256,1.5089278347500503,-0.0674478840843014,-0.288712766671725,0.04594822307707029,-0.0014286477664341702,-1.0154469645088342,-0.0046547043751041465
0.38,0,0.38,0.21325668281358987,-1.5133038721990568,-0.04404631659805508,1.5091574817653424,-0.06742384765810065,-0.29377615025279985,0.04590336901322335,0.01108101729095702,-1.009840628640354,-0.013311484018879148
0.385,0,0.385,0.2160626917979792,-1.513640800096696,-0.04552779576761105,1.5093867956897598,-0.0673366993285234,-0.29881051816785903,0.04581486521758887,0.023815432069421338,-1.003841418610164,-0.022114075238260457
0.39,0,0.39,0.21886870078236856,-1.513977132148824,-0.047034370163150804,1.5096155564650453,-0.06718532556968548,-0.3038139168537081,0.045681990460066574,0.03677050748048303,-0.9974536574639749,-0.03105934692212783
0.395,0,0.395,0.2216747097667579,-1.5143125444870744,-0.048565880099652,1.50984354046593,-0.06696863330114504,-0.30878441436238163,0.045504039166111995,0.04994215443566664,-0.9906816682474983,-0.040144167959361585
0.4,0,0.4,0.22448071875114725,-1.514646707828792,-0.05012215628639059,1.510070520578411,-0.0666855498879027,-0.3137201003611422,0.04528032141673589,0.06332628384649515,-0.9835297740064461,-0.049365407238841065
0.405,0,0.405,0.22728672773553657,-1.5149792875792605,-0.051703019935016865,1.5102962662780295,-0.06633502314040148,-0.3186190861324813,0.045010162948504996,0.07691880662449352,-0.9760022977865279,-0.05871993364944673
0.41000000000000003,0,0.41000000000000003,0.23009273671992592,-1.5153099439339295,-0.05330828286763171,1.5105205437081484,-0.0659160213145266,-0.3234795045741189,0.04469290515354142,0.0907156336811853,-0.9681035626334554,-0.06820461608005861
0.41500000000000004,0,0.41500000000000004,0.23289874570431526,-1.5156383319806415,-0.05493774762486263,1.51074311575823,-0.06542753311160587,-0.32829951019900344,0.04432790507952296,0.10471267592809462,-0.9598378915929409,-0.07781632341955617
0.42,0,0.42,0.23570475468870458,-1.515964101801859,-0.056591207573939935,1.5109637421421143,-0.06486856767840948,-0.33307727913531204,0.04391453542968293,0.1189058442767464,-0.9512096077106941,-0.08755192455682019
0.425,0,0.425,0.23851076367309393,-1.516286898576893,-0.058268447016772945,1.5111821794762954,-0.0642381546071497,-0.33781100912645035,0.043452184562810366,0.1332910496386645,-0.9422230340324272,-0.0974082883807297
0.43,0,0.43,0.24131677265748327,-1.5166063626841275,-0.05996924129802603,1.5113981813582014,-0.06353534393548144,-0.34249891953105244,0.042940256493249784,0.14786420292537217,-0.9328824936038503,-0.10738228378016543
0.435,0,0.435,0.2441227816418726,-1.5169221298032496,-0.06169335691319481,1.5116114984444702,-0.06275920614650213,-0.3471392513229812,0.042378170890901345,0.16262121504839355,-0.9231923094706762,-0.11747077964400672
0.44,0,0.44,0.24692879062626194,-1.5172338310174753,-0.06344055161668236,1.5118218785292283,-0.061908832168751114,-0.35173026709132776,0.04176536308122087,0.17755799691925386,-0.9131568046786137,-0.12767064486113391
0.445,0,0.445,0.2497347996106513,-1.5175410929157767,-0.06521057452987515,1.5120290666223688,-0.06098333337621067,-0.35627025104041204,0.04110128404521977,0.19267045944947694,-0.9027803022733754,-0.13797874832042703
0.45,0,0.45,0.25254080859504063,-1.5178435376951092,-0.06700316624921945,1.512232805027828,-0.05998184158830484,-0.36075750898978237,0.04038540041946484,0.20795451355058578,-0.8920671253006736,-0.14839195891076584
0.455,0,0.455,0.25534681757942995,-1.5181407832626397,-0.06881805895429724,1.5124328334218642,-0.058903509069900696,-0.36519036837421576,0.039617194496078846,0.2234060701341056,-0.8810215968062177,-0.15890714552103036
0.46,0,0.46,0.2581528265638193,-1.5184324433379721,-0.07065497651590255,1.5126288889313357,-0.05774750853130732,-0.369567178243718,0.038796164222739925,0.23902104011156053,-0.8696480398357184,-0.1695211770401008
0.465,0,0.465,0.26095883554820865,-1.518718127555376,-0.07251363460411742,1.5128207062119774,-0.056513033128276005,-0.3738863092635224,0.037921823202681684,0.25479533439447355,-0.8579507774348889,-0.18023092235685634
0.47000000000000003,0,0.47000000000000003,0.263764844532598,-1.5189974415660137,-0.07439374079638822,1.5130080175266796,-0.05519929646200097,-0.37814615371409244,0.036993700694693724,0.2707248638943696,-0.8459341326494393,-0.19103325036017826
0.47500000000000003,0,0.47500000000000003,0.26657085351698734,-1.519269987140166,-0.07629499468560157,1.5131905528237652,-0.05380553257911815,-0.3823451254911188,0.03601134161312087,0.2868055395227731,-0.8336024285250806,-0.20192502993894548
0.48,0,0.48,0.26937686250137666,-1.5195353622694614,-0.0782170879881608,1.5133680398152682,-0.052330995971706436,-0.38648166010552115,0.03497430652786373,0.3030332721912068,-0.8209599881075241,-0.21290312998203823
0.485,0,0.485,0.27218287148576603,-1.519793161269102,-0.08015970465206183,1.5135402040552104,-0.05077496157728673,-0.39055421468344814,0.03388217166437844,0.3194039728111964,-0.8080111344424812,-0.2239644193783365
0.49,0,0.49,0.27498888047015535,-1.5200429748800917,-0.08212252096496928,1.5137067690178803,-0.049136724778822735,-0.3945612679662763,0.03273452890367688,0.3359135522942647,-0.7947601905756628,-0.23510576701672006
0.495,0,0.495,0.27779488945454467,-1.5202843903714618,-0.0841052056622929,1.5138674561761096,-0.047415601404719815,-0.39850132031061136,0.03153098578232632,0.3525579215519369,-0.7812114795527803,-0.24632404178606965
0.5,0,0.5,0.28060089843893404,-1.5205169916424999,-0.08610742003526346,1.5140219850795529,-0.04561092772882649,-0.402372893688287,0.030271165492449795,0.36933299149573706,-0.7673693244195444,-0.25761611257526473
0.505,0,0.505,0.28340690742332336,-1.5207403593249766,-0.08812881803900896,1.514170073432963,-0.043722060470433005,-0.4061745316863656,0.028954706881725783,0.38623467303718767,-0.7532380482216672,-0.2689788482731844
0.51,0,0.51,0.28621291640771274,-1.5209540708853722,-0.09016904640063077,1.514311437174471,-0.041748376794272596,-0.40990479950713876,0.027581264453388644,0.4032588770878151,-0.7388219740048577,-0.2804091177687105
0.515,0,0.515,0.28901892539210206,-1.5211577007271042,-0.09222774472727983,1.5144457905538624,-0.03968927431052039,-0.41356228396812555,0.02615050836622789,0.42040151455914176,-0.7241254248148302,-0.2919037899507211
0.52,0,0.52,0.29182493437649143,-1.5213508202927548,-0.09430454561423281,1.514572846210856,-0.03754417107479413,-0.4171455935020746,0.024662124434589146,0.43765849636269255,-0.7091527236972934,-0.3034597337080975
0.525,0,0.525,0.29463094336088075,-1.5215329981662982,-0.09639907475296798,1.5146923152533809,-0.03531250558815391,-0.4206533581569622,0.02311581412837318,0.45502573340999114,-0.6939081936979602,-0.3150738179297189
0.53,0,0.53,0.29743695234527007,-1.5217038001753265,-0.09851095103924179,1.5148039073358548,-0.03299373679710197,-0.4240842295959939,0.021511294573036657,0.4724991366125607,-0.6783961578625404,-0.3267429115044653
0.535,0,0.535,0.30024296132965944,-1.5218627894932792,-0.10063978668116469,1.5149073307374614,-0.030587344093583605,-0.42743688109760375,0.01984829854959189,0.49007461688192794,-0.6626209392367459,-0.3384638833212175
0.54,0,0.54,0.30304897031404876,-1.522009526741668,-0.1027851873072774,1.5150022924404285,-0.028092827314985643,-0.4307100075554535,0.018126574494606397,0.5077480851296147,-0.646586860866287,-0.3502336022688544
0.545,0,0.545,0.30585497929843813,-1.522143570092306,-0.10494675207462696,1.5150884982083053,-0.025509706744137696,-0.4339023254784351,0.01634588650020366,0.5255154522671461,-0.6302982457968758,-0.36204893723625703
0.55,0,0.55,0.30866098828282745,-1.5222644753695336,-0.10712407377684299,1.5151656526642412,-0.022837523109311853,-0.4370125729906669,0.014506014314062737,0.5433726292060465,-0.6137594170742233,-0.3739067571123043
0.555,0,0.555,0.3114669972672168,-1.5223717961524463,-0.1093167389522138,1.515233459369262,-0.020075837584222433,-0.4400395098314981,0.012606753339418086,0.5613155268578389,-0.5969746977440402,-0.3858039307858772
0.56,0,0.56,0.31427300625160615,-1.5224650838771214,-0.11152432799176239,1.5152916209005494,-0.017224231788026165,-0.44298191735550435,0.010647914635059992,0.5793400561340485,-0.5799484108520389,-0.39773732714585464
0.5650000000000001,0,0.5650000000000001,0.31707901523599547,-1.5225438879388464,-0.11374641524732294,1.5153398389297172,-0.014282307785322123,-0.44583859853249147,0.008629324915334084,0.5974421279461978,-0.562684879443929,-0.40970381508111714
0.5700000000000001,0,0.5700000000000001,0.31988502422038484,-1.5226077557943447,-0.11598256913961655,1.5153778143010905,-0.011249688086151614,-0.4486083779474929,0.006550826550141815,0.6156176532058125,-0.545188426565422,-0.4217002634805447
0.5750000000000001,0,0.5750000000000001,0.32269103320477416,-1.5226562330640039,-0.11823235226632747,1.5154052471099824,-0.008126015645998918,-0.45129010180077145,0.00441227756494035,0.6338625428244166,-0.5274633752622298,-0.4337235412330173
0.58,0,0.58,0.3254970421891635,-1.522688863634102,-0.12049532151017961,1.5154218367809718,-0.004910953865790037,-0.4538826379078172,0.0022135516407418726,0.652172707713534,-0.5095140485800627,-0.44577051722741484
0.585,0,0.585,0.3283030511735528,-1.5227051897590365,-0.12277102814701224,1.5154272821461825,-0.0016041865918935158,-0.4563848756993498,-4.546188588522307e-05,0.6705440587846873,-0.4913447695646331,-0.457838060352617
0.59,0,0.59,0.3311090601579421,-1.5227047521635488,-0.12505901795385632,1.5154212815235595,0.001794581883879504,-0.4587957262213173,-0.0023648580228171484,0.688972506949402,-0.47295986126165257,-0.4699230394975041
0.595,0,0.595,0.3339150691423315,-1.522687090144954,-0.1273588313170106,1.515403532795147,0.005285626824275592,-0.4611141221348965,-0.00474471612237447,0.7074539631192036,-0.4543636467168291,-0.4820223235509561
0.6,0,0.6,0.3367210781267208,-1.5226517416753669,-0.12967000334011777,1.515373733485367,0.008869203046599154,-0.463339017716492,-0.0071850998813224815,0.7259843382056134,-0.43556044897587626,-0.4941327814018529
0.605,0,0.605,0.3395270871111102,-1.5225982435039291,-0.13199206395224075,1.5153315808392962,0.012545544922711933,-0.4654693888577381,-0.009686057340870271,0.7445595431201582,-0.4165545910845039,-0.5062512819390748
0.61,0,0.61,0.3423330960954995,-1.522526131259037,-0.1343245380159385,1.5152767719009448,0.016314866379033448,-0.46750423306549604,-0.012247620886671903,0.7631754887743595,-0.3973503960884249,-0.518374694051501
0.615,0,0.615,0.3451391050798889,-1.5224349395505676,-0.13666694543534252,1.5152090035915324,0.020177360896540868,-0.4694425694618572,-0.014869807248825364,0.7818280860797423,-0.3779521870333502,-0.5304998866280126
0.62,0,0.62,0.3479451140642782,-1.5223242020721077,-0.1390188012642328,1.5151279727877685,0.024133201510768885,-0.47128343878414064,-0.017552617501873674,0.8005132459478316,-0.3583642869649913,-0.5426237285574873
0.625,0,0.625,0.35075112304866757,-1.5221934517031794,-0.14137961581411393,1.5150333764001276,0.02818254081180959,-0.4730259033848945,-0.020296037064803405,0.8192268792901511,-0.33859101892905547,-0.5547430887288086
0.63,0,0.63,0.3535571320330569,-1.522042220611468,-0.1437488947622913,1.5149249114511285,0.03232551094431323,-0.47466904723189485,-0.02310003570104629,0.8379648970182242,-0.3186367059712587,-0.5668548360308532
0.635,0,0.635,0.3563631410174462,-1.5218700403550494,-0.14612613925994736,1.514802275153612,0.03656222360748719,-0.4762119759081467,-0.02596456751847791,0.8567232100435743,-0.29850567113731014,-0.5789558393525025
0.64,0,0.64,0.3591691500018356,-1.5216764419846167,-0.14851084604021778,1.5146651649890182,0.04089277005509701,-0.47765381661188394,-0.02888957096941872,0.8754977292777291,-0.2782022374729206,-0.5910429675826363
0.645,0,0.645,0.3619751589862249,-1.521460956145708,-0.150902507526267,1.5145132787856643,0.045317221095465016,-0.47899371815656827,-0.03187496885063319,0.8942843656322089,-0.2577307280238032,-0.6031130896101352
0.65,0,0.65,0.3647811679706143,-1.5212231131809333,-0.1533006119393653,1.5143463147970229,0.049835627091472164,-0.4802308509708902,-0.03492066830333048,0.9130790300185399,-0.23709546583566596,-0.6151630743238786
0.655,0,0.655,0.3675871769550036,-1.5209624432322022,-0.15570464340696433,1.5141639717799993,0.054448017960556074,-0.4813644070987695,-0.03802656081316384,0.9318776333482446,-0.2163007739542219,-0.627189790612746
0.66,0,0.66,0.37039318593939297,-1.5206784763429502,-0.15811408207077332,1.5139659490732096,0.05915440317471276,-0.4823936001993532,-0.041192522210231265,0.9506760865328476,-0.19535097542518304,-0.6391901073656179
0.665,0,0.665,0.3731991949237823,-1.5203707425603665,-0.1605284041948355,1.5137519466752578,0.06395477176049538,-0.48331766554701816,-0.0444184126690749,0.9694703004838738,-0.17425039329425904,-0.6511608934713738
0.67,0,0.67,0.3760052039081716,-1.5200387720376214,-0.1629470822736038,1.5135216653230144,0.06884909229901477,-0.48413586003136877,-0.04770407670868136,0.9882561861128473,-0.15300335060716191,-0.6630990178188947
0.675,0,0.675,0.378811212892561,-1.5196820951360932,-0.16536958514001757,1.5132748065698942,0.07383731292593962,-0.48484746215723873,-0.051049343192481535,1.007029654331291,-0.1316141704096019,-0.6750013492970592
0.68,0,0.68,0.3816172218769503,-1.5193002425275952,-0.16779537807357803,1.513011072864133,0.07891936133149592,-0.4854517720446902,-0.05445402532835118,1.0257866160507305,-0.11008717574729153,-0.6868647567947486
0.685,0,0.685,0.38442323086133967,-1.5188927452966032,-0.17022392290842503,1.5127301676270668,0.08409514476046795,-0.4859481114290134,-0.05791792066860982,1.0445229821826898,-0.08842668966593939,-0.6986861092008422
0.6900000000000001,0,0.6900000000000001,0.387229239845729,-1.5184591350424834,-0.17265467814141294,1.5124317953314086,0.08936455001219636,-0.48633582366072736,-0.06144081111002173,1.0632346636386911,-0.06663703521125967,-0.7104622754042198
0.6950000000000001,0,0.6950000000000001,0.39003524883011836,-1.5179989439817176,-0.1750870990401867,1.5121156615795264,0.09472744344058072,-0.4866142737055802,-0.06502246289379553,1.0819175713302602,-0.044722535428962096,-0.7221901242937615
0.7000000000000001,0,0.7000000000000001,0.3928412578145077,-1.5175117050501332,-0.17752063775125804,1.511781473181721,0.10018367095407749,-0.486782848144547,-0.06866262660558438,1.1005676161689204,-0.0226875133647603,-0.7338665247583472
0.705,0,0.705,0.39564726679889695,-1.5169969520051276,-0.17995474340808182,1.5114289382345039,0.10573305801570089,-0.4868409551738338,-0.07236103717548548,1.119180709066197,-0.0005362920643606381,-0.7454883456868572
0.71,0,0.71,0.3984532757832863,-1.5164542195278974,-0.1823888622391318,1.511057766198875,0.11137540964302284,-0.4867880246048734,-0.07611741387804097,1.1377527609336122,0.021726805426522694,-0.7570524559681713
0.715,0,0.715,0.40125928476767564,-1.5158830433256651,-0.18482243767597706,1.510667667978601,0.11711051040817297,-0.4866235078643269,-0.07993146033223673,1.1562796826826915,0.04409745606217775,-0.768555724491169
0.72,0,0.72,0.404065293752065,-1.5152829602339057,-0.18725491046135806,1.5102583559984912,0.12293812443783861,-0.48634687799408616,-0.08380286450150363,1.1747573852249589,0.06657133679689704,-0.7799950201447317
0.725,0,0.725,0.40687130273645433,-1.5146535083185746,-0.1896857187572628,1.509829544282678,0.12885799541326384,-0.48595762965126926,-0.08773129869371646,1.1931817794719375,0.08914412458496637,-0.7913672118177376
0.73,0,0.73,0.40967731172084365,-1.5139942269783346,-0.19211429825300286,1.5093809485328922,0.1348698465702515,-0.4854552791082241,-0.09171641956119464,1.2115487763351547,0.1118114963806738,-0.802669168399068
0.735,0,0.735,0.412483320705233,-1.513304657046783,-0.19454008227328978,1.5089122862067428,0.1409733806991619,-0.48483936425252594,-0.09575786810070255,1.229854286726129,0.13456912913831184,-0.8138977587776018
0.74,0,0.74,0.41528932968962234,-1.512584340894679,-0.19696250188631081,1.5084232765959933,0.1471682801449115,-0.48410944458698063,-0.09985526965344747,1.2480942215563888,0.15741269981216519,-0.8250498518422201
0.745,0,0.745,0.4180953386740117,-1.5118328225321709,-0.19938098601180565,1.5079136409048404,0.15345420680697708,-0.4832651012296202,-0.10400823390508296,1.2662644917374568,0.18033788535652412,-0.8361223164818015
0.75,0,0.75,0.42090134765840104,-1.511049647711023,-0.201794961529142,1.5073831023281912,0.15983080213939016,-0.4823059369137076,-0.10821635488570551,1.2843610081808583,0.20334036272568115,-0.8471120215852281
0.755,0,0.755,0.4237073566427904,-1.5102343640268427,-0.20420385338539182,1.5068313861299412,0.16629768715074184,-0.4812315759877321,-0.11247921096985629,1.3023796817981148,0.22641580887391874,-0.8580158360413777
0.76,0,0.76,0.42651336562717973,-1.5093865210213093,-0.206607084703408,1.506258219721252,0.17285446240418015,-0.4800416644154125,-0.11679636487652173,1.3203164235007534,0.24955990075552942,-0.8688306287391303
0.765,0,0.765,0.4293193746115691,-1.5085056702843989,-0.20900407688989942,1.5056633327388296,0.17950070801741128,-0.47873586977569693,-0.12116736366913194,1.3381671442002958,0.27276831532480234,-0.8795532685673669
0.77,0,0.77,0.4321253835959584,-1.5075913655566127,-0.21139424974350862,1.5050464571232012,0.18623598366269722,-0.4773138812627616,-0.12559173875556096,1.3559277548082675,0.2960367295360233,-0.890180624414968
0.775,0,0.775,0.43493139258034774,-1.5066431628312045,-0.21377702156288647,1.504407327196994,0.19305982856686021,-0.4757754096860096,-0.13006900588812875,1.3735941662361908,0.31936082034348595,-0.9007095651708118
0.78,0,0.78,0.4377374015647371,-1.5056606204564078,-0.2161518092547693,1.503745679743212,0.19997176151127824,-0.4741201874700755,-0.13459866516359778,1.3911622893955928,0.34273626470147495,-0.9111369597237794
0.785,0,0.785,0.44054341054912644,-1.5046432992376624,-0.21851802844205426,1.5030612540835147,0.20697128083188807,-0.4723479686548202,-0.13918020102317658,1.4086280351979952,0.3661587395642795,-0.9214596769627512
0.79,0,0.79,0.4433494195335158,-1.503590762539842,-0.22087509357187618,1.5023537921564942,0.21405786441918245,-0.47045852889533457,-0.1438130822525165,1.4259873145549242,0.38962392188619216,-0.9316745857766073
0.795,0,0.795,0.44615542851790513,-1.5025025763894817,-0.2232224180236836,1.5016230385959535,0.2212309697182137,-0.468451665461936,-0.14849676198171546,1.4432360383779,0.41312748862149645,-0.9417785550542251
0.8,0,0.8,0.4489614375022945,-1.501378309577005,-0.22555941421731424,1.5008687408091834,0.22849003372859106,-0.4663271972401729,-0.15323067768531357,1.460370117578451,0.4366651167244849,-0.9517684536844869
0.805,0,0.805,0.4517674464866838,-1.5002175337589507,-0.2278854937210718,1.5000906490552415,0.23583447300448035,-0.4640849647308211,-0.15801425118229626,1.4773854630680991,0.46023248314944776,-0.9616411505562725
0.81,0,0.81,0.45457345547107314,-1.4990198235602006,-0.2302000673598022,1.4992885165232293,0.24326368365460596,-0.46172483004988535,-0.1628468886360935,1.4942779857583688,0.4838252648506686,-0.9713935145584609
0.8150000000000001,0,0.8150000000000001,0.4573794644554625,-1.4977847566762064,-0.23250254532296927,1.4984620994105697,0.25077704134225076,-0.45924667692859705,-0.1677279805545797,1.511043596560784,0.5074391387824412,-0.9810224145799336
0.8200000000000001,0,0.8200000000000001,0.46018547343985183,-1.4965119139752165,-0.2347923372727308,1.4976111570012853,0.2583739012852535,-0.45665041071341894,-0.17265690179007293,1.5276782063868692,0.5310697818990512,-0.9905247195095694
0.8250000000000001,0,0.8250000000000001,0.4629914824242412,-1.495200879600505,-0.23706885245201553,1.4967354517442764,0.2660535982560117,-0.4539359583660413,-0.17763301153933708,1.544177726148149,0.5547128711547877,-0.9998972982362481
0.8300000000000001,0,0.8300000000000001,0.4657974914086305,-1.4938512410725961,-0.23933149979259827,1.4958347493315973,0.2738154465814799,-0.4511032684633819,-0.18265565334357878,1.5605380667561448,0.5783640835039424,-1.0091370196488503
0.835,0,0.835,0.4686035003930198,-1.492462589391494,-0.2415796880231766,1.4949088187767363,0.2816587401431696,-0.44815231119758897,-0.18772415508845,1.576755139122385,0.6020190959007997,-1.0182407526362556
0.84,0,0.84,0.47140950937740916,-1.491034519138908,-0.24381282577744706,1.493957432492892,0.2895827523771527,-0.4450830783760374,-0.19283782900404736,1.5928248541583907,0.6256735852996534,-1.0272053660873457
0.845,0,0.845,0.4742155183617985,-1.4895666285804818,-0.24603032170218092,1.4929803663712506,0.29758673627405596,-0.4418955834213323,-0.19799597166491112,1.608743122775687,0.6493232286547882,-1.0360277288909967
0.85,0,0.85,0.47702152734618786,-1.4880585197680183,-0.2482315845653007,1.4919773998592658,0.3056699243790644,-0.4385898613713057,-0.20319786399002623,1.6245058558857979,0.6729637029204942,-1.0447047099360929
0.855,0,0.855,0.4798275363305772,-1.4865097986417086,-0.25041602336395596,1.4909483160389345,0.3138315287919211,-0.4351659688790187,-0.20844277124282232,1.6401089644002464,0.696590685051063,-1.0532331781115107
0.86,0,0.86,0.48263354531496655,-1.4849200751323597,-0.25258304743259996,1.4898929017050753,0.3220707411669269,-0.43162398421276293,-0.21372994303117332,1.655548359230559,0.7201998520007792,-1.0616100023061328
0.865,0,0.865,0.48543955429935587,-1.4832889632636186,-0.2547320665510654,1.4888109474436066,0.3303867327129389,-0.4279640072560553,-0.21905861330739726,1.6708199512882576,0.7437868807239331,-1.0698320514088373
0.87,0,0.87,0.4882455632837452,-1.4816160812542036,-0.25686249105264014,1.4877022477098238,0.3387786541933738,-0.424186159507644,-0.22442800036825664,1.685919651484865,0.7673474481748116,-1.0778961943085048
0.875,0,0.875,0.49105157226813456,-1.4799010516201283,-0.2589737319321447,1.4865666009066778,0.3472456359262051,-0.42029058408150455,-0.22983730685495865,1.7008433707319104,0.7908772313077106,-1.0857992998940147
0.88,0,0.88,0.4938575812525239,-1.4781435012769308,-0.26106520095400676,1.485403809463052,0.35578678778396333,-0.41627744570683983,-0.23528571975315485,1.7155870199409122,0.8143719070769115,-1.0935382370542484
0.885,0,0.885,0.49666359023691325,-1.4763430616418995,-0.2631363107603387,1.4842136799120405,0.36440119919373704,-0.4121469307280836,-0.24077241039294073,1.7301465100233993,0.8378271524367078,-1.1011098746780852
0.89,0,0.89,0.4994695992213026,-1.4744993687363015,-0.2651864749790128,1.4829960229692258,0.37308793913717186,-0.40789924710489817,-0.24629653444885632,1.7445177518908934,0.8612386443413865,-1.1085110816544048
0.895,0,0.895,0.502275608205692,-1.4726120632876087,-0.2672151083317378,1.481750653610957,0.3818460561504737,-0.403534624412171,-0.25185723193988724,1.758696656454918,0.8846020597452335,-1.1157387268720862
0.9,0,0.9,0.5050816171900813,-1.4706807908317265,-0.2692216267421347,1.4804773911526263,0.39067457832440156,-0.399053313840023,-0.2574536272294613,1.7726791346269974,0.9079130756025412,-1.122789679220012
0.905,0,0.905,0.5078876261744706,-1.4687052018152191,-0.2712054474438137,1.4791760593269487,0.3995725133042761,-0.39445558819379933,-0.26308482902545277,1.7864610973186568,0.9311673688675977,-1.1296608075870591
0.91,0,0.91,0.5106936351588599,-1.4666849516975382,-0.27316598908844936,1.4778464863622376,0.4085388482899734,-0.38974174189407707,-0.2687499303801785,1.800038455441421,0.954360616494691,-1.1363489808621106
0.915,0,0.915,0.5134996441432493,-1.4646197010532498,-0.2751026718538575,1.4764885050606846,0.4175725500359279,-0.38491209097665935,-0.2744480086904017,1.8134071199068131,0.9774884954381136,-1.142851067934045
0.92,0,0.92,0.5163056531276387,-1.4625091156742607,-0.2770149175520705,1.4751019528766358,0.4266725648511315,-0.37996697309257893,-0.2801781256973283,1.826563001626356,1.00054668265215,-1.1491639376917409
0.925,0,0.925,0.519111662112028,-1.4603528666720478,-0.278902149737415,1.4736866719948711,0.4358378185991344,-0.3749067475080962,-0.28593932748661016,1.8395020115115746,1.0235308550910889,-1.1552844590240792
0.93,0,0.93,0.5219176710964173,-1.4581506305798824,-0.28076379381458594,1.4722425094088794,0.4450672166980428,-0.36973179510470194,-0.291730644488342,1.8522200604739933,1.0464366897092223,-1.16120950081994
0.935,0,0.935,0.5247236800808067,-1.455902089455059,-0.2825992771467244,1.4707693169991396,0.4543596441205225,-0.3644425183791147,-0.29755109147706355,1.8647130594251358,1.0692598634608392,-1.1669359319682049
0.9400000000000001,0,0.9400000000000001,0.527529689065196,-1.453606930981123,-0.2844080291634925,1.4692669516113956,0.4637139653937944,-0.3590393414432803,-0.3033996675717594,1.8769769192765278,1.0919960533002238,-1.1724606213577515
0.9450000000000001,0,0.9450000000000001,0.5303356980495854,-1.4512648485700976,-0.28618948146915113,1.4677352751349366,0.47312902459964046,-0.3535227100243754,-0.3092753562358581,1.8890075509396922,1.114640936181668,-1.1777804378774617
0.9500000000000001,0,0.9500000000000001,0.5331417070339747,-1.4488755414647094,-0.28794306795063407,1.466174154580872,0.4826036453743968,-0.34789309146480374,-0.31517712527723224,1.9008008653261523,1.1371901890594591,-1.182892250416213
0.9550000000000001,0,0.9550000000000001,0.535947716018364,-1.446438714840618,-0.28966822488562627,1.4645834621604117,0.4921366309089598,-0.34215097472219735,-0.32110392684819977,1.912352773347432,1.1596394888878883,-1.1877929278628865
0.96,0,0.96,0.5387537250027533,-1.4439540799086419,-0.29136439105063816,1.4629630753631429,0.5017267639487816,-0.3362968703694165,-0.32705469744552207,1.9236591859150571,1.181984512621246,-1.1924793391063644
0.965,0,0.965,0.5415597339871426,-1.4414213540169856,-0.29303100782908287,1.4613128770353074,0.5113728067938734,-0.3303313105945522,-0.3330283579104063,1.9347160139405501,1.204220937213818,-1.1969483530355232
0.97,0,0.97,0.5443657429715321,-1.4388402607534674,-0.29466751931935176,1.4596327554580804,0.5210735012988034,-0.3242548492009226,-0.33902381342850196,1.9455191683354374,1.22634443961989,-1.2011968385392442
0.975,0,0.975,0.5471717519559214,-1.4362105300477468,-0.29627337244289076,1.4579226044258473,0.5308275688726957,-0.3180680616070738,-0.3450399535299046,1.9560645600112407,1.2483506967937592,-1.2052216645064096
0.98,0,0.98,0.5499777609403107,-1.4335318982735503,-0.2978480170522775,1.456182323324482,0.5406337104792358,-0.31177154484678127,-0.351075652089153,1.966348099879485,1.2702353856897055,-1.2090196998258942
0.985,0,0.985,0.5527837699247,-1.4308041083509004,-0.29939090603929563,1.4544118172096245,0.5504906066366639,-0.30536591756905007,-0.35712976732523183,1.976365698851696,1.291994183262024,-1.2125878133865842
0.99,0,0.99,0.5555897789090893,-1.4280269098483416,-0.3009014954430118,1.4526109968849594,0.5603969174177788,-0.29885182003811045,-0.3632011418015692,1.9861132678393942,1.3136227664650004,-1.215922874077354
0.995,0,0.995,0.5583957878934788,-1.4252000590851681,-0.30237924455785303,1.4507797789804922,0.5703512824499373,-0.292229914133424,-0.3692886024260376,1.9955867177541058,1.335116812252925,-1.2190217507870873
1.0,0,1.0,0.5612017968778681,-1.4223233192336515,-0.3038236160416802,1.4489180860308286,0.5803523209150507,-0.2855008833496825,-0.37539096045095305,2.0047819595073584,1.3564719975800865,-1.2218813124046635
1.0050000000000001,0,1.0050000000000001,0.5640078058622575,-1.4193964604212663,-0.3052340760238672,1.447025846553451,0.5903986315495943,-0.27866543279680034,-0.3815070114730786,2.0136949040106686,1.3776839994007748,-1.2244984278189601
1.01,0,1.01,0.5668138148466467,-1.416419259832919,-0.30661009421337426,1.4451029951269974,0.6004887926445939,-0.27172428919992747,-0.3876355354336187,2.0223214621755643,1.398748494669272,-1.2268699659188589
1.0150000000000001,0,1.0150000000000001,0.5696198238310362,-1.4133915018131742,-0.3079511440068261,1.4431494724695382,0.6106213620456377,-0.2646782008994387,-0.3937752966182244,2.030657544913573,1.4196611603398797,-1.2289927955932416
1.02,0,1.02,0.5724258328154255,-1.410312977968483,-0.30925670259658755,1.441165225516855,0.6207948771528701,-0.25752793785093525,-0.3999250436569898,2.0386990631362125,1.4404176733668754,-1.2308637857309854
1.025,0,1.025,0.5752318417998147,-1.4071834872694087,-0.31052625107883935,1.4391502075007174,0.6310078549209928,-0.2502742916252521,-0.4060835095244546,2.0464419277550117,1.461013710704551,-1.2324798052209711
1.03,0,1.03,0.5780378507842041,-1.4040028361528536,-0.311759274561654,1.4371043780271613,0.6412587918592665,-0.24291807540844795,-0.4122494115396016,2.053882049681491,1.4814449493071968,-1.233837722952078
1.035,0,1.035,0.5808438597685934,-1.40077083862429,-0.3129552622730729,1.4350277031547665,0.6515461640315064,-0.23546012400181401,-0.4184214513658587,2.0610153398271764,1.501707066129103,-1.234934407813188
1.04,0,1.04,0.5836498687529829,-1.3974873163599821,-0.31411370766918245,1.4329201554729345,0.6618684270560894,-0.22790129382186758,-0.42459831501109835,2.0678377091035958,1.5217957381245564,-1.2357667286931804
1.045,0,1.045,0.5864558777373721,-1.3941520988092178,-0.31523410854218814,1.4307817141801669,0.6722240161059463,-0.22024246290035598,-0.4307786728276363,2.0743450684222657,1.5417066422478438,-1.2363315544809341
1.05,0,1.05,0.5892618867217615,-1.3907650232965323,-0.3163159671284941,1.4286123651623417,0.6826113459085684,-0.2124845308842522,-0.4369611795122357,2.0805333286947163,1.561435455453256,-1.2366257540653292
1.055,0,1.055,0.5920678957061508,-1.387325935123938,-0.3173587902167758,1.4264121010709927,0.6930288107460022,-0.20462841903576265,-0.44314447410609903,2.0863984008324654,1.5809778546950826,-1.236646196335245
1.06,0,1.06,0.5948739046905401,-1.3838346876731509,-0.31836208925605947,1.4241809214015861,0.7034747844548556,-0.19667507023231692,-0.44932717999487876,2.0919361957470426,1.600329516927611,-1.2363897501795644
1.065,0,1.065,0.5976799136749295,-1.3802911425078164,-0.3193253804637948,1.4219188325717993,0.7139476204262869,-0.18862544896657862,-0.45550790490866705,2.0971426243499747,1.619486119105136,-1.2358532844871664
1.07,0,1.07,0.6004859226593189,-1.376695169475738,-0.32024818493393337,1.419625847999797,0.7244456516060206,-0.18048054134643393,-0.46168524092200347,2.1020135975527765,1.638443338181934,-1.235033668146929
1.075,0,1.075,0.6032919316437082,-1.3730466468111056,-0.32113002874500585,1.4173019881825117,0.7349671904943342,-0.17224135509500255,-0.4678577644538716,2.106545026266979,1.657196851112306,-1.2339277700477318
1.08,0,1.08,0.6060979406280975,-1.36934546123672,-0.32197044306819467,1.4149472807739187,0.745510529146062,-0.16390891955063083,-0.47402403626769773,2.1107328214041057,1.675742334850534,-1.2325324590784583
1.085,0,1.085,0.6089039496124868,-1.3655915080662213,-0.3227689642754128,1.4125617606633154,0.756073939170599,-0.15548428566689312,-0.4801826014713543,2.1145728938756774,1.6940754663509072,-1.2308446041279866
1.09,0,1.09,0.6117099585968763,-1.3617846913063167,-0.32352513404737837,1.4101454700535982,0.7666556717318956,-0.14696852601259489,-0.486331989517157,2.1180611545932226,1.7121919225677205,-1.2288610740851962
1.095,0,1.095,0.6145159675812655,-1.3579249237590076,-0.32423849948169314,1.4076984585395425,0.7772539575484599,-0.13836273477176556,-0.49247071420186705,2.1211935144682617,1.730087380455254,-1.2265787378389659
1.1,0,1.1,0.6173219765656549,-1.3540121271238157,-0.32490861320091646,1.4052207831860766,0.7878670068933601,-0.1296680277436663,-0.4985972736666889,2.123965884412322,1.7477575169678023,-1.2239944642781784
1.105,0,1.105,0.6201279855500442,-1.3500462321000115,-0.3255350334606413,1.4027125086065628,0.7984930095942183,-0.12088554234278812,-0.5047101503972725,2.1263741753369247,1.765198009059654,-1.2211051222917122
1.11,0,1.11,0.6229339945344337,-1.346027178488841,-0.3261173242575719,1.4001737070410742,0.8091301350332162,-0.11201643759884779,-0.5108078112237117,2.1284142981535936,1.7824045336850967,-1.217907580768448
1.115,0,1.115,0.6257400035188229,-1.341954915295752,-0.32665505543759843,1.397604458434672,0.8197765321470925,-0.10306189415679155,-0.5168887073205434,2.1300821637738565,1.7993727677984184,-1.2143987085972656
1.12,0,1.12,0.6285460125032123,-1.3378294008326235,-0.32714780280387523,1.3950048505156833,0.830430329427146,-0.09402311427679322,-0.5229512742067524,2.131373683109234,1.8160983883539072,-1.2105753746670433
1.125,0,1.125,0.6313520214876016,-1.3336506028199917,-0.3275951482248951,1.3923749788739803,0.8410896349192306,-0.08490132183425618,-0.5289939317457646,2.1322847670712495,1.8325770723058559,-1.206434447866662
1.1300000000000001,0,1.1300000000000001,0.6341580304719909,-1.3294184984892747,-0.3279966797425642,1.3897149470392551,0.8517525362237555,-0.07569776231981738,-0.5350150841454502,2.132811326571431,1.8488044966085466,-1.2019727970850036
1.135,0,1.135,0.6369640394563802,-1.3251330746850054,-0.3283519916802822,1.387024866559301,0.8624171004956943,-0.06641370283933083,-0.5410131199581266,2.132949272521301,1.8647763382162765,-1.1971872912109451
1.1400000000000001,0,1.1400000000000001,0.6397700484407697,-1.3207943279670538,-0.3286606847510154,1.3843048570782879,0.8730813744445713,-0.057050432113887634,-0.5469864120805542,2.132694515832381,1.8804882740833315,-1.1920747991333684
1.145,0,1.145,0.642576057425159,-1.3164022647128557,-0.3289223661653726,1.3815550464150406,0.8837433843344721,-0.0476092604798079,-0.5529333177539363,2.132042967416201,1.8959359811639949,-1.1866321897411534
1.1500000000000001,0,1.1500000000000001,0.6453820664095483,-1.3119569012196401,-0.3291366497396837,1.3787755706413174,0.8944011359840403,-0.03809151988863685,-0.5588521785639218,2.1309905381842795,1.911115136412565,-1.1808563319231802
1.155,0,1.155,0.6481880753939376,-1.3074582638066579,-0.3293031560040738,1.375966574160087,0.9050526147664749,-0.028498563907145766,-0.5647413204406063,2.12953313904814,1.9260214167833218,-1.1747440945683283
1.16,0,1.16,0.650994084378327,-1.3029063889174055,-0.3294215123105404,1.3731282097838065,0.9156957856095337,-0.01883176771734197,-0.5705990536585253,2.1276666809193148,1.9406504992305615,-1.1682923465654766
1.165,0,1.165,0.6538000933627163,-1.2983013232218554,-0.32949135294102816,1.3702606388126986,0.9263285929955327,-0.009092528116454869,-0.5764236728366627,2.125387074709317,1.954998060708562,-1.1614979568035044
1.17,0,1.17,0.6566061023471056,-1.2936431237186814,-0.3295123192155063,1.3673640311130306,0.9369489609613442,0.0007177364830520791,-0.5822134569384434,2.1226902313296785,1.9690597781716277,-1.1543577941712968
1.175,0,1.175,0.659412111331495,-1.2889318578374869,-0.329484059600045,1.3644385651953916,0.9475547930983985,0.010597586053492338,-0.5879666692717399,2.119572061691922,1.982831328574036,-1.1468687275577276
1.18,0,1.18,0.6622181203158842,-1.2841676035410328,-0.32940622981489076,1.3614844282929708,0.9581439725526854,0.020545558951949313,-0.5936815574888668,2.116028476707565,1.996308388870076,-1.1390276258516798
1.185,0,1.185,0.6650241293002737,-1.2793504494274612,-0.32927849294254163,1.3585018164398324,0.9687143620247497,0.03056017192027435,-0.5993563535865839,2.1120553872881414,2.0094866360140444,-1.1308313579420342
1.19,0,1.19,0.667830138284663,-1.274480494832528,-0.3291005195358261,1.3554909345491986,0.9792638037696938,0.04063992008509373,-0.6049892739060956,2.1076487043451717,2.0223617469602226,-1.1222767927176691
1.195,0,1.195,0.6706361472690524,-1.2695578499318243,-0.3288719877259769,1.3524519964917228,0.9897901195971817,0.05078327695780366,-0.6105785191330515,2.1028043387901776,2.034929398662903,-1.1133607990674648
1.2,0,1.2,0.6734421562534416,-1.2645826358430092,-0.3285925833307073,1.349385225173769,1.0002911108714283,0.06098869443457429,-0.6161222742975424,2.097518201534686,2.047185268076371,-1.1040802458803
1.205,0,1.205,0.676248165237831,-1.2595549847280316,-0.3282619999622882,1.3462908526156905,1.0107645585112135,0.0712546027963437,-0.6216187087741071,2.091786203490218,2.059125032154924,-1.0944320020450575
1.21,0,1.21,0.6790541742222204,-1.2544750398953628,-0.32787993913562485,1.3431691200301064,1.0212082229898682,0.08157941070882192,-0.6270659762817271,2.0856042555683034,2.070744367852839,-1.084412936450616
1.215,0,1.215,0.6818601832066098,-1.249342955902219,-0.3274461103763304,1.3400202779001793,1.0316198443352875,0.0919615052224949,-0.6324622148838299,2.0789682686804576,2.08203895212441,-1.0740199179858536
1.22,0,1.22,0.684666192190999,-1.2441588986567922,-0.32696023132880514,1.3368445860578944,1.041997142129915,0.10239925177261154,-0.6378055469882838,2.0718741537382153,2.093004461923931,-1.0632498155396553
1.225,0,1.225,0.6874722011753884,-1.2389230455204736,-0.3264220278643095,1.3336423137623357,1.0523378155107634,0.11289099417920363,-0.6430940793474056,2.064317821653087,2.103636574205681,-1.0520994980008935
1.23,0,1.23,0.6902782101597777,-1.2336355854100856,-0.32583123418904303,1.3304137397779647,1.0626395431693942,0.12343505464706299,-0.6483259030579523,2.0562951833366103,2.113930965923957,-1.0405658342584583
1.235,0,1.235,0.6930842191441671,-1.2282967189001044,-0.3251875929522201,1.3271591524528987,1.0728999833519302,0.13402973376576227,-0.6534990935611321,2.0478021497003036,2.1238833140330446,-1.0286456932012182
1.24,0,1.24,0.6958902281285564,-1.2229066583248893,-0.324490855354143,1.3238788497971865,1.0831167738590508,0.1446733105096361,-0.6586117106425895,2.0388346316556882,2.1334892954872284,-1.016335943718059
1.245,0,1.245,0.6986962371129458,-1.2174656278809115,-0.3237407812542825,1.320573139561089,1.0932875320459923,0.15536404223779912,-0.6636617984324167,2.0293885401142924,2.14274458724081,-1.0036334546978631
1.25,0,1.25,0.7015022460973351,-1.2119738637289774,-0.3229371392793503,1.3172423393133545,1.103409854822551,0.16610016469413275,-0.6686473854051536,2.0194597859876415,2.1516448662480654,-0.9905350950295085
1.2550000000000001,0,1.2550000000000001,0.7043082550817245,-1.20643161409646,-0.3220797069313788,1.3138867765194981,1.1134813186530788,0.17687989200729248,-0.6735664843797804,2.0090442801872537,2.1601858094632904,-0.9770377336018724
1.26,0,1.26,0.7071142640661138,-1.200839139379523,-0.321168270695793,1.310506788620078,1.1234994795564872,0.18770141669070364,-0.6784170925197225,1.998137933624659,2.168363093840766,-0.9631382393038374
1.2650000000000001,0,1.2650000000000001,0.7099202730505032,-1.1951967122453486,-0.3202026261494906,1.3071027231089758,1.1334618731062422,0.1985629096425626,-0.6831971913328496,1.986736657211375,2.176172396334789,-0.948833481024281
1.27,0,1.27,0.7127262820348924,-1.189504617734367,-0.3191825780689137,1.3036749376116705,1.143366014430368,0.20946252014583658,-0.6879047466714768,1.9748363618589342,2.18360939389965,-0.9341203276520874
1.2750000000000001,0,1.2750000000000001,0.7155322910192818,-1.183763153362481,-0.3181079405381326,1.3002237999635209,1.153209398211451,0.22039837586826774,-0.692537708732364,1.9624329584788571,2.1906697634896326,-0.9189956480761349
1.28,0,1.28,0.7183383000036712,-1.1779726292232935,-0.31697853705691115,1.2967496882880383,1.1629894986866303,0.23136858286236425,-0.6970940120567128,1.9495223579826646,2.1973491820590203,-0.9034563111852985
1.285,0,1.285,0.7211443089880604,-1.1721333680903356,-0.31579420064879304,1.2932529910751684,1.1727037696476021,0.2423712255654121,-0.7015715755301725,1.9361004712818841,2.203643326562112,-0.8874991858684677
1.29,0,1.29,0.7239503179724498,-1.1662457055192947,-0.3145547739691712,1.289734107259568,1.1823496444406265,0.2534043667994643,-0.7059683023828358,1.9221632092880367,2.2095478739531917,-0.8711211410145131
1.295,0,1.295,0.7267563269568391,-1.1603099899502392,-0.31326010941336824,1.2861934462988813,1.1919245359665152,0.2644660477713498,-0.7102820801892391,1.907706482912644,2.2150585011865465,-0.854319045512318
1.3,0,1.3,0.7295623359412285,-1.1543265828098463,-0.3119100692247079,1.2826314282520181,1.201425836680637,0.27555428807265947,-0.7145107808683602,1.8927262030672456,2.220170885216475,-0.8370897682507686
1.305,0,1.305,0.7323683449256178,-1.1482958586136336,-0.31050452560259734,1.2790484838574343,1.2108509185929237,0.28666708567976507,-0.7186522606836291,1.8772182806633486,2.2248807029972544,-0.8194301781187355
1.31,0,1.31,0.7351743539100072,-1.142218205068177,-0.3090433608105978,1.2754450546114051,1.2201971332678587,0.2978024169538063,-0.7227043602429116,1.8611786266124843,2.2291836314831848,-0.8013371440051045
1.315,0,1.315,0.7379803628943965,-1.1360940231733492,-0.3075264672845037,1.271821592846308,1.2294618118244887,0.30895823664069594,-0.7266649044985247,1.8446031518261747,2.233075347628539,-0.7828075347987519
1.32,0,1.32,0.7407863718787859,-1.1299237273245373,-0.3059537477404173,1.2681785618088948,1.2386422649364137,0.32013247787111354,-0.7305317027472257,1.8274877672159433,2.23655152838762,-0.7638382193885614
1.325,0,1.325,0.7435923808631751,-1.1237077454148772,-0.3043251152828277,1.2645164357385759,1.247735782831795,0.33132305216051855,-0.7343025486302198,1.8098283836933193,2.23960785071471,-0.7444260666634095
1.33,0,1.33,0.7463983898475646,-1.1174465189374738,-0.30264049351267985,1.2608356999456904,1.256739635293346,0.34252784940913256,-0.7379752201331504,1.7916209121698201,2.242239991564101,-0.7245679455121764
1.335,0,1.335,0.7492043988319539,-1.111140503087635,-0.30089981663546084,1.2571368508897909,1.2656510716583438,0.3537447379019529,-0.7415474795861122,1.7728612635569747,2.244443627890079,-0.7042607248237447
1.34,0,1.34,0.7520104078163432,-1.1047901668650955,-0.2991030295692694,1.2534203962579178,1.274467320818619,0.36497156430875094,-0.7450170736636409,1.753545348766308,2.246214436646937,-0.6835012734869947
1.345,0,1.345,0.7548164168007325,-1.0983959931762437,-0.2972500880528912,1.2496868550428788,1.2831855912205616,0.376206153684064,-0.7483817333847163,1.7336690787093407,2.2475480947889634,-0.6622864603908056
1.35,0,1.35,0.757622425785122,-1.0919584789363495,-0.29534095875388156,1.2459367576215232,1.2918030708651216,0.38744630946720726,-0.7516391741127644,1.7132283642975918,2.2484402792704397,-0.6406131544240494
1.355,0,1.355,0.7604284347695113,-1.0854781351717926,-0.29337561937663237,1.242170645833023,1.3003169273078001,0.3986898134822589,-0.7547870955556537,1.6922191164425966,2.248886667045661,-0.6184782244756165
1.36,0,1.36,0.7632344437539006,-1.0789554871222888,-0.29135405877045706,1.2383890730571512,1.30872430765866,0.40993442593807694,-0.7578231817656991,1.6706372460558732,2.2488829350689143,-0.5958785394343876
1.365,0,1.365,0.7660404527382899,-1.0723910743431155,-0.28927627703765957,1.2345926042925566,1.3170223385823245,0.4211778854282855,-0.7607451011396571,1.6484786640489464,2.2484247602944913,-0.5728109681892354
1.37,0,1.37,0.7688464617226793,-1.0657854508073425,-0.28714228564161814,1.230781816235043,1.3252081262979707,0.43241790893128246,-0.7635505064187335,1.6257392813333427,2.2475078196766796,-0.5492723796290427
1.375,0,1.375,0.7716524707070685,-1.0591391850080578,-0.28495210751485267,1.2269572973558487,1.3332787565793291,0.44365219181023674,-0.7662370346885715,1.6024150088205793,2.2461277901697665,-0.5252596426426885
1.3800000000000001,0,1.3800000000000001,0.774458479691458,-1.0524528600605905,-0.2827057771671089,1.22311964797992,1.3412312947547,0.4548784078130892,-0.7688023073792649,1.5785017574221882,2.2442803487280414,-0.500769626119057
1.385,0,1.385,0.7772644886758473,-1.0457270738047466,-0.28040334079342744,1.2192694803641937,1.3490627857069284,0.46609420907254956,-0.7712439302653475,1.5539954380496865,2.241961172305787,-0.47579919894702266
1.3900000000000001,0,1.3900000000000001,0.7800704976602367,-1.0389624389070278,-0.2780448563822251,1.215407418775872,1.3567702538734254,0.47729722610610253,-0.7735594934658014,1.5288919616146046,2.2391659378573063,-0.4503452300154682
1.395,0,1.395,0.7828765066446259,-1.0321595829628658,-0.2756303938233713,1.2115340995707027,1.3643507032461546,0.48848506781600276,-0.7757465714440515,1.503187239028463,2.2358903223368802,-0.42440458821327676
1.4000000000000001,0,1.4000000000000001,0.7856825156290154,-1.0253191485988424,-0.2731600350162582,1.2076501712712524,1.3718011173716438,0.49965532148927677,-0.7778027230079645,1.476877181202789,2.2321300026987894,-0.3979741424293208
1.405,0,1.405,0.7884885246134047,-1.0184417935749235,-0.27063387397788574,1.20375629464519,1.3791184593509704,0.5108055527977192,-0.7797254913098572,1.4499576990491043,2.227880655897335,-0.37105076155248556
1.41,0,1.41,0.7912945335977939,-1.011528190886682,-0.2680520169509282,1.1998531427835604,1.3862996718397753,0.5219333057979003,-0.7815124038464839,1.4224247034789335,2.2231379588868054,-0.3436313144716527
1.415,0,1.415,0.7941005425821833,-1.0045790288675234,-0.2654145825118168,1.1959414011790623,1.3933416770482498,0.5330361029311597,-0.783160972459047,1.3942741054037961,2.2178975886214842,-0.3157126700756973
1.42,0,1.42,0.7969065515665726,-0.9975950112909229,-0.2627217016788168,1.1920217678043303,1.4002413767411561,0.5441114450236134,-0.7846686933331964,1.3655018157352254,2.2121552220556593,-0.28729169725350034
1.425,0,1.425,0.7997125605509621,-0.9905768574726372,-0.25997351802009616,1.1880949531902079,1.4069956522378015,0.5551568112861419,-0.7860330469990201,1.3361037453847338,2.2059065361436234,-0.2583652648939449
1.43,0,1.43,0.8025185695353513,-0.9835253023729464,-0.2571701877618122,1.184161680504027,1.4136013644120529,0.5661696593143993,-0.7872514983310558,1.3060758052638566,2.1991472078396597,-0.2289302418859035
1.435,0,1.435,0.8053245785197407,-0.9764410966988708,-0.254311879896175,1.1802226856278857,1.4200553536923415,0.5771474250888088,-0.7883214965482802,1.275413906284117,2.1918729140980746,-0.1989834971182687
1.44,0,1.44,0.80813058750413,-0.9693250070064048,-0.2513987762895371,1.1762787172369265,1.4263544400616497,0.5880875229745743,-0.7892404752141206,1.2441139593570283,2.1840793318731286,-0.16852189947990803
1.445,0,1.445,0.8109365964885193,-0.962177815802741,-0.24843107179045987,1.1723305368776138,1.4324954230575169,0.5989873457216579,-0.7900058522364433,1.212171875394128,2.1757621381191354,-0.1375423178597113
1.45,0,1.45,0.8137426054729087,-0.9550003216484966,-0.2454089743377934,1.1683789190460114,1.43847508177205,0.6098442644648066,-0.7906150298675629,1.1795835653069295,2.1669170097903687,-0.10604162114654872
1.455,0,1.455,0.8165486144572981,-0.947793339259942,-0.24233270506875026,1.1644246512660592,1.444290174851898,0.6206556287235261,-0.7910653947042344,1.146344940006967,2.157539623841126,-0.07401667822931013
1.46,0,1.46,0.8193546234416873,-0.9405576996112301,-0.23920249842699004,1.1604685341678544,1.449937440498284,0.6314187664021051,-0.791354317687663,1.1124519104057577,2.1476256572256887,-0.04146435799686748
1.465,0,1.465,0.8221606324260767,-0.9332942500366201,-0.2360186022706814,1.1565113815659254,1.455413596466974,0.6421309837895978,-0.7914791541034929,1.0779003874148176,2.137170786898349,-0.008381529338104423
1.47,0,1.47,0.824966641410466,-0.9260038543327045,-0.23278127798058934,1.1525540205375124,1.4607153400683044,0.6527895655598294,-0.7914372435818167,1.0426862819456888,2.126170689813401,0.02523493885810039
1.475,0,1.475,0.8277726503948555,-0.9186873928606376,-0.22949080056814708,1.1485972915008429,1.4658393481671539,0.6633917747713947,-0.791225910097165,1.0068055049098863,2.1146210429251235,0.05938817770286441
1.48,0,1.48,0.8305786593792447,-0.9113457626483683,-0.22614745878353304,1.1446420482934108,1.4707822771829744,0.6739348528676621,-0.7908424619685199,0.9702539672189358,2.102517523187818,0.09408131830730676
1.485,0,1.485,0.8333846683636341,-0.903979877492854,-0.22275155522374712,1.140689158250255,1.4755407630897703,0.6844160196767803,-0.7902841918593062,0.9330275797843602,2.089855807555766,0.12931749178255494
1.49,0,1.49,0.8361906773480234,-0.8965906680623013,-0.21930340644068735,1.1367395022822355,1.4801114214160995,0.6948324734116547,-0.7895483767773916,0.8951222535176757,2.076631572983246,0.16509982923972308
1.495,0,1.495,0.8389966863324129,-0.8891790819983856,-0.21580334304922477,1.1327939749543119,1.4844908472450793,0.7051813906699704,-0.788632278075088,0.8565338993304216,2.062840496424564,0.2014314617899325
1.5,0,1.5,0.8418026953168021,-0.8817460840184816,-0.21225170983527786,1.1288534845638216,1.488675615214389,0.7154599264341789,-0.7875331414491533,0.8172584281341194,2.0484782548340092,0.23831552054429783
1.5050000000000001,0,1.5050000000000001,0.8446087043011915,-0.8742926560178863,-0.20864886586389408,1.1249189532187553,1.4926622795162596,0.7256652140715164,-0.7862481969407863,0.7772917508402787,2.0335405251658454,0.27575513661395107
1.51,0,1.51,0.8474147132855808,-0.8668197971720504,-0.20499518458731947,1.1209913169160377,1.49644737389748,0.735794365333963,-0.7847746589356339,0.7366297783604399,2.0180229843744004,0.313753441109998
1.5150000000000001,0,1.5150000000000001,0.8502207222699701,-0.859328524038808,-0.2012910539530841,1.117071525619807,1.5000274116594075,0.7458444703583108,-0.7831097261637909,0.6952684216061167,2.001921309413923,0.35231356514357326
1.52,0,1.52,0.8530267312543595,-0.8518198706605931,-0.1975368765120642,1.1131605433396843,1.5033988856579368,0.7558125976660818,-0.7812505816997853,0.6532035914888431,1.9852311772387359,0.3914386398257866
1.5250000000000001,0,1.5250000000000001,0.8558327402387489,-0.8442948886666808,-0.19373306952657288,1.1092593482090614,1.5065582683035414,0.765695794163596,-0.7791943929625992,0.6104311989201296,1.9679482648031035,0.4311317962677632
1.53,0,1.53,0.8586387492231382,-0.836754647375402,-0.18988006507842492,1.1053689325633715,1.50950201156124,0.7754910851419363,-0.7769383117156566,0.5669471548115134,1.9500682490613308,0.47139616558062003
1.5350000000000001,0,1.5350000000000001,0.8614447582075275,-0.829200233896378,-0.18597831017702315,1.1014903030183707,1.5122265469506069,0.7851954742769546,-0.7744794740668218,0.5227473700745165,1.9315868069676978,0.5122348788754739
1.54,0,1.54,0.8642507671919168,-0.8216327532327499,-0.1820282668674258,1.0976244805484157,1.514728285545788,0.7948059436292805,-0.7718150004684117,0.4778277556206546,1.912499615476494,0.5536510672634524
1.545,0,1.545,0.8670567761763062,-0.8140533283833951,-0.17803041233842531,1.093772500564739,1.5170036179754731,0.8043194536443138,-0.7689419957171801,0.4321842223614569,1.8928023515420105,0.595647861855674
1.55,0,1.55,0.8698627851606955,-0.8064631004451637,-0.17398523903062735,1.0899354129937273,1.5190489144229142,0.8137329431522211,-0.7658575489543314,0.38581268120844686,1.8724906921185367,0.6382283937632572
1.555,0,1.555,0.8726687941450848,-0.7988632287151032,-0.16989325474452244,1.0861142823552026,1.52086052462592,0.8230433293679431,-0.7625587336655059,0.3387090430731543,1.851560314160355,0.6813957940973187
1.56,0,1.56,0.8754748031294742,-0.7912548907926884,-0.16575498274856848,1.0823101878406955,1.5224347778768594,0.8322475078911912,-0.7590426076807945,0.29086921886709255,1.8300068946217676,0.7251531939689838
1.565,0,1.565,0.8782808121138634,-0.7836392826820404,-0.16157096188725717,1.0785242233917267,1.523767983022659,0.8413423527064479,-0.7553062131747325,0.24228911950179488,1.807826110457053,0.7695037244893675
1.57,0,1.57,0.8810868210982529,-0.7760176188941652,-0.15734174668920087,1.0747574977780825,1.5248564284648007,0.8503247161829764,-0.7513465766663022,0.1929646558887779,1.7850136386204936,0.8144505167695973
1.575,0,1.575,0.8838928300826422,-0.7683911325491706,-0.15306790747520171,1.0710111346760929,1.5256963821593206,0.8591914290747933,-0.7471607090189196,0.14289173893957044,1.7615651560663939,0.8599967019207855
1.58,0,1.58,0.8866988390670316,-0.7607610754784977,-0.14875003046632784,1.0672862727469086,1.5262840916168199,0.8679393005206977,-0.742745605440454,0.09206627956570473,1.737476339749041,0.9061454110540534
1.585,0,1.585,0.8895048480514208,-0.7531287183271522,-0.1443887178919967,1.0635840657147824,1.5266157839024534,0.8765651180442658,-0.7380982454832237,0.04048418867868617,1.7127428666227085,0.9528997752805266
1.59,0,1.59,0.8923108570358103,-0.7454953506559243,-0.13998458809804237,1.0599056824453437,1.5266876656359378,0.8850656475538378,-0.7332155930439781,-0.011858622809951928,1.6873604136416966,1.0002629257113211
1.595,0,1.595,0.8951168660201996,-0.7378622810436197,-0.13553827565479182,1.056252307023874,1.526495922991537,0.8934376333425156,-0.7280945963639165,-0.06496624398867508,1.6613246577602967,1.0482379934575539
1.6,0,1.6,0.897922875004589,-0.7302308371892883,-0.13105043146515438,1.052625138833593,1.5260367216980877,0.9016777980881973,-0.7227321880286918,-0.11884276394598128,1.634631275932787,1.0968281096303558
1.605,0,1.605,0.9007288839889782,-0.7226023660144469,-0.1265217228726767,1.049025392633927,1.5253062070389678,0.9097828428535267,-0.7171252849683858,-0.17349227177032486,1.6072759451134744,1.1460364053408303
1.61,0,1.61,0.9035348929733676,-0.7149782337653083,-0.12195283376963939,1.0454542986387902,1.5243005038521251,0.917749447085936,-0.711270788457535,-0.2289188565501949,1.5792543422566323,1.1958660117001139
1.615,0,1.615,0.906340901957757,-0.7073598261150145,-0.11734446470511806,1.041913102594867,1.5230157165300582,0.9255742686176227,-0.7051655841151184,-0.28512660737406587,1.5505621443165456,1.246320059819319
1.62,0,1.62,0.9091469109421463,-0.6997485482658528,-0.1126973329930685,1.038403065859883,1.5214479290198293,0.9332539436655487,-0.6988065419045564,-0.34211961333040325,1.5211950282475188,1.2974016808095603
1.625,0,1.625,0.9119529199265356,-0.6921458250514916,-0.10801217282039843,1.0349254654808853,1.5195932048230518,0.9407850868314694,-0.6921905161337188,-0.39990196350769613,1.4911486710038304,1.349114005781965
1.6300000000000001,0,1.6300000000000001,0.914758928910925,-0.684553101039203,-0.10328973535504549,1.0314815942725224,1.5174475869959039,0.9481642911018888,-0.6853143454549148,-0.45847774699441673,1.4604187495397714,1.401460165847655
1.635,0,1.635,0.9175649378953143,-0.6769718406320959,-0.09853078885405075,1.0280727608953186,1.5150070981491128,0.9553881278480902,-0.6781748528648992,-0.5178510528790318,1.4290009408096376,1.4544432921177424
1.6400000000000001,0,1.6400000000000001,0.9203709468797037,-0.6694035281713329,-0.093736118771643,1.0247002899339535,1.5122677404479696,0.9624531468261331,-0.6707688457048773,-0.5780259702500335,1.3968909217677006,1.5080665157033546
1.645,0,1.645,0.923176955864093,-0.6618496680383719,-0.08890652786730247,1.0213655219755415,1.5092254956123212,0.969355876176839,-0.6630931156604892,-0.6390065881958843,1.3640843693682627,1.5623329677156104
1.6500000000000001,0,1.6500000000000001,0.9259829648484824,-0.6543117847571747,-0.08404283631384324,1.018069813687903,1.5058763249165719,0.9760928224258092,-0.6551444387618248,-0.7007969958050653,1.3305769605656135,1.6172457792656287
1.655,0,1.655,0.9287889738328716,-0.6467914230964547,-0.07914588180549664,1.0148145378978524,1.502216169189684,0.982660470483413,-0.6469195753834186,-0.7634012821660474,1.2963643723140394,1.6728080814645223
1.6600000000000001,0,1.6600000000000001,0.931594982817261,-0.6392901481718889,-0.07421651966596965,1.011601083669467,1.498240948815179,0.9890552836447936,-0.6384152702442465,-0.8268235363673245,1.261442281567823,1.7290230054234272
1.665,0,1.665,0.9344009918016504,-0.6318095455483488,-0.06925562295653975,1.008430856382369,1.493946563731128,0.9952737035898601,-0.6296282524077313,-0.8910678474973462,1.2258063652812627,1.7858936822534448
1.67,0,1.67,0.9372070007860396,-0.624351221342136,-0.0642640825841232,1.005305277810003,1.489328893430175,1.0013121503832938,-0.6205552352817416,-0.9561383046446005,1.1894523004086384,1.8434232430657094
1.675,0,1.675,0.940013009770429,-0.6169168023231939,-0.05924280740934318,1.0022257861979103,1.4843837969595077,1.0071670224745575,-0.611192916618587,-1.0220389968975698,1.1523757639042482,1.9016148189713344
1.68,0,1.68,0.9428190187548183,-0.6095079360173519,-0.05419272435462297,0.9991938363420143,1.479107112920875,1.0128346966978763,-0.6015379785150214,-1.088774013344725,1.114572432722375,1.960471541081443
1.685,0,1.685,0.9456250277392078,-0.6021262908085361,-0.049114778512246104,0.9962108996668895,1.4734946594705884,1.018311528272241,-0.5915870874122443,-1.1563474430745386,1.0760379838173095,2.0199965405071585
1.69,0,1.69,0.948431036723597,-0.5947735560410119,-0.0440099332524424,0.9932784643040451,1.4675422343195135,1.0235938508014324,-0.5813368940959053,-1.224763375175486,1.0367680941433393,2.0801929483595893
1.695,0,1.695,0.9512370457079864,-0.5874514421215968,-0.03887917033145882,0.9903980351701991,1.4612456147330688,1.0286779762739875,-0.5707840336960875,-1.2940258987360553,0.9967584406547463,2.1410638957498693
1.7,0,1.7,0.9540430546923757,-0.5801616806219041,-0.03372348999964103,0.9875711340455626,1.454600557531237,1.033560195063211,-0.5599251256873232,-1.3641391028447043,0.9560047003058357,2.2026125137891
1.705,0,1.705,0.9568490636767651,-0.5729060243805497,-0.02854391110950072,0.984799299652106,1.447602799088561,1.038236775927199,-0.5487567738885946,-1.4351070765899272,0.9145025500508853,2.264841933588427
1.71,0,1.71,0.9596550726611544,-0.5656862476054014,-0.023341471223804255,0.9820840877318504,1.44024805533413,1.0427039660088029,-0.5372755664633198,-1.5069339090601774,0.8722476668441889,2.327755286258944
1.715,0,1.715,0.9624610816455438,-0.5585041459757858,-0.018117226723634694,0.9794270711251343,1.432532021751602,1.0469579908356446,-0.5254780759193675,-1.5796236893439521,0.8292357276400333,2.3913557029117882
1.72,0,1.72,0.9652670906299331,-0.5513615367447331,-0.012872252916483973,0.9768298398488977,1.424450373379189,1.0509950543201307,-0.5133608591090459,-1.6531805065297176,0.7854624093927008,2.4556463146580763
1.725,0,1.725,0.9680730996143224,-0.5442602588411884,-0.007607644144309589,0.974294001174957,1.415998764809655,1.0548113387594258,-0.5009204572291127,-1.727608449705954,0.7409233890564809,2.520630252608925
1.73,0,1.73,0.9708791085987117,-0.5372021729722509,-0.002324513891628577,0.9718211797082841,1.4071728301903288,1.0584030048354702,-0.4881533958207651,-1.8029116079611271,0.6956143435856805,2.5863106478754574
1.735,0,1.735,0.9736851175831012,-0.5301891617253949,0.002976005106417823,0.9694130174652849,1.3979681832230975,1.0617661916149799,-0.4750561847696469,-1.8790940703837302,0.6495309499345664,2.6526906315687993
1.74,0,1.74,0.9764911265674904,-0.5232231296707028,0.00829276075598262,0.9670711739520721,1.388380417164398,1.064897016549439,-0.46162531830584663,-1.9561599260622267,0.6026688850574344,2.7197733348000495
1.745,0,1.745,0.9792971355518798,-0.5163060034630824,0.013624581496430643,0.9647973262427536,1.3784051048252357,1.067791575475104,-0.4478572750038999,-2.0341132640850965,0.5550238259085805,2.7875618886803584
1.75,0,1.75,0.9821031445362691,-0.5094397319445059,0.018970276192288082,0.9625931690576954,1.3680377985711598,1.0704459426129949,-0.43374851778277573,-2.112958173540805,0.5065914494422915,2.85605942432082
1.7550000000000001,0,1.7550000000000001,0.9849091535206586,-0.5026262862462256,0.024328634025128082,0.9604604148418154,1.3572740303222908,1.0728561705689195,-0.4192954939059035,-2.1926987435178464,0.4573674326128545,2.9252690728325654
1.76,0,1.76,0.9877151625050478,-0.49586765989101345,0.029698424385524724,0.9584007938428472,1.3461093115533003,1.0750182903334418,-0.40449463498114846,-2.2733390631046833,0.40734745237454506,2.9951939653267114
1.7650000000000001,0,1.7650000000000001,0.9905211714894372,-0.48916586889537594,0.035078396764967046,0.9564160541896265,1.3345391332934131,1.0769283112819097,-0.3893423569608159,-2.3548832213897963,0.3565271856816771,3.0658372329143857
1.77,0,1.77,0.9933271804738265,-0.48252295187178973,0.0404672806477846,0.9545079619703674,1.3225589661264257,1.078582221174427,-0.373835060141663,-2.4373353074616593,0.3049023094885195,3.1372020067067004
1.7750000000000001,0,1.7750000000000001,0.9961331894582159,-0.4759409701309223,0.04586378540306324,0.9526783013109359,1.3101642601906698,1.0799759861558835,-0.3579691291648868,-2.520699410408753,0.2524685007493638,3.2092914178147782
1.78,0,1.78,0.9989391984426051,-0.46942200778387244,0.05126660017657603,0.9509288744531341,1.2973504451790594,1.0811055507559328,-0.34174093301613584,-2.6049796193195403,0.1992214364185237,3.282108597349734
1.7850000000000001,1,0.003109768066858809,0.01783710307364135,-0.46296817183952177,0.05667439378318392,0.9492615018260996,1.2841129381360747,1.0819668386193482,-0.3251468360630796,-2.690169994201546,0.1451577328555795,3.3556424791136417
1.79,1,0.008109768066858702,0.04651625645445651,-0.4565815917461401,0.062085814651193255,0.9476780213309381,1.2704474650935516,1.0825557826329935,-0.30818365336753684,-2.7761268414945643,0.09028690953994567,3.429686991007205
1.795,1,0.013109768066858596,0.07519540983527168,-0.4502644159127532,0.06749949104980352,0.9461802833498942,1.2563507985552143,1.0828683940046948,-0.29084969467908545,-2.8626063883368293,0.03462786019262575,3.503894387254462
1.8,1,0.01810976806685871,0.10387456321608811,-0.4440188058154795,0.07291403154258272,0.9447701423367612,1.2418209400861713,1.0829007793660135,-0.2731450229112956,-2.949362609586338,-0.02180031049850205,3.5779137337196545
1.805,1,0.023109768066858605,0.13255371659690326,-0.4378469298472983,0.07832802546506451,0.9434494480440881,1.2268571213772421,1.0826491408719499,-0.2550714556484186,-3.0361494801010793,-0.0789784978455519,3.6513940962670137
1.81,1,0.02810976806685872,0.1612328699777197,-0.4317509571674196,0.08374004340236713,0.9422200367498257,1.211459804244955,1.0821097762009446,-0.23663256514538142,-3.122720974739053,-0.13688759716064827,3.723984540760785
1.815,1,0.033109768066858614,0.18991202335853488,-0.42573305155065755,0.08914863766680867,0.9410837224839735,1.1956306806315495,1.0812790785548767,-0.217833678327793,-3.2088310683582475,-0.19550850375590512,3.7953341330651993
1.82,1,0.03810976806685873,0.21859117673935133,-0.4197953652367997,0.09455234277552614,0.9400422882552265,1.1793726726049738,1.0801535366590649,-0.19868187679193788,-3.294233735816665,-0.2548221129434471,3.8650919390445018
1.825,1,0.04310976806685862,0.24727033012016647,-0.41394003277998065,0.09994967592809081,0.9390974772776214,1.1626899323588875,1.0787297347622682,-0.17918599680478275,-3.378682951972292,-0.314809320035388,3.9329070245629243
1.83,1,0.04810976806685874,0.2759494835009829,-0.4081691648980514,0.10533913748412732,0.9382509841971832,1.1455878422126589,1.0770043526366835,-0.15935662930396965,-3.4619326916831312,-0.37545102034385247,3.998428455484711
1.835,1,0.05310976806685863,0.3046286368817981,-0.4024848423219528,0.11071921144092889,0.9375044463185723,1.1280730146113676,1.0749741655779486,-0.13920611989782292,-3.5437369298071695,-0.43672810918095445,4.061305297674095
1.84,1,0.05810976806685875,0.33330779026261453,-0.3968891096450851,0.1160883659110765,0.9368594348317305,1.1101532921258017,1.0726360444051395,-0.11874856886534223,-3.623849641202408,-0.49862148185881866,4.121186616995319
1.845,1,0.06310976806685864,0.3619869436434297,-0.39138396917268137,0.12144505360005418,0.9363174460385283,1.0918377474524614,1.0699869554607722,-0.09799983115620961,-3.7020248007268357,-0.5611120336895586,4.177721479312617
1.85,1,0.06810976806685876,0.3906660970242461,-0.38597137477117677,0.12678771228386804,0.9358798925794106,1.0731366834135547,1.067023960610802,-0.07697751639078218,-3.778016383238453,-0.6241806599852994,4.230558950490232
1.855,1,0.07310976806685865,0.41934525040506127,-0.3806532257175822,0.13211476528666166,0.9355480946600443,1.0540616329570016,1.063744217244624,-0.055700988860099686,-3.8515783635952476,-0.6878082560581543,4.279348096392396
1.86,1,0.07810976806685876,0.4480244037858777,-0.37543136054885373,0.13742462195833516,0.9353232712779639,1.0346253591564303,1.0601449782750718,-0.034191367525876884,-3.922464716655222,-0.7519757172202489,4.323737982883354
1.865,1,0.08310976806685866,0.4767035571666929,-0.370307550911266,0.14271567815216035,0.9352065314492192,1.0148418552111806,1.0562235921384193,-0.012471526020511084,-3.9904294172763635,-0.8166639387836963,4.36337767582734
1.87,1,0.08810976806685877,0.5053827105475093,-0.36528349540978167,0.14798631670240017,0.9351988654350206,0.9947263444463011,1.051977502794379,0.0094339073529253,-4.055226440316672,-0.8818538160606212,4.397916241088593
1.875,1,0.09310976806685867,0.5340618639283244,-0.36036081345742477,0.15323490790192357,0.9353011359683873,0.9742952803125522,1.0474042497261038,0.03149854962067736,-4.116609760634138,-0.9475262443631375,4.427002744531351
1.8800000000000001,1,0.09810976806685878,0.562741017309141,-0.3555410391246504,0.15845980997982495,0.9355140694807923,0.953566346386401,1.042501467940185,0.053694263138315185,-4.1743333530867615,-1.0136621190033703,4.450286252019855
1.885,1,0.10310976806685868,0.5914201706899561,-0.3508256149887181,0.16365936957903926,0.93583824732881,0.9325584563700291,1.0372668879666538,0.075991155590726,-4.22815119253253,-1.0802423352934332,4.467415829418339
1.8900000000000001,1,0.10810976806685879,0.6200993240707725,-0.346215885983061,0.16883192223396107,0.9362740970207629,0.9112917540913238,1.0316983358589806,0.09835757999212232,-4.277817253829444,-1.1472477885454504,4.478040542591044
1.895,1,0.11310976806685868,0.6487784774515877,-0.3417130932466597,0.17397579284806014,0.9368218834433671,0.8897876135038861,1.0257937331940756,0.1207601346860338,-4.323085511835495,-1.2146593740715363,4.481809457402209
1.9000000000000001,1,0.1181097680668588,0.6774576308324041,-0.3373183679734115,0.17908929617150018,0.9374817000883805,0.8680686386870238,1.019551097072288,0.1431636633453155,-4.36370994140868,-1.2824579871838158,4.478371639716068
1.905,1,0.1231097680668587,0.7061367842132192,-0.3330327252615038,0.18417073727875435,0.9382534602792479,0.8461586638457576,1.0129685401174071,0.16553125497213944,-4.39944451740699,-1.3506245231944016,4.467376155396863
1.9100000000000001,1,0.1281097680668588,0.7348159375940357,-0.32885705796278375,0.18921841204622428,0.9391368883977487,0.8240827533108152,1.0060442704766601,0.1878242438980029,-4.430043214688423,-1.4191398774154198,4.448472070308831
1.915,1,0.1331097680668587,0.7634950909748509,-0.3247921305321313,0.19423060762985545,0.9401315111106427,0.8018672015386381,0.9987765918207152,0.21000220978372022,-4.4552600081109714,-1.4879849451589833,4.421308450316213
1.92,1,0.1381097680668586,0.7921742443556661,-0.3208385728768296,0.19920560294275588,0.9412366485963176,0.7795395331113745,0.9911639033436794,0.2320229776194302,-4.47484887253263,-1.557140621737214,4.385534361283243
1.925,1,0.1431097680668587,0.8208533977364825,-0.3169968742059366,0.20414166913281281,0.9424514057714345,0.7571285027368833,0.9832046997630985,0.25384261772459243,-4.488563782811395,-1.6265878024622347,4.340798869074161
1.93,1,0.1481097680668586,0.8495325511172976,-0.3132673768796572,0.20903707006030908,0.9437746635175756,0.7346640952487354,0.9748975713199589,0.2754154457479854,-4.496158713805261,-1.696307382646158,4.286751039553206
1.935,1,0.15310976806685872,0.878211704498114,-0.3096502702587135,0.21389006277554198,0.94520506990789,0.7121775256062087,0.9662412037786852,0.29669402266771183,-4.497387640372221,-1.7662802576011098,4.223039938584614
1.94,1,0.1581097680668586,0.9068908578789292,-0.3061455845537177,0.21869889799643863,0.9467410314337407,0.6897012388942947,0.9572343784271427,0.31762915479119247,-4.492004537370271,-1.8364873226392036,4.149314632032626
1.945,1,0.16310976806685873,0.9355700112597457,-0.30275318467454204,0.22346182058617498,0.9483807042313511,0.6672689103236908,0.9478759720766342,0.3381698937551728,-4.4797633796574035,-1.906909473072564,4.065224185761477
1.95,1,0.16810976806685862,0.9642491646405609,-0.2994727640796916,0.2281770700307911,0.9501219853084517,0.6449154452308088,0.9381649570619046,0.35826353652571574,-4.460418142091615,-1.9775276042133043,3.9704176656354107
1.955,1,0.17310976806685874,0.9929283180213773,-0.29630383862567455,0.23284288091681044,0.9519625037709266,0.6226769790777662,0.9281004012411355,0.37785562539820916,-4.4337227995309,-2.0483226113735498,3.864544137518657
1.96,2,0.0037671041252995696,0.0442809838570429,-0.29324574045383456,0.23745748342633735,0.9538996121224071,0.6005908277311017,0.9176814911990485,0.3968900448200881,-4.399484122092959,-2.119250752271086,3.7473554759583476
1.965,2,0.008767104125299685,0.10305422503141923,-0.29029761420996353,0.2420191049207754,0.9559303821065075,0.5786942774665199,0.9069080969068712,0.41531137762540293,-4.357963187350152,-2.190056276143605,3.6194882324839024
1.97,2,0.013767104125299578,0.16182746620579294,-0.28745842290109175,0.2465259760218683,0.9580516193156319,0.5570225116052716,0.8957817392844986,0.43306894251446565,-4.309652804004492,-2.260375291884425,3.482030210732528
1.975,2,0.018767104125299694,0.22060070738016926,-0.2847269597981759,0.2509763395141287,0.9602598895730026,0.5356082407417017,0.8843057627595635,0.45011751411501383,-4.255047631522896,-2.329843044703371,3.336072818352514
1.98,2,0.023767104125299587,0.279373948554543,-0.2821018608024448,0.25536845946364156,0.9625515462175757,0.5144817021728243,0.8724853355336517,0.46641732409302367,-4.194642329372285,-2.3980947798102563,3.1827074629921754
1.985,2,0.028767104125299703,0.33814718972891933,-0.279581616811885,0.25970063033693536,0.9649227573892335,0.49367065989831554,0.860327449582298,0.48193406115271553,-4.128931557019575,-2.464765742414907,3.023025552299803
1.99,2,0.033767104125299596,0.39692043090329304,-0.27716458608772837,0.2639711861198505,0.9673695333139744,0.4732004046205205,0.84784092065499,0.4966388710365488,-4.058409973931689,-2.5294911777271367,2.8581184939237114
1.995,2,0.03876710412529971,0.45569367207766937,-0.2748490066209382,0.2681785094364103,0.969887753589105,0.45309375374444577,0.8350363882751641,0.510508356525227,-3.983572239575541,-2.59190633095677,2.68907769551219
2.0,2,0.043767104125299605,0.5144669132520431,-0.2726330084986962,0.2723210406676895,0.9724731944684307,0.43337105137776727,0.8219263157402102,0.5235245774376922,-3.904913013418056,-2.651646447313621,2.5169945647135554
2.005,2,0.0487671041252995,0.5732401544264168,-0.27051462627088896,0.27639728707068517,0.9751215561474479,0.41405016833082336,0.8085249901214668,0.5356750506311305,-3.82292695492615,-2.7083467720075123,2.3429605091761023
2.0100000000000002,2,0.053767104125299836,0.6320133956007957,-0.26849181131659455,0.28040583189718604,0.9778284900485341,0.3951465021166174,0.7948485222642231,0.5469527500009695,-3.738108723566733,-2.761642550248268,2.1680669365481187
2.015,2,0.05876710412529973,0.6907866367751695,-0.2665624442105699,0.28434534351264135,0.9805896261061391,0.37667297695082275,0.7809148467877224,0.5573561064808753,-3.6509529788067407,-2.8111690272456986,1.993405254477937
2.02,2,0.06376710412529962,0.7495598779495432,-0.2647243470897364,0.28821458451503223,0.9834006000519772,0.35864004375177355,0.7667437220851558,0.5668890080427587,-3.5619543801130833,-2.8565614482096273,1.820066870613845
2.025,2,0.06876710412529952,0.8083331191239169,-0.2629752960196673,0.29201242085374046,0.9862570807002179,0.3410556801404706,0.7523567303236661,0.5755607996967707,-3.4716075869526803,-2.8974550583498746,1.6491431926041447
2.0300000000000002,2,0.07376710412529985,0.8671063602982959,-0.2613130333610739,0.2957378309484186,0.9891547972326772,0.323925390440579,0.7377772774443461,0.5833862834913048,-3.3804072587924425,-2.9334851028762627,1.4817256280971238
2.035,2,0.07876710412529975,0.9258796014726696,-0.2597352801362931,0.29938991480785865,0.9920895664840076,0.3072522056784336,0.7230305931622429,0.590385718512994,-3.288848055099306,-2.9642868269986047,1.3189055847411149
2.04,2,0.08376710412529964,0.9846528426470433,-0.25823974839577296,0.3029679031488638,0.9950573202268915,0.29103668358303,0.7081437309663511,0.5965848208867146,-3.197424635340179,-2.9894954759267236,1.1617744701844048
2.045,3,0.003694375446521292,0.02907879469397037,-0.2568241535624745,0.3064711664862687,0.9980541323965977,0.275276938476821,0.6931455290767305,0.6020146817137277,-3.1065992954170936,-3.0087885676576884,1.0113348414890269
2.05,3,0.008694375446521185,0.06843428943848937,-0.25548622531439363,0.30989922231347844,1.0010762423021113,0.25996940873203184,0.6780656080049475,0.6067096601052807,-3.016541944832507,-3.0222255307756023,0.8677865412104221
2.055,3,0.013694375446521523,0.10778978418301187,-0.2542237122455379,0.3132517341565208,1.004120060756703,0.24511021454492646,0.6629325970503557,0.6107036555636014,-2.9272672843891936,-3.030068525064408,0.7309033035933903
2.06,3,0.018694375446521416,0.14714527892753088,-0.2530343825170471,0.31652850539048444,1.0071821651998736,0.23069540928410937,0.6477738059928467,0.6140294179329581,-2.8387885863638087,-3.0325815762267707,0.6004549410223099
2.065,3,0.02369437544652131,0.18650077367204987,-0.25191602418912096,0.319729472639037,1.010259293943002,0.21672097995679804,0.6326152244837949,0.6167185461195416,-2.751119123032984,-3.030028709965361,0.4762112658815232
2.07,3,0.028694375446521203,0.22585626841656886,-0.25086644555282683,0.32285469917378157,1.0133483404146522,0.2031828472088281,0.6174815220460623,0.6188014880914642,-2.664272166673359,-3.022673951982846,0.35794209055538434
2.075,3,0.03369437544652154,0.26521176316109135,-0.24988347546190626,0.32590436831361436,1.0164463474058836,0.1900768653246508,0.6023960480739965,0.6203075408787604,-2.578260989561565,-3.010781327981894,0.24541722742823832
2.08,3,0.038694375446521434,0.30456725790561034,-0.2489649636645821,0.32887877682408134,1.0195505013155597,0.1773988222273377,0.5873808318334356,0.6212648505733857,-2.493098863974258,-2.9946148636651744,0.13840648888445928
2.085,3,0.04369437544652133,0.34392275265012934,-0.24810878113536525,0.3317783283167371,1.0226581263956602,0.16514443947857357,0.5724565824617005,0.6217004123292179,-2.40879906218807,-2.9744385847353545,0.03667968730839157
2.09,3,0.04869437544652122,0.3832782473946484,-0.2473128204068616,0.3346035266485014,1.0257666789965878,0.15330937227866123,0.5576426889676002,0.6216400703620564,-2.3253748564796393,-2.950516516895103,-0.05999336491561073
2.095,3,0.05369437544652156,0.4226337421391709,-0.24657499590157891,0.33735496932101694,1.0288737418124798,0.1418892094665193,0.5429572202314285,0.6211085179496224,-2.2428395191256,-2.923112685847086,-0.1518428554032009
2.1,3,0.05869437544652145,0.46198923688368987,-0.2458932442637341,0.3400333408800058,1.0319770181265158,0.1308794735196863,0.5284169250049703,0.620129297431559,-2.1612063224026046,-2.8924911172939756,-0.23909897177000808
2.105,3,0.06369437544652135,0.5013447316282088,-0.24526552469105956,0.34263940631462864,1.0350743260562294,0.1202756205543143,0.5140372319114933,0.6187248002094309,-2.080488538587286,-2.858915836938438,-0.32199190163168584
2.11,3,0.06869437544652124,0.5407002263727279,-0.24468981926661051,0.34517400445684066,1.0381635927988166,0.11007304032517336,0.4998322494457528,0.6169162667467246,-2.0006994399562847,-2.822650870483142,-0.40075183260388086
2.115,3,0.07369437544652158,0.5800557211172503,-0.2441641332905717,0.34763804138075005,1.041242848876446,0.10026705622564942,0.48581476597398976,0.6147237865688484,-1.9218522987862325,-2.7839602436307516,-0.47560895230224415
2.12,3,0.07869437544652147,0.6194112158617694,-0.24368649561206454,0.350032483801974,1.0443102223815666,0.09085292528774785,0.47199624973393534,0.6121662982631324,-1.8439603873537826,-2.7431079820839424,-0.546793448342409
2.125,3,0.08369437544652136,0.6587667106062883,-0.24325495896095375,0.352358352476998,1.0473639332222204,0.08182583818208825,0.45838684883480385,0.6092615894788286,-1.7670369779355686,-2.7003581115453796,-0.6145355083400266
2.13,3,0.08869437544652126,0.6981222053508074,-0.24286760027965448,0.35461671560253183,1.05040228736735,0.07318091921790774,0.44499539125729726,0.6060262969271105,-1.6910953428082296,-2.655974657717731,-0.6790653199107435
2.1350000000000002,3,0.0936943754465216,0.7374777000953299,-0.24252252105493904,0.3568086822148679,1.0534236710921088,0.06491322634305972,0.4318293848536033,0.6024759063810731,-1.6161487542483983,-2.6102216463036605,-0.74061307067021
2.14,3,0.09869437544652149,0.7768331948398488,-0.2422178476497441,0.35893539558923754,1.0564265452231698,0.05701775114401647,0.41889501734739965,0.5986247526757342,-1.5422104845327285,-2.563363103005845,-0.7994089482340612
2.145,3,0.10369437544652138,0.8161886895843679,-0.24195173163497732,0.36099802663917,1.0594094393840365,0.0494894188458648,0.4061971563338472,0.5944860197080326,-1.469293805937852,-2.5156630535269477,-0.8556831402179478
2.15,3,0.10869437544652127,0.8555441843288869,-0.2417223501213244,0.3629977673158486,1.0623709462403519,0.042323088312309194,0.3937393492795947,0.5900717404368288,-1.397411990740409,-2.4673855235696385,-0.9096658342375161
2.1550000000000002,3,0.11369437544652161,0.8948996790734094,-0.24152790609105595,0.3649358240074689,1.065309715745208,0.035513552045670305,0.38152382352277653,0.585392796882905,-1.3265783112170328,-2.41879453883658,-0.9615872179084155
2.16,3,0.1186943754465215,0.9342551738179283,-0.24136662872983453,0.3668134109385953,1.0682244493844553,0.02905553618688737,0.3695514862730168,0.5804589201289663,-1.2568060396443759,-2.3701541250304494,-1.0116774788462826
2.165,3,0.1236943754465214,0.9736106685624474,-0.24123677375852132,0.3686317435695197,1.0711138944220129,0.02294370051551451,0.3578219246114232,0.575278690319638,-1.1881084482990716,-2.3217283078539115,-1.0601668046667674
2.17,4,0.0016473129598724157,0.001249127245732373,-0.24113662376496714,0.3703920319958346,1.0739768381453565,0.017172638498844345,0.34633340614785046,0.5698595372032035,-1.1204986901823886,-2.2737795170539137,-1.1072840675460405
2.1750000000000003,4,0.006647312959872753,0.0050405356670842035,-0.24106448851858503,0.37209547457839015,1.0768121023008952,0.011736890070378512,0.3350830500023437,0.5642078810601618,-1.0539825581994442,-2.2264717011256008,-1.1531769681561297
2.18,4,0.011647312959872647,0.008831944088435698,-0.24101870510260015,0.37374325401281283,1.0796185395401166,0.006630999763067759,0.32406760465287626,0.5583297738310552,-0.9885543184856284,-2.1798145754278564,-1.1978660831182202
2.185,4,0.01664731295987254,0.01262335250978719,-0.2409976377969792,0.37533653673503525,1.0823950326153826,0.0018495449640897658,0.31328382599645516,0.5522312107269334,-0.9242072316314172,-2.133804400696371,-1.241360899308189
2.19,4,0.021647312959872433,0.016414760931138684,-0.24099967791051038,0.3768764730072159,1.085140494136524,-0.0026128632423296954,0.3027284886264098,0.5459181395244673,-0.8609345582272933,-2.0884374376668395,-1.283670903601909
2.195,4,0.026647312959872327,0.02020616935249018,-0.24102324361231817,0.37836419701122065,1.087853866333669,-0.006761580074917269,0.29239838583239114,0.5393964605659485,-0.7987295588637386,-2.043709947074957,-1.3248055828752525
2.2,4,0.031647312959872664,0.023997577773842007,-0.24106677976337804,0.37980082694210454,1.0905341208200718,-0.01060192705535232,0.28229032960037087,0.5326720267592886,-0.7375854941312303,-1.9996181896564136,-1.3647744240040958
2.205,4,0.03664731295987256,0.027788986195193502,-0.24112875774803122,0.3811874651015929,1.0931802583549395,-0.014139192008265656,0.27240115061264475,0.5257506435780216,-0.6774956246202612,-1.9561584261469125,-1.4035869138643045
2.21,4,0.04164731295987245,0.03158039461654499,-0.2412076753054995,0.38252519799156376,1.0957913086062614,-0.017378629061241487,0.2627276982478276,0.5186380690613005,-0.6184532109213082,-1.913326917282145,-1.441252539331755
2.215,4,0.046647312959872345,0.03537180303789649,-0.2413020563614,0.3838150964075288,1.0983663299136366,-0.0203254586448161,0.25326684058085636,0.5113400138138993,-0.5604515136248536,-1.871119923797805,-1.47778078728232
2.22,4,0.05164731295987268,0.03916321145924832,-0.24141045085925988,0.3850582155321155,1.100904409051102,-0.02298486749247842,0.2440154643829889,0.503862141006212,-0.5034837933213745,-1.8295337064295842,-1.5131811445918752
2.225,4,0.056647312959872576,0.042954619880599815,-0.24153143459203108,0.3862555950285479,1.1034046609899602,-0.0253620086406691,0.23497047512180705,0.4962100663742554,-0.4475433106013635,-1.7885645259131846,-1.5474630981362874
2.23,4,0.06164731295987247,0.046746028301951306,-0.24166360903360515,0.3874082591341292,1.1058662286616086,-0.027462001428781874,0.2261287969612116,0.4883893582196649,-0.3926233260552976,-1.7482086429842976,-1.5806361347914317
2.235,4,0.06664731295987236,0.0505374367233028,-0.24180560117032807,0.38851721675372264,1.1082882827203664,-0.029289931499162706,0.2174873727614258,0.4804055374096971,-0.33871710027365903,-1.7084623183786176,-1.6127097414331812
2.24,4,0.0716473129598727,0.05432884514465463,-0.2419560633325148,0.3895834615532337,1.1106700213063034,-0.03085085079711004,0.20904316407899354,0.4722640773772286,-0.2858178938469254,-1.669321812831836,-1.6436934049374115
2.245,4,0.0766473129598726,0.05812025356600613,-0.24211367302596426,0.390607972053091,1.1130106698080673,-0.032149777570874366,0.20079315116678265,0.4639704041207587,-0.23391896736558826,-1.6307833870796549,-1.6735966121799895
2.25,4,0.08164731295987249,0.06191166198735762,-0.24227713276347396,0.39159171172172846,1.115309480625713,-0.033191696371659,0.19273433297398018,0.45552989620440526,-0.18301358142012536,-1.592843301857765,-1.702428850036791
2.255,4,0.08664731295987238,0.06570307040870911,-0.24244516989635484,0.3925356290690669,1.1175657329335296,-0.0339815580536195,0.18486372714609542,0.44694788475790764,-0.1330949966010189,-1.5554978179018617,-1.7301996053836883
2.2600000000000002,4,0.09164731295987272,0.06949447883006095,-0.24261653644594602,0.39344065773999537,1.1197787324428694,-0.03452427977386392,0.17717837002495843,0.43822965347662474,-0.08415647349874669,-1.5187431959476365,-1.756918365096557
2.265,4,0.09664731295987261,0.07328588725141244,-0.24279000893512948,0.3943077166078527,1.121947811164975,-0.03482474499245255,0.169675316648723,0.4293804386215386,-0.03619127270379956,-1.4825756967307908,-1.7825946160512645
2.27,4,0.1016473129598725,0.07707729567276393,-0.24296438821984487,0.3951377098679095,1.124072327173808,-0.034887803472398254,0.1623516407518624,0.4204054290192496,0.010807345193344095,-1.4469915809870155,-1.807237845123686
2.275,4,0.1066473129598724,0.08086870409411542,-0.24313849932060436,0.39593152713084956,1.1261516643688776,-0.034718271279666264,0.1552044347651719,0.41130976606197944,0.056846119602202684,-1.4119871094520065,-1.8308575391896944
2.2800000000000002,4,0.11164731295987274,0.08466011251546725,-0.24331119125400733,0.39669004351625137,1.1281852322380679,-0.034320930783174136,0.14823080981576794,0.4020985437075698,0.10193178993229743,-1.377558542861454,-1.8534631851251642
2.285,4,0.11664731295987263,0.08845152093681875,-0.24348133686425502,0.39741411974606977,1.130172465620466,-0.03370053065479201,0.1414278957270901,0.39277680847948515,0.14607109559313855,-1.3437021419510604,-1.8750642698059643
2.29,4,0.12164731295987252,0.09224292935817024,-0.24364783265466552,0.3981046022381177,1.1321128244691903,-0.032861785869342346,0.13479284101889785,0.38334955946680854,0.18927077599424727,-1.310414167456517,-1.8956702801079692
2.295,4,0.12664731295987242,0.09603433777952174,-0.24380959861918836,0.3987623231995477,1.1340057936142192,-0.03180937770459994,0.12832281290727265,0.3738217483242441,0.23153757054514176,-1.2776908801135183,-1.9152907029070514
2.3000000000000003,4,0.13164731295987275,0.09982574620087356,-0.2439655780739193,0.3993881007203334,1.1358508825252187,-0.030547953741292027,0.12201499730461696,0.364198279272116,0.27287821865534295,-1.2455285406577568,-1.933935025079086
2.305,4,0.13664731295987265,0.10361715462222507,-0.2441147374886152,0.39998273886675134,1.1376476250743697,-0.02908212786309844,0.11586659881965654,0.3544840090963714,0.3132994597343622,-1.213923409824932,-1.951612733499942
2.31,4,0.14164731295987254,0.10740856304357656,-0.2442560663182086,0.4005470277748625,1.1393955792991974,-0.027416480256651204,0.10987484075743686,0.3446837471485758,0.35280803319171977,-1.1828717483507372,-1.9683333150454931
2.315,4,0.14664731295987243,0.11119997146492805,-0.24438857683432264,0.40108174374399386,1.1410943271653993,-0.025555557411534896,0.10403696511932554,0.33480225534591596,0.3914106784369342,-1.152369816970866,-1.984106256591613
2.32,4,0.15164731295987233,0.11499137988627954,-0.24451130395678577,0.40158764933022006,1.1427434743296718,-0.023503872120286335,0.09835023260301172,0.3248442481711994,0.4291141348795229,-1.1224138764210143,-1.9989410450141738
2.325,4,0.15664731295987266,0.11878278830763137,-0.2446233050851465,0.402065493439845,1.1443426499025404,-0.021265903478394733,0.09281192260250565,0.3148143926728532,0.46592514192900697,-1.0930001874368733,-2.0128471671890495
2.33,4,0.16164731295987256,0.12257419672898287,-0.2447236599301881,0.40251601142288335,1.1458915062111863,-0.018846096884302166,0.0874193332081404,0.30471730846492806,0.5018504389948975,-1.0641250107541438,-2.025834109992111
2.335,4,0.16664731295987245,0.12636560515033435,-0.24481147034544354,0.40293992516654237,1.147389718562275,-0.01624886403940264,0.08216978120656925,0.2945575677270925,0.5368967654867157,-1.035784607108517,-2.037911360299231
2.34,4,0.17164731295987234,0.13015701357168585,-0.24488586015871008,0.4033379431887033,1.1488369850047848,-0.013478582948042698,0.07706060208076752,0.28433969520463637,0.5710708608139797,-1.0079752372356894,-2.0490884049862834
2.345,4,0.17664731295987268,0.1339484219930377,-0.2449459750035641,0.4037107607314031,1.150233026092834,-0.010539597917521086,0.07208915001003134,0.2740681682084694,0.6043794643862089,-0.9806931618713516,-2.059374730929141
2.35,4,0.18164731295987258,0.13773983041438917,-0.24499098215087584,0.40405905985431606,1.1515775846485095,-0.007436219558089724,0.06725279786998004,0.263747416615125,0.636829315612917,-0.9539346417512045,-2.068779825003675
2.355,4,0.18664731295987247,0.14153123883574067,-0.24502007034032422,0.40438350952823526,1.1528704255246953,-0.0041727247829520765,0.06254893723255306,0.2533818228667539,0.668427153903623,-0.9276959376109398,-2.077313174085759
2.36,4,0.19164731295987236,0.14532264725709215,-0.2450324496119115,0.4046847657285544,1.1541113353679,-0.0007533568082644637,0.05797497836601157,0.24297572197112888,0.699179718667845,-0.9019733101862528,-2.084984265051265
2.365,4,0.1966473129598727,0.149114055678444,-0.24502735113747817,0.4049634715287492,1.1553001223810855,0.0028176748468649484,0.05352835023493816,0.23253340150164198,0.7290937493151045,-0.8767630202128356,-2.0918025847760675
2.37,4,0.2016473129598726,0.1529054640997955,-0.2450040270522176,0.405220257193859,1.1564366160864936,0.006536194360374363,0.049206500500238066,0.22205910159730904,0.7581759852549128,-0.8520613284263877,-2.0977776201360374
2.375,4,0.2066473129598725,0.15669687252114697,-0.24496175028619088,0.40545574027396886,1.1575206670884768,0.010398059607250683,0.04500689551913672,0.2115570149627637,0.7864331658967907,-0.8278644955626018,-2.1029188580070484
2.38,4,0.21164731295987238,0.16048828094249848,-0.2448998143958415,0.4056705256976903,1.1585521468363233,0.014399162159528087,0.04092702034518156,0.2010312868682608,0.8138720306502565,-0.8041687823571723,-2.107235785264972
2.3850000000000002,4,0.21664731295987272,0.16427968936385032,-0.24481753339551018,0.4058652058656437,1.1595309473870878,0.018535427286288656,0.0369643787282414,0.19048601514967547,0.8404993189248289,-0.7809704495457923,-2.1107378887856827
2.39,4,0.2216473129598726,0.1680710977852018,-0.24471424158894967,0.40604036074393934,1.1604569811684178,0.02280281395366098,0.03311649311450726,0.1799252502085057,0.8663217701300225,-0.7582657578641608,-2.113434655445052
2.395,4,0.2266473129598725,0.1718625062065533,-0.24458929340083932,0.4061965579576596,1.1613301807413823,0.027197314824822235,0.029380904646490888,0.16935299501186782,0.8913461236753566,-0.7360509680479703,-2.1153355721189526
2.4,4,0.2316473129598724,0.17565391462790478,-0.24444206320830014,0.40633435288433983,1.1621504985633004,0.031714956259997026,0.02575517316302584,0.15877320509249937,0.9155791189703484,-0.714322340832916,-2.116450125683257
2.4050000000000002,4,0.23664731295987274,0.17944532304925662,-0.24427194517240924,0.4064542887474507,1.1629179067505686,0.03635179831645784,0.022236877199266803,0.1481897885487577,0.9390274954245188,-0.6930761369546902,-2.116787803013839
2.41,4,0.24164731295987263,0.18323673147060812,-0.24407835306971493,0.40655689670987916,1.1636323968414892,0.041103934748523606,0.0188236139866912,0.1376066060446236,0.9616979924473811,-0.6723086171489918,-2.11635809098657
2.415,4,0.24664731295987252,0.1870281398919596,-0.24386072012375115,0.40664269596741054,1.1642939795590987,0.04596749300756185,0.01551299945309671,0.12702747080969573,0.983597349448454,-0.6520160421515143,-2.1151704764773234
2.42,4,0.2516473129598724,0.1908195483133111,-0.2436184988365524,0.4067121938422099,1.1649026845739954,0.050938634241987454,0.012302668222602956,0.11645614863919429,1.004732305837258,-0.6321946726979513,-2.113234446361972
2.4250000000000003,4,0.25664731295987275,0.19461095673466292,-0.24335116082016855,0.4067658858763038,1.165458560267168,0.05601355329726337,0.009190273615651086,0.10589635789395924,1.0251096010233092,-0.6128407695239974,-2.1105594875163884
2.43,4,0.26164731295987265,0.19840236515601442,-0.24305819662817954,0.4068042559250616,1.165961673492823,0.06118847871589884,0.006173487649004058,0.09535176950045382,1.0447359744161244,-0.5939505933653492,-2.1071550868164453
2.435,4,0.26664731295987254,0.20219377357736593,-0.24273911558721012,0.40682777625067745,1.166412109341214,0.0664596727374517,0.0032500010357459377,0.08482600695075931,1.063618165425222,-0.5755204049577007,-2.103030731138015
2.44,4,0.27164731295987243,0.2059851819987174,-0.24239344562844456,0.4068369076156517,1.1668099709014685,0.071823431298527,0.00041752318528268773,0.07432264630257851,1.0817629134601199,-0.5575464650367468,-2.0981959073569714
2.445,4,0.2766473129598723,0.2097765904200689,-0.24202073311914163,0.40683209937627246,1.1671553790244165,0.07727608403277805,-0.0023262177966586694,0.06384521617923469,1.0991769579303357,-0.5400250343381819,-2.092660102349185
2.45,4,0.28164731295987266,0.21356799884142072,-0.24162054269414904,0.4068137895760974,1.167448472085419,0.08281399427090547,-0.004983475108029337,0.05339719776967104,1.115867038245389,-0.5229523735976995,-2.08643280299053
2.455,4,0.28664731295987256,0.21735940726277223,-0.24119245708741857,0.406782405039435,1.1676894057471958,0.08843355904065617,-0.007556483250458744,0.04298202482845376,1.131839893814794,-0.5063247435509981,-2.079523496156879
2.46,4,0.29164731295987245,0.22115081568412373,-0.2407360769635205,0.40673836146482684,1.167878352722653,0.0941312090668263,-0.010047458029255133,0.03260308367576776,1.147102264048071,-0.49013840493376953,-2.0719416687241052
2.465,4,0.29664731295987234,0.2249422241054752,-0.2402510207491586,0.4066820635185282,1.1680155025377126,0.09990340877125886,-0.012458596553404934,0.022263713197418718,1.1616608883547368,-0.47438961848170946,-2.06369680756808
2.47,4,0.3016473129598727,0.22873363252682705,-0.2397369244646847,0.4066139049279907,1.1681010612941387,0.10574665627284541,-0.014792077235573723,0.011967204844832128,1.1755225061443109,-0.4590746449305116,-2.054798399564677
2.475,4,0.3066473129598726,0.23252504094817855,-0.23919344155561373,0.4065342685753432,1.1681352514323675,0.1116574833875231,-0.017050059792104506,0.001716802635057165,1.1886938568263075,-0.44418974501587316,-2.0452559315897685
2.48,4,0.31164731295987247,0.23631644936953003,-0.2386202427241381,0.4064435265908737,1.1681183114943336,0.11763245562827818,-0.01923468524301944,-0.008484296849239107,1.2011816798102466,-0.4297311794734878,-2.0350788905192285
2.485,4,0.31664731295987236,0.24010785779088153,-0.23801701576064282,0.40634204044651084,1.1680504958863,0.12366817220514435,-0.02134807591201916,-0.018632944459768375,1.2129927145056465,-0.4156952090390498,-2.024276763228927
2.49,4,0.3216473129598727,0.24389926621223335,-0.23738346537522,0.4062301610493057,1.1679320746416841,0.12976126602520313,-0.023392335426482773,-0.028726038482622257,1.2241337003220245,-0.4020780944482536,-2.012859036594738
2.495,4,0.3266473129598726,0.24769067463358485,-0.23671931302918395,0.40610822883491315,1.1677633331838877,0.13590840369258225,-0.02536954871746733,-0.03876052463826951,1.2346113766688978,-0.3888760964367954,-2.000835197492536
2.5,4,0.3316473129598725,0.25148208305493636,-0.23602429676658546,0.40597657386107355,1.167544572089124,0.14210628550845864,-0.027281782019709065,-0.048733396081560444,1.2444324829557838,-0.37608547574036943,-1.9882147327981918
2.505,4,0.3366473129598724,0.25527349147628786,-0.23529817104572692,0.40583551590109457,1.1672761068492459,0.14835164547105584,-0.029131082871622273,-0.05864169340172384,1.2536037585922017,-0.3637024930946701,-1.975007129387579
2.5100000000000002,4,0.3416473129598727,0.25906489989763964,-0.23454070657067694,0.4056853645373324,1.1669582676345744,0.15464125127564593,-0.03091948011529994,-0.0684825046223691,1.2621319429876683,-0.35172340923539236,-1.961221874136568
2.515,4,0.3466473129598726,0.26285630831899115,-0.2337516901227853,0.4055264192546737,1.1665913990567267,0.16097190431454686,-0.032648983896513016,-0.07825296520148232,1.270023775551701,-0.34014448489823185,-1.9468684539210335
2.52,4,0.3516473129598725,0.26664771674034266,-0.23293092439219742,0.40535896953401696,1.1661758599314436,0.16734043967712625,-0.0343215856647117,-0.08795025803143146,1.277285995693817,-0.32896198081888256,-1.9319563556168489
2.525,4,0.3566473129598724,0.27043912516169416,-0.2320782278093693,0.40518329494575434,1.1657120230414182,0.1737437261497976,-0.03593925817302431,-0.09757161343896252,1.2839253428235367,-0.3181721577330391,-1.916495066099887
2.5300000000000002,4,0.36164731295987274,0.274230533583046,-0.2311934343765822,0.40499966524325315,1.1652002748991246,0.18017866621602374,-0.0375039554782576,-0.10711430918520254,1.2899485563503763,-0.30777127637639623,-1.9004940722460166
2.535,4,0.36664731295987263,0.27802194200439745,-0.23027639349945767,0.4048083404563374,1.1646410155096445,0.18664219605631266,-0.03901761294089658,-0.11657567046565474,1.2953623756838524,-0.29775559748464986,-1.8839628609311152
2.54,4,0.3716473129598725,0.28181335042574895,-0.2293269698184718,0.4046095709847695,1.1640346581334964,0.19313128554822212,-0.040482147225104875,-0.12595306991020455,1.3001735402334833,-0.28812138179349467,-1.8669109190310533
2.545,4,0.3766473129598724,0.28560475884710046,-0.22834504304047049,0.404403597691732,1.1633816290494639,0.19964293826635668,-0.0418994562987253,-0.13524392758311607,1.3043887894087889,-0.2788648900386241,-1.849347733421704
2.5500000000000003,4,0.38164731295987275,0.2893961672684523,-0.2273305077701838,0.4041906519973087,1.162682367317422,0.20617419148236912,-0.04327141943327783,-0.14444571098303316,1.3080148626192845,-0.26998238295573357,-1.8312827909789382
2.555,4,0.38664731295987265,0.2931875756898038,-0.22628327334174117,0.40397095597196697,1.1619373245411686,0.21272211616495776,-0.04459989720396209,-0.1535559350429767,1.3110584992744887,-0.2614701212805182,-1.8127255785786325
2.56,4,0.39164731295987254,0.29697898411115525,-0.22520326365018575,0.4037447224300387,1.1611469646312487,0.2192838169798705,-0.045886731489655413,-0.16257216213034945,1.31352643878392,-0.2533243657486726,-1.793685583096657
2.565,4,0.39664731295987243,0.30077039253250676,-0.2240904169829894,0.4035121550232025,1.160311763567785,0.22585643228990282,-0.04713374547291398,-0.1714920020469331,1.3154254205570939,-0.24554137709589258,-1.7741722914088842
2.57,4,0.4016473129598723,0.30456180095385826,-0.2229446858515672,0.4032734483339646,1.1594322091633056,0.23243713415489678,-0.048342743639972145,-0.18031311202888814,1.3167621840035304,-0.23811741605787162,-1.7541951903911879
2.575,4,0.40664731295987266,0.3083532093752101,-0.22176603682279267,0.40302878796914116,1.1585088008255715,0.23902312833174336,-0.04951551178074322,-0.18903319674675542,1.3175434685327458,-0.23104874337030432,-1.7337637669194375
2.58,4,0.41164731295987256,0.3121446177965616,-0.22055445035051216,0.4027783506533396,1.1575420493204052,0.2456116542743785,-0.050653816988818774,-0.19765000830545257,1.3177760135542593,-0.224331619768887,-1.712887507869511
2.585,4,0.41664731295987245,0.31593602621791306,-0.21930992060705967,0.40252230432244,1.1565324765345186,0.2521999851337884,-0.05175940766146856,-0.20616134624427937,1.317466558477587,-0.21796230598931318,-1.6915759001172783
2.59,4,0.42164731295987234,0.31972743463926456,-0.2180324553147717,0.4022608082170771,1.1554806152383414,0.2587854277580063,-0.05283401349964129,-0.21456505753691416,1.3166218427122487,-0.21193706276727797,-1.6698384305386131
2.595,4,0.4266473129598727,0.3235188430606164,-0.21672207557750184,0.40199401297612136,1.1543870088488482,0.2653653226921127,-0.05387934550796332,-0.22285903659141523,1.3152486056677593,-0.2062521508384759,-1.6476845860093847
2.6,4,0.4316473129598726,0.3273102514819679,-0.21537881571213588,0.4017220607301613,1.1532522111923886,0.2719370441782347,-0.054897095994740734,-0.23104122525021728,1.313353586753639,-0.20090383093860278,-1.6251238534054702
2.605,4,0.43664731295987247,0.3311016599033194,-0.21400272308010626,0.4014450851949845,1.1520767862675128,0.27849800015554876,-0.055888938571957106,-0.23910961279013832,1.3109435253794046,-0.19588836380335298,-1.6021657196027408
2.61,4,0.44164731295987236,0.33489306832467086,-0.21259385791890684,0.40116321176505954,1.1508613080078018,0.2850456322602775,-0.05685652815527482,-0.24706223592237295,1.308025160954574,-0.19120201016842095,-1.578819671477069
2.615,4,0.4466473129598727,0.3386844767460227,-0.21115229317360765,0.40087655760701735,1.1496063600446944,0.29157741582569263,-0.05780150096403488,-0.25489717879249724,1.3046052328886653,-0.18684103076950132,-1.5550951959043258
2.62,4,0.4516473129598726,0.3424758851673742,-0.20967811432837022,0.4005852317531331,1.1483125354703159,0.29809085988211176,-0.058725474521256295,-0.26261257298046436,1.3006904805911959,-0.1828016863422899,-1.5310017797603868
2.625,4,0.4566473129598725,0.3462672935887257,-0.20817141923796137,0.4002893351948076,1.146980436600305,0.3045835071569012,-0.059630047653636546,-0.2702065975006089,1.2962876434716832,-0.17908023762248024,-1.5065489099211233
2.63,4,0.4616473129598724,0.3500587020100772,-0.20663231795926867,0.39998896097604875,1.1456106747366435,0.3110529340744743,-0.06051680049155259,-0.2776774788016433,1.2914034609396454,-0.17567294534576813,-1.481746073262408
2.6350000000000002,4,0.4666473129598727,0.35385011043142905,-0.20506093258281483,0.399684194286954,1.1442038699304835,0.3174967507562929,-0.06138729446905903,-0.2850234907666607,1.2860446724045997,-0.1725760702478479,-1.4566027566601116
2.64,4,0.4716473129598726,0.3576415188527805,-0.2034573970642732,0.3993751125571906,1.1427606507449763,0.32391260102086483,-0.06224307232388869,-0.29224295471313166,1.2802180172760658,-0.16978587306441512,-1.4311284469901122
2.645,4,0.4766473129598725,0.361432927274132,-0.20182185705598116,0.3990617855494785,1.1412816540180988,0.3302981623837467,-0.06308565809745346,-0.2993342393929083,1.273930234963558,-0.16729861453116357,-1.4053326311282777
2.65,4,0.4816473129598724,0.3652243356954835,-0.20015446973845635,0.39874427545307106,1.1397675246254833,0.33665114605754254,-0.06391655713484322,-0.306295760992221,1.2671880648765972,-0.16511055538378758,-1.379224795950484
2.6550000000000002,4,0.48664731295987274,0.36901574411683535,-0.1984554036519101,0.3984226369772371,1.138218915243245,0.34296929695190465,-0.0647372560848273,-0.31312598313167983,1.2599982464247002,-0.16321795635798345,-1.3528144283325991
2.66,4,0.49164731295987263,0.37280715253818686,-0.19672483852776373,0.3980969174447423,1.1366364861108098,0.34925039367353067,-0.06554922289985213,-0.3198234168662734,1.2523675190173833,-0.16161707818944548,-1.3261110151505004
2.665,4,0.4966473129598725,0.3765985609595383,-0.1949629651201619,0.39776715688533126,1.1350209047937434,0.3554922485261684,-0.0663539068360434,-0.3263866206853707,1.2443026220641662,-0.16030418161386853,-1.2991240432800588
2.67,4,0.5016473129598724,0.3803899693808898,-0.19316998503748783,0.39743338812920836,1.1333728459465777,0.36169270751061144,-0.06715273845320535,-0.33281420051271937,1.2358102949745657,-0.15927552736694683,-1.2718629995971484
2.6750000000000003,4,0.5066473129598728,0.38418137780224165,-0.19134611057387838,0.3970956369005198,1.1316929910756406,0.3678496503247029,-0.06794712961482013,-0.339104809706448,1.2268972771580986,-0.1585273761843768,-1.244337370977636
2.68,4,0.5116473129598726,0.38797278622359316,-0.18949156454073857,0.3967539219108354,1.1299820283018835,0.37396099036333064,-0.06873847348804905,-0.3452571490590617,1.2175703080242852,-0.15805598880185112,-1.2165566442974027
2.685,4,0.5166473129598725,0.39176419464494466,-0.18760658009825645,0.3964082549526299,1.128240652123709,0.38002467471843254,-0.06952814454373127,-0.3512699667974475,1.2078361269826412,-0.1578576259550657,-1.1885303064323172
2.69,4,0.5216473129598724,0.3955556030662961,-0.18569140058691735,0.39605864099276444,1.1264695631797994,0.3860386841789927,-0.0703174985563853,-0.35714205858286946,1.1977014734426843,-0.1579285483797153,-1.1602678442582526
2.695,4,0.5266473129598723,0.3993470114876476,-0.1837462793590195,0.39570507826596873,1.1246694680119445,0.39200103323104435,-0.07110787260420716,-0.362872267510974,1.1871730868139343,-0.1582650168114947,-1.1317787446510819
2.7,4,0.5316473129598727,0.40313841990899946,-0.1817714796101879,0.3953475583683219,1.1228410788278702,0.3979097700576671,-0.07190058506907165,-0.36845948411178536,1.1762577065059072,-0.15886329198609883,-1.103072494486673
2.705,4,0.5366473129598726,0.40692982833035096,-0.17976727421089028,0.39498606635073497,1.1209851132640667,0.40376297653898746,-0.07269693563653216,-0.37390264634970566,1.164962071928121,-0.15971963463922137,-1.0741585806409066
2.71,4,0.5416473129598725,0.41072123675170247,-0.17773394553795038,0.39462058081243157,1.1191022941486153,0.4095587682521808,-0.07349820529582096,-0.37920073962351813,1.1532929224900945,-0.1608303055065587,-1.0450464899896525
2.715,4,0.5466473129598723,0.4145126451730539,-0.17567178530606378,0.39425107399443016,1.1171933492640185,0.4152952944714703,-0.07430565633984772,-0.38435279676638584,1.1412569976013436,-0.1621915653238056,-1.0157457094087807
2.72,4,0.5516473129598727,0.41830405359440576,-0.17358109439931205,0.39387751187302555,1.1152590111100258,0.42097073816812586,-0.07512053236520165,-0.38935789804585,1.1288610366713872,-0.1637996748266554,-0.9862657257741638
2.725,4,0.5566473129598726,0.42209546201575726,-0.17146218270267832,0.3934998542532701,1.1133000166664642,0.42658331601046495,-0.07594405827214974,-0.3942151711638313,1.116111779109741,-0.16565089475080438,-0.9566160259616797
2.73,4,0.5616473129598725,0.42588687043710877,-0.16931536893356108,0.3931180548624561,1.1113171071560646,0.43213127836385284,-0.07677744026463816,-0.3989237912566303,1.1030159643259272,-0.16774148583194637,-0.9268060968471973
2.735,4,0.5666473129598724,0.42967827885846027,-0.1671409804732895,0.3927320614435965,1.1093110278072906,0.43761290929070296,-0.07762186585029066,-0.40348298089492657,1.0895803317294603,-0.17006770880577618,-0.8968454253065913
2.74,4,0.5716473129598727,0.43346968727981205,-0.16493935319863787,0.39234181584890704,1.1072825276171663,0.4430265265504759,-0.07847850384041002,-0.40789201008377907,1.0758116207298567,-0.17262582440799065,-0.8667434982157285
2.745,4,0.5766473129598726,0.43726109570116356,-0.162710831313341,0.3919472541332879,1.1052323591141047,0.44837048159967924,-0.07934850434997716,-0.4121501962626266,1.0617165707366372,-0.17541209337428207,-0.8365098024504889
2.75,4,0.5816473129598725,0.44105250412251507,-0.16045576717960824,0.39154830664780504,1.1031612781207356,0.45364315959186874,-0.08023299879765197,-0.41625690430528606,1.0473019211593193,-0.17842277644034568,-0.806153824886742
2.755,4,0.5866473129598724,0.44484391254386657,-0.15817452114963848,0.391144898133172,1.1010700435167338,0.45884297937764756,-0.08113309990577315,-0.42021154651995607,1.0325744114074202,-0.18165413434187688,-0.775685052400362
2.7600000000000002,4,0.5916473129598727,0.4486353209652184,-0.15586746139713498,0.39073694781323115,1.0989594170016468,0.4639683935046679,-0.08204990170035638,-0.4240135826492124,1.0175407808904546,-0.18510242781457145,-0.7451129718672175
2.765,4,0.5966473129598726,0.45242672938656986,-0.15353496374882053,0.39032436948843613,1.0968301628577244,0.46901788821762624,-0.08298447951109697,-0.42766251987001025,1.0022077690179467,-0.1887639175941217,-0.7144470701631873
2.77,4,0.6016473129598725,0.45621813780792136,-0.15117741151595138,0.3899070716293324,1.0946830477127438,0.4739899834582701,-0.08393788997136857,-0.4311579127936856,0.9865821151994092,-0.19263486441622443,-0.6836968341641403
2.775,4,0.6066473129598724,0.46000954622927287,-0.14879519532583252,0.3894849574700394,1.0925188403028416,0.47888323286539286,-0.08491117101822296,-0.434499363465953,0.97067055884436,-0.19671152901657343,-0.6528717507459493
2.7800000000000002,4,0.6116473129598727,0.4638009546506247,-0.14638871295333222,0.3890579251017326,1.0903383112353384,0.4836962237748359,-0.0859053418923909,-0.4376865213669066,0.954479839362317,-0.2009901721308651,-0.621981306784486
2.785,4,0.6166473129598726,0.4675923630719762,-0.14395836915239735,0.38862586756612405,1.088142232751569,0.488427577219487,-0.08692140313828127,-0.4407190834110188,0.938016696162802,-0.2054670544947911,-0.5910349891556276
2.79,4,0.6216473129598725,0.47138377149332766,-0.14150457548756767,0.3881886729489447,1.0859313784897102,0.49307594792928394,-0.08796033660398048,-0.4435967939471436,0.9212878686553292,-0.21013843684405092,-0.5600422847352404
2.795,4,0.6266473129598724,0.47517517991467917,-0.1390277501654899,0.3877462244734262,1.0837065232476077,0.4976400243312098,-0.08902310544125637,-0.4463194447585121,0.9043000962494172,-0.21500057991433472,-0.5290126803992036
2.8000000000000003,4,0.6316473129598728,0.478966588336031,-0.1365283178664337,0.38729840059378184,1.0814684427456056,0.5021185285492963,-0.09011065410555215,-0.44888687506273567,0.8870601183545829,-0.22004974444133987,-0.4979556630233848
2.805,4,0.6366473129598726,0.4827579967573825,-0.1340067095758068,0.3868450750886885,1.0792179133893742,0.5065102164046232,-0.09122390835599056,-0.451298971511806,0.8695746743803433,-0.22528219116076018,-0.46688071948365995
2.81,4,0.6416473129598725,0.486549405178734,-0.13146336241566753,0.3863861171547683,1.0769557120327375,0.5108138774153168,-0.09236377525537331,-0.4535556681920922,0.8518505037362194,-0.23069418080829043,-0.43579733665589976
2.815,4,0.6466473129598724,0.4903408136000855,-0.12889871947624157,0.3859213915000703,1.074682615740502,0.5150283347965516,-0.09353114317017995,-0.4556569466243444,0.8338943458317258,-0.2362819741196275,-0.4047150014159792
2.82,4,0.6516473129598723,0.494132222021437,-0.1263132296474362,0.38545075843755183,1.072399401551284,0.5191524454605487,-0.0947268817705686,-0.45760283576369143,0.8157129400763816,-0.2420418318304621,-0.37364320063977
2.825,4,0.6566473129598727,0.4979236304427888,-0.12370734745035458,0.3849740739785603,1.0701068462403391,0.5231851000165798,-0.09595184203037661,-0.45939341199964157,0.7973130258797027,-0.24797001467649313,-0.34259142120313885
2.83,4,0.6616473129598726,0.5017150388641403,-0.12108153286881183,0.3844911899263144,1.0678057260823888,0.5271252227709602,-0.0972068562271184,-0.4610287991560823,0.7787013426512109,-0.25406278339341437,-0.31156914998196883
2.835,4,0.6666473129598725,0.5055064472854918,-0.11843625118084766,0.38400195396938686,1.065496816614449,0.5309717717270546,-0.09849273794198812,-0.4625091684912799,0.7598846298004212,-0.2603163987169196,-0.28058587385212763
2.84,4,0.6716473129598723,0.5092978557068433,-0.1157719727902432,0.38350620977518424,1.063180892398659,0.5347237385852758,-0.09981028205985813,-0.46383473869788217,0.7408696267368534,-0.26672712138270316,-0.24965107968948805
2.845,4,0.6766473129598727,0.5130892641281951,-0.11308917305803406,0.38300379708343035,1.060858726785108,0.5383801487430845,-0.1011602647692787,-0.46500577590291303,0.7216630728700193,-0.27329121212646235,-0.21877425436991985
2.85,4,0.6816473129598726,0.5168806725495466,-0.11038833213402743,0.3824945517996464,1.058531091674665,0.5419400612949873,-0.10254344356247881,-0.46602259366777954,0.702271707609443,-0.2800049316838895,-0.18796488476930098
2.855,4,0.6866473129598725,0.5206720809708981,-0.10766993478831374,0.38197830608863403,1.0561987572818063,0.5454025690325383,-0.10396055723536654,-0.46688555298826473,0.6827022703646425,-0.28686454079067986,-0.15723245776350223
2.86,4,0.6916473129598724,0.5244634893922496,-0.10493447024278382,0.3814548884679553,1.0538624918974415,0.5487667984443422,-0.10541232588752716,-0.46759506229453235,0.6629615005451313,-0.2938663001825293,-0.1265864602283923
2.865,4,0.6966473129598727,0.5282548978136015,-0.10218243200264246,0.3809241239014156,1.0515230616517455,0.5520319097160483,-0.10689945092222618,-0.46815157745112645,0.6430561375604275,-0.30100647059513264,-0.09603637903984812
2.87,4,0.7016473129598726,0.532046306234953,-0.09941431768792416,0.3803858338925452,1.0491812302769834,0.5551970967303539,-0.10842261504640635,-0.46855560175696814,0.6229929208200511,-0.30828131276418363,-0.06559170107374455
2.875,4,0.7066473129598725,0.5358377146563045,-0.0966306288650072,0.3798398365780795,1.0468377588703404,0.5582615870670052,-0.10998248227068828,-0.4688076859453608,0.6027785897335208,-0.31568708742537815,-0.035261913205952365
2.88,4,0.7116473129598724,0.5396291230776559,-0.09383187087812794,0.37928594682144234,1.0444934056567483,0.5612246420027942,-0.11157969790937286,-0.46890842818398526,0.5824198837103526,-0.3232200553144079,-0.005056502312342344
2.8850000000000002,4,0.7166473129598727,0.5434205314990077,-0.0910185526808962,0.37872397630622656,1.0421489257517151,0.5640855565115632,-0.11321488858043816,-0.4688584740749006,0.5619235421600645,-0.3308764771669718,0.025015044731212688
2.89,4,0.7216473129598726,0.5472119399203592,-0.0881911866678109,0.3781537336296759,1.0398050709241529,0.5668436592641986,-0.11488866220554135,-0.46865851665454883,0.5412963044921741,-0.33865261371876365,0.054943241048838895
2.895,4,0.7266473129598725,0.5510033483417107,-0.0853502885057732,0.37757502439616697,1.0374625893592055,0.5694983126286377,-0.11660160801001745,-0.4683092963937485,0.5205449101161985,-0.3465447257054762,0.08471859976466242
2.9,4,0.7316473129598724,0.5547947567630622,-0.08249637696560208,0.37698765131068973,1.0351222254210763,0.5720489126698636,-0.1183542965228801,-0.46781160119769893,0.4996760984416546,-0.35454907386280726,0.11433163400281557
2.9050000000000002,4,0.7366473129598727,0.5585861651844141,-0.07962997375354847,0.37639141427233086,1.0327847194158566,0.5744948891499061,-0.12014727957682296,-0.4671662664059766,0.47869660887806426,-0.3626619189264497,0.1437728568874204
2.91,4,0.7416473129598726,0.5623775736057656,-0.07675160334281186,0.37578611046775373,1.0304508073543546,0.5768357055278444,-0.12198109030821508,-0.4663741747925402,0.45761318083494035,-0.3708795216320983,0.17303278154260407
2.915,4,0.7466473129598725,0.5661689820271171,-0.07386179280505242,0.37517153446468077,1.0281212207149222,0.5790708589598057,-0.1238562431571066,-0.4654362565657263,0.4364325537218048,-0.37919814271544783,0.2021019210924979
2.92,4,0.7516473129598724,0.5699603904484686,-0.07096107164190721,0.3745474783053753,1.0257966862062837,0.5811998802989619,-0.12577323386722553,-0.4643534893682501,0.4151614669481765,-0.38761404291219315,0.2309707886612229
2.9250000000000003,4,0.7566473129598728,0.5737517988698204,-0.06804997161650558,0.37391373160012215,1.0234779255303639,0.5832223340955358,-0.12773253948597713,-0.4631268982772083,0.39380665992356223,-0.39612348295803107,0.2596298973729165
2.93,4,0.7616473129598726,0.5775432072911719,-0.06512902658498274,0.37327008162071057,1.0211656551451167,0.5851378185967954,-0.12973461836444689,-0.46175755580407607,0.37237487205749303,-0.4047227235886554,0.2880697603516976
2.935,4,0.7666473129598725,0.5813346157125233,-0.06219877232799498,0.37261631339391493,1.0188605860273523,0.5869459657470577,-0.13177991015739762,-0.46024658189470674,0.3508728427594798,-0.41340802553975997,0.3162808907216945
2.94,4,0.7716473129598724,0.5851260241338748,-0.059259746382233636,0.37195220979497645,1.0165634234355652,0.5886464411876855,-0.13386883582327117,-0.4585951439293331,0.32930731143904435,-0.42217564954703846,0.3442538016070344
2.945,4,0.7766473129598723,0.5889174325552263,-0.05631248787194232,0.37127755164108517,1.0142748666727632,0.5902389442570931,-0.13600179762418763,-0.45680445672257053,0.30768501750569854,-0.43102185634618684,0.37197900613184953
2.95,4,0.7816473129598727,0.5927088409765782,-0.05335753734042775,0.37059211778486095,1.0119956088492954,0.5917232079907374,-0.13817917912594507,-0.4548757825234091,0.28601270036896337,-0.43994290667290287,0.399447017420264
2.955,4,0.7866473129598726,0.5965002493979297,-0.05039543658157872,0.36989568520783644,1.0097263366456795,0.5930989991211255,-0.14040134519802216,-0.45281043101522095,0.26429709943835766,-0.44893506126287624,0.42664834859640294
2.96,4,0.7916473129598725,0.6002916578192812,-0.04742672847137805,0.36918802911393633,1.0074677300754307,0.5943661180778129,-0.14266864201357304,-0.45060975931575803,0.24254495412340044,-0.45799458085180494,0.45357351278439356
2.965,4,0.7966473129598723,0.6040830662406327,-0.04445195679941802,0.36846892302296147,1.005220462247889,0.595524398987402,-0.1449813970494311,-0.44827517197715144,0.2207630038336034,-0.4671177261753847,0.4802130231083692
2.97,4,0.8016473129598727,0.6078744746619845,-0.041471666100415,0.36773813886406875,1.0029851991310483,0.5965737096735406,-0.1473399190861107,-0.44580812098590744,0.19895798797849057,-0.4763007579693074,0.5065573926924508
2.975,4,0.8066473129598726,0.611665883083336,-0.038486401485725824,0.3669954470692533,1.0007625993143847,0.5975139516569276,-0.1497444982078013,-0.44321010576291914,0.17713664596757578,-0.48553993696926967,0.5325971346607687
2.98,4,0.8116473129598725,0.6154572915046875,-0.035496708474859584,0.3662406166668306,0.9985533137716822,0.5983450601553054,-0.1521954058023727,-0.4404826731634534,0.155305717210381,-0.49483152391096447,0.558322762137448
2.985,4,0.8166473129598724,0.6192486999260389,-0.03250313282699513,0.365473415374917,0.9963579856238636,0.5990670040834699,-0.15469289456137353,-0.4376274174771573,0.1334719411164221,-0.5041717795300875,0.583724788246619
2.99,4,0.8216473129598727,0.6230401083473908,-0.02950622037249423,0.36469360969491205,0.994177249901817,0.5996797860532581,-0.157237198480029,-0.4346459804280598,0.11164205709521084,-0.5135569645623378,0.6087937261124099
2.995,4,0.8266473129598726,0.6268315167687423,-0.026506516844417016,0.3639009650049803,0.9920117333092253,0.6001834423735584,-0.15982853285724494,-0.4315400511745656,0.08982280455627126,-0.5229833397434049,0.6335200888589415
3.0,4,0.8316473129598725,0.6306229251900938,-0.02350456771003656,0.36309524565353235,0.9898620539853928,0.6005780430503069,-0.16246709429560363,-0.4283113663094613,0.06802092290912327,-0.5324471658089849,0.6578943896103454
3.005,4,0.8366473129598724,0.6344143336114453,-0.02050091800235368,0.36227621505270663,0.9877288212680735,0.600863691786486,-0.16515306070136798,-0.42496170985991294,0.046243151563276616,-0.5419447034947733,0.6819071414907486
3.0100000000000002,4,0.8416473129598727,0.6382057420327971,-0.017496112151611315,0.361443635771851,0.9856126354563004,0.601040525982124,-0.16788659128447847,-0.42149291328746535,0.02449622992825532,-0.551472213536463,0.7055488576242804
3.015,4,0.8466473129598726,0.6419971504541486,-0.014490693816810257,0.3605972696310048,0.9835140875732125,0.6011087167343016,-0.1706678265585521,-0.41790685548804135,0.0027868974135772818,-0.561025956669752,0.7288100511350659
3.02,4,0.8516473129598725,0.6457885588755001,-0.01148520571722264,0.35973687779437985,0.9814337591288829,0.6010684688371439,-0.1734968883408878,-0.41420546279194564,-0.018878106571245737,-0.5706021936303329,0.7516812351472343
3.025,4,0.8566473129598724,0.6495799672968516,-0.008480189463908022,0.35886222086384173,0.9793722218831482,0.6009200207818225,-0.1763738797524607,-0.41039070896386,-0.04049204261668562,-0.5801971851538996,0.7741529227849067
3.0300000000000002,4,0.8616473129598727,0.6533713757182035,-0.005476185391226324,0.3579730589723934,0.9773300376084343,0.6006636447565581,-0.1792988852179245,-0.4064646152028472,-0.06204817131323673,-0.5898071919761508,0.7962156271722184
3.035,4,0.8666473129598726,0.6571627841395549,-0.002473732388355465,0.35706915187765353,0.9753077578525875,0.6002996466466205,-0.1822719704656125,-0.4024292501423486,-0.08353975325137095,-0.5994284748327775,0.8178598614332925
3.04,4,0.8716473129598725,0.6609541925609064,0.0005266322691972469,0.3561502590553416,0.9733059237016991,0.5998283660343241,-0.18529318252753618,-0.39828672985018465,-0.10496004902157652,-0.6090572944594754,0.8390761386922582
3.045,4,0.8766473129598724,0.6647456009822579,0.0035243730880774593,0.35521613979275635,0.9713250655429365,0.5992501761990331,-0.18836254973938427,-0.39403921782855533,-0.1263023192143335,-0.6186899115919383,0.8598549720732387
3.0500000000000003,4,0.8816473129598728,0.6685370094036097,0.006518956525571273,0.3542665532822599,0.9693657028273699,0.5985654841171589,-0.19148008174052436,-0.38968892501404195,-0.1475598244201301,-0.6283225869658661,0.8801868747003672
3.055,4,0.8866473129598726,0.6723284178249612,0.009509851158088278,0.3533012587147586,0.9674283438328014,0.5977747304621599,-0.1946457694740043,-0.3852381097776015,-0.16872582522943622,-0.6379515813169484,0.9000623596977668
3.06,4,0.8916473129598725,0.6761198262463127,0.012496527849649719,0.352320015373183,0.9655134854265905,0.5968783896045414,-0.1978595851865489,-0.3806890779245732,-0.18979358223274206,-0.6475731553808812,0.9194719401895648
3.065,4,0.8966473129598724,0.6799112346676642,0.015478459920370002,0.35132258272597205,0.9636216128284855,0.5958769696118582,-0.20112148242856,-0.37604418269467527,-0.2107563560205298,-0.6571835698933592,0.9384061292998923
3.0700000000000003,4,0.9016473129598728,0.6837026430890161,0.018455123314945476,0.3503087205205527,0.9617531993734502,0.5947710122487114,-0.20443139605412225,-0.3713058247620032,-0.23160740718328351,-0.6667790855900805,0.9568554401528724
3.075,4,0.9066473129598727,0.6874940515103676,0.021425996771137157,0.34927818887682305,0.959908706274491,0.5935610929767497,-0.2077892422209947,-0.3664764522350346,-0.2523399963114813,-0.6763559632067344,0.9748103858726325
3.08,4,0.9116473129598726,0.6912854599317191,0.024390561988257398,0.34823074838063284,0.9580885823854878,0.5922478209546695,-0.21119491839061566,-0.3615585606566262,-0.2729473839956031,-0.6859104634790202,0.9922614795833036
3.085,4,0.9166473129598725,0.6950768683530705,0.02734830379565456,0.34716616017726526,0.9562932639640174,0.5908318390382159,-0.214648303328104,-0.3565546930040105,-0.29342283082614135,-0.6954388471426284,1.009199234409013
3.09,4,0.9216473129598723,0.698868276774422,0.03029871032119802,0.34608418606491875,0.9545231744341868,0.5893138237801796,-0.21814925710225389,-0.3514674396888035,-0.3137595973935679,-0.7049373749332568,1.0256141634738818
3.095,4,0.9266473129598727,0.7026596851957738,0.03324127315976455,0.34498458858818865,0.9527787241494591,0.5876944854304025,-0.22169762108554092,-0.3462994385569991,-0.33395094428837097,-0.7144023075866015,1.0414967799020431
3.1,4,0.9316473129598726,0.7064510936171253,0.03617548754172195,0.34386713113154904,0.951060310155479,0.5859745679357677,-0.22529321795411703,-0.34105337488897175,-0.35399013210102853,-0.723829905838357,1.0568375968176285
3.105,4,0.9366473129598725,0.7102425020384768,0.03910085250141532,0.3427315780128337,0.9493683159529066,0.5841548489402111,-0.22893585168781436,-0.3357319813994713,-0.373870421422031,-0.7332164304242144,1.0716271273447544
3.11,4,0.9416473129598724,0.7140339104598283,0.04201687104565205,0.3415776945767177,0.9477031112602405,0.5822361397847163,-0.23262530757014194,-0.33033803823763,-0.39358507284184596,-0.7425581420798701,1.0858558846075488
3.115,4,0.9466473129598727,0.7178253188811802,0.044923050322187186,0.3404052472882006,0.9460650517766471,0.5802192855073103,-0.23636135218828963,-0.32487437298696126,-0.413127346950968,-0.7518513015410193,1.0995143817301463
3.12,4,0.9516473129598726,0.7216167273025317,0.04781890178820858,0.3392140038260851,0.944454478944791,0.5781051648430724,-0.24014373343312162,-0.3193438606653551,-0.43249050433987907,-0.7610921695433597,1.1125931318366704
3.125,4,0.9566473129598725,0.7254081357238832,0.05070394137882139,0.33800373317646215,0.9428717197136598,0.5758946902241276,-0.2439721804991843,-0.3137494237250821,-0.4516678055990552,-0.7702770068225809,1.1250826480512501
3.13,4,0.9616473129598724,0.7291995441452347,0.05357768967553478,0.3367742057261889,0.9413170863013958,0.5735888077796477,-0.2478464038847012,-0.30809403205278907,-0.47065251131898056,-0.779402074114382,1.1369734434980139
3.1350000000000002,4,0.9666473129598727,0.7329909525665865,0.05643967207474698,0.33552519335637393,0.9397908759581187,0.5711884973358529,-0.2517660953915749,-0.3023807029695087,-0.4894378820901413,-0.7884636321544557,1.1482560313010868
3.14,4,0.9716473129598726,0.7367823609879379,0.05928941895622797,0.33425646953585597,0.9382933707287616,0.5686947724160101,-0.2557309281253857,-0.2966125012306462,-0.5080171785030154,-0.7974579416784978,1.1589209245845935
3.145,4,0.9766473129598725,0.7405737694092894,0.062126465851608526,0.3329678094146877,0.9368248372158912,0.5661086802404351,-0.259740556495393,-0.2907925390259892,-0.526383661148081,-0.8063812634222022,1.1689586364726618
3.15,4,0.9816473129598724,0.7443651778306409,0.06495035361286272,0.33165898991761505,0.9353855263425395,0.5634313017264927,-0.26379461621453354,-0.2849239759797053,-0.5445305906158364,-0.8152298581212645,1.178359680089431
3.1550000000000002,4,0.9866473129598727,0.7481565862519928,0.06776062858079501,0.3303297898375608,0.9339756731150342,0.5606637514885883,-0.2678927242994242,-0.27901001915033896,-0.5624512274967496,-0.8239999865113796,1.1871145685590045
3.16,4,0.9916473129598726,0.7519479946733443,0.07055684275352303,0.32897998992910543,0.9325954963858215,0.5578071778381846,-0.27203447907035805,-0.2730539230308189,-0.5801388323813086,-0.8326879093282404,1.1952138150055365
3.165,4,0.9966473129598725,0.7557394030946958,0.07333855395496447,0.3276093730019681,0.9312451986162994,0.5548627627837852,-0.27621946015131016,-0.2670589895484491,-0.5975866658599874,-0.8412898873075437,1.2026479325531332
3.17,4,1.0016473129598724,0.7595308115160473,0.07610532600332437,0.32621772401449095,0.9299249656396412,0.5518317220309432,-0.28044722846993025,-0.2610285680649121,-0.6147879885232764,-0.8498021811849822,1.2094074343259364
3.1750000000000003,4,1.0066473129598728,0.7633222199373991,0.07885672887957579,0.32480483016711514,0.9286349664236274,0.5487153049822615,-0.28471732625755025,-0.2549660553762744,-0.6317360609616576,-0.8582210516962548,1.2154828334480632
3.18,4,1.0116473129598726,0.7671136283587506,0.08159233889594814,0.3233704809958698,0.9273753528334714,0.5455147947373834,-0.28902927704917675,-0.2488748957129748,-0.6484241437656131,-0.8665427595770492,1.2208646430436425
3.185,4,1.0166473129598725,0.7709050367801021,0.08431173886441184,0.32191446846584687,0.9261462593946492,0.5422315080930107,-0.2933825856834955,-0.24275858073984113,-0.6648454975256209,-0.8747635655630724,1.2255433762368118
3.19,4,1.0216473129598724,0.7746964452014535,0.08701451826516332,0.320436587064688,0.9249478030557259,0.5388667955428847,-0.29777673830287454,-0.2366206495560711,-0.6809933828321714,-0.8828797303900061,1.229509546151686
3.1950000000000003,4,1.0266473129598728,0.7784878536228054,0.08970027341511061,0.31893663389606103,0.9237800829511856,0.535422041277794,-0.3022112023533574,-0.2304646886952471,-0.6968610602757322,-0.890887514793551,1.2327536659123965
3.2,4,1.0316473129598727,0.7822792620441569,0.09236860763635718,0.3174144087731475,0.9226431801642571,0.5318986631855811,-0.3066854265846653,-0.22429433212532973,-0.7124417904468019,-0.8987831795094021,1.2352662486430743
3.205,4,1.0366473129598726,0.7860706704655084,0.09501913142469037,0.31586971431211897,0.9215371574897454,0.52829811285113,-0.31119884105019746,-0.21811326124866023,-0.7277288339358544,-0.9065629852732531,1.237037807467839
3.21,4,1.0416473129598725,0.7898620788868599,0.09765146261806262,0.3143023560256213,0.9204620591968559,0.5246218755563749,-0.31575085710703654,-0.21192520490195563,-0.7427154513333698,-0.9142231928207998,1.2380588555108272
3.215,4,1.0466473129598723,0.7936534873082114,0.10026522656507941,0.3127121424162564,0.9194179107920257,0.5208714702802969,-0.320340867415938,-0.2057339393563154,-0.7573949032298362,-0.9217600628877372,1.2383199058961565
3.22,4,1.0516473129598727,0.7974448957295632,0.10286005629348471,0.31109888507006256,0.9184047187817506,0.5170484496989264,-0.3249682459413389,-0.1995432883172144,-0.7717604502157338,-0.9291698562097578,1.2378114717479596
3.225,4,1.0566473129598726,0.8012363041509147,0.10543559267864311,0.3094623987499965,0.9174224704354117,0.51315440018534,-0.32963234795135316,-0.19335712292451865,-0.7858053528815446,-0.9364488335225606,1.2365240661903665
3.23,4,1.0616473129598725,0.8050277125722662,0.1079914846120299,0.3078025014894167,0.916471133548106,0.5091909418096602,-0.33433251001777625,-0.18717936175245314,-0.7995228718177487,-0.9435932555618344,1.2344482023474974
3.235,4,1.0666473129598724,0.8088191209936177,0.1105273891697095,0.3061190146855604,0.9155506562034739,0.5051597283390621,-0.3390680500160753,-0.1810139708096448,-0.8129062676148364,-0.950599383063281,1.2315743933434884
3.24,4,1.0716473129598727,0.8126105294149696,0.11304297178083056,0.30441176319303176,0.9146609665365243,0.5010624472377612,-0.3438382671254052,-0.17486496353908043,-0.8259488008632776,-0.9574634767625901,1.227893152302462
3.245,4,1.0766473129598726,0.816401937836321,0.11553790639609973,0.30268057541727783,0.913801972496469,0.49690081966702654,-0.3486424418285905,-0.16873640081814106,-0.8386437321535604,-0.9641817973954587,1.2233949923485439
3.25,4,1.0816473129598725,0.8201933462576725,0.11801187565627613,0.30092528340807323,0.9129735616095429,0.49267660048517153,-0.35347983591214127,-0.16263239095857815,-0.850984322076169,-0.9707506056975785,1.2180704266058648
3.255,4,1.0866473129598724,0.823984754679024,0.12046457106065278,0.2991457229530001,0.9121756007418387,0.48839157824755924,-0.35834969246624043,-0.15655708970652515,-0.8629638312215896,-0.9771661624046504,1.2119099681985481
3.2600000000000002,4,1.0916473129598727,0.8277761631003758,0.1228956931355415,0.2973417336709315,0.9114079358621325,0.4840475752065995,-0.36325123588475594,-0.15051470024249167,-0.874575520180294,-0.9834247282523619,1.2049041302507253
3.265,4,1.0966473129598726,0.8315675715217273,0.125304951602757,0.2955131591055106,0.9106703918047114,0.4796464473117502,-0.36818367186522616,-0.1445094731813769,-0.8858126495427686,-0.9895225639764142,1.1970434258865148
3.27,4,1.1016473129598725,0.8353589799430788,0.12769206554810747,0.2936598468186352,0.9099627720322,0.4751900842095152,-0.3731461874088728,-0.13854570657244786,-0.8966684798995014,-0.995455930312498,1.1883183682300584
3.275,4,1.1066473129598724,0.8391503883644303,0.13005676358987345,0.2917816484839362,0.9092848583983956,0.47068040924344884,-0.3781379508205963,-0.13262774589935747,-0.9071362718409665,-1.001221087996311,1.1787194704054713
3.2800000000000002,4,1.1116473129598727,0.8429417967857822,0.1323987840472977,0.2898784199802629,0.9086364109110855,0.4661193794541441,-0.38315811170897623,-0.12675998408013223,-0.917209285957648,-1.006814297763543,1.1682372455368863
3.285,4,1.1166473129598726,0.8467332052071337,0.13471787510906713,0.2879500214851593,0.9080171674948856,0.46150898557926234,-0.3882058009862635,-0.12094686146718805,-0.926880782840032,-1.0122318203499021,1.1568622067484329
3.29,4,1.1216473129598725,0.8505246136284852,0.13701379500180028,0.2859963175683534,0.9074268437540604,0.45685125205348454,-0.39328013086839875,-0.11519286584730787,-0.9361440230785946,-1.0174699164910597,1.1445848671642282
3.295,4,1.1266473129598724,0.8543160220498366,0.13928631215853166,0.28401717728522996,0.9068651327353577,0.45214823700856344,-0.3983801948749927,-0.10950253244166441,-0.9449922672638218,-1.022524846922732,1.1313957399084094
3.3000000000000003,4,1.1316473129598728,0.8581074304711884,0.14153520538719694,0.2820124742703185,0.9063317046908295,0.4474020322732853,-0.40350506782933715,-0.10388044390580368,-0.9534187759862021,-1.0273928723806043,1.1172853381051036
3.305,4,1.1366473129598726,0.8618988388925399,0.14376026403911873,0.2799820868307736,0.9058262068406676,0.442614763373488,-0.40865380585840194,-0.09833123032965203,-0.9614168098362071,-1.032070253600377,1.1022441748784317
3.31,4,1.1416473129598725,0.8656902473138914,0.14596128817749038,0.2779258980398534,0.9053482631360283,0.4377885895320598,-0.4138254463928372,-0.09285956923751804,-0.9689796294043234,-1.0365532513177356,1.0862627633525275
3.315,4,1.1466473129598724,0.8694816557352429,0.14813808874586298,0.27584379583040647,0.9048974740218576,0.43292570366893224,-0.41901900816696835,-0.08747018558808603,-0.9761004952810346,-1.0408381262683837,1.0693316166515179
3.3200000000000003,4,1.1516473129598728,0.8732730641565948,0.15029048773663278,0.2737356730883491,0.904473416199723,0.42802833240108307,-0.424233491218802,-0.08216785177441972,-0.9827726680568212,-1.0449211391880115,1.0514412478995179
3.325,4,1.1566473129598727,0.8770644725779463,0.1524183183595189,0.271601427746148,0.9040756423906422,0.4230987360425465,-0.42946787689002325,-0.07695738762396635,-0.9889894083221631,-1.0487985508123168,1.0325821702206708
3.33,4,1.1616473129598726,0.8808558809992978,0.15452142521005363,0.2694409628763022,0.9037036810979102,0.4181392086043964,-0.4347211278259922,-0.07184366039855168,-0.9947439766675527,-1.0524666218769931,1.0127448967391042
3.335,4,1.1666473129598725,0.8846472894206493,0.15659966443807105,0.2672541867848261,0.9033570363699239,0.41315207779475555,-0.4399921879757525,-0.0668315847943754,-1.0000296336834638,-1.0559216131177345,0.9919199405789325
3.34,4,1.1716473129598723,0.8884386978420008,0.15865290391618558,0.26504101310472883,0.9030351875630152,0.40813970501879326,-0.44527998259202295,-0.061926122942018894,-1.0048396399603743,-1.0591597852702326,0.9700978148642874
3.345,4,1.1766473129598727,0.8922301062633525,0.16068102340827994,0.2628013608894958,0.9027375891042778,0.4031044853787308,-0.4505834182312017,-0.05713228440644879,-1.0091672560887728,-1.0621773990701873,0.947269032719298
3.35,4,1.1816473129598726,0.896021514684704,0.1626839147379917,0.2605351547065726,0.9024636702543927,0.3980488476738371,-0.45590138275336295,-0.05245512618700634,-1.013005742659141,-1.0649707152532923,0.9234241072680953
3.355,4,1.1866473129598725,0.8998129231060555,0.16466148195719965,0.2582423247308462,0.9022128348704588,0.39297525440042014,-0.46123274532226527,-0.047899752717402704,-1.0163483602619614,-1.0675359945552438,0.8985535516348049
3.36,4,1.1916473129598724,0.903604331527407,0.16661364151449876,0.255922806838121,0.9019844611688236,0.38788620175184585,-0.4665763564053388,-0.04347131586575549,-1.01918836948772,-1.0698694977117331,0.8726478789435536
3.365,4,1.1966473129598727,0.9073957399487589,0.1685403224237041,0.2535765426986111,0.9017779014879029,0.3827842196185197,-0.4719310477736988,-0.039175014934525444,-1.0215190309268845,-1.0719674854584562,0.8456976023184565
3.37,4,1.2016473129598726,0.9111871483701104,0.17044146643231733,0.25120347987041214,0.9015924820510178,0.37767187158790205,-0.4772956325021339,-0.035016096660583626,-1.0233336051699555,-1.0738262185311092,0.8176932348836571
3.375,4,1.2066473129598725,0.9149785567914619,0.17231702819002298,0.2488035718929868,0.9014275027292193,0.37255175494449727,-0.4826689049691132,-0.030999855215166138,-1.024625352807407,-1.0754419576653855,0.7886252897632825
3.38,4,1.2116473129598724,0.9187699652128134,0.17416697541717113,0.24637677838064792,0.9012822368041115,0.3674265006698542,-0.4880496408567836,-0.027131632203886893,-1.025387534429719,-1.0768109635969851,0.7584842800814559
3.3850000000000002,4,1.2166473129598727,0.9225613736341652,0.17599128907326284,0.24392306511603612,0.9011559307306919,0.3622987734425722,-0.4934365971509711,-0.023416816666745378,-1.0256134106273775,-1.0779294970615958,0.727260718962292
3.39,4,1.2216473129598726,0.9263527820555167,0.17778996352542936,0.24144240414360585,0.9010478039001651,0.35717127163830137,-0.4988285121411818,-0.019860845078117893,-1.025296241990857,-1.0787938187949093,0.6949451195299348
3.395,4,1.2266473129598725,0.9301441904768681,0.17956300671693165,0.23893477386310324,0.900957048402784,0.3520467273297387,-0.504224105420593,-0.01646920134676328,-1.024429289110653,-1.0794001895326295,0.6615279949085089
3.4,4,1.2316473129598724,0.9339355988982196,0.18131044033563076,0.23640015912305112,0.9008828287906647,0.3469279062866198,-0.5096220778860735,-0.013247416815808601,-1.0230058125772403,-1.0797448700104524,0.6269998582221499
3.4050000000000002,4,1.2366473129598727,0.9377270073195715,0.183032299982481,0.23383855131422632,0.9008242818406302,0.3418176079757338,-0.5150211117381591,-0.0102010702627739,-1.0210190729810984,-1.0798241209640613,0.5913512225949503
3.41,4,1.2416473129598726,0.941518415740923,0.18472863534000988,0.231249948463146,0.9007805163170242,0.33671866556093016,-0.5204198704810672,-0.007335787899553507,-1.0184623309127179,-1.0796342031291646,0.5545726011510821
3.415,4,1.2466473129598725,0.9453098241622745,0.18639951034081204,0.22863435532554577,0.9007506127345427,0.3316339459030779,-0.5258169989226958,-0.004657243372418903,-1.0153288469625725,-1.0791713772414457,0.516654507014644
3.42,4,1.2516473129598724,0.949101232583626,0.18804500333602703,0.22599178347986326,0.9007336231210727,0.32656634956012154,-0.5312111231746193,-0.00217115776202091,-1.0116118817211506,-1.0784319040366046,0.47758745330977526
3.4250000000000003,4,1.2566473129598728,0.9528926410049778,0.18966520726382385,0.2233222514207181,0.900728570780506,0.32151881078703587,-0.5366008506520928,0.00011670041660341102,-1.0073046957789302,-1.0774120442503328,0.43736195316059095
3.43,4,1.2616473129598726,0.9566840494263293,0.19126022981789526,0.22062578465239646,0.9007344500555718,0.31649429753584923,-0.5419847700740479,0.0022005152140511268,-1.0024005497263893,-1.0761080586183327,0.3959685196912305
3.435,4,1.2666473129598725,0.9604754578476808,0.1928301936159288,0.21790241578232805,0.900750226090673,0.311495811455638,-0.5473614514630922,0.004074423246523296,-0.9968927041540241,-1.0745162078762935,0.353397666025821
3.44,4,1.2716473129598724,0.9642668662690324,0.19437523636810794,0.2151521846145712,0.9007748345947012,0.3065263878925256,-0.5527294461455179,0.0057325136958552795,-0.9907744196523067,-1.0726327527599115,0.3096399052884856
3.4450000000000003,4,1.2766473129598728,0.9680582746903842,0.19589551104558323,0.21237513824329507,0.900807181603874,0.3015890958896807,-0.558087286751294,0.007168828309495517,-0.9840389568117233,-1.0704539540048763,0.2646857506033494
3.45,4,1.2816473129598727,0.9718496831117356,0.19739118604896588,0.2095713311462581,0.9008461432445605,0.29668703818732284,-0.563433487214062,0.00837736140051446,-0.9766795762227539,-1.0679760723468936,0.21852571509454785
3.455,4,1.2866473129598726,0.9756410915330871,0.19886244537681352,0.20674082527829124,0.9008905654961078,0.2918233512227149,-0.5687665427711499,0.009352059847606082,-0.9686895384758806,-1.0651953685216433,0.17115031188619373
3.46,4,1.2916473129598725,0.9794324999544386,0.2003094887941086,0.20388369016478197,0.9009392639536717,0.2870012051301762,-0.5740849299635595,0.010086823095086362,-0.9600621041615814,-1.0621081032648354,0.12255005410242649
3.465,4,1.2966473129598723,0.9832239083757901,0.20173253200074986,0.2010000029951512,0.9009910235910444,0.2822238037410599,-0.5793871066359729,0.010575503152880831,-0.9507905338703426,-1.0587105373121553,0.07271545486737742
3.47,4,1.3016473129598727,0.9870153167971419,0.20313180680003257,0.19808984871633556,0.9010445985234795,0.2774943845837831,-0.5846715119367484,0.010811904596548308,-0.9408680881926564,-1.0549989313993011,0.021637027305161417
3.475,4,1.3066473129598726,0.9908067252184934,0.20450756126714315,0.19515332012627679,0.9010987117705241,0.2728162188837952,-0.5899365663179237,0.010789784567261365,-0.9302880277189907,-1.0509695462619666,-0.030694715460094325
3.48,4,1.3116473129598725,0.994598133639845,0.20586005991763284,0.19219051796739145,0.9011520550188437,0.2681926115636,-0.595180671535219,0.010502852771815261,-0.9190436130398274,-1.0466186426358495,-0.08428926030425446
3.485,4,1.3166473129598724,0.9983895420611965,0.20718958387590597,0.18920155102006075,0.9012032883850545,0.2636269012427556,-0.6004022106480279,0.009944771482625408,-0.9071281047456591,-1.0419424812566398,-0.13915609410318772
3.49,5,0.0028761745506842296,0.024634329483279403,0.20849643104226706,0.1861865361978991,0.9012510401846067,0.2591224577079594,-0.6055995449093545,0.009109166082450266,-0.894538281860355,-1.0369329975760233,-0.19529003880553913
3.495,5,0.007876174550684123,0.06745914600461758,0.20978091604453272,0.18314559890778329,0.9012939075983816,0.25468255229530007,-0.610770854424034,0.007990165314621213,-0.8813291016309703,-1.0315106073347686,-0.2524434279246397
3.5,5,0.012876174550684016,0.11028396252595575,0.21104336889551778,0.1800788750009143,0.9013304627336123,0.2503100276997886,-0.6159137322385697,0.006583777526264764,-0.867603316518355,-1.0255369706141433,-0.31016938320723547
3.505,5,0.01787617455068391,0.15310877904729392,0.2122841325228311,0.1769865141100464,0.9013592633847142,0.2460072065230842,-0.6210250719169991,0.00488827184370242,-0.8534650956252446,-1.018872005987805,-0.36801512179773466
3.5100000000000002,5,0.022876174550684247,0.1959335955686359,0.21350356016497612,0.1738686831511313,0.9013788643515203,0.24177589052133222,-0.626101066616228,0.002904181307533454,-0.8390186080543733,-1.01137563202941,-0.4255278608405506
3.515,5,0.02787617455068414,0.23875841208997406,0.21470201276712297,0.17072556982535483,0.901387828758852,0.2376173606051653,-0.6311372090860294,0.000634302872635641,-0.8243680229084793,-1.002907767312618,-0.4822548174800813
3.52,5,0.032876174550684034,0.28158322861131224,0.21587985637688142,0.16755738612117094,0.901384739376091,0.2335323768397014,-0.6361282916690459,-0.0019163025918358034,-0.8096175092902964,-0.9933283304110853,-0.53774320886074
3.525,5,0.03787617455068393,0.3244080451326504,0.21703745954007297,0.16436437181633848,0.9013682099367504,0.2295211784445451,-0.6410684063007882,-0.00474031030244754,-0.7948712363025603,-0.9824972398984694,-0.5915402521269352
3.5300000000000002,5,0.042876174550684265,0.3672328616539924,0.21817519069650346,0.16114679797995624,0.9013368964580462,0.22558348379378695,-0.6459509445096352,-0.007828131561488552,-0.7802333730480052,-0.9702744143484267,-0.6431931644230792
3.535,5,0.04787617455068416,0.41005767817533056,0.21929341557573506,0.15790497047449986,0.9012895085604684,0.221718490416005,-0.6507685974168331,-0.011167913756969043,-0.7658080886293691,-0.9565197723346167,-0.6922491628935713
3.54,5,0.05287617455068405,0.45288249469666875,0.2203924945928594,0.15463923345785574,0.9012248207873531,0.21792487499426236,-0.6555133557364976,-0.014745540362622054,-0.751699552149386,-0.9410932324306961,-0.7382554646828244
3.545,5,0.057876174550683945,0.49570731121800693,0.22147278024426947,0.1513499728853578,0.9011416839244532,0.21420079336610898,-0.6601765097756124,-0.01854463093790242,-0.7380119327107915,-0.923854713210322,-0.7807592869352465
3.5500000000000003,5,0.06287617455068428,0.5385321277393489,0.22253461450343243,0.14803762001182247,0.9010390363195098,0.21054388052358072,-0.6647486494340297,-0.02254654112798735,-0.72484939941632,-0.9046641332471507,-0.8193078467952496
3.555,5,0.06787617455068418,0.5813569442606871,0.22357832621666146,0.1447026548935858,0.900915915201824,0.20695125061320085,-0.6692196642044689,-0.02673036266377506,-0.7123161213687089,-0.8833814111148425,-0.8534483614072342
3.56,5,0.07287617455068407,0.6241817607820253,0.22460422849888886,0.14134560989053707,0.9007714680018284,0.20341949693597783,-0.6735787431725189,-0.031072923361886835,-0.700516267670693,-0.8598664653870535,-0.8827280479156128
3.565,5,0.07787617455068396,0.6670065773033634,0.22561261612943814,0.1379670731681558,0.9006049636706578,0.19994469194740683,-0.6778143750166362,-0.03554878712466567,-0.6895540074250073,-0.8339792146374412,-0.9066941234647937
3.5700000000000003,5,0.0828761745506843,0.7098313938247054,0.22660376294779655,0.13456769219954673,0.9004158039997209,0.19652238725746918,-0.6819143480081465,-0.040130253940177,-0.6795335097343868,-0.8055795774396602,-0.9248938051991857
3.575,5,0.0878761745506842,0.7526562103460436,0.22757791924938725,0.13114817726747668,0.900203534940272,0.19314761363063312,-0.6858657500112422,-0.0447873598822071,-0.6705589437015683,-0.7745274723673734,-0.9368743102631946
3.58,5,0.09287617455068409,0.7954810268673818,0.22853530918134213,0.1277093049664085,0.8999678579229824,0.18981488098585272,-0.6896549684829854,-0.04948787711026546,-0.6627344784292866,-0.7406828179942356,-0.9421828558012301
3.585,5,0.09787617455068398,0.8383058433887199,0.2294761281382741,0.12425192170453785,0.899708641177511,0.18651817839656828,-0.6932676904733057,-0.054197313869583257,-0.6561642830202772,-0.7039055328939043,-0.9403666589577006
3.59,5,0.10287617455068387,0.881130659910058,0.23040054015804934,0.12077694720582847,0.8994259310520766,0.18325097409070676,-0.6966889026250016,-0.05887891449111367,-0.6509525265772753,-0.6640555356400373,-0.9309729368770142
3.595,5,0.10787617455068421,0.9239554764314001,0.2313086753175601,0.11728537801204775,0.8991199633330287,0.18000621545068082,-0.6999028911737397,-0.06349365939153236,-0.6472033782030164,-0.6209927448062874,-0.9135489067035769
3.6,5,0.1128761745506841,0.9667802929527382,0.2322006271284966,0.11377829098480345,0.8987911745644194,0.17677632901339063,-0.7028932419480544,-0.06800026507323575,-0.6450210070002365,-0.5745770789663205,-0.8876417855818007
3.605,6,0.0011214419878822213,0.009048536181387278,0.23307644993314625,0.11025684680753203,0.8984402133674227,0.17355322058703987,-0.7056428405714553,-0.07235518479944991,-0.6445091654008653,-0.5246691775672607,-0.8528011986378773
3.61,6,0.006121441987882115,0.04939184541700242,0.23393615642700472,0.10672229326809474,0.8980679510268915,0.1703283783763205,-0.708134050877148,-0.07651320456485129,-0.6457055046479442,-0.47124404034386547,-0.8089587763039375
3.615,6,0.011121441987882452,0.08973515465262115,0.23477971693322452,0.10317596551055348,0.8976754819538738,0.16709348552253278,-0.710349774650926,-0.08043098302549793,-0.648509854711511,-0.4145151087395754,-0.7568426317750778
3.62,6,0.016121441987882346,0.1300784638882363,0.23560706158765288,0.09961928125139978,0.8972641073275451,0.16384079549034347,-0.7122741010799585,-0.08406922089600301,-0.652804808092142,-0.35472564638408244,-0.6972804952866708
3.625,6,0.02112144198788224,0.17042177312385143,0.23641808326105432,0.09605373472039298,0.8968353144768795,0.16056314878191547,-0.7138923356695641,-0.0873927575421575,-0.6584729572904146,-0.29211891690706365,-0.6311000970740753
3.63,6,0.026121441987882132,0.2107650823594666,0.23721264049429783,0.0924808905789708,0.8963907561873943,0.1572539729369091,-0.7151910002432094,-0.09037057098092892,-0.6653968948069052,-0.22693818393820073,-0.5591291673726546
3.6350000000000002,6,0.03112144198788247,0.2511083915950853,0.23799056043354455,0.08890237783865787,0.895932230007894,0.15390728253248157,-0.7161578329425092,-0.09297577788046171,-0.6734592131421915,-0.15942671110716955,-0.4821954364177648
3.64,6,0.03612144198788236,0.29145170083070043,0.2387516417654349,0.0853198837794764,0.8954616575572145,0.15051767918328807,-0.7167817882272269,-0.09518563356007653,-0.6825425047968491,-0.08982776204366404,-0.40112663444478264
3.645,6,0.04112144198788226,0.3317950100663156,0.2394956576522765,0.08173514786835342,0.8949810638309673,0.14708035154148,-0.7170530368752746,-0.09698153199027156,-0.6925293622714552,-0.018384600377359967,-0.31675049168906494
3.65,6,0.04612144198788215,0.37213831930193075,0.24022235866723152,0.07814995567753139,0.8944925565082832,0.14359107529670614,-0.716962965982712,-0.09834900579272152,-0.7033023780665867,0.05465951026206057,-0.22989473838597463
3.6550000000000002,6,0.05112144198788249,0.4124816285375495,0.24093147572950405,0.07456613280297672,0.8939983052585566,0.1400462131761121,-0.7165041789637481,-0.09927772624027797,-0.7147441446828214,0.12906130624492237,-0.1413871047708671
3.66,6,0.05612144198788238,0.4528249377731646,0.24162272303952753,0.07098553878279037,0.8935005210481902,0.1364427149443416,-0.7156704955507399,-0.09976150325696917,-0.7267372546207344,0.20457752394153061,-0.05205532107912135
3.665,6,0.061121441987882275,0.49316824700877976,0.24229580101415252,0.06741006101561525,0.8930014354473381,0.1327781174035345,-0.7144569517941928,-0.09979828541800037,-0.7391643003809032,0.2809648997222096,0.03727288245390712
3.67,6,0.06612144198788217,0.533511556244395,0.24295039922183398,0.06384160867904665,0.8925032799366508,0.129050544393328,-0.7128598000627606,-0.09939015994975357,-0.7519078744639047,0.35798016995727805,0.1257697755928556
3.6750000000000003,6,0.0711214419878825,0.5738548654800136,0.24358619931781886,0.06028210664804086,0.8920082652140185,0.12525870679085627,-0.7108765090432454,-0.0985433527297875,-0.764850569370317,0.4353800710170603,0.212607628102368
3.68,6,0.0761214419878824,0.6141981747156288,0.24420287797933332,0.05673348941332581,0.8915185605013162,0.12140190251075136,-0.7085057637405981,-0.0972682282868379,-0.7778749776007143,0.512921339271861,0.2969587097470659
3.685,6,0.08112144198788229,0.6545414839512439,0.24480010984077064,0.05319769499980832,0.891036272851147,0.11748001650514167,-0.705747465477918,-0.09557928980081717,-0.790863691655675,0.5903607110920053,0.3779952902915939
3.69,6,0.08612144198788219,0.694884793186859,0.2453775704288784,0.049676658884984654,0.8905634264535864,0.11349352076365289,-0.7026027318964522,-0.09349517910281459,-0.8036993040357756,0.667454922847811,0.45488963950058875
3.6950000000000003,6,0.09112144198788252,0.7352281024224778,0.24593493909794606,0.04617230791734918,0.8901019419429268,0.10944347431340752,-0.6990738969555963,-0.09103867667509598,-0.8162644072415941,0.7439607109096036,0.5268140271386935
3.7,6,0.09612144198788242,0.775571411658093,0.2464719019649924,0.04268655423480483,0.889653615704421,0.10533152321902628,-0.6951645109328954,-0.08823670165110466,-0.8284415937737051,0.8196348116476869,0.5929407229705321
3.705,6,0.10112144198788231,0.8159147208937081,0.24698815484495307,0.039221289183070523,0.8892200991810268,0.10115990058262586,-0.690879340424042,-0.08512031181546015,-0.8401134561326866,0.8942339614323863,0.6524419967607483
3.71,6,0.1061214419878822,0.8562580301293232,0.2474834061858681,0.03577837723409165,0.8888028781801512,0.0969314265438205,-0.6862243683428768,-0.08172470360395895,-0.8511625868191153,0.9675148966340197,0.7044901182739782
3.715,6,0.1111214419878821,0.8966013393649384,0.24795738000406925,0.032359649904449006,0.8884032521803938,0.09264950827972153,-0.6812067939213899,-0.07808921210357443,-0.8614715783335681,1.0392343536229056,0.7482573572748596
3.72,6,0.11612144198788243,0.9369446486005572,0.24840981881936766,0.028966899673767782,0.8880223136382918,0.08831814000493694,-0.6758350327097182,-0.07425731105245637,-0.8709230231766227,1.1091490687693681,0.7829159835280308
3.725,6,0.12112144198788233,0.9772879578361723,0.24884048659024116,0.025601873903128042,0.8876609272950633,0.08394190297157314,-0.6701187165761495,-0.07027661283993242,-0.8793995138488543,1.177015778443713,0.8076382667981234
3.73,7,0.0021851537969799217,0.01677754873588777,0.2492491716484136,0.022266268753974628,0.8873197094878961,0.07952596407735188,-0.6640686925570193,-0.06619885810960885,-0.8867861907362203,1.2425933243118132,0.8216155087331245
3.735,7,0.007185153796979815,0.05516740660098515,0.24963568940326245,0.018961723297219506,0.8869990091805423,0.07507592011355424,-0.657696894160141,-0.06207875234164662,-0.8930485847163977,1.3057069740042637,0.8246395020678432
3.74,7,0.012185153796980153,0.09355726446608595,0.24999988316014263,0.01568981518079575,0.8866989030823523,0.07059725154958235,-0.6510158900317363,-0.0579698857993392,-0.8982469870597873,1.3662602948407203,0.817209869157175
3.745,7,0.017185153796980046,0.13194712233118333,0.25034162282204236,0.012452058046198833,0.8864192065781368,0.06609511399981056,-0.6440387116473071,-0.05392317585362255,-0.9024471352905375,1.4241613543329679,0.7998669141177892
3.75,7,0.02218515379697994,0.1703369801962807,0.25066080324830275,0.009249899228389756,0.8861594872196534,0.061574334390991324,-0.6367788501447943,-0.049986838354848226,-0.9057147669327978,1.4793182199928083,0.7731509410663536
3.755,7,0.027185153796979833,0.2087268380613781,0.25095734261117947,0.006084717457483995,0.8859190782332094,0.057039410962256676,-0.6292502563245804,-0.04620638763278481,-0.9081156195107172,1.5316389593320365,0.7376022541195364
3.7600000000000002,7,0.03218515379698017,0.2471166959264789,0.2512311807524051,0.0029578205604387404,0.8856970920272645,0.05249451326511759,-0.6214673406494883,-0.042624636496617234,-0.9097154305484451,1.5810316398624535,0.6937611573940013
3.765,7,0.037185153796980064,0.2855065537915763,0.2514822775397503,-0.0001295568372582101,0.8854924337000345,0.047943482163465424,-0.613444973244784,-0.03928169623494803,-0.9105799375701301,1.627404329095846,0.642167955006424
3.77,7,0.04218515379697996,0.32389641165667366,0.2517106112235864,-0.003176255609902319,0.8853038145470931,0.043389829833569635,-0.6051984838981722,-0.03621497661579543,-0.9107748780999216,1.6706650945440136,0.5833629510734691
3.775,7,0.04718515379697985,0.36228626952177106,0.251916176793447,-0.006181194429883404,0.8851297655689755,0.03883673976407931,-0.5967436620597998,-0.03345918588659464,-0.9103659896619688,1.7107220037187532,0.5178864497118046
3.7800000000000002,7,0.05218515379698019,0.40067612738687186,0.25209898433459,-0.009143372065998356,0.8849686509787813,0.0342870667560224,-0.5880967568422536,-0.03104633077419736,-0.9094190097804206,1.747483124131863,0.44627875503809183
3.785,7,0.05718515379698008,0.4390659852519692,0.2522590573845591,-0.012061869681762365,0.8848186817097773,0.02974333692280731,-0.5792744770205639,-0.02900571648487255,-0.9079996759794263,1.7808565232951326,0.3690801711690119
3.79,7,0.062185153796979975,0.4774558431170666,0.2523964312897462,-0.014935853133722615,0.8846779289230002,0.02520774769022049,-0.5702939910321994,-0.027363946704305163,-0.906173725783135,1.8107502687203612,0.2868310022212264
3.795,7,0.06718515379697987,0.515845700982164,0.25251115156195303,-0.01776457526976949,0.88454433751486,0.02068216779642806,-0.5611729269770711,-0.02614492359759707,-0.9040068967156957,1.8370724279193442,0.20007155231140358
3.8000000000000003,7,0.0721851537969802,0.5542355588472648,0.25260327223495316,-0.0205473782274493,0.8844157396247424,0.016168137291974985,-0.5519293726175296,-0.02536984780926674,-0.9015649263012573,1.8597310684038801,0.10934212555620287
3.805,7,0.0771851537969801,0.5926254167123621,0.2526728542210537,-0.02328369573227542,0.8842898681426123,0.011666867539786702,-0.5425818753783697,-0.025057218463249473,-0.8989135520639694,1.87863425768576,0.015183026072309265
3.81,7,0.08218515379697999,0.6310152745774595,0.25271996366765737,-0.025973055396042097,0.884164370216616,0.007179241215166654,-0.5331494423468238,-0.025222833162897047,-0.8961185115279808,1.893690063276782,-0.08186544202361837
3.815,7,0.08718515379697989,0.669405132442557,0.2527446703138245,-0.02861508101513556,0.8840368207606848,0.0027058123057979977,-0.5236515402725672,-0.025879787990977923,-0.8932455422174407,1.9048065526887419,-0.18126297461491125
3.8200000000000003,7,0.09218515379698022,0.7077949903076578,0.25274704584683466,-0.031209494868846763,0.8839047359621374,-0.0017531938882572938,-0.5141080955677149,-0.027038477509677396,-0.890360381656498,1.911891793433436,-0.2824692675849101
3.825,7,0.09718515379698012,0.7461848481727551,0.25272716225874864,-0.033756120017682634,0.8837655867892832,-0.006197880754556762,-0.504539494306825,-0.02870659476059707,-0.8875287673693022,1.9148538530226589,-0.38494401681692925
3.83,7,0.10218515379698001,0.7845747060378525,0.2526850902029705,-0.0362548826016797,0.8836168124990249,-0.01062868036827995,-0.49496658222689477,-0.03088913126475554,-0.8848164368800021,1.9136007989682071,-0.48814691819430944
3.835,7,0.1071851537969799,0.8229645639029499,0.2526208973508092,-0.038705814138715336,0.8834558341444617,-0.01504635349222667,-0.4854106647273631,-0.03358837702258791,-0.882289127712747,1.9080406987818768,-0.591537667600383
3.84,7,0.1121851537969798,0.8613544217680473,0.2525346467480409,-0.04110905382282022,0.883280068082492,-0.01945198957681755,-0.47589350687010984,-0.03680392051394596,-0.880012577391686,1.8980816199754633,-0.6945759609184817
3.845,7,0.11718515379698013,0.8997442796331481,0.2524263951714703,-0.04346485082249074,0.8830869394814165,-0.023847006760094304,-0.46643733337945514,-0.04053264869809851,-0.8780525234409678,1.8836316300607616,-0.7967214940319463
3.85,7,0.12218515379698003,0.9381341374982455,0.2522961914854931,-0.04577356657900035,0.8828738958285407,-0.02823315186771825,-0.45706482864216263,-0.04476874701373002,-0.876474703384742,1.864598796549569,-0.8974339628240919
3.855,7,0.12718515379697992,0.9765239953633429,0.2521440749986575,-0.04803567710471307,0.8826384204377787,-0.03261250041297262,-0.4477991367074343,-0.04950369937894261,-0.8753448547471576,1.8408911869536808,-0.9961730631782578
3.86,8,0.0019424210009901799,0.013288518853701779,0.2519700738206103,-0.05025177528055303,0.8823780459570618,-0.036987455608008285,-0.4386638591202767,-0.05472628868867221,-0.8747266789283217,1.8124213305114478,-1.0923995153030237
3.865,8,0.006942421000990517,0.047494591705386974,0.25177420344076473,-0.052422572667620765,0.882090367764206,-0.04136059196170857,-0.4296827121999584,-0.06042267549686014,-0.874599059499539,1.779287616433964,-1.1856167092256977
3.87,8,0.01194242100099041,0.08170066455706913,0.25155646734304543,-0.0545488968571822,0.881773056338477,-0.04573403931200248,-0.42087817727972715,-0.06657670789504257,-0.8748273054699155,1.7418373080821872,-1.2753851716162554
3.875,8,0.016942421000990304,0.11590673740875129,0.2513168601184543,-0.05663168334722626,0.8814238683755611,-0.05010922040444604,-0.41227092566687495,-0.0731700535302878,-0.8752687842633947,1.700435071087589,-1.361269424366035
3.88,8,0.021942421000990198,0.15011281026043347,0.25105537102717274,-0.05867196643395773,0.8810406576763854,-0.05448684482171465,-0.4038798053405372,-0.08018220265912024,-0.8757808633039198,1.655445571081643,-1.4428339893663664
3.8850000000000002,8,0.026942421000990535,0.18431888311211866,0.25077198756437596,-0.060670870095156884,0.880621386034071,-0.05886690898360375,-0.3957218409516913,-0.08759046814752164,-0.8762209100154345,1.6072334736958176,-1.5196433885085872
3.89,8,0.03194242100099043,0.2185249559638008,0.25046669902604735,-0.06262959887353793,0.8801641341208857,-0.06324869614702743,-0.38781223382315927,-0.09536998547092843,-0.8764462918218818,1.5561634445615955,-1.591262143684012
3.895,8,0.03694242100099032,0.252731028815483,0.2501395000747929,-0.06454942876010936,0.8796671123751958,-0.06763077640602051,-0.3801643619496039,-0.10349371271423564,-0.8763143761472053,1.5026001493104462,-1.6572547767839791
3.9,8,0.041942421000990215,0.28693710166716513,0.24979039430565575,-0.06643169807753237,0.8791286718884201,-0.07201100669173731,-0.37278977999753093,-0.11193243057179432,-0.8756825304153483,1.4469082535738433,-1.717185809699818
3.9050000000000002,8,0.04694242100099055,0.3211431745188503,0.24941939781193034,-0.06827779836348048,0.8785473152919816,-0.07638653077245212,-0.3656982193052884,-0.12065474234741291,-0.8744081220502541,1.389452422983255,-1.7706197643228638
3.91,8,0.051942421000990446,0.3553492473705325,0.24902654275097708,-0.07008916525399805,0.8779217076442609,-0.0807537792535579,-0.35889758788306886,-0.12962707395435422,-0.8723485184758663,1.3305973231701655,-1.817121162544436
3.915,8,0.05694242100099034,0.3895553202222147,0.24861188091003647,-0.07186726936686053,0.8772506873175485,-0.08510846957756836,-0.35239397041290543,-0.13881367391534002,-0.869361087116128,1.2707076197660432,-1.85625452625587
3.92,8,0.06194242100099023,0.4237613930738968,0.2481754872720437,-0.07361360718493293,0.8765332768849977,-0.08944560602411665,-0.3461916282486746,-0.14817661336254787,-0.8653031953949827,1.2101479784023619,-1.8875843773484962
3.9250000000000003,8,0.06694242100099057,0.457967465925582,0.24771746358144295,-0.07532969193952944,0.8757686940075772,-0.09375947970995596,-0.34029299941609503,-0.15767578603761295,-0.8600322107363733,1.1492830647105894,-1.910675237713646
3.93,8,0.07194242100099046,0.49217353877726416,0.247237941910002,-0.077017044493772,0.8749563623210238,-0.09804366858895805,-0.3346986986127295,-0.16726890829162452,-0.8534055005642441,1.08847754432221,-1.925091629242645
3.935,8,0.07694242100099036,0.5263796116289463,0.24673708822262633,-0.07867718422595038,0.8740959223227956,-0.10229103745211558,-0.3294075172079817,-0.17691151908513095,-0.845280432302538,1.0280960828686927,-1.930398073826826
3.94,8,0.08194242100099025,0.5605856844806285,0.2462151059431736,-0.08031161991288085,0.8731872422590239,-0.10649373792754054,-0.3244164232430989,-0.18655697998813653,-0.8355143733751983,0.9685033459815107,-1.9261590933575192
3.9450000000000003,8,0.08694242100099059,0.5947917573323137,0.24567223952026823,-0.0819218406132657,0.8722304290114665,-0.11064320848046495,-0.3197205614311701,-0.196156475180103,-0.8239646912061673,0.9100639992921323,-1.911939209726052
3.95,8,0.09194242100099048,0.6289978301839958,0.2451087779931157,-0.08350930655105179,0.8712258389844603,-0.11473017441323947,-0.3153132531571285,-0.2056590114499461,-0.8104887532193907,0.8531427084320418,-1.8873029448237573
3.955,8,0.09694242100099038,0.663203903035678,0.24452505855731682,-0.08507543999879069,0.8701740889918739,-0.11874464786533567,-0.3111859964777486,-0.215011418196041,-0.7949439268388105,0.7981041390327074,-1.851814820541965
3.96,8,0.10194242100099027,0.6974099758873602,0.24392147013068236,-0.08662161616099734,0.8690760671440603,-0.12267592781334433,-0.3073284661216479,-0.22415834742621846,-0.7771875794883704,0.7453129567256023,-1.805039358772004
3.9650000000000003,8,0.1069424210009906,0.7316160487390454,0.24329845691904714,-0.08814915405750948,0.8679329437348098,-0.12651260007097634,-0.30372851348928626,-0.2330422737577667,-0.7570770785920118,0.6951338271421964,-1.7465410814051991
3.97,8,0.1119424210009905,0.7658221215907275,0.24265652198208498,-0.08965930740684636,0.8667461821283029,-0.13024253728906135,-0.3003721666529671,-0.24160349441742832,-0.7344697915736815,0.6479314159139724,-1.675884510332891
3.975,8,0.11694242100099039,0.8000281944424097,0.2419962307991224,-0.09115325550956874,0.8655175496460623,-0.13385289895554964,-0.29724363035683554,-0.2497801292414049,-0.7092230858573212,0.6040703886723989,-1.5926341674464044
3.98,8,0.12194242100099029,0.8342342672940919,0.24131821483495355,-0.09263209413163763,0.8642491284539061,-0.13733013139551092,-0.2943252860168797,-0.25750812067535395,-0.6811943288668745,0.5639154110489498,-1.4963545746370694
3.985,8,0.12694242100099018,0.868440340145774,0.2406231751056544,-0.0940968263877735,0.8629433264489008,-0.14065996777113463,-0.2915976917209302,-0.26472123377438944,-0.6502408880262847,0.527831148675098,-1.3866102537962164
3.99,8,0.13194242100099052,0.9026464129974592,0.23991188574439706,-0.09554835362481578,0.8616028881463133,-0.14382742808173024,-0.28903958222866016,-0.2713510562030827,-0.6162201307594917,0.49618226718231523,-1.2629657268151633
3.995,8,0.1369424210009904,0.9368524858491414,0.23918519756726456,-0.09698746630508151,0.8602309055665643,-0.14681681916372596,-0.28662786897158604,-0.27732699823546003,-0.5789894244904453,0.46933343220208074,-1.1249855155852622
4.0,8,0.1419424210009903,0.9710585587008235,0.23844404163906477,-0.09841483488972519,0.8588308291221807,-0.1496117346906707,-0.2843376400530661,-0.2825762927550059,-0.5384061366430858,0.44764930936586456,-0.9722341419978334
4.005,9,0.0007695463281232051,0.006822089827971286,0.23768943283913715,-0.09983100072211158,0.8574064785047033,-0.15219505522439888,-0.28214216033849765,-0.2870239955451793,-0.4943279005955975,0.4314940954783198,-0.8042776380177329
4.01,9,0.0057695463281230985,0.05114749025323923,0.2369224732406628,-0.10123636723994686,0.8559620525126781,-0.1545491096216951,-0.2800131559846158,-0.29059390174756394,-0.44672336577523236,0.4210362871311896,-0.6213123786210305
4.015,9,0.010769546328122992,0.09547289067850719,0.23614435238185227,-0.10263119666643841,0.8545021212319018,-0.15665682983554907,-0.2779228501348118,-0.29321510275977924,-0.3958434029936582,0.4159468782084611,-0.42513717625812675
4.0200000000000005,9,0.015769546328123774,0.139798291103783,0.23535634164707786,-0.10401561708450499,0.8530315847722546,-0.15850257636277942,-0.2758454180265438,-0.29482667308161664,-0.3419830669005894,0.41581897487800007,-0.2178017167779712
4.025,9,0.020769546328123667,0.18412369152905095,0.23455978693004492,-0.10538963253942489,0.8515556222500449,-0.16007218497345232,-0.27375706936643135,-0.2953779356421122,-0.2854374121457689,0.42024568330767187,-0.001355686029624925
4.03,9,0.02576954632812356,0.2284490919543189,0.23375610125742505,-0.10675313321118308,0.8500796405458625,-0.16135296671088367,-0.27163604833025384,-0.2948284617995475,-0.22650149337891168,0.42882010966534156,0.22215123013796098
4.035,9,0.030769546328123454,0.27277449237958684,0.2329467574124902,-0.1081059055868161,0.8486092230624326,-0.16233370789163754,-0.2694626335629516,-0.2931480713414489,-0.16547036524974174,0.4411353601188745,0.4506693458757993
4.04,9,0.03576954632812335,0.3170998928048548,0.23213328055874644,-0.10944764263275811,0.8471500784824698,-0.16300467010552672,-0.26721913817862564,-0.2903168324845875,-0.10263908240798307,0.4567845408361361,0.6821489753349029
4.045,9,0.04076954632812324,0.36142529323012274,0.2313172408635676,-0.11077795396718663,0.8457079895265318,-0.16335759021561258,-0.26488990976053767,-0.2863250618749795,-0.038302699503359884,0.475360757984992,0.9145404326662849
4.05,9,0.045769546328123134,0.4057506936553907,0.23050024612182912,-0.11209637603236845,0.8442887617108731,-0.16338568035820508,-0.26246133036111,-0.281173324587886,0.027243728814403834,0.4964571177333073,1.1457940320209576
4.055,9,0.05076954632812303,0.45007609408065863,0.22968393437954177,-0.11340238226700536,0.8428981721052985,-0.16308362794286285,-0.2599218165019258,-0.27487243412781304,0.09370514789558393,0.5196667262489477,1.3738600875499345
4.0600000000000005,9,0.05576954632812381,0.49440149450593446,0.22886996655748523,-0.11469539327858014,0.8415419180910173,-0.16244759565239297,-0.2572618191737282,-0.26744345242851003,0.16078650309046844,0.5445826896997832,1.596688913404267
4.065,9,0.0607695463281237,0.5387268949312024,0.22806001907484247,-0.11597478701570156,0.8402255661184975,-0.1614752214428515,-0.25447382383642253,-0.2589176898529756,0.22819273974930931,0.5707981142536701,1.8122308237348888
4.07,9,0.0657695463281236,0.5830522953564704,0.22725577647283265,-0.1172399089404515,0.8389545004653182,-0.16016561854354283,-0.2515523504190734,-0.2493367051934493,0.29562880322239443,0.5979061060784783,2.018436132692852
4.075,9,0.07076954632812349,0.6273776957817383,0.2264589240383454,-0.11849008220072982,0.8377338719940244,-0.15851937545702008,-0.2484939533199066,-0.23875230567141692,0.3627996388599996,0.6254997713420729,2.2132551544291705
4.08,9,0.07576954632812338,0.6717030962070063,0.22567114042757447,-0.11972461780260041,0.8365685469099808,-0.15653855595908492,-0.2452972214063084,-0.2272265469376091,0.4294101920124009,0.6531722162123202,2.3946382030948574
4.085,9,0.08076954632812328,0.7160284966322742,0.2248940902896515,-0.12094282478263699,0.8354630555192252,-0.1542266990987877,-0.241962778014826,-0.21483173307200154,0.495165408029874,0.6805165468570845,2.560535592840924
4.09,9,0.08576954632812317,0.7603538970575422,0.22412941689027968,-0.12214402038026892,0.8344215409863224,-0.1515888191984274,-0.23849328095116706,-0.20165041658381475,0.5597702322626952,0.7071258694442321,2.708897637818385
4.095,9,0.09076954632812306,0.8046792974828101,0.22337873473536773,-0.12332754021012703,0.8334477080922178,-0.14863140585355153,-0.2348934224902001,-0.18777539841151425,0.62292961006114,0.7325932901416278,2.8376746521782525
4.1,9,0.09576954632812296,0.8490046979080781,0.22264362219466335,-0.12449274843438934,0.8325447719920918,-0.14536242393295626,-0.2311699293759541,-0.17330972792281046,0.6843484867754849,0.7565119151171374,2.9448169500715395
4.105,9,0.10076954632812374,0.8933300983333539,0.22192561412538714,-0.12563904793512717,0.8317154069732126,-0.14179131357868585,-0.22733156282161823,-0.15836670291465613,0.7437318077560157,0.7784748505386297,3.0282748456492703
4.11,9,0.10576954632812363,0.9376554987586219,0.22122619449586667,-0.12676589048665005,0.830961695212791,-0.1379289902060349,-0.2233891185095442,-0.14306986961325677,0.8007845183529875,0.798075202573963,3.0859986530624295
4.115,9,0.11076954632812352,0.9819808991838898,0.22054678900916952,-0.12787278692785278,0.8302850755358335,-0.13378784450354494,-0.21935542659124257,-0.12755302267405505,0.8552115639166866,0.8149060773910063,3.1159386864620457
4.12,10,0.002967406876956069,0.017594838434558197,0.2198887577320343,-0.1289593173252688,0.8296862922318604,-0.129381733508271,-0.2152453360313479,-0.11196010599712074,0.9067299201474827,0.8285816851558614,3.116178958713375
4.125,10,0.007967406876955963,0.047241663363073554,0.2192533884311187,-0.13002513989532677,0.8291653517323672,-0.1247255614035949,-0.21107497923066645,-0.09644055394392716,0.9552413029886653,0.8390403128677472,3.0868565844406373
4.13,10,0.012967406876955856,0.07688848829158891,0.21864189399489217,-0.13106999275944742,0.8287215246938958,-0.11983425478688055,-0.20685997441019274,-0.08113790302395799,1.0007921007322529,0.8464740360663766,3.0297164874221245
4.135,10,0.01796740687695575,0.10653531322010427,0.21805541329799547,-0.1320936896602634,0.828353386338796,-0.11472249094707404,-0.20261494894758894,-0.06618677212096444,1.0434325679949792,0.8510817127133572,2.946546559648894
4.14,10,0.022967406876955643,0.13618213814861962,0.21749501245680722,-0.13309611499157112,0.8280588611436482,-0.10940469590003785,-0.19835353593070942,-0.05171284065874243,1.0832129593935778,0.8530622007702959,2.839134693112007
4.1450000000000005,10,0.027967406876956424,0.16582896307714026,0.21696168608580949,-0.13407721882688192,0.8278352675365642,-0.10389504438854981,-0.1940883741575995,-0.03783284860113022,1.1201835295447875,0.8526143581987999,2.7092687798024966
4.15,10,0.03296740687695632,0.19547578800565563,0.2164563585539533,-0.13503701194797227,0.827679362594486,-0.09820745988230702,-0.18983110813649887,-0.024654596452018094,1.1543945330653294,0.8499370429604767,2.5587367117114685
4.155,10,0.03796740687695621,0.225122612934171,0.2159798852410237,-0.1359755608734359,0.8275873867404866,-0.09235561457791998,-0.18559238808583692,-0.012276945255333557,1.1858962245719433,0.8452291130169334,2.3893263808299605
4.16,10,0.042967406876956105,0.25476943786268635,0.21553305379400553,-0.136892982887234,0.8275551084410687,-0.0863529293989165,-0.18138186993423575,-0.0007898165950513547,1.2147388586813623,0.8386894263297773,2.202825679149033
4.165,10,0.047967406876956,0.2844162627912017,0.21511658538344858,-0.13778944106724633,0.8275778689034654,-0.08021257399574072,-0.17720821532050934,0.009725807404809035,1.2409726900103202,0.8305168408606157,2.0010224986597436
4.17,10,0.05296740687695589,0.3140630877197171,0.2147311359598332,-0.1386651393138222,0.8276506267729393,-0.0739474667457531,-0.17307909159366375,0.0191978840801835,1.2646479731755502,0.8209102145710558,1.7857047313531524
4.175,10,0.057967406876955785,0.3437099126482324,0.21437729750993567,-0.1395203173783314,0.8277680028300829,-0.06757027475323048,-0.16900117181289695,0.027563310226963122,1.2858149627937858,0.810068405422705,1.5586602692203189
4.18,10,0.06296740687695568,0.3733567375767478,0.21405559931319354,-0.14035524589171525,0.8279243246881177,-0.06109341384936596,-0.16498013474759884,0.03476792210099438,1.30452391348176,0.7981902713771705,1.3216770042523014
4.1850000000000005,10,0.06796740687695646,0.4030035625052684,0.21376650919807108,-0.14117022139303756,0.8281136714901947,-0.05452904859226785,-0.16102066487735067,0.04076649541807994,1.3208250798562091,0.785474670396057,1.0765428284401157
4.19,10,0.07296740687695635,0.43265038743378376,0.21351043479842488,-0.14196556135803523,0.8283299186066932,-0.04788909226696433,-0.15712645239192768,0.0455227453539747,1.3347687165338604,0.7721204604409766,0.8250456337749085
4.195,10,0.07796740687695625,0.46229721236229915,0.21328772480986893,-0.1427415992276698,0.8285667823325219,-0.041185206885396314,-0.153300193191295,0.04900932654439217,1.3464050781314507,0.7583264994735341,0.568973312247695
4.2,10,0.08296740687695614,0.4919440372908145,0.21309867024614032,-0.14349867943667804,0.8288178645844175,-0.034428803186422316,-0.14954358888561042,0.05120783308499994,1.3557844192657131,0.7442916454553369,0.31011375584953554
4.205,10,0.08796740687695603,0.5215908622193298,0.2129435056954645,-0.144237152442123,0.829076697598245,-0.027631040635817127,-0.1458573467952237,0.052108798531420975,1.3629569945533815,0.7302147563479923,0.05025485657148944
4.21,10,0.09296740687695593,0.5512376871478452,0.21282241057692078,-0.14495736975194495,0.8293367886262973,-0.0208028274262719,-0.14224117995067656,0.05171169589923345,1.3679730586111885,0.7162946901131071,-0.20881549359538662
4.215,10,0.09796740687695582,0.5808845120763606,0.21273551039680771,-0.14565967895351237,0.8295916646345954,-0.013954820477394065,-0.13869380709270265,0.050024937663970925,1.370882866055868,0.702730304712289,-0.46530940266003007
4.22,10,0.10296740687695571,0.6105313370048759,0.21268287800500857,-0.1463444187421728,0.8298349170001877,-0.007097425435707497,-0.1352129526722277,0.047065875761122054,1.3717366715041526,0.6897204581071452,-0.7174389786313836
4.225,10,0.10796740687695561,0.6401781619333913,0.21266453485135664,-0.14701191394980395,0.8300602462084498,-0.00024079667465226742,-0.13179534685036925,0.042860801586131134,1.3705847295727767,0.6774640082592828,-0.9634163295183872
4.23,10,0.11296740687695639,0.6698249868619119,0.2126804522420008,-0.14766247057336476,0.8302615065503846,0.00660516270541633,-0.12843672549843627,0.037444945994396364,1.3674772948784724,0.666159813130307,-1.2014535633300238
4.235,10,0.11796740687695628,0.6994718117904273,0.21273055259577076,-0.14829637080344577,0.8304327508199215,0.013430800877223063,-0.12513183019793153,0.030862479301274382,1.3624646220379737,0.6560067306818294,-1.429762788075149
4.24,10,0.12296740687695618,0.7291186367189426,0.21281471070054264,-0.14891386805282092,0.8305682750112171,0.020226717286579984,-0.12187440824054795,0.023166511282074448,1.3555969656680145,0.6472036188754551,-1.6465561117627463
4.245,10,0.12796740687695607,0.758765461647458,0.21293275496960434,-0.14951518198499789,0.8306626630159542,0.026983762652381678,-0.11865721262817096,0.0144190911720616,1.3469245803853276,0.6399493356727912,-1.850045642401758
4.25,10,0.13296740687695596,0.7884122865759734,0.2130844686980209,-0.1501004935427694,0.8307108313206417,0.033693038966606345,-0.115472002072878,0.004691207666456543,1.3364977208066466,0.6344427390354451,-2.0384434880011217
4.255,10,0.13796740687695586,0.8180591115044887,0.21326959131899992,-0.1506699399767639,0.8307080737039148,0.04034589949431577,-0.11230954099693842,-0.005937211079564688,1.3243666415487045,0.6308826869250237,-2.2099617565697813
4.26,10,0.14296740687695575,0.8477059364330041,0.21348781966025715,-0.15122360987399677,0.8306501059338339,0.04693394877365552,-0.10915959953281365,-0.017377297450871135,1.3105815972282349,0.6294680373031347,-2.3628125561166766
4.265,10,0.14796740687695564,0.8773527613615194,0.21373880920038163,-0.15176153818642113,0.8305331104651857,0.053449042615854835,-0.10601095352315698,-0.029531244372376177,1.2951928424619712,0.6303976481313849,-2.4952079946507495
4.2700000000000005,10,0.15296740687695642,0.9069995862900401,0.2140221753252014,-0.1522837012594789,0.8303537811367816,0.059883288105227674,-0.10285138452081312,-0.04229230530904054,1.2782506318666436,0.6338703773713827,-2.6053601801809574
4.275,10,0.15796740687695632,0.9366464112185554,0.2143374945841486,-0.15279001186065155,0.8301093678687583,0.0662290435991683,-0.09966767978882046,-0.05554479426586241,1.2598052200589915,0.640085082984734,-2.6914812207162
4.28,10,0.1629674068769562,0.9662932361470707,0.2146843059466252,-0.1532803142080114,0.8297977213598776,0.07247891872815797,-0.09644563230040767,-0.06916408578789217,1.239906861655745,0.649240622933047,-2.7517832242654414
4.285,10,0.1679674068769561,0.9959400610755862,0.21506211205836823,-0.15375437899877228,0.8294173377848256,0.07862577439576075,-0.09317004073899583,-0.0830166149602213,1.218605811273638,0.6615358551779276,-2.7844782988376253
4.29,11,0.00431528267627268,0.03939443038628631,0.2154703804862537,-0.15421189847623282,0.8289674031112467,0.0846627093825365,-0.08982475398211252,-0.09696031801199223,1.1959399061852312,0.6771284038448363,-2.788186965089508
4.295,11,0.009315282676272574,0.08503967930925183,0.21590854449052987,-0.15465248306596743,0.8284478218736993,0.09058283643893088,-0.0863934146218249,-0.11085199673302293,1.1718717453764433,0.695926051938513,-2.764004368480637
4.3,11,0.014315282676272467,0.13068492823221736,0.21637600223042833,-0.15507566321424554,0.8278591944206141,0.09637898042656877,-0.08286046133628197,-0.12455724675733551,1.1463357387284976,0.7177429758995255,-2.713952808194264
4.305,11,0.01931528267627236,0.17633017715518287,0.21687211516903337,-0.1554808938854437,0.827202767824476,0.10204363801694226,-0.07921126271685856,-0.13795178309342254,1.119266246516538,0.7423931874432795,-2.6400562149824136
4.3100000000000005,11,0.024315282676273142,0.2219754260781565,0.2173962064322904,-0.15586755921174897,0.8264803852835927,0.10756897768292009,-0.07543211729635176,-0.15092144040353894,1.0905976290157031,0.7696906982851853,-2.5443385195970936
4.315,11,0.029315282676273036,0.267620675001122,0.2179475591680123,-0.15623497714286574,0.8256944355238267,0.11294683969874383,-0.07151025354898362,-0.16336217300369288,1.0602642465011471,0.799449520140639,-2.428823652790363
4.32,11,0.03431528267627293,0.31326592392408753,0.21852541490488686,-0.15658240409572335,0.8248478022003257,0.1181687361400337,-0.06743382989039727,-0.1751800548636597,1.028200459248009,0.8314836647250505,-2.295535545314232
4.325,11,0.03931528267627282,0.35891117284705304,0.2191289719114833,-0.1569090396041827,0.8239438132992543,0.12322585088378464,-0.06319193467765935,-0.18629127960697245,0.9943406275314325,0.8656071437538255,-2.146498127920727
4.33,11,0.044315282676272716,0.4045564217700186,0.2197573835552593,-0.15721403096874373,0.8229861905395246,0.12810903960836734,-0.05877458620925958,-0.19662216051092427,0.9586191116265617,0.9016339689423692,-1.9837353313618729
4.335,11,0.04931528267627261,0.4502016706929841,0.22040975666156784,-0.1574964779062523,0.8219789987745285,0.13280882979352812,-0.054172732725110556,-0.20610913050656854,0.9209702718085405,0.9393781520060875,-1.8092710863896957
4.34,11,0.0543152826762725,0.4958469196159496,0.221085149872664,-0.1577554371996074,0.8209265953938678,0.1373154207203892,-0.04937825240654794,-0.2146987421787187,0.8813284683525129,0.9786537046603859,-1.6251293237562197
4.345,11,0.059315282676272396,0.5414921685389151,0.22178257200671195,-0.15798992734746828,0.819833579725086,0.1416186834714483,-0.044383953376330276,-0.22234766776594828,0.8396280615336228,1.0192746386206695,-1.4333339742134719
4.3500000000000005,11,0.06431528267627318,0.5871374174618887,0.22250098041679195,-0.15819893321396153,0.8187047424353988,0.14570816093057973,-0.0391835736986382,-0.22902269916059215,0.795803411627006,1.0610549656023518,-1.2359089685134412
4.355,11,0.06931528267627307,0.6327826663848543,0.22323927934990664,-0.15838141067838815,0.817545014933427,0.1495730677830313,-0.033771781379078075,-0.23470074790874162,0.7497888789078223,1.1038086973208232,-1.0348782374082246
4.36,11,0.07431528267627296,0.6784279153078199,0.22399631830598873,-0.15853629128493082,0.8163594187709255,0.15320229051542875,-0.028144174364676523,-0.23936884521025215,0.7015188236512078,1.1473498454914965,-0.8322657116498114
4.365,11,0.07931528267627286,0.7240731642307854,0.2247708903969074,-0.15866248689236084,0.8151530150445159,0.15658438741577277,-0.02229728054388401,-0.24302414191873764,0.6509276061323065,1.1914924218297775,-0.6300953219902289
4.37,11,0.08431528267627275,0.7697184131537509,0.22556173070547522,-0.15875889432374538,0.8139308537974173,0.15970758857343975,-0.016228557746573977,-0.24567390854157245,0.5979495866262622,1.2360504380510715,-0.430390999181502
4.375,11,0.08931528267627264,0.8153636620767164,0.22636751464445515,-0.15882440001615447,0.8126979234211774,0.16255979587918193,-0.009936393744042853,-0.24733553523989074,0.5425191254082191,1.280837905870784,-0.2351766739756556
4.38,11,0.09431528267627254,0.8610089109996819,0.2271868563155673,-0.1588578846703682,0.8114591000574041,0.1651285830251271,-0.003420106249010052,-0.24803653182858712,0.48457058275332093,1.3256688370043206,-0.04647627712471609
4.385,11,0.09931528267627243,0.9066541599226474,0.2280183068684958,-0.1588582279005839,0.8102190969994962,0.16740119550477886,0.003320057084382094,-0.2478145277763161,0.4240383189367117,1.3703572431670863,0.1336862606192924
4.39,11,0.10431528267627233,0.9522994088456129,0.22886035285989592,-0.158824312884123,0.8089824140943749,0.1693645506130165,0.010282918660568241,-0.24671727220549247,0.3608566942335353,1.4147171360744877,0.3032870085043434
4.3950000000000005,11,0.1093152826762731,0.9979446577685865,0.22971141461240074,-0.15875503101113844,0.8077532871442147,0.17100523744609536,0.017466370942561378,-0.24480263389229062,0.2949600689189236,1.4585625274419372,0.4603020357784368
4.4,12,0.004774856936930583,0.040557261879084205,0.230569844625977,-0.15864928651273205,0.8065356377445841,0.17230957171932787,0.024867399059565174,-0.2421381442807503,0.22632872521550879,1.5017263678708985,0.6030902385691619
4.405,12,0.009774856936930476,0.0830268713509386,0.23143392755736664,-0.15850600044237076,0.8053330361948712,0.17326428444491548,0.032482364827842086,-0.23879525634157278,0.15515323416268706,1.544128334161651,0.7317635791526702
4.41,12,0.01477485693693037,0.125496480822793,0.23230188454165596,-0.1583241128665455,0.8041487006067349,0.17385728169742337,0.040307320089155156,-0.23484301081097486,0.0816843249910509,1.5857129132366838,0.8469355266855098
4.415,12,0.019774856936930263,0.16796609029464737,0.23317187937847822,-0.15810258428642743,0.8029855115570079,0.1740777232213691,0.04833803912969554,-0.2303473808809871,0.0061727317452877515,1.6264245940038915,0.9492195904568035
4.42,12,0.024774856936930156,0.21043569976650175,0.2340420248003649,-0.15784039702564553,0.8018460274254289,0.17391602243149384,0.05657001868019384,-0.22537127219719444,-0.07113081152991493,1.6662078653711687,1.0392292797556737
4.425,12,0.02977485693693005,0.25290530923835614,0.23491038874109668,-0.1575365566180637,0.8007324997323745,0.17336384641276206,0.06499847791592014,-0.21997452285873612,-0.1499755707898697,1.7050072162464103,1.1175781038712427
4.43,12,0.03477485693692994,0.29537491871021054,0.23577500060405468,-0.1571900931955582,0.7996468884765923,0.17241411592036174,0.07361835845668402,-0.21421390341830587,-0.23011081198988922,1.742767135537511,1.1848795720926335
4.4350000000000005,12,0.039774856936930725,0.3378445281820725,0.23663385753057165,-0.15680006287579476,0.7985908774729317,0.17106100537970395,0.08242432436683605,-0.20814311688215065,-0.31128580108530063,1.7794321121523722,1.241747193708978
4.44,12,0.04477485693693062,0.38031413765392685,0.23748493066828247,-0.15636554915000625,0.7975658896900779,0.1692999428864241,0.09141076215526164,-0.20181279871007515,-0.39324980403138715,1.8149466349988754,1.288794478009378
4.445,12,0.04977485693693051,0.42278374712578126,0.23832617143947624,-0.15588566427076958,0.7965731025882826,0.16712761020638017,0.10057178077539033,-0.19527051681543517,-0.4757520867834763,1.849255192984922,1.326634934282968
4.45,12,0.054774856936930405,0.46525335659763567,0.23915551780944674,-0.15535955063978318,0.795613463457097,0.16454194277565393,0.10990121162518955,-0.18856077156514192,-0.5585419152968804,1.8823022750184069,1.3558820718188698
4.455,12,0.0597748569369303,0.5077229660694901,0.23997090055484377,-0.15478638219564433,0.7946877047531039,0.16154212970055046,0.11939260854716624,-0.18172499577966103,-0.6413685555269121,1.9140323700072248,1.3771493999062063
4.46,12,0.06477485693693019,0.5501925755413444,0.2407702495320241,-0.15416536580162643,0.7937963594376498,0.15812861375759837,0.12903924782836673,-0.17480155473301257,-0.7239812734288836,1.9443899668592706,1.3910504278341003
4.465,12,0.06977485693693009,0.5926621850131988,0.24155149994540287,-0.15349574263345625,0.7929397763145772,0.1543030913935497,0.13883412820037702,-0.16782574615277088,-0.8061293349581079,1.9733195544824385,1.398198664891674
4.47,12,0.07477485693692998,0.6351317944850532,0.24231259861580437,-0.15277678956709137,0.792118135367957,0.15006851272537985,0.14876997083932242,-0.16082980022006482,-0.8875620060698972,2.0007656217846237,1.3992076203680506
4.4750000000000005,12,0.07977485693693076,0.6776014039569151,0.24305151024881355,-0.15200782056649717,0.7913314630998203,0.14542908154028691,0.1588392193658695,-0.1538428795695762,-0.968028552719579,2.0266726576737257,1.3946908035523504
4.48,12,0.08477485693693065,0.7200710134287696,0.2437662237031265,-0.1511881880714248,0.7905796478678911,0.14039025529569482,0.16903403984521903,-0.14689107928954526,-1.0472782408624364,2.05098515105763,1.3852617237336986
4.485,12,0.08977485693693055,0.762540622900624,0.24445475825890237,-0.15031728438518768,0.7898624552233185,0.13495874511924857,0.17934632078711654,-0.13999742692176256,-1.125060336453797,2.0736475908442356,1.3715338902012169
4.49,12,0.09477485693693044,0.8050102323724783,0.24511516988611395,-0.14939454306243924,0.7891795432484083,0.12914251580881742,0.18976767314584525,-0.13318188246157456,-1.2011241054489723,2.094604465941437,1.3541208122440285
4.495,12,0.09977485693693033,0.8474798418443327,0.245745557512899,-0.14841944029695012,0.788530477894356,0.1229507858324939,0.20028943032022797,-0.12646133835788193,-1.2752188138032765,2.1138002652571304,1.3336359991512554
4.5,12,0.10477485693693023,0.8899494513161871,0.24634406929391123,-0.14739149630938556,0.7879147483189787,0.11639402732859416,0.21090264815362678,-0.11984961951313972,-1.347093727472021,2.131179477699209,1.3106929602120199
4.505,12,0.10977485693693012,0.9324190607880415,0.2469089088786715,-0.14631027673508262,0.7873317822244472,0.10948396610565773,0.22159810493394339,-0.11335748328335755,-1.4164981124105185,2.146686592175569,1.2859052047154453
4.51,12,0.11477485693693001,0.9748886702598959,0.247438341679919,-0.1451753940118275,0.7867809611950184,0.10223358164244752,0.23236630139361897,-0.10699261947809922,-1.4831812345740822,2.1602660975941035,1.2598862419506542
4.515,13,0.0020436118847824147,0.004387521019302409,0.247930701141257,-0.14398650876743194,0.7862616360333438,0.09465710536276377,0.2431974612010523,-0.10075965384405448,-1.5468957366570968,2.17186344472485,1.2332427627474671
4.5200000000000005,13,0.007043611884783196,0.015122242841910712,0.24838439466606543,-0.1427433311108215,0.7857731414127912,0.08676978580344437,0.25408159785235884,-0.09466062224808454,-1.6075190118331006,2.181459619438572,1.2063295563091785
4.525,13,0.01204361188478309,0.025856964664517108,0.24879790658110448,-0.14144562107845823,0.7853148045420884,0.07858700766567188,0.26500876560908204,-0.08869674952738901,-1.6650868342649972,2.1890807223378466,1.179181602014602
4.53,13,0.017043611884782983,0.036591686487123506,0.24916979759498564,-0.14009318808232643,0.7848859467522452,0.07012393321977395,0.2759691616438349,-0.08286917358060121,-1.7196452013093695,2.1947557660959656,1.1518132361225621
4.535,13,0.022043611884782877,0.0473264083097299,0.24949870365270496,-0.138685890185889,0.7844858838639813,0.0613954947492968,0.2869531281925948,-0.07717896062506135,-1.7712401103227904,2.198513763386217,1.1242387948918877
4.54,13,0.02704361188478277,0.0580611301323363,0.24978333478570927,-0.1372236333787707,0.7841139265461334,0.052416394551003734,0.2979511525547056,-0.07162710519681557,-1.819917558661832,2.2003837268818907,1.096472614581408
4.545,13,0.03204361188478266,0.0687958519549427,0.2500224739619623,-0.135706370851441,0.7837693806740609,0.04320110493487521,0.30895386709287775,-0.0662145301506158,-1.865723543683066,2.200394669256275,1.0685290314499516
4.55,13,0.03704361188478256,0.07953057377754909,0.25021497593601066,-0.1341341022698975,0.7834515476880525,0.03376386822410886,0.31995204923318793,-0.06094208665991986,-1.9087040627430651,2.198575603182659,1.0404223817563476
4.555,13,0.04204361188478245,0.09026529560015549,0.25035976609905003,-0.13250687305034894,0.7831597249517332,0.024118696755119393,0.3309366214650793,-0.05581055421689142,-1.948905113198402,2.1949555413343314,1.012167001759425
4.5600000000000005,13,0.04704361188478323,0.1010000174227638,0.25045583932899124,-0.13082477363389822,0.7828932061104703,0.014279372877536963,0.34189865134136366,-0.050820640632399106,-1.9863726924056548,2.1895634963845803,0.9837772277180077
4.565,13,0.052043611884783125,0.11173473924537018,0.25050225884052624,-0.12908793876122657,0.7826512814497801,0.0042594489542140835,0.35282935147821304,-0.045972982036020085,-2.021152797721383,2.1824284810066965,0.9552673958909348
4.57,13,0.05704361188478302,0.12246946106797658,0.2504981550351943,-0.12729654674727506,0.7824332382537339,-0.005927752638784862,0.3637200795551721,-0.04126814287603468,-2.053291426502165,2.1735795078739684,0.9266518425370301
4.575,13,0.06204361188478291,0.13320418289058297,0.2504427243514481,-0.12545081875592895,0.7822383611633652,-0.01626913951217651,0.3745623383151497,-0.03670661591942999,-2.082834576104574,2.163045589659684,0.8979449039151228
4.58,13,0.0670436118847828,0.14393890471318938,0.25033522811471975,-0.12355101807470056,0.7820659325350755,-0.026751849263460487,0.38534777556442135,-0.03228882225189895,-2.109828243885182,2.1508557390371332,0.8691609162840418
4.585,13,0.0720436118847827,0.15467362653579578,0.25017499138748694,-0.12159744938941235,0.7819152327990414,-0.037363249476919186,0.396068184172629,-0.028015111277840316,-2.1343184272005606,2.1370389686796045,0.8403142159026158
4.59,13,0.07704361188478259,0.16540834835840218,0.2499614018193389,-0.11959045805888019,0.7817855408176205,-0.04809093772361788,0.40671550207278084,-0.023885760720358806,-2.156351123407283,2.1216242912603867,0.8114191390296741
4.595,13,0.08204361188478249,0.17614307018100855,0.24969390849704268,-0.11753042938959651,0.7816761342437583,-0.058922741561404736,0.41728181226125166,-0.0199009766212649,-2.175972329861921,2.104640719452769,0.7824900219240458
4.6000000000000005,13,0.08704361188478327,0.18687779200361687,0.249372020794609,-0.11541778791041303,0.781586289879394,-0.06984671853491273,0.4277593427977847,-0.01606089334107428,-2.1932280439210503,2.086117265930037,0.7535412008445542
4.605,13,0.09204361188478316,0.19761251382622327,0.24899530722335866,-0.1132529966472255,0.7815152840338683,-0.08085115617555182,0.43814046680548374,-0.012365573559010528,-2.2081642629412364,2.0660829433654855,0.724587012050039
4.61,13,0.09704361188478305,0.20834723564882968,0.24856339428198831,-0.11103655639765461,0.7814623928823282,-0.09192457200152068,0.4484177024708249,-0.00881500827300104,-2.220826984279055,2.044566764432401,0.6956417917993237
4.615,13,0.10204361188478295,0.21908195747143605,0.24807596530663667,-0.10876900500573063,0.7814268928241348,-0.1030557135177989,0.45858371304364864,-0.005409116799679733,-2.2312622052910784,2.0215977418040723,0.6667198763512375
4.62,13,0.10704361188478284,0.22981667929404245,0.2475327593209506,-0.10645091663657616,0.7814080608412691,-0.11423355821614896,0.4686313068371619,-0.0021477467743863904,-2.239515923333879,1.997204888153788,0.6378356019646094
4.625,13,0.11204361188478273,0.24055140111664886,0.24693356988615123,-0.10408290105108942,0.7814051748567385,-0.12544731357511615,0.4785534372279383,0.0009693258488333764,-2.2456341357640297,1.9714172161548373,0.6090033048982683
4.63,13,0.11704361188478263,0.25128612293925523,0.24627824395109993,-0.10166560288062729,0.7814175140929838,-0.13668641706002857,0.4883432026559176,0.003942396797228035,-2.2496628399381016,1.944263738480509,0.5802373214110432
4.635,13,0.12204361188478252,0.26202084476186166,0.24556668070236456,-0.09919970090168856,0.7814443594302848,-0.14794053612299748,0.49799384662440616,0.006771833479340255,-2.2516480332126676,1.9157734678040919,0.5515519877617628
4.64,13,0.12704361188478241,0.27275556658446803,0.24479883041428546,-0.0966859073105971,0.7814849937651674,-0.15919956820291659,0.5074987577000768,0.009458074985006809,-2.2516357129443,1.8859754167988751,0.5229616402092565
4.6450000000000005,13,0.1320436118847832,0.28349028840707635,0.24397469329904128,-0.09412496699818448,0.7815387023688103,-0.17045364072546473,0.5168514695129703,0.01200163208535914,-2.2496718764895705,1.854898598138142,0.4944806150123479
4.65,13,0.1370436118847831,0.2942250102296827,0.24309431835671594,-0.09151765682447509,0.7816047732454506,-0.18169311110309747,0.5260456607564892,0.014403087232821394,-2.245802521205052,1.8225720244951924,0.4661232484298764
4.655,13,0.14204361188478298,0.30495973205228916,0.2421578022253635,-0.08886478489336645,0.781682497490791,-0.19290856673505943,0.5350751551874069,0.016663094561113256,-2.2400736444473166,1.7890247085433097,0.43790387672066555
4.66,13,0.14704361188478288,0.31569445387489553,0.24116528803107515,-0.0861671898273143,0.7817711696504058,-0.2040908250073758,0.5439339216258624,0.018782379885248113,-2.232531243572937,1.7542856629557835,0.40983683614354466
4.665,13,0.15204361188478277,0.3264291756975019,0.2401169642380449,-0.08342574004201529,0.7818700880781481,-0.21523093329285484,0.5526160739553605,0.02076174070153346,-2.2232213159384853,1.7183839004059016,0.3819364629573424
4.67,13,0.15704361188478266,0.33716389752010834,0.23901306349863577,-0.08064133302109003,0.7819785552945552,-0.22632016895108772,0.5611158711227726,0.02260204618757101,-2.2121898589005338,1.6813484335669537,0.35421709342088764
4.675,13,0.16204361188478256,0.3478986193427147,0.2378538615034459,-0.0778148945907665,0.7820958783452558,-0.23735003932844814,0.5694277171383366,0.024304237202256575,-2.1994828698156543,1.6432082751122288,0.32669306379300994
4.68,13,0.16704361188478245,0.35863334116532114,0.23663967583137457,-0.07494737819456294,0.7822213691593768,-0.24831228175809317,0.5775461610756571,0.02586932628578008,-2.1851463460404195,1.603992437715015,0.2993787103325378
4.6850000000000005,13,0.17204361188478323,0.3693680629879294,0.23537086479968813,-0.07203976416797074,0.7823543449079486,-0.25919886355996413,0.5854658970717058,0.02729839765962587,-2.1692262849313986,1.563729934048595,0.2722883692982956
4.69,13,0.17704361188478313,0.38010278481053583,0.2340478263140869,-0.06909305901313946,0.7824941283623126,-0.2700019820407799,0.5931817643268176,0.02859260722657167,-2.1517686838451695,1.522449776786271,0.24543637694912165
4.695,13,0.18204361188478302,0.3908375066331422,0.23267099671877003,-0.06610829467355714,0.7826400482525273,-0.2807140644940476,0.6006887471046973,0.029753182570690165,-2.1328195401383025,1.4801809786013258,0.2188370695438404
4.7,13,0.1870436118847829,0.40157222845574864,0.2312408496465023,-0.0630865278087353,0.7827914396257748,-0.29132776820005574,0.607981974732415,0.030781422957347874,-2.1124248511673684,1.4369525521670479,0.19250478334128063
4.705,13,0.1920436118847828,0.412306950278355,0.2297578948686802,-0.06002883906889174,0.7829476442047671,-0.30183598042587517,0.6150567216004074,0.031678699333205544,-2.090630614288941,1.3927935101567261,0.16645385460027148
4.71,13,0.1970436118847827,0.4230416721009614,0.2282226771453979,-0.056936332369633635,0.7831080107461531,-0.3122318184253598,0.6219084071624773,0.032446454326217886,-2.067482826859593,1.34773286524365,0.1406986195796419
4.715,13,0.2020436118847826,0.4337763939235678,0.22663577507551322,-0.053810134166640766,0.7832718953989244,-0.3225086294391467,0.6285325959357945,0.03308620224563393,-2.043027486235894,1.3017996301011077,0.11525341453822029
4.72,13,0.20704361188478249,0.4445111157461742,0.22499779994671398,-0.050651392730348604,0.7834386620628221,-0.3326599906946554,0.6349249975008945,0.03359952908199678,-2.017310589774419,1.255022817402388,0.0901325757348367
4.7250000000000005,13,0.21204361188478327,0.4552458375687825,0.2233093945855836,-0.047461277420630985,0.7836076827467434,-0.34267970940609016,0.6410814665016811,0.03398809250714379,-1.9903781348317338,1.2074314398207724,0.06535043942831474
4.73,13,0.21704361188478316,0.4659805593913889,0.2215712322076684,-0.04424097796148552,0.7837783379271478,-0.35256182277443304,0.6469980026454204,0.034253621874206164,-1.962276118764421,1.1590545100295657,0.04092134187749311
4.735,13,0.22204361188478305,0.4767152812139953,0.21978401526754193,-0.04099170371571334,0.7839500169064637,-0.3623005979874539,0.6526707507027493,0.034397918217609576,-1.9330505389290475,1.1099210407020486,0.01685961934119517
4.74,13,0.22704361188478295,0.4874500030366017,0.21794847430887226,-0.03771468295960459,0.784122118171495,-0.371890532219704,0.658096000507669,0.034422854253073676,-1.9027473926821867,1.0600600445115107,-0.006820391921749075
4.745,13,0.23204361188478284,0.49818472485920806,0.21606536681448774,-0.03441116215762094,0.7842940497518273,-0.38132635263251713,0.6632701869575478,0.03433037437761239,-1.8714126773804112,1.0095005341312404,-0.030104355652510892
4.75,13,0.23704361188478273,0.5089194466818144,0.2141354760564431,-0.03108240523707885,0.7844652295782345,-0.39060301637401035,0.6681898900131203,0.034122494669533626,-1.8390923903802907,0.958271522234526,-0.05297793559226155
4.755,13,0.24204361188478263,0.5196541685044209,0.21215960994608546,-0.02772969286283261,0.7846350858410853,-0.3997157105790835,0.6728518346984877,0.03380130288843949,-1.8058325290383999,0.906402021494657,-0.07542679548217232
4.76,13,0.24704361188478252,0.5303888903270273,0.2101385998841206,-0.024354321711957727,0.7848030573487497,-0.40865985236941876,0.6772528911011171,0.03336895847522634,-1.7716790907113105,0.8539210445849227,-0.09743659906341345
4.765,13,0.2520436118847824,0.5411236121496337,0.20807329961067886,-0.020957603748433862,0.7849685938860054,-0.4174310888534817,0.6813900743718425,0.03282769255208454,-1.736678072755595,0.8008576041786124,-0.11899301007715647
4.7700000000000005,13,0.2570436118847832,0.5518583339722419,0.20596458405538093,-0.017540865497827463,0.7851311565724441,-0.4260252971265223,0.6852605447248648,0.03217980792249857,-1.7008754725278188,0.7472407129490048,-0.14008169226457623
4.775,13,0.2620436118847831,0.5625930557948484,0.20381334818740537,-0.014105447321977355,0.7852902182208786,-0.4344385842705687,0.6888616074377497,0.031427679071247314,-1.6643172873845669,0.6930993835694071,-0.16068830936683606
4.78,13,0.267043611884783,0.5733277776174548,0.20162050586555263,-0.010652702693674493,0.7854452636957484,-0.4426672873544362,0.692190712851431,0.03057375216440356,-1.627049514682405,0.6384626287130993,-0.18079852512511083
4.785,13,0.2720436118847829,0.5840624994400612,0.19938698868831245,-0.007183997471347153,0.7855957902715267,-0.4507079734337217,0.6952454563702082,0.02962054504933425,-1.5891181517779067,0.5833594610533711,-0.20039800328057128
4.79,13,0.27704361188478277,0.5947972212626675,0.1971137448439296,-0.0037007091737437103,0.7857413079911268,-0.4585574395508052,0.6980235784617477,0.02857064725470062,-1.550569196027643,0.5278188932635107,-0.21947240757438896
4.795,13,0.28204361188478266,0.6055319430852739,0.19480173796046996,-0.00020422625461591348,0.7858813400243086,-0.4662127127348492,0.7005229646570817,0.027426719990457864,-1.511448644788186,0.4718699380168069,-0.23800740174773433
4.8,13,0.28704361188478256,0.6162666649078804,0.19245194595588672,0.0033040526225982247,0.7860154230260852,-0.4736710500017992,0.7027416455506097,0.02619149614785547,-1.4718024954161089,0.41554160798654893,-0.2559886495417792
4.805,13,0.29204361188478245,0.6270013867304868,0.1900653598880864,0.006822719310090902,0.7861431074951286,-0.48092993835438336,0.7046777968000967,0.024867780299437054,-1.4316767452679842,0.358862915846026,-0.2734018146976938
4.8100000000000005,13,0.29704361188478323,0.637736108553095,0.18764298280499436,0.010350356901002389,0.7862639581321773,-0.4879870947821141,0.7063297391266753,0.023458448699039996,-1.391117391700376,0.30186287426851616,-0.29023256095665256
4.815,13,0.3020436118847831,0.6484708303757014,0.1851858285946229,0.01388554045473503,0.786377554198442,-0.4948404662612831,0.7076959383148427,0.021966449281796648,-1.350170432069872,0.24457049592733,-0.3064665520598202
4.82,13,0.307043611884783,0.6592055521983079,0.18269492083513447,0.017426837722274047,0.7864834898740123,-0.5014882297549687,0.7087750052124645,0.020394801664132836,-1.3088818637330357,0.18701479349574338,-0.32208945174837117
4.825,13,0.3120436118847829,0.6699402740209143,0.18017129164490975,0.020972809871501602,0.7865813746162632,-0.5079287922130303,0.7095656957307716,0.01874659714376872,-1.2672976840464418,0.12922477964704804,-0.3370869237634762
4.83,13,0.3170436118847828,0.6806749958435206,0.17761598053261296,0.024522012212514654,0.7866708335182615,-0.5141607905721108,0.7100669108443619,0.017024998699718647,-1.2254638903666601,0.07122946705453301,-0.3514446318463066
4.835,13,0.3220436118847827,0.691409717666127,0.17503003324725838,0.02807299492294138,0.7867515076671724,-0.5201830917556357,0.7102776965911992,0.0152332409922909,-1.183426480050265,0.013057868391485181,-0.3651482397380328
4.84,13,0.3270436118847826,0.7021444394887334,0.172414500628276,0.031624303773258394,0.7868230545026659,-0.525994792673813,0.7101972440726146,0.013374630363088261,-1.1412314504538263,-0.04526100366880495,-0.37818341117982657
4.845,13,0.3320436118847825,0.7128791613113399,0.169770437455578,0.03517448085210714,0.7868851481753228,-0.5315952202236348,0.7098248894533048,0.01145254483500735,-1.0989247989339181,-0.10369813645305047,-0.39053580991285874
4.8500000000000005,13,0.33704361188478327,0.7236138831339481,0.167098901299624,0.038722065291611735,0.7869374799050425,-0.5369839312888749,0.7091601139613328,0.009470434112238687,-1.0565525228471055,-0.16222451728797085,-0.40219109967830213
4.855,13,0.34204361188478316,0.7343486049565545,0.1644009513714893,0.04226559399269311,0.7869797583394477,-0.5421607127400893,0.7082025438881293,0.00743181958026807,-1.0141606195499753,-0.22081113350025536,-0.41313494421732383
4.86,13,0.34704361188478305,0.7450833267791609,0.16167764737292806,0.045803602350389716,0.7870117099122922,-0.5471255814346183,0.7069519505884903,0.005340294305874299,-0.9717950863990916,-0.2794289724166292,-0.4233530072710967
4.865,13,0.35204361188478295,0.7558180486017674,0.1589300483464412,0.04933462497917171,0.7870330792018668,-0.5518787842165848,0.7054082504805784,0.003199523037130673,-0.9295019207510274,-0.33804902136380044,-0.43283095258079224
4.87,13,0.35704361188478284,0.7665527704243738,0.15615921152534212,0.05285719643825837,0.7870436292894062,-0.5564207979168939,0.7035715050459231,0.0010132422034046305,-0.8873271199623574,-0.39664226766847993,-0.44155444388758075
4.875,13,0.36204361188478273,0.7772874922469801,0.15336619118382272,0.05636985195693525,0.7870431421174947,-0.5607523293532345,0.7014419208294199,-0.0012147400846421303,-0.8453166813896479,-0.45517969865738056,-0.44950914493263394
4.88,13,0.36704361188478263,0.7880222140695865,0.15055203748701945,0.059871128159870696,0.7870314188484735,-0.5648743153300778,0.6990198494393312,-0.003480544035054011,-0.8035166023894758,-0.513632301657212,-0.45668071945712263
4.885,13,0.3720436118847825,0.7987569358921929,0.1477177953410795,0.06335956379243277,0.7870082802228467,-0.5687879226386777,0.6963057875472852,-0.005780218174581035,-0.7619728803184117,-0.5719710639946881,-0.4630548312022181
4.89,13,0.3770436118847824,0.8094916577147993,0.14486450324322686,0.06683370044600603,0.7869735669176878,-0.5724945480570713,0.6933003768882772,-0.008109739348678967,-0.7207315125330298,-0.6301669729965151,-0.468617143909091
4.8950000000000005,13,0.3820436118847832,0.8202263795374076,0.14199319213182776,0.07029208328330924,0.7869271399050464,-0.575995818350079,0.6900044042606677,-0.010465012721510325,-0.6798384963898916,-0.6881910159894191,-0.47335332131891317
4.9,13,0.3870436118847831,0.830961101360014,0.13910488423645903,0.07373326176370934,0.7868688808103544,-0.5792935902693022,0.6864188015261864,-0.012841871775942,-0.6393398292455881,-0.7460141803000884,-0.47724902717285417
4.905,13,0.392043611884783,0.8416958231826204,0.1362005919279709,0.07715579036854228,0.7867986922708328,-0.5823899505531269,0.6825446456099263,-0.015236078313547691,-0.5992815084566826,-0.8036074532552434,-0.4802899252120854
4.91,13,0.3970436118847829,0.8524305450052267,0.13328131656855532,0.08055822932642717,0.7867164982938976,-0.5852872159267222,0.6783831585003487,-0.017643322454606907,-0.5597095313797439,-0.8609418221815971,-0.48246167917777877
4.915,13,0.40204361188478277,0.8631652668278332,0.13034804736181133,0.08393914533858404,0.786622244615567,-0.5879879331020385,0.6739357072492805,-0.020059222638104772,-0.5206698953713487,-0.9179882744058611,-0.4837499528111044
4.92,13,0.40704361188478266,0.8738999886504396,0.12740176020281135,0.0872971123041503,0.7865158990588673,-0.5904948787778106,0.6692038039719158,-0.02247932562173245,-0.4822085977880716,-0.9747177972547432,-0.4841404098532339
4.925,13,0.41204361188478256,0.884634710473046,0.1244434165281671,0.09063071204549775,0.7863974518922398,-0.5928110596395553,0.6641891058468145,-0.02489910648188691,-0.4443716359864772,-1.0311013780549563,-0.48361871404533824
4.93,13,0.41704361188478245,0.8953694322956524,0.1214739621660958,0.09393853503354951,0.7862669161879468,-0.5949397123595724,0.6588934151159032,-0.02731396861367103,-0.4072050073231433,-1.0871100041332136,-0.4821705291285885
4.9350000000000005,13,0.42204361188478323,0.9061041541182607,0.1184943261864857,0.09721918111309732,0.7861243281804784,-0.596884303596945,0.6533186790844736,-0.029719243730893744,-0.3707547091546332,-1.1427146628162337,-0.4797815188441548
4.94,13,0.4270436118847831,0.9168388759408671,0.11550541975096432,0.10047126022811584,0.785969747624959,-0.5986485299975379,0.6474669901211878,-0.0321101918660687,-0.3350667388375341,-1.1978863414307073,-0.4764373469332096
4.945,13,0.432043611884783,0.9275735977634735,0.11250813496296114,0.10369339314708356,0.7858032581555534,-0.600236318194,0.64134058565807,-0.03448200137041685,-0.30018709372841335,-1.2525960273033558,-0.472123677136923
4.95,13,0.4370436118847829,0.9383083195860799,0.10950334371777604,0.1068842121882966,0.785624967643874,-0.6016518248057631,0.6349418481905129,-0.03682978891386421,-0.26616177118383655,-1.306814707760893,-0.46682617319646635
4.955,13,0.4420436118847828,0.9490430414086862,0.1064918965526448,0.11004236194518666,0.7854350085573863,-0.6028994364390405,0.6282733052772752,-0.03914859948504309,-0.23303676856038352,-1.3605133701300256,-0.4605304988530107
4.96,13,0.4470436118847827,0.9597777632312927,0.10347462149680522,0.11316650001163756,0.7852335383178162,-0.6039837696868298,0.6213376295404824,-0.041433406391291186,-0.2008580832146218,-1.4136630017374687,-0.45322231784772643
4.965,13,0.4520436118847826,0.9705124850538991,0.10045232292156317,0.11625529770730222,0.7850207396595559,-0.6049096711289101,0.6141376386656257,-0.043679111258652405,-0.16967171250312815,-1.4662345899099312,-0.4448872939217856
4.97,13,0.4570436118847825,0.9812472068765055,0.09742578039035854,0.11930744080291936,0.7847968209880709,-0.6056822173318458,0.6066762954015639,-0.04588054403187652,-0.13952365378246806,-1.5181991219741247,-0.43551109081635886
4.9750000000000005,13,0.46204361188478327,0.9919819286991137,0.09439574750883101,0.12232163024563084,0.784562016738306,-0.606306714848981,0.5989567075605193,-0.048032462974419085,-0.11045990440921317,-1.569527585256768,-0.42507937227261555
4.98,14,0.0012653567398457355,0.010658903059676626,0.09136295077490254,0.12529658288427545,0.784316587733078,-0.6067887001610496,0.5909821279319926,-0.05012955472396177,-0.082526273979581,-1.6201912392404625,-0.413577977543218
4.985,14,0.006265356739845629,0.05277707702607865,0.0883280884735044,0.12823103212997033,0.784060821499734,-0.6071339042715054,0.5827559029642116,-0.052166467387393264,-0.05574653008364586,-1.6701932929725465,-0.4010133499378433
4.99,14,0.011265356739845522,0.09489525099248068,0.08529183014384448,0.13112372778680195,0.7837950320516193,-0.6073480574696316,0.5742811897711182,-0.05413799304107967,-0.030101990835081943,-1.71959848539411,-0.3874316129761965
4.995,14,0.016265356739845416,0.1370134249588827,0.08225481694838166,0.13397343457550945,0.7835195588266664,-0.6074367770054752,0.5655607933188358,-0.056039172728204856,-0.0055691469579011044,-1.7684785526767801,-0.3728834026443747
5.0,14,0.02126535673984531,0.1791315989252847,0.07921766225719053,0.13677893034496036,0.7832347654246419,-0.607405562582703,0.5565971598926296,-0.0578653006718832,0.017875510823884888,-1.8169052309921827,-0.35741935492847476
5.005,14,0.026265356739845203,0.22124977289168674,0.07618095223569328,0.1395390042787465,0.7829410383412471,-0.6072597963586019,0.547392377096907,-0.05961192427515956,0.04025549178626419,-1.864950256511945,-0.3410901058145936
5.01,14,0.031265356739845096,0.2633679468580888,0.07314524643239165,0.14225245510177942,0.7826387857022182,-0.6070047429440794,0.5379481738552172,-0.06127484412100925,0.06159430520522499,-1.9126853654076934,-0.32394629128882807
5.015,14,0.03626535673984499,0.3054861208244908,0.07011107836659876,0.14491808928688646,0.7823284359974267,-0.6066455494036621,0.5282659204102512,-0.06285011397233813,0.08191546035675547,-1.960182293851054,-0.3060385473372752
5.0200000000000005,14,0.04126535673984577,0.3476042947909003,0.06707895611617051,0.1475347192614066,0.7820104368149798,-0.6061872452554974,0.5183466283238399,-0.06433404077198272,0.10124246651684721,-2.0075127780136626,-0.2874175099460285
5.025,14,0.046265356739845664,0.3897224687573023,0.06404936290523966,0.15010116161378448,0.7816852535753206,-0.6056347424713526,0.5081909504769617,-0.06572318464270929,0.11959883296148141,-2.054748554067128,-0.2681338151011915
5.03,14,0.05126535673984556,0.43184064272370437,0.061022757691944415,0.1526162353001689,0.7813533682653286,-0.6049928354766151,0.49779918106973164,-0.06701435888721542,0.13700806896664988,-2.101961358183086,-0.24823809878885794
5.035,14,0.05626535673984545,0.47395881669010637,0.05799957575616259,0.15507875985100658,0.78101527817242,-0.6042662011502921,0.4871712556214079,-0.06820462998812882,0.15349368380834078,-2.149222926533163,-0.22778099699512472
5.04,14,0.061265356739845345,0.5160769906565084,0.054980229287242874,0.15748755357763844,0.7806714946186479,-0.6034593988250109,0.4763067509703909,-0.06929131760800777,0.16907918676254227,-2.1966049952889852,-0.20681314570608872
5.045,14,0.06626535673984524,0.5581951646229104,0.05196510797173677,0.15984143177889518,0.7803225416948031,-0.6025768702870191,0.4652048852742228,-0.07027199458934098,0.18378808710524258,-2.2441793006221795,-0.1853851809078469
5.05,14,0.07126535673984513,0.6003133385893125,0.04895457958113052,0.16213920494769316,0.7799689549945137,-0.6016229397761843,0.4538645180095879,-0.07114448695454768,0.19764389411242983,-2.292017578704372,-0.16354773858649616
5.055,14,0.07626535673984502,0.6424315125557145,0.045948990559576956,0.16437967697762995,0.7796112803483461,-0.6006018139859941,0.44228414997231186,-0.07190687390597757,0.21067011706009228,-2.3401915657071903,-0.14135145472813343
5.0600000000000005,14,0.0812653567398458,0.684549686522124,0.0429486666116269,0.1665616433695805,0.7792500725579052,-0.5995175820635559,0.4304619232773606,-0.07255748782591091,0.2228902652242202,-2.3887729978022687,-0.11884696531885164
5.065,14,0.0862653567398457,0.726667860488526,0.03995391328996317,0.1686838894382913,0.7788858941299347,-0.5983742156095976,0.41839562135884784,-0.07309491427655816,0.23432784788079736,-2.4378336111612158,-0.09608490634475567
5.07,14,0.0912653567398456,0.768786034454928,0.03696501658312932,0.1707451885189784,0.7785193140104171,-0.5971755686784672,0.40608266897002315,-0.07351799200006058,0.2450063743058142,-2.4874451419556687,-0.07311591379193862
5.075,14,0.09626535673984549,0.81090420842133,0.03398224350326362,0.17274430017392162,0.7781509063186748,-0.5959253777781321,0.3935201321832798,-0.07382581291848982,0.25494935377525896,-2.537679326357253,-0.04999062364649717
5.08,14,0.10126535673984538,0.8530223823877321,0.031005842673830462,0.17467996839906053,0.7777812490814696,-0.5946272618701806,0.38070471839015313,-0.074017722133848,0.2641802955651199,-2.5886079005375944,-0.026759671894528443
5.085,14,0.10626535673984527,0.8951405563541341,0.02803604491735226,0.1765509198305903,0.7774109229671038,-0.5932847223698204,0.3676327763013204,-0.07409331792806771,0.272722708951385,-2.640302600668321,-0.003473694522129227
5.09,14,0.11126535673984517,0.9372587303205361,0.02507306384314134,0.17835586195155723,0.7770405100195199,-0.5919011431458795,0.35430029594660056,-0.07405245176301206,0.2806001032100426,-2.692835162921058,0.019816672484603424
5.095,14,0.11626535673984506,0.9793769042869381,0.02211709643503179,0.1800934812984547,0.7766705923924017,-0.590479790520806,0.34070290867495434,-0.07389522828047462,0.28783598761708096,-2.746277323467433,0.04306079313957265
5.1000000000000005,15,0.002551758092657508,0.022249049267572773,0.01916832363932842,0.1817624416697717,0.7763017510835049,-0.5890238128449342,0.32683589098086285,-0.07362200484916642,0.29445453880657724,-2.8006948204501048,0.06620874157543036
5.105,15,0.007551758092657401,0.06584457921140299,0.016226911000776653,0.18336138276612649,0.7759345647200857,-0.5875362099684227,0.3126944388820572,-0.07323335908058475,0.3004945615318766,-2.8560219185424023,0.08922615733397112
5.11,15,0.012551758092657295,0.10944010915523322,0.01329300963150206,0.1848889218230693,0.7755696086986366,-0.5860197430385131,0.2982744786366878,-0.07272999284657035,0.3060090989186392,-2.9120649118856448,0.11209383064634376
5.115,15,0.017551758092657188,0.15303563909906345,0.010366757506673721,0.1863436581803564,0.7752074546722764,-0.5844769054006065,0.28357292827634994,-0.07211270131588667,0.31105178348340173,-2.9686247973397957,0.134793178899515
5.12,15,0.02255175809265708,0.19663116904289368,0.007448280805140163,0.1877241782554413,0.7748486700859977,-0.5829099222375216,0.26858770084833905,-0.07138237257036228,0.3156762477427012,-3.025502571764816,0.1573056194804516
5.125,15,0.027551758092656975,0.24022669898672389,0.004537695250242283,0.18902906051855325,0.7744938177121011,-0.5813207505694944,0.253317704415651,-0.07053998760489097,0.3199361242130743,-3.082499232020668,0.17961256977612025
5.13,15,0.03255175809265687,0.28382222893055414,0.0016351074506262345,0.19025688046777578,0.7741434551856305,-0.5797110792541782,0.23776284205698173,-0.06958662032743163,0.32388504541105784,-3.1394157749673153,0.20169544717348772
5.135,15,0.03755175809265676,0.32741775887438435,-0.0012593837589436017,0.19140621560412507,0.773798134539807,-0.5780823289866436,0.22192401186672728,-0.06852343755900835,0.3275766438531887,-3.196053197464719,0.2235356690595207
5.14,15,0.042551758092656655,0.37101328881821455,-0.004145685976771778,0.19247565040662856,0.7734584017414637,-0.5764356522993785,0.20580310695498402,-0.06735169903371041,0.3310645520560036,-3.2522124963728425,0.24511465282118589
5.1450000000000005,15,0.04755175809265744,0.4146088187620525,-0.00702371189341932,0.19346378130740358,0.7731247962264812,-0.574771933562288,0.18940301544754548,-0.06607275739869198,0.33440240253604,-3.307694668551657,0.26641381584545387
5.15,15,0.05255175809265733,0.4582043487058828,-0.0098933779508888,0.19436922166673518,0.7727978504352211,-0.573091788982695,0.17272762048591417,-0.0646880582141731,0.33764382780983343,-3.3623007108611054,0.2874145755192838
5.155,15,0.057551758092657224,0.501799878649713,-0.012754603001814468,0.1951906067481557,0.7724780893479617,-0.5713955666053392,0.15578180022728413,-0.06319913995343832,0.3408424603939215,-3.415831620161161,0.3080983492296461
5.16,15,0.06255175809265712,0.5453954085935432,-0.01560730696864731,0.1959265986935225,0.7721660300203317,-0.5696833463123778,0.13857142784455237,-0.061607634002837544,0.34405193280484087,-3.4680883933117843,0.3284465543635075
5.165,15,0.06755175809265701,0.5889909385373734,-0.01845140950284266,0.1965758914980967,0.7718621811187459,-0.5679549398233853,0.12110337152631616,-0.059915264661785865,0.34732587755912836,-3.518872027172939,0.34844060830783485
5.17,15,0.0725517580926569,0.6325864684812037,-0.02128682864404724,0.19713721598562164,0.771567042455839,-0.5662098906953534,0.10338549447687291,-0.05812384914276354,0.35071792717332084,-3.5679835186045876,0.3680619284495949
5.175,15,0.0775517580926568,0.6761819984250339,-0.024113479479286277,0.19760934478340142,0.7712811045259008,-0.5644474743226914,0.08542665491622026,-0.056235297571316,0.35428171416395504,-3.615223864466691,0.3872919321757542
5.18,15,0.08255175809265669,0.7197775283688641,-0.02693127280215061,0.19799109729737932,0.7710048480403107,-0.5626666979372256,0.06723670608005607,-0.05425161298605381,0.3580708710475678,-3.6603940616192134,0.40611203687327957
5.1850000000000005,15,0.08755175809265747,0.7633730583127021,-0.029740113771984232,0.19828134468721648,0.7707387434629723,-0.5608663006081996,0.048826496219774966,-0.05217489133865235,0.3621390303406967,-3.7032951069221234,0.42450365992914096
5.19,15,0.09255175809265737,0.8069685882565323,-0.03253990057306941,0.19847901484137012,0.7704832505457483,-0.5590447532422751,0.030207868602481786,-0.0500073214938533,0.36653982455987716,-3.7437279972353688,0.44244821873029866
5.195,15,0.09755175809265726,0.8505641182003625,-0.035330523073816754,0.19858309735217228,0.7702388178638949,-0.5572002585835301,0.011393661510971648,-0.04775118522946235,0.37132688622164667,-3.781493729418919,0.4599271306637225
5.2,15,0.10255175809265715,0.8941596481441928,-0.038111861485950305,0.1985926484909083,0.7700058823514967,-0.5553307512134602,-0.007602291756257048,-0.045408857236350776,0.3765538478425419,-3.816393300332736,0.47692181311637954
5.205,15,0.10755175809265705,0.937755178088023,-0.04088378502369513,0.1985067961828952,0.7697848688369012,-0.5534338975509786,-0.02676516288500529,-0.042982805118454995,0.38227434193909976,-3.848227706836784,0.49341368347523606
5.21,15,0.11255175809265694,0.9813507080318532,-0.04364615056296442,0.19832474498256025,0.7695761895781537,-0.5515070958524155,-0.046079128545374354,-0.04047558939277658,0.3885420010278572,-3.8767979457910235,0.5093841591272591
5.215,16,0.0028611004394054618,0.006351483524614467,-0.046398801301414376,0.19804578104519874,0.7693802437987555,-0.5495474777283255,-0.06552737619501922,-0.037889862923458174,0.39540833703330847,-3.901913127374243,0.5248154486573554
5.22,16,0.007861100439405355,0.017451204871576642,-0.04914156554919988,0.19766927659867692,0.769197417272187,-0.5475519870027268,-0.08509240579213766,-0.035228341499212945,0.40288935891851285,-3.9235181949852356,0.5397030068898905
5.2250000000000005,16,0.012861100439406137,0.028550926218540787,-0.051874256310311485,0.19719469139039314,0.7690280822013992,-0.5455175819780106,-0.10475680365468555,-0.03249372836780521,0.4109716774814152,-3.9416705684830173,0.5540532571746417
5.23,16,0.01786110043940603,0.03965064756550296,-0.054596671556524146,0.19662157148432335,0.7688725973567199,-0.5434412918587702,-0.12450345833616572,-0.029688693184187667,0.4196410175296124,-3.9564310574979418,0.567872953426487
5.235,16,0.022861100439405924,0.050750368912465135,-0.057308594584077124,0.1959495477415554,0.768731308244626,-0.5413202172255598,-0.1443155624382433,-0.02681587183373716,0.4288831038707053,-3.967860471660372,0.581168849560312
5.24,16,0.027861100439405817,0.06185009025942731,-0.06000979437055187,0.1951783343000485,0.7686045472765914,-0.5391515300348958,-0.16417661261073171,-0.023877866432256572,0.4386836613122932,-3.976019620600668,0.5939476994909996
5.245,16,0.03286110043940571,0.07294981160638948,-0.06270002593175233,0.1943077270543924,0.7684926339379353,-0.5369324736192568,-0.18407040955159618,-0.02087724532597438,0.44902841466197574,-3.9809693139491897,0.6062162571334327
5.25,16,0.037861100439405604,0.08404953295335166,-0.06537903067858478,0.19333760213556667,0.7683958749566692,-0.5346603626870833,-0.20398105800695374,-0.017816543091544658,0.4599030887273524,-3.9827703613362972,0.6179812764024942
5.255,16,0.0428611004394055,0.09514925430031383,-0.06804653677393752,0.19226791439069987,0.7683145644723456,-0.5323325833227779,-0.22389296677107323,-0.014698260536047053,0.47129340831602273,-3.98148357239235,0.6292495112130674
5.26,16,0.04786110043940539,0.106248975647276,-0.07070225948956083,0.1910986958628289,0.7682489842049053,-0.529946592986705,-0.24379084868637524,-0.011524864696986796,0.4831850982355861,-3.977169756747708,0.6400277154800349
5.265,16,0.052861100439405284,0.11734869699423818,-0.07334590156294671,0.18983005427065813,0.7681994036235257,-0.5274999205151912,-0.26365972064343224,-0.008298788842294708,0.49556388329364215,-3.969889724032731,0.6503226431182799
5.2700000000000005,16,0.057861100439406066,0.12844841834120233,-0.07597715355420917,0.18846217148831848,0.7681660801154684,-0.5249901661205247,-0.2834849035809719,-0.005022432470326616,0.5084154882977925,-3.9597042838777767,0.6601410480426868
5.275,16,0.06286110043940596,0.1395481396881645,-0.07859569420296214,0.18699530202512754,0.7681492591549272,-0.5224150013909569,-0.3032520224858633,-0.0016981613098656593,0.5217256380556323,-3.946674245913209,0.6694896841681354
5.28,16,0.06786110043940585,0.15064786103512667,-0.08120119078520216,0.1854297715053475,0.7681491744718757,-0.5197721692906997,-0.3229470063931377,0.0016716926798811468,0.5354800573747631,-3.930860419769386,0.6783753054095103
5.285,16,0.07286110043940575,0.16174758238208886,-0.08379329947018618,0.1837659751479452,0.7681660482209159,-0.5170594841599279,-0.3425560883859748,0.005084831309280648,0.5496644710627847,-3.9123236150766676,0.6868046656816945
5.29,16,0.07786110043940564,0.17284730372905102,-0.08637166567731203,0.18200437624635124,0.7682000911501251,-0.5142748317147778,-0.362065805595706,0.008538990158274095,0.564264603927296,-3.8911246414654133,0.6947845188995708
5.295,16,0.08286110043940553,0.1839470250760132,-0.08893592443299805,0.18014550464821916,0.7682515027699044,-0.5114161690473482,-0.3814629992018145,0.012031938576377169,0.5792661807758972,-3.8673243085659825,0.7023216189780223
5.3,16,0.08786110043940543,0.19504674642297537,-0.09148570072756304,0.17818995523518472,0.7683204715218265,-0.5084815246256995,-0.4007348144319353,0.015561479682679933,0.5946549264161873,-3.8409834260087368,0.7094227198319321
5.305,16,0.09286110043940532,0.20614646776993756,-0.09402060987210595,0.1761383864026251,0.7684071749474832,-0.5054689982938543,-0.41986870056185527,0.019125450365846904,0.6104165656557661,-3.8121628034240347,0.7160945753761829
5.3100000000000005,16,0.0978611004394061,0.2172461891169017,-0.09654025785538622,0.17399151853941786,0.768511779857334,-0.5023767612717965,-0.43885241091551636,0.02272172128411762,0.6265368233022358,-3.78092325044223,0.722343939525659
5.315,16,0.102861100439406,0.22834591046386388,-0.09904424170070181,0.17175013250770152,0.7686344424995531,-0.49920305615547406,-0.45767400286500226,0.026348196865304152,0.6430014241631902,-3.7473255766936946,0.7281775661952408
5.32,16,0.10786110043940589,0.23944563181082604,-0.1015321498227716,0.1694150681226327,0.7687753087288781,-0.49594619691679465,-0.4763218378305585,0.030002815306794852,0.6597960930462317,-3.7114305918087824,0.7336022092998127
5.325,16,0.11286110043940578,0.2505453531577882,-0.10400356238461352,0.16698722263214683,0.7689345141754571,-0.4926045689036291,-0.4947845812805792,0.033683548575551905,0.6769065547589596,-3.6732991054178536,0.7386246227542576
5.33,16,0.11786110043940567,0.2616450745047504,-0.1064580516544247,0.1644675491967169,0.7691121844136972,-0.4891766288398098,-0.5130512027316102,0.03738840240811186,0.6943185341089737,-3.632991927151268,0.7432515604734584
5.335,16,0.12286110043940557,0.2727447958517126,-0.10889518236246142,0.16185705536911288,0.769308435131112,-0.4856609048251313,-0.531110975748349,0.04111541631058573,0.7120177559038731,-3.590569866639385,0.7474897763722981
5.34,16,0.12786110043940546,0.28384451719867476,-0.11131451205791876,0.15915680157416084,0.7695233722971697,-0.48205599633535035,-0.5489534779436451,0.04486266355865891,0.7299899449512578,-3.5460937335125653,0.7513460243656597
5.345,16,0.13286110043940536,0.2949442385456369,-0.11371559146581049,0.1563678995885022,0.7697570923321406,-0.4783605742221854,-0.5665685909784997,0.04862825119759117,0.7482208260587269,-3.499624337401168,0.7548270583684261
5.3500000000000005,16,0.13786110043940614,0.3060439598926011,-0.11609796484384942,0.15349151102035247,0.7700096822759457,-0.4745733807133164,-0.5839465005620688,0.05241032004221748,0.7666961240338832,-3.451222487935545,0.7579396322954809
5.355,16,0.14286110043940603,0.3171436812395632,-0.11846117033932523,0.15052884578926268,0.7702812199570036,-0.4706932294123873,-0.6010776964516511,0.05620704467694511,0.78540156368432,-3.4009489947460723,0.7606905000617058
5.36,16,0.14786110043940592,0.3282434025865254,-0.1208047403459871,0.1474811606058752,0.7705717741610791,-0.4667190052990019,-0.6179529724527063,0.0600166334557578,0.8043228698176397,-3.348864667463101,0.7630864155819844
5.365,16,0.15286110043940582,0.3393431239334876,-0.12312820186092166,0.1443497574516855,0.7708814048001311,-0.46264966472872693,-0.6345634264188428,0.06383732850221303,0.823445767241442,-3.2950303157169922,0.7651341327711997
5.37,16,0.1578611004394057,0.3504428452804498,-0.12543107684143334,0.1411359820588004,0.7712101630811599,-0.45848423543309086,-0.6509004602518209,0.06766740570944267,0.8427559807633261,-3.2395067491381058,0.7668404055442348
5.375,16,0.1628611004394056,0.3615425666274119,-0.12771288256192403,0.13784122238969773,0.7715580916750553,-0.4542218165195844,-0.6669557799015524,0.07150517474015304,0.8622392351908919,-3.182354777356801,0.7682119878159723
5.38,16,0.1678611004394055,0.3726422879743741,-0.12997313197077306,0.13446690711698522,0.7719252248854449,-0.44986157847166003,-0.6827213953661013,0.07534897902662488,0.8818812553317383,-3.1236352100034375,0.7692556335012954
5.385,16,0.1728611004394054,0.3837420093213363,-0.13221133404721686,0.13101450410316,0.7723115888175415,-0.4454027631487324,-0.6981896206916834,0.07919719577071328,0.9016677659934655,-3.0634088567083753,0.7699780965150873
5.39,16,0.17786110043940528,0.3948417306682985,-0.1344269941582289,0.12748551888036777,0.772717201546991,-0.440844683786178,-0.7133530739726658,0.08304823594384786,0.921584491983673,-3.0017365271019743,0.7703861307722305
5.3950000000000005,16,0.18286110043940607,0.4059414520152626,-0.1366196144153998,0.12388149313016125,0.7731420732887206,-0.43618672499533484,-0.7282046773515701,0.08690054428703317,0.9416171581099628,-2.938679030814584,0.7704864901876082
5.4,16,0.18786110043940596,0.4170411733622248,-0.13878869403181557,0.12020400316326219,0.7735862065657864,-0.431428342763505,-0.7427376570190626,0.09075259931084631,0.9617514891799286,-2.874297177476585,0.7702859286761032
5.405,16,0.19286110043940585,0.4281408947091869,-0.14093372967893986,0.11645465839931665,0.7740495963782209,-0.4265690644539503,-0.7569455432139682,0.0946029132954407,0.9819732100011725,-2.8086517767183268,0.7697912001525988
5.41,16,0.19786110043940575,0.4392406160561491,-0.14305421584349215,0.11263509984665691,0.7745322303718821,-0.42160848880589535,-0.770822170223262,0.09845003229054358,1.0022680453812949,-2.7418036381701687,0.7690090585319777
5.415,16,0.20286110043940564,0.4503403374031113,-0.14514964518432788,0.10874699858205991,0.7750340890073,-0.4165462859345268,-0.7843616763820702,0.10229253611545658,1.0226217201278942,-2.673813571462473,0.767946257729123
5.42,16,0.20786110043940553,0.4614400587500735,-0.1472195088893184,0.10479205423050661,0.775555145728525,-0.4113821973309932,-0.7975585040736709,0.10612903835905574,1.0430199590485705,-2.6047423862255954,0.7666095516589173
5.425,16,0.21286110043940543,0.4725397800970356,-0.14926329703223062,0.10077199344494124,0.7760953671319764,-0.4061160358624052,-0.8104073997294943,0.10995818637979149,1.0634484869509235,-2.5346508920899,0.7650056942362441
5.43,16,0.21786110043940532,0.4836395014439978,-0.15128049892960704,0.09668856838603042,0.7766547131352888,-0.4007476857718354,-0.8229034138291219,0.11377866130568871,1.0838930286425523,-2.463599898685743,0.763141439375986
5.4350000000000005,16,0.2228611004394061,0.49473922279096194,-0.1532706034976457,0.09254355520192178,0.7772331371461618,-0.39527710267831745,-0.8350419009002897,0.11758917803434735,1.10433930893106,-2.391650215643474,0.7610235409930257
5.44,16,0.227861100439406,0.5058389441379242,-0.1552330996090786,0.08833875250800614,0.7778305862312062,-0.38970431357685,-0.8468185195188789,0.12138848523293981,1.1247730526240394,-2.318862652593477,0.7586587530022469
5.445,16,0.2328611004394059,0.5169386654848863,-0.1571674764500538,0.08407597986667228,0.7784470012847928,-0.3840294168383905,-0.8582292323089283,0.12517536533821477,1.145179984529093,-2.2452980191660994,0.7560538293185323
5.45,16,0.23786110043940578,0.5280383868318484,-0.15907322387701361,0.07975707626706921,0.7790823171979006,-0.3782525822098598,-0.8692703059426276,0.12894863455649486,1.1655458294538203,-2.1710171249917023,0.7532155238567648
5.455,16,0.24286110043940567,0.5391381081788107,-0.160949832773575,0.07538389860486444,0.7797364630269632,-0.37237405081414043,-0.8799383111403173,0.13270714286367702,1.1858563122058217,-2.0960807797006433,0.7501505905318272
5.46,16,0.24786110043940557,0.5502378295257728,-0.16279679540740905,0.07095832016200365,0.7804093621627185,-0.36639413515007707,-0.8902301226704896,0.1364497740052325,1.206097157592695,-2.0205497929232847,0.7468657832586028
5.465,16,0.25286110043940546,0.561337550872735,-0.16461360578712111,0.06648222908646947,0.7811009324990551,-0.36031321909247627,-0.9001429193497895,0.14017544549620717,1.2262540904220414,-1.9444849742899848,0.7433678559519742
5.47,16,0.25786110043940536,0.5724372722196972,-0.16639976001913048,0.061957526872040924,0.7818110866018612,-0.35413175789210677,-0.9096741840430133,0.14388310862122125,1.2463128355014599,-1.8679471334311029,0.7396635625268245
5.4750000000000005,16,0.26286110043940614,0.5835369935666613,-0.16815475666455038,0.05738612683805214,0.7825397318778717,-0.3478502781756981,-0.9188217036631098,0.14757174843446985,1.266259117638553,-1.790997079976986,0.7357596568980361
5.48,16,0.26786110043940603,0.5946367149136235,-0.16987809709606674,0.05276995260915421,0.7832867707435165,-0.34146937794594495,-0.9275835691711761,0.15124038375972082,1.286078661640913,-1.713695623558022,0.7316628929804933
5.485,16,0.2728611004394059,0.6057364362605857,-0.17156928585481993,0.0481109365950701,0.7840521007937684,-0.334989726581501,-0.9359581755764655,0.1548880671903182,1.3057571923161442,-1.6361035738045557,0.7273800246890783
5.49,16,0.2778611004394058,0.6168361576075478,-0.17322783100728292,0.043411018470356943,0.7848356149709907,-0.328412064836983,-0.9439442219363812,0.15851388508917977,1.3252804344718447,-1.5582817403469482,0.7229178059386742
5.495,16,0.2828611004394057,0.62793587895451,-0.17485324450214185,0.03867214365416444,0.7856372017337854,-0.3217372048429695,-0.9515407113564784,0.1621169575887979,1.344634112915615,-1.480290932815559,0.7182829906441636
5.5,16,0.2878611004394056,0.6390356003014722,-0.17644504252717563,0.03389626178999408,0.7864567452258406,-0.314966030106001,-0.9587469509904643,0.16569643859123923,1.363803952455054,-1.4021919608407456,0.7134823327204295
5.505,16,0.2928611004394055,0.6501353216484344,-0.1780027458661357,0.029085325225458647,0.7872941254447791,-0.3080994955085804,-0.9655625520401971,0.16925151576814482,1.3827756778977611,-1.3240456340528721,0.7085225860823555
5.51,16,0.2978611004394054,0.6612350429953966,-0.17952588025562607,0.024241287492040936,0.7881492184110054,-0.30113862730917224,-0.971987429755688,0.1727814105607302,1.4015350140513363,-1.2459127620822958,0.703410504644824
5.515,16,0.3028611004394053,0.6723347643423587,-0.18101397674198277,0.01936610178485365,0.7890218963365544,-0.29408452314220324,-0.9780218034350993,0.17628537817978532,1.420067685723379,-1.1678541545593766,0.6981528423227182
5.5200000000000005,16,0.30786110043940607,0.6834344856893229,-0.18246657203815433,0.01446171944239713,0.7899120277939387,-0.2869383520180608,-0.9836661964247461,0.17976270760567506,1.4383594177214916,-1.0899306211144622,0.6927563530309198
5.525,16,0.31286110043940596,0.694534207036285,-0.1838832088805802,0.009530088426322636,0.7908194778849964,-0.2797013543230979,-0.9889214361190919,0.18321272158833693,1.456395934853267,-1.0122029713779384,0.6872277906843142
5.53,16,0.31786110043940585,0.7056339283832472,-0.1852634363860724,0.004573151801185782,0.7917441084097397,-0.27237484181962623,-0.9937886539607564,0.18663477664728487,1.474162961926309,-0.9347320149801486,0.6815739091977827
5.535,16,0.32286110043940575,0.7167336497302094,-0.186606810408694,-0.00040715378578998207,0.7926857780352021,-0.26496019764592044,-0.9982692854405084,0.19002826307160622,1.4916462237482155,-0.8575785615514596,0.675801462486209
5.54,16,0.32786110043940564,0.7278333710771716,-0.18791289389663957,-0.00540889962495586,0.7936443424642864,-0.25745887631621694,-1.0023650700972697,0.19339260491996318,1.5088314451265872,-0.7808034207222269,0.6699172044644757
5.545,16,0.33286110043940553,0.7389330924241337,-0.18918125724911447,-0.010430166464477725,0.7946196546046127,-0.24987240372071476,-1.0060780515181138,0.1967272600205921,1.5257043508690231,-0.7044674021228079,0.6639278890474656
5.55,16,0.3378611004394054,0.7500328137710959,-0.19041147867321526,-0.01546904603057736,0.7956115647373663,-0.24220237712557435,-1.009410577338265,0.2000317199713037,1.5422506657831228,-0.6286313153835679,0.657840270150062
5.555,16,0.3428611004394053,0.7611325351180581,-0.19160314454080898,-0.020523642547773058,0.7966199206861454,-0.23445046517291837,-1.0123652992411,0.2033055101394834,1.5584561146764864,-0.5533559701348615,0.6516611016871477
5.5600000000000005,16,0.3478611004394061,0.7722322564650222,-0.19275584974541352,-0.02559207425912119,0.7976445679858093,-0.2266184078808303,-1.0149451729581485,0.20654818966209126,1.5743064223567151,-0.4787021760070398,0.6453971375736044
5.565,16,0.352861100439406,0.7833319778119844,-0.1938691980590765,-0.030672474946453476,0.7986853500513253,-0.21870801664335943,-1.0171534582690893,0.2097593514456603,1.5897873136314034,-0.40473074263048825,0.6390551317243179
5.57,16,0.3578611004394059,0.7944316991589466,-0.19494280248925613,-0.035762995450623225,0.7997421083466182,-0.21072117423051315,-1.018993719001756,0.21293862216629952,1.6048845133081533,-0.33150247963555235,0.6326418380541692
5.575,16,0.3628611004394058,0.8055314205059088,-0.19597628563570055,-0.04086180519174215,0.8008146825534167,-0.20265983478826213,-1.0204698230321316,0.21608566226969186,1.6195837461945644,-0.2590781966525907,0.6261640104780417
5.58,16,0.3678611004394057,0.8166311418528709,-0.19696928004732758,-0.04596709368942248,0.8019029107401023,-0.19452602383853906,-1.0215859422843523,0.21920016597109462,1.6338707370982366,-0.1875187033119663,0.6196284029108186
5.585,16,0.37286110043940557,0.8277308631998331,-0.1979214285791046,-0.051077072083017455,0.8030066295305563,-0.18632183827923865,-1.0223465527307058,0.22228186125533955,1.6477312108267694,-0.11688480924403395,0.6130417692673824
5.59,16,0.37786110043940546,0.8388305845467953,-0.19883238474892842,-0.05618997465186204,0.8041256742730083,-0.17804944638421757,-1.0227564343916309,0.22533050987683273,1.6611508921877611,-0.047237324079158864,0.6064108634626163
5.595,16,0.38286110043940536,0.8499303058937574,-0.19970181309450494,-0.06130406033551383,0.8052598792088839,-0.16971108780329475,-1.0228206713357195,0.22834590735955482,1.6741155059888126,0.02136294255229925,0.5997424394114035
5.6000000000000005,16,0.38786110043940614,0.8610300272407216,-0.20052938953022925,-0.0664176142539949,0.8064090776416526,-0.16130907356224888,-1.0225446516797145,0.23132788299706125,1.6866107770375254,0.08885518101999709,0.5930432510286253
5.605,16,0.39286110043940603,0.8721297485876838,-0.2013148017040649,-0.07152894922802816,0.8075731021056751,-0.15284578606282617,-1.02193406758851,0.23427629985248036,1.6986224301414938,0.15517858169354865,0.5863200522291669
5.61,16,0.3978611004394059,0.8832294699346459,-0.20205774935442436,-0.07663640729928461,0.8087517845350523,-0.1443236790827296,-1.0209949152751532,0.23719105475851646,1.7101361901083196,0.22027233494260298,0.579579596927911
5.615,16,0.4028611004394058,0.8943291912816081,-0.20275794466704847,-0.08173836125061973,0.8099449564324722,-0.13574527777562587,-1.0197334950008419,0.24007207831744784,1.721137781745603,0.28407563113680584,0.5728286390397395
5.62,16,0.4078611004394057,0.9054289126285703,-0.2034151126318863,-0.08683321612631517,0.8111524490380585,-0.12711317867114386,-1.018156411074927,0.24291933490112705,1.7316129298609435,0.3465276606457931,0.5660739324795361
5.625,16,0.4128611004394056,0.9165286339755324,-0.2040289913999749,-0.09191941075232024,0.8123740934982177,-0.11843004967487415,-1.01627057185491,0.24573282265098115,1.7415473592619397,0.4075676138392034,0.5593222311621836
5.63,16,0.4178611004394055,0.9276283553224947,-0.2045993326403193,-0.0969954192564918,0.8136097210344875,-0.10969863006836944,-1.0140831897464453,0.24851257347801167,1.7509267947561922,0.4671346810866836,0.5525802890025645
5.635,16,0.4228611004394054,0.9387280766694568,-0.20512590189677204,-0.10205975258883526,0.8148591631123846,-0.10092173050914455,-1.011601781203337,0.2512586530627943,1.7597369611512992,0.5251680527578685,0.5458548599155626
5.64,16,0.4278611004394053,0.949827798016419,-0.2056084789449133,-0.10711096004174558,0.8161222516102524,-0.09210223303067595,-1.0088341667275444,0.25397116085547966,1.767963583254862,0.5816069192224006,0.5391526978160603
5.6450000000000005,16,0.43286110043940607,0.9609275193633832,-0.20604685814893053,-0.11214763077024881,0.8173988189881095,-0.08324309104240117,-1.0057884708691747,0.25665023007579263,1.7755923858744795,0.6363904708499283,0.5324805566189394
5.65,16,0.43786110043940596,0.9720272407103453,-0.20644084881849806,-0.11716839531223927,0.8186886984564961,-0.07434732932972396,-1.00247312222649,0.2592960277130315,1.7826090938177495,0.6894578980100706,0.5258451902390855
5.655,16,0.44286110043940585,0.9831269620573074,-0.20679027556565735,-0.12217192710872549,0.8199917241453234,-0.06541804405400536,-0.9988968534459038,0.2619087545260703,1.7889994318922728,0.7407483910724825,0.5192533525913801
5.66,16,0.44786110043940575,0.9942266834042697,-0.20709497866169657,-0.12715694402406758,0.8213077312727209,-0.056458402752570254,-0.995068701221979,0.26448864504335684,1.7947491249056486,0.7902011404068028,0.5127117975907062
5.665,17,0.002399341652251863,0.008464224900767807,-0.20735481439388828,-0.132122209865715,0.8226365563138451,-0.047471644042725955,-0.9909980052471369,0.2670359674808723,1.7998443910995474,0.837757087355166,0.5062271423791699
5.67,17,0.007399341652251756,0.026102865260350747,-0.207569655383462,-0.1370665357663823,0.8239780371589422,-0.038461052330622664,-0.9866943184649329,0.2695510167317938,1.8042839470973702,0.8834015243170308,0.4998025397284961
5.675,17,0.01239934165225165,0.04374150561993369,-0.20773939061565244,-0.1419887805445142,0.8253320131916038,-0.029429877607062623,-0.9821671224619561,0.2720340921350535,1.8080796819092033,0.9271664864853685,0.493437491215619
5.68,17,0.017399341652251543,0.06138014597951663,-0.20786392517101146,-0.14688785000467117,0.8266983252842155,-0.02038130768457144,-0.9774257289498579,0.2744854897798578,1.8112441128967829,0.9690862387866226,0.4871313242474969
5.6850000000000005,17,0.022399341652252325,0.07901878633910271,-0.20794317991268652,-0.1517626960816613,0.8280768157812023,-0.011318467788864433,-0.9724792783156568,0.2769055023924484,1.8137897574218451,1.0091950461472439,0.4808833662310868
5.69,17,0.027399341652252218,0.09665742669868564,-0.20797709117348664,-0.15661231598391356,0.829467328482212,-0.0022444205588530684,-0.9673367396217418,0.2792944193361001,1.8157291328461267,1.0475271734936618,0.47469294457334926
5.695,17,0.03239934165225211,0.11429606705826859,-0.20796561044294842,-0.16143575133685995,0.8308697086253024,0.006837833953364714,-0.9620069106058667,0.28165252661112444,1.8170747565313636,1.0841168857523273,0.46855938668124125
5.7,17,0.037399341652252005,0.13193470741785154,-0.20790870405440187,-0.16623208732630868,0.8322838028701246,0.015925358282498008,-0.9564984176811544,0.2839801068548668,1.8178391458392926,1.1189984478496846,0.46248201996172095
5.705,17,0.0423993416522519,0.14957334777743447,-0.20780635287203644,-0.17100045184182205,0.8337094592811096,0.02501527755006463,-0.9508197159360949,0.28627743934170746,1.8180348181316495,1.1522061247121766,0.45646017182174664
5.71,17,0.04739934165225179,0.1672119881370174,-0.207658551977967,-0.1757400146200933,0.8351465273106526,0.03410477946439105,-0.9449790891345469,0.28854479998306165,1.8176742907701708,1.1837741812662481,0.45049316966827646
5.715,17,0.052399341652251685,0.18485062849660036,-0.20746531035929974,-0.18044998638832327,0.8365948577822987,0.04319111432061245,-0.9389846497157359,0.2907824613273792,1.8167700811165932,1.213736882438342,0.4445803409082686
5.72,17,0.05739934165225158,0.2024892688561833,-0.2072266505951982,-0.1851296180075974,0.8380543028739273,0.05227159500067265,-0.9328443387942562,0.2929906925601449,1.8153347065326528,1.2421284931549026,0.43872101294868127
5.7250000000000005,17,0.06239934165225236,0.22012790921576939,-0.20694260854394905,-0.18977819961626333,0.8395247161009387,0.06134359697332581,-0.9265659261600679,0.29516975950387864,1.8133806843800855,1.2689832783423782,0.4329145131964718
5.73,17,0.06739934165225225,0.23776654957535232,-0.20661323303002838,-0.19439505977330446,0.8410059522994373,0.0704045582941299,-0.9201570102785027,0.29731992461813384,1.8109205320206283,1.2943355029272028,0.4271601690586002
5.735,17,0.07239934165225215,0.2554051899349353,-0.20623858553116725,-0.19897956460172173,0.8424978676094187,0.07945197960545647,-0.9136250182902564,0.29944144699950004,1.8079667668160175,1.3182194318358251,0.4214573079420238
5.74,17,0.07739934165225204,0.2730438302945182,-0.20581873986541802,-0.20353111693190715,0.8440003194579536,0.08848342413648398,-0.9069772060113943,0.3015345823816011,1.8045319061279892,1.3406693299946888,0.41580525725370077
5.745,17,0.08239934165225193,0.29068247065410113,-0.20535378187822,-0.2080491554450215,0.8455131665423737,0.09749651770319982,-0.9002206579333488,0.3035995831350956,1.8006284673182795,1.3617194623302382,0.41020334440058925
5.75,17,0.08739934165225183,0.3083211110136841,-0.20484380912946562,-0.21253315381637117,0.8470362688134565,0.10648894870839985,-0.8933622872229203,0.30563669826767714,1.7962689677486252,1.3814040937689165,0.4046508967896475
5.755,17,0.09239934165225172,0.32595975137326705,-0.20428893058056627,-0.2169826198587849,0.8485694874586104,0.11545846814168868,-0.8864088357222772,0.3076461734240739,1.7914659247807623,1.3997574892371674,0.3991472418278336
5.76,17,0.09739934165225161,0.34359839173284995,-0.2036892662815183,-0.22139709466599067,0.85011268488506,0.12440288957947963,-0.8793668739489556,0.3096282508860489,1.7862318557764276,1.416813913661435,0.39369170692210603
5.765,17,0.10239934165225151,0.3612370320924329,-0.203044947057969,-0.22577615175599267,0.8516657247030316,0.1333200891849947,-0.872242801095859,0.31158316957239995,1.7805792780973568,1.4326076319681629,0.3882836194794227
5.7700000000000005,17,0.10739934165225229,0.378875672452019,-0.20235611419828237,-0.2301193962144487,0.853228471708938,0.14220800570826606,-0.8650428450312583,0.31351116503896004,1.7745207091052857,1.4471729090837975,0.38292230690674095
5.775,17,0.11239934165225218,0.39651431281160193,-0.20162291914060562,-0.2344264638380441,0.8548007918685634,0.15106464048612997,-0.8577730622987946,0.31541246947859586,1.7680686661619525,1.460544009934777,0.37760709661102093
5.78,17,0.11739934165225208,0.41415295317118483,-0.20084552315993442,-0.23869702027787304,0.8563825523002491,0.15988805744223597,-0.8504393381174744,0.31728731172121005,1.7612356666290923,1.4727551994475483,0.3723373159992199
5.785,17,0.12239934165225197,0.4317915935307678,-0.2000240970551792,-0.24293076018281254,0.8579736212580787,0.16867638308704086,-0.8430473863816724,0.3191359172337395,1.7540342278684415,1.483840742548555,0.3671122924782959
5.79,17,0.12739934165225186,0.44943023389035075,-0.19915882083623115,-0.24712740634289976,0.8595738681150631,0.17742780651780993,-0.8356027496611313,0.320958508120156,1.746476867241737,1.4938349041642407,0.3619313534552073
5.795,17,0.13239934165225176,0.4670688742499337,-0.19824988341102812,-0.251286708832709,0.8611831633463252,0.1861405794186173,-0.8281107992009618,0.3227553031214661,1.7385761021107144,1.5027719492210494,0.35679382633691226
5.8,17,0.13739934165225165,0.4847075146095166,-0.19729748227262053,-0.25540844415472863,0.862801378512286,0.1948130160603457,-0.8205767349216418,0.3245265176157113,1.7303444498371106,1.5106861426454246,0.351699038530369
5.805,17,0.14239934165225154,0.5023461549690996,-0.19630182318623737,-0.2594924143827378,0.8644283862418491,0.20344349330068673,-0.8130055854190178,0.32627236361796763,1.7217944277826616,1.5176117493638102,0.34664631744253555
5.8100000000000005,17,0.14739934165225232,0.5199847953286857,-0.19526311987635203,-0.26353844630518397,0.8660640602155862,0.2120304505841417,-0.805402207964302,0.3279930497803463,1.712938553309102,1.5235830343026506,0.3416349904803694
5.815,17,0.15239934165225222,0.5376234356882685,-0.19418159371374885,-0.2675463905685569,0.8677082751489217,0.22057238994201653,-0.7977712885040789,0.32968878139199254,1.7037893437781717,1.5286342623883884,0.3366643850508305
5.82,17,0.1573993416522521,0.5552620760478515,-0.19305747340258805,-0.27151612082077,0.8693609067753187,0.2290678759924303,-0.7901173416602962,0.3313597603790872,1.6943593165516053,1.5327996985474677,0.33173382856087613
5.825,17,0.162399341652252,0.5729007164074345,-0.19189099466747253,-0.27544753285453394,0.8710218318294638,0.2375155359403091,-0.7824447107302714,0.3330061853048455,1.6846609889911388,1.5361136077063322,0.3268426484174645
5.83,17,0.1673993416522519,0.5905393567670174,-0.1906823999405134,-0.27934054375073464,0.8726909280304521,0.24591405957738774,-0.7747575676866895,0.3346282513695176,1.6747068784585093,1.538610254791426,0.32199017202755387
5.835,17,0.1723993416522518,0.6081779971266004,-0.18943193804839617,-0.2831950910218095,0.8743680740649727,0.25426219928220983,-0.7670599131776031,0.3362261504103884,1.6645095023154526,1.5403239047291928,0.31717572679810224
5.84,17,0.17739934165225169,0.6258166374861833,-0.18813986389944656,-0.28701113175512505,0.8760531495704936,0.2625587700201274,-0.7593555765264327,0.3378000709017776,1.6540813779237051,1.5412888224460763,0.31239864013606805
5.845,17,0.18239934165225158,0.6434552778457663,-0.18680643817069656,-0.29078864175635294,0.8777460351184471,0.27080264934330156,-0.7516482157319666,0.3393501979550397,1.643435022645003,1.5415392728685202,0.3076582394484093
5.8500000000000005,17,0.18739934165225236,0.6610939182053523,-0.18543192699495004,-0.29452761469284805,0.8794466121974148,0.2789927773907032,-0.7439413174683598,0.34087671331856406,1.632582953841081,1.5411095209229684,0.30295385214208354
5.855,17,0.19239934165225225,0.6787325585649353,-0.18401660164784972,-0.2982280612370224,0.8811547631963126,0.2871281568881077,-0.7362381970851385,0.3423797953777745,1.621537688873679,1.540033831535864,0.2982848056240505
5.86,17,0.19739934165225215,0.6963711989245182,-0.18256073823494176,-0.3018900082097261,0.8828703713875763,0.2952078531481034,-0.7285419986071933,0.34385961915512997,1.610311745104532,1.5383464696336517,0.2936504273012676
5.865,17,0.20239934165225204,0.7140098392841011,-0.1810646173787425,-0.3055134977236214,0.8845933209103467,0.30323099407008597,-0.7208556947347835,0.34531635631012414,1.5989176398953753,1.536081700142775,0.28905004458069306
5.87,17,0.20739934165225193,0.7316484796436841,-0.17952852390580434,-0.3090985863265604,0.8863234967536545,0.31119677014025965,-0.7131820868435362,0.3467501751392854,1.587367890607946,1.5332737879896776,0.284482984869285
5.875,17,0.21239934165225183,0.749287120003267,-0.17795274653378168,-0.3126453441449616,0.8880607847396058,0.3191044344316375,-0.7055238049844467,0.34816124057617714,1.5756750146039806,1.529956998100803,0.2799485755740017
5.88,17,0.21739934165225172,0.76692576036285,-0.17633757755849672,-0.316153854027187,0.889805071506567,0.3269533026040412,-0.6978833078838774,0.3495497141913972,1.5638515292452146,1.5261655954025952,0.2754461441018013
5.885,17,0.22239934165225161,0.7845644007224329,-0.1746833125410056,-0.3196242106869187,0.8915562444923498,0.33474275290410094,-0.6902628829435593,0.3509157541925785,1.5519099518933854,1.5219338448214983,0.27097501785964206
5.89,17,0.2273993416522515,0.8022030410820158,-0.17299024999466434,-0.323056519846536,0.8933141919173972,0.34247222616525574,-0.6826646462405902,0.35225951542438855,1.5398627999102286,1.517296011283955,0.26653452425448215
5.8950000000000005,17,0.2323993416522523,0.819841681441602,-0.17125869107219427,-0.32645089738049277,0.895078802767968,0.3501412258077549,-0.6750905425274353,0.3535811493685301,1.5277225906574783,1.5122863597164093,0.2621239906932789
5.9,17,0.23739934165225218,0.8374803218011848,-0.1694889392527496,-0.3298074684586916,0.8968499667793214,0.3577493178386518,-0.6675423452319311,0.35488080414373974,1.5155018414968755,1.506939155045306,0.2577427445829922
5.905,17,0.24239934165225208,0.8551189621607678,-0.16768130002898113,-0.33312636668986473,0.8986275744189036,0.3652961308518131,-0.6600216564572777,0.3561586245057897,1.5032130697901545,1.5012886621970885,0.2533901133305795
5.91,17,0.24739934165225197,0.8727576025203507,-0.1658360805941037,-0.336407733264948,0.9004115168695321,0.37278135602791246,-0.6525299069820449,0.3574147518474869,1.4908687928990512,1.4953691460982002,0.2490654243429988
5.915,17,0.25239934165225186,0.8903962428799337,-0.16395358952896175,-0.33965171610045863,0.902201686012581,0.38020474713443225,-0.6450683562601697,0.3586493241986726,1.4784815281853019,1.489214871675085,0.2447680050272085
5.92,17,0.25739934165225176,0.9080348832395166,-0.16203413648909532,-0.34285846898187206,0.9039979744111661,0.38756612052566364,-0.6376380924209574,0.35986247622622347,1.4660637930106437,1.4828601038541869,0.24049718279016669
5.925,17,0.26239934165225165,0.9256735235990996,-0.1600780318918059,-0.3460281507069983,0.9058002752933305,0.39486535514270643,-0.6302400322690804,0.36105433923405045,1.4536281047368118,1.4763391075619492,0.23625228503883158
5.93,17,0.26739934165225154,0.9433121639586826,-0.1580855866032225,-0.3491609242293597,0.9076084825352289,0.402102392513469,-0.6228749212845797,0.3622250411630995,1.4411869807255437,1.4696861477248155,0.2320326391801614
5.9350000000000005,17,0.2723993416522523,0.9609508043182686,-0.15605711162536723,-0.35225695580156724,0.9094224906443139,0.40927723675267,-0.6155433336228622,0.3633747065913516,1.4287529383385726,1.4629354892692292,0.2278375726211136
5.94,17,0.2773993416522522,0.9785894446778515,-0.15399291778322266,-0.355316414118696,0.9112421947425198,0.4163899545618324,-0.6082456721147065,0.3645034567338218,1.4163384949376399,1.4561213971216358,0.22366641276864793
5.945,17,0.2823993416522521,0.9962280850374344,-0.15189331541179557,-0.35833946946166506,0.9130674905494492,0.4234406752292923,-0.6009821682662554,0.3656114094425606,1.4039561678844794,1.449278136208478,0.21951848702972174
5.95,18,0.003930780693502278,0.001190306892820578,-0.1497586140439724,-0.3613262928427548,0.9148982743655966,0.4304295896281805,-0.5937528849851594,0.3666986792562336,1.391617454884047,1.44243719731141,0.215393173265066
5.955,18,0.008930780693502172,0.002704391480124282,-0.14758912214133613,-0.3642770552680205,0.916734443057698,0.43735692852623836,-0.5865577755923161,0.3677653784733776,1.3793259735168597,1.4356086320312178,0.21129023925289395
5.96,18,0.013930780693502065,0.004218476067427986,-0.14538514699107447,-0.36719192745157503,0.9185758940522999,0.4442229279933112,-0.5793967779364937,0.36881161886407526,1.367081670127064,1.428792503763397,0.2072096344283539
5.965,18,0.01893078069350196,0.005732560654731689,-0.14314699470092673,-0.3700710797966092,0.9204225253341785,0.4510278237338414,-0.5722698298137248,0.3698375119503914,1.3548844705368868,1.4219888200701727,0.20315130924204147
5.97,18,0.023930780693501852,0.007246645242035393,-0.1408749702010372,-0.3729146823951997,0.9222742354451008,0.4577718510813828,-0.5651768689822309,0.37084316900664366,1.3427343005685555,1.4151975885137695,0.1991152141445523
5.9750000000000005,18,0.028930780693502633,0.008760729829339366,-0.1385693772458092,-0.3757229050281201,0.9241309234825864,0.4644552449986013,-0.558117833162421,0.3718287010594028,1.3306310860442954,1.4084188166564118,0.19510129958648156
5.98,18,0.03393078069350253,0.01027481441664307,-0.1362305184157612,-0.3784959171646502,0.9259924890986677,0.4710782400772705,-0.551092660036897,0.3727942188874919,1.3185747527863378,1.401652512060326,0.19110951601842624
5.985,18,0.03893078069350242,0.011788899003946774,-0.13385869511937876,-0.38123388796238955,0.9278588324986524,0.47764107053827864,-0.5441012872504456,0.37373983302198804,1.306565226616908,1.394898682287736,0.1871398138909814
5.99,18,0.043930780693502314,0.013302983591250477,-0.13145420759497067,-0.38393698626706674,0.9297298544398841,0.4841439702316239,-0.5371436524100437,0.3746656537462204,1.2946024333582329,1.3881573349008671,0.18319214365474273
5.995,18,0.04893078069350221,0.014817068178554181,-0.12901735491252295,-0.38660538061235067,0.9316054562305038,0.4905871726364157,-0.5302196930848573,0.37557179109577177,1.2826862988325403,1.3814284774619436,0.1792664557603059
6.0,18,0.0539307806935021,0.016331152765857886,-0.12654843497555324,-0.3892392392196615,0.9334855397282108,0.4969709108608744,-0.523329346806241,0.37645835485847745,1.2708167488620572,1.374712117533191,0.17536270065826667
6.005,18,0.058930780693501994,0.017845237353161587,-0.12404774452296537,-0.3918387299979819,0.9353700073390243,0.5032954176423318,-0.5164725510677384,0.377325454574426,1.2589937092690109,1.3680082626768333,0.17148082879922072
6.01,18,0.06393078069350189,0.01935932194046529,-0.12151557913090369,-0.39440402054366736,0.9372587620160447,0.5095609253472303,-0.5096492433250819,0.3781731995359589,1.2472171058756283,1.361316920455096,0.1676207906337638
6.015000000000001,18,0.06893078069350267,0.020873406527769266,-0.11895223321460711,-0.3969352781402581,0.939151707258215,0.5157676659711252,-0.5028593609961918,0.37900169878767076,1.235486864504135,1.3546380984302024,0.16378253661249084
6.0200000000000005,18,0.07393078069350256,0.022387491115072967,-0.11635800003026539,-0.3994326697582882,0.9410487471090805,0.5219158711386794,-0.4961028414611805,0.3798110611264086,1.2238029109767623,1.34797180416438,0.15996601718599898
6.025,18,0.07893078069350246,0.023901575702376672,-0.11373317167687076,-0.4018963620550989,0.9429497861555529,0.52800577210367,-0.4893796220623461,0.380601395101273,1.2121651711157353,1.3413180452198523,0.1561711828048833
6.03,18,0.08393078069350235,0.025415660289680377,-0.11107803909807432,-0.4043265213746481,0.9448547295266694,0.5340375997489841,-0.4826896401041765,0.3813728090136173,1.2005735707432814,1.3346768291588444,0.15239798391973938
6.035,18,0.08893078069350224,0.02692974487698408,-0.10839289208403989,-0.4067233137473215,0.9467634828923546,0.5400115845866205,-0.47603283285334835,0.382125410917048,1.1890280356816278,1.328048163543581,0.14864637098116298
6.04,18,0.09393078069350214,0.028443829464287782,-0.10567801927329858,-0.40908690488974386,0.9486759524621817,0.5459279567576886,-0.46940913753872765,0.3828593086174242,1.1775284917530018,1.321432055936287,0.14491629443974982
6.045,18,0.09893078069350203,0.029957914051591487,-0.1029337081546031,-0.4114174602045896,0.9505920449841343,0.551786946032409,-0.46281849135136877,0.3835746096728584,1.1660748647796306,1.314828513899187,0.1412077047460956
6.05,18,0.10393078069350192,0.03147199863889519,-0.10016024506878236,-0.41371514478039373,0.9525116677433664,0.5575887818101137,-0.45626083144451535,0.38427142139371573,1.1546670805837413,1.3082375449945063,0.13752055235079605
6.055,18,0.10893078069350182,0.03298608322619889,-0.09735791521059578,-0.4159801233913633,0.9544347285609651,0.5633336931192457,-0.44973609493359956,0.3849498508426145,1.1433050649875616,1.3016591567844693,0.13385478770444684
6.0600000000000005,18,0.1139307806935026,0.03450016781350287,-0.09452700263058728,-0.4182125604971881,0.9563611357927114,0.5690219086173599,-0.4432442188962416,0.3856100048344262,1.131988743813316,1.2950933568313001,0.13021036125764304
6.065,18,0.11893078069350249,0.03601425240080657,-0.09166779023694177,-0.4204126202428504,0.9582907983278401,0.5746536565911199,-0.43678514037225386,0.38625198993627463,1.1207180428832366,1.2885401526972258,0.12658722346098164
6.07,18,0.12393078069350238,0.03752833698811028,-0.08878055979733655,-0.4225804664584383,0.9602236255878036,0.5802291649563028,-0.43035879636363406,0.3868759124675372,1.109492888019548,1.2819995519444698,0.1229853247650577
6.075,18,0.12893078069350228,0.03904242157541398,-0.08586559194079775,-0.4247162626589547,0.962159527525031,0.5857486612577962,-0.42396512383457025,0.38748187849984406,1.098313205044478,1.2754715621352573,0.11940461562046699
6.08,18,0.13393078069350217,0.040556506162717686,-0.08292316615955427,-0.4268201720441292,0.9640984146216905,0.5912123726695987,-0.4176040597114389,0.3880699938570784,1.0871789197802535,1.268956190831813,0.11584504647780514
6.085,18,0.13893078069350207,0.04207059075002138,-0.07995356081089225,-0.42889235749822857,0.9660401978884505,0.5966205259948203,-0.4112755408828057,0.3886403641153763,1.076089958049102,1.2624534455963619,0.1123065677876679
6.09,18,0.14393078069350196,0.04358467533732509,-0.07695705311900952,-0.430932981589868,0.9679847888632405,0.6019733476656817,-0.4049795041994252,0.38919309460312695,1.0650462456732501,1.2559633339911285,0.10878913000065096
6.095,18,0.14893078069350185,0.04509875992462879,-0.07393391917687,-0.4329422065718218,0.9699320996100123,0.607271063743515,-0.3987158864742406,0.38972829040097234,1.0540477084749262,1.249485863578338,0.10529268356735001
6.1000000000000005,18,0.15393078069350263,0.04661284451193277,-0.07088443394805766,-0.43492019438083496,0.9718820427175024,0.6125138999187646,-0.39248462448238314,0.3902460563418077,1.0430942722763548,1.243021041920214,0.10181717893836013
6.105,18,0.15893078069350253,0.04812692909923647,-0.06780887126863305,-0.43686710663743245,0.9738345312979912,0.6177020815109826,-0.38628565496117606,0.3907464970107808,1.0321858628997669,1.2365688765789837,0.09836256656427832
6.11,18,0.16393078069350242,0.04964101368654018,-0.06470750384898463,-0.43878310464573234,0.9757894789860665,0.6228358334688358,-0.38011891461012837,0.39122971674529294,1.0213224061673882,1.2301293751168707,0.09492879689569965
6.115,18,0.1689307806935023,0.051155098273843874,-0.06158060327568522,-0.4406683493932555,0.9777467999373832,0.6279153803701004,-0.3739843400909388,0.391695819634998,1.0105038279014462,1.2237025450961,0.0915158203832198
6.12,18,0.1739307806935022,0.05266918286114758,-0.05842844001334599,-0.44252300155073665,0.9797064088274253,0.6329409464216643,-0.36788186802749506,0.3921449095218029,0.9997300539241677,1.2172883940788966,0.0881235874774345
6.125,18,0.1789307806935021,0.05418326744845128,-0.05525128340647095,-0.4443472214719355,0.9816682208502671,0.6379127554595267,-0.3618114350058738,0.3925770899998678,0.9890010100577801,1.210886929627485,0.08475204862893942
6.13,18,0.183930780693502,0.05569735203575499,-0.05204940168131125,-0.4461411691934476,0.9836321517173339,0.6428310309487971,-0.35577297757434045,0.3929924644156055,0.9783166221245106,1.2044981593040902,0.08140115428833032
6.135,18,0.1889307806935019,0.05721143662305869,-0.04882306194771979,-0.4479050044345152,0.985598117656164,0.6476959959836971,-0.34976643224334936,0.3933911358676819,0.9676768159465866,1.1981220906709371,0.07807085490620287
6.140000000000001,18,0.19393078069350267,0.05872552121036267,-0.04557253020100496,-0.4496388865968387,0.9875660354091701,0.6525078732875595,-0.34379173548554287,0.393773207207016,0.9570815173462336,1.1917587312902496,0.07476110093315219
6.1450000000000005,18,0.19893078069350256,0.06023960579766637,-0.04229807132378746,-0.45134297476438634,0.9895358222323989,0.6572668852128265,-0.33784882373575487,0.39413878103677963,0.9465306521456821,1.1854080887242544,0.0714718428197752
6.15,18,0.20393078069350246,0.06175369038497007,-0.0389999490878513,-0.4530174277032067,0.9915073958942947,0.661973253741053,-0.33193763339100574,0.3944879597123975,0.9360241461671579,1.1790701705351754,0.06820303101666696
6.155,18,0.20893078069350235,0.06326777497227377,-0.03567842615600045,-0.45466240386123885,0.9934806746744591,0.6666272004829049,-0.3260581008105049,0.39482084534154765,0.9255619252328882,1.1727449842852375,0.06495461597442322
6.16,18,0.21393078069350224,0.06478185955957748,-0.03233376408391278,-0.4562780613681232,0.995455577362413,0.6712289466781591,-0.32021016231565136,0.39513753978416083,0.9151439151651002,1.1664325375366658,0.06172654814363967
6.165,18,0.21893078069350214,0.06629594414688118,-0.02896622332199457,-0.45786455803501275,0.9974320232563572,0.6757787131957036,-0.31439375419003246,0.3954381446524208,0.9047700417860209,1.1601328378516849,0.05851877797491204
6.17,18,0.22393078069350203,0.06781002873418489,-0.025576063217234796,-0.4594220513543839,0.9994099321619343,0.6802767205335374,-0.30860881267942497,0.3957227613107644,0.8944402309178782,1.1538458927925195,0.05533125591883598
6.175,18,0.22893078069350192,0.06932411332148859,-0.02216354201505974,-0.4609506984998473,1.0013892243909899,0.6847231888187707,-0.30285527399179407,0.39599149087588126,0.8841544083828987,1.1475717099213947,0.05216393242600726
6.18,18,0.23393078069350182,0.0708381979087923,-0.018728916861187245,-0.46245065632595905,1.003369820760333,0.6891183378076252,-0.29713307429729413,0.3962444342167142,0.8739125000033102,1.1413102968005353,0.04901675794702155
6.1850000000000005,18,0.2389307806935026,0.07235228249609627,-0.015272443803480834,-0.4639220813680317,1.0053516425904991,0.6934623868854337,-0.29144214972826715,0.3964816919544589,0.8637144316013378,1.1350616609921653,0.045889682932474016
6.19,18,0.2439307806935025,0.07386636708339997,-0.01179437779380621,-0.4653651298419441,1.0073346117045088,0.6977555550666388,-0.2857824363792472,0.39670336446256405,0.8535601289992122,1.1288258100585113,0.042782657832961486
6.195,18,0.24893078069350238,0.07538045167070367,-0.008294972689882385,-0.4667799576439541,1.0093186504266318,0.7019980609947959,-0.2801538703069541,0.3969095518667312,0.8434495180191591,1.1226027515617973,0.03969563309907908
6.2,18,0.2539307806935023,0.07689453625800738,-0.004774481257138419,-0.4681667203505084,1.0113036815811465,0.7061901229425707,-0.27455638753029754,0.39710035404491517,0.8333825244834062,1.1163924930642481,0.03662855918142253
6.205,18,0.25893078069350217,0.07840862084531108,-0.0012331551705672406,-0.46952557321805366,1.0132896284911017,0.7103319588117406,-0.26898992403037625,0.39727587062732345,0.82335907421418,1.1101950421280888,0.033581386530587544
6.21,18,0.26393078069350207,0.07992270543261479,0.0023287549834199173,-0.4708566711828476,1.0152764149770779,0.7144237861331936,-0.2634544157504775,0.39743620099641674,0.8133790930337081,1.104010406315544,0.030554065597169812
6.215,18,0.26893078069350196,0.08143679001991849,0.005910999705138975,-0.47216016886076967,1.0172639653559485,0.7184658220669292,-0.25794979859607786,0.3975814442869085,0.8034425067642178,1.0978385931888384,0.02754654683176504
6.22,18,0.27393078069350185,0.0829508746072222,0.009513330579778628,-0.47343622054713236,1.0192522044396413,0.7224582834020576,-0.2524760084348426,0.3977116993857654,0.7935492412279362,1.0916796103101973,0.024558780684968928
6.2250000000000005,18,0.27893078069350263,0.08446495919452617,0.013135500275546663,-0.4746849802164921,1.0212410575338995,0.7264013865568014,-0.24703298109662475,0.3978270649322069,0.7836992222470891,1.0855334652418442,0.02159071760737672
6.23,18,0.2839307806935025,0.08597904378182987,0.016777262541812638,-0.4759066015224593,1.0232304504370426,0.7302953475784919,-0.24162065237346927,0.3979276393177055,0.7738923756439069,1.0794001655460062,0.018642308049585058
6.235,18,0.2889307806935024,0.08749312836913357,0.020438372207257666,-0.47710123779751096,1.0252203094387282,0.7341403821435736,-0.23623895801960704,0.3980135206859867,0.7641286272406153,1.073279718784907,0.015713502462189263
6.24,18,0.2939307806935023,0.08900721295643728,0.0241185851780171,-0.4782690420528003,1.027210561318714,0.7379367055576013,-0.23088783375145883,0.39808480693302906,0.7544079028594414,1.0671721325207715,0.012804251295784911
6.245,18,0.2989307806935022,0.09052129754374098,0.027817658435826814,-0.4794101669779681,1.0292011333456172,0.7416845327552416,-0.22556721524763423,0.39814159570706387,0.7447301283226127,1.0610774143158248,0.009914505000967782
6.25,18,0.3039307806935021,0.09203538213104469,0.031535350036168946,-0.48052476494095386,1.0311919532756775,0.7453840783002716,-0.22027703814893168,0.3981839844085757,0.7350952294523564,1.0549955717322912,0.00704421402833361
6.255,18,0.308930780693502,0.09354946671834839,0.03527141910641712,-0.48161298798780633,1.033182949351517,0.7490355563855797,-0.21501723805833875,0.39821207019030186,0.7255031320708996,1.0489266123323961,0.0041933288284780115
6.26,18,0.3139307806935019,0.0950635513056521,0.03902562584398231,-0.4826749878424948,1.0351740503009028,0.7526391808331655,-0.20978775054103155,0.39822594995723276,0.7159537620004695,1.042870543678364,0.0013617998519967634
6.265000000000001,18,0.31893078069350267,0.09657763589295607,0.04279773151445887,-0.48371091590672,1.0371651853355075,0.7561951650941403,-0.2045885111243743,0.3982257203666118,0.706447045063292,1.0368273733324191,-0.0014504224505149674
6.2700000000000005,18,0.32393078069350256,0.09809172048025977,0.046587498449767506,-0.48472092325972443,1.0391562841496695,0.7597037222487247,-0.1994194552979228,0.39821147782793526,0.6969829070815974,1.030797108856788,-0.004243387628460466
6.275,18,0.32893078069350246,0.09960580506756347,0.050394690046304785,-0.48570516065810454,1.0411472769191568,0.7631650650062523,-0.19428051851341904,0.3981833185029524,0.6875612738776116,1.0247797578136946,-0.007017145231244486
6.28,18,0.33393078069350235,0.10111988965486718,0.05421907076308613,-0.4866637785356205,1.0431380942999255,0.7665794057051671,-0.18917163618479482,0.39814133830566567,0.6781820712735616,1.0187753277653637,-0.00977174480827137
6.285,18,0.33893078069350224,0.10263397424217088,0.0580604061198918,-0.48759692700300783,1.0451286674268836,0.7699469563130247,-0.1840927436881707,0.3980856329023303,0.6688452250916745,1.0127838262740205,-0.012507235908945384
6.29,18,0.34393078069350214,0.10414805882947459,0.06191846269541282,-0.48850475584778813,1.04711892791265,0.7732679284264912,-0.17904377636185612,0.39801629771145447,0.6595506611541782,1.0068052609018896,-0.01522366808267083
6.295,18,0.34893078069350203,0.10566214341677829,0.06579300812539615,-0.48938741453407986,1.0491088078463173,0.7765425332713441,-0.17402466950634957,0.39793342790379954,0.6502983052832993,1.0008396392111958,-0.01792109087885201
6.3,18,0.3539307806935019,0.107176228004082,0.0696838111007905,-0.4902450522024095,1.051098239792212,0.779770981702472,-0.16903535838433825,0.39783711840237956,0.6410880833012654,0.9948869687641637,-0.020599553846893232
6.305,18,0.3589307806935018,0.1086903125913857,0.07359064136589177,-0.4910778176695226,1.0530871567886573,0.782953484203875,-0.16407577822069835,0.39772746388246183,0.6319199210303035,0.9889472571230189,-0.023259106536198712
6.3100000000000005,18,0.3639307806935026,0.11020439717868967,0.07751326971648936,-0.4918858594281944,1.0550754923467325,0.7860902508886642,-0.1591458642024939,0.3976045587715664,0.6227937442926397,0.9830205118499847,-0.02589979849617325
6.315,18,0.3689307806935025,0.11171848176599337,0.08145146799800887,-0.49266932564704086,1.057063180449035,0.7891814914990612,-0.15424555147898059,0.3974684972494666,0.6137094789105039,0.9771067405072881,-0.028521679276220253
6.32,18,0.3739307806935024,0.11323256635329708,0.08540500910366197,-0.49342836417032987,1.0590501555484422,0.792227415406399,-0.1493747751616003,0.39731937324818845,0.604667050706122,0.9712059506571528,-0.031124798425744508
6.325,18,0.3789307806935023,0.11474665094060078,0.08937366697258897,-0.4941631225177919,1.0610363525668722,0.7952282316111221,-0.14453347032398464,0.397157280452011,0.5956663855017216,0.9653181498618039,-0.0337092054941502
6.33,18,0.38393078069350217,0.11626073552790449,0.09335721658800519,-0.49487374788443106,1.0630217068940453,0.7981841487427863,-0.13972157200195406,0.39698231229746644,0.5867074091195292,0.9594433456834663,-0.036274950030841635
6.335,18,0.38893078069350207,0.11777482011520819,0.0973554339753466,-0.4955603871403361,1.0650061543862446,0.8010953750600579,-0.1349390151935181,0.3967945619733398,0.5777900473817728,0.9535815456843646,-0.03882208158522319
6.34,18,0.39393078069350196,0.1192889047025119,0.10136809620041523,-0.4962231868304913,1.0669896313650782,0.803962118450715,-0.13018573485887486,0.3965941224206691,0.5689142261106794,0.9477327574267239,-0.0413506497066991
6.345,18,0.39893078069350185,0.1208029892898156,0.10539498136752465,-0.4968622931745873,1.0689720746162397,0.8067845864316462,-0.1254616659204116,0.39638108633274527,0.560079871128476,0.9418969884727688,-0.04386070394467362
6.3500000000000005,18,0.40393078069350263,0.12231707387711957,0.10943586861764656,-0.4974778520668322,1.07095342138827,0.8095629861488519,-0.12076674326270337,0.3961555461551125,0.5512869082573887,0.9360742463847236,-0.046352293848551586
6.355,18,0.4089307806935025,0.12383115846442327,0.11349053812655333,-0.4980700090757624,1.0729336093913182,0.8122975243774426,-0.11610090173251687,0.3959175940855676,0.5425352633196477,0.9302645387248145,-0.048825468967736325
6.36,18,0.4139307806935024,0.12534524305172698,0.1175587711029675,-0.4986389094440536,1.0749125767959031,0.814988407521641,-0.1114640761388049,0.3956673220741606,0.5338248621374784,0.9244678730552659,-0.051280278851632624
6.365,18,0.4189307806935023,0.12685932763903068,0.12164034978670504,-0.4991846980883318,1.0768902622316743,0.8176358416147804,-0.10685620125271009,0.3954048218231944,0.5251556305331087,0.9186842569383026,-0.053716773049644714
6.37,18,0.4239307806935022,0.1283734122263344,0.12573505744682137,-0.4997075195989843,1.0788666047861737,0.8202400323193054,-0.102277211807564,0.395130184787225,0.5165274943287652,0.9129136979361493,-0.056135001111176974
6.375,18,0.4289307806935021,0.1298874968136381,0.1298426783797568,-0.5002075182399703,1.0808415440035966,0.8228011849267718,-0.09772704249888713,0.39484350217306113,0.5079403793466755,0.9071562036110309,-0.05853501258563362
6.38,18,0.433930780693502,0.1314015814009418,0.1339629979074822,-0.5006848379486323,1.0828150198835527,0.8253195043578463,-0.09320562798438842,0.39454486493976476,0.499394211409067,0.9014117815251722,-0.060916857022419016
6.385,18,0.4389307806935019,0.1329156659882455,0.13809580237564464,-0.5011396223355065,1.084786972879828,0.8277951951623067,-0.08871290288396647,0.39423436379865073,0.4908889163381666,0.8956804392407981,-0.06328058397093742
6.390000000000001,18,0.44393078069350267,0.13442975057554946,0.1422408791517135,-0.5015720146841343,1.0867573438991462,0.830228461519043,-0.0842488017797071,0.3939120892132868,0.48242441995620056,0.8899621843201326,-0.06562624298059344
6.3950000000000005,18,0.44893078069350256,0.13594383516285316,0.14639801662312332,-0.5019821579508731,1.0887260742999276,0.8326195072360544,-0.07981325921588786,0.3935781313994939,0.47400064808539843,0.8842570243254024,-0.0679538836007907
6.4,18,0.45393078069350246,0.13745791975015687,0.15056700419542343,-0.5023701947647068,1.0906931058910543,0.8349685357504526,-0.07540620969897298,0.39323258032534564,0.46561752654798644,0.8785649668188314,-0.07026355538093385
6.405,18,0.45893078069350235,0.13897200433746057,0.15474763229042096,-0.5027362674270575,1.092658380930628,0.8372757501284601,-0.07102758769761577,0.39287552571116896,0.4572749811661917,0.8728860193626445,-0.07255530787042722
6.41,18,0.46393078069350224,0.14048608892476427,0.15893969234432667,-0.5030805179115957,1.0946218421247338,0.8395413530654108,-0.06667732764265909,0.39250705702954347,0.44897293776224156,0.8672201895190665,-0.07482919061867498
6.415,18,0.46893078069350214,0.14200017351206798,0.16314297680590115,-0.5034030878640519,1.0965834326261994,0.8417655468857492,-0.062355363927133894,0.39212726350530197,0.4407113221583633,0.8615674848503222,-0.07708525317508155
6.42,18,0.47393078069350203,0.14351425809937168,0.16735727913459955,-0.5037041186020269,1.098543096033358,0.8439485335430315,-0.058061630906260965,0.39173623411553005,0.43249006017678404,0.8559279129186366,-0.07932354508905115
6.425,18,0.4789307806935019,0.1450283426866754,0.17158239379871784,-0.5039837511148033,1.1005007763888082,0.8460905146199245,-0.05379606289744894,0.3913340575895665,0.4243090776397312,0.8503014812862345,-0.08154411590998813
6.43,18,0.4839307806935018,0.1465424272739791,0.17581811627353824,-0.5042421260631562,1.1024564181781762,0.8481916913282065,-0.0495585941802961,0.3909208224090029,0.41616830036943164,0.8446881975153407,-0.08374701518729673
6.4350000000000005,18,0.4889307806935026,0.14805651186128307,0.18006424303947496,-0.5044793837791641,1.1044099663288776,0.8502522645087673,-0.04534915899658878,0.3904966168076839,0.40806765418811164,0.8390880691681791,-0.08593229247038174
6.44,18,0.4939307806935025,0.14957059644858678,0.1843205715802175,-0.50469566426602,1.106361366208876,0.8522724346316066,-0.04116769155030384,0.3900615287717071,0.40000706491800136,0.8335011038069767,-0.08809999730864655
6.445,18,0.4989307806935024,0.15108468103589048,0.1885869003808804,-0.5048911071978419,1.108310563625448,0.8542524017958365,-0.037014126007605536,0.3896156460394231,0.39198645838132623,0.8279273089939571,-0.09025017925149587
6.45,18,0.5039307806935023,0.1525987656231942,0.19286302892614568,-0.5050658519194846,1.1102575048239411,0.8561923657296793,-0.03288839649684707,0.3891590561014355,0.3840057604003137,0.8223666922913455,-0.092382887848334
6.455,18,0.5089307806935022,0.1541128502104979,0.1971487576984092,-0.50522003744635,1.1122021364865378,0.8580925257904694,-0.028790437108571217,0.38869184620060077,0.37606489679719124,0.8168192612613663,-0.09449817264856519
6.46,18,0.5139307806935021,0.1556269347978016,0.20144388817592643,-0.5053538024641979,1.1141444057310146,0.8599530809646513,-0.024720181895508845,0.3882141033320285,0.3681637933941857,0.8112850234662449,-0.09659608320159387
6.465,18,0.518930780693502,0.1571410193851053,0.2057482228309578,-0.5054672853289573,1.1160842601095045,0.8617742298677817,-0.020677564872580458,0.38772591424308117,0.36030237601352466,0.8057639864682056,-0.09867666905682415
6.47,18,0.5239307806935019,0.158655103972409,0.21006156512791405,-0.5055606240665378,1.1180216476072578,0.8635561707445275,-0.016662520016894854,0.38722736543337427,0.35248057047743514,0.8002561578294736,-0.10073997976366053
6.4750000000000005,18,0.5289307806935026,0.16016918855971296,0.21438371952150317,-0.5056339563726393,1.119956516641404,0.8652991014686676,-0.012674981267749389,0.38671854315477616,0.34469830260814344,0.7947615451122728,-0.10278606487150742
6.48,18,0.5339307806935025,0.16168327314701667,0.21871449145487235,-0.5056874196125641,1.1218888160597116,0.8670032195430908,-0.008714882526632002,0.3861995334114085,0.33695549822787896,0.7892801558788298,-0.10481497392976863
6.485,18,0.5389307806935024,0.16319735773432037,0.2230536873577583,-0.5057211508210272,1.1238184951393513,0.8686687220997984,-0.004782157657217781,0.38567042195964546,0.3292520831588678,0.7838119976913688,-0.10682675648784863
6.49,18,0.5439307806935023,0.16471144232162407,0.22740111464462973,-0.5057352867019678,1.1257455035856556,0.8702958058999019,-0.0008767404853715164,0.38513129430811466,0.32158798322333754,0.778357078112114,-0.10882146209515191
6.495,18,0.5489307806935022,0.16622552690892778,0.23175658171283378,-0.5057299636283592,1.1276697915308813,0.8718846673336245,0.0030014352008538403,0.38458223571769623,0.31396312424351525,0.7729154047032912,-0.11079914030108254
6.5,18,0.5539307806935021,0.16773961149623148,0.23611989794074137,-0.505705317642021,1.12959130953297,0.8734355024203002,0.006852435651215769,0.38402333120152377,0.30637743204162793,0.7674869850271245,-0.11275984065504496
6.505,18,0.558930780693502,0.1692536960835352,0.24049087368589292,-0.5056614844534295,1.1315100085743095,0.8749485068083743,0.010676327153282986,0.3834546655249835,0.29883083243990327,0.7620718266458393,-0.11470361270644343
6.51,18,0.5639307806935019,0.1707677806708389,0.24486932028314376,-0.5055985994415284,1.1334258400604955,0.8764238757754031,0.014473176032435846,0.3828763232057147,0.2913232512605681,0.7566699371216599,-0.11663050600468235
6.515000000000001,18,0.5689307806935027,0.17228186525814287,0.24925505004281082,-0.5055167976535402,1.1353387558190926,0.8778618042280546,0.018243048651865674,0.38228838851360947,0.2838546143258485,0.7512813240168107,-0.1185405700991661
6.5200000000000005,18,0.5739307806935026,0.17379594984544658,0.2536478762488146,-0.5054162138047764,1.1372487080983946,0.8792624867021066,0.021986011412573822,0.3816909454708135,0.27642484745797447,0.7459059948935184,-0.12043385453929843
6.525,18,0.5789307806935025,0.17531003443275028,0.25804761315682945,-0.5052969822784497,1.1391556495661872,0.8806261173624493,0.02570213075337368,0.38108407785172477,0.26903387647917215,0.7405439573140065,-0.12231040887448406
6.53,18,0.5839307806935023,0.176824119020054,0.26245407599242654,-0.5051592371254836,1.1410595333085094,0.8819528900030837,0.029391473150890413,0.3804678691829945,0.26168162721166843,0.7351952188405003,-0.12417028265412715
6.535,18,0.5889307806935022,0.1783382036073577,0.26686708094921974,-0.5050031120643244,1.1429603128284131,0.883242998047122,0.03305410511955895,0.3798424027435271,0.25436802547769055,0.7298597870352244,-0.12601352542763206
6.54,18,0.5939307806935021,0.1798522881946614,0.27128644518701095,-0.5048287404807512,1.1448579420447258,0.8844966345467868,0.036690093211626404,0.3792077615644795,0.24709299709946608,0.7245376694604038,-0.12784018674440303
6.545,18,0.598930780693502,0.1813663727819651,0.27571198682993625,-0.5046362554276878,1.1467523752908113,0.8857139921834131,0.04029950401715056,0.37856402842926196,0.239856467899222,0.7192288736782632,-0.1296503161538444
6.55,18,0.6039307806935019,0.1828804573692688,0.28014352496461126,-0.5044257896250128,1.1486435673133313,0.886895263267446,0.043882404164000466,0.3779112858735376,0.23265836369918574,0.7139334072510277,-0.13144396320536042
6.555,18,0.6089307806935018,0.1843945419565725,0.28458087963827616,-0.5041974754593715,1.150531473271006,0.8880406397384425,0.04743886031785599,0.3772496161852226,0.22549861032158416,0.708651277740922,-0.13322117744835546
6.5600000000000005,18,0.6139307806935026,0.18590862654387647,0.2890238718569428,-0.5039514449839856,1.1524160487333768,0.8891503131650699,0.05096893918220905,0.3765791014044858,0.2183771335886442,0.7033824927101702,-0.1349820084322341
6.565,18,0.6189307806935025,0.18742271113118017,0.29347232358353703,-0.5036878299184652,1.154297249679565,0.890224474745107,0.05447270749836078,0.37589982332374966,0.2112938593225948,0.6981270597209986,-0.1367265057064
6.57,18,0.6239307806935024,0.18893679571848387,0.2979260577360481,-0.5034067616486192,1.1561750324970357,0.8912633153054442,0.05795023204542516,0.37521186348768903,0.20424871334566194,0.6928849863356316,-0.13845471882025776
6.575,18,0.6289307806935023,0.19045088030578758,0.30238489818567227,-0.5031083712262667,1.158049353980358,0.8922670253020825,0.06140157964032701,0.37451530319323195,0.19724162148007326,0.6876562801162938,-0.14016669732321163
6.58,18,0.6339307806935022,0.19196496489309128,0.3068486697549584,-0.5027927893690471,1.1599201713299663,0.8932357948201343,0.06482681713780172,0.37381022348955945,0.19027250954805555,0.6824409486252101,-0.1418624907646659
6.585,18,0.6389307806935021,0.193479049480395,0.3113171982159535,-0.5024601464602322,1.1617874421509211,0.894169813573823,0.06822601143039643,0.3730967051781055,0.18334130337183682,0.6772389994246054,-0.14354214869402496
6.59,18,0.643930780693502,0.1949931340676987,0.3157903102883487,-0.5021105725485361,1.163651124451671,0.8950692709064826,0.07159922944846875,0.37237482881255707,0.1764479287736438,0.6720504400767047,-0.14520572066069304
6.595,18,0.6489307806935019,0.1965072186550024,0.32026783363762446,-0.5017441973479269,1.1655111766428135,0.8959343557905597,0.07494653816018816,0.3716446746988541,0.1695923115757038,0.6668752781437325,-0.1468532562140745
6.6000000000000005,18,0.6539307806935026,0.19802130324230638,0.32474959687319715,-0.5013611502374369,1.1673675575358569,0.8967652568276105,0.07826800457153511,0.3709063228951893,0.16277437760024302,0.6617135211879129,-0.14848480490357377
6.605,18,0.6589307806935025,0.19953538782961008,0.32923542954656115,-0.5009615602609745,1.1692202263419802,0.8975621622483032,0.08156369572629998,0.370159853212009,0.15599405266949087,0.6565651767714727,-0.15010041627859472
6.61,18,0.6639307806935024,0.2010494724169138,0.3337251621494397,-0.5005455561271344,1.171069142670796,0.8983252599124169,0.08483367870608584,0.3694053452120119,0.14925126260567348,0.6514302524566359,-0.15170013988854178
6.615,18,0.6689307806935023,0.2025635570042175,0.3382186261119263,-0.5001132662090084,1.1729142665291108,0.8990547373088418,0.08807802063030604,0.3686428782101498,0.14254593323101816,0.6463087558056272,-0.15328402528281948
6.62,18,0.6739307806935022,0.2040776415915212,0.3427156538006323,-0.4996648185439973,1.1747555583196867,0.8997507815555794,0.09129678865618546,0.36787253127362746,0.13587799036775236,0.6412006943806713,-0.15485212201083196
6.625,18,0.6789307806935021,0.20559172617882487,0.34721607851683145,-0.49920034083362086,1.1765929788400022,0.9004135793997422,0.09449004997875966,0.36709438322190296,0.1292473598381034,0.6361060757439937,-0.15640447962198337
6.63,18,0.683930780693502,0.20710581076612858,0.35171973449460614,-0.4987199604433292,1.1784264892810135,0.9010433172175535,0.097657871830876,0.36630851262668684,0.12265396746429806,0.6310249074578183,-0.15794114766567824
6.635,18,0.6889307806935019,0.20861989535343228,0.35622645689899235,-0.49822380440231384,1.1802560512259168,0.9016401810143483,0.10080032148319237,0.3655149978119429,0.11609773906856352,0.6259571970843707,-0.1594621756913208
6.640000000000001,18,0.6939307806935027,0.21013397994073627,0.36073608182412664,-0.4977119994033183,1.182081626648908,0.902204356424573,0.10391746624417847,0.36471391685388793,0.10957860047312636,0.6209029521858747,-0.1609676132483157
6.6450000000000005,18,0.6989307806935026,0.21164806452803997,0.36524844629138764,-0.49718467180244924,1.1839031779139448,0.9027360287117842,0.10700937346011347,0.36390534758099174,0.10309647750021624,0.6158621803245568,-0.16245750988606641
6.65,18,0.7039307806935025,0.21316214911534367,0.3697633882475476,-0.4966419476189875,1.1857206677735084,0.9032353827686499,0.11007611051508952,0.363089367573977,0.0966512959720589,0.6108348890626412,-0.1639319151539777
6.655,18,0.7089307806935023,0.21467623370264738,0.37428074656291366,-0.4960839525351989,1.1875340593673631,0.9037026031169496,0.11311774483100907,0.36226605416581936,0.09024298171088174,0.6058210859623523,-0.16539087860145385
6.66,18,0.7139307806935022,0.21619031828995108,0.3788003610294748,-0.4955108118961451,1.1893433162213203,0.9041378739075738,0.11613434386758596,0.36143548444174756,0.08387146053891195,0.6008207785859155,-0.1668344497778992
6.665,18,0.7189307806935021,0.2177044028772548,0.38332207235904703,-0.4949226507094948,1.191148402245997,0.9045413789205243,0.11912597512234495,0.36059773523924316,0.07753665827837646,0.5958339744955552,-0.1682626782327179
6.67,18,0.723930780693502,0.2192184874645585,0.38784572218141955,-0.49431959364533457,1.1929492817355785,0.9049133015649139,0.12209270613062183,0.35975288314804077,0.07123850075150341,0.5908606812534968,-0.16967561351531427
6.675,18,0.7289307806935019,0.2207325720518622,0.39237115304249937,-0.49370176503597957,1.19474591936658,0.9052538248789659,0.12503460446556397,0.3589010045101281,0.06497691378051924,0.5859009064219647,-0.17107330517509275
6.68,18,0.7339307806935018,0.2222466566391659,0.39689820840245793,-0.49306928887578494,1.196538280196606,0.9055631315300158,0.12795173773812935,0.3580421754197456,0.058751823187651805,0.5809546575631839,-0.17245580276145758
6.6850000000000005,18,0.7389307806935026,0.22376074122646988,0.4014267326338765,-0.4924222888209563,1.1983263296631148,0.9058414038145096,0.13084417359708783,0.3571764717233867,0.0525631547951267,0.5760219422393781,-0.17382315582381316
6.69,18,0.7439307806935025,0.22527482581377356,0.40595657101988913,-0.4917608881893612,1.2001100335821753,0.9060888236580047,0.13371197972901894,0.35630396901979833,0.04641083442517358,0.5711027680127748,-0.17517541391156352
6.695,18,0.7489307806935024,0.22678891040107726,0.410487569752333,-0.49108520996033933,1.2018893581472327,0.9063055726151693,0.13655522385831442,0.35542474265997975,0.04029478790001884,0.5661971424455968,-0.17651262657411287
6.7,18,0.7539307806935023,0.22830299498838097,0.41501957592989036,-0.4903953767745143,1.203664269927867,0.9064918318697834,0.1393739737471775,0.3545388677471835,0.03421494104188955,0.5613050731000699,-0.1778348433608659
6.705,18,0.7589307806935022,0.22981707957568467,0.41955243755623517,-0.48969151093360375,1.2054347358685558,0.9066477822347373,0.14216829719562152,0.3536464191369152,0.028171219673012754,0.5564265675384186,-0.17914211382122663
6.71,18,0.7639307806935021,0.23133116416298838,0.4240860035381786,-0.4889737344002311,1.2072007232874338,0.9067736041520326,0.1449382620414717,0.3527474714369329,0.022163549615616316,0.5515616333228677,-0.18043448750459934
6.715,18,0.768930780693502,0.23284524875029208,0.42862012368381497,-0.4882421687977361,1.2089621998750557,0.9068694776927827,0.147683936160364,0.3518420990072485,0.01619185669192681,0.546710278015642,-0.18171201396038847
6.72,18,0.7739307806935019,0.2343593333375958,0.43315464870066633,-0.4874969354099855,1.2107191336931575,0.9069355825572117,0.15040538746574555,0.3509303759601261,0.010256066724171769,0.5418725091789667,-0.18297474273799838
6.7250000000000005,18,0.7789307806935026,0.23587341792489977,0.4376894301938301,-0.48673815518118435,1.2124714931734162,0.9069720980746546,0.1531026839088754,0.350012376160083,0.0043561055345772755,0.5370483343750653,-0.18422272338683332
6.73,18,0.7839307806935025,0.23738750251220347,0.4422243206641199,-0.4859659487156874,1.214219247116212,0.9069792032035581,0.15577589347882156,0.3490881732238899,-0.0015081010546268495,0.5322377611661647,-0.1854560054562973
6.735,18,0.7889307806935024,0.23890158709950718,0.44675917350621774,-0.48518043627780877,1.2159623646893905,0.9069570765314794,0.15842508420246557,0.34815784052057,-0.007336627221214693,0.527440797114489,-0.1866746384957948
6.74,18,0.7939307806935023,0.24041567168681088,0.4512938430068145,-0.48438173779163424,1.2177008154270217,0.9069058962750872,0.16105032414449874,0.3472214511713996,-0.013129547142959202,0.5226574497822628,-0.18787867205473016
6.745,18,0.7989307806935022,0.2419297562741146,0.45582818434275807,-0.48356997284083114,1.2194345692281643,0.9068258402801618,0.1636516814074242,0.346279078049908,-0.01888693499763283,0.5178877267317111,-0.18906815568250765
6.75,18,0.8039307806935021,0.2434438408614183,0.46036205357919724,-0.4827452606684601,1.2211635963556235,0.9067170860215934,0.1662292241315555,0.34533079378187753,-0.02460886496300853,0.5131316355250587,-0.19024313892853154
6.755,18,0.808930780693502,0.244957925448722,0.46489530766772846,-0.4819077201767855,1.2228878674347157,0.9065798106033843,0.16878302049501828,0.3443766707453433,-0.030295411216859084,0.5083891837245306,-0.19140367134220615
6.76,18,0.8139307806935019,0.2464720100360257,0.4694278044445407,-0.48105746992708653,1.224607353452027,0.9064141907586476,0.17131313871374804,0.3434167810705937,-0.03594664793695678,0.5036603788923513,-0.19254980247293568
6.765000000000001,18,0.8189307806935027,0.24798609462332966,0.4739594026285623,-0.4801946281394683,1.2263220257541763,0.9062204028496079,0.17381964704149294,0.34245119664016976,-0.04156264930107571,0.4989452285907453,-0.19368158187012488
6.7700000000000005,18,0.8239307806935026,0.24950017921063336,0.4784899618196029,-0.4793193126926727,1.2280318560465746,0.9059986228676004,0.17630261376981055,0.341479989088866,-0.04714348948698671,0.49424374038193875,-0.19479905908317738
6.775,18,0.8289307806935025,0.25101426379793707,0.48301934249650436,-0.47843164112388914,1.229736816392189,0.9057490264330721,0.1787621072280705,0.34050322980372927,-0.05268924267246369,0.48955592182815605,-0.1959022836614977
6.78,18,0.8339307806935023,0.2525283483852408,0.48754740601528246,-0.4775317306285656,1.2314368792103014,0.9054717887955803,0.18119819578345409,0.3395209899240599,-0.05819998303527847,0.48488178049162134,-0.1969913051544903
6.785,18,0.8389307806935022,0.2540424329725445,0.4920740146072735,-0.4766196980602198,1.2331320172752716,0.9051670848337939,0.18361094784095267,0.3385333403414109,-0.06367578475320497,0.4802213239345606,-0.19806617311155933
6.79,18,0.8439307806935021,0.2555565175598482,0.4965990313772799,-0.47569565993025,1.2348222037152972,0.9048350890554936,0.1860004318433691,0.3375403516995885,-0.06911672200401514,0.47557455971919765,-0.1991269370821091
6.795,18,0.848930780693502,0.2570706021471519,0.5011223203017161,-0.4747597324077457,1.2365074120111759,0.9044759755975694,0.18836671627131762,0.3365420943946517,-0.07452286896548195,0.4709414954077581,-0.20017364661554388
6.8,18,0.8539307806935019,0.2585846867344556,0.5056437462267536,-0.47381203131929894,1.238187615995066,0.9040899182260247,0.19070986964322365,0.33553863857491256,-0.07989429981537818,0.4663221385624661,-0.20120635126126804
6.805,18,0.8589307806935018,0.2600987713217593,0.5101631748664659,-0.4728526721488153,1.2398627898492482,0.9036770903359721,0.19302996051532276,0.33453005414093623,-0.08523108873147628,0.4617164967455471,-0.20222510056868584
6.8100000000000005,18,0.8639307806935026,0.26161285590906325,0.5146804728009772,-0.4718817700373241,1.2415329081048871,0.9032376649516367,0.1953270574816635,0.3335164107455405,-0.09053330989155067,0.4571245775192247,-0.2032299440872017
6.815,18,0.8689307806935025,0.263126940496367,0.519195507474602,-0.4708994397827906,1.2431979456407904,0.9027718147263536,0.1976012291741033,0.3324977777937967,-0.09580103747337185,0.45254638844572576,-0.20422093136621972
6.82,18,0.8739307806935024,0.26464102508367066,0.5237081471939969,-0.46990579583992553,1.2448578776821737,0.9022797119425704,0.19985254426231247,0.3314742244430285,-0.10103434565471292,0.4479819370872742,-0.20519811195514429
6.825,18,0.8789307806935023,0.2661551096709744,0.5282182611263032,-0.4689009523199974,1.2465126797994186,0.9017615285118444,0.20208107145377163,0.33044581960281316,-0.10623330861334733,0.4434312310060949,-0.20616153540337967
6.83,18,0.8839307806935022,0.26766919425827806,0.532725719297292,-0.4678850229906424,1.2481623279068361,0.9012174359748452,0.20428687949377242,0.32941263193498027,-0.11139800052704786,0.4388942777644126,-0.2071112512603301
6.835,18,0.8889307806935021,0.2691832788455818,0.5372303925895112,-0.4668581212756757,1.2498067982614263,0.9006476055013525,0.20647003716541823,0.3283747298536128,-0.11652849557358663,0.43437108492445214,-0.20804730907539992
6.84,18,0.893930780693502,0.2706973634328855,0.54173215274043,-0.4658203602549028,1.2514460674616406,0.9000522078902581,0.20863061328962346,0.32733218152504706,-0.12162486793073676,0.4298616600484387,-0.2089697583979933
6.845,18,0.8989307806935019,0.2722114480201892,0.546230872340585,-0.4647718526639296,1.2530801124461428,0.8994314135695645,0.21076867672511299,0.3262850548678714,-0.12668719177627139,0.4253660106985967,-0.20987864877751486
6.8500000000000005,18,0.9039307806935026,0.27372553260749316,0.5507264248317261,-0.4637127108939738,1.2547089104925704,0.8987853925963851,0.2128842963684235,0.32523341755292784,-0.13171554128796323,0.4208841444371506,-0.21077402976336876
6.855,18,0.9089307806935025,0.2752396171947969,0.5552186845049596,-0.462643046991677,1.256332439216295,0.8981143146569448,0.2149775411539027,0.32417733700331147,-0.13670999064358413,0.4164160688263264,-0.21165595090495937
6.86,18,0.9139307806935024,0.27675370178210057,0.5597075264988977,-0.4615629726589132,1.257950676569185,0.8974183490665796,0.21704848005370822,0.32311688039436975,-0.1416706140209069,0.41196179142834866,-0.2125244617516904
6.865,18,0.9189307806935023,0.2782677863694043,0.5641928267978017,-0.46047259925260153,1.2595636008383662,0.8966976647697367,0.21909718207781098,0.32205211465370365,-0.14659748559770525,0.40752131980544193,-0.21337961185296694
6.87,18,0.9239307806935022,0.279781870956708,0.5686744622297272,-0.4593720377845171,1.2611711906449825,0.8959524303399742,0.22112371627399136,0.3209831064611669,-0.15149067955175133,0.403094661519831,-0.21422145075819268
6.875,18,0.9289307806935021,0.2812959555440117,0.5731523104646713,-0.458261398921101,1.2627734249429585,0.8951828139799609,0.2231281517278419,0.31990992224886616,-0.15635027006081761,0.3986818241337411,-0.21505002801677237
6.88,18,0.933930780693502,0.2828100401313154,0.5776262500127165,-0.4571407929832723,1.2643702830177592,0.8943889835214779,0.2251105575627649,0.3188326282011613,-0.16117633130267753,0.39428281520939673,-0.21586539317810985
6.885,18,0.9389307806935019,0.2843241247186191,0.5820961602221773,-0.45601032994623836,1.2659617444851525,0.8935711064254167,0.2270710029399756,0.31775129025466486,-0.1659689374551032,0.38989764230902285,-0.21666759579160988
6.890000000000001,18,0.9439307806935027,0.2858382093059231,0.586561921277746,-0.45487011943930566,1.26754778928997,0.8927293497817795,0.22900955705849937,0.31666597409824243,-0.1707281626958687,0.3855263129948434,-0.21745668540667668
6.8950000000000005,18,0.9489307806935026,0.28735229389322675,0.5910234141986354,-0.45372027074569166,1.2691283977048675,0.8918638803096809,0.2309262891551716,0.315576745173013,-0.1754540812027449,0.3811688348290853,-0.21823271157271404
6.9,18,0.9539307806935025,0.2888663784805305,0.5954805208367295,-0.4525608928023347,1.2707035503290882,0.8909748643573455,0.23282126850464105,0.314483668672348,-0.1801467671535052,0.37682521537397223,-0.2189957238391269
6.905,18,0.9589307806935023,0.29038046306783416,0.5999331238747244,-0.45139209419970533,1.2722732280872218,0.8900624679021096,0.23469456441936593,0.3133868095418721,-0.18480629472592205,0.3724954621917292,-0.21974577175531898
6.91,18,0.9639307806935022,0.2918945476551379,0.6043811068242768,-0.4502139831816174,1.2738374122279672,0.8891268565504208,0.23654624624961693,0.31228623247946297,-0.1894327380977696,0.36817958284458074,-0.2204829048706952
6.915,18,0.9689307806935021,0.29340863224244157,0.6088243540241476,-0.4490266676450387,1.2753960843228938,0.8881681955378365,0.23837638338347392,0.31118200193525086,-0.1940261714468189,0.36387758489475225,-0.22120717273465917
6.92,18,0.973930780693502,0.2949227168297453,0.6132627506383488,-0.4478302551399022,1.2769492262652011,0.8871866497290274,0.24018504524682993,0.31007418211161963,-0.19858666895084381,0.35958947590446794,-0.22191862489661573
6.925,18,0.9789307806935019,0.296436801417049,0.6176961826542875,-0.4466248528689173,1.2784968202684823,0.8861823836177739,0.24197230130338826,0.3089628369632058,-0.20311430478761708,0.35531526343595327,-0.22261731090596912
6.93,18,0.9839307806935018,0.2979508860043527,0.6221245368809143,-0.4454105676873794,1.280038848865484,0.8851555613269672,0.2437382210546628,0.3078480301968987,-0.2076091531349105,0.35105495505143264,-0.22330328031212318
6.9350000000000005,18,0.9889307806935026,0.29946497059165667,0.6265477009468658,-0.4441875061029824,1.2815752949068675,0.8841063466086108,0.24548287403997976,0.30672982527184073,-0.21207128817049814,0.3468085583131306,-0.22397658266448267
6.94,18,0.9939307806935025,0.3009790551789604,0.6309655632986108,-0.4429557742756295,1.2831061415599705,0.8830349028438188,0.24720632983647503,0.3056082853994277,-0.21650078407215154,0.3425760807832732,-0.22463726751245178
6.945,18,0.9989307806935024,0.3024931397662641,0.6353780131985974,-0.441715478017243,1.2846313723075693,0.8819413930428162,0.24890865805909704,0.3044834735433079,-0.22089771501764374,0.33835753002408453,-0.2252853844054346
6.95,18,1.0039307806935023,0.3040072243535678,0.639784940723398,-0.44046672279157584,1.2861509709466377,0.8808259798449398,0.2505899283606042,0.3033554524193827,-0.2252621551847476,0.3341529135977896,-0.22592098289283571
6.955,18,1.0089307806935022,0.3055213089408715,0.6441862367618532,-0.43920961371402334,1.2876649215871105,0.8796888255186363,0.25225021043156653,0.30222428449580657,-0.22959417875123583,0.3299622390666133,-0.22654411252405898
6.96,18,1.013930780693502,0.3070353935281752,0.64858179301322,-0.4379442555514327,1.289173208650644,0.878530091961465,0.2538895740003655,0.3010900319929868,-0.2338938598948816,0.32578551399278033,-0.22715482284850927
6.965,18,1.018930780693502,0.3085494781154789,0.6529715019853146,-0.43667075272191513,1.2906758168693766,0.8773499407000962,0.25550808883319376,0.29995275688358386,-0.238161272793457,0.32162274593851553,-0.22775316341559038
6.97,18,1.0239307806935019,0.3100635627027826,0.6573552569926606,-0.4353892092946561,1.292172731284691,0.8761485328903096,0.2571058247340538,0.29881252089251087,-0.24239649162473514,0.3174739424660441,-0.22833918377470694
6.9750000000000005,18,1.0289307806935026,0.3115776472900866,0.6617329521546331,-0.4340997289897267,1.2936639372459748,0.8749260293169977,0.2586828515447608,0.29766938549693417,-0.24659959056648917,0.3133391111375896,-0.22891293347526318
6.98,18,1.0339307806935025,0.31309173187739026,0.6661044823936023,-0.43280241517789475,1.2951494204093823,0.8736825903941645,0.2602392391449403,0.29652341192627346,-0.25077064379649117,0.309218259515379,-0.2294744620666633
6.985,18,1.0389307806935024,0.314605816464694,0.6704697434330844,-0.4314973708804346,1.2966291667365955,0.8724183761649232,0.26177505745202884,0.2953746611622005,-0.2549097254925137,0.30511139516163577,-0.2300238190983115
6.99,18,1.0439307806935023,0.31611990105199766,0.6748286317958818,-0.4301846987689396,1.2981031624935855,0.8711335463014996,0.26329037642127434,0.2942231939386409,-0.25901690983232967,0.30101852563858544,-0.23056105411961225
6.995,18,1.0489307806935022,0.3176339856393014,0.6791810448022317,-0.428864501165132,1.2995713942493734,0.8698282601052307,0.2647852660457361,0.29306907074177274,-0.2630922709937124,0.2969396585084523,-0.23108621667996976
7.0,18,1.053930780693502,0.3191480702266051,0.6835268805679504,-0.42753688004067425,1.3010338488747921,0.8685026765065634,0.26625979635628416,0.2919123518100272,-0.2671358831544336,0.29287480133346155,-0.2315993563287884
7.005,18,1.058930780693502,0.3206621548139088,0.6878660380025797,-0.42620193701698006,1.302490513541247,0.8671569540650577,0.26771403742159966,0.2907530971340885,-0.2711478204922673,0.28882396167583774,-0.23210052261547234
7.01,18,1.0639307806935019,0.3221762394012125,0.6921984168075311,-0.4248597733650251,1.3039413757194778,0.8657912509693827,0.26914805934817493,0.28959136645689365,-0.27512815718498573,0.2847871470978062,-0.23258976508942603
7.015000000000001,18,1.0689307806935027,0.3236903239885165,0.6965239174742343,-0.4235104900051576,1.3053864231783199,0.8644057250373198,0.2705619322803144,0.28842721927363285,-0.27907696741036203,0.28076436516159065,-0.23306713330005366
7.0200000000000005,18,1.0739307806935026,0.32520440857582017,0.7008424412822765,-0.422154187506911,1.3068256439834638,0.8630005337157617,0.2719557264001314,0.2872607148317496,-0.28299432534616753,0.27675562342941734,-0.23353267679675946
7.025,18,1.0789307806935025,0.3267184931631239,0.7051538902975565,-0.4207909660888124,1.3082590264962195,0.861575834080711,0.273329511927552,0.28609191213093943,-0.2868803051701761,0.27276092946351105,-0.23398644512894798
7.03,18,1.0839307806935023,0.3282325777504276,0.7094581673704234,-0.41942092561819533,1.3096865593722753,0.8601317828372831,0.27468335912031366,0.28492086992315196,-0.2907349810601599,0.2687802908260959,-0.2344284878460231
7.035,18,1.0889307806935022,0.3297466623377313,0.7137551761338261,-0.41804416561101,1.31110823156046,0.8586685363197036,0.27601733827396435,0.2837476467125888,-0.2945584271938926,0.26481371507939677,-0.23485885449738964
7.04,18,1.0939307806935021,0.331260746925035,0.7180448210014562,-0.4166607852316341,1.3125240323015044,0.8571862504913088,0.2773315197218626,0.2825723007557053,-0.298350717749146,0.2608612097856392,-0.2352775946324513
7.045,18,1.098930780693502,0.33277483151233866,0.7223270071658955,-0.41527088329268447,1.3139339511268013,0.8556850809445463,0.278625973835179,0.2813948900612092,-0.30211192690369304,0.25692278250704786,-0.2356847578006129
7.05,18,1.103930780693502,0.3342889160996424,0.7266016405967608,-0.41387455825482733,1.315337977857169,0.8541651829009766,0.2799007710228954,0.28021547239006167,-0.305842128835307,0.2529984408058469,-0.23608039355127836
7.055,18,1.1089307806935018,0.3358030006869461,0.7308686280388488,-0.4124719082265891,1.31673610260161,0.8526267112112688,0.2811559817318037,0.2790341052554767,-0.30954139772176,0.24908819224426185,-0.23646455143385225
7.0600000000000005,18,1.1139307806935026,0.3373170852742501,0.7351278770102841,-0.41106303096416796,1.3181283157560746,0.8510698203552044,0.28239167644650787,0.2778508459229208,-0.3132098077408259,0.24519204438451672,-0.23683728099773874
7.065,18,1.1189307806935025,0.33883116986155376,0.7393792958006595,-0.40964802387124566,1.3195146080022195,0.8494946644416765,0.28360792568942234,0.2766657514101147,-0.31684743307027613,0.2413100047888376,-0.2371986317923422
7.07,18,1.1239307806935024,0.3403452544488575,0.7436227934691888,-0.4082269839987953,1.3208949703061723,0.8479013972086881,0.28480480002077346,0.27547887848703057,-0.32045434788788385,0.23744208101944875,-0.23754865336706665
7.075,18,1.1289307806935023,0.34185933903616117,0.7478582798428464,-0.4068000080448959,1.3222693939172903,0.8462901720233542,0.2859823700385977,0.2742902836758948,-0.3240306263714211,0.23358828063857504,-0.2378873952713167
7.08,18,1.1339307806935022,0.3433734236234649,0.7520856655145159,-0.4053671923545411,1.3236378703669223,0.8446611418819011,0.2871407063787436,0.27310002325118593,-0.32757634269866204,0.22974861120844162,-0.23821490705449638
7.085,18,1.138930780693502,0.3448875082107686,0.7563048618411345,-0.40392863291945047,1.3250003914671709,0.8430144594096652,0.28827987971487046,0.2719081532396359,-0.33109157104737813,0.22592308029127303,-0.23853123826601028
7.09,18,1.143930780693502,0.3464015927980723,0.760515780941839,-0.402484425377882,1.3263569493096525,0.8413502768610953,0.2893999607584483,0.27071472942022967,-0.3345763855953434,0.22211169544929385,-0.23883643845526242
7.095,18,1.1489307806935019,0.347915677385376,0.7647183356961114,-0.4010346650144404,1.3277075362642592,0.8396687461197504,0.2905010202587588,0.26951980732420483,-0.33803086052032977,0.21831446424472956,-0.23913055717165732
7.1000000000000005,18,1.1539307806935026,0.34942976197268,0.7689124397419244,-0.39957944675989,1.32905214497792,0.8379700186983002,0.29158312900289507,0.26832344223505206,-0.3414550700001103,0.21453139423980405,-0.23941364396459913
7.105,18,1.1589307806935025,0.3509438465599837,0.7730980074738849,-0.3981188651909654,1.3303907683733613,0.836254245738528,0.29264635781576037,0.2671256891885155,-0.3448490882124574,0.21076249299674332,-0.23968574838349221
7.11,18,1.1639307806935024,0.3524579311472874,0.7772749540413844,-0.396653014530182,1.33172339964787,0.8345215780113254,0.2936907775600693,0.2659266029725915,-0.3482129893351442,0.2070077680777718,-0.23994691997774079
7.115,18,1.1689307806935023,0.3539720157345911,0.7814431953467396,-0.395181988645647,1.3330500322720524,0.8327721659166966,0.29471645913634836,0.2647262381275301,-0.35154684754594256,0.20326722704511477,-0.2401972082967493
7.12,18,1.1739307806935022,0.35548610032189476,0.7856026480433411,-0.39370588105087023,1.3343706599885978,0.8310061594837562,0.29572347348293454,0.26352464894583383,-0.3548507370226262,0.19954087746099633,-0.24043666288992163
7.125,18,1.178930780693502,0.3570001849091985,0.7897532295337975,-0.3922247849045758,1.335685276811038,0.8292237083707308,0.2967118915759764,0.2623218894722583,-0.35812473194296757,0.19582872688764133,-0.24066533330666268
7.13,18,1.183930780693502,0.35851426949650217,0.7938948579680807,-0.39073879301051195,1.3369938770225094,0.8274249618649574,0.29768178442943266,0.2611180135038123,-0.3613689064847391,0.19213078288727511,-0.24088326909637625
7.135,18,1.1889307806935019,0.3600283540838059,0.7980274522416736,-0.3892479978172634,1.3382964551745138,0.825610068882885,0.29863322309507434,0.2599130745897574,-0.36458333482571437,0.18844705302212253,-0.241090519808467
7.140000000000001,18,1.1939307806935027,0.36154243867110986,0.8021509319937131,-0.38775249141806,1.3395930060856807,0.8237791779700716,0.2995662786624831,0.25870712603160784,-0.367768091143666,0.1847775448544075,-0.24128713499233886
7.1450000000000005,18,1.1989307806935026,0.3630565232584136,0.8062652176051354,-0.38625236555059184,1.3408835248405266,0.8219324373011901,0.3004810222590513,0.2575002208831318,-0.3709232496163658,0.18112226594635603,-0.24147316419739634
7.15,18,1.2039307806935025,0.36457060784571726,0.8103702301968247,-0.3847477115968144,1.3421680067882185,0.8200699946800207,0.3013775250499829,0.25629241195034963,-0.37404888442158635,0.17748122386019297,-0.24164865697304375
7.155,18,1.2089307806935023,0.366084692433021,0.8144658916277571,-0.38323862058276503,1.343446447541334,0.8181919975394573,0.3022558582382933,0.25508375179153475,-0.37714506973710166,0.173854426158143,-0.24181366286868525
7.16,18,1.2139307806935022,0.3675987770203247,0.818552124493144,-0.38172518317837023,1.3447188429746217,0.8162985929415033,0.3031160930648085,0.25387429271721385,-0.38021187974068354,0.17024188040243052,-0.24196823143372545
7.165,18,1.2189307806935021,0.3691128616076284,0.8226288521225822,-0.3802074896972577,1.3459851892237653,0.8143899275772738,0.3039583008081652,0.25266408679016616,-0.38324938861010543,0.16664359415528057,-0.24211241221756805
7.17,18,1.223930780693502,0.3706269461949321,0.8266959985781942,-0.3786856300965685,1.3472454826841411,0.8124661477669957,0.30478255278481226,0.25145318582542453,-0.38625767052313914,0.16305957497891815,-0.24224625476961795
7.175,18,1.228930780693502,0.3721410307822358,0.8307534886527779,-0.37715969397676585,1.3484997200095825,0.8105273994600068,0.3055889203490096,0.2502416413902741,-0.3892367996575584,0.1594898304355683,-0.2423698086392791
7.18,18,1.2339307806935018,0.3736551153695395,0.8348012478679507,-0.37562977058144786,1.3497478981111393,0.8085738282347554,0.3063774748928269,0.24902950480425345,-0.39218685019113536,0.1559343680874554,-0.24248312337595598
7.1850000000000005,18,1.2389307806935026,0.37516919995684345,0.8388392024722954,-0.3740959487971569,1.3509900141558404,0.8066055792988003,0.30714828784614645,0.24781682713915357,-0.3951078963016435,0.15239319549680397,-0.24258624852905272
7.19,18,1.2439307806935025,0.3766832845441472,0.8428672794395033,-0.3725583171531929,1.352226065565453,0.8046227974888137,0.307901430676661,0.24660365921901964,-0.39800001216685493,0.1488663202258402,-0.24267923364797372
7.195,18,1.2489307806935024,0.37819736913145086,0.8468854064665234,-0.3710169638214216,1.3534560500152464,0.8026256272705777,0.30863697488987474,0.24539005162014862,-0.40086327196454175,0.14535374983678814,-0.24276212828212324
7.2,18,1.2539307806935023,0.3797114537187546,0.8508935119717069,-0.36947197661608644,1.3546799654327513,0.8006142127389853,0.30935499202910255,0.24417605467109085,-0.40369774987247803,0.1418554918918725,-0.24283498198090558
7.205,18,1.2589307806935022,0.38122553830605826,0.8548915250929514,-0.36792344299362056,1.355897809996522,0.79858869761804,0.3100555536754706,0.24296171845264952,-0.4065035200684353,0.13837155395331857,-0.24289784429372485
7.21,18,1.263930780693502,0.382739622893362,0.8588793756858475,-0.3663714500524571,1.3571095821348975,0.7965492252608581,0.31073873144791675,0.2417470927978812,-0.4092806567301874,0.1349019435833511,-0.24295076476998584
7.215,18,1.268930780693502,0.3842537074806657,0.8628569943218236,-0.3648160845328392,1.3583152805247627,0.7944959386496655,0.31140459700318895,0.240532227292095,-0.41202923403550623,0.13144666834419466,-0.2429937929590923
7.22,18,1.2739307806935019,0.3857677920679694,0.8668243122862933,-0.3632574328166317,1.3595149040903098,0.7924289803958003,0.3120532220358469,0.2393171712728532,-0.41474932616216514,0.12800573579807423,-0.2430269784104489
7.2250000000000005,18,1.2789307806935026,0.38728187665527336,0.8707812615767991,-0.3616955809271326,1.3607084520017994,0.7903484927397113,0.31268467827826163,0.2381019738299709,-0.4174410072879371,0.1245791535072142,-0.24305037067345955
7.23,18,1.2839307806935025,0.3887959612425771,0.8747277749011573,-0.3601306145288842,1.3618959236743209,0.7882546175509594,0.3132990375006151,0.23688668380551658,-0.42010435159059395,0.12116692903384073,-0.24306401929752883
7.235,18,1.2889307806935024,0.39031004582988077,0.8786637856756061,-0.3585626189274822,1.363077318766556,0.7861474963282147,0.3138963715108998,0.23567134979381166,-0.42273943324790847,0.11776906994017772,-0.24306797383206116
7.24,18,1.2939307806935023,0.3918241304171845,0.8825892280229495,-0.3569916790693881,1.3642526371795383,0.7840272701992598,0.31447675215492,0.2344560201414297,-0.4253463264376544,0.11438558378845001,-0.24306228382646047
7.245,18,1.2989307806935022,0.3933382150044882,0.8865040367707036,-0.35541787954173987,1.3654218790554142,0.781894079920988,0.31504025131629104,0.2332407429471982,-0.427925105337603,0.11101647814088299,-0.2430469988301314
7.25,18,1.303930780693502,0.3948522995917919,0.8904081474492409,-0.35384130457216234,1.366585044776206,0.7797480658794037,0.3155869409164393,0.23202556606219724,-0.43047584412552853,0.10766176055970134,-0.24302216839247787
7.255,18,1.308930780693502,0.3963663841790956,0.8943014962899374,-0.3522620380285807,1.3677421349625711,0.7775893680896235,0.3161168929146025,0.23081053708976004,-0.43299861697920355,0.10432143860712943,-0.24298784206290455
7.26,18,1.3139307806935019,0.3978804687663993,0.898184020223318,-0.35068016341902697,1.3688931504725643,0.7754181261958727,0.3166301793078288,0.22959570338547247,-0.4354934980763998,0.10099551984539246,-0.24294406939081536
7.265000000000001,18,1.3189307806935027,0.3993945533537033,0.9020556568771998,-0.3490957638914546,1.3700380924003994,0.7732344794714903,0.31712687213097834,0.22838111205717362,-0.4379605615948905,0.09768401183671498,-0.24289089992561505
7.2700000000000005,18,1.3239307806935026,0.40090863794100695,0.9059163445748402,-0.34750892223354823,1.37117696207521,0.7710385668189249,0.31760704345672136,0.22716680996495567,-0.4403998817124477,0.09438692214332264,-0.24282838321670722
7.275,18,1.3289307806935025,0.4024227225283107,0.9097660223330819,-0.3459197208725341,1.3723097610598103,0.7688305267697375,0.3180707653955404,0.22595284372116375,-0.4428115326068458,0.09110425832743968,-0.24275656881349714
7.28,18,1.3339307806935023,0.40393680711561436,0.9136046298604978,-0.34432824187499267,1.373436491149457,0.766610497484599,0.31851811009572845,0.22473925969039565,-0.44519558845585727,0.0878360279512911,-0.24267550626538836
7.285,18,1.3389307806935022,0.4054508917029181,0.9174321075555378,-0.3427345669466668,1.374557154370611,0.7643786167532918,0.31894914974339034,0.22352610398950243,-0.44755212343725326,0.08458223857710195,-0.24258524512178528
7.29,18,1.3439307806935021,0.40696497629022177,0.9212483965046725,-0.3411387774322754,1.3756717529796973,0.7621350219947095,0.31936395656244004,0.22231342248758804,-0.4498812117288073,0.08134289776709694,-0.24248583493209222
7.295,18,1.348930780693502,0.4084790608775255,0.9250534384805402,-0.3395409543153225,1.376780289461868,0.759879850256857,0.3197626028146048,0.22110126080600928,-0.45218292750829264,0.07811801308350041,-0.2423773252457137
7.3,18,1.353930780693502,0.4099931454648292,0.9288471759400914,-0.33794117821791025,1.377882766529761,0.7576132382168507,0.3201451607994228,0.21988966431837634,-0.4544573449534816,0.07490759208853807,-0.24225976561205392
7.305,18,1.3589307806935018,0.4115072300521329,0.9326295520227359,-0.33633952940054723,1.378979187122265,0.7553353221809165,0.32051170285424185,0.21867867815055184,-0.45670453824214685,0.07171164234443445,-0.242133205580517
7.3100000000000005,18,1.3639307806935026,0.41302131463943687,0.9364005105484872,-0.33473608776196107,1.3800695544032773,0.7530462380843934,0.32086230135422245,0.2174683471806518,-0.45892458155206217,0.0685301714134136,-0.24199769470050744
7.315,18,1.3689307806935025,0.4145353992267406,0.9401599960161071,-0.33313093283891004,1.381153871760466,0.7507461214917307,0.3211970287123348,0.21625871603904517,-0.46111754906099905,0.06536318685770168,-0.24185328252142946
7.32,18,1.3739307806935024,0.4160494838140443,0.943907953601254,-0.3315241438059916,1.3822321428040327,0.7484351075964888,0.32151595737936195,0.21504982910835363,-0.46328351494673,0.06221069623952307,-0.24170001859268708
7.325,18,1.3789307806935023,0.417563568401348,0.9476443291546259,-0.32991579947545613,1.383304371365473,0.7461133312213393,0.32181915984389636,0.21384173052345207,-0.46542255338702865,0.0590727071211028,-0.24153795246368506
7.33,18,1.3839307806935022,0.4190776529886517,0.9513690692001078,-0.32830597829701513,1.3843705614963357,0.7437809268180646,0.3221067086323426,0.2126344641714683,-0.46753473855966726,0.05594922706466524,-0.24136713368382734
7.335,18,1.388930780693502,0.4205917375759554,0.955082120932915,-0.3266947583576547,1.3854307174669884,0.7414380284675594,0.3223786763089169,0.21142807369178301,-0.46962014464241925,0.05284026363243543,-0.2411876118025187
7.34,18,1.393930780693502,0.4221058221632591,0.9587834322177413,-0.3250822173814445,1.386484843765374,0.7390847698798273,0.32263513547564465,0.21022260247602995,-0.47167884581305636,0.04974582438663839,-0.24099943636916257
7.345,18,1.3989307806935019,0.4236199067505628,0.9624729515869037,-0.3234684327293502,1.3875329450957754,0.7367212843939859,0.3228761587723642,0.20901809366809576,-0.47371091624935235,0.046665916889499136,-0.24080265693316408
7.3500000000000005,18,1.4039307806935026,0.4251339913378668,0.9661506282384862,-0.32185348139904335,1.3885750263775756,0.7343477049782612,0.32310181887672434,0.2078145901641201,-0.47571643012907977,0.04360054870324157,-0.24059732304392714
7.355,18,1.4089307806935025,0.42664807592517046,0.9698164120344863,-0.3202374400247132,1.3896110927440177,0.731964164229993,0.3233121885041852,0.20661213461249614,-0.47769546163001037,0.040549727390091696,-0.240383484250856
7.36,18,1.4139307806935024,0.4281621605124742,0.9734702534989632,-0.3186203848768763,1.3906411495409692,0.7295707943756297,0.32350734040801754,0.20541076941386907,-0.47964808492991784,0.037513460512274215,-0.24016119010335513
7.365,18,1.4189307806935023,0.42967624509977786,0.977112103816179,-0.31700239186218926,1.3916652023256801,0.7271677272707328,0.3236873473793038,0.2042105367211376,-0.4815743742065748,0.03449175563201349,-0.23993049015082873
7.37,18,1.4239307806935022,0.4311903296870816,0.9807419148287475,-0.3153835365232581,1.392683256865546,0.7247550943999731,0.3238522822469372,0.2030114784394535,-0.48347440363775357,0.03148462031153456,-0.2396914339426814
7.375,18,1.428930780693502,0.4327044142743853,0.9843596390357792,-0.3137638940384505,1.393695319136869,0.7223330268771346,0.3240022178776227,0.20181363622622128,-0.4853482474012273,0.02849206211306229,-0.23944407102831694
7.38,18,1.433930780693502,0.434218498861689,0.9879652295910242,-0.312143539221705,1.3947013953236187,0.7199016554451106,0.3241372271758749,0.20061705149109837,-0.48719597967476846,0.025514088598821864,-0.23918845095713975
7.385,18,1.4389307806935019,0.4357325834489927,0.9915586403010217,-0.310522546522344,1.3957014918161939,0.7174611104759073,0.3242573830840214,0.19942176539599568,-0.4890176746361505,0.022550707331037662,-0.23892462327855435
7.390000000000001,18,1.4439307806935027,0.4372466680362967,0.9951398256232442,-0.30890099002488314,1.396695615210183,0.7150115219706397,0.32436275858219976,0.19822781885507607,-0.4908134064631458,0.019601925871934062,-0.23865263754196478
7.3950000000000005,18,1.4489307806935026,0.43876075262360037,0.9987087406642396,-0.307278943448844,1.397683772305126,0.7125530195595364,0.3244534266883592,0.19703525253475682,-0.49258324933352626,0.016667751783737226,-0.23837254329677535
7.4,18,1.4539307806935025,0.4402748372109041,1.0022653411777829,-0.30565648014856206,1.3986659701032764,0.7100857325019355,0.3245294604582589,0.19584410685370685,-0.4943272774250656,0.013748192628671694,-0.23808439009239069
7.405,18,1.4589307806935023,0.4417889217982078,1.005809583563016,-0.30403367311300145,1.3996422158083606,0.7076097896862877,0.3245909329854712,0.19465442198284938,-0.4960455649155359,0.01084325596896168,-0.2377882274782148
7.41,18,1.4639307806935022,0.4433030063855115,1.0093414248625987,-0.30241059496556166,1.4006125168243408,0.7051253196301527,0.3246379174013781,0.19346623784535877,-0.4977381859827101,0.007952949366832374,-0.23748410500365194
7.415,18,1.4689307806935021,0.4448170909728152,1.0128608227608484,-0.30078731796389324,1.4015768807541757,0.7026324504802032,0.3246704868751725,0.1922795941166646,-0.4994052148043618,0.005077280384508641,-0.2371720722181068
7.42,18,1.473930780693502,0.4463311755601189,1.016367735581891,-0.299163913999704,1.4025353153985822,0.7001313100122222,0.3246887146138598,0.19109453022444717,-0.5010467255582626,0.0022162565842155073,-0.2368521786709833
7.425,18,1.478930780693502,0.4478452601474226,1.0198621222878026,-0.29754045459857403,1.4034878287547947,0.6976220256311041,0.3246926738622551,0.18991108534864157,-0.5026627924221864,-0.0006301144718223251,-0.23652447391168563
7.43,18,1.4839307806935018,0.44935934473472633,1.0233439424767572,-0.2959170109197632,1.4044344290153297,0.6951047243708542,0.3246824379029855,0.188729298421435,-0.5042534895739039,-0.0034618252213803173,-0.23618900748961838
7.4350000000000005,18,1.4889307806935026,0.4508734293220303,1.026813156381172,-0.2942936537560247,1.4053751245667447,0.6925795328945886,0.3246580800564892,0.18754920812726744,-0.5058188911911901,-0.006278868102233443,-0.23584582895418554
7.44,18,1.4939307806935025,0.45238751390933396,1.030269724865851,-0.29267045353341514,1.4063099239883994,0.6900465774945361,0.32461967368101474,0.186370852902833,-0.5073590714518165,-0.009081235552156185,-0.2354949878547919
7.445,18,1.4989307806935024,0.4539015984966377,1.0337136094261334,-0.29104748031110483,1.407238836051218,0.6875059840920356,0.32456729217262287,0.18519427093707722,-0.5088741045335564,-0.011868920008924656,-0.23513653374084112
7.45,18,1.5039307806935023,0.45541568308394137,1.037144772186039,-0.2894248037811894,1.4081618697164502,0.6849578782375356,0.3245010089651846,0.1840195001711997,-0.5103640646141828,-0.014641913910313342,-0.234770516161738
7.455,18,1.5089307806935022,0.4569297676712451,1.040563175896409,-0.2878024932685006,1.4090790341344326,0.6824023851105987,0.3244208975303824,0.1828465782986527,-0.5118290258714667,-0.017400209694097377,-0.2343969846668867
7.46,18,1.513930780693502,0.4584438522585488,1.0439687839330587,-0.2861806177304176,1.409990338643349,0.6798396295198973,0.32432703137771,0.1816755427651416,-0.5132690624831829,-0.020143799798052222,-0.23401598880569144
7.465,18,1.518930780693502,0.4599579368458525,1.0473615602949187,-0.2845592457566768,1.4108957927679926,0.6772697359032143,0.32421948405447215,0.18050643076862427,-0.5146842486271036,-0.02287267665995334,-0.23362757812755627
7.47,18,1.5239307806935019,0.4614720214331562,1.0507414696021797,-0.282938445569184,1.4117954062185274,0.6746928283274434,0.3240983291457842,0.17933927925931184,-0.5160746584810001,-0.025586832717575052,-0.23323180218188616
7.4750000000000005,18,1.5289307806935026,0.4629861060204602,1.0541084770944422,-0.2813182850218251,1.412689188889249,0.6721090304885909,0.3239636402745735,0.17817412493966878,-0.5174403662226476,-0.028286260408693305,-0.2328287105180847
7.48,18,1.5339307806935025,0.4645001906077639,1.0574625486288567,-0.27969883160027653,1.4135771508573454,0.6695184657117738,0.3238154911015786,0.17701100426441216,-0.5187814460298175,-0.0309709521710821,-0.23241835268555672
7.485,18,1.5389307806935024,0.4660142751950676,1.060803650678274,-0.2780801524218167,1.4144593023816592,0.6669212569512206,0.32365395532534796,0.17584995344051207,-0.5200979720802811,-0.03364090044251803,-0.23200077823370605
7.49,18,1.5439307806935023,0.4675283597823713,1.0641317503293886,-0.2764623142351367,1.4153356539014486,0.6643175267902697,0.32347910668224195,0.17469100842719174,-0.5213900185518142,-0.0362960976607751,-0.23157603671193727
7.495,18,1.5489307806935022,0.469042444369675,1.0674468152808838,-0.2748453834201512,1.4162062160351483,0.6617073974413707,0.3232910189464327,0.1735342049359269,-0.5226576596221871,-0.038936536263628606,-0.23114417766965456
7.5,18,1.553930780693502,0.4705565289569787,1.070748813841579,-0.2732294259878092,1.4170709995791313,0.6590909907460862,0.3230897659299019,0.1723795784304471,-0.5239009694691737,-0.041562208688854164,-0.2307052506562622
7.505,18,1.558930780693502,0.47207061354428237,1.0740377149285723,-0.2716145075799057,1.4179300155064691,0.6564684281750885,0.32287542148244364,0.171227164126734,-0.5251200222705467,-0.04417310737422676,-0.23025930522116486
7.51,18,1.5639307806935019,0.4735846981315861,1.0773134880653903,-0.2700006934688923,1.4187832749656957,0.653839830828161,0.32264805949166286,0.17007699699302256,-0.5263148922040783,-0.04676922475752135,-0.2298063909137663
7.515000000000001,18,1.5689307806935027,0.47509878271889006,1.0805761033801302,-0.2683880485576876,1.4196307892795643,0.6512053194341971,0.32240775388297566,0.16892911174980094,-0.5274856534475421,-0.049350553276513574,-0.2293465572834709
7.5200000000000005,18,1.5739307806935026,0.4766128673061938,1.083825531603605,-0.2667766373794891,1.4204725699438128,0.6485650143512055,0.3221545786196086,0.16778354286981018,-0.5286323801787097,-0.05191708536897807,-0.22887985387968338
7.525,18,1.5789307806935025,0.47812695189349746,1.0870617440674928,-0.2651665240975831,1.421308628625923,0.6459190355663017,0.32188860770260047,0.16664032457804423,-0.5297551465753543,-0.05446881347269014,-0.22840633025180757
7.53,18,1.5839307806935023,0.4796410364808012,1.0902847127024788,-0.26355777250515644,1.4221389771638828,0.6432675026957139,0.3216099151708002,0.16549949085174992,-0.5308540268152495,-0.05700573002542444,-0.2279260359492478
7.535,18,1.5889307806935022,0.4811551210681049,1.093494410036403,-0.2619504460251074,1.422963627564946,0.6406105349847809,0.32131857510086825,0.16436107542042724,-0.5319290950761667,-0.0595278274649569,-0.22743902052140882
7.54,18,1.5939307806935021,0.4826692056554086,1.0966908091924041,-0.260344607709856,1.4237825920043954,0.637948251307954,0.3210146616072762,0.16322511176582905,-0.5329804255358795,-0.062035098229062176,-0.22694533351769433
7.545,18,1.598930780693502,0.4841832902427123,1.0998738838870656,-0.2587403202411557,1.4245958828243026,0.6352807701687946,0.32069824884230685,0.16209163312196112,-0.53400809237216,-0.06452753475551558,-0.22644502448750892
7.55,18,1.603930780693502,0.485697374830016,1.103043608428563,-0.25713764592990374,1.4254035125322906,0.6326082096999748,0.32036941099605426,0.1609606724750825,-0.5350121697627821,-0.06700512948209206,-0.22593814298025677
7.555,18,1.6089307806935018,0.4872114594173197,1.1061999577148065,-0.255536646715953,1.426205493800293,0.6299306876632798,0.32002822229642297,0.15983226256370478,-0.5359927318855171,-0.06946787484656725,-0.22542473854534265
7.5600000000000005,18,1.6139307806935026,0.4887255440046237,1.1093429072315886,-0.253937384167921,1.4270018394633186,0.6272483214496027,0.3196747570091288,0.1587064358785928,-0.5369498529181395,-0.07191576328671646,-0.22490486073217006
7.565,18,1.6189307806935025,0.4902396285919274,1.1124724330507285,-0.2523399194830037,1.4277925625182082,0.6245612280789515,0.3193090894376997,0.15758322466276425,-0.53788360703842,-0.07434878724031334,-0.22437855909014393
7.57,18,1.6239307806935024,0.49175371317923106,1.1155885118282185,-0.25074431348678405,1.4285776761224007,0.6218695242004434,0.318931293923474,0.1564626609114904,-0.5387940684241327,-0.07676693914513419,-0.22384588316866808
7.575,18,1.6289307806935023,0.4932677977665348,1.1186911208023707,-0.2491506266330441,1.4293571935926903,0.6191733260923057,0.31854144484560015,0.15534477637229444,-0.5396813112530497,-0.07917021143895461,-0.22330688251714734
7.58,18,1.6339307806935022,0.49478188235383846,1.1217802377919586,-0.24755891900357485,1.4301311284039904,0.6164727496618779,0.3181396166210396,0.1542296025449534,-0.5405454097029443,-0.08155859655954861,-0.22276160668498532
7.585,18,1.638930780693502,0.4962959669411422,1.124855841194367,-0.24596925030798866,1.4308994941880935,0.6137679104456114,0.3177258837045637,0.15311717068149658,-0.541386437951589,-0.0839320869446915,-0.22221010522158702
7.59,18,1.643930780693502,0.4978100515284459,1.1279179099837346,-0.24438167988353032,1.4316623047324328,0.6110589236090678,0.31730032058875557,0.15200751178620733,-0.5422044701767572,-0.08629067503215919,-0.22165242767635635
7.595,18,1.6489307806935019,0.4993241361157496,1.1309664237091022,-0.24279626669488497,1.432419573978844,0.6083459039469203,0.31686300180400884,0.15090065661562044,-0.5429995805562192,-0.08863435325972668,-0.2210886235986977
7.6000000000000005,18,1.6539307806935026,0.5008382207030536,1.1340013624925556,-0.24121306933399322,1.4331713160223254,0.6056289658829519,0.3164140019185283,0.1497966356785251,-0.5437718432677511,-0.09096311406516895,-0.22051874253801512
7.605,18,1.6589307806935025,0.5023523052903572,1.137022707027371,-0.2396321460198595,1.4339175451098005,0.6029082234700596,0.31595339553833096,0.14869547923596305,-0.544521332489123,-0.09327694988626063,-0.21994283404371315
7.61,18,1.6639307806935024,0.503866389877661,1.1400304385761648,-0.23805355459836353,1.4346582756388784,0.6001837903902479,0.31548125730724347,0.14759721730122843,-0.5452481223981092,-0.09557585316077671,-0.21936094766519607
7.615,18,1.6689307806935023,0.5053804744649647,1.143024538969034,-0.23647735254207147,1.4353935221566152,0.5974557799546366,0.3149976619069048,0.14650187963986913,-0.5459522871724822,-0.09785981632649378,-0.21877313295186848
7.62,18,1.6739307806935022,0.5068945590522684,1.1460049906017056,-0.23490359695004626,1.4361232993582762,0.5947243051034516,0.3145026840567638,0.14540949576968543,-0.5466339009900141,-0.1001288318211855,-0.2181794394531341
7.625,18,1.678930780693502,0.508408643639572,1.1489717764336786,-0.2333323445476606,1.4368476220860948,0.5919894784060351,0.3139963985140817,0.1443200949607314,-0.5472930380284777,-0.1023828920826275,-0.2175799167183973
7.63,18,1.683930780693502,0.5099227282268758,1.1519248799863728,-0.23176365168640378,1.4375665053280362,0.5892514120608362,0.3134788800739302,0.1432337062353126,-0.5479297724656468,-0.10462198954859543,-0.2169746142970628
7.635,18,1.6889307806935019,0.5114368128141795,1.1548642853412738,-0.2301975743436978,1.4382799642165585,0.5865102178954181,0.31295020356919206,0.1421503583679893,-0.5485441784792928,-0.10684611665686358,-0.21636358173853437
7.640000000000001,18,1.6939307806935027,0.5129508974014835,1.1577899771380766,-0.22863416812270343,1.4389880140273716,0.5837660073664517,0.3124104438705607,0.14107007988557307,-0.5491363302471884,-0.1090552658452079,-0.21574686859221648
7.6450000000000005,18,1.6989307806935026,0.5144649819887872,1.16070194057283,-0.2270734882521358,1.4396906701782013,0.5810188915597249,0.31185967588654334,0.13999289906713075,-0.5497063019471081,-0.11124942955140306,-0.21512452440751362
7.65,18,1.7039307806935025,0.5159790665760908,1.163600161396089,-0.22551558958607199,1.4403879482275488,0.5782689811901317,0.31129797456345465,0.13891884394398002,-0.5502541677568232,-0.11342860021322403,-0.21449659873383023
7.655,18,1.7089307806935023,0.5174931511633946,1.1664846259110535,-0.22396052660376153,1.441079863873453,0.5755163866016777,0.31072541488542166,0.13784794229969194,-0.5507800018541065,-0.1155927702684464,-0.21386314112056998
7.66,18,1.7139307806935022,0.5190072357506983,1.1693553209717165,-0.22240835340944176,1.4417664329522508,0.5727612177674816,0.31014207187438486,0.13678022167009116,-0.5512838784167315,-0.11774193215484485,-0.2132242011171378
7.665,18,1.7189307806935021,0.520521320338002,1.17221223398101,-0.2208591237321419,1.442447671437339,0.5700035842897712,0.30954802059009195,0.1357157093432551,-0.5517658716224699,-0.11987607831019532,-0.21257982827293756
7.67,18,1.723930780693502,0.5220354049253056,1.175055352888948,-0.2193128909255021,1.4431235954379353,0.5672435953998887,0.3089433361301046,0.13465443235951396,-0.5522260556490953,-0.12199520117227182,-0.2119300721373738
7.675,18,1.728930780693502,0.5235494895126094,1.1778846661907763,-0.21776970796757722,1.4437942211978405,0.564481359958283,0.30832809362979485,0.13359641751145118,-0.5526645046743798,-0.12409929317885028,-0.21127498225985059
7.68,18,1.7339307806935018,0.5250635740999131,1.180700162925114,-0.216229627460652,1.4444595650941978,0.5617169864545181,0.3077023682623457,0.1325416913439033,-0.5530812928760971,-0.12618834676770568,-0.21061460818977285
7.6850000000000005,18,1.7389307806935026,0.5265776586872171,1.183501832672103,-0.2146927016310497,1.445119643636256,0.558950583007265,0.3070662352387514,0.13149028015395917,-0.5534764944320192,-0.12826235437661362,-0.20994899947654372
7.69,18,1.7439307806935025,0.5280917432745208,1.1862896655515478,-0.21315898232894515,1.4457744734641294,0.5561822573643105,0.30641976980781666,0.13044220999096076,-0.5538501835199188,-0.13032130844334816,-0.20927820566956834
7.695,18,1.7489307806935024,0.5296058278618245,1.189063652221069,-0.21162852102817398,1.4464240713475602,0.5534121169025494,0.30576304725615794,0.12939750665650376,-0.5542024343175679,-0.13236520140568517,-0.20860227631825085
7.7,18,1.7539307806935023,0.5311199124491282,1.1918237838742398,-0.21010136882604613,1.447068454184679,0.5506402686279884,0.3050961429082038,0.1283561957044364,-0.5545333210027413,-0.13439402570139936,-0.2079212609719954
7.705,18,1.7589307806935022,0.5326339970364319,1.1945700522387397,-0.2085775764431511,1.447707639000766,0.5478668191757472,0.30441913212619254,0.12731830244085954,-0.5548429177532104,-0.13640777376826665,-0.2072352091802066
7.71,18,1.763930780693502,0.5341480816237356,1.1973024495744953,-0.20705719422317614,1.4483416429470126,0.5450918748100521,0.30373209031017306,0.12628385192412775,-0.555131298746748,-0.1384064380440617,-0.20654417049228843
7.715,18,1.768930780693502,0.5356621662110393,1.2000209686718268,-0.20554027213271187,1.4489704832992834,0.5423155414242448,0.3030350928980073,0.12525286896484816,-0.555398538161127,-0.14039001096655945,-0.2058481944576452
7.72,18,1.7739307806935019,0.537176250798343,1.2027256028495954,-0.20402685976106583,1.4495941774568752,0.5395379245407768,0.3023282153653671,0.12422537812588037,-0.5556447101741201,-0.14235848497353493,-0.20514733062568158
7.7250000000000005,18,1.7789307806935026,0.5386903353856469,1.2054163459533453,-0.20251700632007152,1.4502127429412817,0.5367591293112093,0.30161153322573464,0.1232014037223375,-0.5558698889634998,-0.14431185250276438,-0.2044416285458008
7.73,18,1.7839307806935025,0.5402044199729507,1.2080931923534524,-0.20101076064390322,1.4508261973949506,0.5339792605162177,0.300885122030406,0.12218096982158655,-0.5560741487070398,-0.14625010599202146,-0.2037311377674089
7.735,18,1.7889307806935024,0.5417185045602544,1.210756136943269,-0.19950817118888098,1.4514345585800488,0.5311984225655858,0.30014905736848474,0.1211641002432454,-0.5562575635825121,-0.14817323787908246,-0.20301590783990864
7.74,18,1.7939307806935023,0.5432325891475581,1.2134051751372676,-0.1980092860332866,1.4520378443772206,0.5284167194982096,0.2994034148668888,0.1201508185591868,-0.5564202077676891,-0.1500812406017217,-0.2022959883127047
7.745,18,1.7989307806935022,0.5447466737348617,1.2160403028691906,-0.19651415287717222,1.4526360727843515,0.5256342549820965,0.2986482701903456,0.11914114809353579,-0.5565621554403437,-0.1519741065977148,-0.20157142873520184
7.75,18,1.803930780693502,0.5462607583221655,1.21866151659019,-0.19502281904217267,1.4532292619153278,0.5228511323143638,0.2978836990413931,0.11813511192266939,-0.5566834807782493,-0.15385182830483674,-0.20084227865680437
7.755,18,1.808930780693502,0.5477748429094692,1.2212688132669787,-0.19353533147131452,1.4538174299987978,0.5200674544212427,0.2971097771603825,0.11713273287522014,-0.556784257959178,-0.1557143981608625,-0.2001085876269161
7.76,18,1.8139307806935019,0.5492889274967729,1.2238621903799722,-0.19205173672882758,1.4544005953769341,0.5172833238580713,0.2963265803254738,0.11613403353207065,-0.556864561160903,-0.1575618086035677,-0.1993704051949412
7.765000000000001,18,1.8189307806935027,0.5508030120840769,1.2264416459214373,-0.1905720809999577,1.4549787765041944,0.5144988428093024,0.29553418435263906,0.11513903622635857,-0.5569244645611969,-0.15939405207072793,-0.19862778091028427
7.7700000000000005,18,1.8239307806935026,0.5523170966713806,1.2290071783936332,-0.1890964100907767,1.4555519919460829,0.5117141130884979,0.2947326650956626,0.11414776304347332,-0.5569640423378321,-0.16121112100011625,-0.1978807643223498
7.775,18,1.8289307806935025,0.5538311812586842,1.2315587868069613,-0.187624769427991,1.4561202603779106,0.5089292361383332,0.2939220984461383,0.11316023582105804,-0.5569833686685811,-0.16301300782950992,-0.19712940498054143
7.78,18,1.8339307806935023,0.555345265845988,1.2340964706781083,-0.1861572040587557,1.456683600583558,0.5061443130305924,0.29310256033347065,0.11217647614900862,-0.5569825177312179,-0.16479970499668323,-0.1963737524342641
7.785,18,1.8389307806935022,0.5568593504332917,1.2366202300281932,-0.18469375865048454,1.4572420314542351,0.5033594444661714,0.2922741267248788,0.11119650536947373,-0.5569615637035142,-0.16657120493941116,-0.1956138562329223
7.79,18,1.8439307806935021,0.5583734350205954,1.2391300653809123,-0.18323447749066057,1.4577955719872446,0.5005747307750786,0.2914368736253884,0.11022034457685553,-0.5569205807632431,-0.16832750009546932,-0.19484976592591968
7.795,18,1.848930780693502,0.5598875196078991,1.2416259777606846,-0.18177940448664665,1.45834424128474,0.4977902719164307,0.29059087707783854,0.10924801461780854,-0.5568596430881777,-0.17006858290263208,-0.19408153106266068
7.8,18,1.853930780693502,0.5614016041952028,1.2441079686907976,-0.18032858316549716,1.4588880585524904,0.4950061674784585,0.2897362131628805,0.10827953609124032,-0.5567788248560901,-0.17179444579867598,-0.1933092011925498
7.805000000000001,18,1.8589307806935027,0.5629156887825068,1.2465760401915538,-0.178882056673768,1.4594270430986391,0.4922225166785013,0.2888729579989737,0.10731492934831172,-0.5566782002447526,-0.17350508122137506,-0.19253282586499101
7.8100000000000005,18,1.8639307806935026,0.5644297733698105,1.2490301947784117,-0.17743986777732978,1.4599612143324658,0.48943941836301286,0.28800118774239236,0.1063542144924372,-0.5565578434319391,-0.17520048160850463,-0.19175245462938878
7.815,18,1.8689307806935025,0.5659438579571142,1.2514704354601378,-0.17600205886117737,1.4604905917631483,0.4866569710075555,0.28712097858721913,0.10539741137928237,-0.5564178285954215,-0.17688063939784024,-0.1909681370351482
7.82,18,1.8739307806935024,0.5674579425444178,1.2538967657369484,-0.17456867192923797,1.4610151949985233,0.4838752727168028,0.28623240676534706,0.10444453961676768,-0.5562582299129736,-0.1785455470271563,-0.19017992263167213
7.825,18,1.8789307806935023,0.5689720271317216,1.2563091895986571,-0.17313974860418757,1.4615350437438477,0.4810944212245396,0.2853355485464843,0.10349561856506559,-0.5560791215623673,-0.18019519693422836,-0.18938786096836555
7.83,18,1.8839307806935022,0.5704861117190253,1.2587077115228167,-0.1717153301272577,1.4620501578005598,0.4783145138936629,0.28443048023814627,0.10255066733660148,-0.555880577721375,-0.18182958155683146,-0.18859200159463305
7.835,18,1.888930780693502,0.572000196306329,1.26109233647287,-0.17029545735804852,1.4625605570650408,0.47553564771618073,0.2835172781856608,0.10160970479605434,-0.5556626725677696,-0.1834486933327415,-0.18779239405987827
7.84,18,1.893930780693502,0.5735142808936327,1.26346306989629,-0.16888017077433848,1.4630662615273757,0.47275791931321026,0.28259601877216667,0.10067274956035564,-0.555425480279325,-0.18505252469973185,-0.1869890879135059
7.845,18,1.8989307806935019,0.5750283654809364,1.2658199177227307,-0.1674695104718954,1.463567291270115,0.469981424934982,0.28166677841861537,0.09973981999868951,-0.5551690750338122,-0.18664106809557973,-0.1861821327049202
7.8500000000000005,18,1.9039307806935026,0.5765424500682403,1.268162886362167,-0.16606351616428972,1.4640636664670355,0.46720626046083785,0.2807296335837668,0.09881093423249422,-0.5548935310090058,-0.18821431595805918,-0.18537157798352516
7.855,18,1.9089307806935025,0.5780565346555441,1.270491982703047,-0.16466222718270151,1.4645554073819023,0.4644325213992276,0.2797846607641937,0.09788611013545974,-0.5545989223826774,-0.18977226072494516,-0.18455747329872604
7.86,18,1.9139307806935024,0.5795706192428478,1.2728072141104303,-0.16326568247573336,1.465042534367229,0.4616603028877166,0.27883193649428,0.09696536533353005,-0.5542853233325987,-0.19131489483401326,-0.18373986819992588
7.865,18,1.9189307806935023,0.5810847038301515,1.2751085884241398,-0.16187392060922445,1.46552506786304,0.4588896996929782,0.2778715373462201,0.09604871720490175,-0.5539528080365446,-0.1928422107230385,-0.18291881223652995
7.87,18,1.9239307806935022,0.5825987884174552,1.277396113956902,-0.16048697976605386,1.4660030283956313,0.4561208062107987,0.27690353993002026,0.09513618288002358,-0.553601450672287,-0.1943542008297955,-0.18209435495794185
7.875,18,1.928930780693502,0.5841128730047589,1.2796697994924975,-0.15910489774595982,1.4664764365763316,0.4533537164660728,0.27592802089349655,0.09422777924159846,-0.5532313254175993,-0.19585085759206053,-0.18126654591356645
7.88,18,1.933930780693502,0.5856269575920626,1.2819296542839023,-0.15772771196534563,1.4669453131002634,0.45058852411281036,0.2749450569222778,0.09332352292458213,-0.5528425064502527,-0.19733217344760795,-0.18043543465280754
7.885,18,1.9389307806935019,0.5871410421793662,1.2841756880514368,-0.1563554594570914,1.4674096787451054,0.44782532243412904,0.27395472473980276,0.09242343031618208,-0.5524350679480204,-0.19879814083421332,-0.17960107072506956
7.890000000000001,18,1.9439307806935027,0.5886551267666703,1.2864079109809083,-0.1549881768703666,1.4678695543698526,0.445064204342258,0.27295710110732035,0.09152751755586044,-0.5520090840886763,-0.20024875218965135,-0.178763503679757
7.8950000000000005,18,1.9489307806935026,0.5901692113539739,1.288626333721761,-0.15362590047043823,1.4683249609135776,0.4423052623785402,0.2719522628238945,0.09063580053533142,-0.5515646290499912,-0.2016839999516973,-0.17792278306627382
7.9,18,1.9539307806935025,0.5916832959412777,1.2908309673852123,-0.1522686661384861,1.4687759193941927,0.43954858871342817,0.2709402867263968,0.0897482948985625,-0.5511017770097402,-0.2031038765581265,-0.17707895843402469
7.905,18,1.9589307806935023,0.5931973805285814,1.293021823542412,-0.150916509371409,1.46922245090721,0.4367942751464825,0.2699212496895095,0.08886501604177353,-0.5506206021456937,-0.20450837444671355,-0.17623207933241353
7.91,18,1.9639307806935022,0.5947114651158851,1.2951989142225762,-0.14956946528163784,1.469664576624505,0.4340424131063805,0.2688952286257297,0.08798597911343836,-0.5501211786356265,-0.20589748605523445,-0.175382195310845
7.915,18,1.9689307806935021,0.5962255497031888,1.2973622519111376,-0.14822756859694797,1.4701023177930739,0.4312930936509073,0.2678623004853613,0.0871111990142825,-0.5496035806573096,-0.20727120382146316,-0.17452935591872326
7.92,18,1.973930780693502,0.5977396342904925,1.2995118495478917,-0.14689085366026744,1.4705356957337983,0.4285464074669589,0.26682254225652247,0.08624069039728623,-0.5490678823885173,-0.2086295201831763,-0.17367361070545242
7.925,18,1.978930780693502,0.5992537188777962,1.30164772052514,-0.14555935442948942,1.470964731840206,0.4258024448705435,0.2657760309651408,0.08537446766768107,-0.5485141580070215,-0.20997242757814785,-0.17281500922043697
7.930000000000001,18,1.9839307806935027,0.6007678034651002,1.3037698786858394,-0.14423310447728233,1.4713894475772302,0.4230612958067796,0.2647228436749553,0.08451254498295235,-0.5479424816905945,-0.21129991844415377,-0.17195360101308102
7.9350000000000005,18,1.9889307806935026,0.6022818880524039,1.3058783383217405,-0.14291213699090333,1.4718098644799735,0.4203230498498989,0.263663057487518,0.08365493625283828,-0.5473529276170103,-0.21261198521896874,-0.17108943563278892
7.94,18,1.9939307806935025,0.6037959726397076,1.3079731141715427,-0.14159648477200604,1.4722260041524668,0.4175877962032418,0.2625967495421885,0.08280165513933023,-0.54674556996404,-0.21390862034036767,-0.17022256262896576
7.945,18,1.9989307806935024,0.6053100572270113,1.310054221419031,-0.14028618023645223,1.472637888266432,0.41485562369926204,0.2615239970161403,0.08195271505667266,-0.546120482909458,-0.2151898162461262,-0.16935303155101486
7.95,18,2.0039307806935023,0.606824141814315,1.3121216756912293,-0.13898125541412287,1.473045538560043,0.4121266207995209,0.260444877124357,0.08110812917136156,-0.5454777406310364,-0.21645556537401903,-0.16848089194834034
7.955,18,2.008930780693502,0.6083382264016187,1.3141754930565386,-0.13768174194873184,1.473448976836686,0.40940087559469446,0.2593594671196333,0.08026791040214756,-0.5448174173065466,-0.21770586016182172,-0.16760619337034674
7.96,18,2.013930780693502,0.6098523109889223,1.3162156900228876,-0.13638767109763295,1.473848224963723,0.40667847580456984,0.2582678442925762,0.07943207142003501,-0.5441395871137646,-0.21894069304730895,-0.16672898536643943
7.965,18,2.018930780693502,0.6113663955762261,1.3182422835358771,-0.13509907373163166,1.4742433048712509,0.40395950877804127,0.25717008597160157,0.07860062464827751,-0.5434443242304596,-0.22016005646825632,-0.16584931748602114
7.97,18,2.023930780693502,0.6128804801635298,1.3202552909769245,-0.13381598033479858,1.474634238550863,0.4012440614931188,0.25606626952293854,0.07777358226238626,-0.5427317028344065,-0.22136394286243882,-0.1649672392784971
7.9750000000000005,18,2.0289307806935026,0.6143945647508338,1.3222547301614107,-0.13253842100427693,1.475021048054411,0.39853222055692084,0.254956472350625,0.07695095619012214,-0.5420017971033765,-0.22255234466763177,-0.16408280029327085
7.98,18,2.0339307806935025,0.6159086493381375,1.3242406193368226,-0.13126642545009737,1.4754037554927675,0.3958240722056799,0.25384077189651344,0.0761327581115008,-0.5412546812151441,-0.22372525432160978,-0.16319605007974797
7.985,18,2.0389307806935024,0.6174227339254412,1.3262129771809046,-0.13000002299498392,1.4757823830345833,0.39311970230473636,0.25271924564026416,0.07531899945878939,-0.5404904293474804,-0.22488266426214817,-0.1623070381873313
7.99,18,2.0439307806935023,0.6189368185127448,1.3281718227997992,-0.12873924257417124,1.476156952905053,0.3904191963485414,0.2515919710993512,0.07450969141650984,-0.5397091156781604,-0.22602456692702255,-0.16141581416542577
7.995,18,2.048930780693502,0.6204509031000486,1.3301171757261916,-0.12748411273520877,1.4765274873846739,0.3877226394606616,0.2504590258290585,0.07370484492143546,-0.5389108143849553,-0.22715095475400757,-0.16052242756343607
8.0,18,2.053930780693502,0.6219649876873523,1.3320490559174603,-0.12623466163777664,1.4768940088080078,0.3850301163937691,0.249320487422478,0.07290447066259358,-0.5380955996456369,-0.22826182018087854,-0.1596269279307663
8.005,18,2.058930780693503,0.6234790722746563,1.3339674837538211,-0.12499091705349474,1.477256539562443,0.38234171152965135,0.2481764335105196,0.07210857908126297,-0.5372635456379791,-0.22935715564541043,-0.15872936481681996
8.01,18,2.063930780693502,0.6249931568619597,1.3358724800364672,-0.12375290636573466,1.4776151020869528,0.37965750887920724,0.24702694176189913,0.07131718037097858,-0.5364147265397554,-0.23043695358537886,-0.15782978777100215
8.015,18,2.0689307806935027,0.6265072414492637,1.3377640659857228,-0.12252065656942801,1.477969718870861,0.3769775920824418,0.24587208988314377,0.07053028447752381,-0.5355492165287365,-0.23150120643855845,-0.1569282463427167
8.02,18,2.0739307806935017,0.6280213260365671,1.3396422632391831,-0.1212941942708815,1.4783204124526,0.3743020444084786,0.24471195561859477,0.06974790109893954,-0.5346670897826968,-0.23254990664272454,-0.1560247900813692
8.025,18,2.0789307806935025,0.6295354106238711,1.3415070938498639,-0.12007354568758288,1.478667205418473,0.371630948755543,0.2435466167504021,0.06897003968551635,-0.5337684204794081,-0.2335830466356521,-0.15511946853636158
8.03,18,2.0839307806935015,0.6310494952111745,1.343358580284341,-0.11885873664801883,1.4790101204014152,0.3689643876509837,0.2423761510985276,0.0681967094397997,-0.532853282796644,-0.23460061885511674,-0.1542123312571005
8.035,18,2.0889307806935022,0.6325635797984784,1.3451967454209026,-0.11764979259147668,1.4793491800797556,0.36630244325124756,0.24120063652074394,0.06742791931658701,-0.5319217509121772,-0.23560261573889343,-0.15330342779298867
8.040000000000001,18,2.093930780693503,0.6340776643857825,1.3470216125476908,-0.11644673856786392,1.4796844071759776,0.36364519734190087,0.2400201509126352,0.0666636780229288,-0.5309738990037793,-0.23658902972475715,-0.15239280769343072
8.045,18,2.098930780693502,0.6355917489730859,1.34883320536085,-0.11524959923751454,1.48001582445548,0.3609927313376199,0.23883477220759627,0.06590399401812948,-0.5300098012492248,-0.2375598532504822,-0.15148052050783176
8.05,18,2.103930780693503,0.6371058335603899,1.3506315479626698,-0.11405839887099989,1.48034345472534,0.35834512628218973,0.23764457837683448,0.06514887551374463,-0.5290295318262856,-0.23851507875384587,-0.15056661578559496
8.055,18,2.108930780693502,0.6386199181476933,1.3524166648597278,-0.11287316134894321,1.4806673208330716,0.3557024628485096,0.23644964742936583,0.06439833047358565,-0.5280331649127333,-0.23945469867262115,-0.14965114307612545
8.06,18,2.1139307806935026,0.6401340027349973,1.3541885809610477,-0.11169391016182495,1.4809874456653902,0.3530648213385844,0.23525005741201935,0.06365236661371332,-0.5270207746863412,-0.2403787054445843,-0.14873415192882672
8.065,18,2.1189307806935016,0.6416480873223007,1.3559473215762265,-0.11052066840980024,1.4813038521469704,0.35043228168353696,0.23404588640943538,0.06291099140244455,-0.5259924353248837,-0.24128709150751004,-0.14781569189310453
8.07,18,2.1239307806935024,0.6431621719096047,1.357692912413595,-0.10935345880250413,1.4816165632392102,0.3478049234435973,0.23283721254406248,0.06217421206034727,-0.5249482210061325,-0.24217984929917424,-0.14689581251836104
8.075,18,2.1289307806935014,0.6446762564969081,1.3594253795783573,-0.10819230365886556,1.4819256019389906,0.34518282580810755,0.23162411397616559,0.06144203556024338,-0.5238882059078593,-0.24305697125735096,-0.14597456335400255
8.08,18,2.133930780693502,0.6461903410842121,1.3611447495707354,-0.10703722490691792,1.4822309912774378,0.34256606759552116,0.23040666890381523,0.060714468627207675,-0.5228124642078382,-0.24391844981981609,-0.14505199394943172
8.085,18,2.138930780693503,0.6477044256715161,1.362851049284117,-0.10588824408361008,1.482532754318684,0.33995472725340226,0.22918495556289695,0.059991517738567306,-0.5217210700838407,-0.24476427742434465,-0.1441281538540543
8.09,18,2.143930780693502,0.6492185102588195,1.364544306003202,-0.10474538233461594,1.4828309141586276,0.33734888285842635,0.22795905222710555,0.05927318912390259,-0.5206140977136414,-0.24559444650871157,-0.14320309261727382
8.095,18,2.1489307806935027,0.6507325948461234,1.366224547402145,-0.10360866041414674,1.4831254939236964,0.3347486121163799,0.22672903720794724,0.05855948876504755,-0.5194916212750114,-0.24640894951069217,-0.14227685978849425
8.1,18,2.1539307806935017,0.652246679433427,1.3678918015426997,-0.1024780986847621,1.483416516769608,0.3321539923621605,0.22549498885473954,0.057850422396088765,-0.5183537149457244,-0.24720777886806078,-0.1413495049171205
8.105,18,2.1589307806935025,0.6537607640207309,1.3695460968723725,-0.10135371711718,1.4837040058801314,0.3295651005597769,0.2242569855546114,0.057145995503365514,-0.5172004529035522,-0.24799092701859432,-0.14042107755255692
8.11,18,2.1639307806935015,0.6552748486080343,1.371187462222559,-0.10023553529008866,1.483987984465847,0.3269820133023503,0.22301510573250255,0.05644621332546957,-0.516031909326268,-0.24875838640006614,-0.13949162724420747
8.115,18,2.1689307806935023,0.6567889331953383,1.3728159268066953,-0.09912357238995562,1.4842684757629092,0.3244048068121094,0.2217694278511628,0.05575108085324707,-0.5148481583916449,-0.24951014945025285,-0.1385612035414758
8.120000000000001,18,2.173930780693503,0.6583030177826422,1.3744315202183988,-0.09801784721084272,1.484545503031808,0.3218335569403989,0.22052003041115487,0.05506060282979619,-0.5136492742774545,-0.2502462086069287,-0.1376298559937672
8.125,18,2.178930780693502,0.6598171023699457,1.3760342724296186,-0.09691837815421322,1.4848190895561282,0.319268339167672,0.21926699195085295,0.054374783750468794,-0.5124353311614717,-0.2509665563078691,-0.1366976341504863
8.13,18,2.183930780693503,0.6613311869572497,1.3776242137887769,-0.09582518322874345,1.4850892586413122,0.31670922860349154,0.21801039104644035,0.053693627862868507,-0.5112064032214684,-0.25167118499084895,-0.1357645875610364
8.135,18,2.188930780693502,0.6628452715445531,1.379201375018919,-0.09473828005013452,1.485356033613423,0.31415629998653505,0.2167503063119118,0.05301713916685286,-0.509962564635216,-0.25236008709364327,-0.1348307657748222
8.14,18,2.1939307806935027,0.664359356131857,1.3807657872158552,-0.0936576858409236,1.4856194378179013,0.3116096276845872,0.215486816399074,0.052345321414532416,-0.5087038895804877,-0.2530332550540279,-0.1338962183412476
8.145,18,2.1989307806935017,0.6658734407191605,1.3823174818463047,-0.0925834174302943,1.4858794946183291,0.3090692856945474,0.21421999999754596,0.05167817811027049,-0.5074304522350572,-0.253690681309777,-0.13296099480971774
8.15,18,2.2039307806935025,0.6673875253064645,1.3838564907460507,-0.09151549125388592,1.486136227395192,0.30653534764242557,0.2129499358347552,0.051015712510683035,-0.5061423267766969,-0.25433235829866674,-0.13202514472963647
8.155,18,2.2089307806935015,0.6689016098937679,1.3853828461180713,-0.09045392335360847,1.4863896595446389,0.30400788678333923,0.21167670267594085,0.05035792762463903,-0.5048395873831792,-0.2549582784584714,-0.13108871765040755
8.16,18,2.2139307806935022,0.6704156944810719,1.3868965805306999,-0.08939872937744997,1.4866398144772432,0.3014869760015224,0.21040037932415534,0.04970482621326177,-0.5035223082322774,-0.25556843422696707,-0.13015176312143584
8.165000000000001,18,2.218930780693503,0.6719297790683758,1.3883977269157592,-0.08834992457928881,1.486886715616765,0.2989726878103163,0.20912104462026074,0.04905641078992528,-0.5021905635017618,-0.2561628180419283,-0.12921433069212557
8.17,18,2.223930780693502,0.6734438636556793,1.389886318566712,-0.08730752381870499,1.4871303863989125,0.296465094352174,0.20783877744292875,0.04841268362025864,-0.5008444273694097,-0.25674142234112973,-0.12827646991188144
8.175,18,2.228930780693503,0.6749579482429833,1.3913623891368092,-0.08627154156079009,1.4873708502701009,0.2939642673986614,0.20655365670864587,0.04777364672214263,-0.49948397401298994,-0.25730423956234705,-0.12733823033010672
8.18,18,2.233930780693502,0.6764720328302867,1.3928259726372272,-0.08524199187595916,1.4876081306862168,0.29147027835045514,0.20526576137170643,0.04713930186571144,-0.49810927761027785,-0.2578512621433552,-0.1263996614962067
8.185,18,2.2389307806935026,0.6779861174175906,1.3942771034352257,-0.08421888843975933,1.4878422511113785,0.28898319823733937,0.2039751704242162,0.04650965057335164,-0.49672041233904446,-0.2583824825219301,-0.12546081295958475
8.19,18,2.2439307806935016,0.6795002020048941,1.3957158162522794,-0.08320224453268621,1.4880732350166954,0.2865030977182159,0.20268196289609502,0.045884694119704555,-0.49531745237706354,-0.2588978931358464,-0.12452173426964644
8.195,18,2.2489307806935024,0.6810142865921981,1.3971421461622324,-0.08219207303998888,1.488301105879032,0.28403004708109014,0.2013862178550692,0.04526443353166175,-0.4939004719021057,-0.2593974864228791,-0.12358247497579476
8.2,18,2.2539307806935014,0.6825283711795015,1.3985561285894412,-0.08118838645148341,1.4885258871797669,0.281564116243087,0.20008801440668128,0.04464886958837061,-0.4924695450919471,-0.2598812548208028,-0.1226430846274347
8.205,18,2.258930780693502,0.6840424557668054,1.3999577993069254,-0.08019119686136389,1.4887476024035564,0.27910537475043445,0.19878743169428037,0.04403800282122929,-0.49102474612435715,-0.2603491907673939,-0.12170361277397054
8.21,18,2.263930780693503,0.6855565403541095,1.4013471944345017,-0.07920051596801392,1.4889662750370927,0.27665389177847444,0.19748454889902906,0.043431833513890246,-0.48956614917711017,-0.26080128670042596,-0.12076410896480627
8.215,18,2.268930780693502,0.6870706249414129,1.4027243504369393,-0.07821635507381564,1.4891819285678687,0.2742097361316653,0.19617944523990238,0.04283036170225822,-0.4880938284279806,-0.2612375350576759,-0.11982462274934652
8.22,18,2.2739307806935027,0.6885847095287169,1.4040893041221028,-0.07723872508496188,1.4893945864829354,0.27177297624356905,0.19487219997368302,0.04223358717449167,-0.4866078580547376,-0.2616579282769178,-0.11888520367699526
8.225,18,2.2789307806935017,0.6900987941160203,1.4054420926390974,-0.07626763651126878,1.489604272267668,0.26934368017686217,0.19356289239496716,0.041641509471001245,-0.48510831223515755,-0.26206245879592655,-0.11794590129715744
8.23,18,2.2839307806935025,0.6916128787033243,1.406782753476415,-0.07530309946598124,1.4898110094045212,0.26692191562333223,0.19225160183616125,0.04105412788445014,-0.4835952651470103,-0.2624511190524784,-0.11700676515923608
8.235,18,2.2889307806935015,0.6931269632906277,1.4081113244600754,-0.07434512366559243,1.4900148213717956,0.2645077499038777,0.19093840766748366,0.04047144145975642,-0.48206879096806965,-0.26282390148434714,-0.11606784481263643
8.24,18,2.2939307806935023,0.6946410478779317,1.409427843751781,-0.07339371842964504,1.4902157316423974,0.2621012499685065,0.18962338929696204,0.03989344899408924,-0.4805289638761093,-0.263180798529309,-0.11512918980676284
8.245000000000001,18,2.298930780693503,0.6961551324652356,1.410732349847054,-0.07244889268055099,1.4904137636825978,0.25970248239634014,0.18830662617043803,0.03932014903687168,-0.4789758580488992,-0.2635218026251386,-0.1141908496910186
8.25,18,2.303930780693502,0.6976692170525391,1.412024881573384,-0.07151065494339715,1.4906089409507965,0.2573115133956133,0.18698819777156303,0.038751539889779966,-0.4774095476642162,-0.2638469062096109,-0.11325287401480998
8.255,18,2.308930780693503,0.6991833016398431,1.4133054780883787,-0.07057901334575523,1.490801286896283,0.25492840880366513,0.18566818362179824,0.03818761960674201,-0.475830106899829,-0.2641561017205015,-0.11231531232753965
8.26,18,2.313930780693502,0.7006973862271465,1.414574178877899,-0.06965397561750108,1.4909908249579948,0.25255323408695224,0.18434666328041838,0.037628385993940784,-0.4742376099335133,-0.2644493815955855,-0.11137821417861192
8.265,18,2.3189307806935027,0.7022114708144505,1.415831023754219,-0.06873554909061197,1.4911775785632835,0.2501860543410374,0.1830237163445057,0.03707383660980999,-0.47263213094304085,-0.2647267382726381,-0.11044162911743206
8.27,18,2.3239307806935017,0.703725555401754,1.4170760528541566,-0.06782374069899,1.4913615711266721,0.2478269342905991,0.18169942244895876,0.03652396876503759,-0.47101374410618346,-0.26498816418943394,-0.10950560669340342
8.275,18,2.3289307806935025,0.7052396399890579,1.418309306637228,-0.06691855697826854,1.4915428260486183,0.24547593828942255,0.1803738612664826,0.035978779522564966,-0.4693825236007156,-0.265233651783749,-0.10857019645593029
8.28,18,2.3339307806935015,0.7067537245763613,1.4195308258837909,-0.06602000406562192,1.4917213667142741,0.24313313032040987,0.1790471125075958,0.03543826569758532,-0.46773854360440836,-0.2654631934933573,-0.10763544795441794
8.285,18,2.3389307806935022,0.7082678091636653,1.4207406516931924,-0.06512808769957557,1.4918972164922493,0.24079857399556764,0.17771925592062723,0.034902423857545294,-0.46608187829503617,-0.26567678175603504,-0.10670141073826972
8.290000000000001,18,2.343930780693503,0.7097818937509692,1.4219388254819096,-0.06424281321982062,1.4920703987333712,0.23847233255601724,0.17639037129171764,0.0343712503221447,-0.46441260185036953,-0.26587440900955595,-0.10576813435689024
8.295,18,2.348930780693502,0.7112959783382727,1.4231253889816993,-0.06336418556702361,1.4922409367694458,0.23615446887199204,0.17506053844481703,0.03384474116333589,-0.4627307884481822,-0.26605606769169665,-0.10483566835968382
8.3,18,2.353930780693503,0.7128100629255767,1.4243003842377424,-0.06249220928263444,1.4924088539120195,0.2338450454428348,0.17372983724168892,0.03332289220532481,-0.46103651226624803,-0.26622175024023204,-0.10390406229605507
8.305,18,2.358930780693502,0.7143241475128801,1.4254638536067872,-0.061626888508702904,1.4925741734511417,0.23154412439699978,0.17239834758190822,0.03280569902457016,-0.45932984748233935,-0.2663714490929368,-0.10297336571540733
8.31,18,2.3639307806935026,0.715838232100184,1.4266158397553004,-0.06076822698768358,1.4927369186541222,0.22925176749205223,0.17106614940285686,0.03229315694978379,-0.45761086827422803,-0.26650515668758656,-0.10204362816714588
8.315,18,2.3689307806935016,0.7173523166874876,1.4277563856576079,-0.0599162280622495,1.492897112764298,0.22696803611466884,0.16973332267973246,0.03178526106192899,-0.4558796488196865,-0.2666228654619557,-0.1011148992006747
8.32,18,2.3739307806935024,0.7188664012747915,1.42888553459404,-0.05907089467510673,1.493054778999789,0.22469299128063683,0.16839994742554137,0.031282006194224825,-0.4541362632964892,-0.26672456785382004,-0.10018722836539809
8.325,18,2.3789307806935014,0.7203804858620949,1.430003330149081,-0.05823222936879768,1.4932099405522634,0.22242669363485484,0.16706610369110234,0.03078338693214117,-0.45238078588240854,-0.26681025630095434,-0.09926066521072034
8.33,18,2.383930780693502,0.7218945704493989,1.4311098162095126,-0.05740023428551744,1.4933626205856965,0.2201692034513347,0.16573187156504385,0.030289397613401204,-0.4506132907552151,-0.2668799232411335,-0.09833525928604546
8.335,18,2.388930780693503,0.7234086550367028,1.432205036962559,-0.05657491116692348,1.4935128422351334,0.21792058063319486,0.16439733117380584,0.029800032327981344,-0.4488338520926839,-0.2669335611121335,-0.09741106014077773
8.34,18,2.393930780693502,0.7249227396240063,1.4332890368940288,-0.055756261353948955,1.4936606286054492,0.21568088471266908,0.16306256268164115,0.029315284918111566,-0.4470425440725867,-0.266971162351729,-0.09648811732432179
8.345,18,2.3989307806935027,0.7264368242113103,1.4343618607864708,-0.05494428578660726,1.4938060027701117,0.21345017485110154,0.16172764629061134,0.02883514897827448,-0.44523944087269735,-0.2669927193976953,-0.09556648038608258
8.35,18,2.4039307806935017,0.7279509087986137,1.4354235537173081,-0.05413898500381109,1.4939489877699401,0.2112285098389474,0.16039266224059148,0.028359617855205656,-0.443424616670787,-0.2669982246878074,-0.09464619887546312
8.355,18,2.4089307806935025,0.7294649933859176,1.4364741610569949,-0.05334035914317281,1.4940896066118703,0.2090159480957679,0.1590576908092637,0.027888684647891748,-0.4415981456446293,-0.26698767065984014,-0.09372732234186804
8.36,18,2.4139307806935015,0.7309790779732211,1.4375137284671504,-0.05254840794082882,1.4942278822677117,0.20681254767024337,0.15772281231212587,0.02742234220757526,-0.43976010197199616,-0.26696104975156926,-0.09280990033470161
8.365,18,2.4189307806935023,0.7324931625605251,1.4385423018987105,-0.051763130731241724,1.4943638376729105,0.20461836624016347,0.15638810710248555,0.02696058313775187,-0.4379105598306626,-0.26691835440076905,-0.09189398240336884
8.370000000000001,18,2.423930780693503,0.7340072471478291,1.4395599275900772,-0.050984526447008904,1.494497495725313,0.2024334611124219,0.15505365557145948,0.02650339979416651,-0.4360495933983979,-0.26685957704521585,-0.09097961809727334
8.375,18,2.428930780693502,0.7355213317351325,1.4405666520652534,-0.050212593618683354,1.494628879283923,0.20025788922303506,0.15371953814797804,0.026050784284821056,-0.4341772768529783,-0.2667847101226839,-0.09006685696582008
8.38,18,2.433930780693503,0.7370354163224365,1.4415625221319999,-0.04944733037457427,1.4947580111676655,0.19809170713711857,0.1523858352987818,0.02560272846996825,-0.43229368437217375,-0.2666937460709488,-0.08915574855841206
8.385,18,2.438930780693502,0.7385495009097399,1.4425475848799745,-0.048688734440564985,1.4948849141541485,0.19593497104890759,0.15105262752842116,0.02515922396211455,-0.43039889013375926,-0.2665866773277853,-0.08824634242445456
8.39,18,2.4439307806935027,0.7400635854970439,1.4435218876788776,-0.04793680313992266,1.4950096109784206,0.1937877367817472,0.14971999537925948,0.024720262126018758,-0.4284929683155047,-0.26646349633096894,-0.08733868811335156
8.395,18,2.4489307806935017,0.7415776700843473,1.4444854781766008,-0.047191533393106666,1.4951321243317368,0.19165005978809074,0.14838801943147148,0.024285834078694203,-0.42657599309518646,-0.26632419551827474,-0.08643283517450834
8.4,18,2.4539307806935025,0.7430917546716513,1.4454384042973716,-0.0464529217175772,1.4952524768603181,0.18952199514950144,0.14705678030304,0.02385593068940407,-0.42464803865057366,-0.266168767327477,-0.08552883315732725
8.405,18,2.4589307806935015,0.7446058392589547,1.446380714239893,-0.04572096422761873,1.4953706911641107,0.1874035975766621,0.1457263586497636,0.02343054257966868,-0.4227091791594421,-0.2659972041963523,-0.08462673161121421
8.41,18,2.4639307806935022,0.7461199238462587,1.447312456475501,-0.04499565663413463,1.4954867897955508,0.1852949214093558,0.14439683516524793,0.023009660123258436,-0.42075948879956226,-0.26580949856267505,-0.08372658008557259
8.415000000000001,18,2.468930780693503,0.7476340084335626,1.4482336797462985,-0.04427699424446907,1.4956007952583223,0.18319602061648405,0.14306829058091156,0.022593273446196896,-0.4187990417487092,-0.26560564286422045,-0.08282842812980695
8.42,18,2.473930780693502,0.749148093020866,1.4491444330633076,-0.04356497196221165,1.4957127300061224,0.18110694879605665,0.14174080566598335,0.022181372426760854,-0.4168279121846534,-0.2653856295387635,-0.08193232529332231
8.425,18,2.478930780693503,0.7506621776081701,1.4500447657046112,-0.04285958428701686,1.495822616441418,0.179027759175196,0.14041446122750575,0.02177394669548188,-0.4148461742851687,-0.26514945102407983,-0.08103832112552262
8.43,18,2.483930780693502,0.7521762621954735,1.450934727213506,-0.042160825314403794,1.495930476914209,0.1769585046101355,0.13908933811032986,0.021370985635142496,-0.4128539022280275,-0.26489709975794407,-0.08014646517581087
8.435,18,2.4889307806935026,0.7536903467827775,1.451814367396636,-0.04146868873557563,1.4960363337207931,0.1748992375862162,0.13776551719711597,0.020972478380777648,-0.41085117019100287,-0.26462856817813124,-0.0792568069935927
8.44,18,2.4939307806935016,0.7552044313700809,1.4526837363221479,-0.04078316783722735,1.4961402091025193,0.17285001021789453,0.13644307940834116,0.02057841381967827,-0.40883805235186665,-0.2643438487224169,-0.07836939612827237
8.445,18,2.4989307806935024,0.7567185159573849,1.4535428843178346,-0.04010425550135677,1.496242125244558,0.17081087424873836,0.1351221057022885,0.020188780591385232,-0.40681462288839393,-0.2640429338285758,-0.07748428212925422
8.45,18,2.5039307806935014,0.7582326005446883,1.4543918619692757,-0.03943194420507512,1.4963421042746547,0.16878188105142283,0.1338026770750562,0.019803567087693246,-0.4047809559783545,-0.26372581593438343,-0.07660151454594123
8.455,18,2.508930780693502,0.7597466851319923,1.4552307201179917,-0.0387662260204199,1.4964401682618964,0.16676308162773612,0.13248487456055,0.01942276145265046,-0.4027371257995216,-0.2633924874776152,-0.07572114292773935
8.46,18,2.513930780693503,0.7612607697192962,1.4560595098595819,-0.038107092614163895,1.4965363392154698,0.16475452660857853,0.13116877923048711,0.01904635158255811,-0.40068320652966816,-0.26304294089604535,-0.07484321682405189
8.465,18,2.518930780693502,0.7627748543065997,1.4568782825418722,-0.03745453524762754,1.4966306390834248,0.16275626625396233,0.1298544721944009,0.018674325125970337,-0.39861927234657135,-0.2626771686274502,-0.0739677857842835
8.47,18,2.5239307806935027,0.7642889388939037,1.4576870897630645,-0.03680854477648621,1.4967230897514336,0.16076835045300442,0.12854203459962807,0.018306669483693236,-0.3965453974279964,-0.26229516310960405,-0.07309489935783844
8.475,18,2.5289307806935017,0.7658030234812071,1.4584859833698758,-0.036169111650589,1.4968137130415546,0.15879082872394543,0.1272315476313237,0.01794337180878741,-0.3944616559517235,-0.26189691678028226,-0.0722246070941214
8.48,18,2.5339307806935025,0.7673171080685111,1.4592750154556897,-0.0355362259137596,1.49690253071099,0.15682375021412148,0.1259230925124482,0.017584419006565558,-0.39236812209551875,-0.2614824220772591,-0.07135695854253567
8.485,18,2.5389307806935015,0.7688311926558146,1.4600542383586972,-0.03490987720361749,1.496989564450851,0.15486716369999362,0.12461675050377836,0.017229797734593197,-0.39026487003715843,-0.26105167143831143,-0.07049200325248654
8.49,18,2.5439307806935023,0.7703452772431185,1.4608237046600463,-0.034290054751376364,1.4970748358849166,0.15292111758712418,0.12331260290389581,0.016879494402688478,-0.38815197395441436,-0.26060465730121335,-0.06962979077337733
8.495000000000001,18,2.548930780693503,0.7718593618304225,1.461583467181982,-0.03367674738167137,1.497158366568395,0.15098565991019286,0.12201073104919945,0.01653349517292514,-0.386029508025061,-0.26014137210374016,-0.06877037065461365
8.5,18,2.553930780693502,0.7733734464177259,1.4623335789860008,-0.03306994351235437,1.4972401779866868,0.1490608383329883,0.12071121631389581,0.016191785959626052,-0.3838975464268694,-0.2596618082836671,-0.06791379244559917
8.505,18,2.558930780693503,0.7748875310050298,1.4630740933709865,-0.032469631154315226,1.4973202915541433,0.14714670014840947,0.11941414011000387,0.015854352429370673,-0.38175616333761014,-0.2591659582787688,-0.06706010569573687
8.51,18,2.563930780693502,0.7764016155923333,1.4638050638713636,-0.03187579791128747,1.497398728612831,0.14524329227846797,0.11811958388735289,0.015521180000987529,-0.3796054329350609,-0.2586538145268213,-0.06620935995443267
8.515,18,2.5689307806935027,0.7779157001796373,1.4645265442552362,-0.031288430979662274,1.497475510431289,0.14335066127428472,0.11682762913358458,0.015192253845562546,-0.3774454293969902,-0.25812536946559883,-0.0653616047710909
8.52,18,2.5739307806935017,0.7794297847669407,1.4652385885225365,-0.03070751714829678,1.497550658203294,0.14146885331609435,0.11553835737415043,0.014867558886431997,-0.375276226901175,-0.2575806155328774,-0.06451688969511521
8.525,18,2.5789307806935025,0.7809438693542446,1.4659412509031762,-0.030133042798326515,1.4976241930466203,0.13959791421324028,0.11425185017231218,0.014547079799183831,-0.3730978996253827,-0.25701954516643133,-0.0636752642759099
8.53,18,2.5839307806935015,0.7824579539415482,1.4666345858551804,-0.029564993902977732,1.4976961360017995,0.1377378894041769,0.11296818912914569,0.014230801011662266,-0.3709105217473915,-0.25644215080403654,-0.06283677806287927
8.535,18,2.5889307806935022,0.7839720385288521,1.4673186480628404,-0.029003356027374916,1.4977665080308833,0.13588882395647228,0.11168745588353544,0.013918706703961854,-0.36871416744496927,-0.25584842488346765,-0.06200148060542794
8.540000000000001,18,2.593930780693503,0.7854861231161561,1.4679934924348617,-0.02844811432835359,1.4978353300162062,0.13405076256680382,0.11040973211217842,0.01361078080843267,-0.3665089108958931,-0.25523835984250004,-0.06116942145295991
8.545,18,2.598930780693502,0.7870002077034595,1.468659174102503,-0.027899253554273806,1.497902622759143,0.1322237495609615,0.10913509952958131,0.013307007009675057,-0.3642948262779315,-0.25461194811890864,-0.06034065015488012
8.55,18,2.603930780693503,0.7885142922907634,1.4693157484177226,-0.027356758044824958,1.4979684069788726,0.13040782889384417,0.10786363988806383,0.01300736874454502,-0.3620719877688609,-0.25396918215046876,-0.059515216260591905
8.555,18,2.608930780693502,0.7900283768780669,1.4699632709513322,-0.026820611730843047,1.4980327033111398,0.1286030441494616,0.10659543497775542,0.01271184920214742,-0.35984046954645243,-0.2533100543749547,-0.05869316931949989
8.56,18,2.6139307806935026,0.7915424614653709,1.470601797491131,-0.02629079813411772,1.4980955323070149,0.12680943854093835,0.10533056662659585,0.012420431323844992,-0.3576003457884785,-0.25263455723014305,-0.0578745588810087
8.565,18,2.6189307806935016,0.7930565460526743,1.4712313840400586,-0.02576730036720576,1.4981569144316547,0.12502705491050822,0.10406911670034,0.012133097803250677,-0.35535169067271355,-0.25194268315380847,-0.057059434494522325
8.57,18,2.6239307806935024,0.7945706306399782,1.4718520868143379,-0.025250101133236336,1.498216870063067,0.12325593572951236,0.10281116710254766,0.011849831086230648,-0.35309457837692676,-0.25123442458372564,-0.05624784570944506
8.575000000000001,18,2.628930780693503,0.7960847152272823,1.4724639622416245,-0.0247391827257325,1.498275419490867,0.12149612309840874,0.1015567997745954,0.01157061337090492,-0.3508290830788926,-0.25050977395767016,-0.05543984207518122
8.58,18,2.633930780693502,0.7975987998145857,1.4730670669591437,-0.024234527028411335,1.4983325829150438,0.11974765874676466,0.10030609669566846,0.011295426607645322,-0.34855527895638677,-0.2497687237134173,-0.054635473141135094
8.585,18,2.638930780693503,0.7991128844018897,1.4736614578118437,-0.02373611551499899,1.4983883804447156,0.11801058403325466,0.09905913988276181,0.011024252499076988,-0.3462732401871784,-0.24901126628874076,-0.05383478845671164
8.59,18,2.643930780693502,0.800626968989193,1.4742471918505395,-0.023243929249050388,1.498442832096897,0.11628493994567396,0.09781601139068506,0.010757072500079831,-0.3439830409490433,-0.2482373941214178,-0.053037837571313216
8.595,18,2.6489307806935027,0.8021410535764971,1.4748243263300567,-0.02275794888374072,1.498495957795257,0.11457076710091739,0.09657679331205594,0.0104938678177839,-0.3416847554197506,-0.24744709964922176,-0.05224467003434673
8.6,18,2.6539307806935017,0.8036551381638005,1.475392918707383,-0.022278154661692473,1.4985477773688822,0.11286810574499995,0.09534156777730464,0.010234619411573219,-0.33937845777707604,-0.24664037530992924,-0.05145533539521517
8.605,18,2.6589307806935025,0.8051692227511045,1.4759530266398035,-0.021804526414782255,1.4985983105510334,0.11117699575303897,0.09411041695467216,0.009979307993085917,-0.33706422219878884,-0.24581721354131456,-0.050669883203322205
8.61,18,2.6639307806935015,0.8066833073384079,1.4765047079830476,-0.021337043563951386,1.4986475769779126,0.10949747662927513,0.09288342305021197,0.009727914026212483,-0.33474212286266664,-0.24497760678115332,-0.049888363008072784
8.615,18,2.6689307806935023,0.8081973919257119,1.47704802078945,-0.020875685119012055,1.4986955961874218,0.10782958750704719,0.09166066830778352,0.009480417727095632,-0.33241223394647734,-0.24412154746721987,-0.049110824358871534
8.620000000000001,18,2.673930780693503,0.8097114765130159,1.47758302330608,-0.020420429678469243,1.498742387617924,0.10617336714881292,0.09044223500906516,0.009236799064131843,-0.33007462962799733,-0.24324902803728982,-0.04833731680512146
8.625,18,2.678930780693502,0.8112255611003193,1.4781097739728877,-0.019971255429317325,1.498787970607005,0.10452885394614002,0.08922820547354018,0.008997037757968953,-0.32772938408499647,-0.2423600409291385,-0.04756788989622882
8.63,18,2.683930780693503,0.8127396456876232,1.478628331420855,-0.01952814014686799,1.4988323643902337,0.10289608591970766,0.08801866205850806,0.008761113281512528,-0.3253765714952498,-0.2414545785805405,-0.046802593181596935
8.635,18,2.688930780693502,0.8142537302749268,1.4791387544701464,-0.01909106119454329,1.4988755880999254,0.10127510071930385,0.08681368715907371,0.008529004859914317,-0.3230162660365291,-0.24053263342927214,-0.04604147621062979
8.64,18,2.6939307806935027,0.8157678148622307,1.4796411021282443,-0.018659995523697792,1.498917660763901,0.09966593562382757,0.08561336320815671,0.00830069147058393,-0.3206485418866082,-0.23959419791310707,-0.04528458853273136
8.645,18,2.6989307806935017,0.8172818994495341,1.4801354335880939,-0.018234919673430938,1.4989586013042482,0.09806862754129309,0.0844177726764874,0.008076151843182267,-0.31827347322325944,-0.2386392644698216,-0.04453197969730693
8.65,18,2.7039307806935025,0.8187959840368381,1.48062180822626,-0.01781580977038877,1.498998428536086,0.09648321300882076,0.08322699807260751,0.007855364459623999,-0.3158911342242528,-0.23766782553719,-0.043783699253760466
8.655,18,2.7089307806935015,0.8203100686241416,1.4811002856010635,-0.017402641528583174,1.4990371611663216,0.09490972819264734,0.08204112194286804,0.007638307554075879,-0.3135015990673646,-0.23667987355298856,-0.04303979675149596
8.66,18,2.7139307806935022,0.8218241532114455,1.4815709254507274,-0.01699539024919805,1.4990748177924145,0.09334820888811192,0.0808602268714329,0.007424959112958103,-0.3111049419303647,-0.23567540095499098,-0.04230032173991804
8.665000000000001,18,2.718930780693503,0.8233382377987495,1.4820337876915277,-0.016594030820403227,1.4991114169011373,0.091798690519678,0.07968439548027798,0.007215296874943086,-0.3087012369910281,-0.23465440018097286,-0.04156532376843035
8.67,18,2.723930780693502,0.8248523223860529,1.4824889324159263,-0.016198537717164396,1.4991469768673342,0.09026120814091307,0.07851371042918885,0.0070092983309582935,-0.30629055842712866,-0.23361686366871048,-0.040834852386439156
8.675,18,2.728930780693503,0.8263664069733568,1.4829364198907409,-0.01580888500105193,1.4991815159526891,0.08873579643448648,0.07734825441575875,0.006806940724181127,-0.3038729804164361,-0.2325627838559775,-0.040108957143346155
8.68,18,2.733930780693502,0.8278804915606603,1.4833763105552673,-0.015425046320053482,1.499215052304478,0.08722248971219408,0.07618811017539925,0.006608201050044037,-0.3014485771367231,-0.2314921531805499,-0.039387687588556944
8.685,18,2.7389307806935026,0.8293945761479643,1.4838086650194258,-0.015046994908388567,1.4992476039543363,0.08572132191493899,0.07503336048132848,0.006413056056232371,-0.2990174227657638,-0.23040496408020228,-0.03867109327147551
8.69,18,2.7439307806935016,0.8309086607352677,1.4842335440619294,-0.014674703586313842,1.4992791888170207,0.08423232661272666,0.07388408814457537,0.006221482242683833,-0.29657959148133284,-0.22930120899271028,-0.03795922374150649
8.695,18,2.7489307806935024,0.8324227453225717,1.4846510086283997,-0.014308144759934138,1.4993098246891654,0.08275553700468427,0.07274037601398238,0.006033455861589563,-0.2941351574611993,-0.2281808803558489,-0.037252128548054174
8.700000000000001,18,2.753930780693503,0.8339368299098756,1.485061119829533,-0.01394729042102194,1.4993395292480451,0.0812909859190446,0.07160230697620336,0.005848952917393867,-0.29168419488313696,-0.22704397060739312,-0.036549857240522225
8.705,18,2.758930780693502,0.8354509144971791,1.4854639389392423,-0.013592112146812663,1.4993683200503423,0.07983870581315357,0.07046996395569921,0.005667949166792265,-0.2892267779249215,-0.22589047218511754,-0.03585245936831624
8.71,18,2.763930780693503,0.8369649990844831,1.485859527392795,-0.013242581099833228,1.499396214530898,0.07839872877346533,0.06934342991474543,0.005490420118735729,-0.2867629807643196,-0.22472037752679813,-0.03515998448083825
8.715,18,2.768930780693502,0.8384790836717865,1.4862479467849679,-0.0128986680277009,1.499423230001483,0.07697108651554936,0.06822278785342782,0.0053163410344271855,-0.28429287757911154,-0.22353367907021052,-0.03447248212749516
8.72,18,2.7739307806935027,0.8399931682590904,1.486629258868183,-0.012560343262938756,1.4994493836495515,0.07555581038408608,0.06710812080964411,0.005145686927321316,-0.2818165425470638,-0.22233036925312902,-0.033790001857688996
8.725,18,2.7789307806935017,0.8415072528463939,1.4870035255506637,-0.01222757672278496,1.4994746925370075,0.07415293135286151,0.06599951185910173,0.004978432563128521,-0.2793340498459535,-0.22111044051332862,-0.03311259322082569
8.73,18,2.7839307806935025,0.8430213374336979,1.4873708088945703,-0.01190033790900491,1.4994991735989647,0.072762480024778,0.064897044115319,0.004814552459810013,-0.2768454736535498,-0.21987388528858492,-0.03244030576630987
8.735,18,2.7889307806935015,0.8445354220210013,1.487731171114155,-0.011578595907704048,1.4995228436425045,0.07138448663184999,0.06380080072962775,0.0046540208875797,-0.2743508881476277,-0.21862069601667325,-0.031773189043543565
8.74,18,2.7939307806935023,0.8460495066083052,1.4880846745739023,-0.011262319389133135,1.4995457193454436,0.0700189810351964,0.06271086489116846,0.004496811868905999,-0.27185036750595853,-0.21735086513536792,-0.031111292601933033
8.745000000000001,18,2.798930780693503,0.8475635911956093,1.488431381786674,-0.010951476607503063,1.4995678172550886,0.06866599272505197,0.06162731982689302,0.004342899178509015,-0.26934398590631586,-0.21606438508244355,-0.030454665990880946
8.75,18,2.803930780693502,0.8490776757829127,1.4887713554118505,-0.010646035400800336,1.4995891537870012,0.06732555082076563,0.06055024880156682,0.00419225634336336,-0.2668318175264736,-0.21476124829567775,-0.029803358759793883
8.755,18,2.808930780693503,0.8505917603702167,1.4891046582534906,-0.010345963190587226,1.4996097452237596,0.06599768407079248,0.05947973511776286,0.004044856642695875,-0.2643139365442028,-0.21344144721284353,-0.029157420458074856
8.76,18,2.813930780693502,0.8521058449575201,1.4894313532584644,-0.01005122698182237,1.4996296077137186,0.06468242085269961,0.058415862115868744,0.0039006731079852166,-0.2617904171372773,-0.2121049742717175,-0.028516900635127834
8.765,18,2.8189307806935027,0.8536199295448241,1.489751503514604,-0.009761793362663806,1.49964875726977,0.06337978917316295,0.05735871317408022,0.0037596785229634783,-0.25926133348346686,-0.210751821910073,-0.027881848840356147
8.77,18,2.8239307806935017,0.8551340141321275,1.4900651722488405,-0.009477628504290458,1.4996672097681043,0.06208981666797965,0.05630837170840655,0.0036218454236191457,-0.25672675976054793,-0.2093819825656866,-0.02725231462316703
8.775,18,2.8289307806935025,0.8566480987194315,1.4903724228253692,-0.009198698160698515,1.4996849809469759,0.060812530602043814,0.05526492117266461,0.0034871460981871463,-0.25418677014629165,-0.20799544867633296,-0.026628347532962185
8.78,18,2.8339307806935015,0.8581621833067349,1.4906733187437713,-0.008924967668529793,1.4997020864054575,0.059547957869372885,0.05422844505848803,0.0033555525871620277,-0.25164143881847306,-0.20659221267978742,-0.026009997119147865
8.785,18,2.8389307806935022,0.859676267894039,1.490967923637178,-0.008656401946863679,1.4997185416022067,0.05829612499308508,0.05319902689531533,0.003227036683285855,-0.2490908399548607,-0.20517226701382393,-0.025397312931126098
8.790000000000001,18,2.843930780693503,0.8611903524813429,1.4912563012704034,-0.008392965497047489,1.4997343618542247,0.05705705812541978,0.052176750250402894,0.0031015699315588333,-0.246535047733229,-0.20373560411621944,-0.024790344518303135
8.795,18,2.848930780693502,0.8627044370686463,1.4915385155381027,-0.008134622402490188,1.499749562335618,0.055830783047719296,0.05116169872881037,0.002979123629228687,-0.2439741363313524,-0.2022822164247486,-0.02418914143008231
8.8,18,2.853930780693503,0.8642185216559503,1.4918146304629025,-0.007881336328483868,1.499764158076362,0.054617325170443876,0.050153955973414203,0.0028596688258004732,-0.24140817992700137,-0.20081209637718603,-0.0235937532158676
8.805,18,2.858930780693502,0.8657326062432537,1.4920847101935608,-0.007633070522013008,1.4997781639610583,0.053416709533157775,0.04915360566490269,0.002743176323030397,-0.2388372526979516,-0.1993252364113074,-0.02300422942506461
8.81,18,2.8639307806935026,0.8672466908305577,1.4923488190031025,-0.007389787811562187,1.4997915947276965,0.052228960804542646,0.04816073152176964,0.002629616674928637,-0.2362614288219717,-0.19782162896488698,-0.022420619607077318
8.815,18,2.8689307806935016,0.8687607754178611,1.4926070212869718,-0.0071514506069289,1.4998044649664226,0.051054103282386826,0.047175417300325026,0.002518960187756384,-0.2336807824768393,-0.19630126647570106,-0.021842973311308727
8.82,18,2.8739307806935024,0.8702748600051651,1.4928593815611686,-0.006918020899034816,1.4998167891182876,0.049892160893592837,0.04619774679468752,0.002411176920029879,-0.23109538784032296,-0.19476414138152365,-0.02127134008716444
8.825000000000001,18,2.878930780693503,0.871788944592469,1.49310596446041,-0.006689460259737934,1.49982858147402,0.04874315719417365,0.04522780383678827,0.0023062366825173154,-0.22850531909019642,-0.19321024612013038,-0.020705769484048113
8.83,18,2.883930780693502,0.8733030291797725,1.4933468347362555,-0.006465729841640733,1.4998398561727817,0.04760711536925212,0.04426567229636973,0.002204109038238709,-0.2259106504042335,-0.19163957312929716,-0.020146311051363722
8.835,18,2.888930780693503,0.8748171137670765,1.4935820572552712,-0.00624679037790099,1.4998506272009302,0.04648405823306154,0.04331143608098042,0.0021047633024700654,-0.22331145596020657,-0.1900521148467977,-0.019593014338516224
8.84,18,2.893930780693502,0.8763311983543799,1.493811696997159,-0.006032602182048374,1.4998609083907803,0.045374008228949395,0.04236517913599094,0.002008168542737864,-0.22070780993588948,-0.18844786371040861,-0.019045928894910576
8.845,18,2.8989307806935027,0.8778452829416838,1.4940358190529233,-0.005823125147787267,1.499870713419365,0.04427698742937306,0.04142698544457143,0.0019142935788233654,-0.2180997865090507,-0.18682681215790417,-0.0185051042699501
8.85,18,2.9039307806935017,0.8793593675289874,1.4942544886229836,-0.005618318748813578,1.4998800558071954,0.04319301753589983,0.0404969390277088,0.001823106982758439,-0.21548745985746862,-0.18518895262705873,-0.017970590013038124
8.855,18,2.9089307806935025,0.8808734521162913,1.494467771015362,-0.005418142038624452,1.4998889489170266,0.0421221198792101,0.039575123944201866,0.0017345770788304066,-0.21287090415891238,-0.18353427755564888,-0.01744243567358091
8.86,18,2.9139307806935015,0.8823875367035947,1.494675731643792,-0.005222553650323536,1.4998974059526122,0.04106431541909308,0.03866162429065704,0.001648671943577872,-0.21025019359115515,-0.1818627793814496,-0.01692069080098178
8.865,18,2.9189307806935023,0.8839016212908987,1.494878436025884,-0.0050315117964448985,1.4999054399574718,0.04001962474445112,0.037756524201494786,0.0015653594057934122,-0.20762540233197063,-0.18017445054223555,-0.01640540494464504
8.870000000000001,18,2.923930780693503,0.8854157058782026,1.4950759497812627,-0.00484497426875008,1.499913063813648,0.038988068073295384,0.0368599078489459,0.0014846070465220963,-0.20499660455913069,-0.17846928347578134,-0.01589662765397467
8.875,18,2.928930780693502,0.8869297904655061,1.4952683386297205,-0.004662898438046681,1.4999202902404707,0.03796966525275123,0.03597185944305357,0.0014063821990621588,-0.20236387445040968,-0.1767472706198639,-0.015394408478376597
8.88,18,2.933930780693503,0.8884438750528101,1.4954556683893556,-0.004485241253996519,1.4999271317933145,0.036964435759053366,0.03509246323166703,0.0013306519489636555,-0.19972728618357619,-0.1750084044122563,-0.014898796967252851
8.885,18,2.938930780693502,0.8899579596401135,1.4956380049747187,-0.004311959244931773,1.499933600862366,0.035972398697551256,0.03422180350045438,0.001257383134032631,-0.19708691393641048,-0.1732526772907354,-0.014409842670009035
8.89,18,2.9439307806935027,0.8914720442274174,1.495815414394963,-0.0041430085176549225,1.4999397096713771,0.034993572802694016,0.03335996457288704,0.001186542344324799,-0.19444283188667782,-0.17148008169307458,-0.013927595136048477
8.895,18,2.9489307806935017,0.892986128814721,1.4959879627519843,-0.00397834475726333,1.4999454702764354,0.034027976438060575,0.03250703081025372,0.0011180959221509215,-0.19179511421215528,-0.16969061005705044,-0.01345210391477776
8.9,18,2.9539307806935025,0.8945002134020249,1.4961557162385688,-0.0038179232269491825,1.4999508945647155,0.03307562759631985,0.031663086611651244,0.0010520099620743874,-0.18914383509061397,-0.1678842548204373,-0.012983418555598258
8.905,18,2.9589307806935015,0.8960142979893283,1.4963187411365422,-0.003661698767813637,1.4999559942532512,0.03213654389926679,0.030828216413986774,0.0009882503109090621,-0.18648906869982443,-0.16606100842101112,-0.012521588607915577
8.91,18,2.9639307806935022,0.8975283825766323,1.4964771038149085,-0.0035096257986840795,1.4999607808876858,0.031210742597806235,0.030002504691982578,0.0009267825677264136,-0.1838308892175643,-0.1642208632965462,-0.01206666362113402
8.915000000000001,18,2.968930780693503,0.8990424671639363,1.496630870728,-0.003361658315917171,1.4999652658410412,0.030298240571949166,0.029186035958168006,0.0008675720838474448,-0.1811693708216041,-0.1623638118848182,-0.01161869314465887
8.92,18,2.973930780693502,0.9005565517512397,1.496780108413622,-0.0032177498932078885,1.499969460312476,0.029399054330817517,0.028378894762882696,0.0008105839628476683,-0.1785045876897156,-0.16048984662360236,-0.011177726727892473
8.925,18,2.978930780693503,0.9020706363385437,1.4969248834912,-0.0030778536814114466,1.499973375326048,0.02851320001264905,0.027581165694283576,0.0007557830605532074,-0.17583661399967132,-0.15859895995067305,-0.010743813920240439
8.93,18,2.983930780693502,0.9035847209258471,1.4970652626599203,-0.0029419224083452322,1.4999770217294737,0.02764069338478819,0.026792933378333033,0.000703133985046578,-0.17316552392924628,-0.1566911443038065,-0.010317004271106746
8.935,18,2.9889307806935026,0.905098805513151,1.4972013126968802,-0.0028099083786025103,1.4999804101928906,0.026781549843691937,0.026014282478806435,0.0006526010966625203,-0.1704913916562123,-0.15476639212077611,-0.009897347329895044
8.94,18,2.9939307806935016,0.9066128901004545,1.497333100455233,-0.002681763473361465,1.49998355120762,0.025935784414933657,0.025245297697289976,0.000604148507985981,-0.16781429135834117,-0.15282469583935912,-0.009484892646011269
8.945,18,2.9989307806935024,0.9081269746877585,1.4974606928623289,-0.0025574391502033444,1.4999864550849251,0.025103411753187987,0.024486063773179623,0.0005577400838574928,-0.16513429721340536,-0.15086604789732916,-0.009079689768857768
8.950000000000001,18,3.003930780693503,0.9096410592750624,1.497584156917869,-0.0024368864429081816,1.499989131954775,0.02428444614224754,0.02373666548368754,0.0005133394413706198,-0.16245148339917997,-0.14889044073246255,-0.008681788247840147
8.955,18,3.008930780693502,0.9111551438623658,1.4977035596920438,-0.0023200559612864824,1.499991591764604,0.02347890149501482,0.02299718764383028,0.0004709099498699391,-0.1597659240934361,-0.14689786678253358,-0.008291237632362386
8.96,18,3.013930780693503,0.9126692284496699,1.4978189683236818,-0.0022068978909680625,1.4999938442780745,0.022686791353502767,0.0222677151064406,0.000430414730955211,-0.1570776934739462,-0.14488831848531725,-0.007908087471828138
8.965,18,3.018930780693502,0.9141833130369733,1.497930450018395,-0.0020973619932341814,1.4999958990738378,0.021908128888835286,0.02154833276215941,0.000391816658478016,-0.15438686571848279,-0.1428617882785898,-0.007532387315643009
8.97,18,3.0239307806935027,0.9156973976242773,1.4980380720467206,-0.001991397604813927,1.4999977655442946,0.0211429269012494,0.02083912553944167,0.0003550783585431001,-0.1516935150048196,-0.14081826860012495,-0.007164186713209999
8.975,18,3.0289307806935017,0.9172114822115807,1.4981419017422715,-0.0018889536376961447,1.4999994528943557,0.02039119782008882,0.020140178404548875,0.0003201622095078367,-0.14899771551073038,-0.13875775188769926,-0.006803535213933738
8.98,18,3.0339307806935025,0.9187255667988847,1.4982420064998836,-0.0017899785789493583,1.5000009701402064,0.019652953703812506,0.019451576361558736,0.00028703034198249573,-0.14629954141398496,-0.13668023057908704,-0.006450482367219509
8.985,18,3.0389307806935015,0.9202396513861881,1.4983384537737516,-0.0016944204905263716,1.5000023261080626,0.018928206239989868,0.018773404452356028,0.00025564463883239504,-0.14359906689235977,-0.1345856971120633,-0.006105077722470636
8.99,18,3.0439307806935023,0.9217537359734921,1.4984313110755851,-0.001602227009071755,1.5000035294329406,0.0182169667453002,0.018105747756637435,0.00022596673517225266,-0.14089636612362202,-0.13247414392440335,-0.005767370829090772
8.995000000000001,18,3.048930780693503,0.923267820560796,1.4985206459727485,-0.0015133453457437662,1.500004588557407,0.01751924616553539,0.01744869139191585,0.0001979580183725069,-0.13819151328554938,-0.13034556345388212,-0.005437411236485199
9.0,18,3.053930780693502,0.9247819051480995,1.4986065260864103,-0.0014277222860114014,1.5000055117303481,0.016835055075598827,0.016802320513508013,0.00017157962805703045,-0.13548458255591297,-0.12819994813827526,-0.005115248494059197
9.005,18,3.058930780693503,0.9262959897354035,1.498689019089683,-0.0013453041894780915,1.5000063070057315,0.016164403679500033,0.016166720314545257,0.0001467924561000374,-0.13277564811248532,-0.12603729041535738,-0.004800932151214465
9.01,18,3.063930780693502,0.9278100743227069,1.4987681927057703,-0.001266036989684305,1.500006982241361,0.015507301810365418,0.01554197602597029,0.00012355714662944505,-0.13006478413304146,-0.12385758272290483,-0.004494511757357262
9.015,18,3.0689307806935027,0.9293241589100109,1.4988441147061227,-0.001189866193922584,1.5000075450976431,0.014863758930431823,0.014928172916535035,0.00010183409602848776,-0.12735206479534994,-0.1216608174986912,-0.004196036861890912
9.02,18,3.0739307806935017,0.9308382434973144,1.498916852908564,-0.0011167368830454771,1.5000080030363478,0.014233784131048137,0.014325396292806021,8.158345293114468e-05,-0.12463756427718581,-0.11944698718049314,-0.0039055570142210246
9.025,18,3.0789307806935025,0.9323523280846183,1.4989864751754551,-0.0010465937112801305,1.5000083633193668,0.013617386132666689,0.013733731499157912,6.276511822536713e-05,-0.12192135675632414,-0.11721608420608397,-0.003623121763750925
9.03,18,3.0839307806935015,0.9338664126719217,1.4990530494118304,-0.0009793809060339997,1.50000863300748,0.013014573284859382,0.013153263917776211,4.533874504958233e-05,-0.11920351641053349,-0.11496810101324031,-0.003348780659883614
9.035,18,3.0889307806935022,0.9353804972592257,1.4991166435635388,-0.0009150422677172143,1.5000088189591092,0.012425353566306944,0.012584078968660478,2.9263738799686116e-05,-0.11648411741759021,-0.11270303003973647,-0.003082583252026328
9.040000000000001,18,3.093930780693503,0.9368945818465296,1.4991773256154075,-0.0008535211695349654,1.500008927829089,0.011849734584799994,0.012026262109617342,1.4499257120436414e-05,-0.11376323395526287,-0.11042086372334807,-0.0028245790895810897
9.045,18,3.098930780693502,0.9384086664338331,1.4992351635893655,-0.0007947605573136451,1.5000089660674178,0.01128772357724012,0.011479898836268572,1.0042099120426574e-06,-0.11104094020132652,-0.10812159450184977,-0.002574817721953181
9.05,18,3.103930780693503,0.9399227510211371,1.4992902255425988,-0.0007387029493081121,1.5000089399180285,0.010739327409643649,0.01094507468204515,-1.126274067225483e-05,-0.10831731033355492,-0.10580521481301686,-0.00233334869854658
9.055,18,3.108930780693502,0.9414368356084405,1.499342579565707,-0.0006852904360111767,1.5000088554175437,0.010204552577131425,0.01042187521818782,-2.234318022954677e-05,-0.10559241852971923,-0.10347171709462562,-0.002100221568764938
9.06,18,3.1139307806935026,0.9429509201957444,1.4993922937808257,-0.000634464679962643,1.5000087183940365,0.009683405203942789,0.009910386053751385,-3.2278942098917316e-05,-0.10286633896759322,-0.10112109378444907,-0.0018754858820132117
9.065,18,3.1189307806935016,0.944465004783048,1.4994394363397874,-0.0005861669155647897,1.5000085344657976,0.009175891043421603,0.00941069283559933,-4.111210737005062e-05,-0.10013914582494932,-0.09875333732026478,-0.0016591911876966817
9.07,18,3.1239307806935024,0.9459790893703519,1.4994840754222702,-0.0005403379488916338,1.5000083090400893,0.008682015478031302,0.00892288124840866,-4.888500487879306e-05,-0.09741091327956002,-0.09636844013984577,-0.001451387035218349
9.075000000000001,18,3.128930780693503,0.9474931739576559,1.4995262792339326,-0.0004969181574944193,1.5000080473119146,0.008201783519334996,0.008447037014665605,-5.5640211207825666e-05,-0.09468171550919775,-0.09396639468096701,-0.0012521229739831687
9.08,18,3.133930780693502,0.9490072585449593,1.4995661160045626,-0.00045584749022353765,1.5000077542627692,0.0077351998080164505,0.007983245894666686,-6.142055068639512e-05,-0.09195162669163498,-0.09154719338140642,-0.001061448553393816
9.085,18,3.138930780693503,0.9505213431322632,1.4996036539862296,-0.0004170654670295759,1.5000074346594126,0.0072822686138660974,0.007531593686522485,-6.626909539179304e-05,-0.0892207210046494,-0.08911082867893635,-0.0008794133228565496
9.09,18,3.143930780693502,0.9520354277195667,1.4996389614514178,-0.0003805111787805737,1.5000070930526217,0.006842993835788566,0.007092166226153881,-7.022916514706983e-05,-0.08648907262600561,-0.08665729301133407,-0.0007060668317750215
9.095,18,3.1489307806935027,0.9535495123068707,1.4996721066911807,-0.00034612328706773443,1.5000067337759546,0.006417379001798382,0.006665049387288819,-7.334432752426218e-05,-0.0837567557334813,-0.08418657881637259,-0.0005414586295538615
9.1,18,3.1539307806935017,0.9550635968941741,1.4997031580132907,-0.00031384002402135014,1.5000063609445133,0.006005427269015122,0.006250329081471457,-7.565839784049319e-05,-0.08102384450484763,-0.08169867853182883,-0.0003856382655963961
9.105,18,3.1589307806935025,0.956577681481478,1.4997321837403712,-0.00028359919211762286,1.500005978453704,0.005607141423679556,0.0058480912580573235,-7.721543916012402e-05,-0.07829041311787967,-0.07919358459547679,-0.00023865528930823234
9.11,18,3.1639307806935015,0.9580917660687815,1.4997592522080532,-0.00025533816399370135,1.5000055899779987,0.005222523881137507,0.005458421904207403,-7.805976229515733e-05,-0.07555653575034593,-0.07667128944509241,-0.00010055925009204523
9.115,18,3.1689307806935023,0.9596058506560855,1.4997844317631155,-0.0002289938822542803,1.5000051989696939,0.004851576685847384,0.005081407044899965,-7.823592580469935e-05,-0.07282228658002282,-0.07413178551844905,2.8600302646884076e-05
9.120000000000001,18,3.173930780693503,0.9611199352433895,1.499807790761634,-0.00020450285928463874,1.5000048086576774,0.0044943015113791005,0.0047171327429192745,-7.778873599536332e-05,-0.07008773978468279,-0.07157506525332365,0.00014877381950490325
9.125,18,3.178930780693502,0.9626340198306929,1.4998293975671229,-0.00018180117706301235,1.5000044220461808,0.004150699660413545,0.004365685098867419,-7.676324691844548e-05,-0.06735296954209698,-0.06900112108749244,0.00025991175107542797
9.13,18,3.183930780693503,0.9641481044179969,1.4998493205486836,-0.00016082448696963514,1.500004041913551,0.00382077206474096,0.00402715025114979,-7.520476037597655e-05,-0.06461805003003655,-0.06640994545872718,0.0003619645479577379
9.135,18,3.188930780693502,0.9656621890053003,1.4998676280791505,-0.00014150800959888965,1.5000036708110036,0.0035045192852625607,0.0037016143759885304,-7.31588259122496e-05,-0.06188305542627917,-0.0638015308048064,0.0004548826607449229
9.14,18,3.1939307806935027,0.9671762735926043,1.4998843885332356,-0.0001237865345681266,1.5000033110613895,0.003201941512000214,0.0033891636874139246,-7.067124082377146e-05,-0.059148059908594695,-0.06117586956350281,0.0005386165400336566
9.145,18,3.1989307806935017,0.9686903581799077,1.4998996702856664,-0.00010759442032914901,1.500002964757952,0.0029130385640716975,0.0030898844372692427,-6.778805015065615e-05,-0.05641313765475688,-0.05853295417259332,0.0006131166364186575
9.15,18,3.2039307806935025,0.9702044427672117,1.4999135417093516,-9.286559398391514e-05,1.5000026337630898,0.002637809889716516,0.0028038629152080503,-6.455554668012121e-05,-0.05367836284253558,-0.05587277706985031,0.0006783334004975767
9.155,18,3.2089307806935015,0.9717185273545151,1.4999260711735025,-7.953355108536453e-05,1.5000023197071197,0.0023762545662808425,0.0025311854486942077,-6.102027094917737e-05,-0.05094380964970717,-0.053195330693052656,0.000734217282864807
9.16,18,3.2139307806935022,0.9732326119418191,1.4999373270417977,-6.753135546488931e-05,1.5000020239870335,0.0021283713002250484,0.002271938403005098,-5.722901123736666e-05,-0.048209552254042796,-0.05050060747997305,0.0007807187341157189
9.165000000000001,18,3.218930780693503,0.974746696529123,1.4999473776705146,-5.67916390187273e-05,1.5000017477652676,0.0018941584271167098,0.0020262081812262487,-5.3228803574427695e-05,-0.045475664833314916,-0.04778859986838679,0.0008177882048476373
9.17,18,3.223930780693502,0.9762607811164266,1.4999562914066853,-4.724660154542537e-05,1.5000014919684528,0.001673613911636526,0.0017940812242550949,-4.90669317382785e-05,-0.04274222156529468,-0.045059300296070484,0.0008453761456543036
9.175,18,3.228930780693503,0.9777748657037305,1.499964136586236,-3.8828010539559976e-05,1.500001257286185,0.0014667353475788557,0.0015756440108036713,-4.479092725057873e-05,-0.040009296627759774,-0.04231270120079746,0.0008634330071317399
9.18,18,3.233930780693502,0.9792889502910339,1.4999709815321403,-3.146720100655198e-05,1.5000010441697822,0.0012735199578447257,0.0013709830573889286,-4.044856938197431e-05,-0.037276964198480034,-0.03954879502034467,0.0008719092398775969
9.185,18,3.2389307806935026,0.9808030348783379,1.499976894552546,-2.5095075277259404e-05,1.5000008528310476,0.0010939645944515119,0.001180184918344567,-3.608788514886997e-05,-0.03454529845522662,-0.03676757419248478,0.0008707552944852902
9.19,18,3.2439307806935016,0.9823171194656413,1.4999819439389503,-1.9642102814798612e-05,1.5000006832410309,0.0009280657385205685,0.0010033361858140448,-3.17571493154464e-05,-0.0318143735757733,-0.03396903115499605,0.0008599216215518192
9.195,18,3.2489307806935024,0.9838312040529453,1.4999861979643154,-1.5038320027138674e-05,1.500000535128784,0.0007758195002885237,0.0008405234897473498,-2.7504884395139546e-05,-0.029084263737892517,-0.031153158345649835,0.0008393586716719025
9.200000000000001,18,3.253930780693503,0.9853452886402493,1.4999897248812348,-1.1213330079029582e-05,1.5000004079801323,0.0006372216191110449,0.0006918334979149854,-2.3379860642168447e-05,-0.026355043119361952,-0.028319948202224717,0.0008090168954422136
9.205,18,3.258930780693502,0.9868593732275527,1.4999925929200697,-8.096302700155711e-06,1.500000301036426,0.0005122674634348674,0.0005573529158864541,-1.9431096066731268e-05,-0.023626785897947544,-0.02546939316249468,0.0007688467434587745
9.21,18,3.263930780693503,0.9883734578148566,1.4999948702870955,-5.6159739995065294e-06,1.5000002132933097,0.00040095203083867606,0.00043716848705284986,-1.570785641711975e-05,-0.020899566251421753,-0.022601485664234373,0.0007187986663159782
9.215,18,3.268930780693502,0.9898875424021601,1.4999966251626473,-3.7006462753064184e-06,1.5000001434994776,0.00030326994799975416,0.00033136699261233427,-1.2259655193570412e-05,-0.018173458357566154,-0.01971621814521975,0.0006588231146098465
9.22,18,3.2739307806935027,0.9914016269894641,1.4999979256992724,-2.278187820281552e-06,1.5000000901554387,0.00021921547071119705,0.0002400352515722885,-9.136253644499174e-06,-0.015448536394144086,-0.016813583043224802,0.000588870538937053
9.225,18,3.2789307806935017,0.9929157115767675,1.499998840019858,-1.2760327435801244e-06,1.5000000515122758,0.00014878248387814653,0.0001632601207557679,-6.387660760853296e-06,-0.012724874538933222,-0.01389357279602678,0.0005088913898919906
9.23,18,3.2839307806935025,0.9944297961640715,1.499999436215804,-6.211807751510534e-07,1.5000000255704031,9.196450151402554e-05,0.00010112849479235784,-4.064133282566307e-06,-0.010002546969703407,-0.01095617984139708,0.0004188361180713328
9.235,18,3.2889307806935015,0.995943880751375,1.49999978234514,-2.4019706923450457e-07,1.5000000100783395,4.875466674107608e-05,5.3727306124628395e-05,-2.21617569949935e-06,-0.007281627864229711,-0.008001396617114905,0.0003186551740707757
9.24,18,3.2939307806935023,0.9974579653386789,1.4999999464306915,-5.9212035830036314e-08,1.5000000025314564,1.914575180111743e-05,2.1143525005982824e-05,-8.945402448517743e-07,-0.004562191400285891,-0.005029215560952949,0.00020829900848634122
9.245000000000001,18,3.298930780693503,0.9989720499259829,1.499999996458215,-3.9211297542252055e-09,1.5000000001707465,3.130158039946702e-06,3.4641595054987387e-06,-1.5022689959889736e-07,-0.0018443117556391955,-0.0020396291106865097,8.771807191177084e-05
9.248394625645876,18,3.302325406339378,0.9999999999999999,1.499999999999998,-1.4432899320127035e-15,1.4999999999999996,-2.0171658840656228e-16,-1.0758218048349988e-15,6.051497652196868e-16,4.235101554803495e-15,6.515540853543839e-16,1.2623860403741188e-15
