time,segment_id,segment_local_time,u,position_x,position_y,position_z,velocity_x,velocity_y,velocity_z,acceleration_x,acceleration_y,acceleration_z
0.0,0,0.0,0.0,0.0,0.0,-0.06,0.0,0.0,0.0,0.0,0.0,0.0
0.005,0,0.005,0.0028060089843893405,7.618720771471752e-09,-5.717739287158584e-09,-0.06000000296372328,4.5634020634736885e-06,-3.428307762573621e-06,-1.7787175713907756e-06,0.0018191006692980362,-0.0013694544958515007,-0.0007118730898469731
0.01,0,0.01,0.005612017968778681,6.063696653900464e-08,-4.564848576833506e-08,-0.06000002372904832,1.812861330386854e-05,-1.3675860796699306e-05,-7.122550508670211e-06,0.0036007653051289786,-0.0027276984946135807,-0.0014260379458142338
0.015,0,0.015,0.00841802695316802,2.035968736278785e-07,-1.5374834423749082e-07,-0.060000080149994015,4.050907806925677e-05,-3.068661240682128e-05,-1.6042834634321288e-05,0.005345243713655905,-0.004074734312242774,-0.0021424453646544006
0.02,0,0.02,0.011224035937557362,4.801109226807733e-07,-3.636932149602653e-07,-0.060000190136643324,7.151948973852605e-05,-5.440452747716646e-05,-2.855065975459009e-05,0.0070527857010419,-0.005410564264695615,-0.002861046143120091
0.025,0,0.025,0.014030044921946703,9.328681838118451e-07,-7.088788515728891e-07,-0.060000371653913205,0.00011097579072137937,-8.477358247174442e-05,-4.465686965948578e-05,0.008723641073450038,-0.006735190667928636,-0.003581791077963925
0.03,0,0.03,0.01683605390633604,1.6036405617608027e-06,-1.222420918981096e-06,-0.060000642720324515,0.00015869517245833509,-0.00012173776543434732,-6.43720621227806e-05,0.010358059637043403,-0.008048615837898369,-0.0043046309659385195
0.035,0,0.035,0.019642062890725384,2.5332890410469895e-06,-1.9371550512590413e-06,-0.06000102140677196,0.00021449607542072725,-0.0001652410759885502,-8.770658890200995e-05,0.011956291197985079,-0.009350842090561352,-0.005029516603796495
0.04,0,0.04,0.022448071875114724,3.761769931123451e-06,-2.885636909548206e-06,-0.060001525835293966,0.0002781981891107049,-0.00021522752533771047,-0.00011467055573847222,0.013518585562438136,-0.010641871741874111,-0.005756398788290465
0.045,0,0.045,0.025254080859504063,5.328141111531021e-06,-4.10014223995632e-06,-0.06000217417784265,0.0003496224520612327,-0.0002716411362649685,-0.00014527382235722893,0.01504519253656566,-0.011921707107793188,-0.006485228316173055
0.05,0,0.05,0.028060089843893406,7.270568277052396e-06,-5.612666931456272e-06,-0.060002984655053694,0.0004285910518360908,-0.00033442594313324713,-0.00017952600246710484,0.016536361926530737,-0.013190350504275111,-0.00721595598419688
0.055,0,0.055,0.030866098828282743,9.6263311828662e-06,-7.454927073785012e-06,-0.060003975535016296,0.0005149274250298742,-0.00040352599188525184,-0.00021743646376068746,0.017992343538496432,-0.014447804247276414,-0.007948532589114553
0.06,0,0.06,0.03367210781267208,1.2431829889701093e-05,-9.658359015342489e-06,-0.06000516513204306,0.0006084562572679945,-0.000478885340043471,-0.0002590143279143278,0.01941338717862584,-0.01569407065275363,-0.008682908927678703
0.065,0,0.065,0.03647811679706143,1.5722591008989825e-05,-1.225411942109055e-05,-0.06000657180543997,0.0007090034832066776,-0.0005604480567101758,-0.00030426847058813975,0.02079974265308204,-0.016929152036663297,-0.00941903579664194
0.07,0,0.07,0.03928412578145077,1.953327394802328e-05,-1.527308533045183e-05,-0.06000821395827622,0.0008163962865329648,-0.0006481582225674191,-0.00035320752142600006,0.0221516597680281,-0.018153050714961948,-0.01015686399275689
0.075,0,0.075,0.0420901347658401,2.3897677155104628e-05,-1.87458542152087e-05,-0.06001011003615422,0.0009304630999647132,-0.0007419599298770374,-0.00040583986405554897,0.02346938832962711,-0.0193657690036061,-0.010896344312776158
0.08,0,0.08,0.04489614375022945,2.884874436470337e-05,-2.2702744037402206e-05,-0.06001227852597945,0.001051033605250596,-0.0008417972824806501,-0.00046217363608819,0.024753178144042147,-0.020567309218552314,-0.011637427553452378
0.085,0,0.085,0.04770215273461879,3.441857084260936e-05,-2.7173793307230883e-05,-0.06001473795473043,0.0011779387331700998,-0.0009476143957996584,-0.0005222167291190888,0.026003279017436293,-0.021757673675757108,-0.01238006451153816
0.09,0,0.09,0.05050816171900813,4.063840963108697e-05,-3.2188761140949765e-05,-0.06001750688822861,0.0013110106635335292,-0.0010593553968352464,-0.000585976788727175,0.02721994075597263,-0.022936864691177013,-0.013124205983786124
0.095,0,0.095,0.053314170703397466,4.753867779402912e-05,-3.7777127318769264e-05,-0.06002060392990827,0.0014500828251820018,-0.0011769644241683812,-0.0006534612144751414,0.028403413165814233,-0.024104884580768565,-0.013869802766948889
0.1,0,0.1,0.05612017968778681,5.514896266211137e-05,-4.39680923427541e-05,-0.0600240477195865,0.0015949898959874522,-0.0013003856279598124,-0.0007246771599094432,0.029553946053124187,-0.0252617356604883,-0.014616805657779071
0.105,0,0.105,0.058926188672176145,6.349802807794591e-05,-5.0790577494722114e-05,-0.06002785693223306,0.0017455678028526292,-0.0014295631699500723,-0.0007996315325602988,0.030671789224065566,-0.026407420246292748,-0.015365165453029291
0.11,0,0.11,0.061732197656565485,7.261382064123584e-05,-5.827322489414338e-05,-0.06003205027674032,0.001901653721711098,-0.0015644412234594748,-0.0008783309939416902,0.03175719248480145,-0.027541940654138453,-0.016114832949452165
0.115,0,0.115,0.06453820664095483,8.25234759539291e-05,-6.644439755603895e-05,-0.06003664649469319,0.0020630860775272403,-0.00170496397338812,-0.0009607819595513628,0.032810405641494934,-0.028665299199981932,-0.016865758943800317
0.12,0,0.12,0.06734421562534416,9.32533248653724e-05,-7.533217944887978e-05,-0.06004166435913902,0.0022297045442962486,-0.001851075616215885,-0.0010469905988708232,0.03383167850030908,-0.029777498199779727,-0.017617894232826357
0.125,0,0.125,0.07015022460973351,0.00010482889971746577,-8.496437555248579e-05,-0.060047122673357524,0.0024013500450441373,-0.002002720360002435,-0.0011369628353653438,0.03482126086740698,-0.030878539969488375,-0.01837118961328291
0.13,0,0.13,0.07295623359412286,0.00011727494058981608,-9.536851191592458e-05,-0.060053040269630716,0.0025778647518277307,-0.0021598424243872154,-0.001230704346483958,0.03577940254895172,-0.03196842682506441,-0.019125595881922593
0.135,0,0.135,0.07576224257851219,0.00013061540154489138,-0.00010657183571541039,-0.06005943600801279,0.00275909208573467,-0.002322386040589452,-0.0013282205636594626,0.03670635335110635,-0.03304716108246435,-0.019881063835498022
0.14,0,0.14,0.07856825156290154,0.00014487345687317518,-0.00011860131531220321,-0.0600663287751001,0.0029448767168834154,-0.002490295451408159,-0.0014295166723084186,0.03760236308003398,-0.034114745057644745,-0.02063754427076182
0.145,0,0.145,0.08137426054729087,0.00016007150733832006,-0.0001314836403105074,-0.060073737482801,0.0031350645644232372,-0.002663514911222128,-0.0015345976118311489,0.038467681541897676,-0.03517118106656212,-0.021394987984466596
0.15,0,0.15,0.0841802695316802,0.00017623118642230216,-0.00014524522161537084,-0.06008168106710584,0.0033295027965342234,-0.0028419886859899347,-0.00164346807561174,0.03930255854286052,-0.03621647142517301,-0.022153345773364978
0.155,0,0.155,0.08698627851606955,0.00019337336657057513,-0.0001599121914905838,-0.06009017848685683,0.0035280398304272788,-0.0030256610532499407,-0.001756132511018042,0.04010724388908561,-0.037250618449433955,-0.022912568434209583
0.16,0,0.16,0.0897922875004589,0.00021151816543722406,-0.00017551040361657756,-0.060099248722517984,0.003730525332344123,-0.0032144763021202867,-0.001872595119401668,0.04088198738673599,-0.038273624455301476,-0.023672606763753025
0.165,0,0.165,0.09259829648484824,0.0002306849521301197,-0.00019206543314832382,-0.06010891077494503,0.003936810217557287,-0.0034083787332988952,-0.001992859856097992,0.04162703884197478,-0.03928549175873213,-0.024433411558747932
0.17,0,0.17,0.09540430546923757,0.0002508923534560724,-0.00020960257677323313,-0.06011918366415535,0.004146746650370122,-0.0036073126590634736,-0.002116930430426154,0.04234264806096503,-0.04028622267568242,-0.025194933615946907
0.17500000000000002,0,0.17500000000000002,0.09821031445362692,0.0002721582601659867,-0.0002281468527690543,-0.060130086428097855,0.0043601880441167945,-0.003811222403271513,-0.0022448103056890555,0.04302906484986983,-0.041275819522108896,-0.02595712373210258
0.18,0,0.18,0.10101632343801625,0.00029449983320001445,-0.0002477230010617728,-0.060141638121422945,0.004576989061162284,-0.0040200523013602845,-0.0023765026991733615,0.04368653901485227,-0.04225428461396809,-0.026719932703967563
0.185,0,0.185,0.10382233242240559,0.00031793350993270983,-0.00026835548328351,-0.06015385781425241,0.004797005612902384,-0.004233746700346841,-0.0025120105821495008,0.04431532036207541,-0.043221620267216515,-0.02748331132829448
0.19,0,0.19,0.10662834140679493,0.0003424750104181831,-0.0002900684828304223,-0.06016676459094935,0.005020094859763711,-0.004452249958828025,-0.002651336679871664,0.044915658697702344,-0.04417782879781076,-0.028247210401835948
0.195,0,0.195,0.10943435039118428,0.00036813934363525417,-0.0003128859049205991,-0.0601803775488881,0.005246115211203687,-0.004675506446980454,-0.0027944834715778054,0.04548780382789616,-0.045122912521707303,-0.029011580721344587
0.2,0,0.2,0.11224035937557363,0.00039494081373260765,-0.00033683137665196304,-0.06019471579722414,0.0054749263257105555,-0.0049034605465605305,-0.0029414531904896433,0.04603200555881992,-0.04605687375486269,-0.029776373083573015
0.20500000000000002,0,0.20500000000000002,0.11504636835996296,0.00042289302627394567,-0.00036192824706016754,-0.060209798455664015,0.005706389110803375,-0.0051360566509044405,-0.0030922478238126563,0.04654851369663672,-0.04697971481323348,-0.03054153828527384
0.21,0,0.21,0.11785237734435229,0.0004520088944831436,-0.000388199587176497,-0.060225644653235266,0.005940365723032016,-0.005373239164928151,-0.00324686911273609,0.047037578047509625,-0.04789143801277616,-0.03130702712319969
0.215,0,0.215,0.12065838632874164,0.0004823006454894027,-0.00041566819008576495,-0.060242273527056335,0.006176719567977169,-0.005614952505127416,-0.0034053185524329497,0.04749944841760172,-0.04879204566944732,-0.03207279039410318
0.22,0,0.22,0.12346439531313097,0.0005137798265724046,-0.00044435657098421285,-0.060259704221106485,0.0064153153002503354,-0.005861141099577765,-0.0035675973920600047,0.04793437461307609,-0.04968154009920345,-0.032838778894736936
0.225,0,0.225,0.12627040429752032,0.000546457311407466,-0.00047428696723740994,-0.06027795588499572,0.00665601882349384,-0.006111749387934518,-0.0037337066347577896,0.04834260644009583,-0.050559923618001094,-0.03360494342185357
0.23,0,0.23,0.12907641328190966,0.0005803433063106917,-0.0005054813384381507,-0.06029704767273472,0.006898697290380812,-0.006366721821432776,-0.0039036470376506006,0.04872439370482399,-0.05142719854179681,-0.0343712347722057
0.23500000000000001,0,0.23500000000000001,0.131882422266299,0.0006154473564841294,-0.0005379613664643552,-0.06031699874150473,0.007143219102615199,-0.006626002862887413,-0.004077419111846495,0.04907998621342365,-0.05228336718654709,-0.03513760374254595
0.24,0,0.24,0.13468843125068833,0.0006517783522609231,-0.0005717484555369663,-0.06033782825042751,0.00738945391093177,-0.006889536986693096,-0.004255023122437293,0.04940963377205792,-0.05312843186820849,-0.035904001129626925
0.245,0,0.245,0.13749444023507768,0.0006893445353504692,-0.0006068637322778518,-0.060359555359335224,0.007637272615096105,-0.007157268678824275,-0.004436459088498585,0.04971358618688987,-0.05396239490273755,-0.03667037773020125
0.25,0,0.25,0.14030044921946702,0.0007281535050835674,-0.0006433280457676989,-0.06038219922754038,0.007886547363904603,-0.007429142436835179,-0.004621726783089717,0.049992093264082556,-0.054785258606090785,-0.03743668434102156
0.255,0,0.255,0.14310645820385637,0.0007682122246575772,-0.0006811619676039165,-0.06040577901260574,0.008137151555184474,-0.00770510276985982,-0.004810825733253799,0.05024540480979909,-0.05559702529422476,-0.038202871758840455
0.26,0,0.26,0.14591246718824571,0.0008095270273815707,-0.0007203857919585332,-0.06043031386911425,0.008388959835793741,-0.007985094198611991,-0.0050037552200177075,0.05047377063020252,-0.05639769728309596,-0.038968890780410555
0.265,0,0.265,0.14871847617263503,0.0008521036229214875,-0.0007610195356360949,-0.06045582294743894,0.008641848101621247,-0.008269061255385266,-0.005200514278392077,0.050677440531455974,-0.05718727688866095,-0.039734692202484476
0.27,0,0.27,0.15152448515702438,0.0008959471035452889,-0.0008030829381315665,-0.060482325392512845,0.008895693497586654,-0.008556948484053015,-0.005401101697371313,0.05085666431972249,-0.05796576642687628,-0.040500226821814846
0.275,0,0.275,0.15433049414141373,0.0009410619503681109,-0.0008465954616882278,-0.06050984034259896,0.009150374417640432,-0.008848700440068375,-0.005605516019933574,0.05101169180116515,-0.05873316821369844,-0.04126544543515429
0.28,0,0.28,0.15713650312580307,0.0009874520395974189,-0.0008915762913555746,-0.060538386928060094,0.00940577050476387,-0.009144261690464273,-0.0058137555430407915,0.051142772781947045,-0.059489484565084,-0.04203029883925541
0.28500000000000003,0,0.28500000000000003,0.15994251211019242,0.001035120648778162,-0.0009380443350472162,-0.06056798427012885,0.009661762650969075,-0.009443576813853416,-0.006025818317638654,0.05125015706823127,-0.06023471779698947,-0.04279473783087082
0.29,0,0.29,0.16274852109458174,0.0010840704630379265,-0.0009860182235987747,-0.060598651479677516,0.00991823299729896,-0.009746590400428294,-0.0062417021486566105,0.05133409446618087,-0.0609688702253714,-0.04355871320675314
0.295,0,0.295,0.16555453007897106,0.001134303581332091,-0.0010355163108257852,-0.06063040765598797,0.010175064933827258,-0.01005324705196118,-0.00646140459500788,0.05139483478195896,-0.0616919441661863,-0.044322175763655006
0.3,0,0.3,0.1683605390633604,0.0011858215226889799,-0.001086556673581593,-0.06066327188552165,0.010432143099658533,-0.010363491381804136,-0.006684922969589446,0.0514326278217286,-0.06240394193539073,-0.04508507629832903
0.305,0,0.305,0.17116654804774975,0.0012386252324550163,-0.0011391571118152533,-0.060697263240689386,0.01068935338292814,-0.010677268014889002,-0.006912254339282047,0.051447723391652884,-0.06310486584894123,-0.045847365607527835
0.31,0,0.31,0.1739725570321391,0.0012927150885398784,-0.0011933351486294293,-0.06073240077862142,0.010946582920802257,-0.010994521587727388,-0.007143395524950187,0.05144037129789489,-0.0637947182227943,-0.04660899448800403
0.315,0,0.315,0.17677856601652844,0.0013480909076616513,-0.0012491080303382923,-0.06076870353993726,0.01120372009947789,-0.011315196748410708,-0.0073783431014421376,0.05141082134661767,-0.06447350137290649,-0.04736991373651022
0.32,0,0.32,0.1795845750009178,0.0014047519515919824,-0.00130649272652542,-0.060806190547515605,0.011460654554182844,-0.011639238156610148,-0.007617093397589929,0.051359323343984326,-0.06514121761523432,-0.04813007414979905
0.325,0,0.325,0.18239058398530714,0.0014626969334012357,-0.001365505930101696,-0.06084488080526428,0.011717277169175743,-0.011966590483576674,-0.007859642496209355,0.05128612709615792,-0.06579786926573437,-0.048889426524623136
0.33,0,0.33,0.18519659296969648,0.0015219240237036452,-0.0014261640573632068,-0.06088479329689015,0.01197348007774604,-0.012297198412141039,-0.008105986234099975,0.051191482409301596,-0.06644345864036312,-0.04964792165773507
0.335,0,0.335,0.1880026019540858,0.001582430856902468,-0.0014884832480491432,-0.06092594698466904,0.012229156662213983,-0.012631006636713777,-0.008356120202045106,0.05107563908957837,-0.06707798805507711,-0.05040551034588749
0.34,0,0.34,0.19080861093847515,0.0016442145374351421,-0.0015524793653996988,-0.06096836080821564,0.012484201553930646,-0.012967959863285212,-0.008610039744811837,0.05093884694315134,-0.06770145982583292,-0.05116214338583302
0.34500000000000003,0,0.34500000000000003,0.1936146199228645,0.0017072716460184351,-0.001618167996213967,-0.06101205368325345,0.01273851063327793,-0.013308002809425441,-0.008867739961151012,0.050781355776183604,-0.06831387626858702,-0.051917771574324256
0.35000000000000003,0,0.35000000000000003,0.19642062890725384,0.0017715982458936029,-0.001685564450907841,-0.06105704450038466,0.01299198102966852,-0.01365108020428434,-0.009129215703797244,0.05060341539483821,-0.068915239699296,-0.05267234570811385
0.355,0,0.355,0.19922663789164316,0.0018371898890715407,-0.0017546837635719138,-0.06110335212386013,0.013244511121545947,-0.013997136788591581,-0.009394461579468901,0.050405275605278264,-0.06950555243391635,-0.05342581658395439
0.36,0,0.36,0.2020326468760325,0.0019040416225779404,-0.0018255406920293764,-0.06115099539034923,0.013496000536384554,-0.014346117314656617,-0.009663471948868125,0.05018718621366682,-0.07008481678840463,-0.054178134998598505
0.365,0,0.365,0.20483865586042183,0.0019721479946984396,-0.0018981497178939145,-0.061199993107709835,0.013746350150689474,-0.01469796654636867,-0.009936240926680813,0.04994939702616697,-0.07065303507871733,-0.05492925174879881
0.37,0,0.37,0.20764466484481117,0.0020415030612237813,-0.0019725250466276125,-0.06125036405375818,0.013995462089996679,-0.015052629259196756,-0.010212762381576628,0.049692157848941806,-0.07121020962081104,-0.05567911763130794
0.375,0,0.375,0.21045067382920052,0.0021121003916949642,-0.0020486806075988473,-0.061302126975038826,0.014243239728872956,-0.015410050240189679,-0.010493029936208995,0.0494157184881544,-0.07175634273064231,-0.0564276834428785
0.38,0,0.38,0.21325668281358987,0.002183933075648398,-0.002126630054140189,-0.06135530058559456,0.014489587690915894,-0.015770174287976002,-0.010777036967215105,0.04912032874996784,-0.0722914367241676,-0.05717489998026311
0.385,0,0.385,0.2160626917979792,0.0022569937288610576,-0.0022063867636063004,-0.06140990356573631,0.014734411848753905,-0.016132946212764104,-0.011064776605215904,0.048806238440545185,-0.07281549391734347,-0.057920718040214376
0.39,0,0.39,0.21886870078236856,0.0023312744995956374,-0.0022879638374318366,-0.06146595456081305,0.014977619324046221,-0.01649831083634212,-0.011356241734816114,0.04847369736604954,-0.0733285166261265,-0.05866508841948494
0.395,0,0.395,0.2216747097667579,0.002406767074845704,-0.0023713741011893415,-0.06152347217998178,0.015219118487482888,-0.016866212992077977,-0.011651424994604209,0.04812295533264396,-0.07383050716647314,-0.05940796191482741
0.4,0,0.4,0.22448071875114725,0.0024834626865808517,-0.00245663010464715,-0.06158247499497736,0.015458818958784749,-0.01723659752491939,-0.011950318777152429,0.04775426214649157,-0.07432146785433999,-0.06014928932299439
0.405,0,0.405,0.22728672773553657,0.0025613521179918552,-0.0025437441218272806,-0.0616429815388825,0.015696631606703496,-0.017609409291393836,-0.012252915229016781,0.047367867613755416,-0.07480140100568354,-0.06088902144073851
0.41000000000000003,0,0.41000000000000003,0.23009273671992592,0.0026404257097358275,-0.002632728151063345,-0.061705010304897626,0.015932468549021604,-0.01798459315960861,-0.01255920625073703,0.04696402154059855,-0.07527030893646038,-0.061627109064812405
0.41500000000000004,0,0.41500000000000004,0.23289874570431526,0.002720673366181369,-0.002723593915058436,-0.06176857974511084,0.016166243152552384,-0.01836209400925076,-0.012869183496836708,0.04654297373318411,-0.07572819396262699,-0.06236350299196867
0.42,0,0.42,0.23570475468870458,0.0028020845616537216,-0.0028163528609430324,-0.061833708269267804,0.01639787003313995,-0.018741856731587122,-0.013182838375823108,0.04610497399767513,-0.07617505840013991,-0.06309815401895993
0.425,0,0.425,0.23851076367309393,0.0028846483466799296,-0.002911016160332898,-0.061900414243541695,0.016627265055659247,-0.019123826229464326,-0.013500162050187286,0.04565027214023472,-0.07661090456495571,-0.0638310129425388
0.43,0,0.43,0.24131677265748327,0.002968353354233986,-0.0030075947093869777,-0.0619687159893031,0.016854345334016023,-0.01950794741730878,-0.013821145436404064,0.04517911796702591,-0.0770357347730309,-0.06456203055945792
0.435,0,0.435,0.2441227816418726,0.0030531878059819892,-0.0031060991288652975,-0.062038631781889925,0.01707902923114683,-0.01989416522112666,-0.014145779204932018,0.04469176128421191,-0.07744955134032198,-0.06529115766646988
0.44,0,0.44,0.24692879062626194,0.0031391395185272988,-0.003206539764186866,-0.06211017984937734,0.017301236359019062,-0.02028242457850395,-0.014474053780213502,0.04418845189795565,-0.07785235658278555,-0.06601834506032732
0.445,0,0.445,0.2497347996106513,0.0032261959096556887,-0.003308926685487569,-0.06218337837134769,0.017520887578630923,-0.0206726704386064,-0.014805959340674623,0.043669439614420276,-0.07824415281637809,-0.06674354353778283
0.45,0,0.45,0.25254080859504063,0.003314344004580499,-0.003413269687678072,-0.06225824547766041,0.017737905000011413,-0.02106484776217954,-0.015141485818725249,0.043134974239768864,-0.07862494235705617,-0.06746670389558906
0.455,0,0.455,0.25534681757942995,0.0034035704421877928,-0.0035195782905017145,-0.06233479924722192,0.017952211982220356,-0.0214589015215487,-0.015480622900759017,0.04258530558016448,-0.0789947275207763,-0.0681877769304986
0.46,0,0.46,0.2581528265638193,0.0034938614812815108,-0.0036278617385924173,-0.0624130577067556,0.018163733133348414,-0.021854776700618972,-0.01582336002715333,0.04202068344177024,-0.07935351062349501,-0.06890671343926412
0.465,0,0.465,0.26095883554820865,0.003585203006828621,-0.0037381290015325716,-0.062493038829571655,0.01837239431051701,-0.022252418294875235,-0.016169686392269338,0.041441357630749194,-0.07970129398116885,-0.06962346421863817
0.47000000000000003,0,0.47000000000000003,0.263764844532598,0.003677580536204279,-0.0038503887739109455,-0.06257476053433707,0.01857812261987846,-0.02265177131138218,-0.016519590944451983,0.0408475779532644,-0.08003807990975434,-0.07033798006537342
0.47500000000000003,0,0.47500000000000003,0.26657085351698734,0.0037709792254369753,-0.003964649475380575,-0.0626582406838455,0.018780846416615822,-0.023052780768784233,-0.01687306238602993,0.04023959421547902,-0.08036387072520804,-0.07105021177622245
0.48,0,0.48,0.26937686250137666,0.003865383875453694,-0.004080919250716674,-0.06274349708378721,0.01898049530494302,-0.02345539169730563,-0.017230089173315647,0.03961765622355606,-0.08067866874348643,-0.07176011014793791
0.485,0,0.485,0.27218287148576603,0.003960778938325072,-0.004199205969874527,-0.062830547481519,0.019177000138104763,-0.023859549138750397,-0.017590659516605343,0.03898201378365861,-0.08098247628054613,-0.07246762597727241
0.49,0,0.49,0.27498888047015535,0.004057148523510535,-0.0043195172280473815,-0.06291940956483408,0.019370293018376582,-0.024265198146502326,-0.017954761380178992,0.038332916701949805,-0.08127529565234358,-0.07317271006097854
0.495,0,0.495,0.27779488945454467,0.004154476404103474,-0.004441860345724357,-0.06301010096073204,0.019560307297064844,-0.024672283785524985,-0.01832238248230033,0.03767061478459261,-0.08155712917483535,-0.07387531319580895
0.5,0,0.5,0.28060089843893404,0.004252746023076383,-0.004566242368748345,-0.06310263923418874,0.019746977574506712,-0.025080751132361766,-0.01869351029521688,0.03699535783775022,-0.08182797916397798,-0.07457538617851628
0.505,0,0.505,0.28340690742332336,0.004351940499526021,-0.004692670068373895,-0.06319704188692625,0.019930239700070143,-0.02549054527513578,-0.019068132045159877,0.03630739566758571,-0.08208784793572803,-0.0752728798058531
0.51,0,0.51,0.28621291640771274,0.004452042634918562,-0.004821149941325127,-0.06329332635618275,0.020110030772153963,-0.025901611313549986,-0.01944623471234438,0.03560697808026207,-0.08233673780604198,-0.07596774487457204
0.515,0,0.515,0.28901892539210206,0.004553034919334752,-0.004951688209853622,-0.06339151001348242,0.020286289138187773,-0.026313894358887067,-0.019827805030969158,0.034894354881942445,-0.08257465109087637,-0.07665993218142574
0.52,0,0.52,0.29182493437649143,0.004654899537715067,-0.005084290821796331,-0.06349161016340547,0.020458954394632002,-0.026727339534009548,-0.020212829489216783,0.034169775878789894,-0.08280159010618779,-0.0773493925231668
0.525,0,0.525,0.29463094336088075,0.004757618376104853,-0.005218963450633454,-0.06359364404235791,0.020627967386977888,-0.027141891973359665,-0.020601294329253565,0.03343349087696748,-0.08301755716793272,-0.07803607669654784
0.53,0,0.53,0.29743695234527007,0.004861173027899493,-0.005355711495546365,-0.06369762881734158,0.020793270209747493,-0.027557496822959517,-0.020993185547229575,0.0326857496826384,-0.08322255459206769,-0.07871993549832147
0.535,0,0.535,0.30024296132965944,0.004965544800089563,-0.005494540081475492,-0.063803581584724,0.020954806206493693,-0.027974099240410926,-0.021388488893278684,0.03192680210196558,-0.08341658469454925,-0.07940091972524033
0.54,0,0.54,0.30304897031404876,0.0050707147195059735,-0.00563545405917822,-0.06391151936900835,0.02111251996980018,-0.028391644394895513,-0.02178718987151848,0.03115689794111218,-0.08359964979133397,-0.08007898017405704
0.545,0,0.545,0.30585497929843813,0.005176663539065133,-0.005778458005286796,-0.06402145912160334,0.021266357341281465,-0.028810077467174698,-0.022189273740050343,0.030376287006241218,-0.08377175219837835,-0.08075406764152421
0.55,0,0.55,0.30866098828282745,0.005283371744014099,-0.005923556222366217,-0.06413341771959315,0.02141626541158284,-0.029229343649589658,-0.022594725510959396,0.029585219103515904,-0.08393289423163887,-0.08142613292439443
0.555,0,0.555,0.3114669972672168,0.005390819558175734,-0.006070752738972144,-0.06424741196450734,0.021562192520380462,-0.029649388146061384,-0.023003529950314548,0.028783944039099153,-0.08408307820707216,-0.08209512681942037
0.56,0,0.56,0.31427300625160615,0.005498986950193851,-0.006220051309708784,-0.0643634585810908,0.02170408825638128,-0.030070156172090596,-0.023415671578168446,0.027972711619154184,-0.0842223064406347,-0.08276100012335462
0.5650000000000001,0,0.5650000000000001,0.31707901523599547,0.005607853639778389,-0.006371455415286802,-0.06448157421607359,0.021841903457323068,-0.030491592954757864,-0.023831134668557522,0.027151771649844007,-0.08435058124828301,-0.08342370363294976
0.5700000000000001,0,0.5700000000000001,0.31988502422038484,0.005717399103950541,-0.006524968262581218,-0.06460177543694096,0.02197559020997439,-0.0309136437327235,-0.02424990324950197,0.026321373937331742,-0.08446790494597367,-0.08408318814495849
0.5750000000000001,0,0.5750000000000001,0.32269103320477416,0.005827602583287922,-0.006680592784689292,-0.06472407873070321,0.022105101850134645,-0.0313362537562276,-0.024671961103005718,0.025481768287780367,-0.08457427984966318,-0.08473940445613337
0.58,0,0.58,0.3254970421891635,0.0059384430881697274,-0.006838331640988445,-0.0648485005026656,0.02223039296263407,-0.031759368287090056,-0.02509729176505649,0.0246332045073531,-0.0846697082753081,-0.08539230336322703
0.585,0,0.585,0.3283030511735528,0.006049899405021871,-0.006998187217194142,-0.0649750570751983,0.022351419381333663,-0.03218293259871052,-0.02552587852562577,0.02377593240221292,-0.08475419253886493,-0.08604183566299209
0.59,0,0.59,0.3311090601579421,0.0061619501025621595,-0.007160161625417802,-0.0651037646865063,0.022468138189125266,-0.03260689197606847,-0.02595770442866878,0.022910201778523015,-0.08482773495629022,-0.08668795215218118
0.595,0,0.595,0.3339150691423315,0.006274573538045426,-0.00732425670422468,-0.06523463948939934,0.02258050771793157,-0.033031191715723135,-0.026392752272124544,0.02203626244244629,-0.08489033784354048,-0.08733060362754692
0.6,0,0.6,0.3367210781267208,0.006387747863508699,-0.007490474018691783,-0.06536769755006178,0.022688487548706032,-0.03345577712581351,-0.026831004607915803,0.021154364200146,-0.08494200351657227,-0.08796974088584192
0.605,0,0.605,0.3395270871111102,0.00650145103201635,-0.007658814860465763,-0.06550295484682257,0.022792038511432935,-0.03388059352605843,-0.0272724437419491,0.02026475685778509,-0.08498273429134214,-0.0886053147238188
0.61,0,0.61,0.3423330960954995,0.0066156608039052486,-0.007829280247820812,-0.06564042726892516,0.02289112268512739,-0.03430558624775644,-0.02771705173411472,0.019367690221526783,-0.08501253248380664,-0.08923727593823018
0.615,0,0.615,0.3451391050798889,0.006730354753029921,-0.00800187092571657,-0.0657801306152974,0.022985703397835313,-0.034730700633785916,-0.028164810398286718,0.018463414097534055,-0.08503140040992221,-0.08986557532582866
0.62,0,0.62,0.3479451140642782,0.006845510273007696,-0.008176587365856013,-0.06592208059332147,0.023075745226633432,-0.035155882038604994,-0.0286157013023229,0.01755217829197009,-0.08503934038564548,-0.09049016368336688
0.625,0,0.625,0.35075112304866757,0.006961104583463863,-0.008353429766743359,-0.0660662928176038,0.023161213997629344,-0.03558107582825164,-0.029069705768064877,0.016634232610997723,-0.08503635472693291,-0.09111099180759744
0.63,0,0.63,0.3535571320330569,0.007077114736276827,-0.008532398053741962,-0.066212782808745,0.02324207678596135,-0.03600622738034353,-0.029526804871337953,0.015709826860780325,-0.08502244574974106,-0.09172801049527297
0.635,0,0.635,0.3563631410174462,0.0071935176218232595,-0.008713491879132219,-0.06636156599210975,0.02331830191579866,-0.03643128208407817,-0.02998697944195126,0.014779210847480831,-0.08499761577002649,-0.09234117054314608
0.64,0,0.64,0.3591691500018356,0.007310289975223264,-0.008896710622169466,-0.06651265769659674,0.0233898589603413,-0.036856185340232855,-0.03045021006369767,0.013842634377262323,-0.0849618671037457,-0.09295042274796943
0.645,0,0.645,0.3619751589862249,0.007427408382585507,-0.009082053389141864,-0.06666607315340858,0.023456718741820034,-0.03728088256116463,-0.030916477074353795,0.012900347256287921,-0.08491520206685528,-0.09355571790649558
0.65,0,0.65,0.3647811679706143,0.0075448492872524035,-0.009269519013428328,-0.06682182749482173,0.023518853331496503,-0.03770531917081033,-0.03138576056568006,0.011952599290720598,-0.08485762297531169,-0.09415700681547719
0.655,0,0.655,0.3675871769550036,0.007662588996045234,-0.009459106055556377,-0.06697993575295641,0.023576236049663187,-0.03812944060468659,-0.031858040383420584,0.010999640286723684,-0.08478913214507147,-0.09475424027166686
0.66,0,0.66,0.37039318593939297,0.007780603685509334,-0.009650812803260096,-0.06714041285854651,0.02362884146564331,-0.0385531923098898,-0.032333296127303325,0.010041720050460015,-0.08470973189209122,-0.09534736907181718
0.665,0,0.665,0.3731991949237823,0.007898869408159225,-0.009844637271537972,-0.06730327363970953,0.023676645397790946,-0.03897651974509619,-0.03281150715103995,0.00907908838809278,-0.08461942453232739,-0.09593634401268082
0.67,0,0.67,0.3760052039081716,0.008017362098723772,-0.010040577202710843,-0.06746853282071649,0.023719624913490996,-0.0393993683805617,-0.0332926525623259,0.008111995105784949,-0.08451821238173657,-0.09652111589101038
0.675,0,0.675,0.378811212892561,0.008136057580391355,-0.010238630066479773,-0.06763620502076184,0.023757758329159162,-0.0398216836981221,-0.033776711222840414,0.007140690009699786,-0.08440609775627528,-0.09710163550355845
0.68,0,0.68,0.3816172218769503,0.008254931571054999,-0.01043879305998394,-0.06780630475273339,0.023791025210241963,-0.04024341119119292,-0.03426366174824644,0.006165422906000195,-0.0842830829719001,-0.09767785364707769
0.685,0,0.685,0.38442323086133967,0.008373959689557536,-0.010641063107858569,-0.06797884642198221,0.02381940637121675,-0.04066449636476952,-0.034753482508190735,0.005186443600849433,-0.08414917034456745,-0.09824972111832073
0.6900000000000001,0,0.6900000000000001,0.387229239845729,0.008493117461936775,-0.010845436862292793,-0.06815384432509257,0.02384288387559165,-0.041084884735426944,-0.035246151626303776,0.004204001900410442,-0.08400436219023394,-0.09881718871404012
0.6950000000000001,0,0.6950000000000001,0.39003524883011836,0.00861238032767063,-0.011051910703087588,-0.06833131264865189,0.023861441035905637,-0.04150452183132011,-0.035741646980199854,0.003218347610846305,-0.0838486608248561,-0.09938020723098856
0.7000000000000001,0,0.7000000000000001,0.3928412578145077,0.008731723645922286,-0.011260480737713633,-0.06851126546802054,0.023875062413728502,-0.04192335319218368,-0.03623994620147696,0.0022297305383201715,-0.08368206856439046,-0.09993872746591859
0.705,0,0.705,0.39564726679889695,0.00885112270178537,-0.011471142801369247,-0.06869371674610192,0.023883733819660843,-0.04234132436933211,-0.036741026675716916,0.0012384004889951252,-0.08350458772479356,-0.10049270021558285
0.71,0,0.71,0.3984532757832863,0.008970552712529074,-0.011683892457038275,-0.06887868033211225,0.023887442313334055,-0.04275838092565966,-0.03724486554248527,0.00024460726903410726,-0.0833162206220219,-0.101042076276734
0.715,0,0.715,0.40125928476767564,0.009089988833843331,-0.01189872499554796,-0.06906616996035056,0.023886176203410377,-0.0431744684356403,-0.03775143969533132,-0.0007513993153996252,-0.08311696957203205,-0.10158680644612464
0.72,0,0.72,0.404065293752065,0.009209406166083949,-0.012115635435626881,-0.06925619924896859,0.023879925047582892,-0.04358953248532788,-0.038260725781788164,-0.0017493694581431304,-0.0829068368907805,-0.10212684152050737
0.725,0,0.725,0.40687130273645433,0.009328779760517799,-0.01233461852396283,-0.06944878169874066,0.023868679652575383,-0.04400351867235594,-0.03877270020337263,-0.0027490533530332563,-0.08268582489422382,-0.10266213229663482
0.73,0,0.73,0.40967731172084365,0.009448084625567935,-0.012555668735260716,-0.0696439306918337,0.023852432074142605,-0.044416372605937865,-0.039287339115585344,-0.0037502011939069212,-0.08245393589831855,-0.10319262957125963
0.735,0,0.735,0.412483320705233,0.00956729573305877,-0.012778780272300479,-0.06984165949057704,0.023831175617069947,-0.0448280399068668,-0.039804618427910644,-0.004752563174601043,-0.08221117221902122,-0.10371828414113435
0.74,0,0.74,0.41528932968962234,0.009686388024461205,-0.01300394706599494,-0.07004198123623244,0.023804904835173817,-0.04523846620751568,-0.040324513803816686,-0.005755889488952576,-0.08195753617228833,-0.10423904680301169
0.745,0,0.745,0.4180953386740117,0.00980533641713782,-0.01323116277544778,-0.07024490894776393,0.02377361553130126,-0.04564759715183721,-0.040847000660755355,-0.006759930330798331,-0.08169303007407648,-0.10475486835364421
0.75,0,0.75,0.42090134765840104,0.009924115810587993,-0.013460420788011348,-0.07045045552060777,0.023737304757330276,-0.04605537839536391,-0.04137205417016231,-0.007764435893975438,-0.08141765624034211,-0.10526569958978452
0.755,0,0.755,0.4237073566427904,0.010042701092693083,-0.013691714219344637,-0.07065863372544237,0.023695970814169583,-0.046461755605208044,-0.04189964925745698,-0.00876915637232064,-0.08113141698704182,-0.1057714913081853
0.76,0,0.76,0.42651336562717973,0.010161067145961555,-0.013925035913471134,-0.07086945620695816,0.02364961325175873,-0.046866674460061646,-0.04242976060204253,-0.00977384195967089,-0.08083431463013212,-0.10627219430559909
0.765,0,0.765,0.4293193746115691,0.01027918885377415,-0.014160378442836751,-0.07108293548262759,0.023598232869068116,-0.04727008065019661,-0.04296236263730591,-0.010778242849863139,-0.08052635148556955,-0.10676775937877857
0.77,0,0.77,0.4321253835959584,0.010397041106629042,-0.014397734108367678,-0.07129908394147497,0.023541831714098974,-0.047671919877464525,-0.04349742955061784,-0.011782109236734308,-0.08020752986931062,-0.10725813732447631
0.775,0,0.775,0.43493139258034774,0.010514598808387003,-0.014637094939528354,-0.07151791384284643,0.02348041308388327,-0.04807213785529681,-0.044034935283332785,-0.012785191314121279,-0.07987785209731195,-0.10774327893944496
0.78,0,0.78,0.4377374015647371,0.010631836882516517,-0.014878452694379296,-0.07173943731517987,0.023413981524483832,-0.04847068030870467,-0.044574853530788994,-0.01378723927586104,-0.07953732048553001,-0.10822313502043714
0.785,0,0.785,0.44054341054912644,0.010748730278338968,-0.015121798859635036,-0.07196366635477477,0.023342542830994312,-0.04886749297427905,-0.045117157742308456,-0.01478800331579037,-0.07918593734992128,-0.10869765636420546
0.79,0,0.79,0.4433494195335158,0.010865253977273791,-0.015367124650722007,-0.07219061282456224,0.023266104047539225,-0.04926252160019077,-0.04566182112119693,-0.015787233627746467,-0.07882370500644235,-0.10916679376750256
0.795,0,0.795,0.44615542851790513,0.01098138299908362,-0.015614421011836448,-0.07242028845287483,0.02318467346727376,-0.049655711946190305,-0.04620881662474395,-0.016784680405565935,-0.07845062577104976,-0.10963049802708098
0.8,0,0.8,0.4489614375022945,0.011097092408119433,-0.0158636786160023,-0.07265270483221656,0.023098260632384043,-0.050047009783607994,-0.04675811696422281,-0.017780093843085862,-0.07806670195970003,-0.11008871993969344
0.805,0,0.805,0.4517674464866838,0.01121235731956572,-0.0161148878651291,-0.07288787341803271,0.023006876334087007,-0.050436360895353964,-0.04730969460489054,-0.0187732241341431,-0.07767193588834971,-0.11054141030209251
0.81,0,0.81,0.45457345547107314,0.011327152905685645,-0.01636803889006989,-0.07312580552747985,0.022910532612630333,-0.050823711075918085,-0.04786352176598795,-0.019763821472574675,-0.07726632987295533,-0.11098851991103079
0.8150000000000001,0,0.8150000000000001,0.4573794644554625,0.011441454402066169,-0.016623121550679118,-0.07336651233819569,0.02280924275729258,-0.05120900613137005,-0.04841957042073966,-0.020751636052217432,-0.07684988622947342,-0.11142999956326095
0.8200000000000001,0,0.8200000000000001,0.46018547343985183,0.011555237113863224,-0.01688012543587051,-0.07361000488706902,0.02270302130638308,-0.05159219187935928,-0.04897781229635397,-0.021736418066908215,-0.0764226072738605,-0.11186580005553558
0.8250000000000001,0,0.8250000000000001,0.4629914824242412,0.011668476422046891,-0.01713903986367501,-0.07385629406900965,0.022591884047241998,-0.05197321414911502,-0.04953821887402301,-0.022717917710484092,-0.07598449532207309,-0.11229587218460725
0.8300000000000001,0,0.8300000000000001,0.4657974914086305,0.011781147789646493,-0.017399853881298645,-0.0741053906357183,0.022475848016240363,-0.0523520187814463,-0.05010076138892264,-0.023695885176781832,-0.07553555269006776,-0.11272016674722866
0.835,0,0.835,0.4686035003930198,0.011893226767995799,-0.017662556265180433,-0.07435730519445652,0.02235493149877993,-0.052728551628741925,-0.050665410830212455,-0.02467007065963857,-0.07507578169380101,-0.11313863454015238
0.84,0,0.84,0.47140950937740916,0.01200468900297819,-0.017927135521050304,-0.07461204820681665,0.02222915402929332,-0.05310275855497047,-0.05123213794103591,-0.02564022435289104,-0.07460518464922938,-0.11355122636013106
0.845,0,0.845,0.4742155183617985,0.012115510241271742,-0.01819357988398696,-0.07486962998749165,0.022098536391243952,-0.0534745854356803,-0.05180091321852011,-0.02660609645037624,-0.07412376387230948,-0.11395789300391727
0.85,0,0.85,0.47702152734618786,0.012225666336594457,-0.018461877318475817,-0.07513006070304513,0.02196310061712609,-0.053843978157999586,-0.05237170691377602,-0.027567437145930976,-0.07363152167899772,-0.1143585852682637
0.855,0,0.855,0.4798275363305772,0.012335133255949364,-0.01873201551846684,-0.07539335037068119,0.021822869988464833,-0.05421088262063622,-0.05294448903189827,-0.028523996633392314,-0.0731284603852507,-0.11475325394992292
0.86,0,0.86,0.48263354531496655,0.012443887085869729,-0.019003981907432542,-0.07565950885701436,0.021677869035815967,-0.05457524473387797,-0.053519229331965366,-0.0294755251065972,-0.07261458230702499,-0.11514184984564754
0.865,0,0.865,0.48543955429935587,0.012551904038664137,-0.019277763638425767,-0.07592854587683952,0.0215281235387662,-0.05493701041959228,-0.05409589732703944,-0.030421772759382307,-0.07208988976027704,-0.11552432375219021
0.87,0,0.87,0.4882455632837452,0.012659160458661702,-0.019553347594137682,-0.07620047099190184,0.021373660525933088,-0.055296125611226446,-0.05467446228416654,-0.031362489785584764,-0.07155438506096341,-0.11590062646630352
0.875,0,0.875,0.49105157226813456,0.012765632828457187,-0.019830720386955637,-0.07647529360966666,0.021214508274964922,-0.05565253625380756,-0.05525489322437636,-0.032297426379041566,-0.07100807052504067,-0.1162707087847401
0.88,0,0.88,0.4938575812525239,0.012871297775156193,-0.020109868359021038,-0.07675302298208944,0.02105069631254084,-0.056006188303942425,-0.055837158922682394,-0.033226332733589416,-0.07045094846846536,-0.11663452150425258
0.885,0,0.885,0.49666359023691325,0.012976132076620295,-0.020390777582287318,-0.07703366820438565,0.020882255414370797,-0.05635702772981772,-0.05642122790808192,-0.0341489590430653,-0.06988302120719395,-0.11699201542159357
0.89,0,0.89,0.4994695992213026,0.013080112667712168,-0.02067343385857775,-0.07731723821380071,0.020709217605195597,-0.05670500051119981,-0.057007068463555965,-0.0350650555013062,-0.06930429105718294,-0.11734314133351567
0.895,0,0.895,0.502275608205692,0.013183216646540808,-0.02095782271964343,-0.07760374178837995,0.020531616158786733,-0.0570500526394349,-0.05759464862606931,-0.035974372302148984,-0.06871476033438904,-0.11768785003677153
0.9,0,0.9,0.5050816171900813,0.013285421280706596,-0.021243929427221094,-0.07789318754573839,0.02034948559794674,-0.05739213011744899,-0.058183936186570494,-0.036876659639430626,-0.0681144313547686,-0.11802609232811376
0.905,0,0.905,0.5078876261744706,0.013386704013546559,-0.02153173897309108,-0.07818558394183084,0.020162861694508614,-0.057731178959747796,-0.05877489868999184,-0.03777166770698791,-0.06750330643427825,-0.11835781900429491
0.91,0,0.91,0.5106936351588599,0.0134870424703794,-0.021821236079135206,-0.0784809392697217,0.019971781469336643,-0.058067145192416916,-0.05936750343524942,-0.03865914669865809,-0.06688138788887454,-0.11868298086206773
0.915,0,0.915,0.5134996441432493,0.013586414464750798,-0.02211240519739467,-0.0787792616583549,0.01977628319232551,-0.05839997485312164,-0.05996171747524311,-0.039538846808277746,-0.06624867803451387,-0.11900152869818476
0.92,0,0.92,0.5163056531276387,0.013684798004678408,-0.022405230510127917,-0.07908055907132383,0.019576406382400907,-0.05872961399110708,-0.060557507616856444,-0.04041051822968387,-0.06560517918715292,-0.11931341330939861
0.925,0,0.925,0.519111662112028,0.01378217129889716,-0.022699695929868605,-0.07938483930564127,0.019372191807519274,-0.05905600866719809,-0.06115484042095684,-0.041273911156713375,-0.06495089366274817,-0.11961858549246193
0.93,0,0.93,0.5219176710964173,0.013878512763104263,-0.02299578509948344,-0.0796921099905093,0.019163681484667978,-0.059379104953799375,-0.061753682202395396,-0.042128775783203246,-0.0642858237772562,-0.11991699604412731
0.935,0,0.935,0.5247236800808067,0.013973801026204533,-0.02329348139223012,-0.08000237858608919,0.01895091867986509,-0.059698848934895424,-0.06235399903000705,-0.042974862302990406,-0.06360997184663342,-0.12020859576114738
0.9400000000000001,0,0.9400000000000001,0.527529689065196,0.01406801493655535,-0.023592767911815186,-0.08031565238227137,0.01873394790815952,-0.06001518670605045,-0.0629557567266104,-0.043811920909911914,-0.06292334018683644,-0.12049333544027478
0.9450000000000001,0,0.9450000000000001,0.5303356980495854,0.014161133568212025,-0.023893627492451986,-0.08063193849744528,0.01851281493363101,-0.060328064374408435,-0.06355892086900788,-0.04463970179780426,-0.06222593111382181,-0.12077116587826209
0.9500000000000001,0,0.9500000000000001,0.5331417070339747,0.014253136227172752,-0.0241960426989185,-0.0809512438772694,0.018287566769390133,-0.06063742805869322,-0.0641634567879857,-0.04545795516050472,-0.06151774694354612,-0.12104203787186193
0.9550000000000001,0,0.9550000000000001,0.535947716018364,0.014344002457623913,-0.024499995826615314,-0.08127357529344105,0.018058251677578213,-0.060943223889208385,-0.06476932956831376,-0.04626643119185007,-0.06079878999196577,-0.12130590221782697
0.96,0,0.96,0.5387537250027533,0.01443371204818513,-0.024805468901623454,-0.08159893934246637,0.017824919169367487,-0.0612453980078373,-0.06537650404874581,-0.047064880085677434,-0.060069062575037364,-0.12156270971290979
0.965,0,0.965,0.5415597339871426,0.014522245038154524,-0.025112443680762337,-0.08192734244443024,0.017587620004960943,-0.06154389656804309,-0.0659849448220193,-0.04785305203582332,-0.05932856700871738,-0.121812411153863
0.97,0,0.97,0.5443657429715321,0.014609581723753755,-0.02542090165164762,-0.08225879084176618,0.01734640619359233,-0.06183866573486875,-0.06659461623485549,-0.048630697236125196,-0.05857730560896247,-0.12205495733743922
0.975,0,0.975,0.5471717519559214,0.014695702664373242,-0.02573082403274913,-0.08259329059802625,0.017101330993526342,-0.06212965168493694,-0.06720548238795934,-0.04939756588041964,-0.05781528069172901,-0.12229029906039111
0.98,0,0.98,0.5499777609403107,0.014780588688817292,-0.026042191773448752,-0.08293084759665104,0.016852448912058428,-0.062416800606450176,-0.06781750713601963,-0.05015340816254342,-0.05704249457297371,-0.12251838711947123
0.985,0,0.985,0.5527837699247,0.014864220901549312,-0.02635498555409836,-0.08327146753973949,0.016599815705514814,-0.06270005869919074,-0.06843065408770885,-0.0508979742763338,-0.05625894956865296,-0.12273917231143225
0.99,0,0.99,0.5555897789090893,0.014946580688936853,-0.026669185786077656,-0.08361515594681893,0.01634348837925262,-0.06297937217452068,-0.06904488660568331,-0.051631014415627646,-0.055464647994723365,-0.12295260543302676
0.995,0,0.995,0.5583957878934788,0.015027649725496896,-0.02698477261185215,-0.08396191815361488,0.01608352518765959,-0.06325468725538187,-0.0696601678065831,-0.05235227877426152,-0.05465959216714143,-0.12315863728100734
1.0,0,1.0,0.5612017968778681,0.015107409980140867,-0.02730172590503093,-0.08431175931082101,0.015819985634154696,-0.06352595017629593,-0.07027646056103198,-0.05306151754607296,-0.05384378440186365,-0.12335721865212672
1.0050000000000001,0,1.0050000000000001,0.5640078058622575,0.015185843722419955,-0.02762002527042473,-0.08466468438286914,0.015552930471187224,-0.0637931071833643,-0.07089372749363754,-0.053758480924898336,-0.053017227014846645,-0.12354830034313741
1.01,0,1.01,0.5668138148466467,0.015262933528770062,-0.027939650044103655,-0.08502069814669896,0.0152824217002376,-0.0640561045342681,-0.07151193098299108,-0.054442919104574695,-0.052179922322047,-0.12373183315079206
1.0150000000000001,0,1.0150000000000001,0.5696198238310362,0.015338662288757146,-0.028260579293455254,-0.08537980519052824,0.015008522571816988,-0.06431488849826841,-0.07213103316166777,-0.05511458227893925,-0.05133187263942098,-0.12390776787184334
1.02,0,1.02,0.5724258328154255,0.015413013211322282,-0.028582791817242256,-0.08574200991262246,0.01473129758546733,-0.06456940535620588,-0.07275099591622643,-0.055773220641828554,-0.05047308028292543,-0.12407605530304379
1.025,0,1.025,0.5752318417998147,0.015485969831026819,-0.02890626614566058,-0.08610731652006487,0.014450812489761398,-0.0648196014005011,-0.07337178088720969,-0.05641858438707967,-0.049603547568516725,-0.12423664624114605
1.03,0,1.03,0.5780378507842041,0.01555751601429757,-0.02923098054039722,-0.08647572902752647,0.014167134282302863,-0.06506542293515441,-0.07399334946914396,-0.05705042370852959,-0.04872327681215141,-0.12438949148290278
1.035,0,1.035,0.5808438597685934,0.015627635965671932,-0.029556912994688055,-0.08684725125603575,0.0138803312097261,-0.06530681627574594,-0.0746156628105394,-0.05766848880001523,-0.04783227032978598,-0.12453454182506656
1.04,0,1.04,0.5836498687529829,0.015696314234043038,-0.029884041233375874,-0.0872218868317488,0.01359047276769626,-0.06554372774943558,-0.07523868181388993,-0.058272529855373435,-0.046930530437377015,-0.12467174806439002
1.045,0,1.045,0.5864558777373721,0.01576353571890491,-0.030212342712968156,-0.08759963918471902,0.013297629700909546,-0.06577610369496292,-0.07586236713567315,-0.05886229706844099,-0.04601805945088117,-0.12480106099762577
1.05,0,1.05,0.5892618867217615,0.015829285676597693,-0.030541794621695116,-0.08798051154766734,0.013001874003092618,-0.06600389046264747,-0.07648667918635063,-0.059437540633055154,-0.04509485968625476,-0.12492243142152645
1.055,0,1.055,0.5920678957061508,0.015893549726552658,-0.030872373879567424,-0.08836450695475179,0.012703278917003223,-0.06622703441438847,-0.07711157813036745,-0.059998010743052506,-0.04416093345945448,-0.12503581013284465
1.06,0,1.06,0.5948739046905401,0.015956313857537527,-0.031204057138434254,-0.08875162824033764,0.012401918934430033,-0.06644548192366499,-0.07773702388615267,-0.060543457592270165,-0.04321628308643677,-0.125141147928333
1.065,0,1.065,0.5976799136749295,0.01601756443390147,-0.031536820782041085,-0.08914187803776727,0.012097869796192179,-0.0666591793755358,-0.07836297612611899,-0.06107363137454506,-0.042260910883158184,-0.12523839560474415
1.07,0,1.07,0.6004859226593189,0.016077288201820347,-0.031870640926087684,-0.08953525877813012,0.011791208492139753,-0.0668680731666394,-0.07898939427666292,-0.06158828228371388,-0.04129481916557528,-0.12532750395883066
1.075,0,1.075,0.6032919316437082,0.016135472295541922,-0.03220549341828593,-0.0899317726890325,0.011482013261153836,-0.06707210970519428,-0.07961623751816467,-0.06208716051361384,-0.04031801024964457,-0.12540842378734515
1.08,0,1.08,0.6060979406280975,0.01619210424363081,-0.03254135383841773,-0.09033142179336764,0.011170363591145998,-0.06727123541099853,-0.08024346478498832,-0.06257001625808171,-0.03933048645132268,-0.1254811058870403
1.085,0,1.085,0.6089039496124868,0.016247171975213866,-0.03287819749839298,-0.0907342079080855,0.010856340219058958,-0.0674653967154301,-0.08087103476548164,-0.06303659971095449,-0.03833225008656599,-0.12554550105466875
1.09,0,1.09,0.6117099585968763,0.016300663826225165,-0.033215999442307374,-0.0911401326429628,0.01054002513086611,-0.06765454006144672,-0.08149890590197618,-0.06348666106606915,-0.03732330347133108,-0.12560156008698298
1.095,0,1.095,0.6145159675812655,0.016352568545651286,-0.03355473444650033,-0.09154919739937278,0.010221501561571466,-0.06783861190358587,-0.0821270363907872,-0.06391995051726233,-0.03630364892157454,-0.12564923378073573
1.1,0,1.1,0.6173219765656549,0.01640287530177638,-0.03389437701961298,-0.09196140336905535,0.009900853995210276,-0.06801755870796486,-0.08275538418221384,-0.06433621825837112,-0.03527328875325283,-0.12568847293267957
1.105,0,1.105,0.6201279855500442,0.016451573688427326,-0.03423490140264591,-0.09237675153288677,0.009578168164848156,-0.06819132695228075,-0.08338390698053888,-0.06473521448323254,-0.03423222528232259,-0.1257192283395671
1.11,0,1.11,0.6229339945344337,0.016498653731218976,-0.03457628156901718,-0.0927952426596497,0.0092535310525819,-0.06835986312581034,-0.08401256224402902,-0.06511668938568337,-0.033180460824740174,-0.12574145079815102
1.115,0,1.115,0.6257400035188229,0.016544105893799135,-0.034918491224620145,-0.09321687730480308,0.008927030889539011,-0.06852311372941033,-0.08464130718493447,-0.06548039315956063,-0.032117997696462376,-0.12575509110518385
1.12,0,1.12,0.6285460125032123,0.01658792108409393,-0.03526150380788148,-0.09364165580925213,0.008598757155877573,-0.06868102527551706,-0.0852700987694895,-0.06582607599870113,-0.031044838213445506,-0.1257601000574183
1.125,0,1.125,0.6313520214876016,0.01663009066055282,-0.03560529248981889,-0.0940695782981181,0.00826880058078673,-0.06883354428814681,-0.08589889371791196,-0.06615348809694174,-0.029960984691646146,-0.12575642845160687
1.1300000000000001,0,1.1300000000000001,0.6341580304719909,0.01667060643839373,-0.03594983017409917,-0.09450064467950836,0.007937253142486606,-0.06898061730289548,-0.08652764850440343,-0.06646237964811966,-0.028866439447020893,-0.1257440270845023
1.135,0,1.135,0.6369640394563802,0.016709460695848333,-0.03629508949709602,-0.09493485464328622,0.007604208068227667,-0.06912219086693885,-0.08715631935714938,-0.06675250084607152,-0.027761204795526292,-0.12572284675285716
1.1400000000000001,0,1.1400000000000001,0.6397700484407697,0.016746646180407138,-0.036641042827948,-0.09537220765984089,0.0072697598342914916,-0.06925821153903254,-0.08778486225831904,-0.06702360188463438,-0.02664528305311876,-0.12569283825342406
1.145,0,1.145,0.642576057425159,0.016782156115064603,-0.036987662268616356,-0.09581270297885738,0.006934004165990524,-0.06938862588951179,-0.08841323294406525,-0.06727543295764524,-0.025518676535754885,-0.1256539523829556
1.1500000000000001,0,1.1500000000000001,0.6453820664095483,0.016815984204564274,-0.03733491965394297,-0.0962563396280864,0.006597038037667916,-0.0695133805002918,-0.08904138690452477,-0.06750774425894092,-0.024381387559391288,-0.1256061399382045
1.155,0,1.155,0.6481880753939376,0.016848124641644133,-0.03768278655170827,-0.09670311641211435,0.006258959672697561,-0.06963242196486731,-0.08966927938381807,-0.06772028598235821,-0.023233418439984416,-0.1255493517159232
1.16,0,1.16,0.650994084378327,0.016878572113281476,-0.03803123426268912,-0.09715303191113314,0.005919868543484435,-0.06974569688831316,-0.09029686538004937,-0.06791280832173419,-0.022074771493490786,-0.12548353851286448
1.165,0,1.165,0.6538000933627163,0.01690732180693824,-0.03838023382071665,-0.0976060844797102,0.005579865371463882,-0.06985315188728368,-0.09092409964530666,-0.06808506147090576,-0.020905449035867028,-0.1254086511257809
1.17,0,1.17,0.6566061023471056,0.01693436941680615,-0.038729755992734226,-0.09806227224555836,0.00523905212710267,-0.06995473359001318,-0.09155093668566171,-0.0682367956237099,-0.01972545338306951,-0.12532464035142504
1.175,0,1.175,0.659412111331495,0.016959711150051793,-0.03907977127885542,-0.09852159310830574,0.004897532029897809,-0.07005038863631567,-0.09217733076117006,-0.06836776097398341,-0.018534786851054894,-0.12523145698654958
1.18,0,1.18,0.6622181203158842,0.016983343733061887,-0.039430249912421694,-0.0989840447382657,0.0045554095483772376,-0.07014006367758494,-0.0928032358858709,-0.06847770771556304,-0.017333451755779772,-0.1251290518279071
1.185,0,1.185,0.6650241293002737,0.017005264417688265,-0.03978116186006052,-0.09944962457520681,0.004212790400100133,-0.07022370537679462,-0.09342860582778742,-0.06856638604228622,-0.01612145041320048,-0.12501737567225024
1.19,0,1.19,0.667830138284663,0.017025470987493227,-0.04013247682174315,-0.09991832982712263,0.003869781551656132,-0.07030126040849806,-0.09405339410892632,-0.06863354614798944,-0.01489878513927368,-0.1248963793163316
1.195,0,1.195,0.6706361472690524,0.01704396176399453,-0.04048416423084259,-0.10039015746900179,0.0035264912186655493,-0.07037267545882839,-0.09467755400527823,-0.0686789382265097,-0.013665458249955853,-0.12476601355690385
1.2,0,1.2,0.6734421562534416,0.017060735612910674,-0.040836193254191355,-0.10086510424159773,0.0031830288657799704,-0.07043789722549854,-0.09530103854681744,-0.06870231247168403,-0.012421472061203623,-0.12462622919071953
1.205,0,1.205,0.676248165237831,0.017075791950405927,-0.04118853279213964,-0.10134316665019885,0.0028395052066812533,-0.07049687241780131,-0.09592380051750207,-0.06870341907734945,-0.011166828888973402,-0.1244769770145313
1.21,0,1.21,0.6790541742222204,0.017089130749335574,-0.0415411514786129,-0.10182434096339824,0.0024960322040825577,-0.0705495477566091,-0.09654579245527399,-0.06868200823734258,-0.009901531049221883,-0.1243182078250918
1.215,0,1.215,0.6818601832066098,0.017100752545491107,-0.04189401768117002,-0.10230862321186364,0.002152723069727534,-0.07059586997437421,-0.09716696665205886,-0.0686378301455004,-0.008625580857905409,-0.12414987241915358
1.22,0,1.22,0.684666192190999,0.017110658443845156,-0.04224709950106099,-0.10279600918710735,0.0018096922643909472,-0.07063578581512882,-0.09778727515376597,-0.06857063499565999,-0.007338980630980812,-0.12397192159346936
1.225,0,1.225,0.6874722011753884,0.017118850124796983,-0.04260036477328501,-0.10328649444025631,0.0014670554978778979,-0.07066924203448463,-0.09840666976028854,-0.06848017298165819,-0.006041732684404156,-0.12378430614479165
1.23,0,1.23,0.6902782101597777,0.0171253298504173,-0.042953781066648176,-0.10378007428082174,0.0011249297290248494,-0.07069618539963336,-0.09902510202550349,-0.068366194297332,-0.004733839334132412,-0.12358697686987313
1.235,0,1.235,0.6930842191441671,0.01713010047069373,-0.04330731568382164,-0.10427674377546928,0.0007834331656987258,-0.07071656268934637,-0.09964252325727149,-0.0682284491365181,-0.003415302896121855,-0.12337988456546638
1.24,0,1.24,0.6958902281285564,0.017133165429775624,-0.043660935661399204,-0.10477649774678878,0.00044268526479737853,-0.0707303206939749,-0.10025888451743692,-0.06806668769305349,-0.0020861256863291765,-0.12316298002832408
1.245,0,1.245,0.6986962371129458,0.01713452877221952,-0.044014607769955486,-0.10527933077206436,0.00010280673224955483,-0.07073740621544997,-0.10087413662182808,-0.06788066016077551,-0.0007463100207107893,-0.12293621405519882
1.25,0,1.25,0.7015022460973351,0.017134195149234255,-0.04436829851410365,-0.10578523718204413,-0.00023608047698531968,-0.07073776606728223,-0.10148823014025687,-0.06767011673352075,0.0006041417847767532,-0.12269953744284319
1.2550000000000001,0,1.2550000000000001,0.7043082550817245,0.017132169824925825,-0.044721974132553396,-0.10629421105971029,-0.0005738531589171413,-0.07073134707456233,-0.10210111539651905,-0.06743480760512581,0.0019652274141768985,-0.12245290098800986
1.26,0,1.26,0.7071142640661138,0.017128458682542896,-0.04507560059816883,-0.106806246239049,-0.0009103868605245053,-0.07071809607396054,-0.10271274246839408,-0.06717448296942805,0.0033369445515330242,-0.12219625548745139
1.2650000000000001,0,1.2650000000000001,0.7099202730505032,0.017123068230721808,-0.04542914361802632,-0.10732133630382022,-0.00124555587975564,-0.07069795991372702,-0.10332306118764527,-0.06688889302026423,0.004719290880888717,-0.1219295517379204
1.27,0,1.27,0.7127262820348924,0.0171160056097317,-0.04578256863347243,-0.10783947458632764,-0.0015792332655277224,-0.0706708854536916,-0.10393202114001956,-0.06657778795147136,0.006112264086287424,-0.12165274053616959
1.2750000000000001,0,1.2750000000000001,0.7155322910192818,0.017107278597719766,-0.04613584082018194,-0.10836065416618883,-0.0019112908177273127,-0.07063681956526403,-0.10453957166524787,-0.06624091795688643,0.007515861851772593,-0.1213657726789515
1.28,0,1.28,0.7183383000036712,0.017096895616956223,-0.046488925088215435,-0.10888486786910476,-0.00224159908720992,-0.07059570913143365,-0.10514566185704459,-0.065878033230346,0.008930081861387601,-0.12106859896301875
1.285,0,1.285,0.7211443089880604,0.017084865740079724,-0.04684178608207754,-0.10941210826563003,-0.0025700273758005,-0.07054750104676985,-0.10575024056310807,-0.06548888396568746,0.010354921799175895,-0.12076117018512403
1.29,0,1.29,0.7239503179724498,0.0170711986963423,-0.04719438818077467,-0.10994236766994275,-0.0028964437362930173,-0.07049214221742155,-0.10635325638512046,-0.06507322035674726,0.01179037934918134,-0.12044343714201987
1.295,0,1.295,0.7267563269568391,0.017055904877854675,-0.04754669549787288,-0.11047563813861427,-0.0032207149724506985,-0.07042957956111755,-0.10695465767874751,-0.06463079259736244,0.0132364521954469,-0.12011535063045894
1.3,0,1.3,0.7295623359412285,0.017038995345831115,-0.04789867188155582,-0.11101191146937935,-0.0035427066390057776,-0.07035976000716658,-0.1075543925536389,-0.06416135088137058,0.014693138022016433,-0.11977686144719384
1.305,0,1.305,0.7323683449256178,0.017020481836835077,-0.04825028091468263,-0.11155117919990581,-0.003862283041659751,-0.07028263049645682,-0.10815240887342788,-0.06366464540260725,0.016160434512933045,-0.11942792038897719
1.31,0,1.31,0.7351743539100072,0.01700037676902383,-0.04860148591484592,-0.1120934326065648,-0.0041793072370835595,-0.07019813798145663,-0.10874865425573167,-0.06314042635491082,0.017638339352240594,-0.11906847825256167
1.315,0,1.315,0.7379803628943965,0.01697869324839414,-0.04895224993442949,-0.11263866270320033,-0.0044936410329170316,-0.07010622942621371,-0.10934307607215109,-0.06258844393211746,0.019126850223982115,-0.11869848583469975
1.32,0,1.32,0.7407863718787859,0.0169554450750269,-0.049302535760666386,-0.11318686023989949,-0.00480514498776919,-0.07000685180635595,-0.10993562144827083,-0.06200844832806388,0.020625964812201403,-0.11831789393214417
1.325,0,1.325,0.7435923808631751,0.01693064674933273,-0.049652305915696734,-0.11373801570176216,-0.0051136784112186945,-0.06989995210909081,-0.11052623726365929,-0.06140018973658762,0.022135680800941766,-0.11792665334164755
1.33,0,1.33,0.7463983898475646,0.016904313478296767,-0.05000152265662562,-0.11429211930767112,-0.005419099363812527,-0.06978547733320561,-0.11111487015186869,-0.06076341835152511,0.023655995874246716,-0.11752471485996242
1.335,0,1.335,0.7492043988319539,0.01687646118172409,-0.050350147975581044,-0.11484916100906178,-0.005721264657067679,-0.06966337448906733,-0.11170146650043486,-0.06009788436671333,0.025186907716159775,-0.11711202928384151
1.34,0,1.34,0.7520104078163432,0.016847106498484782,-0.0506981435997718,-0.11540913048869225,-0.006020029853469776,-0.06953359059862294,-0.1122859724508776,-0.059403337975989914,0.026728414010724323,-0.11668854741003738
1.345,0,1.345,0.7548164168007325,0.01681626679275902,-0.05104547099154532,-0.11597201715941319,-0.006315249266474016,-0.06939607269539896,-0.11286833389870035,-0.05867952937319051,0.02828051244198387,-0.11625422003530264
1.35,0,1.35,0.757622425785122,0.016783960160282274,-0.05139209134844571,-0.11653781016293772,-0.00660677596050467,-0.06925076782450182,-0.11344849649339034,-0.05792620875215301,0.029843200693981938,-0.11580899795638985
1.355,0,1.355,0.7604284347695113,0.016750205434590548,-0.0517379656032714,-0.11710649836861134,-0.006894461750954894,-0.0690976230426178,-0.11402640563841855,-0.05714312630671378,0.03141647645076183,-0.11535283197005178
1.36,0,1.36,0.7632344437539006,0.016715022193265372,-0.05208305442413336,-0.11767807037218189,-0.00717815720418754,-0.06893658541801283,-0.11460200649123974,-0.056330032230710585,0.03300033739636707,-0.11488567287304095
1.365,0,1.365,0.7660404527382899,0.016678430764179075,-0.052427318214512755,-0.11825251449456944,-0.007457711637534159,-0.06876760203053271,-0.11517524396329241,-0.055486676717979216,0.03459478121484124,-0.11440747146210999
1.37,0,1.37,0.7688464617226793,0.016640452231739905,-0.052770717113318974,-0.11882981878063625,-0.007732973119295809,-0.06859061997160296,-0.11574606271999892,-0.05461280996235729,0.036199805590227785,-0.11391817853401152
1.375,0,1.375,0.7716524707070685,0.016601108443137225,-0.05311321099494741,-0.11940997099795653,-0.008003788468742563,-0.06840558634422886,-0.11631440718076515,-0.05370818215768179,0.03781540820657002,-0.1134177448854982
1.3800000000000001,0,1.3800000000000001,0.774458479691458,0.016560422014586573,-0.05345475946933752,-0.11999295863558664,-0.008270003256113934,-0.06821244826299558,-0.1168802215189811,-0.05277254349778902,0.039441586747911664,-0.11290612131332253
1.385,0,1.385,0.7772644886758473,0.016518416337574837,-0.05379532188203057,-0.12057876890283471,-0.008531461802618264,-0.06801115285406797,-0.11744344966202021,-0.051805644176516515,0.041078338898295895,-0.1123832586142373
1.3900000000000001,0,1.3900000000000001,0.7800704976602367,0.016475115585105476,-0.05413485731422764,-0.12116738872803083,-0.008788007180433214,-0.06780164725519076,-0.11800403529123989,-0.05080723438770099,0.042725662341766425,-0.11184910758499496
1.395,0,1.395,0.7828765066446259,0.016430544717943668,-0.054473324582847454,-0.12175880475729664,-0.009039481212705706,-0.06758387861568842,-0.11856192184198115,-0.04977706432517942,0.04438355476236643,-0.11130361902234824
1.4000000000000001,0,1.4000000000000001,0.7856825156290154,0.016384729490861366,-0.05481068224058433,-0.12235300335331571,-0.00928572447355192,-0.06735779409646514,-0.11911705250356894,-0.04871488418278839,0.04605201384413971,-0.11074674372304971
1.405,0,1.405,0.7884885246134047,0.016337696458882667,-0.055146888575966085,-0.12294997059410294,-0.00952657628805686,-0.06712334087000499,-0.11966937021931182,-0.0476204441543653,0.047731037271129505,-0.110178432483852
1.41,0,1.41,0.7912945335977939,0.01628947298352859,-0.055481901613411766,-0.12354969227177487,-0.009761874732275227,-0.0668804661203718,-0.1202188176865022,-0.04649349443374672,0.049420622727379314,-0.10959863610150777
1.415,0,1.415,0.7941005425821833,0.016240087239062617,-0.055815679113289926,-0.12415215389131949,-0.009991456633230419,-0.06662911704320906,-0.12076533735641623,-0.04533378521477006,0.05112076789693289,-0.10900730537276958
1.42,0,1.42,0.7969065515665726,0.016189568218735656,-0.05614817857197606,-0.12475734066936602,-0.010215157568915405,-0.06636924084574021,-0.12130887143431385,-0.04414106669127139,0.052831470463833165,-0.10840439109439004
1.425,0,1.425,0.7997125605509621,0.01613794574103125,-0.05647935722191083,-0.12536523753295503,-0.010432811868292044,-0.06610078474676839,-0.12184936187943868,-0.042915089057088476,0.05455272811212416,-0.10778984406312181
1.43,0,1.43,0.8025185695353513,0.01608525045591072,-0.056809172031657904,-0.12597582911830818,-0.010644252611291634,-0.06582369597667657,-0.12238675040501815,-0.04165560250605753,0.05628453852584876,-0.10716361507571749
1.435,0,1.435,0.8053245785197407,0.01603151385105811,-0.057137579705961714,-0.1265890997695983,-0.010849311628814303,-0.06553792177742744,-0.12292097847826354,-0.04036235723201618,0.05802689938905104,-0.10652565492892974
1.44,0,1.44,0.80813058750413,0.0159767682581258,-0.057464536685805506,-0.12720503353771923,-0.011047819502729685,-0.06524340940256355,-0.12345198732036973,-0.039035103428800774,0.059779808385773965,-0.10587591441951105
1.445,0,1.445,0.8109365964885193,0.015921046858979354,-0.05778999914846922,-0.12782361417905574,-0.011239605565876736,-0.06494010611720707,-0.12397971790651549,-0.037673591290248866,0.06154326320006132,-0.10521434434421426
1.45,0,1.45,0.8137426054729087,0.015864383691942596,-0.05811392300758729,-0.12844482515425337,-0.011424497902063048,-0.06462795919806022,-0.12450411096586332,-0.0362775710101966,0.06331726151595643,-0.10454089549979174
1.455,0,1.455,0.8165486144572981,0.015806813658042956,-0.058436263913206624,-0.1290686496269886,-0.011602323346065849,-0.06430691593340482,-0.1250251069815595,-0.03484679278248139,0.06510180101750286,-0.10385551868299628
1.46,0,1.46,0.8193546234416873,0.01574837252725661,-0.05875697725184459,-0.12969507046273843,-0.011772907483631374,-0.06397692362310238,-0.12554264619073394,-0.03338100680094001,0.06689687938874393,-0.10315816469058049
1.465,0,1.465,0.8221606324260767,0.015689096944753483,-0.05907601814654666,-0.1303240702275506,-0.011936074651475368,-0.06363792957859445,-0.12605666858450051,-0.031879963259409096,0.06870249431372322,-0.10244878431929684
1.47,0,1.47,0.824966641410466,0.015629024437142564,-0.05939334145694462,-0.13095563118681328,-0.012091647937282027,-0.06328988112290215,-0.12656711390795672,-0.03034341235172627,0.07051864347648419,-0.10172732836589805
1.475,0,1.475,0.8277726503948555,0.01556819341871693,-0.059708901779314094,-0.13158973530402515,-0.012239449179705365,-0.0629327255906265,-0.1270739216601839,-0.02877110427172789,0.07234532456107028,-0.10099374762713684
1.48,0,1.48,0.8305786593792447,0.01550664319769901,-0.060022653446632865,-0.1322263642395652,-0.012379298968368408,-0.06256641032794837,-0.12757703109424706,-0.02716278921325115,0.07418253525152493,-0.10024799289976571
1.485,0,1.485,0.8333846683636341,0.015444413982485722,-0.060334550528638536,-0.13286549934946276,-0.012511016643863442,-0.06219088269262809,-0.1280763812171951,-0.025518217370132552,0.07603027323189167,-0.09949001498053721
1.49,0,1.49,0.8361906773480234,0.015381546887893643,-0.06064454683188636,-0.13350712168416734,-0.012634420297751761,-0.061806090054006134,-0.12857191079006058,-0.023837138936209434,0.0778885361862138,-0.09871976466620414
1.495,0,1.495,0.8389966863324129,0.015318083941403965,-0.06095259589980734,-0.1341512119873186,-0.012749326772563921,-0.0614119797930026,-0.12906355832785993,-0.022119304105318573,0.07975732179853512,-0.09793719275351893
1.5,0,1.5,0.8418026953168021,0.015254068089407907,-0.06125865101276594,-0.13479775069451616,-0.012855551661799799,-0.06100849930211746,-0.12955126209959314,-0.020364463071297308,0.08163662775289866,-0.09714225003923439
1.5050000000000001,0,1.5050000000000001,0.8446087043011915,0.015189543203451839,-0.06156266518811819,-0.13544671793208973,-0.012952909309928156,-0.060595595985430156,-0.13003496012824417,-0.01857236602798158,0.08352645173334827,-0.09633488732010297
1.51,0,1.51,0.8474147132855808,0.015124554086482,-0.06186459118026935,-0.13609809351586874,-0.013041212812387017,-0.06017321725860047,-0.13051459019078068,-0.016742763169209418,0.08542679142392728,-0.09551505539287743
1.5150000000000001,0,1.5150000000000001,0.8502207222699701,0.01505914647909068,-0.06216438148073204,-0.13675185694995257,-0.013120274015584348,-0.05974131054886726,-0.13099008981815405,-0.014875404688816908,0.08733764450867913,-0.0946827050543102
1.52,0,1.52,0.8530267312543595,0.01499336706575996,-0.06246198831818392,-0.13740798742548022,-0.013189903516895628,-0.05929982329504989,-0.13146139629529946,-0.012970040780641246,0.08925900867164725,-0.09383778710115413
1.5250000000000001,0,1.5250000000000001,0.8558327402387489,0.014927263481108177,-0.06275736365852576,-0.1380664638194004,-0.013249910664667472,-0.05884870294754704,-0.13192844666113587,-0.011026421638519492,0.09119088159687526,-0.09298025233016165
1.53,0,1.53,0.8586387492231382,0.014860884316134304,-0.06305045920493925,-0.13872726469324126,-0.01330010355821413,-0.058387896968337294,-0.13239117770856593,-0.00904429745628856,0.09313326096840643,-0.09211005153808549
1.5350000000000001,0,1.5350000000000001,0.8614447582075275,0.014794279124463183,-0.06334122639794487,-0.1393903682918805,-0.013340289047819672,-0.05791735283097914,-0.13284952598447614,-0.007023418427785371,0.09508614447028438,-0.09122713552167824
1.54,0,1.54,0.8642507671919168,0.014727498428591113,-0.06362961641546001,-0.14005575254231525,-0.013370272734737738,-0.05743701802061052,-0.13330342778973672,-0.004963534746846424,0.09704952978655247,-0.0903314550776925
1.545,0,1.545,0.8670567761763062,0.014660593726130572,-0.06391558017285652,-0.1407233950524319,-0.013389858971190547,-0.05694684003394956,-0.1337528191792017,-0.0028643966073091235,0.09902341460125415,-0.08942296100288086
1.55,0,1.55,0.8698627851606955,0.014593617496055311,-0.06419906832301887,-0.141393273109776,-0.013398850860369573,-0.056446766379293835,-0.13419763596170878,-0.000725754203009971,0.10100779659843301,-0.08850160409399602
1.555,0,1.555,0.8726687941450848,0.014526623204945965,-0.06448003125640195,-0.1420653636803224,-0.013397050256435864,-0.05593674457652099,-0.13463781370007943,0.001452642272213487,0.10300267346213235,-0.08756733514779055
1.56,0,1.56,0.8754748031294742,0.014459665313234893,-0.06475841910108901,-0.14273964340724493,-0.01338425776451898,-0.05541672215708824,-0.13507328771111907,0.003671042624524962,0.1050080428763959,-0.08662010496101703
1.565,0,1.565,0.8782808121138634,0.014392799281451152,-0.06503418172284944,-0.14341608860968635,-0.013360272740718295,-0.05488664666403267,-0.13550399306561658,0.005929696660087256,0.1070239025252669,-0.08565986433042823
1.57,0,1.57,0.8810868210982529,0.014326081576466337,-0.06530726872519703,-0.14409467528152847,-0.013324893292102515,-0.05434646565197111,-0.1359298645883449,0.00822885418506359,0.10905025009278894,-0.0846865640527765
1.575,0,1.575,0.8838928300826422,0.01425956967773881,-0.06557762944944724,-0.1447753790901618,-0.013277916276708601,-0.053796126687100265,-0.13635083685806054,0.010568765005616626,0.1110870832630054,-0.0837001549248147
1.58,0,1.58,0.8866988390670316,0.014193322083559473,-0.06584521297477565,-0.14545817537525563,-0.013219137303543337,-0.0532355773471965,-0.1367668442075038,0.012949678927909589,0.11313439971995985,-0.08270058774329539
1.585,0,1.585,0.8895048480514208,0.014127398317296924,-0.06610996811827573,-0.1461430391475279,-0.013148350732582829,-0.05266476522161605,-0.13717782072339876,0.015371845758105976,0.11519219714769562,-0.08168781330497114
1.59,0,1.59,0.8923108570358103,0.01406185893364234,-0.06637184343501663,-0.14682994508751523,-0.01306534967477232,-0.05208363791129483,-0.13758370024645342,0.01783551530236873,0.11726047323025626,-0.08066178240659455
1.595,0,1.595,0.8951168660201996,0.013996765524854654,-0.06663078721810098,-0.1475188675443425,-0.012969925992025497,-0.05149214302874877,-0.13798441637135925,0.020340937366860518,0.1193392256516852,-0.07962244584491836
1.6,0,1.6,0.897922875004589,0.01393218072700611,-0.06688674749872325,-0.14820978053449338,-0.012861870297226432,-0.05089022819807312,-0.1383799024467917,0.022888361757745116,0.12142845209602592,-0.07856975441669499
1.605,0,1.605,0.9007288839889782,0.013868168226226774,-0.06713967204622702,-0.14890265774057942,-0.012740971954227211,-0.050277841054943546,-0.1387700915754099,0.02547803828118463,0.12352815024732187,-0.07750365891867737
1.61,0,1.61,0.9035348929733676,0.013804792764950058,-0.06738950836816339,-0.14959747251011085,-0.012607019077849927,-0.04965492924661497,-0.13915491661385673,0.028110216743343394,0.12563831778961665,-0.07642411014761777
1.615,0,1.615,0.906340901957757,0.013742120148158121,-0.06763620371034859,-0.1502941978542658,-0.01245979853388568,-0.04902144043192223,-0.1395343101727589,0.03078514695038324,0.12775895240695342,-0.07533105890026899
1.62,0,1.62,0.9091469109421463,0.013680217249626536,-0.06787970505692204,-0.15099280644666052,-0.012299095939094335,-0.04837732228128023,-0.13990820461672684,0.03350307870846816,0.1298900517833759,-0.07422445597338363
1.625,0,1.625,0.9119529199265356,0.013619152018169628,-0.06811995913040414,-0.15169327062211946,-0.012124695661205576,-0.047722522476683335,-0.14027653206435475,0.03626426182376045,0.13203161360292756,-0.0731042521637144
1.6300000000000001,0,1.6300000000000001,0.914758928910925,0.013558993483885728,-0.06835691239175426,-0.15239556237544483,-0.011936380818917784,-0.0470569887117057,-0.1406392243882206,0.03906894610242398,0.13418363554965185,-0.07197039826801363
1.635,0,1.635,0.9175649378953143,0.013499811764402292,-0.06859051104042851,-0.1530996533601867,-0.011733933281898729,-0.04638066869150143,-0.14099621321488615,0.041917381350621195,0.13634611530759216,-0.07082284508303428
1.6400000000000001,0,1.6400000000000001,0.9203709468797037,0.013441678071120788,-0.0688207010144378,-0.15380551488741293,-0.011517133670785308,-0.045693510132804344,-0.14134742992489674,0.0448098173745158,0.13851905056079192,-0.06966154340552878
1.645,0,1.645,0.923176955864093,0.013384664715462569,-0.06904742799040564,-0.15451311792447908,-0.011285761357183875,-0.04499546076392796,-0.1416928056527818,0.0477465039802704,0.14070243899329465,-0.06848644403224975
1.6500000000000001,0,1.6500000000000001,0.9259829648484824,0.013328845115112842,-0.06927063738362596,-0.1552224330937984,-0.011039594463669412,-0.04428646832476582,-0.1420322712870542,0.05072769097404801,0.14289627828914392,-0.06729749775994985
1.655,0,1.655,0.9287889738328716,0.013274293800267067,-0.06949027434812127,-0.15593343067161144,-0.010778409863786536,-0.04356648056679093,-0.14236575747021082,0.05375362816201211,0.145100566132383,-0.06609465538538178
1.6600000000000001,0,1.6600000000000001,0.931594982817261,0.013221086419875405,-0.0697062837767003,-0.15664608058675644,-0.010501983182048627,-0.042835445253056215,-0.1426931945987322,0.0568245653503258,0.14731530020705558,-0.06487786770529795
1.665,0,1.665,0.9344009918016504,0.013169299747887775,-0.06991861030101598,-0.15736035241943883,-0.010210088793939013,-0.042093310158194584,-0.14301451282308253,0.05994075234515145,0.14954047819720492,-0.06364708551645118
1.67,0,1.67,0.9372070007860396,0.013119011689499749,-0.07012719829162342,-0.15807621540000136,-0.009902499825909463,-0.04134002306841843,-0.14332964204770995,0.06310243895265258,0.15177609778687462,-0.06240225961559405
1.675,0,1.675,0.940013009770429,0.01307030128739678,-0.07033199185803765,-0.15879363840769412,-0.0095789881553812,-0.0405755317815199,-0.14363851193104638,0.06630987497899281,0.15402215666010816,-0.061143340799478994
1.68,0,1.68,0.9428190187548183,0.013023248728000147,-0.07053293484879172,-0.15951258996944406,-0.009239324410744452,-0.03979978410687126,-0.14394105188550732,0.06956331023033446,0.156278652500949,-0.05987027986485888
1.685,0,1.685,0.9456250277392078,0.01297793534771119,-0.07072997085149438,-0.1602330382586254,-0.008883277971358962,-0.03901272786542432,-0.144237191077492,0.07286299451284083,0.15854558299344043,-0.05858302760848618
1.69,0,1.69,0.948431036723597,0.012934443639157855,-0.0709230431928882,-0.16095495109382915,-0.008510616967553914,-0.038214310889710695,-0.1445268584273838,0.07620917763267485,0.1608229458216259,-0.057281534827113574
1.695,0,1.695,0.9512370457079864,0.012892857257438162,-0.07111209493890724,-0.16167829593763336,-0.008121108280626448,-0.037404481023841814,-0.14480998260954941,0.07960210939600044,0.16311073866954923,-0.05596575231749359
1.7,0,1.7,0.9540430546923757,0.012853261026366913,-0.07129706889473522,-0.1624030398953727,-0.0077145175428444505,-0.03658318612350895,-0.14508649205233956,0.08304203960897945,0.1654089592212537,-0.054635630876378995
1.705,0,1.705,0.9568490636767651,0.0128157409447196,-0.07147790760486306,-0.16312914971390868,-0.00729060913744377,-0.0357503740559829,-0.14535631493808865,0.08652921807777605,0.16771760516078266,-0.05329112130052218
1.71,0,1.71,0.9596550726611544,0.012780384192478678,-0.0716545533531471,-0.16385659178039935,-0.006849146198629818,-0.03490599270011461,-0.14561937920311482,0.09006389460855208,0.17003667417217966,-0.05193217438667617
1.715,0,1.715,0.9624610816455438,0.012747279137077683,-0.07182694816286703,-0.16458533212106946,-0.00638989061157783,-0.03404998994633458,-0.14587561253772002,0.09364631900747172,0.17236616393948823,-0.050558740931593085
1.72,0,1.72,0.9652670906299331,0.012716515339647017,-0.07199503379678335,-0.16531533639998003,-0.005912603012431241,-0.03318231369665321,-0.14612494238618998,0.09727674108069731,0.17470607214675166,-0.049170771732025935
1.725,0,1.725,0.9680730996143224,0.012688183561259059,-0.07215875175719572,-0.16604656991779856,-0.005417042788303368,-0.032302911864660486,-0.1463672959467941,0.1009554106343929,0.1770563964780138,-0.04776821758472708
1.73,0,1.73,0.9708791085987117,0.012662375769172785,-0.07231804328600072,-0.1667789976105689,-0.004902968077276478,-0.03141173237552632,-0.14660260017178556,0.10468257747472086,0.17941713461731754,-0.046351029286449325
1.735,0,1.735,0.9736851175831012,0.012639185143079879,-0.07247284936474971,-0.16751258404848116,-0.004370135768401597,-0.030508723166000392,-0.1468307817674015,0.10845849140784443,0.18178828424870697,-0.0449191576339451
1.74,0,1.74,0.9764911265674904,0.01261870608134913,-0.07262311071470667,-0.16824729343464134,-0.0038183015016996966,-0.029593832184412344,-0.1470517671938626,0.11228340223992654,0.184169843056225,-0.043472553423967296
1.745,0,1.745,0.9792971355518798,0.0126010342072716,-0.0727687677969063,-0.16898308960384187,-0.0032472196681605095,-0.028667007390671257,-0.14726548266537334,0.11615755977713042,0.18656180872391553,-0.04201116745326819
1.75,0,1.75,0.9821031445362691,0.012586266375306243,-0.07290976081221162,-0.16971993602133084,-0.0026566434097429663,-0.02772819675626615,-0.147471854150122,0.12008121382561901,0.18896417893582165,-0.04053495051860066
1.7550000000000001,0,1.7550000000000001,0.9849091535206586,0.01257450067732463,-0.07304602970137228,-0.17045779578158243,-0.0020463246193751943,-0.026777348264265963,-0.14767080737028063,0.12405461419155553,0.19137695137598726,-0.039043853416717206
1.76,0,1.76,0.9877151625050478,0.012565836448856449,-0.07317751414508203,-0.17119663160706658,-0.001416013940954767,-0.025814409909319127,-0.147862267802005,0.12807801068110292,0.19380012372845515,-0.03753782694437053
1.7650000000000001,0,1.7650000000000001,0.9905211714894372,0.012560374275334463,-0.07330415356403697,-0.171936405847019,-0.0007654607693478329,-0.024839329697654122,-0.1480461606754348,0.13215165310042468,0.1962336936772696,-0.036016821898313144
1.77,0,1.77,0.9933271804738265,0.012558215998339284,-0.07342588711899312,-0.17267708047621097,-9.441325039067157e-05,-0.023852055647079123,-0.14822241097469321,0.1362757912556832,0.19867765890647365,-0.03448078907529781
1.7750000000000001,0,1.7750000000000001,0.9961331894582159,0.012559464721845326,-0.07354265371082461,-0.1734186170937195,0.0005973817191124234,-0.0228525357869819,-0.14839094343788742,0.14045067495304225,0.20113201710011086,-0.03292967927207689
1.78,0,1.78,0.9989391984426051,0.01256422481846553,-0.07365439198058132,-0.17416097692169688,0.001310178491386902,-0.021840718158330545,-0.14855168255710824,0.14467655399866422,0.2035967659422245,-0.03136344328540336
1.7850000000000001,1,0.003109768066858809,0.01783710307364135,0.012572601935187146,-0.07376104030947647,-0.17490412080281112,0.00204423184960456,-0.020816550699733805,-0.1487045504398472,0.1489526259202922,0.20607204967268428,-0.02977928111765515
1.79,1,0.008109768066858702,0.04651625645445651,0.012584702940792659,-0.0738625368107504,-0.175648009045235,0.002799763260985024,-0.01977997654735039,-0.14884937859016492,0.15326363476713298,0.20856002553613762,-0.02813660947478144
1.795,1,0.013109768066858596,0.07519540983527168,0.012600635556393146,-0.07395881927740292,-0.17639260043926513,0.0035768834979129,-0.01873092325796395,-0.14898570563009483,0.15758382399619944,0.21106431324470643,-0.02636739513180959
1.8,1,0.01810976806685871,0.10387456321608811,0.012620507732567546,-0.07404982509463168,-0.1771378506115201,0.0043755734801534845,-0.01766930014078665,-0.14911272721867544,0.16188720074914456,0.21358856542327817,-0.02440298710429082
1.805,1,0.023109768066858605,0.13255371659690326,0.012644426999582896,-0.07413549114852257,-0.17788371030877623,0.005195684163180231,-0.01659499824190635,-0.14922929576002278,0.16614777216762086,0.21613643469674004,-0.02217473440777662
1.81,1,0.02810976806685872,0.1612328699777197,0.012672499817572867,-0.07421575373473413,-0.17863012368169331,0.0060369365381750025,-0.015507890344286282,-0.1493339204033308,0.17033954539328156,0.21871157368997968,-0.019613986057818097
1.815,1,0.033109768066858614,0.18991202335853488,0.012704830926716313,-0.07429054846718187,-0.17937702656853963,0.006898921632027776,-0.014407830967765442,-0.14942476704287114,0.17443652756777914,0.22131763502788418,-0.016652091069966783
1.82,1,0.03810976806685873,0.21859117673935133,0.01274152269741581,-0.07435981018672276,-0.1801243447789177,0.007781100507336948,-0.013294656369058184,-0.14949965831799322,0.17841272583276677,0.22395827133534124,-0.01322039845977373
1.825,1,0.04310976806685862,0.24727033012016647,0.012782674480476193,-0.07442347286983941,-0.1808719923774893,0.008682804262409015,-0.01216818454175463,-0.1495560736131242,0.18224214732989702,0.22663713523723797,-0.009250257242790555
1.83,1,0.04810976806685874,0.2759494835009829,0.012828381957283103,-0.07448146953732471,-0.1816198699677012,0.009603234031258913,-0.011028215216320256,-0.14959114905776907,0.185898799200823,0.22935787935846202,-0.004673016434568203
1.835,1,0.05310976806685863,0.3046286368817981,0.012878736489981522,-0.07453373216296592,-0.1823678629755102,0.010541460983609661,-0.009874529860096315,-0.14960167752651043,0.18935668858719729,0.23212415632390057,0.000579974949341607
1.84,1,0.05810976806685875,0.33330779026261453,0.012933824471654327,-0.07458019158222932,-0.18311583993310893,0.011496426324892723,-0.00870689167729941,-0.14958410863900876,0.19258982263067304,0.23493961875844122,0.006577367893388032
1.845,1,0.06310976806685864,0.3619869436434297,0.012993726676500807,-0.0746207774009444,-0.18386365076265085,0.01246694129624765,-0.00752504560902192,-0.14953454876000222,0.19557220847290277,0.23780791928697112,0.013387813382019227
1.85,1,0.06810976806685876,0.3906660970242461,0.01305851761001524,-0.0746554179039883,-0.18461112505997587,0.01345168717452243,-0.00632871833323157,-0.14944876099930685,0.19827785325553968,0.24073271053437792,0.02107996239968447
1.855,1,0.07310976806685865,0.41934525040506127,0.013128264859165397,-0.07468403996397022,-0.18535807037833563,0.014449215272273145,-0.005117618264771866,-0.14932216521181627,0.2006807641202363,0.24371764512554875,0.029722465930831818
1.86,1,0.07810976806685876,0.4480244037858777,0.013203028442571112,-0.07470656894991573,-0.18610427051211903,0.015457946937764316,-0.0038914355553616603,-0.14914983799750195,0.20275494820864576,0.2467663756853713,0.03938397495991068
1.865,1,0.08310976806685866,0.4767035571666929,0.013282860160682801,-0.0747229286359512,-0.18684948378057742,0.016476173554968547,-0.002649842093595587,-0.1489265127014132,0.20447441266242064,0.24988255483873267,0.05013314047136894
1.87,1,0.08810976806685877,0.5053827105475093,0.013367802945960025,-0.07473304110998816,-0.18759344131155015,0.017502056543566888,-0.0013924915049436217,-0.14864657941367687,0.205813164623214,0.2530698352105205,0.06203861344965617
1.875,1,0.09310976806685867,0.5340618639283244,0.013457890213050014,-0.07473682668240768,-0.18833584532518982,0.018533627358948472,-0.00011901915175152674,-0.14830408496949782,0.20674521123267858,0.2563318694256219,0.07516904487922008
1.8800000000000001,1,0.09810976806685878,0.562741017309141,0.013553145208966218,-0.07473420379474476,-0.1890763674176879,0.019568787492210884,0.0011709578667596049,-0.14789273294915847,0.20724455963246724,0.25967231010892466,0.08959308574451053
1.885,1,0.10310976806685868,0.5914201706899561,0.013653580363266839,-0.07472508892837267,-0.1898146468449998,0.020605308470159782,0.0024778407144928744,-0.1474058836780191,0.2072852169642329,0.2630948098853158,0.10537938702997483
1.8900000000000001,1,0.10810976806685879,0.6200993240707725,0.013759196638233388,-0.07470939651318736,-0.19055028880657054,0.021640831855309264,0.003802048818476056,-0.14683655422651767,0.2068411903696283,0.26660302137968295,0.12259659972006316
1.895,1,0.11310976806685868,0.6487784774515877,0.013869982879049208,-0.07468703883629185,-0.19128286272905995,0.02267286924588154,0.005144019868861144,-0.14617741841017,0.20588648699030643,0.2702005972169133,0.1413133747992227
1.9000000000000001,1,0.1181097680668588,0.6774576308324041,0.01398591516397803,-0.07465792595068058,-0.1920119005500682,0.02369880227580722,0.006504209818924774,-0.1454208067895696,0.20439511396791998,0.2738911900218945,0.16159836325190371
1.905,1,0.1231097680668587,0.7061367842132192,0.014106956154542504,-0.07462196558392376,-0.19273689500186106,0.024715882614725047,0.007883092885067814,-0.1445587066703877,0.20234107844412194,0.27767845241951367,0.18352021606255317
1.9100000000000001,1,0.1281097680668588,0.7348159375940357,0.014233054445702753,-0.07457906304685184,-0.19345729789509541,0.025721231967982178,0.009281161546815794,-0.14358276210337334,0.19969838756056502,0.2815660370346585,0.20714758421562168
1.915,1,0.1331097680668587,0.7634950909748509,0.01436414391603489,-0.0745291211422398,-0.19417251840254451,0.026711842076633862,0.01069892654681843,-0.1424842738843534,0.19644104845890228,0.285557596492216,0.2325491186955559
1.92,1,0.1381097680668586,0.7921742443556661,0.014500143077909589,-0.07447204007349156,-0.19488192134282348,0.02768457471744374,0.012136916890850063,-0.14125419955423232,0.19254306828078643,0.28965678341707385,0.25979347048680534
1.925,1,0.1431097680668587,0.8208533977364825,0.014640954427670615,-0.07440771735332437,-0.19558482546411468,0.02863616170288372,0.01359567984780948,-0.13988315339899238,0.18797845416787018,0.2938672504341195,0.28894929057382013
1.93,1,0.1481097680668586,0.8495325511172976,0.014786463795813347,-0.07433604771245317,-0.19628050172789302,0.029563204881133863,0.015075780949719715,-0.13836140644969377,0.1827212132618067,0.29819265016824004,0.3200852299410465
1.935,1,0.15310976806685872,0.878211704498114,0.014936539697163357,-0.07425692300827495,-0.19696817159265148,0.030462176136082632,0.016577803991728486,-0.13667888648247414,0.1767453527042485,0.3026366352443232,0.3532699395729357
1.94,1,0.1581097680668586,0.9068908578789292,0.015091032681054904,-0.07417023213355321,-0.1976470052976263,0.031329417387326614,0.0181023510321077,-0.1348251780185492,0.17002487963684879,0.307202858287256,0.3885720704539336
1.945,1,0.16310976806685873,0.9355700112597457,0.01524977468150953,-0.07407586092510222,-0.19831612014652267,0.032161140590170806,0.019650042392253948,-0.13278952232421218,0.16253380120125993,0.3118949719219264,0.4260602735684921
1.95,1,0.16810976806685862,0.9642491646405609,0.01541257836741454,-0.07397369207247148,-0.19897457879123975,0.03295342773562833,0.021221516656688002,-0.13056081741083428,0.15424612453913542,0.31671662877322115,0.4658031999010564
1.955,1,0.17310976806685874,0.9929283180213773,0.015579236492701608,-0.07386360502663007,-0.1996213875155964,0.03370223085042069,0.022817430673055344,-0.1281276180348642,0.1451358567921274,0.32167148146602814,0.5078695004360787
1.96,2,0.0037671041252995696,0.0442809838570429,0.01574952125244045,-0.0737454759133927,-0.2002554945447723,0.03440337984825096,0.024438453258627698,-0.12547816983034904,0.1351853417713551,0.326756500040518,0.5522915834374211
1.965,2,0.008767104125299685,0.10305422503141923,0.015923184007291744,-0.07361917774211793,-0.2008757899561471,0.03505277359487975,0.026085112044596587,-0.12260123994256436,0.12444866099898443,0.33191115035808494,0.5987899856443162
1.97,2,0.013767104125299578,0.16182746620579294,0.016099956529725137,-0.07348458183423812,-0.20148111220584347,0.035646707303947055,0.027757531039088946,-0.1194875403440692,0.11301648765036501,0.3370455668038897,0.6469261657532047
1.975,2,0.018767104125299694,0.22060070738016926,0.016279553204918227,-0.07334156001705018,-0.20207025880563337,0.0361819309261256,0.029455383823055428,-0.11612998167488015,0.10097978714706905,0.3420696495016597,0.6962603119533769
1.98,2,0.023767104125299587,0.279373948554543,0.01646167330486971,-0.07318998687619475,-0.20264199731813629,0.03665564923919591,0.031177893478065034,-0.11252367363406783,0.0884295249106707,0.34689329857512147,0.7463526124341139
1.985,2,0.028767104125299703,0.33814718972891933,0.016646003262534983,-0.07302974200815306,-0.20319507635211492,0.03706552184804643,0.03292383258630568,-0.10866592497975591,0.07545666636274202,0.35142641414800224,0.7967632553847063
1.99,2,0.033767104125299596,0.39692043090329304,0.016832218945961628,-0.07286071227274389,-0.20372823655777003,0.037409663184673404,0.03469152323058363,-0.10455624352912223,0.062152176924857284,0.3555788963440288,0.847052428994435
1.995,2,0.03876710412529971,0.45569367207766937,0.017019987932425013,-0.07268279404562038,-0.20424022162203603,0.037686642508181024,0.03647883699432409,-0.1001963361583975,0.04860702201858846,0.3592606452869283,0.8967803214525909
2.0,2,0.043767104125299605,0.5144669132520431,0.017208971782563753,-0.07249589547076705,-0.20472978926387606,0.03789548390478128,0.03828319496157058,-0.0955901088028668,0.034912167065509855,0.3623815611004274,0.945507120948455
2.005,2,0.0487671041252995,0.5732401544264168,0.017398828314515332,-0.07229993871299666,-0.2051957222295773,0.038035666287794055,0.0401015677169855,-0.09074366645686816,0.02115857748719401,0.36485154390825325,0.9927930156713154
2.0100000000000002,2,0.053767104125299836,0.6320133956007957,0.017589213878051596,-0.07209486221044703,-0.20563683928804635,0.03810712339764711,0.04193047534584996,-0.08566531317379293,0.007437218705212869,0.366580493834133,1.0381981938104619
2.015,2,0.05876710412529973,0.6907866367751695,0.017779785628714264,-0.07188062292707816,-0.20605200622610426,0.03811024380187604,0.043765987434063215,-0.08036555206608738,-0.006160943858858002,0.3674783110017931,1.0812828435551722
2.02,2,0.06376710412529962,0.7495598779495432,0.01797020380195054,-0.07165719860516889,-0.20644014684378204,0.03804587089512434,0.04560372306814365,-0.07485708530525001,-0.01954494478344673,0.3674548955349609,1.1216071530947365
2.025,2,0.06876710412529952,0.8083331191239169,0.01816013398724861,-0.07142459001781398,-0.20680025394961582,0.03791530289914334,0.047438850835228134,-0.06915481412183334,-0.032623818646980135,0.3664201475573633,1.1587313106184405
2.0300000000000002,2,0.07376710412529985,0.8671063602982959,0.018349249402273195,-0.07118282322142092,-0.20713140035594216,0.03772029286279223,0.049266088823072304,-0.06327583880544294,-0.045306600027886244,0.364283967192727,1.1922155043155727
2.035,2,0.07876710412529975,0.9258796014726696,0.01853723316700103,-0.07093195180820695,-0.20743274987419313,0.03746304866203814,0.05107970462004997,-0.05723945870473952,-0.05750232350458956,0.36095625456477926,1.2216199223754132
2.04,2,0.08376710412529964,0.9846528426470433,0.018723780577856515,-0.07067205915869582,-0.20770356831019193,0.03714623299995597,0.05287351531515406,-0.051067172227435745,-0.06912002365551827,0.35634690979724704,1.2465047529872508
2.045,3,0.003694375446521292,0.02907879469397037,0.018908601376562553,-0.07040326068673752,-0.20794323442899862,0.03677295625448526,0.05464089761778856,-0.04478263563009224,-0.0800764789859806,0.35037678998653365,1.2664748037428848
2.05,3,0.008694375446521185,0.06843428943848937,0.0190914216691943,-0.07012570558959577,-0.20815124890427478,0.03634659284212064,0.05637504768692993,-0.03841060493188675,-0.09035842997572929,0.34306574224458786,1.281537993155228
2.055,3,0.013694375446521523,0.10778978418301187,0.019271984356546784,-0.06983957649167609,-0.2083272346900508,0.03587045633081532,0.05806944081767808,-0.031975063961486694,-0.09998975531305078,0.33448616096878214,1.2919162247993576
2.06,3,0.018694375446521416,0.14714527892753088,0.019450048605027147,-0.06954508773068116,-0.20847093186413324,0.03534773929756944,0.0597179165374574,-0.02549887782505109,-0.1089946755027763,0.3247109241967201,1.2978333717485557
2.065,3,0.02369437544652131,0.18650077367204987,0.01962538924117128,-0.06924248353570102,-0.20858219203144618,0.03478151321685884,0.06131467876388079,-0.01900379226337082,-0.11739741104973975,0.3138129099660033,1.2995133070761065
2.07,3,0.028694375446521203,0.22585626841656886,0.019797796146131124,-0.0689320362052622,-0.2086609727272042,0.03417472846063528,0.06285429580474895,-0.012510433651870908,-0.1252221824587741,0.30186499631423397,1.297179903855294
2.075,3,0.03369437544652154,0.26521176316109135,0.019967073650162082,-0.0686140442853767,-0.20870733182008558,0.033530214298326234,0.06433170035805076,-0.006038309000609386,-0.13249321023471297,0.28894006127901317,1.2910570351594006
2.08,3,0.038694375446521434,0.30456725790561034,0.020133039927110342,-0.06828883074759122,-0.2087214219154055,0.03285067889683523,0.06574218951196274,0.00039419404572040056,-0.139234714882388,0.2751109828979453,1.2813685740617111
2.085,3,0.04369437544652133,0.34392275265012934,0.02029552638890034,-0.06795674116703602,-0.20870348475828912,0.032138709320541435,0.06708142474484975,0.006769807207793259,-0.14547091690663294,0.26045063920863154,1.2683383936355084
2.09,3,0.04869437544652122,0.3832782473946484,0.02045437708002209,-0.06761814190047409,-0.2086538456368449,0.03139677153129992,0.0683454319252646,0.01307238157164984,-0.15122603681228078,0.24503190824867413,1.2521903669540757
2.095,3,0.05369437544652156,0.4226337421391709,0.02060944807201857,-0.06727341826435014,-0.20857290778533757,0.030627210388441527,0.06953060131194815,0.019286887588697725,-0.15652429510416485,0.22892766805567377,1.233148367090695
2.1,3,0.05869437544652145,0.46198923688368987,0.02076060685797308,-0.06692297271283983,-0.2084611467873616,0.029832249648773127,0.070633687553829,0.025399415075709312,-0.1613899122871173,0.2122107966672356,1.2114362671186536
2.105,3,0.06369437544652135,0.5013447316282088,0.020907731746996668,-0.06656722301589858,-0.20831910497901396,0.029013991966577224,0.07165180969002405,0.031397173214825026,-0.16584710886597157,0.19495417212096045,1.1872779401112326
2.11,3,0.06869437544652124,0.5407002263727279,0.02105071125871548,-0.0662066004373108,-0.20814738585206763,0.028174418893612226,0.07258245114983816,0.03726849055355121,-0.16992010534556062,0.17723067245445048,1.160897259141716
2.115,3,0.07369437544652158,0.5800557211172503,0.021189443517758155,-0.0658415479127389,-0.20794664845714458,0.0273153908791123,0.07342345975276421,0.04300281500476109,-0.1736331222307178,0.1591131757053063,1.132518097283384
2.12,3,0.07869437544652147,0.6194112158617694,0.021323835648243153,-0.06547251822777239,-0.2077176018068891,0.02643864726978767,0.07417304770848289,0.048590713846692786,-0.17701038002627545,0.14067455991113334,1.102364327609526
2.125,3,0.08369437544652136,0.6587667106062883,0.021453803168266214,-0.06509997219597688,-0.20746099927914077,0.025545806309824188,0.07482979161686314,0.054023873722952365,-0.18007609923706683,0.1219877031095323,1.0706598231934226
2.13,3,0.08869437544652126,0.6981222053508074,0.02157926938438768,-0.06472437683694314,-0.20717763302010772,0.024638365140883595,0.07539263246796181,0.05929510064251185,-0.18285450036792497,0.1031254833381053,1.0376284571083572
2.1350000000000002,3,0.0936943754465216,0.7374777000953299,0.021700164786119906,-0.0643462035543362,-0.20686832834753988,0.023717699802103396,0.07586087564202383,0.06439831997971004,-0.18536980392368307,0.0841607786344529,1.0034941024276103
2.14,3,0.09869437544652149,0.7768331948398488,0.021816426440414594,-0.06396592631394446,-0.206533938153902,0.02278506523009717,0.076234190909482,0.06932857647425086,-0.1876462304091737,0.06516646703618077,0.9684806322244718
2.145,3,0.10369437544652138,0.8161886895843679,0.02192799738615023,-0.06358401982172861,-0.20617533730954699,0.02184159525895409,0.07651261243095725,0.07408203423120603,-0.18970800032923002,0.04621542658088933,0.9328119195722213
2.15,3,0.10869437544652127,0.8555441843288869,0.02203482602861943,-0.06320095770187076,-0.20579341706588883,0.020888302620239243,0.07669653875725851,0.07865597672101318,-0.19157933418868509,0.02738053530618081,0.8967118375441431
2.1550000000000002,3,0.11369437544652161,0.8948996790734094,0.022136865534016326,-0.06281721067482353,-0.20538907945857604,0.019926078942993475,0.0767867328293827,0.08304880677947675,-0.193284452492372,0.008734671249655828,0.860404259213517
2.16,3,0.1186943754465215,0.9342551738179283,0.022234073223923928,-0.062433244735359134,-0.20496323171066463,0.018955694753733706,0.07678432197851474,0.08726004660776646,-0.1948475757451234,-0.009649287551080079,0.8241130576536333
2.165,3,0.1236943754465214,0.9736106685624474,0.022326409969801543,-0.06204951933061833,-0.2045167806357914,0.017977799476452453,0.07669079792602755,0.0912903377724196,-0.19629292445177252,-0.02769846305842631,0.788062105937772
2.17,4,0.0016473129598724157,0.001249127245732373,0.02241383958749108,-0.06166648553822153,-0.2040506270415315,0.01699292149018402,0.07650801659528314,0.09514144064525257,-0.19764457933581073,-0.045340434218976836,0.7524739171378217
2.1750000000000003,4,0.006647312959872753,0.0050405356670842035,0.022496328251901475,-0.061284584310347584,-0.20356566032907839,0.016001483104367095,0.07623814915299475,0.09881608870069575,-0.1989179956674456,-0.06253097899205415,0.7174870830501384
2.18,4,0.011647312959872647,0.008831944088435698,0.02257384412536132,-0.06090424541635372,-0.20306275517180739,0.015003868686424365,0.07588345928116674,0.1023173256690788,-0.2001151202501723,-0.07927003828264832,0.683108764957265
2.185,4,0.01664731295987254,0.01262335250978719,0.022646357278155255,-0.06052588734062526,-0.20254277103663776,0.014000457774140202,0.07544619492349422,0.1056481833700267,-0.20123672146802501,-0.0955614055776754,0.6493346587194503
2.19,4,0.021647312959872433,0.016414760931138684,0.02271383966865203,-0.060149917375247684,-0.2020065522851924,0.012991626063378895,0.07492858505623776,0.10881167210246534,-0.20228356770503772,-0.11140887436404989,0.6161604601969467
2.195,4,0.026647312959872327,0.02020616935249018,0.022776265124094926,-0.059776731714843746,-0.20145492828140132,0.011977745408084545,0.07433283968822331,0.11181078064462195,-0.2032564273452444,-0.12681623812868636,0.5835818652500062
2.2,4,0.031647312959872664,0.023997577773842007,0.022833609321392136,-0.05940671555141063,-0.20088871349910514,0.010959183820281023,0.07366114986084223,0.11464847625402522,-0.20415606877267925,-0.1417872903585006,0.5515945697388781
2.205,4,0.03664731295987256,0.027788986195193502,0.022885849767907168,-0.05904024316915725,-0.20030870762965866,0.00993630547007227,0.07291568764805145,0.11732770466750432,-0.20498326037137607,-0.1563258245404045,0.5201942695238202
2.21,4,0.04164731295987245,0.03158039461654499,0.02293296578224926,-0.0586776780393412,-0.19971569568953418,0.008909470685641812,0.0720986061563732,0.11985139010119052,-0.205738770525369,-0.1704356341613139,0.4893766604650818
2.215,4,0.046647312959872345,0.03537180303789649,0.022974938475063763,-0.05831937291510612,-0.19911044812792514,0.007879035953253075,0.07121203952489516,0.122222435250516,-0.20642336761869204,-0.18412051270814336,0.45913743842291505
2.22,4,0.05164731295987268,0.03916321145924832,0.02301175072982254,-0.05796566992631873,-0.19849372093434944,0.006845353917249235,0.07025810292527032,0.12444372129021446,-0.20703782003537927,-0.1973842536678085,0.4294722992575695
2.225,4,0.056647312959872576,0.042954619880599815,0.023043387183614376,-0.057616900674406196,-0.19786625574625336,0.005808773380053571,0.06923889256171745,0.12651810787432027,-0.2075828961594646,-0.21023065052722154,0.40037693882930253
2.23,4,0.06164731295987247,0.046746028301951306,0.023069834207935368,-0.05727338632719307,-0.19722877995661445,0.004769639302168915,0.0681564856710204,0.12844843313616963,-0.20805936437498213,-0.2226634967732982,0.3718470529983636
2.235,4,0.06664731295987236,0.0505374367233028,0.023091079889479327,-0.05693543771373859,-0.19658200682154545,0.0037282928021780187,0.06701294052252856,0.1302375136883998,-0.20846799306596586,-0.2346865858929529,0.3438783376250049
2.24,4,0.0716473129598727,0.05432884514465463,0.023107114010928183,-0.056603355419173815,-0.1959266355678976,0.002685071156743374,0.06581029641815664,0.13188814462294945,-0.20880955061644987,-0.2463037113731013,0.3164664885694761
2.245,4,0.0766473129598726,0.05812025356600613,0.02311792803174237,-0.056277429879538925,-0.1952633515008644,0.0016403078006075797,0.06455057369238514,0.1334030995110581,-0.2090848054104681,-0.2575186667006559,0.2896072016920342
2.25,4,0.08164731295987249,0.06191166198735762,0.023123515068951234,-0.05595794147662016,-0.19459282611158463,0.0005943323265927916,0.06323577371225961,0.13478513040326698,-0.2092945258320546,-0.26833524536253206,0.26329617285292894
2.255,4,0.08664731295987238,0.06570307040870911,0.02312386987794344,-0.05564516063278717,-0.19391571718474626,-0.00045252951439892576,0.061867878877391154,0.13603696782941832,-0.20943948026524342,-0.27875724084564446,0.23752909791241228
2.2600000000000002,4,0.09164731295987272,0.06949447883006095,0.02311898883325736,-0.055339347905830095,-0.19323266890618968,-0.0014999558133857534,0.060448852619956174,0.13716132079865587,-0.20952043709406862,-0.28878844663690845,0.21230167273073428
2.265,4,0.09664731295987261,0.07328588725141244,0.023108869909371468,-0.05504075408379688,-0.19254431197051153,-0.00254762850330578,0.05898063940469689,0.1381608767994242,-0.20953816470256412,-0.2984326562232368,0.18760959316815162
2.27,4,0.1016473129598725,0.07707729567276393,0.023093512661494755,-0.054749620279830255,-0.19185126368866776,-0.003595233359017524,0.05746516472892057,0.1390383017994696,-0.20949343147476399,-0.30769366309154494,0.16344855508491404
2.275,4,0.1066473129598724,0.08086870409411542,0.023072918206357117,-0.05446617802700502,-0.19115412809557739,-0.004642459997299602,0.055904335122500017,0.1397962402458393,-0.20938700579470226,-0.3165752607287473,0.1398142543412738
2.2800000000000002,4,0.11164731295987274,0.08466011251546725,0.02304708920299975,-0.05419064937316517,-0.19045349605772594,-0.005689001876850881,0.05430003814787335,0.1404373150648821,-0.20921965604641296,-0.3250812426217592,0.11670238679748085
2.285,4,0.11664731295987263,0.08845152093681875,0.023016029833565564,-0.053923246975761195,-0.18974994538076906,-0.006734556298290126,0.05265414240004448,0.14096412766224767,-0.20899215061393012,-0.3332154022574937,0.09410864831379158
2.29,4,0.12164731295987252,0.09224292935817024,0.022979745784089577,-0.05366417419668705,-0.18904404091713578,-0.00777882440415654,0.05096849750658241,0.14137925792288725,-0.20870525788128777,-0.340981533122866,0.07202873475045583
2.295,4,0.12664731295987242,0.09603433777952174,0.022938244225289298,-0.05341362519711747,-0.1883363346736321,-0.008821511178909412,0.04924493412762164,0.1416852642110532,-0.2083597462325199,-0.3483834287047907,0.050458341967726056
2.3000000000000003,4,0.13164731295987275,0.09982574620087356,0.022891533793355144,-0.05317178503234507,-0.1876273659190445,-0.0098623254489283,0.04748526395586198,0.14188468337029927,-0.20795638405166053,-0.35542488249018295,0.029393165825852337
2.305,4,0.13664731295987265,0.10361715462222507,0.022839624570740843,-0.05293882974661764,-0.1869176612917436,-0.010900979882512643,0.0456912797165691,0.14198003072348028,-0.20749593972274372,-0.362109687965956,0.00882890218509042
2.31,4,0.14164731295987254,0.10740856304357656,0.022782528066953817,-0.052714926467975154,-0.1862077349072873,-0.011937190989882324,0.04386475516757367,0.14197380007275243,-0.2069791816298035,-0.3684416386190249,-0.011238753094309191
2.315,4,0.14664731295987243,0.11119997146492805,0.02272025719934559,-0.05250023350308702,-0.18549808846602459,-0.012970679123177313,0.042007445099271915,0.14186846369957323,-0.20640687815687386,-0.3744245279363042,-0.030814104152094342
2.32,4,0.15164731295987233,0.11499137988627954,0.02265282627390218,-0.05229490043208927,-0.1847892113606988,-0.014001168476457757,0.040121085334625495,0.14166647236470128,-0.20577979768798885,-0.38006214940470856,-0.049901455128013125
2.325,4,0.15664731295987266,0.11878278830763137,0.022580250966034505,-0.0520990682034217,-0.18408158078405132,-0.015028387085704047,0.03820739272916135,0.14137025530819658,-0.2050987086071824,-0.3853582965111528,-0.06850511016181492
2.33,4,0.16164731295987256,0.12257419672898287,0.0225025483013688,-0.05191286922866511,-0.183375661836425,-0.016052066828816484,0.036268065170972294,0.14098222024942042,-0.2043643792984887,-0.3903167627425507,-0.08662937339324449
2.335,4,0.16664731295987245,0.12636560515033435,0.02241973663653697,-0.05173642747737835,-0.18267190763336758,-0.017071943425615802,0.03430478158071615,0.14050475338703522,-0.20357757814594166,-0.39494134158581695,-0.10427854896205084
2.34,4,0.17164731295987234,0.13015701357168585,0.022331835639967035,-0.05156985857193561,-0.18197075941323518,-0.018087756437842824,0.03231920191161623,0.13994021939900475,-0.20273907353357537,-0.3992358265278665,-0.12145694100798218
2.345,4,0.17664731295987268,0.1339484219930377,0.022238866272673498,-0.05141326988236353,-0.18127264664479587,-0.01909924926915863,0.03031296714946121,0.13929096144259392,-0.20184963384542368,-0.4032040110556137,-0.13816885367078802
2.35,4,0.18164731295987258,0.13773983041438917,0.02214085076904777,-0.051266760621178416,-0.1805779871348333,-0.020106169165144187,0.028287699312605667,0.13855930115436912,-0.2009100274655209,-0.4068496886559728,-0.154418591090213
2.355,4,0.18664731295987247,0.14153123883574067,0.022037812617648547,-0.05113042193822337,-0.17988718713574986,-0.02110826721330093,0.02624500145196903,0.13774753865019787,-0.19992102277790086,-0.41017665281585847,-0.17021045740600674
2.36,4,0.19164731295987236,0.14532264725709215,0.021929776541992217,-0.051004337015505476,-0.17920064145317038,-0.022105298343050347,0.02418645765103642,0.13685795252524888,-0.1988833881665976,-0.4131886970221853,-0.1855487567579166
2.365,4,0.1966473129598727,0.149114055678444,0.021816768481343254,-0.05088858116203299,-0.17851873355354558,-0.023097021325734206,0.02211363302585815,0.13589279985399222,-0.1977978920156451,-0.41588961476186803,-0.2004377932856922
2.37,4,0.2016473129598726,0.1529054640997955,0.02169881557150465,-0.050783221908652525,-0.17784183567175574,-0.02408319877461415,0.020028073725050527,0.13485431619019925,-0.19666530270907753,-0.4182831995218207,-0.2148818711290788
2.375,4,0.2066473129598725,0.15669687252114697,0.02157594612560826,-0.05068831910288616,-0.1771703089187138,-0.025063597144872295,0.01793130692979473,0.13374471556694253,-0.19548638863092888,-0.42037324478895804,-0.2288852944278253
2.38,4,0.21164731295987238,0.16048828094249848,0.021448189614905237,-0.050603925003768674,-0.17650450338896922,-0.026037986733610824,0.01582484085383754,0.13256619049659588,-0.1942619181652331,-0.4221635440501946,-0.24245236732167963
2.3850000000000002,4,0.21664731295987272,0.16427968936385032,0.021315576649556415,-0.050530084376684686,-0.17584475826831125,-0.027006141679852158,0.013710164743490977,0.13132091197083423,-0.19299265969602417,-0.42365789079244504,-0.25558739395039104
2.39,4,0.2216473129598726,0.1680710977852018,0.021178138959422742,-0.05046683458820586,-0.17519140194137264,-0.027967839964538648,0.011588748877633113,0.13001102946063423,-0.19167938160733627,-0.4248600785026236,-0.2682946784537047
2.395,4,0.2266473129598725,0.1718625062065533,0.021035909374855628,-0.050414205700928055,-0.17454475209923292,-0.028922863410533076,0.00946204456770678,0.12863867091627335,-0.19032285228320336,-0.425773900667645,-0.28057852497137026
2.4,4,0.2316473129598724,0.17565391462790478,0.020888921807487373,-0.050372220568308486,-0.17390511584702198,-0.029870997682618288,0.007331484157720496,0.12720594276733047,-0.18892384010765945,-0.4264031507744236,-0.2924432376431347
2.4050000000000002,4,0.23664731295987274,0.17944532304925662,0.020737211231021555,-0.050340894929502916,-0.1732727898115235,-0.03081203228749741,0.005198481024248006,0.12571492992268551,-0.18748311346473842,-0.42675162230987407,-0.3038931206087476
2.41,4,0.24164731295987263,0.18323673147060812,0.02058081366202347,-0.050320237504202836,-0.1726480602487787,-0.03174576057379348,0.003064429576429017,0.12416769577052024,-0.18600144073847458,-0.42682310876091095,-0.3149324780079546
2.415,4,0.24664731295987252,0.1870281398919596,0.020419766140710467,-0.05031025008747261,-0.17203120315168946,-0.03267197973204993,0.0009307052559681546,0.12256628217831714,-0.1844795903129018,-0.42662140361444845,-0.32556561398050454
2.42,4,0.2516473129598724,0.1908195483133111,0.02025410671174238,-0.050310927644586695,-0.17142248435762206,-0.03359049079473034,-0.0012013354628644046,0.1209127094928601,-0.18291833057205412,-0.42615030035740165,-0.3357968326661452
2.4250000000000003,4,0.25664731295987275,0.19461095673466292,0.020083874405011914,-0.05032225840586674,-0.17082215965601052,-0.034501098636218454,-0.0033303550732331857,0.11920897654023418,-0.1813184298999654,-0.4254135924766846,-0.34563043820462536
2.43,4,0.26164731295987265,0.19840236515601442,0.019909109216435107,-0.05034422396151884,-0.17023047489596038,-0.03540361197281802,-0.005455035035736763,0.11745706062582612,-0.17968065668066996,-0.42441507345921187,-0.35507073473569145
2.435,4,0.26664731295987254,0.20219377357736593,0.01972985208874162,-0.050376799356470645,-0.16964766609385185,-0.03629784336275317,-0.007574075778408822,0.11565891753432339,-0.17800577929820172,-0.42315853679189813,-0.36412202639909186
2.44,4,0.27164731295987243,0.2059851819987174,0.019546144892265225,-0.050419953185208574,-0.16907395954094345,-0.03718360920616809,-0.009686196696717426,0.11381648152971514,-0.17629456613659464,-0.421647775961658,-0.37278861733457436
2.445,4,0.2766473129598723,0.2097765904200689,0.01935803040573415,-0.05047364768661496,-0.1685095719109755,-0.03806072974512723,-0.011790136153565294,0.11193166535529141,-0.17454778557988274,-0.4198865844554058,-0.3810748116818872
2.45,4,0.28164731295987266,0.21356799884142072,0.019165552297061503,-0.05053783883880528,-0.1679547103677736,-0.038929029063615186,-0.013884651479289767,0.11000636023364359,-0.1727662060121,-0.4178787557600559,-0.3889849135807789
2.455,4,0.28664731295987256,0.21735940726277223,0.018968755104135707,-0.0506124764539652,-0.1674095726728523,-0.039788335087536535,-0.015968518971662325,0.10804243586666462,-0.17095059581728062,-0.4156280833625233,-0.39652322717099553
2.46,4,0.29164731295987245,0.22115081568412373,0.01876768421561082,-0.05069750427318791,-0.16687434729301828,-0.04063847958471628,-0.018040533895889468,0.10604174043554858,-0.1691017233794585,-0.4131383607497221,-0.4036940565922861
2.465,4,0.29664731295987234,0.2249422241054752,0.018562385851696984,-0.050792860061311174,-0.166349213507974,-0.04147929816489947,-0.02009951048461217,0.1040061006007905,-0.16722035708266772,-0.41041338140856715,-0.410501705984398
2.47,4,0.3016473129598727,0.22873363252682705,0.01835290704495081,-0.05089847570175457,-0.16583434151792117,-0.042310630279751446,-0.02214428193790617,0.10193732150218683,-0.16530726531094211,-0.40745693882597245,-0.4169504794870803
2.475,4,0.3066473129598726,0.23252504094817855,0.018139295621065813,-0.05101427729135662,-0.16532989255116443,-0.043132319222857436,-0.024173700423281128,0.09983718675883574,-0.163363216448316,-0.40427282648885304,-0.42304468124007893
2.48,4,0.31164731295987247,0.23631644936953003,0.01792160017966275,-0.05114018523521201,-0.1648360189717145,-0.04394421212972312,-0.0261866370756819,0.09770745846913606,-0.1613889788788233,-0.40086483788412364,-0.42878861538314283
2.485,4,0.31664731295987236,0.24010785779088153,0.017699870075080056,-0.0512761143415087,-0.1643528643868919,-0.04474615997777424,-0.0281819819974878,0.09554987721078802,-0.159385320986498,-0.397236766498698,-0.43418658605602
2.49,4,0.3216473129598727,0.24389926621223335,0.01747415539716422,-0.051421973916365174,-0.1638805637549304,-0.045538017586356797,-0.03015864425851268,0.09336616204079314,-0.15735301115537392,-0.3933924058194908,-0.4392428973984584
2.495,4,0.3266473129598726,0.24769067463358485,0.017244506952060257,-0.051577667858667534,-0.1634192434925806,-0.046319643616736746,-0.032115551896004686,0.09115801049545456,-0.15529281776948547,-0.3893355493334173,-0.44396185355020523
2.5,4,0.3316473129598725,0.25148208305493636,0.017010976243001994,-0.05174309475490672,-0.16296902158271317,-0.047090900572100414,-0.03405165191464688,0.08892709859037605,-0.15320550921286652,-0.38506999052739127,-0.44834775865100923
2.505,4,0.3366473129598724,0.25527349147628786,0.01677361545110255,-0.05191814797401569,-0.16253000768192266,-0.04785165479755423,-0.03596591028655678,0.0866750808204632,-0.15109185386955104,-0.3805995228883277,-0.4524049168406171
2.5100000000000002,4,0.3416473129598727,0.25906489989763964,0.01653247741614469,-0.05210271576220658,-0.16210230322813066,-0.04860177648012484,-0.037857311951286624,0.08440359015992226,-0.14895262012357294,-0.37592793990314033,-0.45613763225877785
2.515,4,0.3466473129598726,0.26285630831899115,0.016287615617371295,-0.05229668133780783,-0.16168600154818968,-0.04934113964875893,-0.03972486081582286,0.08211423806226151,-0.14678857635896653,-0.37105903505874455,-0.45955020904523863
2.52,4,0.3516473129598725,0.26664771674034266,0.016039084154275664,-0.05249992298610144,-0.1612811879654863,-0.050069622174323494,-0.04156757975458694,0.0798086144602898,-0.14460049095976568,-0.3659966018420549,-0.46264695133974715
2.525,4,0.3566473129598724,0.27043912516169416,0.01578693772739198,-0.052712314154160084,-0.16088793990754485,-0.05078710576960563,-0.0433845106094344,0.07748828776611784,-0.14238913231000444,-0.3607444337399854,-0.46543216328205245
2.5300000000000002,4,0.36164731295987274,0.274230533583046,0.015531231619085659,-0.05293372354568433,-0.16050632701363082,-0.0514934759893127,-0.045174714189656046,0.07515480487115664,-0.1401552687937166,-0.3553063242394502,-0.4679101490119009
2.535,4,0.36664731295987263,0.27802194200439745,0.015272021674343862,-0.05316401521583973,-0.16013641124235448,-0.05218862223007201,-0.04693727027197637,0.07280969114611989,-0.13789966879493668,-0.34968606682736497,-0.4700852126690416
2.54,4,0.3716473129598725,0.28181335042574895,0.015009364281565726,-0.053403048666094105,-0.15977824697927417,-0.05287243773043126,-0.04867127760055522,0.07045445044102132,-0.13562310069769837,-0.34388745499064344,-0.47196165839322163
2.545,4,0.3766473129598724,0.28560475884710046,0.014743316353352886,-0.053650678939054626,-0.15943188114449994,-0.05354481957085826,-0.05037585388698654,0.06809056508517644,-0.13332633288603574,-0.33791428221620057,-0.473543790324189
2.5500000000000003,4,0.38164731295987275,0.2893961672684523,0.014473935307299807,-0.05390675671330505,-0.159097353300297,-0.054205668673741,-0.052050135810299304,0.06571949588720172,-0.1310101337439826,-0.3317703419909497,-0.47483591260169195
2.555,4,0.38664731295987265,0.2931875756898038,0.014201279046784298,-0.054171128398242785,-0.15877469575868933,-0.05485488980338753,-0.053693279016956315,0.06334268213501562,-0.1286752716555734,-0.3254594278018075,-0.4758423293654777
2.56,4,0.39164731295987254,0.29697898411115525,0.013925405941757734,-0.054443636228916244,-0.15846393368906292,-0.055492391566026165,-0.05530445812085562,0.06096154159583705,-0.126322515004842,-0.3189853331356868,-0.47656734475529494
2.565,4,0.39664731295987243,0.30077039253250676,0.013646374809535587,-0.05472411836086187,-0.1581650852257695,-0.05611808640980543,-0.05688286670332968,0.05857747051618646,-0.12395263217582236,-0.3123518514795025,-0.4770152629108909
2.57,4,0.4016473129598723,0.30456180095385826,0.013364244895587785,-0.05501240896494136,-0.1578781615757299,-0.05673189062479393,-0.058427717313145326,0.05619184362188571,-0.12156639155254857,-0.3055627763201694,-0.4771903879720135
2.575,4,0.40664731295987266,0.3083532093752101,0.013079075854329079,-0.05530833832217884,-0.15760316712603756,-0.057333724342980584,-0.0599382414665044,0.05380601411805735,-0.1191645615190543,-0.2986219011446012,-0.4770970240784103
2.58,4,0.41164731295987256,0.3121446177965616,0.012790927729909557,-0.05561173291859797,-0.1573400995515622,-0.05792351153827421,-0.0614136896470426,0.05142131368912644,-0.11674791045937416,-0.2915330194397137,-0.47673947536983047
2.585,4,0.41664731295987245,0.31593602621791306,0.012499860937004892,-0.05592241554005925,-0.157088949922553,-0.058501180026504035,-0.06285333130583076,0.04903905249881798,-0.11431720675754195,-0.2842999246924208,-0.4761220459860207
2.59,4,0.42164731295987234,0.31972743463926456,0.012205936241606829,-0.05624020536709712,-0.15684970281224236,-0.059066661465419404,-0.0642564548613742,0.0466605191901588,-0.11187321879759156,-0.27692641038963683,-0.47524904006672924
2.595,4,0.4266473129598727,0.3235188430606164,0.011909214741813536,-0.05656491806975708,-0.1566223364044492,-0.05961989135468984,-0.06562236769961297,0.04428698088547672,-0.10941671496355691,-0.2694162700182759,-0.47412476175170376
2.6,4,0.4316473129598726,0.3273102514819679,0.01160975784862011,-0.05689636590243296,-0.15640682260118263,-0.06016080903590492,-0.06695039617392098,0.041919683186401574,-0.10694846363947243,-0.2617732970652539,-0.47275351518069203
2.605,4,0.43664731295987247,0.3311016599033194,0.011307627266708845,-0.057234357798704005,-0.15620312713024537,-0.06068935769257451,-0.06823988560510748,0.03955985017386365,-0.10446923320937192,-0.25400128501748453,-0.4711396044934428
2.61,4,0.44164731295987236,0.33489306832467086,0.01100288497523968,-0.05757869946617214,-0.15601120965283716,-0.06120548435012864,-0.06949020028141607,0.03720868440809464,-0.10197979205728944,-0.24610402736188233,-0.4692873338297029
2.615,4,0.4466473129598727,0.3386844767460227,0.010695593208640594,-0.0579291934812991,-0.15583102387115833,-0.061709139875917515,-0.07070072345852484,0.034867366928627797,-0.0994809085672587,-0.23808531758536078,-0.4672010073292199
2.62,4,0.4516473129598726,0.3424758851673742,0.010385814437398092,-0.058285639384243505,-0.15566251763601338,-0.062200278979211404,-0.07187085735954636,0.03253705725429749,-0.0969733511233143,-0.22994894917483677,-0.46488492913174373
2.625,4,0.4566473129598725,0.3462672935887257,0.01007361134884744,-0.05864783377369824,-0.15550563305441428,-0.06267886021120084,-0.07300002317502802,0.030218893383239086,-0.09445788810948991,-0.22169871561722315,-0.4623434033770196
2.63,4,0.4616473129598724,0.3500587020100772,0.009759046827963191,-0.05901557040172744,-0.1553603065971842,-0.06314484596499652,-0.07408766106295159,0.027913991792889822,-0.09193528790981959,-0.21333841039943474,-0.4595807342047968
2.6350000000000002,4,0.4666473129598727,0.35385011043142905,0.009442183938149504,-0.05938864026860379,-0.15522646920656075,-0.06359820247562938,-0.0751332301487336,0.025623447439987384,-0.08940631890833718,-0.2048718270083852,-0.4566012257548234
2.64,4,0.4716473129598726,0.3576415188527805,0.009123085902030677,-0.05976683171764555,-0.15510404640379957,-0.0640388998200503,-0.07613620852522499,0.02334833376057153,-0.08687174948907722,-0.1963027589309913,-0.4534091821668468
2.645,4,0.4766473129598725,0.361432927274132,0.008801816082241357,-0.060149930530053936,-0.15499295839677804,-0.06446691191713054,-0.07709609325271115,0.021089702669982613,-0.0843323480360733,-0.18763499965416547,-0.45000890758061507
2.65,4,0.4816473129598724,0.3652243356954835,0.008478437962217074,-0.0605377200197501,-0.15489312018759838,-0.06488221652766148,-0.07801240035891238,0.01884858456286291,-0.08178888293335962,-0.17887234266482355,-0.4464047061358755
2.6550000000000002,4,0.48664731295987274,0.36901574411683535,0.008153015126984565,-0.06092998112821244,-0.15480444168019147,-0.0652847952543547,-0.07888466483898333,0.016625988313155215,-0.07924212256496996,-0.17001858144987883,-0.4426008819723768
2.66,4,0.49164731295987263,0.37280715253818686,0.007825611243952292,-0.06132649251931364,-0.15472682778792013,-0.0656746335418418,-0.07971244065551332,0.014422901274104089,-0.07669283531493876,-0.16107750949624722,-0.4386017392298666
2.665,4,0.4966473129598725,0.3765985609595383,0.007496290043700692,-0.06172703067415794,-0.1546601785411828,-0.06605172067667471,-0.08049530073852619,0.012240289278255522,-0.07414178956729983,-0.15205292029084252,-0.434411582048092
2.67,4,0.5016473129598724,0.3803899693808898,0.007165115300772641,-0.06213136998591837,-0.1546043891950169,-0.06641604978732552,-0.08123283698548031,0.010079096637455806,-0.07158975370608711,-0.14294860732057887,-0.4300347145668024
2.6750000000000003,4,0.5066473129598728,0.38418137780224165,0.006832150814463846,-0.06253928285467375,-0.15455935033670232,-0.06676761784418639,-0.08192466026126868,0.007940246142853628,-0.06903749611533455,-0.1337683640723706,-0.42547544092574374
2.68,4,0.5116473129598726,0.38797278622359316,0.006497460389613335,-0.06295053978224592,-0.15452494799336502,-0.06710642565956969,-0.08257040039821899,0.005824639064898355,-0.06648578517907645,-0.12451598403313334,-0.42073806526466556
2.685,4,0.5166473129598725,0.39176419464494466,0.006161107817393669,-0.06336490946703704,-0.15450106373958042,-0.06743247788770801,-0.08316970619609315,0.00373315515334074,-0.06393538928134672,-0.11519526068978142,-0.4158268917233153
2.69,4,0.5216473129598724,0.3955556030662961,0.0058231568561015225,-0.06378215889886663,-0.15448757480497693,-0.06774578302475408,-0.08372224542208813,0.0016666526372327603,-0.06138707680617946,-0.10580998752922867,-0.4107462244414398
2.695,4,0.5266473129598723,0.3993470114876476,0.005483671211947955,-0.06420205345380875,-0.1544843541818395,-0.06804635340878078,-0.08422770481083491,-0.00037403177507213287,-0.05884161613760858,-0.09636395803839048,-0.4055003675587882
2.7,4,0.5316473129598727,0.40313841990899946,0.005142714519848848,-0.0646243569890293,-0.154491270732713,-0.06833420521978122,-0.08468579006439977,-0.002388082895920192,-0.05629977565966785,-0.08686096570417966,-0.4000936252151074
2.705,4,0.5366473129598726,0.40692982833035096,0.004800350324215424,-0.06504883193762288,-0.15450818929800575,-0.06860935847966859,-0.0850962258522827,-0.004374707058354596,-0.05376232375639182,-0.07730480401351283,-0.39453030155014635
2.71,4,0.5416473129598725,0.41072123675170247,0.004456642059744418,-0.06547523940345043,-0.15453497080359316,-0.0688718370522763,-0.08545875581141892,-0.006333132116118815,-0.051230028811814335,-0.06769926645330386,-0.38881470070365204
2.715,4,0.5466473129598723,0.4145126451730539,0.004111653032208663,-0.06590333925597602,-0.15457147236842095,-0.06912166864335793,-0.08577314254617809,-0.008262607443654594,-0.048703659209969254,-0.058048146510466574,-0.3829511268153729
2.72,4,0.5516473129598727,0.41830405359440576,0.0037654463992473526,-0.06633289022510419,-0.15461754741210895,-0.06935888480058729,-0.08603916762836411,-0.01016240393610271,-0.046183983334890495,-0.04835523767191557,-0.3769438840250559
2.725,4,0.5566473129598726,0.42209546201575726,0.003418085151156637,-0.06676364999601704,-0.1546730457625543,-0.0695835209135582,-0.08625663159721585,-0.012031814009301535,-0.04367176957061245,-0.038624333424565706,-0.3707972764724496
2.73,4,0.5616473129598725,0.42588687043710877,0.003069632091679795,-0.06719537530401148,-0.15473781376353518,-0.06979561621378479,-0.08642535395940666,-0.013870151599789486,-0.041167786301169004,-0.028859227255332093,-0.36451560829730184
2.735,4,0.5666473129598724,0.42967827885846027,0.002720149818797764,-0.06762782202933643,-0.15481169438231415,-0.06999521377470132,-0.08654517318904419,-0.015676752164803166,-0.038672801910594294,-0.01906371265112908,-0.3581031836393612
2.74,4,0.5716473129598727,0.43346968727981205,0.0023697007055194716,-0.06806074529202985,-0.1548945273172417,-0.07018236051166225,-0.08661594672767108,-0.017450972682278125,-0.036187584782921854,-0.009241583098869487,-0.35156430663837407
2.745,4,0.5766473129598726,0.43726109570116356,0.002018346880672369,-0.068493899546756,-0.15498614910535985,-0.07035710718194212,-0.08663755098426446,-0.019192191650848272,-0.03371290330218617,0.0006033679145300478,-0.3449032814340884
2.75,4,0.5816473129598725,0.44105250412251507,0.0016661502096926468,-0.06892703867764269,-0.15508639323000528,-0.07051950838473571,-0.08660988133523555,-0.020899809089846455,-0.031249525852421255,0.010467346902155943,-0.33812441216625366
2.755,4,0.5866473129598724,0.44484391254386657,0.001313172275415747,-0.0693599160931183,-0.15519509022841343,-0.07066962256115801,-0.08653285212443063,-0.02257324653930431,-0.028798220817661056,0.020346560377093082,-0.3312320029746169
2.7600000000000002,4,0.5916473129598727,0.4486353209652184,0.0009594743588667125,-0.06979228482074912,-0.15531206779932138,-0.07080751199424408,-0.08640639666313063,-0.024211947059952586,-0.026359756581939363,0.0302372148524284,-0.324230357998924
2.765,4,0.5966473129598726,0.45242672938656986,0.0006051174200507083,-0.07022389760207626,-0.15543715091057178,-0.07093324280894917,-0.08623046723005053,-0.025815375233219535,-0.023934901529290696,0.04013551684124525,-0.317123781378927
2.77,4,0.6016473129598725,0.45621813780792136,0.0002501620787431942,-0.07065450698745314,-0.15557016190671594,-0.07104688497214881,-0.08600503507134045,-0.027383017161233973,-0.021524424043748682,0.05003767285663082,-0.3099165772543703
2.775,4,0.6066473129598724,0.46000954622927287,-0.0001053314047194838,-0.07108386543088246,-0.15571092061661784,-0.07114851229263856,-0.0857300904005848,-0.028914380466821966,-0.019129092509347367,0.05993988941167024,-0.30261304976500236
2.7800000000000002,4,0.6116473129598727,0.4638009546506247,-0.00046130314864977623,-0.07151172538485354,-0.155859244461057,-0.07123820242113425,-0.08540564239880256,-0.03040899429350912,-0.016749675310120758,0.06983837301944867,-0.2952175030505717
2.785,4,0.6166473129598726,0.4675923630719762,-0.0008176936692184736,-0.07193783939517917,-0.15601494856033285,-0.07131603685027178,-0.08503171921444724,-0.031866409305518976,-0.014386940830103216,0.07972933019305124,-0.28773424125082675
2.79,4,0.6216473129598725,0.47138377149332766,-0.001174443899664375,-0.0723619601958331,-0.15617784584186706,-0.07138210091460734,-0.08460836796340715,-0.033286197687774695,-0.012041657453328438,0.08960896744556439,-0.2801675685055145
2.795,4,0.6266473129598724,0.47517517991467917,-0.0015314952095038768,-0.07278384080378718,-0.15634774714780808,-0.0714364837906172,-0.0841356547290051,-0.034667953145897795,-0.00971459356383056,0.09947349129007298,-0.2725217889543824
2.8000000000000003,4,0.6316473129598728,0.478966588336031,-0.0018887894237405688,-0.07320323461384844,-0.15652446134263412,-0.07147927849669783,-0.08361366456199792,-0.03601129090620832,-0.007406517545643466,0.10931910823966241,-0.2648012067371784
2.805,4,0.6366473129598726,0.4827579967573825,-0.0022462688420747494,-0.0736198954934961,-0.15670779542075658,-0.07151058189316589,-0.08304250148057807,-0.037315847715725596,-0.005118197782801389,0.11914202480741887,-0.2570101259936515
2.81,4,0.6416473129598725,0.486549405178734,-0.0026038762581131573,-0.07403357787771912,-0.15689755461412397,-0.07153049468225815,-0.08242228847037184,-0.03858128184216723,-0.002850402659338278,0.12893844750642672,-0.24915285086354966
2.815,4,0.6466473129598724,0.4903408136000855,-0.002961554978578508,-0.07444403686385317,-0.15709354249982488,-0.07153912140813162,-0.08175316748443986,-0.03980727307394975,-0.0006039005592882712,0.13870458284977136,-0.24123368548661933
2.82,4,0.6516473129598723,0.494132222021437,-0.003319248842519107,-0.07485102830641771,-0.15729556110769197,-0.07153657045686344,-0.08103529944327821,-0.04099352272018817,0.0016205401333148446,0.1484366373505392,-0.23325693400260897
2.825,4,0.6566473129598727,0.4979236304427888,-0.0036769022405184794,-0.0752543089119534,-0.15750341102790497,-0.07152295405645093,-0.08026886423481697,-0.042139753610697155,0.0038221510344370897,0.15813081752181693,-0.2252269005512676
2.83,4,0.6616473129598726,0.5017150388641403,-0.004034460133904818,-0.07565363633385896,-0.1577168915185946,-0.07149838827681158,-0.07945406071442078,-0.04324571009598842,0.0060001637600441025,0.1677833298766879,-0.21714788927233905
2.835,4,0.6666473129598725,0.5055064472854918,-0.00439186807396082,-0.07604876926722864,-0.15793580061344592,-0.07146299302978308,-0.0785911067048889,-0.0443111580472737,0.008153809926102127,0.177390380928238,-0.20902420430557747
2.84,4,0.6716473129598723,0.5092978557068433,-0.004749072221133136,-0.07643946754368922,-0.15815993522930155,-0.07141689206912323,-0.07768023899645538,-0.045335884856463775,0.010282321148576863,0.1869481771895524,-0.20086014979072622
2.845,4,0.6766473129598727,0.5130892641281951,-0.005106019364242046,-0.07682549222623739,-0.15838909127376583,-0.07136021299050996,-0.07672171334678841,-0.04631969943616701,0.012384929043434878,0.19645292517371776,-0.19266002986753375
2.85,4,0.6816473129598726,0.5168806725495466,-0.005462656939690884,-0.07720660570407648,-0.15862306375280744,-0.0712930872315416,-0.07571580448099166,-0.047262432219691744,0.014460865226641488,0.20590083139381923,-0.18442814867574858
2.855,4,0.6866473129598725,0.5206720809708981,-0.0058189330506759375,-0.0775825717874542,-0.15886164687836346,-0.07121565007173644,-0.07466280609160218,-0.04816393516104355,0.01650936131416297,0.2152881023629409,-0.17616881035511864
2.86,4,0.6916473129598724,0.5244634893922496,-0.006174796486395805,-0.07795315580249937,-0.15910463417594312,-0.07112804063253289,-0.07356303083859221,-0.04902408173492765,0.018529648921965312,0.22461094459417105,-0.16788631904539195
2.865,4,0.6966473129598727,0.5282548978136015,-0.0065301967412611205,-0.07831812468605938,-0.15935181859223038,-0.07103040187728969,-0.07241681034936855,-0.049842766936748543,0.020520959666014475,0.2338655646005927,-0.15958497888631537
2.87,4,0.7016473129598726,0.532046306234953,-0.006885084034104021,-0.07867724708053708,-0.1596029926026884,-0.07092288061128568,-0.07122449521877243,-0.050619907282608144,0.022482525162276345,0.24304816889529157,-0.1512690940176385
2.875,4,0.7066473129598725,0.5358377146563045,-0.007239409327387918,-0.07903029342872817,-0.15985794831916222,-0.07080562748171995,-0.06998645500908006,-0.05135544080930867,0.02441357702671679,0.2521549639913533,-0.1429429685791077
2.88,4,0.7116473129598724,0.5396291230776559,-0.007593124346417016,-0.07937703606865842,-0.16011647759748304,-0.07067879697771164,-0.06870307825000138,-0.05204932707434902,0.02631334687530199,0.261182156401864,-0.13461090671047302
2.8850000000000002,4,0.7166473129598727,0.5434205314990077,-0.007946181598545932,-0.0797172493284207,-0.16037837214507114,-0.07054254743030004,-0.06737477243868184,-0.0527015471559288,0.02818106632399812,0.27012595263990935,-0.12627721255147834
2.89,4,0.7216473129598726,0.5472119399203592,-0.008298534392389176,-0.08005070962101213,-0.16064342362853923,-0.07039704101244484,-0.06600196403970121,-0.0533121036529463,0.030015966988770758,0.27898255921857396,-0.11794619024187518
2.895,4,0.7266473129598725,0.5510033483417107,-0.00865013685703098,-0.0803771955391713,-0.16091142378129675,-0.07024244373902562,-0.06458509848507331,-0.05388102068499599,0.03181728048558599,0.2877481826509441,-0.10962214392141
2.9,4,0.7316473129598724,0.5547947567630622,-0.009000943961234718,-0.08069648795021542,-0.16118216451115241,-0.07007892546684232,-0.06312464017424718,-0.05440834389237483,0.03358423843040993,0.2964190294501043,-0.10130937772982923
2.9050000000000002,4,0.7366473129598727,0.5585861651844141,-0.009350911532652582,-0.0810083700908778,-0.16145543800791878,-0.06990665989461489,-0.06162107247410584,-0.05489414043607534,0.035316072439208535,0.3049913061291412,-0.09301219580688236
2.91,4,0.7416473129598726,0.5623775736057656,-0.009699996277035102,-0.08131262766214442,-0.16173103685101428,-0.06972582456298368,-0.06007489771896768,-0.055338498997791016,0.03701201412794764,0.31346121920114006,-0.08473490229231788
2.915,4,0.7466473129598725,0.5661689820271171,-0.01004815579744089,-0.08160904892409161,-0.1620087541170683,-0.06953660085450894,-0.058486637210584426,-0.05574152977991228,0.03867129511259329,0.3218249751791839,-0.07648180132588274
2.92,4,0.7516473129598724,0.5699603904484686,-0.01039534861344613,-0.08189742479072307,-0.16228838348752372,-0.06933917399367123,-0.05685683121814373,-0.05610336450552942,0.04029314700911132,0.33007878057636203,-0.06825719704732745
2.9250000000000003,4,0.7566473129598728,0.5737517988698204,-0.010741534180354246,-0.08217754892480691,-0.16256971935624026,-0.06913373304687137,-0.05518603897826719,-0.05642415641843202,0.04187680143346813,0.33821884190575946,-0.060065393596393346
2.93,4,0.7616473129598726,0.5775432072911719,-0.011086672908405367,-0.08244921783271306,-0.1628525569370987,-0.06892047092243025,-0.053474838695010796,-0.05670408028310608,0.04342149000162932,0.3462413656804579,-0.0519106951128335
2.935,4,0.7666473129598725,0.5813346157125233,-0.011430726181986085,-0.08271223095925012,-0.1631366923716039,-0.06869958437058883,-0.05172382753986536,-0.056943332384738636,0.04492644432956083,0.3541425584135459,-0.04379740573639537
2.94,4,0.7716473129598724,0.5851260241338748,-0.011773656378839054,-0.08296639078250306,-0.16342192283648854,-0.0684712739835084,-0.049933621651755966,-0.057142130529214685,0.04639089603322884,0.36191862661810725,-0.03572982960682591
2.945,4,0.7766473129598723,0.5889174325552263,-0.012115426889272456,-0.0832115029086696,-0.16370804665131622,-0.06823574419527036,-0.048104856137043454,-0.05730071404311807,0.04781407672859926,0.3695657768072306,-0.027712270863873074
2.95,4,0.7816473129598727,0.5927088409765782,-0.012456002135369734,-0.08344737616689833,-0.1639948633860852,-0.06799320328187632,-0.046238185069521126,-0.05741934377373082,0.04919521803163822,0.3770802154939995,-0.01974903364728433
2.955,4,0.7866473129598726,0.5965002493979297,-0.012795347590199072,-0.0836738227041251,-0.16428217396883243,-0.06774386336124794,-0.044334281490418674,-0.05749830208903426,0.050533551558311345,0.3844581491914976,-0.011844422096808154
2.96,4,0.7916473129598725,0.6002916578192812,-0.013133429797023113,-0.08389065807991061,-0.16456978079323567,-0.0674879403932272,-0.04239383740839961,-0.05753789287770848,0.05182830892458473,0.39169578441281216,-0.004002740352193026
2.965,4,0.7966473129598723,0.6040830662406327,-0.013470216388508507,-0.08409770136127728,-0.16485748782621834,-0.06722565417957614,-0.040417563799562885,-0.0575384415491322,0.053078721746424626,0.39878932767102976,0.00377170744681564
2.97,4,0.8016473129598727,0.6078744746619845,-0.013805676105935537,-0.08429477521754701,-0.16514510071555283,-0.066957228363977,-0.0384061906074392,-0.05750029503338272,0.05428402163979672,0.40573498547923353,0.011474617160466301
2.975,4,0.8066473129598726,0.611665883083336,-0.014139778818407608,-0.08448170601517747,-0.16543242689746274,-0.06668289043203235,-0.03636046674299821,-0.05742382178123614,0.055443440220667134,0.4125289643505106,0.019101684649013545
2.98,4,0.8116473129598725,0.6154572915046875,-0.014472495542061033,-0.0846583239126,-0.16571927570422804,-0.06640287171126465,-0.03428116008464083,-0.05730941176416724,0.05655620910500157,0.41916747079794575,0.02664860577270991
2.985,4,0.8166473129598724,0.6192486999260389,-0.01480379845927449,-0.0848244629550566,-0.1660054584717875,-0.06611740737111663,-0.03216905747820341,-0.05715747647434984,0.05762155990876643,0.42564671133462345,0.03411107639180488
2.99,4,0.8216473129598727,0.6230401083473908,-0.01513366093787875,-0.08497996116943698,-0.16629078864734287,-0.0658267364229513,-0.030024964736957174,-0.056968448924656634,0.05863872424792761,0.431962892473633,0.04148479236655507
2.995,4,0.8266473129598726,0.6268315167687423,-0.015462057550366028,-0.08512466065911561,-0.16657508189696124,-0.06553110172005172,-0.027849706641608265,-0.05674278364865797,0.05960693373845075,0.4381122207280555,0.048765449557209975
3.0,4,0.8316473129598725,0.6306229251900938,-0.015788964093099923,-0.08525840769878937,-0.16685815621318037,-0.06523074995762122,-0.02564412694029573,-0.056480956700623836,0.060525419996302,0.44409090261097856,0.05594874382401804
3.005,4,0.8366473129598724,0.6344143336114453,-0.016114357605524775,-0.08538105282931427,-0.16713983202261026,-0.06492593167278322,-0.02340908834859588,-0.0561834656555235,0.06139341463744747,0.4498951446354879,0.06303037102723795
3.0100000000000002,4,0.8416473129598727,0.6382057420327971,-0.016438216389375374,-0.0854924509525426,-0.16741993229353772,-0.06461690124458132,-0.02114547254951642,-0.05585082960902382,0.06221014927785299,0.4555211533146676,0.07000602702711917
3.015,4,0.8466473129598726,0.6419971504541486,-0.016760520027886496,-0.08559246142616078,-0.1676982826435299,-0.06430391689397928,-0.018854180193502375,-0.055483589177490446,0.06297485553348464,0.4609651351616033,0.07687140768391118
3.02,4,0.8516473129598725,0.6457885588755001,-0.01708124940500254,-0.08568094815852545,-0.16797471144703696,-0.06398724068386114,-0.016536130898432363,-0.0550823064979894,0.06368676502030836,0.4662232966893832,0.08362220885787162
3.025,4,0.8566473129598724,0.6495799672968516,-0.017400386724587127,-0.08575777970350168,-0.168249049942997,-0.06366713851903101,-0.014192263249619247,-0.05464756522828329,0.06434510935428997,0.471291844411089,0.09025412640924592
3.0300000000000002,4,0.8616473129598727,0.6533713757182035,-0.01771791552963278,-0.08582282935529956,-0.16852113234243798,-0.06334388014621305,-0.01182353479980969,-0.05417997054683417,0.06494912015139571,0.47616698483980824,0.09676285619829374
3.035,4,0.8666473129598726,0.6571627841395549,-0.018033820721470268,-0.08587597524331139,-0.16879079593608226,-0.06301773915405189,-0.009430922069187456,-0.05368014915280399,0.0654980290275912,0.48084492448862615,0.10314409408525944
3.04,4,0.8716473129598725,0.6609541925609064,-0.01834808857897854,-0.08591710042694911,-0.16905788120194926,-0.06268899297311202,-0.007015420545368076,-0.053148749266051426,0.06599106759884281,0.48532186987062786,0.10939353593040173
3.045,4,0.8766473129598724,0.6647456009822579,-0.018660706777794103,-0.08594609299048109,-0.16932223191296025,-0.06235792287587837,-0.004578044683403703,-0.052586440627135723,0.06642746748111651,0.48959402749889847,0.11550687759397005
3.0500000000000003,4,0.8816473129598728,0.6685370094036097,-0.01897166440952076,-0.08596284613786997,-0.1695836952445402,-0.06202481397675587,-0.002119827905779937,-0.05199391449731396,0.06680646029037805,0.4936576038865252,0.12147981493621596
3.055,4,0.8866473129598726,0.6723284178249612,-0.019280952000938965,-0.08596725828760887,-0.1698421218822227,-0.06168995523206965,0.0003581773975820664,-0.05137188365854203,0.06712727764259338,0.4975088055465921,0.12730804381739197
3.06,4,0.8916473129598725,0.6761198262463127,-0.0195885615332158,-0.08595923316755977,-0.1700973661292529,-0.061353639440065055,0.0028548998693285034,-0.05072108241347455,0.06738915115372832,0.5011438389921844,0.13298726009774858
3.065,4,0.8966473129598724,0.6799112346676642,-0.019894486461114243,-0.0859386799097892,-0.17034928601419036,-0.0610161632409076,0.0053692491846681215,-0.050042266585465456,0.06759131243974939,0.5045589107363888,0.13851315963754243
3.0700000000000003,4,0.9016473129598728,0.6837026430890161,-0.020198721732202992,-0.08590551314540698,-0.17059774339851375,-0.06067782711668283,0.007900116051378239,-0.04933621351856662,0.06773299311662229,0.5077502272922899,0.14388143829702404
3.075,4,0.9066473129598727,0.6874940515103676,-0.02050126380606589,-0.08585965309940227,-0.17084260408422358,-0.060338935391396634,0.010446372209799442,-0.04860372207752834,0.06781342480031272,0.5107139951729728,0.1490877919364408
3.08,4,0.9116473129598726,0.6912854599317191,-0.020802110673511624,-0.08580102568548095,-0.17108373792144557,-0.059999796230975094,0.013006870432837814,-0.047845612647801294,0.0678318391067873,0.5134464208915241,0.1541279164160504
3.085,4,0.9166473129598725,0.6950768683530705,-0.021101261875783355,-0.08572956260090323,-0.17132101891603507,-0.0596607216432642,0.015580444525965867,-0.04706272713553353,0.06778746765201125,0.5159437109610286,0.15899750759610232
3.09,4,0.9216473129598723,0.698868276774422,-0.021398718523768272,-0.0856452014213207,-0.1715543253371792,-0.059322027478030434,0.018165909327221497,-0.04625592896757259,0.06767954205195122,0.5182020718945715,0.16369226133685008
3.095,4,0.9266473129598727,0.7026596851957738,-0.021694483317207174,-0.08554788569561275,-0.1717835398250015,-0.058984033426960236,0.020762060707206802,-0.04542610309146375,0.06750729392257279,0.5202177102052391,0.16820787349854624
3.1,4,0.9316473129598726,0.7064510936171253,-0.021988560563904063,-0.08543756504072492,-0.17200854949816505,-0.05864706302366032,0.023367675569090515,-0.04457415597545252,0.0672699548798421,0.5219868324061174,0.17254003994144235
3.105,4,0.9366473129598725,0.7102425020384768,-0.02228095619893584,-0.08531419523650544,-0.1722292460614757,-0.058311443643657465,0.025981511848607197,-0.04370101560848039,0.06696675653972482,0.5235056450102901,0.17668445652578785
3.11,4,0.9416473129598724,0.7140339104598283,-0.022571677803861778,-0.08517773832054193,-0.17244552591348533,-0.057977506504398826,0.028602308514053966,-0.04280763150019144,0.06659693051818728,0.5247703545308434,0.18063681911183735
3.115,4,0.9466473129598727,0.7178253188811802,-0.022860734625933233,-0.08502816268299976,-0.1726572902540969,-0.057645586665251373,0.031228785566297695,-0.04189497468092554,0.06615970843119517,0.5257771674808619,0.1843928235598434
3.12,4,0.9516473129598726,0.7216167273025317,-0.02314813759730319,-0.08486544316145825,-0.17286444519216587,-0.05731602302750255,0.033859644038766824,-0.04096403770172225,0.06565432189471486,0.526522290373433,0.1879481657300575
3.125,4,0.9566473129598725,0.7254081357238832,-0.023433899354235826,-0.08468956113574799,-0.17306690185310503,-0.056989158334360086,0.03649356599745816,-0.040015834634320416,0.0650800025247121,0.5270019297216411,0.19129854148273118
3.13,4,0.9616473129598724,0.7291995441452347,-0.023718034256316228,-0.08450050462278849,-0.1732645764864872,-0.0566653391709515,0.039129214540931254,-0.03905140107115731,0.06443598193715276,0.527212292038573,0.19443964667811595
3.1350000000000002,4,0.9666473129598727,0.7329909525665865,-0.024000558405659882,-0.08429826837142507,-0.17345739057364967,-0.05634491596432455,0.04176523380031335,-0.038071794125367986,0.06372149174800294,0.5271495838373116,0.19736717717646846
3.14,4,0.9716473129598726,0.7367823609879379,-0.02428148966612231,-0.0840828539572657,-0.1736452709352973,-0.056028242983447454,0.044400248939296165,-0.03707809243078729,0.06293576357322876,0.5268100116309454,0.20007682883803612
3.145,4,0.9766473129598725,0.7405737694092894,-0.0245608476825086,-0.08385426987751846,-0.173828149839105,-0.05571567833920838,0.047032866154136384,-0.03607139614194808,0.062078029028795695,0.5261897819325557,0.20256429752307148
3.15,4,0.9816473129598724,0.7443651778306409,-0.024838653899783323,-0.08361253164582935,-0.1740059651073227,-0.055407583984415656,0.04966167267365647,-0.03505282693408476,0.06114751973067063,0.5252851012552332,0.20482527909183018
3.1550000000000002,4,0.9866473129598727,0.7481565862519928,-0.02511493158227963,-0.0833576618871181,-0.17417866022437845,-0.05510432571379788,0.052285236759245915,-0.034023528003123055,0.06014346729481815,0.5240921761120573,0.20685546940455757
3.16,4,0.9916473129598726,0.7519479946733443,-0.025389705832909264,-0.08308969043241651,-0.17434618444448102,-0.05480627316400374,0.054902107704856,-0.032984664065697784,0.059065103337205736,0.5226072130161208,0.20865056432151438
3.165,4,0.9966473129598725,0.7557394030946958,-0.025663003612371903,-0.082808654413705,-0.1745084928992245,-0.05451379981360219,0.05751081583700666,-0.031937421359134986,0.057911659473798435,0.5208264184805023,0.210206259702947
3.17,4,1.0016473129598724,0.7595308115160473,-0.02593485375836498,-0.08251459835875,-0.17466554670519155,-0.0542272829830821,0.06010987251478327,-0.03088300764146006,0.056682367320562414,0.5187459990182925,0.21151825140910802
3.1750000000000003,4,1.0066473129598728,0.7633222199373991,-0.026205287004793108,-0.08220757428594105,-0.1748173130715563,-0.05394710383485296,0.06269777012983456,-0.02982265219140123,0.05537645849346373,0.5163621611425725,0.21258223530024997
3.18,4,1.0116473129598726,0.7671136283587506,-0.026474336000977757,-0.08188764179912872,-0.1749637654076884,-0.05367364737324398,0.06527298210637504,-0.028757605808382127,0.053993164608468217,0.5136711113664311,0.2133939072366274
3.185,4,1.0166473129598725,0.7709050367801021,-0.026742035330866883,-0.08155486818245986,-0.17510488343075645,-0.05340730244450479,0.06783396290118623,-0.02768914081252609,0.05253171728154211,0.5106690562029542,0.21394896307848982
3.19,4,1.0216473129598724,0.7746964452014535,-0.02700842153224443,-0.08120932849521706,-0.1752406532733314,-0.05314846173680518,0.07037914800361408,-0.02661855104465498,0.05099134812865141,0.5073522021652226,0.21424309868609182
3.1950000000000003,4,1.0266473129598728,0.7784878536228054,-0.027273533115940034,-0.08085110566665404,-0.1753710675909898,-0.052897521780234935,0.07290695393556987,-0.025547151866288673,0.049371288765761454,0.5037167557663265,0.21427200991968182
3.2,4,1.0316473129598727,0.7822792620441569,-0.027537410585038582,-0.08048029059083434,-0.17549612566991843,-0.05265488294680428,0.07541577825153105,-0.0244762801596471,0.047670770808839004,0.49975892351935036,0.21403139263951443
3.205,4,1.0366473129598726,0.7860706704655084,-0.027800096454089752,-0.0800969822214668,-0.17561583353451507,-0.052420949450443365,0.0779039995385387,-0.023407294327648872,0.04588902587384967,0.4954749119373785,0.21351694270584015
3.21,4,1.0416473129598725,0.7898620788868599,-0.028061635268317755,-0.07970128766674398,-0.17573020405499606,-0.05219612934700267,0.08036997741620099,-0.022341574293910794,0.044025285576759915,0.4908609275334966,0.21272435597891462
3.215,4,1.0466473129598723,0.7936534873082114,-0.028322073622830794,-0.07929332228417954,-0.17583925705499626,-0.05198083453425267,0.0828120525366925,-0.021280521502748197,0.04207878153353465,0.4859131768207891,0.21164932831898622
3.22,4,1.0516473129598727,0.7974448957295632,-0.028581460181830828,-0.07887320977544413,-0.17594301941917406,-0.05177548075188418,0.08522854658475015,-0.020225558919175445,0.0400487453601402,0.48062786631234533,0.21028755558630857
3.225,4,1.0566473129598726,0.8012363041509147,-0.02883984569782287,-0.07844108228120342,-0.17604152520081456,-0.05158048758150825,0.08761776227767769,-0.01917813102890643,0.03793440867254368,0.4750012025212464,0.20863473364113524
3.23,4,1.0616473129598725,0.8050277125722662,-0.029097283030824993,-0.07799708047595577,-0.1761348157294339,-0.051396278446655785,0.08997798336534685,-0.018139703838350882,0.03573500308670962,0.4690293919605804,0.20668655834371463
3.235,4,1.0666473129598724,0.8088191209936177,-0.029353827167577607,-0.07754135366286768,-0.1762229397183805,-0.05122328061277834,0.09230747463018939,-0.017111764874622612,0.03344976021860511,0.4627086411434326,0.20443872555430345
3.24,4,1.0716473129598727,0.8126105294149696,-0.029609535240753288,-0.07707405986861302,-0.17630595337244215,-0.051061925187246913,0.09460448188720855,-0.01609582318552755,0.031077911684195124,0.456035156582887,0.20188693113314907
3.245,4,1.0766473129598726,0.816401937836321,-0.02986446654816603,-0.07659536593820881,-0.17638392049544538,-0.05091264711935361,0.09686723198396793,-0.015093409339577408,0.028618689099446322,0.44900514479203085,0.19902687094050914
3.25,4,1.0816473129598725,0.8201933462576725,-0.03011868257198139,-0.07610544762985305,-0.17645691259786267,-0.05077588520030986,0.0990939328005995,-0.014106075425975672,0.02607132408032463,0.44161481228394933,0.19585424083663114
3.255,4,1.0866473129598724,0.823984754679024,-0.03037224699792566,-0.07560448970976152,-0.17652500900441354,-0.050652082063247755,0.10128277324979999,-0.013135395054628907,0.023435048242795617,0.4338603655717275,0.19236473668176962
3.2600000000000002,4,1.0916473129598727,0.8277761631003758,-0.030625225734495564,-0.0750926860470052,-0.17658829696166833,-0.05054168418321921,0.10343192327683182,-0.0121829633561417,0.020709093202825407,0.425738011168448,0.18855405433617614
3.265,4,1.0966473129598726,0.8315675715217273,-0.030877686932167758,-0.07457023970834672,-0.1766468717456529,-0.050445141877196814,0.10553953385952183,-0.011250396981818336,0.017892690576380304,0.4172439555872005,0.1844178896600991
3.27,4,1.1016473129598725,0.8353589799430788,-0.031129701002608885,-0.0740373630530794,-0.17670083676945106,-0.050362909304072924,0.10760373700826295,-0.010339334103658263,0.014985071979426045,0.40837440534107283,0.17995193851379823
3.275,4,1.1066473129598724,0.8391503883644303,-0.03138134063788456,-0.07349427782786203,-0.1767503036908085,-0.05029544446466021,0.10962264576601274,-0.009451434414363157,0.011985469027928741,0.3991255669431434,0.17515189675751994
3.2800000000000002,4,1.1116473129598727,0.8429417967857822,-0.03163268082966944,-0.07294121526155792,-0.17679539251973628,-0.05024320920169128,0.1115943542082966,-0.008588379127332377,0.00889311333785362,0.38949364690649735,0.17001346025151573
3.285,4,1.1166473129598726,0.8467332052071337,-0.03188379888845655,-0.07237841616007085,-0.17683623172611337,-0.05020666919981934,0.11351693744320122,-0.007751870976664484,0.0057072365251680714,0.37947485174423057,0.16453232485604533
3.29,4,1.1216473129598725,0.8505246136284852,-0.032134774462766996,-0.07180613100118349,-0.17687295834729277,-0.050186293985617345,0.1153884516113848,-0.006943634217152854,0.002427070205836747,0.3690653879694169,0.15870418643134798
3.295,4,1.1266473129598724,0.8543160220498366,-0.03238568955835955,-0.07122462002939259,-0.17690571809570063,-0.050182556927578684,0.11720693388606383,-0.00616541462429798,-0.0009481540041735361,0.35826146209514825,0.1525247408376895
3.3000000000000003,4,1.1316473129598728,0.8581074304711884,-0.03263662855744029,-0.07063415335074855,-0.1769346654664448,-0.0501959352361169,0.11897040247302523,-0.005418979494290967,-0.0044192044888974906,0.3470592806345087,0.14598968393531325
3.305,4,1.1366473129598726,0.8618988388925399,-0.03288767823787214,-0.07003501102769086,-0.17695996384491433,-0.050226909963565554,0.12067685661062,-0.004706117644025315,-0.00798684963236817,0.33545505010058485,0.13909471158447687
3.31,4,1.1416473129598725,0.8656902473138914,-0.033138927792384434,-0.069427483173886,-0.17698178561438488,-0.05027596600417866,0.12232427656976416,-0.00402863941109322,-0.011651857818620671,0.3234449770064588,0.1318355196454278
3.315,4,1.1466473129598724,0.8694816557352429,-0.033390468847782656,-0.06881187004906422,-0.17700031226362206,-0.05034359209412988,0.12391062365393848,-0.0033883766537845623,-0.015414997431688237,0.31102526786521834,0.12420780397841857
3.3200000000000003,4,1.1516473129598728,0.8732730641565948,-0.033642395484158,-0.06818848215385759,-0.1770157344944846,-0.050430280811513524,0.12543384019919346,-0.002787182751089092,-0.019277036855605712,0.29819212918994953,0.11620726044370278
3.325,4,1.1566473129598727,0.8770644725779463,-0.033894804254096855,-0.06755764032463604,-0.17702825232952846,-0.05053652857634404,0.126891849574138,-0.002226932602692898,-0.023238744474405954,0.28494176749373706,0.10782958490153498
3.33,4,1.1616473129598726,0.8808558809992978,-0.03414779420189032,-0.0669196758283444,-0.17703807521960746,-0.05066283565055587,0.12828255617995038,-0.001709522628986486,-0.027300888672123488,0.2712703892896655,0.09907047321216364
3.335,4,1.1666473129598725,0.8846472894206493,-0.03440146688274433,-0.0662749304573417,-0.1770454221514819,-0.05080970613800369,0.1296038454503756,-0.001236870771051143,-0.03146423783279271,0.2571742010908226,0.0899256212358464
3.34,4,1.1716473129598723,0.8884386978420008,-0.03465592638198865,-0.06562375662423556,-0.17705052175541836,-0.050977647984461937,0.13085358385172308,-0.0008109164906708905,-0.03572956034044781,0.2426494094102925,0.0803907248328256
3.345,4,1.1766473129598727,0.8922301062633525,-0.0349112793342867,-0.06496651745672077,-0.17705361241279322,-0.05116717297762644,0.13202961888286427,-0.0004336207703331579,-0.04009762457912211,0.22769222076115878,0.07046147986335786
3.35,4,1.1816473129598726,0.896021514684704,-0.035167634942845305,-0.06430358689241758,-0.17705494236369773,-0.05137879674711185,0.13312977907524134,-0.00010696611321497643,-0.04456919893284994,0.21229884165651117,0.06013358218769983
3.355,4,1.1866473129598725,0.8998129231060555,-0.035425104998624155,-0.06363534977370636,-0.177054769814542,-0.05161303876445333,0.1341518739928596,0.00016704345680186743,-0.04914505178566549,0.1964654786094292,0.04940272766609994
3.36,4,1.1916473129598724,0.903604331527407,-0.035683803899545216,-0.0629622019425656,-0.17705336304565347,-0.05187042234310695,0.13509369423228662,0.0003863823951358833,-0.05382595152160196,0.1801883381330067,0.03826461215881176
3.365,4,1.1966473129598727,0.9073957399487589,-0.03594384866970288,-0.062284550335411394,-0.17705100051888967,-0.05215147463844798,0.13595301142266245,0.0005490036365144639,-0.05861266652469527,0.16346362674031809,0.02671493152608171
3.37,4,1.2016473129598726,0.9111871483701104,-0.03620535897857295,-0.061602813077930994,-0.17704797098523137,-0.0524567266477725,0.1367275782256849,0.0006528385949560371,-0.0635059651789773,0.14628755094446022,0.014749381628166417
3.375,4,1.2066473129598725,0.9149785567914619,-0.03646845716022251,-0.060917419579922465,-0.17704457359239364,-0.05278671321029652,0.13741512833562278,0.0006957971637867358,-0.06850661586848286,0.12865631725851268,0.002363658325322506
3.38,4,1.2116473129598724,0.9187699652128134,-0.036733268232519656,-0.06022881063013128,-0.17704111799242622,-0.05314197300715605,0.13801337647930859,0.0006757677156348401,-0.07361538697724633,0.11056613219556007,-0.010446542522203606
3.3850000000000002,4,1.2166473129598727,0.9225613736341652,-0.036999919916342966,-0.05953743849108701,-0.1770379244493168,-0.053523048561407806,0.13852001841613865,0.0005906171024237074,-0.07883304688930173,0.09201320226868957,-0.02368552505416142
3.39,4,1.2216473129598726,0.9263527820555167,-0.03726854265479092,-0.058843766993941025,-0.17703532394659593,-0.0539304862380279,0.13893273093807765,0.000438190655387093,-0.08416036398868268,0.07299373399098685,-0.03735759341029329
3.395,4,1.2266473129598725,0.9301441904768681,-0.0375392696323919,-0.058148271633302905,-0.17703365829493947,-0.054364836243913583,0.13924917186965227,0.00021631218504793574,-0.08959810665942293,0.053503933875539596,-0.05146705173034871
3.4,4,1.2316473129598724,0.9339355988982196,-0.037812236794313434,-0.05745143966207953,-0.17703328023977227,-0.054826652627881216,0.139466980067958,-7.721601875705976e-05,-0.09514704328555738,0.03354000843542988,-0.06601820415408025
3.4050000000000002,4,1.2366473129598727,0.9377270073195715,-0.038087582865571984,-0.05675377018630919,-0.17703455356887193,-0.05531649328066811,0.13958377542265432,-0.00044461318689745943,-0.10080794225112007,0.0130981641837403,-0.08101535482123332
3.41,4,1.2416473129598726,0.941518415740923,-0.03836544937024243,-0.056055774260001474,-0.17703785321997173,-0.055834919934931615,0.13959715885596385,-0.0008881200709418596,-0.10658157194014384,-0.007825392366435835,-0.09646280787154822
3.415,4,1.2466473129598725,0.9453098241622745,-0.038645980650667974,-0.05535797497997356,-0.17704356538836646,-0.056382498165248755,0.13950471232268058,-0.001409998943152331,-0.11246870073666353,-0.029234454702017465,-0.11236486744477855
3.42,4,1.2516473129598724,0.949101232583626,-0.03892932388666914,-0.05466090758068617,-0.1770520876345099,-0.05695979738811737,0.13930399881015715,-0.002012533596494689,-0.1184700970247129,-0.051132816309917915,-0.12872583768067483
3.4250000000000003,4,1.2566473129598728,0.9528926410049778,-0.039215629114753944,-0.05396511952908375,-0.17706382899162654,-0.05756739086195524,0.13899256233831564,-0.0026980293446292342,-0.1245865291883273,-0.07352427067705614,-0.14555002271898965
3.43,4,1.2616473129598726,0.9566840494263293,-0.039505049247327395,-0.053271170619427745,-0.17707921007330918,-0.058205855687099836,0.1385679279596443,-0.003468813021919169,-0.13081876561153857,-0.09641261129034237,-0.1628417266994612
3.435,4,1.2666473129598725,0.9604754578476808,-0.03979774009190076,-0.05257963306813638,-0.17709866318112388,-0.058875772805809995,0.13802760175919124,-0.004327232983427401,-0.13716757467838175,-0.11980163163668792,-0.180605253761836
3.44,4,1.2716473129598724,0.9642668662690324,-0.04009386037030166,-0.051891091608621966,-0.17712263241221482,-0.059577727002263096,0.1373690708545771,-0.005275659104907954,-0.14363372477289124,-0.14369512520301325,-0.19884490804586452
3.4450000000000003,4,1.2766473129598728,0.9680582746903842,-0.04039357173788308,-0.051206143586126705,-0.1771515737669051,-0.06031230690255831,0.1365898033959829,-0.006316482782821796,-0.15021798427910077,-0.16809688547623167,-0.21756499369130444
3.45,4,1.2816473129598727,0.9718496831117356,-0.04069703880273355,-0.05052539905256093,-0.17718595525630315,-0.06108010497471382,0.135687248566157,-0.007452116934324212,-0.15692112158104374,-0.193010705943255,-0.2367698148378879
3.455,4,1.2866473129598726,0.9756410915330871,-0.04100442914488642,-0.04984948086133812,-0.17722625700990507,-0.06188171752866851,0.13465883658041555,-0.008684995997269178,-0.16374390506275516,-0.21844038009099911,-0.2564636756253726
3.46,4,1.2916473129598725,0.9794324999544386,-0.04131591333552956,-0.04917902476221626,-0.177272971383197,-0.06271774471628097,0.13350197868663535,-0.010017575930210378,-0.17068710310826865,-0.24438970140638092,-0.2766508801935049
3.465,4,1.2966473129598723,0.9832239083757901,-0.04163166495621484,-0.048514679496131176,-0.1773266030652603,-0.06358879053133076,0.13221406716526135,-0.01145233421240406,-0.17775148410161767,-0.2708624633763117,-0.2973357326820293
3.47,4,1.3016473129598727,0.9870153167971419,-0.041951860618067924,-0.04785710689003366,-0.17738766918637436,-0.06449546280951696,0.1307924753293021,-0.012991769843798767,-0.1849378164268379,-0.29786245948771084,-0.3185225372307044
3.475,4,1.3066473129598726,0.9908067252184934,-0.04227667998099785,-0.047206981951732264,-0.17745669942561912,-0.06543837322845909,0.12923455752433574,-0.0146384033450446,-0.1922468684679615,-0.3253934832274856,-0.3402155979792624
3.48,4,1.3116473129598725,0.994598133639845,-0.04260630577290625,-0.04656499296472189,-0.17753423611848046,-0.0664181373076965,0.127537649128503,-0.016394776757490688,-0.19967940860902345,-0.35345932808255703,-0.36241921906746194
3.485,4,1.3166473129598724,0.9983895420611965,-0.04294092380889761,-0.04593184158302672,-0.17762083436445358,-0.06743537440868927,0.12569906655250795,-0.01826345364318536,-0.2072362052340572,-0.38206378753983117,-0.3851377046350454
3.49,5,0.0028761745506842296,0.024634329483279403,-0.043280723009317824,-0.04530824292317188,-0.17771706213113034,-0.06849070569989064,0.12371611222793297,-0.020247012980023925,-0.21491519668126352,-0.4112037176535216,-0.4083668685951753
3.495,5,0.007876174550684123,0.06745914600461758,-0.04362589524455855,-0.044694925231473843,-0.17782349983859136,-0.06958464989895836,0.12158633017959034,-0.022347736385127544,-0.2226675257353424,-0.44076126220007433,-0.4319621367277534
3.5,5,0.012876174550684016,0.11028396252595575,-0.04397663413885182,-0.04409262699949439,-0.1779407368207138,-0.07071735768456695,0.11930815707507034,-0.02456681134188288,-0.23040589118318058,-0.4705243252638235,-0.4556636016092379
3.505,5,0.01787617455068391,0.15310877904729392,-0.044333132967082384,-0.04350209185612436,-0.1780693650655241,-0.07188853813696877,0.11688110254469665,-0.026904110519335077,-0.23804185233820882,-0.5002780176809,-0.47920793735987277
3.5100000000000002,5,0.022876174550684247,0.1959335955686359,-0.044695582444027736,-0.042924063195988356,-0.17820997263282046,-0.07309745813298346,0.11430575066461211,-0.029358189957130718,-0.24548696851385865,-0.5298074502874375,-0.5023318180999038
3.515,5,0.02787617455068414,0.23875841208997406,-0.04506416851334076,-0.04235927880721589,-0.1783631370710258,-0.0743429423459975,0.11158375995677952,-0.03192628906551695,-0.25265279902355964,-0.5588977339195618,-0.5247719179495708
3.52,5,0.032876174550684034,0.28158322861131224,-0.045439070136532804,-0.04180846549921196,-0.17852941883404075,-0.07562337324596481,0.10871786338898042,-0.03460433062534279,-0.2594509031807432,-0.5873339794134065,-0.5462649110291198
3.525,5,0.03787617455068393,0.3244080451326504,-0.045820457081956374,-0.04127233373042815,-0.17870935469809676,-0.0769366910994064,0.10571186837481583,-0.03738692078805824,-0.2657928402988403,-0.6149012976051025,-0.5665474714587945
3.5300000000000002,5,0.042876174550684265,0.3672328616539924,-0.046208487713788014,-0.04075157223613345,-0.178903451178609,-0.07828039396941051,0.10257065677370591,-0.04026734907571481,-0.27159016969128225,-0.6413847993307831,-0.5853562733588404
3.535,5,0.04787617455068416,0.41005767817533056,-0.04660330678101105,-0.04024684265618535,-0.17911217794702933,-0.07965153771563224,0.09930018489089101,-0.04323758838096446,-0.2767544506714988,-0.6665695954265746,-0.6024279908494982
3.54,5,0.05287617455068405,0.45288249469666875,-0.04700504320639858,-0.03975877416280041,-0.17933596124769946,-0.08104673599429413,0.0959074834774299,-0.0462882949670611,-0.28119724255292144,-0.6902407967286105,-0.6174992980510132
3.545,5,0.057876174550683945,0.49570731121800693,-0.04741380787549621,-0.03928795808832545,-0.17957517731470385,-0.08246216025818578,0.09240065773020109,-0.04940880846785964,-0.2848301046489809,-0.7121835140730216,-0.6303068690836295
3.5500000000000003,5,0.06287617455068428,0.5385321277393489,-0.04782969142560496,-0.03883494255300826,-0.17983014578872275,-0.08389353975666411,0.088788887291902,-0.05258715188781645,-0.2875645962731082,-0.7321828582959408,-0.6405873780675917
3.555,5,0.06787617455068418,0.5813569442606871,-0.04825276203476392,-0.03840022709276876,-0.18010112313388513,-0.08533616153565277,0.08508242625105046,-0.05581003160198835,-0.28931227673873394,-0.7500239402334952,-0.6480774991231419
3.56,5,0.07287617455068407,0.6241817607820253,-0.04868306321073333,-0.037984257286969574,-0.1803882960546218,-0.08678487043764295,0.08129260314198261,-0.059062837356034126,-0.28998470535928905,-0.765491870721818,-0.652513906370525
3.565,5,0.07787617455068396,0.6670065773033634,-0.04912061157997728,-0.037587419386187156,-0.18069177491251842,-0.08823406910169286,0.07743182094485428,-0.06232964226621357,-0.2894934414482044,-0.7783717605970399,-0.6536332739299847
3.5700000000000003,5,0.0828761745506843,0.7098313938247054,-0.04956539467664661,-0.037210034939982595,-0.18101158714316837,-0.08967771796342804,0.07351355708564031,-0.06559320281938798,-0.28775004431891066,-0.7884487206952931,-0.6511722759217647
3.575,5,0.0878761745506842,0.7526562103460436,-0.05001736873156157,-0.03685235542467265,-0.18134767067302582,-0.09110933525504075,0.06955236343613591,-0.06883495887301899,-0.28466607328483906,-0.7955078618527062,-0.6448675864661093
3.58,5,0.09287617455068409,0.7954810268673818,-0.05047645646119492,-0.03651455687110047,-0.1816998673362588,-0.09252199700529079,0.0655638663139546,-0.07203503365517029,-0.28015308765942015,-0.7993342949054116,-0.6344558796832621
3.585,5,0.09787617455068398,0.8383058433887199,-0.05094254485665459,-0.036196734492406624,-0.1820679162916022,-0.09390833703950503,0.06156476648252958,-0.07517223376450656,-0.274122646756085,-0.7997131306895403,-0.6196738296934672
3.59,5,0.10287617455068387,0.881130659910058,-0.05141548297266657,-0.035898897311799946,-0.1824514474392107,-0.09526054697957742,0.057572839151113435,-0.07822404917029366,-0.26648630988826427,-0.796429480041223,-0.6002581106169683
3.595,5,0.10787617455068421,0.9239554764314001,-0.051895079716557775,-0.03562096279032845,-0.18284997483751178,-0.0965703762439693,0.05360693397477769,-0.08116665321239894,-0.257155636369388,-0.78926845379659,-0.5759453965740071
3.6,5,0.1128761745506841,0.9667802929527382,-0.05238110163723872,-0.0353627514546503,-0.18326289012005875,-0.09782913204770867,0.049686975054414335,-0.08397490260129017,-0.24604218551288876,-0.7780151627917737,-0.5464723616848316
3.605,6,0.0011214419878822213,0.009048536181387278,-0.05287327071421537,-0.035123981524862,-0.1836894559124706,-0.09902767953169306,0.04583396068132787,-0.08662233780551074,-0.23305797783854734,-0.762455628847092,-0.5115770621267436
3.61,6,0.006121441987882115,0.04939184541700242,-0.053371262286968896,-0.03490426381958227,-0.1841287996699984,-0.1001565559103407,0.04206973787049463,-0.08908152510801771,-0.21818820023174137,-0.7425203934777627,-0.47121680537517413
3.615,6,0.011121441987882452,0.08973515465262115,-0.05387470492341399,-0.03470310049114842,-0.18457991332576526,-0.1012066484825951,0.03841566313938738,-0.091326088342953,-0.2015705917756776,-0.71844132240605,-0.42580603883785534
3.62,6,0.016121441987882346,0.1300784638882363,-0.05438318351004534,-0.03451989012435181,-0.18504166259315438,-0.10216961014162686,0.03489178178477647,-0.09333195401748552,-0.1833619714372092,-0.6904879683288335,-0.37581638495401415
3.625,6,0.02112144198788224,0.17042177312385143,-0.054896243158060715,-0.03435393444690861,-0.18551279871336548,-0.10303787787544122,0.031516791339946906,-0.09507740675098089,-0.163719158183185,-0.6589298839429869,-0.3217194661628659
3.63,6,0.026121441987882132,0.2107650823594666,-0.05541339312383494,-0.034204445068277294,-0.1859919702459755,-0.10380467276687749,0.028308041574699665,-0.09654308927500062,-0.14279897098045527,-0.6240366219453856,-0.26398690490362914
3.6350000000000002,6,0.03112144198788247,0.2511083915950853,-0.05593411072939418,-0.03407055021847603,-0.18647773485949973,-0.10446399999360936,0.025281534495351057,-0.09771200243330243,-0.12075822879586826,-0.5860777350329017,-0.2030903236155176
3.64,6,0.03612144198788236,0.29145170083070043,-0.056457845282889906,-0.03395130148690014,-0.1869685711219527,-0.10501064882814455,0.02245192434473384,-0.09856950518183978,-0.09775375059627811,-0.5453227759024171,-0.13950134473776082
3.645,6,0.04112144198788226,0.3317950100663156,-0.056984021999073355,-0.03384568056113948,-0.1874628902914092,-0.1054401926378252,0.019832517602195548,-0.0991033145887626,-0.07394235534853308,-0.5020412972508042,-0.07369159070957255
3.65,6,0.04612144198788215,0.37213831930193075,-0.057512045919769515,-0.03375260596579587,-0.18795904810656527,-0.10574898888482769,0.01743527298359965,-0.09930350583441681,-0.049480862019483554,-0.4565028517749383,-0.0061326839701717146
3.6550000000000002,6,0.05112144198788249,0.4124816285375495,-0.05804130583435139,-0.03367093980130053,-0.18845535657729928,-0.10593417912616261,0.015270801441325041,-0.09916251221134431,-0.02452608957597738,-0.40897699217169087,0.0627037530412291
3.66,6,0.05612144198788238,0.4528249377731646,-0.05857117820021397,-0.03359949448273151,-0.18895009577523253,-0.10599368901367481,0.013348366164266802,-0.09867512512428324,0.0007651430151305852,-0.3597332711379456,0.1323460978853983
3.665,6,0.061121441987882275,0.49316824700877976,-0.05910103106324872,-0.03353703947863107,-0.18944152562429076,-0.10592622829404338,0.01167588257783504,-0.09783849409016776,0.026236016786992417,-0.30904124137057387,0.2023227281231235
3.67,6,0.06612144198788217,0.533511556244395,-0.059630227978317504,-0.033482308049823155,-0.18992789769126475,-0.10573129080878171,0.010259918343955711,-0.09665212673812815,0.05172971277275792,-0.25717045556645096,0.2721620213151855
3.6750000000000003,6,0.0711214419878825,0.5738548654800136,-0.06015813192972693,-0.03343400398823077,-0.1904074669763715,-0.10540915449423736,0.009105693361070291,-0.09511788880949062,0.07708941200557896,-0.20439046642244796,0.3413923550223716
3.68,6,0.0761214419878824,0.6141981747156288,-0.06068410925170224,-0.03339080835569345,-0.19087850370381498,-0.10496088138159225,0.008217079764136161,-0.09324000415777789,0.10215829551860088,-0.1509708266354495,0.40954210680545045
3.685,6,0.08112144198788229,0.6545414839512439,-0.06120753354886187,-0.03335138622278462,-0.19133930511234742,-0.10438831759686246,0.0075966019246260326,-0.09102505474870841,0.12677954434497563,-0.09718108890232627,0.4761396542252094
3.69,6,0.08612144198788219,0.694884793186859,-0.0617277896166913,-0.03331439340762909,-0.1917882072458301,-0.10369409336089835,0.007245436450528332,-0.08848198066019679,0.150796339517853,-0.043290805919953886,0.5407133748424294
3.6950000000000003,6,0.09112144198788252,0.7352281024224778,-0.062244277362017465,-0.03327848321472039,-0.1922235967437943,-0.10288162298938446,0.007163412186347129,-0.08562208008235354,0.17405186207038484,0.010430469614796966,0.6027916462178975
3.7,6,0.09612144198788242,0.775571411658093,-0.06275641572348263,-0.033242313173738304,-0.19264392263200236,-0.10195510489283979,0.007349010213102121,-0.08245900931748601,0.1963892930357167,0.06371318500504115,0.6619028459123831
3.705,6,0.10112144198788231,0.8159147208937081,-0.06326364659201889,-0.033204551778366176,-0.1930477081130087,-0.10091952157661742,0.00779936384832856,-0.07900878278009686,0.21765181344700044,0.11628778755390846,0.7175753514866727
3.71,6,0.1061214419878822,0.8562580301293232,-0.06376543873132214,-0.0331638852251084,-0.1934335623567207,-0.09978063964090467,0.008510258646077427,-0.07528977299688513,0.2376826043373859,0.1678847245645229,0.7693375405015479
3.715,6,0.1111214419878821,0.8966013393649384,-0.06426129169832631,-0.03311902415210784,-0.19380019229095977,-0.0985450097807232,0.009476132396915206,-0.07132271060674593,0.25632484674002276,0.2182344433400093,0.8167177905177898
3.72,6,0.11612144198788243,0.9369446486005572,-0.06475073976367755,-0.03306871037796321,-0.19414641439202224,-0.09721996678592872,0.01069007512792425,-0.0671306843607701,0.2734217216880622,0.26706739118349654,0.8592444790961827
3.725,6,0.12112144198788233,0.9772879578361723,-0.06523335583220825,-0.03301172364054656,-0.19447116647524035,-0.09581362954121159,0.012143829102702083,-0.06273914112224571,0.28881641021465093,0.31411401539810024,0.8964459837975005
3.73,7,0.0021851537969799217,0.01677754873588777,-0.06570875536276315,-0.032946888335122916,-0.19477351948303878,-0.0943348995425629,0.013827790417897185,-0.058175880135664874,0.30235480901233697,0.3591076857997778,0.9278611729616715
3.735,7,0.007185153796979815,0.05516740660098515,-0.06617660004269686,-0.03287307998845514,-0.19505268832527164,-0.09279329488920182,0.015731187656217088,-0.05347041172611453,0.31396849884561984,0.40187398288439063,0.9533599183955141
3.74,7,0.012185153796980153,0.09355726446608595,-0.0666365994520928,-0.032789229569505585,-0.19530803495371377,-0.09119836810076137,0.01784270841446312,-0.04865170828699729,0.3236900606860487,0.4423471806021559,0.9732022626566896
3.745,7,0.017185153796980046,0.13194712233118333,-0.06708851047193433,-0.03269432537224593,-0.19553906272128518,-0.08955948385257594,0.020150738498280644,-0.04374734565615095,0.331557880385674,0.4804677999450668,0.9876706729557438
3.75,7,0.02218515379697994,0.1703369801962807,-0.06753213632675849,-0.03258741450510721,-0.19574540932925513,-0.08788581489071928,0.022643366318275595,-0.03878348733535934,0.33761034379654886,0.5161763619051272,0.9970476165032282
3.755,7,0.027185153796979833,0.2087268380613781,-0.06796732562500947,-0.032467604377955,-0.19592683976556155,-0.08618634203200502,0.025308382890013723,-0.03378488449035392,0.34188583677072537,0.5494133874743377,1.0016155605096921
3.7600000000000002,7,0.03218515379698017,0.2471166959264789,-0.06839397139939245,-0.03233406418906467,-0.1960832392431309,-0.08446985416398635,0.028133281834021032,-0.028774875950812975,0.3444227451602557,0.5801193976447011,1.001656972185685
3.765,7,0.037185153796980064,0.2855065537915763,-0.06881201014722707,-0.03218602641209658,-0.19621460613819794,-0.0827449482449567,0.031105259375782773,-0.023775388210363374,0.3452594548171918,0.6082349134082126,0.9974543187417558
3.77,7,0.04218515379697996,0.32389641165667366,-0.06922142087080144,-0.03202278828307123,-0.19632104492862543,-0.08102002930394875,0.03421121434574495,-0.018806935426577916,0.34443435159358593,0.633700455756875,0.9892900673884547
3.775,7,0.04718515379697985,0.36228626952177106,-0.0696222241177256,-0.03184371328734451,-0.1964027591322238,-0.07930331044073508,0.03743774817931331,-0.01388861942097708,0.34198582134149014,0.6564565456826887,0.9774466853363311
3.7800000000000002,7,0.05218515379698019,0.40067612738687186,-0.0700144810212854,-0.031648232646582855,-0.19646004424507105,-0.07760281282582784,0.04077116491685392,-0.009038129679028176,0.3379522499129563,0.6764437041776562,0.9622066397959329
3.785,7,0.05718515379698008,0.4390659852519692,-0.0703982923407959,-0.03143584680573852,-0.19649328067983232,-0.0759263657004794,0.04419747120369193,-0.004271743350147063,0.3323720231600373,0.6936024522337736,0.9438523979778122
3.79,7,0.062185153796979975,0.4774558431170666,-0.07077379750195549,-0.031206126920024693,-0.19650292670407968,-0.07428160637668142,0.04770237629011343,0.0003956747523044492,0.3252835269347848,0.7078733108430437,0.9226664270925173
3.795,7,0.06718515379697987,0.515845700982164,-0.07114117363719924,-0.030958716341890735,-0.19648951137861195,-0.07267598023716544,0.051271292031364143,0.004950672151016869,0.31672514708925104,0.7191968009974667,0.8989311943505977
3.8000000000000003,7,0.0721851537969802,0.5542355588472648,-0.07150063462605281,-0.030693332107997365,-0.1964536274957743,-0.07111674073540256,0.05488933288765019,0.009381208704733827,0.3067352694754872,0.7275134436890436,0.8729291669626001
3.805,7,0.0771851537969801,0.5926254167123621,-0.07185243013548596,-0.03040976642619194,-0.19639592451777807,-0.06961094939560411,0.058541315924136667,0.013676656608250529,0.2953522799455472,0.732763759909773,0.8449428121390793
3.81,7,0.08218515379697999,0.6310152745774595,-0.07219684466026643,-0.030107888162483522,-0.1963171015150205,-0.0681654758127207,0.06221176081094969,0.017827800392416156,0.28261456435148224,0.7348882706516565,0.8152545970905818
3.815,7,0.08718515379697989,0.669405132442557,-0.07253419656331357,-0.029787644328018156,-0.19621790010440443,-0.06678699765244281,0.065884889823175,0.021826836924132134,0.2685605085453446,0.7338274969066942,0.7841469890276572
3.8200000000000003,7,0.09218515379698022,0.7077949903076578,-0.07286483711605202,-0.029449061566054043,-0.1960990973876581,-0.06548200065120056,0.06954462784085871,0.025667375406353096,0.25322849837918504,0.7295219596668863,0.7519024551608526
3.825,7,0.09718515379698012,0.7461848481727551,-0.07318914953876533,-0.029092247638936836,-0.19596149888965483,-0.06425677861616418,0.07317460234900595,0.029344437378085314,0.23665691970505817,0.7219121799242335,0.7188034627007227
3.83,7,0.10218515379698001,0.7845747060378525,-0.0735075480409499,-0.02871739291507467,-0.19580593149673275,-0.06311743342524323,0.07675814343758282,0.03285445671438888,0.21888415837501501,0.710938678670736,0.6851324788578143
3.835,7,0.1071851537969799,0.8229645639029499,-0.07382047686166843,-0.028324771855913485,-0.1956332363950146,-0.06206987502708717,0.0802782838015151,0.03619527962637625,0.19994860024110778,0.6965419768983943,0.6511719708426768
3.84,7,0.1121851537969798,0.8613544217680473,-0.07412840930990375,-0.02791474450291219,-0.19544426200872736,-0.06111982144108521,0.08371775874068854,0.03936616466121269,0.1798886311553884,0.6786625955992088,0.6172044058658593
3.845,7,0.11718515379698013,0.8997442796331481,-0.07443184680491251,-0.02748775796451782,-0.1952398569385221,-0.06027279875736619,0.08705900615994924,0.042367782702116434,0.15874263696990723,0.6572410557651778,0.5835122511379093
3.85,7,0.12218515379698003,0.9381341374982455,-0.07473131791657875,-0.02704434790314091,-0.19502086289979373,-0.05953414113679894,0.0902841665691024,0.045202216968357634,0.13654900353671995,0.6322178783883051,0.550377973869381
3.855,7,0.12718515379697992,0.9765239953633429,-0.07502737740576781,-0.026585140022130437,-0.19478810766100055,-0.05890899081099178,0.09337508308291409,0.04787296301526006,0.11334611670787702,0.6035335844605897,0.5180840412708215
3.86,8,0.0019424210009901799,0.013288518853701779,-0.07532060526450432,-0.026110851552081954,-0.1945423979825472,-0.0584022976303673,0.09631330313872283,0.05038492728497695,0.08917329297932522,0.5711322320298643,0.486909936188294
3.865,8,0.006942421000990517,0.047494591705386974,-0.07561160565480894,-0.025622292351981442,-0.19428451288064638,-0.058018747578000074,0.09908035019063921,0.052744197866536724,0.06410861622699487,0.5351052205582469,0.4570108232480012
3.87,8,0.01194242100099041,0.08170066455706913,-0.07590100491691208,-0.025120362473374024,-0.19401519987547783,-0.05776248123148254,0.10165879373869983,0.054957141666719715,0.03828208144353347,0.4957412457232739,0.4283753998652911
3.875,8,0.016942421000990304,0.11590673740875129,-0.07618944843579833,-0.02460604538544009,-0.1937351749004232,-0.05763697381890929,0.10403270519462243,0.05703001977672848,0.011827313453351659,0.45334279893865176,0.40098072340594854
3.88,8,0.021942421000990198,0.15011281026043347,-0.07647759730228237,-0.0240804004191588,-0.19344512287019117,-0.05764503244425287,0.10618766842719303,0.05896897857459437,-0.015122062919137669,0.4082123716180906,0.3748038512357607
3.8850000000000002,8,0.026942421000990535,0.18431888311211866,-0.0767661249723885,-0.023544555205022688,-0.1931456982543831,-0.057788796087363835,0.10811077976226638,0.06078004972517775,-0.042432422849524074,0.36065245517529604,0.34982184072051303
3.89,8,0.03194242100099043,0.2185249559638008,-0.07705571392672986,-0.022999698110752465,-0.19283752565105908,-0.05806973560397057,0.10979064798276522,0.06246915018016747,-0.06997014151338979,0.31096554102398655,0.32601174922599724
3.895,8,0.03694242100099032,0.252731028815483,-0.07734705232988803,-0.022447070679011423,-0.1925212003603036,-0.05848865372567949,0.11121739432868148,0.06404208217808184,-0.09760159408632442,0.2594541205778679,0.3033506341179984
3.9,8,0.041942421000990215,0.28693710166716513,-0.07764083068979229,-0.021887960065120268,-0.19219728895779153,-0.059045685059974894,0.11238265249707535,0.0655045332442679,-0.12519315574391507,0.2064206852506499,0.2818155527623041
3.9050000000000002,8,0.04694242100099055,0.3211431745188503,-0.07793773851709905,-0.021323691474771693,-0.19186632986835386,-0.059740296090219094,0.1132795686420757,0.06686207619090176,-0.15261120166175124,0.15216772645603796,0.2613835625246998
3.91,8,0.051942421000990446,0.3553492473705325,-0.07823846098457114,-0.020755620601745208,-0.19152883393954379,-0.06057128517565215,0.11390280137487965,0.0681201691169881,-0.1797221070154153,0.0969977356077514,0.24203172077097665
3.915,8,0.05694242100099034,0.3895553202222147,-0.0785436755864574,-0.020185126065621527,-0.19118528501520224,-0.06153678255139224,0.11424852176375322,0.06928415540836091,-0.20639224698049669,0.04121320411949543,0.22373708486692007
3.92,8,0.06194242100099023,0.4237613930738968,-0.0788540487978719,-0.019613601849497418,-0.190836140509024,-0.06263425032843542,0.11431441333403083,0.070359263737683,-0.23248799673258264,-0.01488337659501984,0.2064767121783175
3.9250000000000003,8,0.06694242100099057,0.457967465925582,-0.07917023273417341,-0.01904244973770024,-0.19048183197812338,-0.06386048249365578,0.11409967206811543,0.0713506080644462,-0.2578757314472624,-0.07098951512208955,0.1902276600709551
3.93,8,0.07194242100099046,0.49217353877726416,-0.07949286181034469,-0.01847307175350283,-0.19012276569660028,-0.06521160490980506,0.11360500640547855,0.072263187634971,-0.2824218263001186,-0.12680272004799367,0.17496698591062285
3.935,8,0.07694242100099036,0.5263796116289463,-0.07982254940037205,-0.017906862596837842,-0.18975932322910588,-0.0666830753155132,0.11283263724266031,0.07310188698240708,-0.30599265646674073,-0.18202049995902747,0.16067174706310697
3.94,8,0.08194242100099025,0.5605856844806285,-0.08015988449662459,-0.017345202082012602,-0.18939186200440847,-0.06826968332528797,0.11178629793326929,0.07387147592673304,-0.32845459712271585,-0.23634036344148085,0.1473190008941946
3.9450000000000003,8,0.08694242100099059,0.5947917573323137,-0.0805054283692337,-0.016789447575423673,-0.1890207158889594,-0.06996555042951533,0.11047123428798256,0.07457660957475638,-0.349674023443633,-0.28945981908164853,0.13488580476967232
3.95,8,0.09194242100099048,0.6289978301839958,-0.0808597112254723,-0.016240926433271727,-0.18864619576045905,-0.0717641299944586,0.10889420457454607,0.07522182832011341,-0.36951731060507537,-0.3410763754658108,0.12334921605532966
3.955,8,0.09694242100099038,0.663203903035678,-0.08122322886913438,-0.015700928439275855,-0.18826859008142233,-0.07365820726225954,0.10706347951777404,0.07581155784326958,-0.38785083378263224,-0.3908875411802631,0.1126862921169527
3.96,8,0.10194242100099027,0.6974099758873602,-0.08159643935991434,-0.015170698242388488,-0.18788816547274492,-0.07563989935093766,0.10498884229954923,0.07635010911151918,-0.4045409681518906,-0.43859082481129513,0.10287409032032903
3.9650000000000003,8,0.1069424210009906,0.7316160487390454,-0.08197975967278641,-0.0146514277945099,-0.18750516728726882,-0.0777006552543907,0.10268158855882284,0.07684167837898546,-0.4194540888884389,-0.4838837349452009,0.09388966803124527
3.97,8,0.1119424210009905,0.7658221215907275,-0.08237356235738386,-0.014144248788203096,-0.18711982018334847,-0.0798312558423936,0.1001545263916152,0.07729034718662055,-0.43245657116786124,-0.5264637801682623,0.08571008261549032
3.975,8,0.11694242100099039,0.8000281944424097,-0.08277817219737867,-0.013650225094408152,-0.1867323286984164,-0.08202181386059997,0.09742197635101459,0.07770008236220555,-0.44341479016574675,-0.5660284690667735,0.0783123914388508
3.98,8,0.12194242100099029,0.8342342672940919,-0.08319386286986075,-0.01317034520015709,-0.1863428778225492,-0.08426177393054106,0.09449977144717801,0.07807473602035053,-0.4521951210576822,-0.6022753102270247,0.07167365186711408
3.985,8,0.12694242100099018,0.868440340145774,-0.08362085360471731,-0.012705514646288468,-0.18595163357203331,-0.08653991254962609,0.09140525714733108,0.07841804556249449,-0.4586639390192548,-0.6349018122353063,0.06577092126606783
3.99,8,0.13194242100099052,0.9026464129974592,-0.08405930584401242,-0.012256548465162012,-0.18555874356293087,-0.08884433809114242,0.0881572913757676,0.07873363367690536,-0.46268761922605184,-0.6636054836779098,0.0605812570014986
3.995,8,0.1369424210009904,0.9368524858491414,-0.08450931990136609,-0.01182416361837342,-0.18516433758464568,-0.09116249080425473,0.08477624451385082,0.07902500833867993,-0.46413253685365985,-0.6880838331411211,0.05608171643919489
4.0,8,0.1419424210009903,0.9710585587008235,-0.08497093162133401,-0.011408971434468786,-0.18476852817348896,-0.09348114281400625,0.0812839994000117,0.07929556280974405,-0.4628650670776664,-0.7080343692112321,0.05224935694494366
4.005,9,0.0007695463281232051,0.006822089827971286,-0.08544410903879221,-0.011011470046668888,-0.18437141118624506,-0.095786398156921,0.07770395126812561,0.07954857563992776,-0.458751770133364,-0.7231549207905918,0.049061241474256966
4.01,9,0.0057695463281230985,0.05114749025323923,-0.08592874916809246,-0.010632037055210394,-0.18397306636981742,-0.0980638050930683,0.07406081334885581,0.07978721405934948,-0.45173645487329284,-0.7332770248334796,0.046496766275716875
4.015,9,0.010769546328122992,0.09547289067850719,-0.08642467695495089,-0.010270925933117887,-0.18357355786554927,-0.10029915965474673,0.07037922602366953,0.08001455824958889,-0.4419593090689576,-0.7385721265492277,0.04454125921955486
4.0200000000000005,9,0.015769546328123774,0.139798291103783,-0.08693164832683155,-0.009928269525976603,-0.18317293458974918,-0.10247908002008244,0.06668276265332125,0.08023361869263122,-0.42959126505918377,-0.7392648862900489,0.04318097681509538
4.025,9,0.020769546328123667,0.18412369152905095,-0.08744935443874303,-0.009604085620822584,-0.1827712305781097,-0.10459103902889452,0.06299387329680639,0.08044733715300825,-0.41480325518280375,-0.7355799644081574,0.042402175571663564
4.03,9,0.02576954632812356,0.2284490919543189,-0.08797742594654759,-0.009298282562651123,-0.18236846532929413,-0.10662336418269741,0.05933388471135733,0.08065858667779843,-0.3977662117786435,-0.7277420212557671,0.042191111998583775
4.035,9,0.030769546328123454,0.27277449237958684,-0.08851543728026912,-0.009010664870925809,-0.18196464414852404,-0.10856523764469928,0.05572300035244602,0.08087017159662688,-0.37865106718553115,-0.7159757171850918,0.04253404260518064
4.04,9,0.03576954632812335,0.3170998928048548,-0.08906291091740184,-0.008740938856087274,-0.18155975849116654,-0.11040669623980244,0.05218030037378336,0.08108482752166525,-0.3576287537422945,-0.7005057125483453,0.04341722390077883
4.045,9,0.04076954632812324,0.36142529323012274,-0.08961932165621875,-0.008488718236062,-0.18115378630632153,-0.11213863145460332,0.04872374162731914,0.08130522134763186,-0.33487020378776167,-0.6815566676977411,0.04482691239470298
4.05,9,0.045769546328123134,0.4057506936553907,-0.09018410088907997,-0.008253529752771127,-0.18074669238040894,-0.11375278943739255,0.04537015766324216,0.08153395125179168,-0.3105463496607605,-0.6593532429854934,0.046749364596277744
4.055,9,0.05076954632812303,0.45007609408065863,-0.0907566408757414,-0.008034818788639245,-0.180338428680756,-0.1152417709981548,0.04213525872998007,0.08177354669395626,-0.284828123700119,-0.6341200987638154,0.04917083701482775
4.0600000000000005,9,0.05576954632812381,0.49440149450593446,-0.09133629901666314,-0.007831954983103177,-0.17992893469918442,-0.1165990316085692,0.03903363177419896,0.08202646841648382,-0.2578864582446603,-0.606081895384916,0.05207758615967823
4.065,9,0.0607695463281237,0.5387268949312024,-0.09192240212631766,-0.007644237849120927,-0.17951813779559803,-0.11781888140200829,0.036078740440805473,0.0822951084442791,-0.22989228563322195,-0.5754632932010186,0.055455868540152775
4.07,9,0.0657695463281236,0.5830522953564704,-0.09251425070649882,-0.007470902389680258,-0.1791059535415695,-0.11889648517353944,0.03328292507294354,0.08258179008479358,-0.2010165382046272,-0.5424889525643325,0.059291940665576505
4.075,9,0.07076954632812349,0.6273776957817383,-0.09311112321962992,-0.007311124714307653,-0.17869228606392795,-0.11982786237992396,0.03065740271199656,0.08288876792802533,-0.1714301482977042,-0.5073835338270715,0.06357205904527408
4.08,9,0.07576954632812338,0.6717030962070063,-0.09371228036207234,-0.007164027655577084,-0.17827702838834616,-0.12060988713961729,0.028212267097586872,0.08321822784651899,-0.14130404825128068,-0.4703716973414488,0.06828248018857017
4.085,9,0.08076954632812328,0.7160284966322742,-0.09431696933743396,-0.007028686385618807,-0.17786006278292787,-0.12124028823276897,0.025956488667575755,0.08357228699536588,-0.11080917040418481,-0.4316781034596787,0.07340946060478935
4.09,9,0.08576954632812317,0.7603538970575422,-0.09492442812987764,-0.00690413403262818,-0.17744126110179492,-0.12171764910122271,0.023897914558063407,0.08395299381220393,-0.08011644709524432,-0.39152741253397455,0.07893925680325638
4.095,9,0.09076954632812306,0.8046792974828101,-0.09553388977742969,-0.006789367297374461,-0.1770204851286746,-0.12204140784851637,0.022043268603388965,0.08436232801721771,-0.04939681066328761,-0.3501442849165504,0.08485812529329576
4.1,9,0.09576954632812296,0.8490046979080781,-0.09614458664528835,-0.006683352069709616,-0.17659758692048694,-0.12221185723988191,0.020398151336130477,0.08480220061313837,-0.01882119344714216,-0.3077533809596199,0.09115232258423227
4.105,9,0.10076954632812374,0.8933300983333539,-0.09675575469913238,-0.006585029045077103,-0.17617240915093188,-0.1222301447022455,0.018967039987104754,0.0852744538852438,0.011439472214369086,-0.2645793610153889,0.09780810518539168
4.11,9,0.10576954632812363,0.9376554987586219,-0.09736663777842905,-0.0064933193410207524,-0.1757447854540768,-0.12209827232422736,0.017753288485368175,0.08578086140135827,0.04121425398240749,-0.2208468854360865,0.10481172960609636
4.115,9,0.11076954632812352,0.9819808991838898,-0.0979764918697433,-0.006407130113693466,-0.17531454076794337,-0.12181909685614194,0.016759127458215367,0.08632312801185286,0.07033221951815036,-0.1767806145739193,0.11214945235567203
4.12,10,0.002967406876956069,0.017594838434558197,-0.098584589377277,-0.006325360173287182,-0.17488149167911965,-0.12139632504470321,0.015985666049110697,0.08690288812344463,0.0986287251984753,-0.13260275825032178,0.119805203062492
4.125,10,0.007967406876955963,0.047241663363073554,-0.09919022302366721,-0.006246905455385128,-0.17444544690417924,-0.12083429450030257,0.015432977307376965,0.08752162461813322,0.1260356980618023,-0.08849789549060516,0.1277271793480801
4.13,10,0.012967406876955856,0.07688848829158891,-0.09979270761506444,-0.006170663660085863,-0.1740062085613363,-0.12013743803093486,0.015100306921785522,0.08818047065197161,0.15256069081534301,-0.0446211361823752,0.1358355966613961
4.135,10,0.01796740687695575,0.10653531322010427,-0.10039138000670447,-0.006095538189911544,-0.17356357410793383,-0.11931014160269829,0.014986128569244375,0.08888015709918315,0.17821327723940905,-0.0011268026594537554,0.14404992263631214
4.14,10,0.022967406876955643,0.13618213814861962,-0.10098559886398133,-0.006020442008028959,-0.17311733835359813,-0.11835674331278943,0.015088144314992433,0.0896210121721605,0.20300303111431214,0.04183078274433727,0.15228962490670025
4.1450000000000005,10,0.027967406876956424,0.16582896307714026,-0.10157474442310287,-0.005944301496307863,-0.17266729547354817,-0.1172815333895031,0.015403284612599561,0.09040296142146584,0.22693952622036803,0.08409729769518348,0.16047417110643394
4.15,10,0.03296740687695632,0.19547578800565563,-0.10215821825174586,-0.005866060313379372,-0.17221324102190488,-0.11608875419223318,0.01592770830396633,0.09122552773583029,0.2500323363378798,0.12551841985924794,0.16852302886938234
4.155,10,0.03796740687695621,0.225122612934171,-0.10273544300971207,-0.005784683252694236,-0.17175497394499983,-0.1147826002114714,0.016656802619324354,0.09208783134215476,0.27229103524716347,0.16593982690271625,0.17635566582941897
4.16,10,0.042967406876956105,0.25476943786268635,-0.10330586220958342,-0.005699160100581227,-0.17129229859468487,-0.11336721806880812,0.017585183177236095,0.09298858980550938,0.29372519672853065,0.20520719649176672,0.18389154962041598
4.165,10,0.047967406876956,0.2844162627912017,-0.10386893997737749,-0.005608509494305485,-0.17082502674164088,-0.11184670651693217,0.01870669398459491,0.09392611802913362,0.31434439456229285,0.24316620629257735,0.1910501478762453
4.17,10,0.05296740687695589,0.3140630877197171,-0.10442416081320306,-0.005511782780126849,-0.1703529795886873,-0.11022511643963075,0.020014407436625043,0.09489832825443631,0.3341582025287618,0.2796625339713264,0.1977509282307791
4.175,10,0.057967406876955785,0.3437099126482324,-0.10497102935191559,-0.005408067871358213,-0.16987598978409102,-0.10850645085178957,0.02150062431688164,0.09590273006099564,0.3531761944082492,0.3145418571941917,0.2039133583178894
4.18,10,0.06296740687695568,0.3733567375767478,-0.10550907012377272,-0.005296493106423868,-0.1693939034348756,-0.10669466489939278,0.023156873797250725,0.09693643036655923,0.3714079439810667,0.34764985362735173,0.2094569057714483
4.1850000000000005,10,0.06796740687695646,0.4030035625052684,-0.10603782731508986,-0.005176231106917825,-0.16890658212013038,-0.10479366585952257,0.024973913437949545,0.09799613342704415,0.3888630250275286,0.3788322009369898,0.21430103822532853
4.19,10,0.07296740687695635,0.43265038743378376,-0.10655686452889525,-0.005046502635662247,-0.16841390490431998,-0.10280731314036068,0.02694172918752526,0.09907814083653631,0.40555101132794064,0.40793457678927275,0.2183652233134006
4.195,10,0.07796740687695625,0.46229721236229915,-0.10706576454558614,-0.004906580454765669,-0.16791577035059285,-0.10073941828118614,0.029049535382856893,0.10017835152729156,0.42148147666261754,0.43480265885038477,0.22156892866953742
4.2,10,0.08296740687695614,0.4919440372908145,-0.10756412908358376,-0.004755793183681427,-0.16741209853409084,-0.09859374495237695,0.03128577474915403,0.10129226176973487,0.436663994811871,0.45928212478650376,0.22383162192761102
4.205,10,0.08796740687695603,0.5215908622193298,-0.10805157855998901,-0.004593529157265978,-0.16690283305525827,-0.0963740089554094,0.03363811839995714,0.10241496517246063,0.45110813955601253,0.48121865226380806,0.22507277072149354
4.21,10,0.09296740687695593,0.5512376871478452,-0.1085277518512379,-0.004419240283837252,-0.16638794305315108,-0.09408387822285827,0.03609346583713761,0.10354115268223255,0.4648234846753537,0.5004579189484757,0.225211842685057
4.215,10,0.09796740687695582,0.5808845120763606,-0.1089923060537571,-0.004232445903232995,-0.1658674252187459,-0.09172697281839677,0.0386379449508977,0.10466511258398374,0.47781960395020645,0.5168456025066847,0.2241683054521734
4.22,10,0.10296740687695571,0.6105313370048759,-0.10944491624461934,-0.004032736644869113,-0.16534130580824935,-0.08930686493679658,0.04125691201977055,0.10578073050081661,0.490106071160882,0.5302273806046132,0.22186162665671494
4.225,10,0.10796740687695561,0.6401781619333913,-0.10988527524219897,-0.003819778285798022,-0.16480964265640707,-0.08682707890392782,0.04393495171062021,0.10688148939400301,0.5016924600876923,0.5404489309084393,0.21821127393255355
4.23,10,0.11296740687695639,0.6698249868619119,-0.11031309336682756,-0.003593315608766945,-0.16427252718981283,-0.08429109117675858,0.0466558770786421,0.10796046956298423,0.5125883445109508,0.5473559310843422,0.2131367149135604
4.235,10,0.11796740687695628,0.6994718117904273,-0.11072809820144895,-0.0033531762602764274,-0.16373008644021805,-0.08170233034335672,0.04940272956736108,0.10901034864537049,0.5228032982109648,0.5507940587984973,0.2065574172336092
4.24,10,0.12296740687695618,0.7291186367189426,-0.11113003435227538,-0.003099274608638439,-0.1631824850578404,-0.07906417712288726,0.05215777900863435,0.11002340161694181,0.5323468949680485,0.5506089917170847,0.19839284852657138
4.245,10,0.12796740687695607,0.758765461647458,-0.11151866320944252,-0.0028316156020348777,-0.16262992732467332,-0.07637996436561405,0.054902523622649496,0.11099150079164746,0.5412287085625133,0.5466464075062821,0.18856247642631893
4.25,10,0.13296740687695596,0.7884122865759734,-0.11189376270766514,-0.002550298626575873,-0.1620726591677951,-0.07365297705289942,0.05761769001792504,0.11190611582160606,0.5494583127746708,0.5387519838322677,0.17698576856672385
4.255,10,0.13796740687695586,0.8180591115044887,-0.11225512708689259,-0.002255521364358141,-0.16151097017267796,-0.07088645229720411,0.060283233191310334,0.11275831369710555,0.5570452813848327,0.5267713983612198,0.16358219258165838
4.26,10,0.14296740687695575,0.8477059364330041,-0.11260256665296418,-0.001947583651523318,-0.16094519559649728,-0.06808357934208735,0.06287833652798569,0.11353875874660327,0.5639991881733107,0.5105503287593165,0.1482712161049944
4.265,10,0.14796740687695564,0.8773527613615194,-0.11293590753826488,-0.0016268913363163126,-0.1603757183814408,-0.06524749956220675,0.06538141180146227,0.11423771263672593,0.5703296069204162,0.4899344526927357,0.1309723067706041
4.2700000000000005,10,0.15296740687695642,0.9069995862900401,-0.11325499146238066,-0.0012939601371435945,-0.15980297116801748,-0.06238130646331791,0.06777009917358254,0.11484503437226963,0.576046111406462,0.464769447827651,0.11160493221235578
4.275,10,0.15796740687695632,0.9366464112185554,-0.11355967549275389,-0.0009494195006317695,-0.15922743830836728,-0.059488045682276336,0.07002126719451858,0.1153501802961996,0.5811582754117574,0.43490099183024916,0.0900885600641286
4.28,10,0.1629674068769562,0.9662932361470707,-0.11384983180533914,-0.0005940164596855762,-0.15864965787956956,-0.05657071498703451,0.0721110128027747,0.11574220408965072,0.5856756727166152,0.4001747623667042,0.06634265795979118
4.285,10,0.1679674068769561,0.9959400610755862,-0.11412534744525837,-0.0002286194915464652,-0.15807022369695264,-0.053632264276643825,0.07401466132518561,0.1160097567719271,0.5896078771013472,0.36043643710319445,0.04028669353321552
4.29,11,0.00431528267627268,0.03939443038628631,-0.11438612408617993,0.0001457776977393055,-0.15748978728874546,-0.050675594101965024,0.07570685174384237,0.11614113149194354,0.5929658335556519,0.31561073086941493,0.011881653312594
4.295,11,0.009315282676272574,0.08503967930925183,-0.11463207773751262,0.0005280553967926571,-0.15690905829063242,-0.047703530940290305,0.07716296187869671,0.11612501218877058,0.5957687954033968,0.26610125484223496,-0.018659907849011035
4.3,11,0.014315282676272467,0.13068492823221736,-0.11486313827860282,0.0009169770840228521,-0.15632879960211646,-0.0447187938620078,0.07836102973689467,0.11595148289278358,0.5980391288051744,0.2124910455930525,-0.051031181412520346
4.305,11,0.01931528267627236,0.17633017715518287,-0.11507924890450791,0.0013112037195159875,-0.15574981986550665,-0.04172399008025123,0.07928201003311915,0.11561216247798059,0.5997992053994251,0.1553634554390409,-0.08492519297491322
4.3100000000000005,11,0.024315282676273142,0.2219754260781565,-0.11528036556670548,0.0017093083288356127,-0.15517296579156192,-0.03872161494996162,0.07990977424363904,0.11510020469037459,0.6010713968245893,0.09530183669736246,-0.12003496813317541
4.315,11,0.029315282676273036,0.267620675001122,-0.11546645641380227,0.002109790586830371,-0.15459911448513144,-0.03571405196788934,0.08023111060630875,0.11441029814799404,0.6018780747191071,0.0328895416852118,-0.15605353248427364
4.32,11,0.03431528267627293,0.31326592392408753,-0.11563750123224334,0.002511091401442357,-0.1540291657707939,-0.03270357277259102,0.08023572412056897,0.11353866634088218,0.6022416107214188,-0.031290077280248185,-0.19267391162519346
4.325,11,0.03931528267627282,0.35891117284705304,-0.11579349088702107,0.002911607497514761,-0.15346403451849777,-0.029692337144431563,0.07991623654744606,0.11248306763109747,0.6021843764699646,-0.09665366788184426,-0.22958913115291418
4.33,11,0.044315282676272716,0.4045564217700186,-0.11593442676238418,0.003309706000599872,-0.15290464296920128,-0.026682393005583706,0.07926818640955227,0.11124279525271347,0.601728743603185,-0.16261787780240336,-0.2664922166644152
4.335,11,0.04931528267627261,0.4502016706929841,-0.11606032020254674,0.003703739020767002,-0.15235191306051218,-0.02367567642002798,0.07829002899108574,0.10981867731181878,0.6008970837595201,-0.22859935472475187,-0.3030761937566756
4.34,11,0.0543152826762725,0.4958469196159496,-0.11617119195239727,0.004092058236410421,-0.1518067587523278,-0.020674011593552713,0.07698313633783042,0.1082130767865172,0.5997117685774103,-0.29401474633171687,-0.3390340880266752
4.345,11,0.059315282676272396,0.5414921685389151,-0.11626707159820773,0.004473029478057281,-0.15127007835247486,-0.01767911087375401,0.07535179725715624,0.10642989152692757,0.5981951696952958,-0.358280700306125,-0.3740589250713928
4.3500000000000005,11,0.06431528267627318,0.5871374174618887,-0.11634799700834263,0.004845047312175616,-0.15074274684234937,-0.014692574750035292,0.07340321731801845,0.1044745542551835,0.5963696587516166,-0.420813864330814,-0.4078437304878139
4.355,11,0.06931528267627307,0.6327826663848543,-0.11641401377396793,0.005206549624982004,-0.15022560820255695,-0.011715891853609316,0.07114751885095937,0.10235403256543472,0.5942576073848136,-0.4810308860885881,-0.4400815298729059
4.36,11,0.07431528267627296,0.6784279153078199,-0.11646517464976025,0.005556032206249895,-0.1497194677385521,-0.008750438957495086,0.06859774094810611,0.1000768289238451,0.5918813872333267,-0.5383484132622858,-0.470465348823654
4.365,11,0.07931528267627286,0.7240731642307854,-0.11650153899461578,0.005892063333117273,-0.14922508440627863,-0.00579748097651991,0.06576983946317204,0.0976529806685939,0.5892633699355964,-0.5921830935347335,-0.4986882129370377
4.37,11,0.08431528267627275,0.7697184131537509,-0.11652317221235942,0.006213298353894654,-0.1487431631378093,-0.0028581709673189105,0.06268268701145628,0.09509406000987547,0.5864259271300627,-0.641951574588758,-0.5244431478100363
4.375,11,0.08931528267627264,0.8153636620767164,-0.11653014519245368,0.006518494271873017,-0.14827434716698598,6.644987166498548e-05,0.05935807296984392,0.09241317402989932,0.5833914304551661,-0.6870705041071858,-0.547423179039629
4.38,11,0.09431528267627254,0.8610089109996819,-0.11652253375070788,0.006806524329131728,-0.14781921035505938,0.0029754522001810826,0.05582070347680586,0.08962496468289001,0.5801822515493467,-0.7269565297728445,-0.5673213322227953
4.385,11,0.09931528267627243,0.9066541599226474,-0.1165004180699871,0.007076392590346472,-0.14737824951632908,0.005868018536170863,0.05209820143239887,0.08674560879508725,0.5768207620510448,-0.7610262992685597,-0.5838306329565147
4.39,11,0.10431528267627233,0.9522994088456129,-0.11646388214092117,0.007327248526597184,-0.14695187674378343,0.008743443255767995,0.048221106498265616,0.08379281806474577,0.5733293335987009,-0.7886964602771592,-0.5966441068377661
4.3950000000000005,11,0.1093152826762731,0.9979446577685865,-0.11641301320261385,0.007558401599176017,-0.14654041173473936,0.011601132593298912,0.044222875097633875,0.08078583906213498,0.5697303378307543,-0.8093836604814723,-0.6054547794635304
4.4,12,0.004774856936930583,0.040557261879084205,-0.11634790118815194,0.0077693356746184085,-0.14614407420759987,0.014440599614782073,0.04013970368050132,0.07774535781602257,0.5660419355801605,-0.8226526021098626,-0.610035606380442
4.405,12,0.009774856936930476,0.0830268713509386,-0.11626863831389969,0.00795971838415533,-0.1457629790479573,0.017261401069730332,0.03600830839350964,0.07469230112791496,0.5622630052810957,-0.8287459685506303,-0.6105255636432114
4.41,12,0.01477485693693037,0.125496480822793,-0.1161753190669442,0.008129396483934582,-0.14539713901243792,0.020063067724576535,0.031863475559872,0.07164651415392313,0.5583869091722047,-0.8281003960653166,-0.6071683363064471
4.415,12,0.019774856936930263,0.16796609029464737,-0.11606804036351775,0.008278385203577085,-0.1450464706780529,0.022845097154764578,0.027737808244762747,0.06862662358346011,0.5544070090507035,-0.8211525364363446,-0.600207617803989
4.42,12,0.024774856936930156,0.21043569976650175,-0.11594690171495299,0.00840685732988235,-0.14471080053453442,0.02560695374472446,0.023661726254444116,0.0656500376387698,0.5503166667138086,-0.808339041446138,-0.5898871015696774
4.425,12,0.02977485693693005,0.25290530923835614,-0.11581200539363792,0.008515132290533918,-0.1443898710766712,0.02834806868787225,0.019663466136266225,0.06273294607492684,0.5461092439587362,-0.7900965628771196,-0.5764504810373521
4.43,12,0.03477485693692994,0.29537491871021054,-0.11566345659897101,0.008603665237804802,-0.14408334689664462,0.031067839986610103,0.015769081178667068,0.059890320179836684,0.5417781025827028,-0.766861752511713,-0.5601414496408534
4.4350000000000005,12,0.039774856936930725,0.3378445281820725,-0.11550136362331623,0.008673036132262932,-0.14379082077636435,0.033765632452326735,0.012002441411171875,0.057135912774235145,0.5373166043829237,-0.7390712621323359,-0.5412037008140178
4.44,12,0.04477485693693062,0.38031413765392685,-0.11532583801795819,0.008723938826476558,-0.1435118197798045,0.03644077770539549,0.008385233604395758,0.054482258211690275,0.5327181111566172,-0.7071617435214218,-0.5198809279906923
4.445,12,0.04977485693693051,0.42278374712578126,-0.11513699475905714,0.00875717014871975,-0.1432458113453391,0.03909257417517727,0.004936961270039671,0.05194067237859942,0.5279759847009985,-0.6715698484613893,-0.4964168246047137
4.45,12,0.054774856936930405,0.46525335659763567,-0.11493495241360405,0.008773618986677797,-0.1429922093780781,0.041720287100018544,0.00167494466089316,0.04952125269419126,0.523083586813284,-0.6327322287346617,-0.471055084089922
4.455,12,0.0597748569369303,0.5077229660694901,-0.1147198333053757,0.008774255371152655,-0.14275038034220333,0.04432314852725187,-0.0013856792291663644,0.04723287811052526,0.5180342792906903,-0.5910855361236623,-0.4440393998801575
4.46,12,0.06477485693693019,0.5501925755413444,-0.11449176368088974,0.008760119559768383,-0.1425196493533042,0.04690035731319589,-0.00423195666517358,0.04508320911249168,0.5128214239304336,-0.5470664224108145,-0.41561346540926036
4.465,12,0.06977485693693009,0.5926621850131988,-0.11425087387535977,0.00873231112067659,-0.14229930627071355,0.04945107912315534,-0.006853117171075336,0.04307868771781157,0.5074383825297302,-0.5011115393785411,-0.38602097411107045
4.47,12,0.07477485693692998,0.6351317944850532,-0.11399729847865041,0.00869197801626187,-0.1420886117898436,0.05197444643142103,-0.009240573529730546,0.041224537477036804,0.5018785168857963,-0.45365753880926624,-0.3555056194194281
4.4750000000000005,12,0.07977485693693076,0.6776014039569151,-0.11373117650123228,0.008640305686847231,-0.1418868035345217,0.054469558521270285,-0.011387921782910638,0.039524763473549766,0.49613518879584756,-0.4051410724854035,-0.32431109476816755
4.48,12,0.08477485693693065,0.7200710134287696,-0.11345265154013733,0.008578506134399574,-0.1416931021493263,0.05693548148496519,-0.013290941231297992,0.037982152323564514,0.4902017600571021,-0.3559987921893942,-0.29268109359114025
4.485,12,0.08977485693693055,0.762540622900624,-0.11316187194491353,0.008507807006235078,-0.14150671739192255,0.05937124822375524,-0.014947594434488285,0.03659827217612498,0.48407159246677534,-0.30666734970365234,-0.26085930932218065
4.49,12,0.09477485693693044,0.8050102323724783,-0.11285899098358028,0.008429440678724674,-0.1413268542253984,0.06177585844787556,-0.016358027210988925,0.03537347271310624,0.4777380478220837,-0.2575833968106024,-0.22908943539512924
4.495,12,0.09977485693693033,0.8474798418443327,-0.11254416700858326,0.00834463334099947,-0.14115271891060033,0.06414827867654739,-0.017524568638219443,0.034306885149214164,0.4711944879202434,-0.20918358529266673,-0.19761516524382566
4.5,12,0.10477485693693023,0.8899494513161871,-0.11221756362274961,0.008254594078656207,-0.1409835250984692,0.066487442237978,-0.01845173105251144,0.03339642223198538,0.46443427455847075,-0.16190456693226873,-0.16668019230211006
4.505,12,0.10977485693693012,0.9324190607880415,-0.11187934984524296,0.00816050395746268,-0.14081849992237613,0.06879224926936081,-0.0191462100491087,0.032638778241787375,0.4574507695339822,-0.11618299351183183,-0.13652821000382284
4.51,12,0.11477485693693001,0.9748886702598959,-0.11152970027751852,0.008063505107063183,-0.14065689009045834,0.07106156671687523,-0.01961688448216704,0.032029428991818404,0.4502373346439941,-0.07245551681377918,-0.10740291178280365
4.515,13,0.0020436118847824147,0.004387521019302409,-0.11116879526923955,0.007964689805854281,-0.14049796797731523,0.07329422843009999,-0.019874813601451748,0.031562633393200944,0.44278751648233566,-0.031153184225284593,-0.07954492768652634
4.5200000000000005,13,0.007043611884783196,0.015122242841910712,-0.11079682106565605,0.007865090128059209,-0.14034103740840434,0.07548904801351208,-0.01993284730018264,0.031231646495173522,0.4351016887815331,0.007500006027549687,-0.05308171380716611
4.525,13,0.01204361188478309,0.025856964664517108,-0.11041396979270349,0.007765672512342697,-0.1401854367543026,0.07764486703759436,-0.019804163998892312,0.03102951868401512,0.42718889288797485,0.04354292165075722,-0.027997042596273985
4.53,13,0.017043611884782983,0.036591686487123506,-0.11002043925027741,0.007667338147918654,-0.14003053884510033,0.07976057466344462,-0.019501675482715523,0.030949421001523366,0.41905872962614477,0.07703139784969401,-0.00426541199783672
4.535,13,0.022043611884782877,0.0473264083097299,-0.10961643267245764,0.007570924363015398,-0.13987575033690336,0.08183510805628273,-0.019038014360760257,0.03098465199977601,0.410720799820528,0.10802126982970889,0.018138680044154042
4.54,13,0.02704361188478277,0.0580611301323363,-0.10920215848748761,0.007477206020755772,-0.13972051107428132,0.08386745238545097,-0.018425534066107748,0.031128637741130838,0.40218470429560976,0.13656837279615075,0.03924073558570672
4.545,13,0.03204361188478266,0.0687958519549427,-0.10877783007775373,0.0073868969150372825,-0.1395642934527164,0.08585664082441405,-0.017676308855812485,0.03137493179822568,0.3934600438758751,0.16272854195436845,0.05906625668282973
4.55,13,0.03704361188478256,0.07953057377754909,-0.10834366553976475,0.0073006511664122295,-0.13940660178105188,0.08780175455075909,-0.01680213381090222,0.03171721525397842,0.3845564193858091,0.1865576125097109,0.0776407453915314
4.555,13,0.04204361188478245,0.09026529560015549,-0.10789988744413123,0.007219064617967842,-0.13924697164394076,0.08970192274619565,-0.01581452483637796,0.03214929670158696,0.3754834316498971,0.20811141966752686,0.09498970376782023
4.5600000000000005,13,0.04704361188478323,0.1010000174227638,-0.10744672259554475,0.007142676231206394,-0.13908496926429434,0.09155632259655604,-0.014724718661213759,0.03266511224452936,0.36625068149262247,0.22744579863316866,0.11113863386770725
4.565,13,0.052043611884783125,0.11173473924537018,-0.1069844017927577,0.007071969481925401,-0.13892019086573087,0.09336417929179401,-0.01354367283835752,0.03325872549656343,0.3568677697384736,0.24461658461197808,0.12611303774719523
4.57,13,0.05704361188478302,0.12246946106797658,-0.10651315958856214,0.007007373756097662,-0.13875226203502405,0.09512476602598673,-0.012282065744729826,0.03392432758172731,0.34734429721193416,0.25967961280930774,0.13993841746229554
4.575,13,0.06204361188478291,0.13320418289058297,-0.1060332340497695,0.006949265745751455,-0.13858083708455177,0.09683740399733343,-0.010950296581224716,0.03465623713433907,0.33768986473748913,0.2726907184305065,0.15264027506901645
4.58,13,0.0670436118847828,0.14393890471318938,-0.10554486651718993,0.0068979708448506545,-0.1384055984147445,0.09850146240815584,-0.00955848537270946,0.03544890029899682,0.3279140731396238,0.2837057366809233,0.16424411262336647
4.585,13,0.0720436118847827,0.15467362653579578,-0.10504830136561165,0.006853764545174865,-0.13822625587653417,0.10011635846489804,-0.0081164729680246,0.036296890730578756,0.3180265232428232,0.29278050276590684,0.17477543218135402
4.59,13,0.07704361188478259,0.16540834835840218,-0.10454378576378039,0.006816873832199557,-0.13804254613380249,0.10168155737812659,-0.0066338210399839274,0.03719490959424306,0.3080368158715726,0.29997085189080613,0.18425973579898736
4.595,13,0.08204361188478249,0.17614307018100855,-0.10403156943437868,0.006787478580976196,-0.13785423202582978,0.10319657236253042,-0.005119812085374497,0.03813778556542801,0.2979545518503571,0.3053326192609701,0.192722525532275
4.6000000000000005,13,0.08704361188478327,0.18687779200361687,-0.10351190441400526,0.006765712952012379,-0.13766110192974335,0.1046609646369212,-0.0035834494249563304,0.03912047482985206,0.2877893320036599,0.30892164008174783,0.2001893034372266
4.605,13,0.09204361188478316,0.19761251382622327,-0.10298504481315476,0.0067516667871519755,-0.1374629691229664,0.10607434342423223,-0.0020334572034635375,0.04013806108351319,0.27755075715596994,0.31079374955848726,0.20668557156984774
4.61,13,0.09704361188478305,0.20834723564882968,-0.10245124657619656,0.006745387005455244,-0.13725967114566628,0.10743636595152001,-0.00047828038960266207,0.04118575553268996,0.2672484281317705,0.31100478289653777,0.2122368319861484
4.615,13,0.10204361188478295,0.21908195747143605,-0.10191076724135456,0.006746878999078982,-0.13705106916320328,0.10874673744996319,0.0010739152239462055,0.04225889689394078,0.2568919457555468,0.3096105753012484,0.21686858674213685
4.62,13,0.10704361188478284,0.22981667929404245,-0.10136386570068642,0.006756108029156651,-0.13683704732857926,0.11000521115486285,0.002615243020529764,0.043352951394104104,0.24649091085178382,0.3066669619779681,0.2206063378938216
4.625,13,0.11204361188478273,0.24055140111664886,-0.10081080196006305,0.006773000621678514,-0.1366175121448861,0.11121158830564254,0.004138095559521418,0.044463512770298454,0.2360549242449668,0.3022297781320456,0.2234755874972111
4.63,13,0.11704361188478263,0.25128612293925523,-0.10025183689914788,0.006797445963371766,-0.13639239182775448,0.11236571814584818,0.005635144576321332,0.04558630226992236,0.22559358675958094,0.2963548589688297,0.2255018376083135
4.635,13,0.12204361188478252,0.26202084476186166,-0.09968723203137632,0.006829297297580672,-0.1361616356678023,0.11346749792314817,0.0070993409823564176,0.046717168650654416,0.21511649922011128,0.2890980396936694,0.22671059028313728
4.64,13,0.12704361188478241,0.27275556658446803,-0.09911724926393517,0.006868373320146698,-0.1359252133930834,0.11451687288933325,0.008523914865080312,0.04785208818045323,0.20463326245104313,0.2805151555119136,0.22712734757769096
4.6450000000000005,13,0.1320436118847832,0.28349028840707635,-0.09854215065774181,0.006914459575288651,-0.13568311453153611,0.11551383630031688,0.00990237548797367,0.0489871646375577,0.19415347727685958,0.27066204162890933,0.2267776115479828
4.65,13,0.1370436118847831,0.2942250102296827,-0.09796219818742409,0.0069673098514827884,-0.135435347773432,0.11645842941613428,0.011228511290543102,0.05011862931048613,0.18368674452204967,0.25959453325000864,0.22568688425002117
4.655,13,0.14204361188478298,0.30495973205228916,-0.09737765350129907,0.007026647577342985,-0.13518194033382414,0.11735074150094375,0.012496389888322771,0.05124284099803747,0.17324266501109653,0.2473684655805594,0.22388066773981458
4.66,13,0.14704361188478288,0.31569445387489553,-0.09678877768135279,0.007092167217500852,-0.13492293731499602,0.11819090982302578,0.013700358072873302,0.0523562860092905,0.16283083956848543,0.23403967382590993,0.2213844640733716
4.665,13,0.15204361188478277,0.3264291756975019,-0.09619583100321961,0.007163535668485865,-0.13465840106891006,0.1189791196547833,0.014835041811782062,0.05345557816360408,0.15246086901870148,0.21966399319140933,0.21822377530670023
4.67,13,0.15704361188478266,0.33716389752010834,-0.09559907269616155,0.007240393654605512,-0.13438841055965606,0.11971560427274162,0.01589534624866319,0.05453745879061709,0.1421423541862298,0.20429725888240619,0.21442410349580895
4.675,13,0.16204361188478256,0.3478986193427147,-0.09499876070304769,0.007322357123825404,-0.1341130607259001,0.12040064495754856,0.0168764557031575,0.05559879673024844,0.1318848958955556,0.18799530610425005,0.21001095069670647
4.68,13,0.16704361188478245,0.35863334116532114,-0.09439515144033361,0.007409018643649437,-0.1338324618433328,0.12103457099397429,0.01777383367093262,0.056636588332697115,0.1216980949711639,0.17081397006228896,0.20500981896540094
4.6850000000000005,13,0.17204361188478323,0.3693680629879294,-0.09378849955804058,0.007499948796999923,-0.13354673888711815,0.12161775967091154,0.01858322282368303,0.057647957458442256,0.11159155223753824,0.15280908596186896,0.19944621035789978
4.69,13,0.17704361188478313,0.38010278481053583,-0.09317905769973543,0.007594697578097661,-0.13325603089434215,0.12215063628137518,0.019300645009129598,0.05863015547824258,0.10157486851916721,0.13403648900834558,0.19334562693021315
4.695,13,0.18204361188478302,0.3908375066331422,-0.09256707626250932,0.007692795788342176,-0.13296049032646115,0.12263367412250276,0.019922401251020225,0.05958056127313738,0.09165764464053426,0.11455201440706424,0.18673357073834912
4.7,13,0.1870436118847829,0.40157222845574864,-0.09195280315695745,0.007793756432191778,-0.13266028243175068,0.1230673944955542,0.020445071749129514,0.06049668123444577,0.0818494814261244,0.09441149736337306,0.17963554383831523
4.705,13,0.1920436118847828,0.412306950278355,-0.09133648356715851,0.00789707611304372,-0.13235558460775393,0.12345236670591182,0.02086551587925885,0.0613761492637669,0.07215997970042291,0.07367077308262254,0.17207704828612053
4.71,13,0.1970436118847827,0.4230416721009614,-0.09071835971065391,0.00800223642911433,-0.13204658576373043,0.1237892080630804,0.021180872193236222,0.06221672677298001,0.06259874028791496,0.052385676770160594,0.16408358613777316
4.715,13,0.2020436118847826,0.4337763939235678,-0.09009867059842724,0.008108705369319139,-0.13173348568310464,0.1240785838806871,0.02138855841891649,0.06301630268424437,0.053175364013085466,0.030612043631335913,0.15568065944928156
4.72,13,0.20704361188478249,0.4445111157461742,-0.08947765179488365,0.008215938709153018,-0.13141649438591443,0.12432120747648154,0.021486271460181203,0.06377289342999924,0.04389945170041986,0.008405708871497681,0.1468937702766543
4.7250000000000005,13,0.21204361188478327,0.4552458375687825,-0.08885553517782913,0.008323381406570338,-0.1310958314912598,0.12451784017233572,0.021471987396938695,0.06448464295296412,0.03478060417440159,-0.014177492304008993,0.13774842067589785
4.73,13,0.21704361188478316,0.4659805593913889,-0.08823254869845035,0.00843046899786502,-0.13077172557975164,0.12466929129424412,0.02134396148512391,0.06514982270613813,0.02582842225951895,-0.0370817246898275,0.12827011270302396
4.735,13,0.22204361188478305,0.4767152812139953,-0.08760891614129333,0.008536628993550779,-0.13044441355595987,0.1247764181723236,0.021100728156698795,0.06576683165280081,0.017052506780255522,-0.06025115308061349,0.11848434841403915
4.74,13,0.22704361188478295,0.4874500030366017,-0.08698485688424334,0.008641282274241189,-0.13011414001086247,0.12484012614081352,0.02074110101965178,0.06633419626651164,0.008462458561096413,-0.08362994227101726,0.10841662986495235
4.745,13,0.23204361188478284,0.49818472485920806,-0.08636058565850416,0.008743844486529831,-0.12978115658429387,0.12486136853807557,0.0202641728579982,0.06685057053111015,6.787842652685733e-05,-0.10716225705568938,0.09809245911177171
4.75,13,0.23704361188478273,0.5089194466818144,-0.08573631230857742,0.008843727438870446,-0.1294457213273936,0.12484114670659391,0.019669315631780024,0.06731473594071585,-0.008121632798968038,-0.1307922622292832,0.08753733821050541
4.755,13,0.24204361188478263,0.5196541685044209,-0.08511224155224204,0.008940340497457025,-0.12910809806505494,0.12478050999297514,0.018956180477066112,0.0677256014997284,-0.016096474290903166,-0.15446412258644798,0.07677676921716212
4.76,13,0.24704361188478252,0.5303888903270273,-0.0844885727405336,0.009033091982103992,-0.12876855575837343,0.12468055574794829,0.01812469770595187,0.06808220372282739,-0.02384704522479335,-0.1781220029218358,0.06583625418775026
4.765,13,0.2520436118847824,0.5411236121496337,-0.08386549961772374,0.0091213905621263,-0.12842736786709552,0.12454242932636475,0.017175076806559664,0.06838370663497242,-0.03136374477615336,-0.2017100680300962,0.05474129517827825
4.7700000000000005,13,0.2570436118847832,0.5518583339722419,-0.08324321008129941,0.009204646652219605,-0.1280848117120671,0.12436732408719842,0.016107806443038226,0.0686294017714034,-0.03863697212049943,-0.22517248270588586,0.04351739424475222
4.775,13,0.2620436118847831,0.5625930557948484,-0.08262188594194271,0.00928227380834033,-0.12774116783768233,0.1241564813935456,0.014923654455563682,0.06881870817763992,-0.04565712643334396,-0.24845341174384816,0.03219005344318467
4.78,13,0.267043611884783,0.5733277776174548,-0.08200170268350965,0.009353690123585872,-0.12739671937433192,0.12391119061262497,0.013623667860338423,0.06895117240948188,-0.05241460689020285,-0.27149701993863673,0.02078477482958173
4.785,13,0.2720436118847829,0.5840624994400612,-0.08138282922300993,0.009418319624074727,-0.12705175140085195,0.12363278911577769,0.012209172849591575,0.06902646853300902,-0.05889981266659095,-0.2942474720849034,0.00932706045995258
4.79,13,0.27704361188478277,0.5947972212626675,-0.08076542767058624,0.00947559366482657,-0.12670655030697237,0.12332266227846732,0.01068177479157921,0.06904439812458134,-0.06510314293802327,-0.3166489329773,-0.002157587609694866
4.795,13,0.28204361188478266,0.6055319430852739,-0.08014965308949365,0.009524952325642428,-0.12636140315576558,0.12298224348027988,0.009043358230584076,0.06900489027083874,-0.07101499688001471,-0.3386455674104768,-0.013643667323352699
4.8,13,0.28704361188478256,0.6162666649078804,-0.07953565325607898,0.009565845806984836,-0.1260165970460952,0.12261301410492373,0.007296086886915536,0.06890800156870118,-0.07662577366808002,-0.3601815401790849,-0.02510567662501173
4.805,13,0.29204361188478245,0.6270013867304868,-0.07892356841976023,0.00959773582585791,-0.12567241847506447,0.12221650354022978,0.005442403656909771,0.06875391612536866,-0.08192587247773404,-0.3812010160777768,-0.0365181134586638
4.8100000000000005,13,0.29704361188478323,0.637736108553095,-0.07831353106300579,0.009620097011687527,-0.1253291527004649,0.12179428917815116,0.0034850306129295882,0.06854294555832123,-0.08690569248449243,-0.40164815990120495,-0.04785547576830252
4.815,13,0.3020436118847831,0.6484708303757014,-0.07770566566131437,0.009632418302201452,-0.12498708310322505,0.12134799641476376,0.0014269690033652466,0.06827552899531898,-0.09155563286386827,-0.42146713644401396,-0.05909226149791565
4.82,13,0.307043611884783,0.6592055521983079,-0.0771000884431936,0.00963420433930946,-0.12464649054985882,0.12087929865026563,-0.0007285007473671608,0.0679522330744021,-0.09586609279137763,-0.4406021105008608,-0.0702029685914968
4.825,13,0.3120436118847829,0.6699402740209143,-0.07649690715013996,0.009624976864983464,-0.12430765275491427,0.12038991728897724,-0.0029778190388245426,0.06757375194389073,-0.09982747144253495,-0.45899724686639265,-0.08116209499303731
4.83,13,0.3170436118847828,0.6806749958435206,-0.075896220796618,0.009604276117137676,-0.12397084364342216,0.1198816217393417,-0.00531714709453665,0.06714090726238513,-0.1034301679928553,-0.47659671033526496,-0.09194413864652899
4.835,13,0.3220436118847827,0.691409717666127,-0.07529811943003976,0.009571662225508721,-0.12363633271334454,0.11935622941392426,-0.007742366962006981,0.06665464819876556,-0.10666458161785346,-0.49334466570212643,-0.10252359749596293
4.84,13,0.3270436118847826,0.7021444394887334,-0.07470268389074416,0.00952671660753577,-0.12330438439802335,0.11881560572941285,-0.010249081512712132,0.06611605143219237,-0.10952111149304439,-0.5091852777616279,-0.11287496948533249
4.845,13,0.3320436118847825,0.7128791613113399,-0.07410998557197634,0.00946904336424067,-0.12297525742862905,0.11826166410661765,-0.012832614442101905,0.06552632115210578,-0.11199015679394295,-0.5240627113084207,-0.12297275255862745
4.8500000000000005,13,0.33704361188478327,0.7236138831339481,-0.07352008617986705,0.009398270676108114,-0.12264920419660913,0.1176963659704713,-0.015488010269599953,0.06488678905822609,-0.11406211669606413,-0.5379211311371599,-0.13279144465984147
4.855,13,0.34204361188478316,0.7343486049565545,-0.07293303749341229,0.009314052198965719,-0.12232647011613697,0.11712172075002907,-0.01821003433860158,0.06419891436055408,-0.11572739037492216,-0.5507047020424893,-0.1423055437329625
4.86,13,0.34704361188478305,0.7450833267791609,-0.0723488811244522,0.009216068459864214,-0.12200729298656005,0.11653978587846832,-0.020993172816476804,0.06346428377937002,-0.11697637700603235,-0.5623575888190655,-0.1514895477219847
4.865,13,0.35204361188478295,0.7558180486017674,-0.07176764827765089,0.009104028252957475,-0.12169190235484878,0.11595266679308915,-0.023831632694568568,0.06268461154523444,-0.11779947576490941,-0.5728239562615368,-0.1603179545708989
4.87,13,0.35704361188478284,0.7665527704243738,-0.07118935951047557,0.008977670035382846,-0.12138051887804513,0.11536251693531384,-0.02671934178819308,0.06186173939898785,-0.11818708582706816,-0.5820479691645538,-0.1687652622236969
4.875,13,0.36204361188478273,0.7772874922469801,-0.0706140244931761,0.00883676332314107,-0.12107335368571114,0.11477153775068714,-0.029649948736639536,0.06099763659175096,-0.11812960636802392,-0.5899737923227707,-0.1768059686243708
4.88,13,0.36704361188478263,0.7880222140695865,-0.07004164176876426,0.008681110086976543,-0.12077060774237752,0.11418197868887643,-0.032616823003170446,0.06009439988492436,-0.11761743656329098,-0.5965455905308377,-0.18441457171691195
4.885,13,0.3720436118847825,0.7987569358921929,-0.06947219851299324,0.008510546148257424,-0.12047247120999231,0.11359613720367122,-0.03561305487502183,0.05915425355018882,-0.11664097558838432,-0.6017075285834058,-0.19156556944531267
4.89,13,0.3770436118847824,0.8094916577147993,-0.06890567029433693,0.008324942574855674,-0.12017912281036947,0.11301635875298371,-0.038631455463402756,0.05817954936950496,-0.1151906226188191,-0.6054037712751247,-0.19823345975356274
4.8950000000000005,13,0.3820436118847832,0.8202263795374076,-0.0683420208339693,0.008124207077027362,-0.11989072918763731,0.11244503679884822,-0.041664556703496496,0.05717276663511334,-0.11325677683010943,-0.6075784834006459,-0.20439274058565582
4.9,13,0.3870436118847831,0.830961101360014,-0.06778120176574409,0.007908285403292786,-0.11960744427068751,0.1118846128074219,-0.044704611354456865,0.05613651214953526,-0.11082983739777127,-0.608175829754624,-0.21001790988558192
4.905,13,0.392043611884783,0.8416958231826204,-0.06722315239617369,0.007677162736316378,-0.11932940863562319,0.11133757624898402,-0.047743592999414414,0.05507352022557113,-0.10790020349731853,-0.6071399751317046,-0.21508346559733288
4.91,13,0.3970436118847829,0.8524305450052267,-0.06666779946440886,0.007430865088787058,-0.11905674886820788,0.11080646459793637,-0.05077319604547054,0.05398665268630223,-0.10445827430426653,-0.6044150843265426,-0.21956390566490055
4.915,13,0.40204361188478277,0.8631652668278332,-0.06611505690221806,0.0071694606992982945,-0.11878957692631398,0.11029386333280324,-0.05378483572370048,0.052878898865089154,-0.1004944489941299,-0.5999453221337873,-0.22343372803227626
4.92,13,0.40704361188478266,0.8738999886504396,-0.06556482559396681,0.006893061428228245,-0.1185279895023714,0.10980240593623108,-0.05676964808915339,0.051753375605573027,-0.09599912674242367,-0.5936748533480904,-0.2266674306434531
4.925,13,0.41204361188478256,0.884634710473046,-0.06501699313659712,0.006601824153619938,-0.11827206738581614,0.10933477389498908,-0.05971849002085069,0.050613327261675,-0.09096270672466285,-0.5855478427641044,-0.2292395114424206
4.93,13,0.41704361188478245,0.8953694322956524,-0.0644714335996068,0.006295952167061253,-0.11802187482553886,0.10889369669996869,-0.06262193922178806,0.049462125697596,-0.08537558811636195,-0.5755084551764796,-0.23112446837317113
4.9350000000000005,13,0.42204361188478323,0.9061041541182607,-0.06392800728502884,0.005975696569565208,-0.11777745889233354,0.10848195184618377,-0.06547029421893447,0.0483032702878168,-0.07922817009303472,-0.563500855379863,-0.23229679937969727
4.94,13,0.4270436118847831,0.9168388759408671,-0.06338656048741116,0.005641357667450133,-0.11753884884134613,0.10810236483277084,-0.06825357436322989,0.04714038791709929,-0.07251085183019848,-0.5494692081689129,-0.23273100240598962
4.945,13,0.432043611884783,0.9275735977634735,-0.06284692525379534,0.005293286368219684,-0.11730605547452297,0.10775780916298848,-0.07096151982959034,0.04597723298048408,-0.06521403250336659,-0.5333576783382767,-0.23240157539603945
4.95,13,0.4370436118847829,0.9383083195860799,-0.06230891914369651,0.004931885576442876,-0.11707907050305952,0.10745120634421795,-0.07358359161690409,0.04481768738329277,-0.05732811128805431,-0.5151104306826054,-0.2312830162938391
4.955,13,0.4420436118847828,0.9490430414086862,-0.06177234498908256,0.0045576115896345205,-0.11685786590984894,0.1071855258879629,-0.0761089715480324,0.04366576054112624,-0.0488434873597763,-0.49467162999655084,-0.22934982304338047
4.96,13,0.4470436118847827,0.9597777632312927,-0.06123699065435356,0.004170975494135048,-0.11664239331193066,0.10696378530984929,-0.07852656226981011,0.04252558937986609,-0.0397505598940473,-0.47198544107476276,-0.2265764935886543
4.965,13,0.4520436118847826,0.9705124850538991,-0.06070262879632117,0.003772544560990917,-0.11643258332293903,0.10678905012962568,-0.08082498725304495,0.04140143833567347,-0.03003972806638222,-0.446996028711895,-0.22293752587365145
4.97,13,0.4570436118847825,0.9812472068765055,-0.06016901662418796,0.0033629436418344512,-0.11622834491555198,0.10666443387116283,-0.08299259079251814,0.04029769935499003,-0.01970139105229646,-0.41964755770259676,-0.21840741784236684
4.9750000000000005,13,0.46204361188478327,0.9919819286991137,-0.059635895659526775,0.0029428565647642586,-0.1160295647839393,0.10659309806245416,-0.08501743800698479,0.039218891894536825,-0.008725948027302094,-0.3898841928415134,-0.2129606674387876
4.98,14,0.0012653567398457355,0.010658903059676626,-0.05910299149628327,0.002513027530149683,-0.1158361067062357,0.10657825214527172,-0.0868873151383658,0.03816966282574276,0.0028959162422635717,-0.35765104472415743,-0.2065720747314005
4.985,14,0.006265356739845629,0.05277707702607865,-0.05857001362868691,0.0020742622815377253,-0.11564781097885463,0.10662309962329751,-0.08858990789482156,0.037154729465230615,0.015139990242306271,-0.32300425561973406,-0.19925190749662008
4.99,14,0.011265356739845522,0.09489525099248068,-0.05803665615002009,0.0016274263925123134,-0.11546449477207459,0.106730541099217,-0.09011378491293168,0.036178565419877386,0.027917495155678446,-0.28621379753648046,-0.19107873880137102
4.995,14,0.016265356739845416,0.1370134249588827,-0.057502599822913024,0.0011734390114236473,-0.11528595393655487,0.10690300342393586,-0.0914489635700607,0.035245219844982384,0.04113230951798921,-0.2475739593778675,-0.18213890944685815
5.0,14,0.02126535673984531,0.1791315989252847,-0.05696751447725971,0.0007132655211238091,-0.11511196515643829,0.10714243284103779,-0.0925869326880905,0.03435831019183894,0.05468831186484772,-0.2073790300473662,-0.1725187602342862
5.005,14,0.026265356739845203,0.22124977289168674,-0.056431061413254525,0.00024791018174417966,-0.1149422881078712,0.10745029498678459,-0.09352065253342029,0.03352102220773431,0.06848938073186309,-0.16592329844844755,-0.16230463196486
5.01,14,0.031265356739845096,0.2633679468580888,-0.05589289580442884,-0.00022159122652715092,-0.11477666761752353,0.10782757489011602,-0.09424455481696668,0.03273610993594978,0.08243939465464445,-0.12350105348458237,-0.15158286543978441
5.015,14,0.03626535673984499,0.3054861208244908,-0.05535266910068764,-0.0006941787606679671,-0.11461483582110883,0.10827477697264996,-0.09475454269416364,0.03200589571576058,0.09644223216880095,-0.0804065840592418,-0.14043980146026422
5.0200000000000005,14,0.04126535673984577,0.3476042947909003,-0.05481003143134603,-0.0011687756720446035,-0.11445651432190423,0.10879192504868242,-0.09504799076496245,0.03133227018243579,0.11040177180994415,-0.036934179075888876,-0.12896178082750218
5.025,14,0.046265356739845664,0.3897224687573023,-0.05426463400816622,-0.0016442957636341885,-0.11430141634927068,0.10937856232518711,-0.09512374507383169,0.03071669226723885,0.12422189211367823,0.006621872561989813,-0.1172351443427072
5.03,14,0.05126535673984556,0.43184064272370437,-0.053716131528393565,-0.0021196507472477435,-0.11414924891717267,0.11003375140181618,-0.09498212310975745,0.030160189197426798,0.13780647161561482,0.04996728195093107,-0.10534623280708208
5.035,14,0.05626535673984545,0.47395881669010637,-0.05316418457779358,-0.0025937576007524256,-0.11399971498269847,0.11075607427089959,-0.09462491380624306,0.029663356496250765,0.15105938885136302,0.09280776018746396,-0.09338138702183163
5.04,14,0.061265356739845345,0.5160769906565084,-0.052608462033688415,-0.0030655459252942035,-0.11385251560458014,0.11154363231744546,-0.09405537754130928,0.029226357982955867,0.16388452235653198,0.13484901836811752,-0.08142694778816068
5.045,14,0.06626535673984524,0.5581951646229104,-0.0520486434679935,-0.0035339653025204445,-0.1137073521017135,0.11239404631913993,-0.09327824613749418,0.028848925772781198,0.17618575066673084,0.1757967675894208,-0.06956925590727397
5.05,14,0.07126535673984513,0.6003133385893125,-0.051484421550254116,-0.003997992651802499,-0.11356392821167818,0.11330445644634715,-0.09229972286185316,0.028530360276959828,0.1878669523175687,0.21535671894790287,-0.05789465218037642
5.055,14,0.07626535673984502,0.6424315125557145,-0.05091550445068205,-0.004456639587458284,-0.1134219522492577,0.11427152226210932,-0.09112748242595901,0.02826953020271879,0.19883200584465474,0.25323458354009265,-0.04648947740867278
5.0600000000000005,14,0.0812653567398458,0.684549686522124,-0.050341618243192075,-0.00490895977597496,-0.11328113926495942,0.11529142272214693,-0.08977067098590163,0.02806487255327908,0.20898478978359974,0.2891360724625255,-0.03544007239336597
5.065,14,0.0862653567398457,0.726667860488526,-0.04976250930843897,-0.005354056293231187,-0.11314121320353465,0.11635985617485789,-0.08823990614228899,0.027914392627855757,0.21822918267000926,0.32276689681171766,-0.024832777935664695
5.07,14,0.0912653567398456,0.768786034454928,-0.04917794673685354,-0.0057910889817201945,-0.1130019090624986,0.11747204036131877,-0.0865472769402457,0.027815664021657756,0.22646906303949427,0.35383276768420446,-0.014753934836771806
5.075,14,0.09626535673984549,0.81090420842133,-0.04858772473167956,-0.006219281807772059,-0.11286297505065047,0.11862271241528392,-0.08470634386941399,0.027765828625888018,0.23360830942766397,0.38203939617651544,-0.005289883897892158
5.08,14,0.10126535673984538,0.8530223823877321,-0.047991665012010416,-0.006637930218776351,-0.11272417474659346,0.11980612886318584,-0.08273213886395338,0.027761596627743475,0.2395508003701275,0.40709249338517933,0.0034730340797695506
5.085,14,0.10626535673984527,0.8951405563541341,-0.047389619215825574,-0.007046408500404737,-0.11258528925725479,0.121016065624135,-0.0806411653025408,0.027799246510415012,0.24420041440249385,0.4286977704067252,0.011448478295008403
5.09,14,0.11126535673984517,0.9372587303205361,-0.046781471303027296,-0.007444177133833562,-0.11244611937640576,0.12224581800991992,-0.07845139800837053,0.027874625053087507,0.24746103006037232,0.44656093833768223,0.01855010794661964
5.095,14,0.11626535673984506,0.9793769042869381,-0.04616713995847716,-0.007830790152966432,-0.11230648774318173,0.12348820072500721,-0.07618228324915419,0.02798314733093982,0.2492365258793719,0.46038770827457925,0.024691582233398405
5.1000000000000005,15,0.002551758092657508,0.022249049267572773,-0.045546580993678386,-0.008205902497739129,-0.11216624099960561,0.12473555052015345,-0.073854731060594,0.02811979866789302,0.24943494005522407,0.46989582462806473,0.029789621377988906
5.105,15,0.007551758092657401,0.06584457921140299,-0.044919789449151704,-0.008569276501571637,-0.11202525172785649,0.12597991647459178,-0.07149056478666449,0.028279274662068206,0.2480554882270516,0.475066795382017,0.03382804154849394
5.11,15,0.012551758092657295,0.10944010915523322,-0.044286799621382315,-0.008920782374898085,-0.11188341886026562,0.1272136222320501,-0.06911089460956582,0.028456394925805387,0.2451861341745881,0.4761388644608334,0.03685596717546148
5.115,15,0.017551758092657188,0.15303563909906345,-0.043647683053310134,-0.009260392797509438,-0.11174066659071767,0.1284294473750775,-0.06673559285919707,0.028646236555977,0.24091851536605216,0.4733609032551569,0.03892522609494241
5.12,15,0.02255175809265708,0.19663116904289368,-0.04300254624449398,-0.009588176699953776,-0.111596943079765,0.12962062967356414,-0.06438328750850411,0.028844135788635743,0.2353442692696624,0.46698178315563044,0.0400876461429876
5.125,15,0.027551758092656975,0.24022669898672389,-0.04235152836017489,-0.00990429304175152,-0.11145221915893173,0.13078086508474132,-0.06207136217347955,0.02904568799901456,0.22855503335363742,0.4572503755528968,0.0403950551556479
5.13,15,0.03255175809265687,0.28382222893055414,-0.041694798940339346,-0.01020898458961068,-0.11130648703501793,0.13190430775318146,-0.059815956113162844,0.029246747701526656,0.22064244508619574,0.44441555183759907,0.0398992809689742
5.135,15,0.03755175809265676,0.32741775887438435,-0.04103255560878266,-0.010502571695642069,-0.11115975899440356,0.13298557001079792,-0.05763196422964019,0.029443428549765487,0.21169814193555603,0.42872618340038005,0.03865215141901736
5.14,15,0.042551758092656655,0.37101328881821455,-0.040365021782172196,-0.010785446075574556,-0.11101206610735273,0.13401972237684534,-0.05553303706804459,0.029632103336504765,0.20181376136993684,0.4104311416318827,0.03670549434182825
5.1450000000000005,15,0.04755175809265744,0.4146088187620525,-0.03969244437911059,-0.011058064586970338,-0.11086345693231768,0.13500229355791948,-0.053531580816555506,0.029809403993698493,0.19108094085755475,0.3897792979227462,0.034111137573457226
5.15,15,0.05255175809265733,0.4582043487058828,-0.03901509152919949,-0.01132094300743998,-0.11071399622024303,0.13592927044795677,-0.05163875730640017,0.029972221592480815,0.17959131786663218,0.3670195236636206,0.03092090894995608
5.155,15,0.057551758092657224,0.501799878649713,-0.03833325028210217,-0.011574649812857947,-0.11056376361886967,0.13679709812823523,-0.049864484011851624,0.030117706343166246,0.16743652986538593,0.34240069024514563,0.027186636307375292
5.16,15,0.06255175809265712,0.5453954085935432,-0.037647224316607254,-0.011819799955577638,-0.110412852377039,0.13760267986737376,-0.04821743405022996,0.030243267595249514,0.1547082143220346,0.31617166905796396,0.022960147481765725
5.165,15,0.06755175809265701,0.5889909385373734,-0.03695733164969195,-0.01205704864264667,-0.11026136804899701,0.13834337712133238,-0.04670503618190216,0.0303465738374056,0.1414980087047967,0.28858133149271875,0.018293270309178253
5.17,15,0.0725517580926569,0.6325864684812037,-0.036263902345585276,-0.012287085114022106,-0.11010942719869836,0.13901700953341226,-0.045333474810281875,0.030425552697489748,0.12789755048189083,0.2598785489400525,0.013237832625663703
5.175,15,0.0775517580926568,0.6761819984250339,-0.03556727622483143,-0.0125106264207857,-0.10995715610411047,0.13962185493425552,-0.044107689981829644,0.03047839094253744,0.11399847712153562,0.2303121927906087,0.007845662267272973
5.18,15,0.08255175809265669,0.7197775283688641,-0.03486780057335303,-0.012728411203359127,-0.10980468946151764,0.14015664934184552,-0.043031377386052734,0.030503534478764433,0.0998924260919497,0.20013113443502992,0.002168587070056981
5.1850000000000005,15,0.08755175809265747,0.7633730583127021,-0.034165827851514285,-0.012941193469719246,-0.10965216908982513,0.14062058696150673,-0.04210698835550506,0.030499688351566714,0.08567103486134901,0.16958424526395371,-0.0037415651299345385
5.19,15,0.09255175809265737,0.8069685882565323,-0.03346171340318482,-0.013149736373613198,-0.10949974263486333,0.14101332018590443,-0.041335729865787804,0.030465816745520555,0.07142594089795727,0.1389203966680339,-0.009832966496648558
5.195,15,0.09755175809265726,0.8505641182003625,-0.032755813164802215,-0.013354805992773854,-0.1093475622736917,0.1413349595950453,-0.04071756453554842,0.03040114298438245,0.05724878166999059,0.108388460037908,-0.016053789194035325
5.2,15,0.10255175809265715,0.8941596481441928,-0.032048481374435764,-0.013557165107134903,-0.10919578341890306,0.14158607395627706,-0.040251210626481355,0.030305149531089162,0.043231194645667416,0.0782373067642188,-0.022352205386043857
5.205,15,0.10755175809265705,0.937755178088023,-0.03134006828084969,-0.013757566977046123,-0.10904456342292751,0.14176769022428845,-0.03993414204332779,0.03017757798775773,0.029464817293206453,0.04871580823760942,-0.028676387236623364
5.21,15,0.11255175809265694,0.9813507080318532,-0.030630917852566417,-0.013956749121488617,-0.10889406028233667,0.14188129354110923,-0.039762588333875734,0.030018429095685403,0.016041287080826288,0.020072835848722936,-0.034974506909722945
5.215,16,0.0028611004394054618,0.006351483524614467,-0.029921365488186535,-0.014155427099707567,-0.10874443134281365,0.14192882503999815,-0.039731540661373015,0.029827961571588804,0.003049171172174873,-0.0074510888244880315,-0.041196363580953944
5.22,16,0.007861100439405355,0.017451204871576642,-0.029211735915943258,-0.014354288807475817,-0.10859583210440198,0.1419125676688914,-0.039835062312098095,0.029606631603319805,-0.009474366321944584,-0.03375523680543135,-0.047318995862445534
5.2250000000000005,16,0.012861100439406137,0.028550926218540787,-0.028502342237903076,-0.01455399188626705,-0.1084484156333239,0.14183485334064094,-0.04006708511167764,0.029354937663314064,-0.021534725498719525,-0.05885463413654084,-0.053341997934087365
5.23,16,0.01786110043940603,0.03965064756550296,-0.027793485976968325,-0.014755163859586602,-0.10830233250520199,0.14169798123963218,-0.04042163159341662,0.029073377217744112,-0.033138589238701034,-0.08276779543950084,-0.05926564374660118
5.235,16,0.022861100439405924,0.050750368912465135,-0.027085457243655055,-0.014958402595039211,-0.10815773081175227,0.14150421713584765,-0.04089281686372855,0.028762446363028736,-0.04429264042244669,-0.10551323533600909,-0.06509020725071192
5.24,16,0.027861100439405817,0.06185009025942731,-0.026378534903165517,-0.01516427676719442,-0.10801475616763308,0.1412557933848672,-0.04147484860213542,0.02842263982583314,-0.05500356193051186,-0.12710946844775883,-0.07081596239714344
5.245,16,0.03286110043940571,0.07294981160638948,-0.02567298674246009,-0.015373326320452149,-0.1078735517172938,0.14095490892786774,-0.04216202706126767,0.028054450963068907,-0.06527803664345193,-0.14757500939644322,-0.07644318313661959
5.25,16,0.037861100439405604,0.08404953295335166,-0.024969069637329255,-0.015586062931908245,-0.10773425814182365,0.14060372929162365,-0.0429487450668642,0.027658371761894014,-0.07512274744182229,-0.16692837280375541,-0.08197214341986424
5.255,16,0.0428611004394055,0.09514925430031383,-0.02426702971946565,-0.015802970474220017,-0.10759701366580045,0.14020438658850623,-0.04382948801777239,0.0272348928397128,-0.0845443772061783,-0.18518807329138876,-0.08740311719760124
5.26,16,0.04786110043940539,0.106248975647276,-0.023567102543536042,-0.016024505478471788,-0.10746195406413936,0.1397589795164843,-0.04479883388594807,0.026784503444175992,-0.09354960881707536,-0.2023726254810363,-0.09273637842055446
5.265,16,0.052861100439405284,0.11734869699423818,-0.022869513254253376,-0.016251097597040423,-0.10732921266894169,0.13926957335912368,-0.045851453216455555,0.026307691453180706,-0.10214512515506884,-0.21850054399439137,-0.09797220103944775
5.2700000000000005,16,0.057861100439406066,0.12844841834120233,-0.02217447675344865,-0.016483150066460932,-0.10719892037634363,0.13873819998558745,-0.04698210912746781,0.02580494337487034,-0.11033760910071552,-0.2335903434531497,-0.10311085900500586
5.275,16,0.06286110043940596,0.1395481396881645,-0.021482197867143407,-0.016721040170291825,-0.10707120565336509,0.13816685785063612,-0.04818565731026568,0.025276744347634935,-0.11813374353456796,-0.24766053847899908,-0.10815262626795086
5.28,16,0.06786110043940585,0.15064786103512667,-0.020792871512621054,-0.01696511970198092,-0.10694619454475833,0.13755751199462718,-0.04945704602923907,0.024723578140110666,-0.1255402113371829,-0.2607296436936355,-0.11309777677900748
5.285,16,0.07286110043940575,0.16174758238208886,-0.020106682865499315,-0.01721571542773071,-0.10682401067985689,0.13691209404351545,-0.05079131612188612,0.02414592715118016,-0.13256369538911583,-0.2728161737187523,-0.11794658448889965
5.29,16,0.07786110043940564,0.17284730372905102,-0.01942380752680216,-0.017473129549363954,-0.10670477527942424,0.13623250220885294,-0.05218360099881348,0.02354427240997243,-0.13921087857092204,-0.2839386431760425,-0.12269932334835115
5.295,16,0.08286110043940553,0.1839470250760132,-0.018744411690031798,-0.01773764016718921,-0.10658860716250258,0.1355206012877889,-0.053629126643736265,0.02291909357586287,-0.14548844376315698,-0.29411556668719946,-0.1273562673080859
5.3,16,0.08786110043940543,0.19504674642297537,-0.0180686523082407,-0.018009501742866387,-0.10647562275326165,0.13477822266306977,-0.05512321161347801,0.022270868938473253,-0.151403073846376,-0.3033654588739162,-0.13191769031882775
5.305,16,0.09286110043940532,0.20614646776993756,-0.017396677261103624,-0.018288945562272278,-0.10636593608784745,0.13400716430303927,-0.056661267037970774,0.021600075417671734,-0.1569614517011345,-0.3117068343578861,-0.13638386633130048
5.3100000000000005,16,0.0978611004394061,0.2172461891169017,-0.016728625521989483,-0.01857618019836617,-0.10625965882123098,0.13320919076163815,-0.058238796620255336,0.020907188563572727,-0.16217026020798875,-0.3191582077608034,-0.14075506929622883
5.315,16,0.102861100439406,0.22834591046386388,-0.016064627325033852,-0.018871391974055157,-0.10615690023405716,0.13238603317840483,-0.05985139663648009,0.02019268255653739,-0.16703618224749225,-0.3257380937043589,-0.14503157316433507
5.32,16,0.10786110043940589,0.23944563181082604,-0.015404804332210267,-0.019174745425060005,-0.1060577672394934,0.13153938927847458,-0.061494755935902735,0.019457030207172904,-0.1715659007002014,-0.3314650068102471,-0.1492136518863438
5.325,16,0.11286110043940578,0.2505453531577882,-0.01474926980040272,-0.01948638376278049,-0.10596236439007847,0.13067092337257993,-0.0631646559408892,0.01870070295633294,-0.1757660984466715,-0.3363574617001611,-0.15330157941297892
5.33,16,0.11786110043940567,0.2616450745047504,-0.014098128748477531,-0.019806429337160994,-0.10587079388457127,0.1297822663570507,-0.06485697064691381,0.01792417087511756,-0.17964345836745801,-0.3404339729957943,-0.15729562969496427
5.335,16,0.12286110043940557,0.2727447958517126,-0.013451478124355393,-0.020134984099556035,-0.10578315557479957,0.12887501571381393,-0.06656766662255943,0.017127902664873206,-0.18320466334311625,-0.3437130553188397,-0.16119607668302374
5.34,16,0.12786110043940546,0.28384451719867476,-0.012809406972083368,-0.02047213006559581,-0.10569954697250883,0.12795073551039388,-0.06829280300951732,0.016312365657192695,-0.18645639625420163,-0.34621322329099063,-0.16500319432788116
5.345,16,0.13286110043940536,0.2949442385456369,-0.0121719965989069,-0.02081792977805176,-0.10562006325621089,0.127010956399912,-0.07002853152258724,0.01547802581391523,-0.18940533998126952,-0.34795299153394027,-0.16871725658026038
5.3500000000000005,16,0.13786110043940614,0.3060439598926011,-0.011539320742341715,-0.02117242676970215,-0.10554479727803276,0.12605717562108681,-0.07177109644967779,0.01462534772712623,-0.1920581774048757,-0.34895087466938207,-0.17233853739088595
5.355,16,0.14286110043940603,0.3171436812395632,-0.010911445737246301,-0.021535646026197362,-0.10547383957056548,0.12509085699823463,-0.07351683465180493,0.013754794619157976,-0.19442159140557472,-0.3492253873190084,-0.17586731071048037
5.36,16,0.14786110043940592,0.3282434025865254,-0.010288430682893226,-0.021907594448925836,-0.10540727835371276,0.12411343094126837,-0.07526217556309424,0.012866828342588644,-0.1965022648639224,-0.34879504410451323,-0.17930385048976819
5.365,16,0.15286110043940582,0.3393431239334876,-0.009670327610041624,-0.022288261317879334,-0.1053451995415398,0.12312629444569843,-0.07700364119077929,0.011961909380242964,-0.19830688066047408,-0.3476783596475895,-0.18264843067947328
5.37,16,0.1578611004394057,0.3504428452804498,-0.009057181648009074,-0.02267761875451856,-0.10528768674912208,0.12213081109263241,-0.07873784611520217,0.011040496845192049,-0.1998421216757852,-0.3458938485699306,-0.18590132523031946
5.375,16,0.1628611004394056,0.3615425666274119,-0.008449031191743627,-0.0230756221846387,-0.10523482129939409,0.1211283110487751,-0.08046149748981346,0.010103048480753371,-0.20111467079041112,-0.34346002549322946,-0.1890628080930306
5.38,16,0.1678611004394055,0.3726422879743741,-0.007845908068895811,-0.02348221080123497,-0.10518668222999815,0.12012009106642856,-0.08217139504117214,0.009150020660490801,-0.20213121088490724,-0.34039540503917964,-0.19213315321833058
5.385,16,0.1728611004394054,0.3837420093213363,-0.007247837706890657,-0.02389730802736815,-0.10514334630013311,0.11910741448349203,-0.08386443106894574,0.008181868388214582,-0.20289842483982878,-0.3367185018294739,-0.19511263455694325
5.39,16,0.17786110043940528,0.3948417306682985,-0.006654839299999712,-0.024320821979030113,-0.10510488799740317,0.118091511223462,-0.08553759044591021,0.007199045297981347,-0.20342299553573137,-0.3324478304858057,-0.1980015260595925
5.3950000000000005,16,0.18286110043940607,0.4059414520152626,-0.006066925976412937,-0.024752645928009485,-0.10507137954466662,0.11707357779543202,-0.08718795061795025,0.006202003654093923,-0.20371160585317039,-0.32760190562986746,-0.20080010167700263
5.4,16,0.18786110043940596,0.4170411733622248,-0.00548410496531114,-0.025192658764756834,-0.10504289090688464,0.11605477729409334,-0.08881268160405814,0.005191194351102045,-0.203770938672701,-0.32219924188335375,-0.2035086353598965
5.405,16,0.19286110043940585,0.4281408947091869,-0.004906377763937375,-0.025640725461250707,-0.10501948979797002,0.11503623939973397,-0.09040904599633558,0.004167066913801316,-0.20360767687487857,-0.3162583538679571,-0.20612740105899852
5.41,16,0.19786110043940575,0.4392406160561491,-0.004333740304669362,-0.026096697533862852,-0.10500124168763597,0.11401906037823926,-0.09197439895999235,0.003130069497233886,-0.20322850334025863,-0.30979775620537103,-0.2086566727250325
5.415,16,0.20286110043940564,0.4503403374031113,-0.0037661831220914023,-0.026560413506223825,-0.10498820980824487,0.11300430308109183,-0.09350618823334672,0.0020806488866882793,-0.20264010094939658,-0.3028359635172885,-0.21109672430872237
5.42,16,0.20786110043940553,0.4614400587500735,-0.0032036915200663978,-0.027031699372088557,-0.10498045516165706,0.11199299694537149,-0.09500195412782549,0.0010192504976994053,-0.20184915258284783,-0.2953914904254024,-0.2134478297607919
5.425,16,0.21286110043940543,0.4725397800970356,-0.0026462457388078536,-0.027510369058201874,-0.10497803652607955,0.11098613799375528,-0.09645932952796384,-5.3681623951431676e-05,-0.20086234112116758,-0.28748285155140657,-0.21571026303196497
5.43,16,0.21786110043940532,0.4836395014439978,-0.0020938211219518853,-0.02799622488716406,-0.10498101046291487,0.10998468883451748,-0.09787603989140545,-0.0011377048022365743,-0.19968634944491132,-0.2791285615169936,-0.2178842980729655
5.4350000000000005,16,0.2228611004394061,0.49473922279096194,-0.0015463882836291645,-0.028489058040296472,-0.10498943132360976,0.10898957866152942,-0.09924990324890272,-0.0022323777308821506,-0.19832786043463418,-0.27034713494385554,-0.21997020883451765
5.44,16,0.227861100439406,0.5058389441379242,-0.001003913275537293,-0.028988649020506733,-0.105003351256504,0.1080017032542601,-0.10057883020431581,-0.003337260473367358,-0.19679355697089201,-0.2611570864536884,-0.2219682692673446
5.445,16,0.2328611004394059,0.5169386654848863,-0.000466357754012256,-0.0294947681151548,-0.10502282021367912,0.10702192497777538,-0.10186082393461401,-0.004451914462925553,-0.19509012193423994,-0.25157693066818393,-0.2238787533221705
5.45,16,0.23786110043940578,0.5280383868318484,6.632085289920084e-05,-0.03000717585891817,-0.10504788595780726,0.10605107278273834,-0.10309398018987487,-0.005575902502543551,-0.19322423820523343,-0.24162518220903534,-0.22570193494971927
5.455,16,0.24286110043940567,0.5391381081788107,0.0005941691783676421,-0.03052562349665749,-0.10507859406899979,0.1050899422054094,-0.10427648729328443,-0.006708788764961786,-0.19120258866442788,-0.23132035569793613,-0.22743808810071478
5.46,16,0.24786110043940557,0.5502378295257728,0.0011172377497089062,-0.03104985344628211,-0.10511498795165626,0.1041392953676462,-0.10540662614113706,-0.007850138792674256,-0.18903185619237847,-0.22068096575657958,-0.22908748672588083
5.465,16,0.25286110043940546,0.561337550872735,0.001635580821312134,-0.03157959976161563,-0.105157108841313,0.10319986097690349,-0.10648277020283585,-0.008999519497928684,-0.18671872366964065,-0.20972552700665803,-0.23065040477594137
5.47,16,0.25786110043940536,0.5724372722196972,0.002149256207567736,-0.03211458859526142,-0.10520499581149202,0.10227233432623335,-0.10750338552089217,-0.010156499162726332,-0.18426987397676992,-0.1984725540698653,-0.23212711620162016
5.4750000000000005,16,0.26286110043940614,0.5835369935666613,0.002658325115795432,-0.03265453866146831,-0.10525868578054969,0.10135737729428494,-0.10846703071092603,-0.011320647438822296,-0.18169198999432143,-0.1869405615678925,-0.23351789495364134
5.48,16,0.26786110043940603,0.5946367149136235,0.003162851979171946,-0.03319916169899565,-0.1053182135185255,0.10045561834530509,-0.10937235696166543,-0.012491535347724673,-0.17899175460285086,-0.17514806412243683,-0.23482301498272823
5.485,16,0.2728611004394059,0.6057364362605857,0.0036629042896594993,-0.03374816293397956,-0.10538361165399093,0.09956765252913728,-0.11021810803494733,-0.01366873528069584,-0.17617585068291333,-0.16311357635518983,-0.2360427502396051
5.49,16,0.2778611004394058,0.6168361576075478,0.00415855243093341,-0.03430124154279796,-0.10545491068089816,0.09869404148122249,-0.11100312026571711,-0.014851820998751535,-0.1732509611150646,-0.15085561288784435,-0.23717737467499558
5.495,16,0.2828611004394057,0.62793587895451,0.00464986951131021,-0.034858091114936325,-0.10553213896542878,0.09783531342259892,-0.11172632256202845,-0.016040367632661135,-0.17022376877985976,-0.13839268834209298,-0.23822716223962376
5.5,16,0.2878611004394056,0.6390356003014722,0.005136931196675618,-0.035418400115853114,-0.10561532275284263,0.09699196315990191,-0.11238673640504353,-0.017233951682947665,-0.16710095655785417,-0.1257433173396297,-0.2391923868842133
5.505,16,0.2928611004394055,0.6501353216484344,0.005619815543412503,-0.035981852349845404,-0.10570448617432658,0.09616445208536414,-0.112983475849033,-0.018432151019887703,-0.1638892073296034,-0.1129260145021482,-0.2400733225594882
5.51,16,0.2978611004394054,0.6612350429953966,0.00609860283132891,-0.0365481274229144,-0.10579965125384322,0.0953532081768154,-0.11351574752137604,-0.019634544883511507,-0.16059520397566257,-0.09995929445134052,-0.24087024321617223
5.515,16,0.3028611004394053,0.6723347643423587,0.00657337539658602,-0.03711690120563093,-0.1059008379149797,0.09455862599768278,-0.11398285062256035,-0.020840713883602927,-0.15722562937658713,-0.08686167180890064,-0.2415834228049893
5.5200000000000005,16,0.30786110043940607,0.6834344856893229,0.007044217464626218,-0.03768784629600118,-0.10600806398779651,0.09378106669699039,-0.11438417692618189,-0.022050239999699652,-0.15378716641293205,-0.07365166119651893,-0.24221313527666338
5.525,16,0.31286110043940596,0.694534207036285,0.00751121498310077,-0.038260632482331774,-0.10612134521567611,0.09302085800936007,-0.11471921077894516,-0.023262706581092352,-0.15028649796525378,-0.060347777235894046,-0.24275965458191806
5.53,16,0.31786110043940585,0.7056339283832472,0.007974455454798295,-0.038834927206095916,-0.10624069526217189,0.09227829425501033,-0.11498752910066322,-0.02447769834682596,-0.14673030691410704,-0.046968534548715815,-0.2432232546714773
5.535,16,0.32286110043940575,0.7167336497302094,0.00843402777057238,-0.03941039602479856,-0.10636612571785684,0.0915536363397572,-0.11518880138425755,-0.02569480138569879,-0.14312527614004758,-0.03353244775667821,-0.24360420949606504
5.54,16,0.32786110043940564,0.7278333710771716,0.00889002204226972,-0.039986703074842034,-0.10649764610717226,0.09084711175501384,-0.11532278969575802,-0.026913603156262806,-0.13947808852363028,-0.020058031481474663,-0.2439027930064051
5.545,16,0.33286110043940553,0.7389330924241337,0.009342529435658053,-0.04056351153439157,-0.10663526389527668,0.0901589145777906,-0.11538934867430317,-0.028133692486823583,-0.1357954269454106,-0.00656380034479638,-0.24411927915322132
5.55,16,0.3378611004394054,0.7500328137710959,0.009791642003354167,-0.0411404840862409,-0.1067789844948945,0.08948920547069518,-0.11538842553213975,-0.029354659575440294,-0.13208397428594398,0.006931731031661298,-0.2442539418872376
5.555,16,0.3428611004394053,0.7611325351180581,0.010237452517751898,-0.04171728338067774,-0.10692881127316477,0.08883811168193236,-0.1153200600546231,-0.030576095989925788,-0.12835041342578607,0.020410048026205503,-0.2443070551591778
5.5600000000000005,16,0.3478611004394061,0.7722322564650222,0.010680054303950137,-0.04229357249834944,-0.10708474555849007,0.0882057270453041,-0.11518438460021702,-0.03179759466784668,-0.12460142724549127,0.033852636017145554,-0.24427889291976573
5.565,16,0.352861100439406,0.7833319778119844,0.011119541072680574,-0.04286901541312817,-0.10724678664738507,0.08759211198020998,-0.11498162410049381,-0.03301874991652255,-0.12084369862561647,0.047240980382783654,-0.2441697291197252
5.57,16,0.3578611004394059,0.7944316991589466,0.011556006753236127,-0.04344327745497702,-0.10741493181132557,0.08699729349164635,-0.11471209606013417,-0.03423915741302736,-0.11708391044671626,0.060556566501429133,-0.24397983770978027
5.575,16,0.3628611004394058,0.8055314205059088,0.011989545326398579,-0.04401602577281513,-0.107589176303597,0.08642126517020696,-0.11437621055692729,-0.035458414204188334,-0.11332874558934601,0.07378087975138857,-0.24370949264065453
5.58,16,0.3678611004394057,0.8166311418528709,0.012420250657366717,-0.04458692979738339,-0.1077695133661434,0.08586398719208277,-0.11397447024177099,-0.03667611870658641,-0.10958488693406138,0.08689540551096883,-0.2433589678630721
5.585,16,0.37286110043940557,0.8277308631998331,0.012848216328684256,-0.04515566170410996,-0.10795593423641606,0.08532538631906193,-0.11350747033867115,-0.037891870706556134,-0.10585901736141706,0.09988162915847702,-0.2429285373277566
5.59,16,0.37786110043940546,0.8388305845467953,0.013273535473167827,-0.045721896875975755,-0.10814842815422229,0.08480535589852996,-0.11297589864474242,-0.03910527136018557,-0.10215781975196954,0.11272103607221894,-0.2424184749854321
5.595,16,0.38286110043940536,0.8499303058937574,0.013696300606835007,-0.04628531436638005,-0.1083469823685743,0.08430375586346936,-0.11238053553020802,-0.040315923193316575,-0.09848797698627323,0.12539511163050224,-0.2418290547868224
5.6000000000000005,16,0.38786110043940614,0.8610300272407216,0.014116603461832355,-0.04684559736200617,-0.10855158214453789,0.08382041273245998,-0.11172225393839925,-0.04152343010154471,-0.09485617194488312,0.1378853412116365,-0.2411605506826511
5.605,16,0.39286110043940603,0.8721297485876838,0.014534534819363065,-0.047402433645686456,-0.1087622107700811,0.08335511960967903,-0.11100201938575625,-0.04272739735021853,-0.09126908750835623,0.15017321019392288,-0.24041323662364245
5.61,16,0.3978611004394059,0.8832294699346459,0.014950184342615483,-0.047955516059268614,-0.10897884956292321,0.08290763618490074,-0.1102208899618276,-0.04392743157444087,-0.08773340655724686,0.16224020395567065,-0.23958738656052017
5.615,16,0.4028611004394058,0.8943291912816081,0.015363640409690703,-0.04850454296648072,-0.10920147787738341,0.08247768873349663,-0.10938001632927001,-0.04512314077906804,-0.0842558119721105,0.17406780787518752,-0.23868327444400805
5.62,16,0.4078611004394057,0.9054289126285703,0.01577498994653069,-0.04904921871579689,-0.10943007311122947,0.08206497011643543,-0.10848064172384914,-0.04631413433870982,-0.08084298663350258,0.18563750733077872,-0.2377011742248301
5.625,16,0.4128611004394056,0.9165286339755324,0.016184318259846238,-0.049589254103302914,-0.10966461071252669,0.08166913978028319,-0.1075241019544383,-0.04750002299772971,-0.0775016134219787,0.19693078770075242,-0.2366413598537099
5.63,16,0.4178611004394055,0.9276283553224947,0.01659170887004499,-0.05012436683556163,-0.10990506418648649,0.08128982375720294,-0.10651182540302037,-0.04868041887024481,-0.07423837521809389,0.20792913436341445,-0.2355041052813716
5.635,16,0.4228611004394054,0.9387280766694568,0.016997243344159335,-0.05065428199247863,-0.1101514051023153,0.08092661466495527,-0.10544533302468588,-0.04985493544012587,-0.07105995490240376,0.21861403269707216,-0.2342896844585389
5.64,16,0.4278611004394053,0.949827798016419,0.017401001128774532,-0.05117873249016765,-0.1104036031000633,0.08057907170689765,-0.10432623834763417,-0.05102318756099721,-0.06797303535546345,0.22896696808003325,-0.23299837133593568
5.6450000000000005,16,0.43286110043940607,0.9609275193633832,0.017803059382956628,-0.0516974595438164,-0.11066162589747316,0.0802467206719851,-0.1031562474731726,-0.05218479145623697,-0.06498429945782806,0.23896942589060374,-0.2316304398642856
5.65,16,0.43786110043940596,0.9720272407103453,0.018203492811180277,-0.05221021313055151,-0.11092543929682877,0.07992905393476965,-0.10193715907571807,-0.053339364718976344,-0.06210043009005407,0.24860289150708945,-0.230186163994313
5.655,16,0.44286110043940585,0.9831269620573074,0.018602373496257076,-0.05271675245230482,-0.11119500719180413,0.07962553045540047,-0.10067086440279487,-0.05448652631210073,-0.059328110132695774,0.25784885030779797,-0.22866581767674138
5.66,16,0.44786110043940575,0.9942266834042697,0.01899977073226327,-0.053216846398678415,-0.11147029157431204,0.07933557577962431,-0.09935934727503593,-0.05562589656824894,-0.05667402246630937,0.266688787671036,-0.2270696748622948
5.665,17,0.002399341652251863,0.008464224900767807,0.019395750857516086,-0.05371027400967001,-0.1117512525413607,0.0790585821393037,-0.0980046837934247,-0.05675709720617606,-0.05414468239437067,0.27510467703983776,-0.22539803678047807
5.67,17,0.007399341652251756,0.026102865260350747,0.019790377100715253,-0.05419682490005382,-0.11203784830405353,0.07879391704163982,-0.09660901732336119,-0.057879752728937646,-0.05174236059594285,0.2830908542368377,-0.22365189561555354
5.675,17,0.01239934165225165,0.04374150561993369,0.020183709524867383,-0.054676299398971916,-0.11233003521250613,0.0785409505076331,-0.09517447916322114,-0.058993494857860374,-0.0494648542242108,0.2906546841349794,-0.22183297176791955
5.68,17,0.017399341652251543,0.06138014597951663,0.02057580507266561,-0.05514850839403854,-0.1126277677972789,0.07829906450075953,-0.093703161083531,-0.06009796406737545,-0.047309747035392404,0.29780415312139924,-0.21994302037547642
5.6850000000000005,17,0.022399341652252325,0.07901878633910271,0.020966717626823565,-0.055613273131890795,-0.11293099881324357,0.07806765306571394,-0.09219711492288125,-0.061192809607603774,-0.04527462278570519,0.30454724758323465,-0.21798379657612416
5.69,17,0.027399341652252218,0.09665742669868564,0.021356498070481192,-0.05607042501852868,-0.11323967928346164,0.0778461223284102,-0.09065835258792754,-0.062277689504355166,-0.043357065231367786,0.31089195390761953,-0.21595705550776387
5.695,17,0.03239934165225211,0.11429606705826859,0.02174519434761126,-0.05651980541965585,-0.11355375854306295,0.07763389049598099,-0.08908884605338899,-0.06335227055912951,-0.04155465812859771,0.31684625848169146,-0.21386455230829554
5.7,17,0.037399341652252005,0.13193470741785154,0.022132851523425184,-0.05696126546101966,-0.11387318428312407,0.07743038785677793,-0.08749052736204932,-0.06441622834911606,-0.03986498523361285,0.3224181476925867,-0.21170804211561953
5.705,17,0.0423993416522519,0.14957334777743447,0.022519511844779173,-0.05739466582875151,-0.11419790259454671,0.07723505678037153,-0.08586528862475658,-0.0654692472271935,-0.0382856303026311,0.32761560792744165,-0.20948928006763629
5.71,17,0.04739934165225179,0.1672119881370174,0.02290521480058035,-0.057819876569707246,-0.11452785801193621,0.07704735171755125,-0.08421498202042314,-0.06651102032193003,-0.03681417709187037,0.33244662557339255,-0.20721002130224608
5.715,17,0.052399341652251685,0.18485062849660036,0.023289997182192816,-0.058236776891807396,-0.11486299355747999,0.07686673920032544,-0.08254141979602568,-0.06754124953758339,-0.03544820935754852,0.3369191870175758,-0.20487202095734935
5.72,17,0.05739934165225158,0.2024892688561833,0.023673893143843775,-0.05864525496437755,-0.11520325078482593,0.07669269784192134,-0.08084637426660518,-0.0685596455541008,-0.034185310855883465,0.34104127864712763,-0.20247703417084648
5.7250000000000005,17,0.06239934165225236,0.22012790921576939,0.024056934263029683,-0.05904520771848874,-0.11554856982296101,0.07652471833678512,-0.07913157781526665,-0.06956592782711915,-0.0330230653430929,0.34482088684918505,-0.20002681608063733
5.73,17,0.06739934165225225,0.23776654957535232,0.024439149600922055,-0.05943654064729747,-0.11589888942008936,0.07636230346058191,-0.07739872289318035,-0.0705598245879643,-0.031959056575395134,0.34826599801088304,-0.19752312182462317
5.735,17,0.07239934165225215,0.2554051899349353,0.024820565762774,-0.05981916760638645,-0.11625414698751117,0.07620496807019567,-0.07564946201957994,-0.07154107284365216,-0.030990868309007817,0.35138459851935855,-0.19496770654070394
5.74,17,0.07739934165225204,0.2730438302945182,0.025201206958326016,-0.06019301061410466,-0.1166142786435009,0.07605223910372928,-0.07388540778176367,-0.07250941837688797,-0.030116084300148883,0.3541846747617479,-0.19236232536678005
5.745,17,0.08239934165225193,0.29068247065410113,0.025581095062212168,-0.06055799965190775,-0.11697921925718573,0.0759036555805046,-0.07210813283509412,-0.07346461574606641,-0.029332288305036185,0.3566742131251875,-0.18970873344075181
5.75,17,0.08739934165225183,0.3083211110136841,0.025960249674366172,-0.06091407246469832,-0.11734890249242405,0.07575876860106232,-0.07031916990299822,-0.07440642828527176,-0.028637064079887645,0.3588611999968136,-0.1870086859005196
5.755,17,0.09239934165225172,0.32595975137326705,0.0263386881804275,-0.061261174361166265,-0.1177232608516839,0.0756171413471621,-0.06852001177696718,-0.07533462810427774,-0.02802799538092113,0.3607536217637625,-0.18426393788398382
5.76,17,0.09739934165225161,0.34359839173284995,0.026716425812147466,-0.06159925801412912,-0.11810222571992138,0.07547834908178246,-0.06671211131655658,-0.07624899608854756,-0.027502665964354564,0.3623594648131706,-0.18147624452904482
5.765,17,0.10239934165225151,0.3612370320924329,0.027093475707795328,-0.061928283260872324,-0.11848572740845918,0.07534197914912086,-0.06489688144938623,-0.07714932189923397,-0.02705865958640582,0.3636867155321741,-0.17864736097360298
5.7700000000000005,17,0.10739934165225229,0.378875672452019,0.027469848972564437,-0.06224821690348967,-0.118873695198865,0.07520763097459365,-0.06307569517114002,-0.07803540397317936,-0.02669356000329271,0.36474336030790955,-0.17577904235555813
5.775,17,0.11239934165225218,0.39651431281160193,0.02784555473897808,-0.06255903250922333,-0.1192660573868298,0.07507491606483616,-0.06124988554556711,-0.07890704952291516,-0.026404950971233306,0.36553738552751286,-0.17287304381281168
5.78,17,0.11739934165225208,0.41415295317118483,0.028220600227295976,-0.06286071021080458,-0.11966274132604662,0.07494345800770254,-0.05942074570447997,-0.07976407453666279,-0.0261904162464454,0.3660767775781206,-0.1699311204832635
5.785,17,0.12239934165225197,0.4317915935307678,0.028594990805920074,-0.06315323650679383,-0.12006367347208874,0.07481289247226589,-0.057589528847755755,-0.08060630377833292,-0.026047539585146887,0.366369522846869,-0.16695502750481395
5.79,17,0.12739934165225186,0.44943023389035075,0.028968730051800756,-0.06343660406192107,-0.12046877942628827,0.07468286720881824,-0.0557574482433359,-0.08143357078752589,-0.025973904743555664,0.3664236077208946,-0.1639465200153634
5.795,17,0.13239934165225176,0.4670688742499337,0.029341819810842898,-0.06371081150742613,-0.12087798397961447,0.07455304204887046,-0.053925677227226194,-0.08224571787953137,-0.025967095477889616,0.3662470185873334,-0.16090735315281218
5.8,17,0.13739934165225165,0.4847075146095166,0.029714260258311982,-0.06397586324139906,-0.12129121115655234,0.07442308890515244,-0.05209534920349673,-0.08304259614532862,-0.02602469554436665,0.3658477418333219,-0.15783928205506073
5.805,17,0.14239934165225154,0.5023461549690996,0.03008604995924019,-0.0642317692291204,-0.12170838425898096,0.07429269177161286,-0.0502675576442819,-0.08382406545158644,-0.026144288699204637,0.3652337638459964,-0.15474406186000936
5.8100000000000005,17,0.14739934165225232,0.5199847953286857,0.030457185928832557,-0.06447854480340154,-0.12212942591005209,0.0741615467234194,-0.04844335608978014,-0.08458999444066316,-0.02632345869862153,0.364413071012493,-0.15162344770555794
5.815,17,0.15239934165225222,0.5376234356882685,0.030827663692872806,-0.06471621046492497,-0.12255425809806822,0.07402936191695864,-0.04662375814825514,-0.0853402605306063,-0.026559789298835144,0.36339364971994836,-0.1484791947296079
5.82,17,0.1573993416522521,0.5552620760478515,0.031197477348129846,-0.0649447916825847,-0.12298280222036159,0.07389585758983604,-0.044809737496033925,-0.08607474991515321,-0.026850864256063395,0.3621834863554987,-0.1453130580700591
5.825,17,0.162399341652252,0.5729007164074345,0.03156661962276358,-0.06516431869382656,-0.12341497912717225,0.07376076606087596,-0.04300222787750818,-0.08679335756373069,-0.02719426732652419,0.36079056730628023,-0.14212679286481186
5.83,17,0.1673993416522519,0.5905393567670174,0.031935081936731086,-0.06537482630498848,-0.1238507091655266,0.07362383173012171,-0.04120212310513391,-0.08749598722145498,-0.027587582266435404,0.35922287895942934,-0.1389221542517666
5.835,17,0.1723993416522518,0.6081779971266004,0.03230285446219272,-0.06557635369164079,-0.12428991222311583,0.0734848110788355,-0.039410277059431446,-0.08818255140913182,-0.028028392832014942,0.3574884077020823,-0.13570089736882365
5.84,17,0.17739934165225169,0.6258166374861833,0.03266992618391816,-0.06576894419892665,-0.12473250777217444,0.07334347266949844,-0.037627503688985424,-0.08885297142325652,-0.028514282779480704,0.3555951399213755,-0.13246477735388337
5.845,17,0.18239934165225158,0.6434552778457663,0.03303628495969259,-0.06595264514190224,-0.12517841491335857,0.07319959714581054,-0.0358545770104448,-0.08950717733601381,-0.029042835865050565,0.35355106200444514,-0.1292155493448462
5.8500000000000005,17,0.18739934165225236,0.6610939182053523,0.03340191758072275,-0.06612750760587725,-0.12562755241962462,0.07305297723269069,-0.03409223110852255,-0.09014510799527807,-0.029611635844942533,0.3513641603384272,-0.12595496847961182
5.855,17,0.19239934165225225,0.6787325585649353,0.033766809832042874,-0.06629358624675494,-0.1260798387801073,0.07290341773627684,-0.032341160135996874,-0.09076671102461285,-0.030218266475374275,0.34904242131045893,-0.12268478989608186
5.86,17,0.19739934165225215,0.6963711989245182,0.03413094655292109,-0.06645093909137272,-0.12653519224399873,0.0727507355439257,-0.030602018313709407,-0.09137194282327153,-0.03086031151256381,0.34659383130767596,-0.11940676873215607
5.865,17,0.20239934165225204,0.7140098392841011,0.034494311697265335,-0.06659962733784236,-0.12699353086442625,0.07259475962421293,-0.02887541993056634,-0.0919607685661969,-0.03153535471272904,0.3440263767172148,-0.11612266012573483
5.87,17,0.20739934165225193,0.7316484796436841,0.03485688839402942,-0.06673971515589033,-0.12745477254233128,0.0724353310269331,-0.02716193934353823,-0.09253316220402119,-0.032240979832087846,0.3413480439262117,-0.11283421921471849
5.875,17,0.21239934165225183,0.749287120003267,0.03521865900761922,-0.0668712694871981,-0.1279188350703476,0.07227230288309969,-0.025462110977659956,-0.09308910646306622,-0.03297477062685809,0.3385668193218031,-0.10954320113700743
5.88,17,0.21739934165225172,0.76692576036285,0.03557960519829869,-0.06699435984574245,-0.12838563617667978,0.07210554040494513,-0.023776429326030718,-0.09362859284534325,-0.033734310853257704,0.33569068929112517,-0.10625136103050199
5.885,17,0.22239934165225161,0.7845644007224329,0.03593970798259603,-0.06710905811813586,-0.1288550935689817,0.07193492088592071,-0.022105348949813995,-0.09415162162855306,-0.03451718426750456,0.33272764022131424,-0.10296045403310261
5.89,17,0.2273993416522515,0.8022030410820158,0.0362989477937097,-0.06721543836396676,-0.12932712497823495,0.07176033370069665,-0.02044928447823764,-0.09465820186608592,-0.03532097462581656,0.3296856584995066,-0.0996722352827096
5.8950000000000005,17,0.2323993416522523,0.819841681441602,0.03665730454191468,-0.06731357661613992,-0.12980164820262743,0.07158168030516204,-0.018808610608593485,-0.09514835138702174,-0.0361432656844117,0.3265727305128382,-0.09638845991722277
5.9,17,0.23739934165225218,0.8374803218011848,0.03701475767496819,-0.06740355068121665,-0.13027858115143132,0.071398874236425,-0.01718366210623858,-0.09562209679612958,-0.03698164119950767,0.3233968426484463,-0.09311088307454365
5.905,17,0.24239934165225208,0.8551189621607678,0.03737128623851627,-0.06748543993975525,-0.1307578418888822,0.07121184111281245,-0.015574733804593411,-0.09607947347386833,-0.03783368492732247,0.32016598129346663,-0.08984125989257201
5.91,17,0.24739934165225197,0.8727576025203507,0.03772686893649957,-0.06755932514665133,-0.1312393486780571,0.07102051863387024,-0.013982080605143075,-0.0965205255763863,-0.03869698062407392,0.31688813283503564,-0.08658134550920826
5.915,17,0.25239934165225186,0.8903962428799337,0.0380814841915595,-0.06762528823147804,-0.1317230200247529,0.07082485658036314,-0.012405917477436966,-0.09694530603552126,-0.039569112045980036,0.3135712836602894,-0.08333289506235272
5.92,17,0.25739934165225176,0.9080348832395166,0.03843511020544437,-0.0676834120988264,-0.13220877472136497,0.07062481681427482,-0.010846419459088869,-0.09735387655880048,-0.0404476629492586,0.3102234201563646,-0.08009766368990581
5.925,17,0.26239934165225165,0.9256735235990996,0.03878772501941543,-0.06773378042864575,-0.1326965318907656,0.0704203732788079,-0.009303721655776795,-0.0977463076294408,-0.04133021709012759,0.30685252871039737,-0.07687740652976785
5.93,17,0.26739934165225154,0.9433121639586826,0.039139306574653,-0.06777647747658391,-0.13318621103018227,0.07021151199838387,-0.007777919241243133,-0.0981226785063485,-0.04221435822480483,0.30346659570952406,-0.07367387871983927
5.9350000000000005,17,0.2723993416522523,0.9609508043182686,0.03948983277266261,-0.0678115878743276,-0.13367773205507638,0.06999823107864311,-0.006269067457294318,-0.09848307722411942,-0.043097670109508414,0.30007360754088014,-0.07048883539801983
5.94,17,0.2773993416522522,0.9785894446778515,0.039839281535680865,-0.06783919642994272,-0.13417101534302123,0.06978054070644502,-0.004777181613801857,-0.09882760059303874,-0.04397773650045593,0.2966815505916034,-0.06732403170221102
5.945,17,0.2823993416522521,0.9962280850374344,0.040187630867081894,-0.06785938792821472,-0.13466598177758107,0.0695584631498678,-0.0033022370887008444,-0.09915635419908136,-0.04485214115386538,0.29329841124882955,-0.06418122277031268
5.95,18,0.003930780693502278,0.001190306892820578,0.040534858911630375,-0.06787224693149123,-0.13516255279207504,0.06933203256384746,-0.0018441699670543425,-0.09946945225883694,-0.045718665609709955,0.2899315255826732,-0.06106201611094015
5.955,18,0.008930780693502172,0.002704391480124282,0.04088094400740118,-0.06787785760792675,-0.13566065040712133,0.06910129078291222,-0.00040289087462788605,-0.09976701447913293,-0.046576619922882964,0.2865832038750093,-0.05796687832219918
5.96,18,0.013930780693502065,0.004218476067427986,0.041225864705482194,-0.06787630366565539,-0.13616019724413386,0.06886628061124316,0.0010216929596924924,-0.1000491610486172,-0.04742602626134337,0.28325341496542744,-0.05489574446843743
5.965,18,0.01893078069350196,0.005732560654731689,0.04156959977066047,-0.0678676683494921,-0.13666111652462484,0.06862704472334229,0.002429674089274988,-0.10031601181719746,-0.04826691077370531,0.2799421146050412,-0.0518485466427711
5.97,18,0.023930780693501852,0.007246645242035393,0.04191212818076874,-0.06785203444203804,-0.13716333206850714,0.06838362566296859,0.003821144846243361,-0.10056768629524693,-0.049099299608583,0.27664925854496414,-0.04882521693831639
5.9750000000000005,18,0.028930780693502633,0.008760729829339366,0.04225342912603171,-0.06782948426478692,-0.13766676829239674,0.06813606584313787,0.005196197341477185,-0.10080430365360453,-0.04992321891459076,0.2733748025363092,-0.04582568744818898
5.98,18,0.03393078069350253,0.01027481441664307,0.04259348200841212,-0.06780009967923115,-0.1381713502079148,0.06788440754612307,0.006554923464610865,-0.10102598272357459,-0.05073869484034247,0.27011870233019114,-0.04284989026550615
5.985,18,0.03893078069350242,0.011788899003946774,0.042932266440957434,-0.06776396208796803,-0.1386770034199903,0.06762869292345387,0.007897414884035121,-0.10123284199692718,-0.05154575353445246,0.26688091367772293,-0.039897757483383575
5.99,18,0.043930780693502314,0.013302983591250477,0.0432697622471458,-0.0677211524358061,-0.13918365412516226,0.06736896399591694,0.009223763046895978,-0.10142499962589789,-0.052344421145534906,0.2636613923300181,-0.036969221194937466
5.995,18,0.04893078069350221,0.014817068178554181,0.043605949460232475,-0.06767175121087123,-0.139691229109882,0.06710526265355589,0.010534059179095043,-0.10160257342318786,-0.05313472382220397,0.26046009403819026,-0.03406421349328403
6.0,18,0.0539307806935021,0.016331152765857886,0.043940808322596066,-0.06761583844571288,-0.14019965574881546,0.06683763065567125,0.011828394285289479,-0.1017656808619639,-0.053916687713073876,0.25727697455335297,-0.031182666471539458
6.005,18,0.058930780693501994,0.017845237353161587,0.04427431928508482,-0.06755349371841037,-0.14070886200314567,0.06656610963082046,0.013106859148892019,-0.10191443907585829,-0.05469033896675876,0.2541119896266197,-0.028324512222819988
6.01,18,0.06393078069350189,0.01935932194046529,0.04460646300636294,-0.06748479615367904,-0.14121877641887493,0.06629074107681796,0.01436954433207098,-0.10204896485896899,-0.055455703731872835,0.25096509500910413,-0.025489682840241813
6.015000000000001,18,0.06893078069350267,0.020873406527769266,0.04493722035225685,-0.06740982442397651,-0.14172932812512726,0.06601156636073496,0.015616540175750447,-0.10216937466585949,-0.056212808157030385,0.24783624645191915,-0.022678110416920645
6.0200000000000005,18,0.07393078069350256,0.022387491115072967,0.04526657239510134,-0.06732865675060894,-0.14224044683245046,0.06572862671889985,0.016847936799609418,-0.10227578461155883,-0.05696167839084534,0.24472539970617951,-0.019889727045973696
6.025,18,0.07893078069350246,0.023901575702376672,0.04559450041308615,-0.0672413709048371,-0.14275206283111885,0.06544196325689773,0.018063824102083122,-0.10236831047156171,-0.057702340581932,0.2416325105229982,-0.01712446482051667
6.03,18,0.08393078069350235,0.025415660289680377,0.04592098588960203,-0.06714804420898281,-0.14326410698943537,0.06515161694957074,0.019264291760362134,-0.10244706768182835,-0.05843482087890455,0.23855753465348875,-0.014382255833665779
6.035,18,0.08893078069350224,0.02692974487698408,0.04624601051258706,-0.06704875353753495,-0.1437765107520338,0.06485762864101786,0.020449429230392602,-0.10251217133878457,-0.059159145430377195,0.23550042784876474,-0.01166303217853724
6.04,18,0.09393078069350214,0.028443829464287782,0.046569556173873004,-0.06694357531825584,-0.14428920613818136,0.06456003904459512,0.021619325746876233,-0.10256373619932177,-0.05987534038496407,0.2324611458599397,-0.00896672594824725
6.045,18,0.09893078069350203,0.029957914051591487,0.0468916049685315,-0.06683258553328739,-0.14480212574008075,0.06425888874291537,0.022774070323270307,-0.10260187668079697,-0.06058343189127938,0.22943964443812725,-0.006293269235912025
6.05,18,0.10393078069350192,0.03147199863889519,0.047212139194220425,-0.06671585972025731,-0.14531520272117276,0.06395421818784842,0.023913751751787664,-0.10262670686103267,-0.06128344609793731,0.22643587933444087,-0.003642594134647775
6.055,18,0.10893078069350182,0.03298608322619889,0.04753114135053014,-0.0665934729733854,-0.14582837081443834,0.06364606770052107,0.025038458603396728,-0.10263834047831709,-0.06197540915355202,0.2234498062999942,-0.0010146327375707004
6.0600000000000005,18,0.1139307806935026,0.03450016781350287,0.047848594138329814,-0.06646549994458967,-0.1463415643207012,0.06333447747131692,0.026148279227821675,-0.10263689093140389,-0.06265934720673783,0.22048138108590024,0.0015906828622034579
6.065,18,0.11893078069350249,0.03601425240080657,0.04816448045911355,-0.06633201484459271,-0.14685471810692968,0.06301948755987667,0.02724330175354166,-0.10262247127951242,-0.06333528640610865,0.21753055944327354,0.004173420571557543
6.07,18,0.12393078069350238,0.03752833698811028,0.048478783414346936,-0.06619309144402775,-0.14736776760453968,0.06270113789509785,0.028323614087792003,-0.10259519424232753,-0.0640032529002788,0.2145972971232272,0.0067336482973758245
6.075,18,0.12893078069350228,0.03904242157541398,0.04879148630481314,-0.06604880307454497,-0.14788064880769655,0.06237946827513488,0.02938930391656338,-0.10255517219999974,-0.06466327283786248,0.2116815498768748,0.009271433946542092
6.08,18,0.13393078069350217,0.040556506162717686,0.04910257262995925,-0.06589922262991772,-0.14839329827161762,0.062054518367399183,0.030440458704602047,-0.10250251719314507,-0.06531537236747383,0.20878327345532985,0.011786845425940115
6.085,18,0.13893078069350207,0.04207059075002138,0.049412026087242544,-0.06574442256714873,-0.14890565311087445,0.06172632770855909,0.031477165695409835,-0.10243734092284516,-0.06595957763772704,0.2059024236097059,0.014279950642453715
6.09,18,0.14393078069350196,0.04358467533732509,0.04971983057147679,-0.0655844749075763,-0.1494176509976951,0.06139493570453984,0.03249951191124412,-0.1023597547506472,-0.0665959147972363,0.20303895609111652,0.016750817502966673
6.095,18,0.14893078069350185,0.04509875992462879,0.05002597017417853,-0.0654194512379806,-0.1499292301602666,0.06106038163052362,0.033507584153117866,-0.10226986969856403,-0.0672244099946158,0.20019282665067528,0.019199513914362764
6.1000000000000005,18,0.15393078069350263,0.04661284451193277,0.0503304291829134,-0.06524942271168979,-0.15044032938103732,0.060722704630949496,0.03450146900079978,-0.10216779644907395,-0.06784508937847981,0.19736399103949528,0.021626107783526246
6.105,18,0.15893078069350253,0.04812692909923647,0.05063319208064222,-0.0650744600496864,-0.15095088799501885,0.06038194371951361,0.03548125281281358,-0.10205364534512099,-0.06845797909744229,0.194552405008691,0.024030667017340024
6.11,18,0.16393078069350242,0.04964101368654018,0.050934243545067606,-0.06489463354171335,-0.15146084588808895,0.0600381377791689,0.036447021726439134,-0.10192752639011467,-0.06906310530011753,0.19175802430937552,0.0264132595226883
6.115,18,0.1689307806935023,0.051155098273843874,0.05123356844798,-0.06471001304738032,-0.15197014349529353,0.05969132556212524,0.037398861657711634,-0.1017895492479301,-0.06966049413511971,0.18898080469266246,0.028773953206454886
6.12,18,0.1739307806935022,0.05266918286114758,0.05153115185460405,-0.06452066799726988,-0.15247872179914904,0.05934154568984948,0.038336858301421896,-0.10163982324290795,-0.07025017175106302,0.1862207019096654,0.03111281597552358
6.125,18,0.1789307806935021,0.05418326744845128,0.0518269790229449,-0.06432666739404383,-0.15298652232794474,0.05898883665306537,0.03926109713111629,-0.10147845735985454,-0.07083216429656164,0.1834776717114977,0.03342991573677818
6.13,18,0.183930780693502,0.05569735203575499,0.05212103540313441,-0.0641280798135493,-0.15349348715404515,0.0586332368117536,0.04017166339909675,-0.10130556024404172,-0.07140649792022974,0.18075166984927307,0.03572532039710244
6.135,18,0.1889307806935019,0.05721143662305869,0.05241330663677754,-0.06392497340592501,-0.1539995588921923,0.058274784395151775,0.04106864213642075,-0.10112124020120694,-0.07197319877068149,0.17804265207410508,0.03799909786338018
6.140000000000001,18,0.19393078069350267,0.05872552121036267,0.052703778556298576,-0.06371741589670751,-0.15450468069780812,0.0579135175017544,0.041952118152901535,-0.10092560519755317,-0.07253229299653119,0.17535057413710678,0.0402513160424956
6.1450000000000005,18,0.19893078069350256,0.06023960579766637,0.05299243718428731,-0.06350547458793747,-0.1550087962652965,0.05754947409931306,0.042822176037107404,-0.10071876285974908,-0.0730838067463928,0.17267539178939267,0.04248204284133167
6.15,18,0.20393078069350246,0.06175369038497007,0.05327926873284557,-0.06328921635926574,-0.15551184982634608,0.05718269202483611,0.04367890015636275,-0.10050082047492885,-0.07362776616888062,0.17001706078207587,0.044691346166772554
6.155,18,0.20893078069350235,0.06326777497227377,0.0535642596029333,-0.06306870766905968,-0.15601378614823228,0.05681320898458888,0.04452237465674731,-0.10027188499069223,-0.07416419741260881,0.16737553686626988,0.046879293925702115
6.16,18,0.21393078069350224,0.06478185955957748,0.053847396383714954,-0.06284401455550938,-0.1565145505321196,0.05644106255409361,0.045352683463096455,-0.10003206301510456,-0.07469312662619156,0.1647507757930883,0.04904595402500407
6.165,18,0.21893078069350214,0.06629594414688118,0.05412866585190571,-0.06261520263773385,-0.15701408881136414,0.05606629017812953,0.04616991027900106,-0.09978146081669677,-0.07521457995824304,0.1621427333136447,0.05119139437156226
6.17,18,0.22393078069350203,0.06781002873418489,0.05440805497111778,-0.062382337116887246,-0.15751234734981573,0.05568892917073273,0.046974138586807615,-0.09952018432446538,-0.07572858355737745,0.1595513651790526,0.05331568287226047
6.175,18,0.22893078069350192,0.06932411332148859,0.05468555089120672,-0.06214548277726514,-0.15800927304012036,0.05530901671519627,0.04776545164761817,-0.09924833912787247,-0.07623516357220896,0.15697662714042562,0.05541888743398246
6.18,18,0.23393078069350182,0.0708381979087923,0.054961140947617684,-0.06190470398741068,-0.15850481330202257,0.05492658986407013,0.048543932501290306,-0.09896603047684571,-0.07673434615135173,0.15441847494887723,0.05750107596361208
6.1850000000000005,18,0.2389307806935026,0.07235228249609627,0.055234812660731755,-0.06166006470122079,-0.15899891608066768,0.05454168553916116,0.049309663966437364,-0.09867336328177832,-0.07722615744342007,0.1518768643555206,0.059562316368033406
6.19,18,0.2439307806935025,0.07386636708339997,0.055506553735212065,-0.06141162845905258,-0.15949152984490397,0.05415434053153332,0.05006272864042779,-0.09837044211352923,-0.07771062359702793,0.1493517511114702,0.06160267655412954
6.195,18,0.24893078069350238,0.07538045167070367,0.055776352059350345,-0.06115945838882929,-0.1599826035855854,0.05376459150150731,0.050803208899386054,-0.09805737120342278,-0.07818777076078962,0.14684309096783907,0.06362222442878467
6.2,18,0.2539307806935023,0.07689453625800738,0.05604419570441302,-0.06090361720714669,-0.1604720868138736,0.05337247497866083,0.05153118689819204,-0.09773425444324899,-0.07865762508331929,0.14435083967574083,0.06562102789888254
6.205,18,0.25893078069350217,0.07840862084531108,0.056310072923987556,-0.060644167220379276,-0.16095992955954036,0.052978027361828495,0.05224674457048118,-0.09740119538526341,-0.07912021271323114,0.14187495298628905,0.06759915487130695
6.21,18,0.26393078069350207,0.07992270543261479,0.05657397215332874,-0.06038117032578647,-0.1614460823692699,0.05258128491910188,0.05294996362864451,-0.09705829724218724,-0.07957555979913934,0.13941538665059724,0.0695566732529417
6.215,18,0.26893078069350196,0.08143679001991849,0.056835882008704916,-0.06011468801261886,-0.16193049630496123,0.05218228378782944,0.05364092556382859,-0.0967056628872072,-0.08002369248965809,0.13697209641977898,0.07149365095067058
6.22,18,0.27393078069350185,0.0829508746072222,0.057095791286744385,-0.05984478136322437,-0.16241312294203042,0.0517810599746166,0.05431971164593557,-0.0963433948539756,-0.08046463693340153,0.1345450380449478,0.07341015587137736
6.2250000000000005,18,0.27893078069350263,0.08446495919452617,0.05735368896378159,-0.059571511054154536,-0.16289391436771303,0.051377649355325634,0.05498640292362331,-0.09597159533661027,-0.08089841927898396,0.13213416727721689,0.0753062559219462
6.23,18,0.2839307806935025,0.08597904378182987,0.057609564195203335,-0.05929493735727082,-0.1633728231793662,0.05097208767507595,0.055641080224304855,-0.09559036618969484,-0.08132506567501936,0.12973943986770065,0.07718201900926021
6.235,18,0.2889307806935024,0.08749312836913357,0.05786340631479529,-0.0590151201408506,-0.1638498024827713,0.05056441054824368,0.056283824154149176,-0.0951998089282783,-0.08174460227012202,0.12736081156751214,0.0790375130402035
6.24,18,0.2939307806935023,0.08900721295643728,0.05811520483408811,-0.05873211887069357,-0.1643248058904362,0.05015465345846195,0.05691471509808068,-0.0948000247278753,-0.0821570552129061,0.12499823812776499,0.0808728059216599
6.245,18,0.2989307806935022,0.09052129754374098,0.058364949441703735,-0.058445992611227904,-0.16479778751989724,0.04974285175862081,0.05753383321977939,-0.09439111442446606,-0.08256245065198581,0.12265167529957274,0.08268796556051312
6.25,18,0.3039307806935021,0.09203538213104469,0.05861263000270171,-0.05815680002661649,-0.16526870199202207,0.04932904067086725,0.05814125846168083,-0.09397317851449638,-0.08296081473597529,0.120321078834049,0.08448305986364704
6.255,18,0.308930780693502,0.09354946671834839,0.05885823655792548,-0.057864599381863155,-0.16573750442931162,0.048913255286605194,0.05873707054497615,-0.09354631715487766,-0.08335217361348876,0.11800640448230723,0.0862581567379454
6.26,18,0.3139307806935019,0.0950635513056521,0.05910175932334861,-0.057569448543918884,-0.1662041504542026,0.04849553056649549,0.05932134896961204,-0.09311063016298687,-0.08373655343314036,0.11570760799546102,0.08801332409029206
6.265000000000001,18,0.31893078069350267,0.09657763589295607,0.05934318868942118,-0.057271404982787974,-0.1666685961873697,0.048075901340455814,0.05989417301429085,-0.09266621701666647,-0.08411398034354435,0.11342464512462357,0.08974862982757098
6.2700000000000005,18,0.32393078069350256,0.09809172048025977,0.05958251522041587,-0.05697052577263448,-0.16713079824602797,0.04765440230766104,0.06045562173647022,-0.09221317685422473,-0.08448448049331479,0.11115747162090922,0.09146414185666546
6.275,18,0.32893078069350246,0.09960580506756347,0.05981972965377451,-0.05666686759288814,-0.16759071374223522,0.04723106803654272,0.061005773972363654,-0.09175160847443534,-0.08484808003106592,0.10890604323543113,0.09315992808445957
6.28,18,0.33393078069350235,0.10111988965486718,0.06005482289945416,-0.056360486729350755,-0.16804830028119433,0.04680593296478941,0.061544708336940104,-0.09128161033653753,-0.08520480510541191,0.10667031571930284,0.09483605641783707
6.285,18,0.33893078069350224,0.10263397424217088,0.06028778603927351,-0.05605143907530244,-0.16850351595955543,0.0463790313993466,0.0620725032239241,-0.0908032805602362,-0.08555468186496692,0.10445024482363792,0.09649259476368176
6.29,18,0.34393078069350214,0.10414805882947459,0.06051861032625907,-0.05573978013260776,-0.16895631936371847,0.04595039751641672,0.06258923680579576,-0.09031671692570181,-0.08589773645834518,0.10224578629954993,0.09812961102887743
6.295,18,0.34893078069350203,0.10566214341677829,0.06074728718399155,-0.055425565012822,-0.1694066695681353,0.04552006536145911,0.06309498703379073,-0.08982201687357039,-0.08623399503416086,0.10005689589815243,0.09974717312030791
6.3,18,0.3539307806935019,0.107176228004082,0.060973808205952065,-0.05510884843829738,-0.16985452613361218,0.04508806884919005,0.06358983163790026,-0.08931927750494356,-0.0865634837410281,0.09788352937055898,0.10134534894485699
6.305,18,0.3589307806935018,0.1086903125913857,0.06119816515486847,-0.05478968474328928,-0.17029984910561202,0.044654441763582735,0.06407384812687116,-0.08880859558138851,-0.0868862287275611,0.09572564246788312,0.1029242064094084
6.3100000000000005,18,0.3639307806935026,0.11020439717868967,0.06142034996206167,-0.054468127875062396,-0.17074259901255684,0.04421921775786724,0.06454711378820588,-0.08829006752493793,-0.0872022561423741,0.09358319094123808,0.10448381342084621
6.315,18,0.3689307806935025,0.11171848176599337,0.06164035472679173,-0.05414423139499719,-0.17118273686412966,0.043782430354530784,0.06500970568816218,-0.08776378941809036,-0.08751159213408118,0.09145613054173811,0.10602423788605377
6.32,18,0.3739307806935024,0.11323256635329708,0.06185817171560444,-0.05381804847969577,-0.17162022414957753,0.043344112945317266,0.06546170067175366,-0.08722985700380964,-0.08781426285129654,0.08934441702049645,0.10754554771191499
6.325,18,0.3789307806935023,0.11474665094060078,0.06207379336167737,-0.05348963192208837,-0.17205502283601326,0.04290429879122763,0.06590317536274941,-0.08668836568552533,-0.0881102944426344,0.08724800612862661,0.10904781080531376
6.33,18,0.38393078069350217,0.11626073552790449,0.06228721226416627,-0.05315903413253945,-0.1724870953667181,0.04246302102251972,0.06633420616367404,-0.0861394105271325,-0.08839971305670892,0.08516685361724219,0.11053109507313383
6.335,18,0.38893078069350207,0.11777482011520819,0.06249842118755131,-0.052826307139953996,-0.17291640465944386,0.04202031263870831,0.06675486925580783,-0.08558308625299184,-0.08868254484213425,0.08310091523745669,0.11199546842225902
6.34,18,0.39393078069350196,0.1192889047025119,0.06270741306098339,-0.05249150259288369,-0.17334291410471533,0.04157620650856511,0.06716524059918647,-0.08501948724792963,-0.08895881594752462,0.0810501467403837,0.11344099875957317
6.345,18,0.39893078069350185,0.1208029892898156,0.06291418097763038,-0.05215467176063313,-0.17376658756413263,0.041130735370118784,0.06756539593260134,-0.08444870755723767,-0.0892285525214942,0.07901450387713682,0.11486775399195996
6.3500000000000005,18,0.40393078069350263,0.12231707387711957,0.06311871819402351,-0.05181586553436603,-0.1741873893686735,0.040683931830654795,0.06795541077359944,-0.08387084088667335,-0.08949178071265718,0.07699394239882922,0.11627580202630344
6.355,18,0.4089307806935025,0.12383115846442327,0.06332101812940343,-0.05147513442821165,-0.1746052843169955,0.040235828366715805,0.06833536041848312,-0.08328598060245981,-0.08974852666962767,0.07498841805657516,0.11766521076948701
6.36,18,0.4139307806935024,0.12534524305172698,0.06352107436506679,-0.05113252858037068,-0.1750202376737387,0.03978645732410117,0.06870531994231047,-0.08269421973128563,-0.08999881654101992,0.07299788660148789,0.11903604812839462
6.365,18,0.4189307806935023,0.12685932763903068,0.06371888064371234,-0.050788097754221675,-0.17543221516782756,0.03933585091786723,0.0690653641988951,-0.0820956509603049,-0.09024267647544805,0.07102230378468088,0.12038838200991006
6.37,18,0.4239307806935022,0.1283734122263344,0.0639144308687872,-0.05044189133942725,-0.17584118299077361,0.038884041232327284,0.06941556782080624,-0.08149036663713739,-0.09048013262152632,0.06906162535726774,0.12172228032091717
6.375,18,0.4289307806935021,0.1298874968136381,0.0641077191038333,-0.05009395835304025,-0.1762471077949776,0.03843106022105154,0.0697560052193686,-0.08087845876986846,-0.09071121112786884,0.06711580707036204,0.12303781096829976
6.38,18,0.433930780693502,0.1314015814009418,0.06429873957183346,-0.04974434744061007,-0.17664995669203187,0.03797693970686715,0.07008675058466254,-0.08026001902704899,-0.09093593814308983,0.06518480467507737,0.1243350418589415
6.385,18,0.4389307806935019,0.1329156659882455,0.06448748665455785,-0.049393106877288734,-0.1770496972510227,0.037521711381858176,0.07040787788552394,-0.0796351387376955,-0.09115433981580343,0.06326857392252719,0.12561404089972625
6.390000000000001,18,0.44393078069350267,0.13442975057554946,0.06467395489191019,-0.04904028456893722,-0.17744629749683266,0.037065406807365545,0.07071946086954427,-0.07900390889128994,-0.09136644229462389,0.061367070563824795,0.12687487599753808
6.3950000000000005,18,0.44893078069350256,0.13594383516285316,0.06485813898127399,-0.04868592805323178,-0.1778397259084427,0.03660805741398735,0.0710215730630705,-0.0783664201377802,-0.09157227172816532,0.059480250350084425,0.12811761505926025
6.4,18,0.45393078069350246,0.13745791975015687,0.06504003377685894,-0.04833008450076989,-0.17822995141723483,0.03614969450157836,0.07131428777120521,-0.07772276278757936,-0.0917718542650419,0.05760806903241926,0.1293423259917768
6.405,18,0.45893078069350235,0.13897200433746057,0.06521963428904716,-0.04797280071617668,-0.17861694340529433,0.03569034923925037,0.07159767807780666,-0.07707302681156632,-0.09196521605386784,0.055750482361942834,0.1305490767019716
6.41,18,0.46393078069350224,0.14048608892476427,0.06539693568373944,-0.04761412313921108,-0.1790006717037119,0.035230052665372096,0.07187181684548849,-0.0764173018410854,-0.09215238324325731,0.053907446089768794,0.13173793509672835
6.415,18,0.46893078069350214,0.14200017351206798,0.06557193328170159,-0.0472540978458721,-0.17938110659088624,0.03476883568756919,0.07213677671562002,-0.07575567716794666,-0.0923333819818245,0.05207891596701061,0.13290896908293084
6.42,18,0.47393078069350203,0.14351425809937168,0.06574462255791066,-0.04689277054950498,-0.17975821879082624,0.03430672908272422,0.07239263010832611,-0.07508824174442558,-0.09250823841818356,0.05026484774478194,0.1340622465674629
6.425,18,0.4789307806935019,0.1450283426866754,0.06591499914090125,-0.046530186601907476,-0.1801319794714533,0.03384376349697669,0.07263944922248723,-0.07441508418326336,-0.09267697870094871,0.048465197174196215,0.13519783545720826
6.43,18,0.4839307806935018,0.1465424272739791,0.06608305881211184,-0.04616639099443602,-0.18050236024290367,0.03337996944572304,0.07287730603573934,-0.0737362927576667,-0.0928396289787341,0.04667992000636713,0.13631580365905077
6.4350000000000005,18,0.4889307806935026,0.14805651186128307,0.06624879750523102,-0.04580142835911193,-0.18086933315583092,0.032915377313616566,0.07310627230447407,-0.0730519554013078,-0.09299621540015396,0.044908971992407794,0.13741621907987447
6.44,18,0.4939307806935025,0.14957059644858678,0.06641221130554373,-0.045435342969727885,-0.18123287069970795,0.03245001735456769,0.07332641956383842,-0.07236215970832477,-0.09314676411382238,0.04315230888343255,0.13849914962656265
6.445,18,0.4989307806935024,0.15108468103589048,0.06657329644927766,-0.04506817874295371,-0.18159294580112967,0.031983919691743586,0.0735378191277352,-0.07166699293332095,-0.09329130126835361,0.041409886430554516,0.13956466320599933
6.45,18,0.5039307806935023,0.1525987656231942,0.06673204932294949,-0.04469997923944294,-0.1819495318221151,0.03151711431756838,0.07374054208882265,-0.07096654199136541,-0.09342985301236179,0.03968166038488725,0.14061282772506833
6.455,18,0.5089307806935022,0.1541128502104979,0.06688846646271115,-0.04433078766493888,-0.1823026025584098,0.03104963109372317,0.07393465931851462,-0.07026089345799277,-0.0935624454944611,0.0379675864975444,0.1416437110906534
6.46,18,0.5139307806935021,0.1556269347978016,0.0670425445536961,-0.0439606468713809,-0.18265213223778817,0.030581499751145946,0.0741202414669805,-0.06955013356920325,-0.09368910486326576,0.036267620519639485,0.14265738120963836
6.465,18,0.518930780693502,0.1571410193851053,0.06719428042936565,-0.04358959935801063,-0.18299809551835577,0.030112749890031668,0.07429735896314525,-0.0688343482214626,-0.09380985726738991,0.03458171820228603,0.14365390598890695
6.47,18,0.5239307806935019,0.158655103972409,0.06734367107085519,-0.0432176872724782,-0.18334046748685162,0.02964341097983218,0.07446608201468942,-0.06811362297170227,-0.09392472885544777,0.032909835296597606,0.14463335333534305
6.4750000000000005,18,0.5289307806935026,0.16016918855971296,0.06749071360632061,-0.04284495241194837,-0.18367922365695066,0.029173512359256217,0.07462648060804919,-0.06738804303731899,-0.0940337457760535,0.03125192755368757,0.14559579115583055
6.48,18,0.5339307806935025,0.16168327314701667,0.06763540531028436,-0.04247143622420703,-0.18401433996756578,0.02870308323626965,0.07477862450841617,-0.06665769329617564,-0.09413693417782125,0.029607950724669888,0.14654128735725291
6.485,18,0.5389307806935024,0.16319735773432037,0.06777774360298192,-0.04209717980876701,-0.18434579278115054,0.028232152688095057,0.07492258325973755,-0.06592265828660013,-0.0942343202093652,0.027977860560658003,0.14746990984649416
6.49,18,0.5439307806935023,0.16471144232162407,0.06791772604970805,-0.04172222391797461,-0.1846735588820012,0.027760749661212034,0.07505842618471627,-0.06518302220738623,-0.09432593001929959,0.02636161281276536,0.148381726530438
6.495,18,0.5489307806935022,0.16622552690892778,0.06805535036016302,-0.041346608958115705,-0.18499761547455928,0.02728890297135708,0.07518622238481062,-0.06443886891779313,-0.09441178975623854,0.024759163232105606,0.14927680531596826
6.5,18,0.5539307806935021,0.16773961149623148,0.06819061438779891,-0.040970374990522015,-0.18531794018171358,0.02681664130352364,0.07530604074023454,-0.06369028193754578,-0.09449192556879625,0.023170467569792137,0.1501552141099687
6.505,18,0.558930780693502,0.1692536960835352,0.06832351612916596,-0.04059356173267725,-0.1856345110431028,0.026343993211962076,0.07541794990995764,-0.06293734444683456,-0.09456636360558691,0.021595481576938722,0.15101702081932317
6.51,18,0.5639307806935019,0.1707677806708389,0.06845405372325876,-0.04021620855932345,-0.18594730651341776,0.025870987120179708,0.0755220183317049,-0.06218013928631551,-0.09463513001522471,0.020034161004658803,0.15186229335091547
6.515000000000001,18,0.5689307806935027,0.17228186525814287,0.06858222545086262,-0.03983835450356703,-0.18625630546070374,0.025397651320940667,0.07561831422195704,-0.061418748957110095,-0.09469825094632377,0.01848646160406566,0.15269109961162944
6.5200000000000005,18,0.5739307806935026,0.17379594984544658,0.06870802973389972,-0.0394600382579853,-0.1865614871646626,0.02492401397626628,0.07570690557595026,-0.06065325562080578,-0.09475575254749835,0.016952339126273388,0.15350350750834862
6.525,18,0.5789307806935025,0.17531003443275028,0.0688314651347756,-0.03908129817573236,-0.18686283131495557,0.02445010311743455,0.07578786016767629,-0.05988374109945514,-0.09480766096736255,0.015431749322395341,0.154299584947957
6.53,18,0.5839307806935023,0.176824119020054,0.0689525303557253,-0.03870217227164547,-0.18716031800950514,0.0239759466449805,0.07586124554988258,-0.05911028687557662,-0.09485400235453062,0.013924647943544966,0.15507939983733837
6.535,18,0.5889307806935022,0.1783382036073577,0.06907122423815962,-0.03832269822335129,-0.1874539277527976,0.02350157232869607,0.07592712905407198,-0.05833297409215406,-0.09489480285761669,0.01243099074083603,0.15584302008337642
6.54,18,0.5939307806935021,0.1798522881946614,0.06918754576201154,-0.03794291337237207,-0.18774364145418537,0.02302700780763013,0.07598557779050304,-0.05755188355263699,-0.09493008862523497,0.010950733465381973,0.15659051359295498
6.545,18,0.598930780693502,0.1813663727819651,0.06930149404508237,-0.037562854725231895,-0.1880294404261892,0.0225522805900885,0.07603665864818974,-0.05676709572094049,-0.09495988580599962,0.009483831868296239,0.15732194827295798
6.55,18,0.6039307806935019,0.1828804573692688,0.06941306834238817,-0.03718255895456285,-0.1883113063828006,0.022077418053633883,0.07608043829490177,-0.05597869072144524,-0.0949842205485248,0.008030241700692553,0.15803739203026895
6.555,18,0.6089307806935018,0.1843945419565725,0.06952226804550582,-0.03680206240021135,-0.18858922143778423,0.02160244744508598,0.07611698317716432,-0.05518674833899752,-0.09500311900142475,0.0065899187136843965,0.15873691277177196
6.5600000000000005,18,0.6139307806935026,0.18590862654387647,0.06962909268191961,-0.03642140107034416,-0.1888631681029801,0.021127395880521274,0.07614635952025813,-0.05439134801890899,-0.09501660731331359,0.005162818658385051,0.15942057840435073
6.565,18,0.6189307806935025,0.18742271113118017,0.06973354191436718,-0.03604061064255497,-0.1891331292866058,0.02065229034527344,0.07616863332821953,-0.053592568866957305,-0.09502471163280553,0.00374889728590869,0.16008845683488876
6.57,18,0.6239307806935024,0.18893679571848387,0.06983561554018611,-0.03565972646497025,-0.18939908829155916,0.020177157693932878,0.07618387038384047,-0.05279048964938539,-0.09502745810851475,0.0023481103473685107,0.16074061597027028
6.575,18,0.6289307806935023,0.19045088030578758,0.06993531349066003,-0.03527878355735562,-0.18966102881372032,0.01970202465034693,0.07619213624866833,-0.051985188792901774,-0.09502487288905544,0.000960413593878037,0.16137712371737875
6.58,18,0.6339307806935022,0.19196496489309128,0.07003263583036494,-0.03489781661222211,-0.18991893494025414,0.01922691780761993,0.07619349626300619,-0.05117674438468062,-0.09501698212304172,-0.0004142372234490049,0.16199804798309805
6.585,18,0.6389307806935021,0.193479049480395,0.07012758275651551,-0.03451685999593234,-0.19017279114791247,0.018751863628113093,0.07618801554591263,-0.05036523417236166,-0.09500381195908784,-0.0017758863534992136,0.16260345667431214
6.59,18,0.643930780693502,0.1949931340676987,0.0702201545983114,-0.03413594774980673,-0.1904225823013366,0.018276888443444612,0.07617575899520183,-0.049550735564050215,-0.09498538854580794,-0.0031245780451589033,0.1631934176979045
6.595,18,0.6489307806935019,0.1965072186550024,0.07031035181628341,-0.033755113591229784,-0.19066829365135946,0.017802018454489563,0.07615679128744354,-0.04873332562831721,-0.09496173803181623,-0.004460356547314632,0.16376799896075925
6.6000000000000005,18,0.6539307806935026,0.19802130324230638,0.07039817500163997,-0.03337439091475616,-0.19090991083330802,0.01732727973137988,0.07613117687796303,-0.04791308109419892,-0.09493288656572686,-0.005783266108852958,0.16432726836976005
6.605,18,0.6589307806935025,0.19953538782961008,0.07048362487561322,-0.03299381279321721,-0.19114741986530553,0.016852698213504696,0.07609898000084124,-0.04709007835119776,-0.094898860296154,-0.007093350978660032,0.16487129383179056
6.61,18,0.6639307806935024,0.2010494724169138,0.0705667022888054,-0.0326134119788268,-0.19138080714657402,0.016378299709509804,0.07606026466891451,-0.04626439344928122,-0.09485968537171188,-0.008390655405622333,0.16540014325373467
6.615,18,0.6689307806935023,0.2025635570042175,0.07064740822053521,-0.0322332209042878,-0.1916100594557364,0.015904109897298013,0.07601509467377493,-0.045436102098882464,-0.09481538794101467,-0.009675223638626374,0.16591388454247616
6.62,18,0.6739307806935022,0.2040776415915212,0.07072574377818389,-0.031853271683898225,-0.19183516394911904,0.015430154324029076,0.07596353358577003,-0.04460527967090037,-0.09476599415267649,-0.010947099926558677,0.16641258560489897
6.625,18,0.6789307806935021,0.20559172617882487,0.07080171019654169,-0.031473596114657436,-0.19205610815905388,0.014956458406119668,0.075905644754003,-0.04377200119669925,-0.09471153015531156,-0.012206328518305514,0.1668963143478866
6.63,18,0.683930780693502,0.20710581076612858,0.07087530883715407,-0.031094225677372432,-0.1922728799921809,0.014483047429243346,0.07584149130633248,-0.042936341368109116,-0.09465202209753405,-0.013452953662753564,0.16736513867832314
6.635,18,0.6889307806935019,0.20861989535343228,0.070946541187668,-0.030715191537763996,-0.19248546772775035,0.014009946548330671,0.07577113614937281,-0.0420983745374255,-0.09458749612795815,-0.014687019608789018,0.16781912650309214
6.640000000000001,18,0.6939307806935027,0.21013397994073627,0.07101540886117824,-0.030336524547572886,-0.19269386001592517,0.013537180787569002,0.0756946419684938,-0.04125817471740939,-0.09451797839519804,-0.015908570605298725,0.1682583457290776
6.6450000000000005,18,0.6989307806935026,0.21164806452803997,0.07108191359557361,-0.029958255245666365,-0.19289804587608317,0.013064775040402914,0.07561207122782092,-0.04041581558128777,-0.0944434950478679,-0.017117650901168624,0.1686828642631631
6.65,18,0.7039307806935025,0.21316214911534367,0.07114605725288334,-0.029580413859143923,-0.19309801469511956,0.012592754069533611,0.07552348617023502,-0.03957137046275284,-0.0943640722345819,-0.018314304745285278,0.1690927500122326
6.655,18,0.7089307806935023,0.21467623370264738,0.0712078418186233,-0.029203030304443878,-0.19329375622574912,0.012121142506919341,0.07542894881737283,-0.038724912355962385,-0.09427973610395422,-0.019498576386535245,0.16948807088316983
6.66,18,0.7139307806935022,0.21619031828995108,0.07126726940114225,-0.028826134188449405,-0.19348526058480864,0.011649964853775297,0.07532852096962633,-0.0378765139155399,-0.09419051280459904,-0.02067051007380496,0.16986889478285844
6.665,18,0.7189307806935021,0.2177044028772548,0.07132434223096822,-0.028449754809594892,-0.19367251825155912,0.011179245480573568,0.07522226420614328,-0.03702624745657445,-0.09409642848513056,-0.021830150055980865,0.1702352896181825
6.67,18,0.723930780693502,0.2192184874645585,0.0713790626601547,-0.02807392115897208,-0.19385552006598827,0.010709008627043173,0.07511023988482687,-0.036174184954620575,-0.09399750929416291,-0.022977540581949264,0.17058732329602552
6.675,18,0.7289307806935019,0.2207325720518622,0.071431433161627,-0.02769866192143631,-0.1940342572271126,0.010239278402170088,0.07499250914233596,-0.03532039804569852,-0.09389378138031035,-0.024112725900596845,0.17092506372327157
6.68,18,0.7339307806935018,0.2222466566391659,0.0714814563285285,-0.02732400547671271,-0.19420872129127995,0.00977007878419721,0.07486913289408496,-0.03446495802629406,-0.09378527089218701,-0.025235750260809837,0.17124857880680425
6.6850000000000005,18,0.7389307806935026,0.22376074122646988,0.07152913487356691,-0.02694997990050242,-0.19437890417047185,0.009301433620624243,0.07474017183424375,-0.03360793585335841,-0.09367200397840701,-0.02634665791147496,0.17155793645350742
6.69,18,0.7439307806935025,0.22527482581377356,0.07157447162836061,-0.026576612965589053,-0.19454479813060555,0.008833366628208156,0.07460568643573796,-0.03274940214430884,-0.09355400678758465,-0.027445493101478327,0.17185320457026484
6.695,18,0.7489307806935024,0.22678891040107726,0.07161746954278488,-0.026203932142944412,-0.19470639578983673,0.008365901392962482,0.0744657369502486,-0.0318894271770276,-0.09343130546833403,-0.028532300079706373,0.1721344510639603
6.7,18,0.7539307806935023,0.22830299498838097,0.07165813168431823,-0.025831964602835204,-0.19486369011686155,0.007899061370157858,0.07432038340821238,-0.031028080889862884,-0.09330392616926936,-0.029607123095045863,0.17240174384147758
6.705,18,0.7589307806935022,0.22981707957568467,0.07169646123738867,-0.025460737215928946,-0.1950166744292191,0.007432869884321812,0.07416968561882152,-0.030165432881628353,-0.0931718950390048,-0.030670006396382902,0.17265515080970056
6.71,18,0.7639307806935021,0.23133116416298838,0.07173246150271996,-0.025090276554400374,-0.19516534239159372,0.006967350129238803,0.07401370317002376,-0.029301552411603284,-0.09303523822615453,-0.03172099423260405,0.17289473987551293
6.715,18,0.768930780693502,0.23284524875029208,0.07176613589667796,-0.024720608893037593,-0.19530968801411724,0.0065025251679502365,0.07385249542852251,-0.028436508399532445,-0.09289398187933275,-0.03276013085259591,0.17312057894579846
6.72,18,0.7739307806935019,0.2343593333375958,0.07179748795061688,-0.024351760210348274,-0.1954497056506715,0.0060384179327544266,0.07368612153977672,-0.027570369425626382,-0.09274815214715361,-0.033787460505244706,0.17333273592744106
6.7250000000000005,18,0.7789307806935026,0.23587341792489977,0.07182652131022553,-0.023983756189665875,-0.19558538999719047,0.0055750512252065385,0.07351464042800078,-0.02670320373056086,-0.09259777517823133,-0.034803027439437126,0.17353127872732443
6.73,18,0.7839307806935025,0.23738750251220347,0.07185323973487365,-0.02361662222025604,-0.19571673608996265,0.005112447716118932,0.07333811079616495,-0.025835079215477827,-0.09244287712118002,-0.03580687590405928,0.17371627525233244
6.735,18,0.7889307806935024,0.23890158709950718,0.0718776470969582,-0.023250383398422503,-0.19584373930393342,0.004650629945560621,0.07315659112599465,-0.024966063441984213,-0.09228348412461394,-0.036799050147997885,0.17388779340934876
6.74,18,0.7939307806935023,0.24041567168681088,0.0718997473812496,-0.022885064528613573,-0.19596639535100746,0.00418962032285764,0.07297013967797131,-0.024096223632152865,-0.09211962233714725,-0.03777959442013913,0.17404590110525728
6.745,18,0.7989307806935022,0.2419297562741146,0.0719195446842381,-0.022520690124528217,-0.19608470027835082,0.0037294411265929635,0.07277881449133153,-0.023225626668522067,-0.09195131790739411,-0.03874855296936975,0.1741906662469418
6.75,18,0.8039307806935021,0.2434438408614183,0.07193704321347993,-0.022157284410222355,-0.19619865046669352,0.003270114504606508,0.07258267338406764,-0.022354339094095708,-0.0917785969839687,-0.03970597004457588,0.17432215674128596
6.755,18,0.808930780693502,0.244957925448722,0.07195224728694372,-0.02179487132121504,-0.19630824262863175,0.002811662473995067,0.07238177395292762,-0.021482427112343345,-0.0916014857154852,-0.040651889894644126,0.17444044049517374
6.76,18,0.8139307806935019,0.2464720100360257,0.0719651613323567,-0.02143347450559474,-0.19641347380693017,0.0023541069211124106,0.07217617357341492,-0.020609956587200003,-0.09142001025055778,-0.04158635676846101,0.17454558541548884
6.765000000000001,18,0.8189307806935027,0.24798609462332966,0.07197578988655101,-0.021073117325125422,-0.1965143413728243,0.0018974696015691438,0.07196592939978859,-0.019736993043066153,-0.09123419673780063,-0.04250941491491304,0.1746376594091151
6.7700000000000005,18,0.8239307806935026,0.24950017921063336,0.07198413759481,-0.02071382285635303,-0.19661084302432283,0.001441772140233049,0.07175109836506328,-0.018863601664808417,-0.09104407132582794,-0.043421108582886295,0.17471673038293625
6.775,18,0.8289307806935025,0.25101426379793707,0.07199020921021448,-0.020355613891711387,-0.19670297678450993,0.0009870360312285605,0.07153173718100908,-0.017989847297758387,-0.09084966016325391,-0.04432148202126748,0.1747828662438361
6.78,18,0.8339307806935023,0.2525283483852408,0.07199400959298907,-0.019998512940628647,-0.1967907409998476,0.000533282637937154,0.07130790233815179,-0.017115794447713446,-0.09065098939869264,-0.045210579478942935,0.17483613489869843
6.785,18,0.8389307806935022,0.2540424329725445,0.07199554370984837,-0.01964254223063349,-0.19687413433847803,8.05331929972775e-05,0.07107965010577266,-0.016241507280936703,-0.09044808518075839,-0.04608844520479907,0.17487660425440707
6.79,18,0.8439307806935021,0.2555565175598482,0.07199481663334338,-0.019287723708461137,-0.19695315578852585,-0.0003711912016957992,0.07084703653190873,-0.015367049624156566,-0.09024097365806533,-0.04695512344772263,0.17490434221784582
6.795,18,0.848930780693502,0.2570706021471519,0.07199183354120768,-0.018934079041159936,-0.19702780465640043,-0.0008218695749897912,0.07061011744335223,-0.014492484964567239,-0.09002968097922757,-0.04781065845659954,0.17491941669589836
6.8,18,0.8539307806935019,0.2585846867344556,0.07198659971570376,-0.01858162961719724,-0.19709808056509845,-0.0012714810864755245,0.07036894844565128,-0.013617876449828419,-0.08981423329285936,-0.0486550944803167,0.17492189559544863
6.805,18,0.8589307806935018,0.2600987713217593,0.07197912054296932,-0.01823039654756587,-0.1971639834525059,-0.0017200050264868359,0.07012358492310952,-0.012743286888065466,-0.08959465674757486,-0.04948847576776037,0.17491184682338026
6.8100000000000005,18,0.8639307806935026,0.26161285590906325,0.07196940151236349,-0.01788040066689013,-0.19722551356970058,-0.002167420816100807,0.06987408203878599,-0.011868778747869103,-0.08937097749198825,-0.050310846567817126,0.17488933828657724
6.815,18,0.8689307806935025,0.263126940496367,0.0719574482158132,-0.01753166253453229,-0.1972826714792545,-0.002613708007137303,0.06962049473449548,-0.010994414158295981,-0.0891432216747137,-0.0511222511293731,0.17485443789192323
6.82,18,0.8739307806935024,0.26464102508367066,0.07194326634715939,-0.017184202435698535,-0.19733545805353597,-0.003058846282159477,0.06936287773080829,-0.010120254908868146,-0.0889114154443654,-0.051922733701314984,0.17480721354630208
6.825,18,0.8789307806935023,0.2661551096709744,0.07192686170150338,-0.016838040382545376,-0.19738387447301226,-0.0035028154544734912,0.06910128552705022,-0.009246362449573156,-0.08867558494955753,-0.05271233853252917,0.17474773315659747
6.83,18,0.8839307806935022,0.26766919425827806,0.07190824017455302,-0.016493196115285748,-0.19742792222455152,-0.003945595468128613,0.06883577240130272,-0.008372797890864233,-0.08843575633890426,-0.05349110987190206,0.1746760646296933
6.835,18,0.8889307806935021,0.2691832788455818,0.07188740776196913,-0.01614968910329532,-0.1974676030997256,-0.004387166397917149,0.06856639241040278,-0.007499622003660121,-0.08819195576101979,-0.05425909196832007,0.17459227587247322
6.84,18,0.893930780693502,0.2706973634328855,0.07186437055871167,-0.015807538546218705,-0.19750291919311183,-0.004827508449374439,0.06829319938994297,-0.006626895219345235,-0.08794420936451826,-0.05501632907066966,0.17449643479182125
6.845,18,0.8989307806935019,0.2722114480201892,0.07183913475838608,-0.015466763375075632,-0.19753387290059582,-0.00526660195877897,0.06801624695427141,-0.0057546776297694975,-0.08769254329801389,-0.05576286542783746,0.17438860929462097
6.8500000000000005,18,0.9039307806935026,0.27372553260749316,0.07181170665258951,-0.015127382253367155,-0.19756046691767348,-0.005704427393152328,0.06773558849649171,-0.004883028987248341,-0.08743698371012082,-0.05649874528870974,0.17426886728775634
6.855,18,0.9089307806935025,0.2752396171947969,0.07178209263025725,-0.014789413578182128,-0.19758270423775354,-0.006140965350258946,0.06745127718846337,-0.00401200870456315,-0.08717755674945328,-0.0572240129021729,0.17413727667811113
6.86,18,0.9139307806935024,0.27675370178210057,0.07175029917700879,-0.01445287548130298,-0.19760058815045978,-0.006576196558606562,0.0671633659808009,-0.0031416758549604653,-0.08691428856462541,-0.05793871251711341,0.1739939053725689
6.865,18,0.9189307806935023,0.2782677863694043,0.0717163328744943,-0.014117785830312278,-0.19761412223993335,-0.007010101877445952,0.06687190760287494,-0.002272089172152489,-0.08664720530425139,-0.058642888382417754,0.17383882127801378
6.87,18,0.9239307806935022,0.279781870956708,0.0716802003997408,-0.013784162229698867,-0.1976233103831351,-0.0074426622967708415,0.06657695456281137,-0.0014033070503172405,-0.08637633311694544,-0.059336584746972246,0.17367209230132932
6.875,18,0.9289307806935021,0.2812959555440117,0.07164190852449848,-0.013452022021963987,-0.19762815674814807,-0.007873858937318167,0.06627855914749167,-0.0005353875440979964,-0.0861016981513217,-0.0600198458596636,0.17349378634939935
6.88,18,0.933930780693502,0.2828100401313154,0.07160146411458704,-0.013121382288727688,-0.1976286657924795,-0.008303673050567876,0.06597677342255297,0.0003316116313961355,-0.08582332655599434,-0.06069271596937793,0.1733039713291077
6.885,18,0.9389307806935019,0.2843241247186191,0.07155887412924186,-0.012792259851834888,-0.19762484226136348,-0.00873208601874296,0.065671649232388,0.0011976331005906198,-0.0855412444795776,-0.06135523932500193,0.1731027151473382
6.890000000000001,18,0.9439307806935027,0.2858382093059231,0.07151414562046038,-0.012464671274461617,-0.19761669118606304,-0.009159079354809573,0.06536323820014497,0.0020626198274453092,-0.08525547807068554,-0.062007460175422094,0.17289008571097453
6.8950000000000005,18,0.9489307806935026,0.28735229389322675,0.07146728573234837,-0.012138632862221416,-0.19760421788217264,-0.009584634702476742,0.06505159172772765,0.002926515115454242,-0.08496605347793247,-0.06264942276952454,0.17266615092690055
6.9,18,0.9539307806935025,0.2888663784805305,0.07141830170046612,-0.01181416066427124,-0.1975874279479204,-0.01000873383619681,0.06473676099579542,0.0037892626076462305,-0.08467299684993253,-0.06328117135619592,0.17243097870200005
6.905,18,0.9589307806935023,0.29038046306783416,0.0713672008511749,-0.011491270474417989,-0.19756632726247045,-0.010431358661165012,0.06441879696376326,0.0046508062865842905,-0.0843763343352999,-0.0639027501843227,0.17218463694315692
6.91,18,0.9639307806935022,0.2918945476551379,0.0713139906009831,-0.011169977832224537,-0.19754092198422532,-0.010852491213319743,0.06409775036980166,0.005511090474365978,-0.08407609208264871,-0.06451420350279119,0.1719271935572549
6.915,18,0.9689307806935021,0.29340863224244157,0.07125867845589254,-0.01085029802411603,-0.1975112185491282,-0.011272113659342473,0.06377367173083665,0.006370059832623215,-0.08377229624059318,-0.06511557556048796,0.1716587164511774
6.92,18,0.973930780693502,0.2949227168297453,0.07120127201074478,-0.010532246084486087,-0.19747722366896525,-0.011690208296657706,0.0634466113425499,0.007227659362522302,-0.0834649729577475,-0.06570691060629935,0.1713792735318089
6.925,18,0.9789307806935019,0.296436801417049,0.07114177894856746,-0.010215836796803067,-0.19743894432966794,-0.012106757553432965,0.06311661927937869,0.00808383440476387,-0.08315414838272586,-0.06628825288911186,0.17108893270603273
6.93,18,0.9839307806935018,0.2979508860043527,0.07108020703992043,-0.009901084694716185,-0.1973963877896155,-0.012521743988578995,0.06278374539451569,0.008938530639583345,-0.08283984866414237,-0.06685964665781202,0.17078776188073272
6.9350000000000005,18,0.9889307806935026,0.29946497059165667,0.07101656414224221,-0.00958800406316182,-0.19734956157793704,-0.012935150291749539,0.062448039319909214,0.009791694086750286,-0.08252209995061123,-0.06742113616128617,0.17047582896279267
6.94,18,0.9939307806935025,0.3009790551789604,0.07095085819919617,-0.009276608939469813,-0.1972984734928141,-0.013346959283341276,0.0621095504662633,0.01064327110556849,-0.08220092839074668,-0.06797276564842068,0.17015320185909652
6.945,18,0.9989307806935024,0.3024931397662641,0.07088309724001679,-0.008966913114469552,-0.19724313159978274,-0.013757153914494126,0.06176832802303748,0.011493208394876447,-0.08187636013316285,-0.06851457936810208,0.1698199484765279
6.95,18,1.0039307806935023,0.3040072243535678,0.07081328937885607,-0.00865893013359613,-0.1971835442300361,-0.014165717267091035,0.061424420958446635,0.012341452993047028,-0.08154842132647397,-0.06904662156921682,0.1694761367219708
6.955,18,1.0089307806935022,0.3055213089408715,0.0707414428141297,-0.008352673297996785,-0.19711971997872652,-0.014572632553758031,0.06107787801946142,0.013187952277987615,-0.08121713811929414,-0.0695689365006512,0.16912183450230872
6.96,18,1.013930780693502,0.3070353935281752,0.07066756582786336,-0.008048155665636991,-0.19705166770326804,-0.014977883117864183,0.0607287477318081,0.014032653967139791,-0.08088253666023759,-0.07008156841129184,0.16875710972442579
6.965,18,1.018930780693502,0.3085494781154789,0.07059166678503909,-0.0077453900524067365,-0.19697939652163868,-0.015381452433521618,0.060377078399968385,0.014875506117479592,-0.08054464309791852,-0.07058456155002521,0.16838203029520551
6.97,18,1.0239307806935019,0.3100635627027826,0.0705137541329414,-0.007444389033226646,-0.19690291581068262,-0.01578332410558558,0.06002291810717955,0.0157164571255177,-0.08020348358095106,-0.07107796016573757,0.1679966641215317
6.9750000000000005,18,1.0289307806935026,0.3115776472900866,0.0704338364005038,-0.007145164943154182,-0.19682223520441278,-0.016183481869654456,0.0596663147154345,0.016555455727299093,-0.07985908425794934,-0.07156180850731551,0.16760107911028832
6.98,18,1.0339307806935025,0.31309173187739026,0.07035192219765486,-0.006847729878490312,-0.19673736459231295,-0.016581909592069434,0.059307315865481804,0.017392450998402836,-0.07951147127752774,-0.07203615082364541,0.16719534316835916
6.985,18,1.0389307806935024,0.314605816464694,0.07026802021466466,-0.006552095697884959,-0.19664831411764022,-0.016978591269915043,0.058945968976825254,0.018227392353942957,-0.0791606707883002,-0.07250103136361363,0.16677952420262768
6.99,18,1.0439307806935023,0.31611990105199766,0.07018213922149089,-0.006258274023443852,-0.19655509417572725,-0.017373511031018765,0.05858232124772479,0.019060229548567603,-0.07880670893888106,-0.07295649437610684,0.16635369011997816
6.995,18,1.0489307806935022,0.3176339856393014,0.07009428806712534,-0.0059662762418344895,-0.19645771541228463,-0.017766653133951208,0.05821641965519531,0.01989091267645932,-0.07844961187788443,-0.07340258411001126,0.16591790882729404
7.0,18,1.053930780693502,0.3191480702266051,0.07000447567894008,-0.005676113505392391,-0.1963561887217032,-0.01815800196802597,0.057848310955007545,0.020719392171335182,-0.07808940575392458,-0.0738393448142134,0.16547224823145923
7.005,18,1.058930780693502,0.3206621548139088,0.06991271106203369,-0.005387796733227326,-0.1962505252453564,-0.018547542053299837,0.05747804168168784,0.021545618806446728,-0.0777261167156155,-0.0742668207375998,0.16501677623935748
7.01,18,1.0639307806935019,0.3221762394012125,0.06981900329857768,-0.005101336612329657,-0.19614073636990256,-0.018935258040572576,0.05710565814851814,0.02236954369457974,-0.07735977091157158,-0.07468505612905661,0.16455156075787264
7.015000000000001,18,1.0689307806935027,0.3236903239885165,0.06972336154716266,-0.0048167435986761625,-0.1960268337255872,-0.019321134711387092,0.05673120644753562,0.02319111828805477,-0.07699039449040675,-0.07509409523747068,0.16407666969388843
7.0200000000000005,18,1.0739307806935026,0.32520440857582017,0.06962579504214468,-0.004534027918337,-0.19590882918454555,-0.019705156978029163,0.05635473244953357,0.024010294378726125,-0.07661801360073549,-0.07549398231172823,0.16359217095428874
7.025,18,1.0789307806935025,0.3267184931631239,0.06952631309299152,-0.004253199568581001,-0.19578673485910453,-0.02008730988352795,0.055976281804060384,0.02482702409798311,-0.07624265439117181,-0.07588476160071556,0.16309813244595714
7.03,18,1.0839307806935023,0.3282325777504276,0.06942492508362896,-0.0039742683189826905,-0.19566056310008545,-0.02046757860165542,0.05559589993942041,0.02564125991674925,-0.07586434301032989,-0.0762664773533193,0.16259462207577785
7.035,18,1.0889307806935022,0.3297466623377313,0.069321640471787,-0.0036972437125280533,-0.19553032649510596,-0.020845948436926776,0.05521363206267312,0.026452954645482488,-0.075483105606824,-0.07663917381842604,0.16208170775063427
7.04,18,1.0939307806935021,0.331260746925035,0.06921646878834628,-0.0034221350667208716,-0.1953960378668828,-0.021222404824600232,0.05482952315963382,0.02726206143417536,-0.07509896832926818,-0.07700289524492199,0.1615594573774102
7.045,18,1.098930780693502,0.33277483151233866,0.06910941963668427,-0.0031489514746889657,-0.19525771027153394,-0.021596933330677047,0.05444361799487346,0.02806853377235467,-0.07471195732627674,-0.07735768588169331,0.16102793886298972
7.05,18,1.103930780693502,0.3342889160996424,0.06900050269202153,-0.002877701806290489,-0.1951153569968806,-0.021969519651901602,0.05405596111171838,0.028872325489081405,-0.07432209874646376,-0.07770358997762712,0.16048722011425628
7.055,18,1.1089307806935018,0.3358030006869461,0.06888972770076812,-0.002608394709220044,-0.1949689915607501,-0.02234014961576131,0.05366659683225046,0.029673390752951386,-0.07392941873844347,-0.07804065178160942,0.15993736903809397
7.0600000000000005,18,1.1139307806935026,0.3373170852742501,0.06877710447986973,-0.0023410386101147818,-0.1948186277092778,-0.022708809180486785,0.05327556925730729,0.03047168407209488,-0.07353394345082993,-0.07836891554252676,0.15937845354138616
7.065,18,1.1189307806935025,0.33883116986155376,0.0686626429161541,-0.0020756417156611306,-0.19466427941520975,-0.023075484435051377,0.052882922266482175,0.03126716029417591,-0.07313569903223761,-0.07868842550926562,0.15881054153101737
7.07,18,1.1239307806935024,0.3403452544488575,0.06854635296567721,-0.0018122120137002429,-0.19450596087620467,-0.023440161599171862,0.05248869951812345,0.03205977460639375,-0.07273471163128042,-0.0789992259307124,0.15823370091387068
7.075,18,1.1289307806935023,0.34185933903616117,0.06842824465306964,-0.0015507572743349574,-0.19434368651313658,-0.02380282702330789,0.05209294444933575,0.03284948253548144,-0.07233100739657264,-0.07930136105575332,0.1576479995968303
7.08,18,1.1339307806935022,0.3433734236234649,0.06830832807088272,-0.0012912850510355678,-0.19417747096839685,-0.024163467188662333,0.05169570027597851,0.03363623994770694,-0.07192461247672843,-0.07959487513327528,0.15705350548677974
7.085,18,1.138930780693502,0.3448875082107686,0.068186613378935,-0.001033802681746146,-0.1940073291041968,-0.024522068707180985,0.051297009992667286,0.0344200030488724,-0.07151555302036201,-0.07987981241216432,0.156450286490603
7.09,18,1.143930780693502,0.3464015927980723,0.06806311080365841,-0.0007783172899909208,-0.1938332760008698,-0.02487861832155276,0.050896916372773056,0.03520072838431422,-0.07110385517608751,-0.08015621714130695,0.15583841051518363
7.095,18,1.1489307806935019,0.347915677385376,0.06793783063744459,-0.0005248357859802405,-0.19365532695517396,-0.02523310290520968,0.05049546196842234,0.035978372838903566,-0.0706895450925191,-0.08042413356958981,0.1552179454674058
7.1000000000000005,18,1.1539307806935026,0.34942976197268,0.06781078323799113,-0.0002733648677169659,-0.19347349747859374,-0.025585509462326884,0.0500926891104971,0.03675289363704599,-0.07027264891827092,-0.08068360594589927,0.1545889592541528
7.105,18,1.1589307806935025,0.3509438465599837,0.06768197902764794,-2.3911022102821033e-05,-0.19328780329564316,-0.025935825127822314,0.049688639908635125,0.03752424834268079,-0.06985319280195734,-0.08093467851912166,0.15395151978230895
7.11,18,1.1639307806935024,0.3524579311472874,0.06755142849276344,0.000223519473955755,-0.1930982603421675,-0.026284037167357336,0.04928335625122961,0.03829239485928281,-0.06943120289219239,-0.08117739553814361,0.15330569495875773
7.115,18,1.1689307806935023,0.3539720157345911,0.0674191421830309,0.00046892055244109054,-0.19290488476364592,-0.026630132977336178,0.048876879805429256,0.039057291429860384,-0.06900670533759028,-0.08141180125185137,0.152651552690383
7.12,18,1.1739307806935022,0.35548610032189476,0.06728513071083471,0.0007122863531181661,-0.1927076929134936,-0.02697410008490619,0.04846925201713844,0.0398188966369567,-0.06857972628676512,-0.0816379399091313,0.1519891608840686
7.125,18,1.178930780693502,0.3570001849091985,0.06714940475059664,0.0009536112224283882,-0.19250670135136422,-0.027315926147957793,0.04806051411101717,0.04057716940264935,-0.0681502918883312,-0.08185585575887017,0.15131858744669813
7.13,18,1.183930780693502,0.35851426949650217,0.0670119750381222,0.00119288971238328,-0.19230192684145228,-0.02765559895512449,0.047650707090480936,0.04133206898855001,-0.06771842829090272,-0.08206559304995426,0.1506399002851556
7.135,18,1.1889307806935019,0.3600283540838059,0.06687285236994685,0.0014301165794583515,-0.19209338635079531,-0.02799310642578284,0.04723987173770063,0.04208355499580525,-0.06728416164309371,-0.08226719603126989,0.14995316730632488
7.140000000000001,18,1.1939307806935027,0.36154243867110986,0.06673204760268227,0.0016652867834870966,-0.1918810970475764,-0.02832843661005255,0.04682804861360292,0.04283158736509602,-0.06684751809351833,-0.08246070895170363,0.14925845641708918
7.1450000000000005,18,1.1989307806935026,0.3630565232584136,0.06658957165236278,0.0018983954865540165,-0.19166507629942614,-0.028661577688796132,0.04641527805787025,0.04357612637663714,-0.066408523790791,-0.08264617606014202,0.1485558355243331
7.15,18,1.2039307806935025,0.36457060784571726,0.06644543549379145,0.002129438051889393,-0.19144534167172553,-0.02899251797361955,0.046001600188940076,0.0443171326501783,-0.0659672048835257,-0.08282364160547097,0.1478453725349399
7.155,18,1.2089307806935023,0.366084692433021,0.06629965015988647,0.002358410042762382,-0.19122191092590773,-0.02932124590687154,0.04558705490400575,0.045054567145003575,-0.06552358752033673,-0.08299314983657771,0.1471271353557936
7.16,18,1.2139307806935022,0.3675987770203247,0.06615222674102747,0.0025853072213749273,-0.1909948020177608,-0.02964775006164402,0.04517168187901657,0.04578839115993134,-0.06507769784983826,-0.08315474500234837,0.14640119189377787
7.165,18,1.2189307806935021,0.3691128616076284,0.0660031763844017,0.002810125547755893,-0.1907640330957299,-0.02997201914177208,0.044755520568676425,0.04651856633331473,-0.06462956202064427,-0.08330847135166894,0.1456676100557763
7.17,18,1.223930780693502,0.3706269461949321,0.06585251029335046,0.003032861178654228,-0.19052962249921934,-0.03029404198183367,0.04433861020644573,0.04724505464304071,-0.06417920618136921,-0.08345437313342649,0.14492645774867313
7.175,18,1.228930780693502,0.3721410307822358,0.06570023972671521,0.003253510466433157,-0.19029158875689542,-0.030613807547149978,0.043920989804540025,0.04796781840653102,-0.0637266564806271,-0.08359249459650737,0.14417780287935206
7.18,18,1.2339307806935018,0.3736551153695395,0.06554637599818403,0.0034720699579640357,-0.19004995058498836,-0.030931304933785174,0.0435026981539304,0.048686820280741935,-0.06327193906703216,-0.08372287998979762,0.14342171335469664
7.1850000000000005,18,1.2389307806935026,0.37516919995684345,0.06539093047563772,0.0036885363935198617,-0.18980472688559483,-0.031246523368546608,0.04308377382434347,0.049402023262164,-0.06281508008919846,-0.08384557356218393,0.1426582570815906
7.19,18,1.2439307806935025,0.3766832845441472,0.06523391458049634,0.0039029067056689654,-0.18955593674498017,-0.0315594522089845,0.04266425516426178,0.05011339068682204,-0.062356105695740384,-0.08396061956255285,0.14188750196691807
7.195,18,1.2489307806935024,0.37819736913145086,0.06507533978706521,0.004115178018169283,-0.1893035994318808,-0.03187008094339231,0.042244180300923265,0.0508208862302753,-0.061895042035272026,-0.08406806223979073,0.1411095159175628
7.2,18,1.2539307806935023,0.3797114537187546,0.06491521762188135,0.004325347644861713,-0.18904773439580647,-0.03217839919080652,0.04182358714032107,0.051524473907617906,-0.06143191525640754,-0.08416794584278385,0.1403243668404084
7.205,18,1.2589307806935022,0.38122553830605826,0.06475355966305978,0.004533413088563962,-0.18878836126534265,-0.03248439670100673,0.04140251336720433,0.052224118073477814,-0.06096675150776114,-0.08426031462041887,0.1395321226423387
7.21,18,1.263930780693502,0.382739622893362,0.0645903775396397,0.004739372039964315,-0.18852549984645273,-0.032788063354515506,0.04098099644507772,0.052919783422017766,-0.060499576937946956,-0.08434521282158208,0.13873285123023735
7.215,18,1.268930780693502,0.3842537074806657,0.06442568293093091,0.004943222376515691,-0.1882591701207807,-0.033089389162598556,0.04055907361620118,0.053611434986934894,-0.06003041769557921,-0.08442268469516007,0.13792662051098856
7.22,18,1.2739307806935019,0.3857677920679694,0.06425948756586003,0.005144962161329106,-0.18798939224395295,-0.03338836426726474,0.0401367819015905,0.054299038141460594,-0.05955929992927203,-0.08449277449003922,0.13711349839147569
7.2250000000000005,18,1.2789307806935026,0.38728187665527336,0.06409180322231664,0.005344589642067368,-0.18771618654388098,-0.03368497894126584,0.03971415810101708,0.05498255859836085,-0.05908624978763956,-0.08455552645510583,0.1362935527785824
7.23,18,1.2839307806935025,0.3887959612425771,0.06392264172649988,0.005542103249839211,-0.1874395735190637,-0.03397922358809666,0.0392912387930076,0.05566196240993573,-0.058611293419296134,-0.08461098483924658,0.13546685157919322
7.235,18,1.2889307806935024,0.39031004582988077,0.06375201495226447,0.0057375015980928035,-0.18715957383688958,-0.03427108874199526,0.038868060334844697,0.05633721596802001,-0.05813445697285593,-0.08465919389134798,0.13463346270019158
7.24,18,1.2939307806935023,0.3918241304171845,0.06357993482046712,0.005930783481509688,-0.18687620833193921,-0.034560565067942715,0.038444658862566115,0.057008286003983034,-0.05765576659693295,-0.08470019786029595,0.1337934540484611
7.245,18,1.2989307806935022,0.3933382150044882,0.0634064132983127,0.0061219478748985034,-0.18658949800428734,-0.034847643361663135,0.038021070290965506,0.05767513958872822,-0.05717524844014151,-0.0847340409949774,0.13294689353088537
7.25,18,1.303930780693502,0.3948522995917919,0.0632314623987007,0.006310993932088699,-0.18629946401780548,-0.03513231454962372,0.03759733031359199,0.05833774413269365,-0.056692928651095736,-0.0847607675442787,0.13209384905434873
7.255,18,1.308930780693502,0.3963663841790956,0.06305509417957134,0.006497920984824268,-0.186006127698464,-0.03541456968903467,0.03717347440275023,0.058996067385851524,-0.05620883337840984,-0.08478042175708635,0.1312343885257349
7.26,18,1.3139307806935019,0.3978804687663993,0.06287732074325193,0.006682728541657801,-0.18570951053263468,-0.0356943999678494,0.036749537809500535,0.05965007743770889,-0.055722988770698006,-0.08479304788228638,0.13036857985192737
7.265000000000001,18,1.3189307806935027,0.3993945533537033,0.06269815423580322,0.0068654162868439506,-0.1854096341653928,-0.035971796704764344,0.03632555556365856,0.06029974271730703,-0.05523542097657428,-0.0847986901687657,0.12949649093980978
7.2700000000000005,18,1.3239307806935026,0.40090863794100695,0.06251760684636563,0.007045984079233347,-0.1851065203988199,-0.036246751349218884,0.035901562473795764,0.06094503199322137,-0.054746156144653,-0.08479739286541056,0.12861818969626634
7.275,18,1.3289307806935025,0.4024227225283107,0.06233569080650543,0.0072244319511663435,-0.18480019119030544,-0.03651925548139556,0.035477593127239304,0.06158591437356213,-0.054255220423548314,-0.08478920022110732,0.12773374402818088
7.28,18,1.3339307806935023,0.40393680711561436,0.06215241838956122,0.00740076010736701,-0.18449066865084968,-0.03678930081222004,0.03505368189007159,0.06222235930597368,-0.05376263996187443,-0.08477415648474264,0.12684322184243677
7.285,18,1.3389307806935022,0.4054508917029181,0.06196780190999,0.007574968923836384,-0.18417797504336583,-0.037056879183361015,0.034629862907130576,0.06285433657763521,-0.05326844090824543,-0.08475230590520291,0.12594669104591819
7.29,18,1.3439307806935021,0.40696497629022177,0.061781853722713664,0.0077470589467469875,-0.1838621327809823,-0.037321982567230266,0.03420617010201012,0.06348181631525969,-0.05277264941127555,-0.08472369273137428,0.12504421954550868
7.295,18,1.348930780693502,0.4084790608775255,0.061594586222465164,0.00791703089133576,-0.1835431644253451,-0.03758460306698258,0.03378263717705917,0.06410476898509523,-0.05227529161957896,-0.08468836121214357,0.12413587524809229
7.3,18,1.353930780693502,0.4099931454648292,0.061406011843134795,0.008084885640798609,-0.1832210926849202,-0.037844732916515855,0.0333592976133828,0.06472316539292376,-0.051776393681769874,-0.08464635559639715,0.12322172606055244
7.305,18,1.3589307806935018,0.4115072300521329,0.06121614305711656,0.008250624245183844,-0.18289594041329588,-0.038102364480471135,0.032936184670841216,0.06533697668406212,-0.05127598174646238,-0.08459772013302101,0.12230183988977326
7.3100000000000005,18,1.3639307806935026,0.41302131463943687,0.06102499237465431,0.008414247920285653,-0.18256773060748482,-0.0383574902542324,0.03251333138805041,0.06594617434336097,-0.050774081962270706,-0.08454249907090237,0.12137628464263825
7.315,18,1.3689307806935025,0.4145353992267406,0.06083257234318824,0.00857575804653847,-0.18223648640622683,-0.03861010286392673,0.032090770582381925,0.06655073019520602,-0.05027072047780911,-0.08448073665892707,0.1204451282260316
7.32,18,1.3739307806935024,0.4160494838140443,0.060638895546700974,0.008735156167910443,-0.18190223108829084,-0.038860195066424345,0.03166853484996282,0.06715061640351702,-0.049765923441691715,-0.08441247714598171,0.11950843854683672
7.325,18,1.3789307806935023,0.417563568401348,0.06044397460506393,0.008892443990797236,-0.18156498807077734,-0.03910775974933855,0.03124665656567556,0.06774580547174817,-0.0492597170025327,-0.08433776478095296,0.11856628351193751
7.33,18,1.3839307806935022,0.4190776529886517,0.060247822173383564,0.009047623382915773,-0.18122478090742072,-0.039352789931025645,0.030825167883158536,0.0683362702428883,-0.048752127308946167,-0.08425664381272698,0.11761873102821786
7.335,18,1.388930780693502,0.4205917375759554,0.06005045094134778,0.009200696372198017,-0.18088163328689158,-0.03959527876058496,0.030404100734805685,0.06892198389946042,-0.04824318050954645,-0.08416915849019013,0.11666584900256159
7.34,18,1.393930780693502,0.4221058221632591,0.05985187363257215,0.009351665145684945,-0.1805355690310992,-0.03983521951785908,0.02998348683176585,0.06950291996352204,-0.0477329027529476,-0.08407535306222916,0.11570770534185242
7.345,18,1.3989307806935019,0.4236199067505628,0.059652103003945994,0.009500532048419996,-0.1801866120934935,-0.04007260561343346,0.029563357663944235,0.07007905229666525,-0.047221320187763836,-0.08397527177773044,0.11474436795297391
7.3500000000000005,18,1.4039307806935026,0.4251339913378668,0.05945115184497898,0.009647299582343172,-0.17983478655736768,-0.0403074305886368,0.029143744500001206,0.07065035510001642,-0.04670845896260925,-0.08386895888558006,0.11377590474280995
7.355,18,1.4089307806935025,0.42664807592517046,0.05924903297714737,0.009791970405184508,-0.17948011663416064,-0.040539688115540685,0.02872467838735291,0.07121680291423615,-0.04619434522609823,-0.08375645863466491,0.11280238361824461
7.36,18,1.4139307806935024,0.4281621605124742,0.05904575925323999,0.00993454732935814,-0.179122626661759,-0.040769371996959874,0.028306190152170972,0.07177837061951976,-0.04567900512684473,-0.08363781527387137,0.11182387248616155
7.365,18,1.4189307806935023,0.42967624509977786,0.05884134355670491,0.010075033320855825,-0.1787623411027997,-0.04099647616645222,0.027888310399382665,0.0723350334355967,-0.04516246481346319,-0.08351307305208559,0.11084043925344461
7.37,18,1.4239307806935022,0.4311903296870816,0.05863579880099545,0.010213431498141023,-0.17839928454297188,-0.04122099468831862,0.02747106951267041,0.07288676692173113,-0.04464475043456749,-0.08338227621819438,0.10985215182697718
7.375,18,1.428930780693502,0.4327044142743853,0.058429137928916644,0.010349745131042393,-0.17803348168931984,-0.04144292175760306,0.027054497654472674,0.07343354697672165,-0.044125888138772135,-0.08324546902108382,0.10885907811364366
7.38,18,1.433930780693502,0.434218498861689,0.05822137391197135,0.010483977639647563,-0.17766495736854493,-0.041662251700092544,0.02663862476598342,0.07397534983890106,-0.043605904074690977,-0.08310269570964052,0.10786128602032757
7.385,18,1.4389307806935019,0.4357325834489927,0.05801251974970677,0.010616132593197214,-0.17729373652530794,-0.04187897897231717,0.026223480567151965,0.07451215208613639,-0.04308482439093843,-0.08295400053275113,0.10685884345391247
7.390000000000001,18,1.4439307806935027,0.4372466680362967,0.05780258846906042,0.010746213708978672,-0.17691984422053159,-0.04209309816155022,0.02580909455668334,0.07504393063582986,-0.042562675236128424,-0.08279942773930184,0.10585181832128233
7.3950000000000005,18,1.4489307806935026,0.43876075262360037,0.05759159312370679,0.01087422485121943,-0.17654330562970283,-0.0423046039858077,0.025395496012038398,0.07557066274491715,-0.04203948275887543,-0.08263902157817882,0.10484027852932114
7.4,18,1.4539307806935025,0.4402748372109041,0.057379546793403305,0.011000170029981451,-0.1761641460411748,-0.04251349129384923,0.024982713989432956,0.07609232600986895,-0.04151527310779349,-0.08247282629826908,0.10382429198491236
7.405,18,1.4589307806935023,0.4417889217982078,0.057166462583336755,0.01112405340005436,-0.17578239085446987,-0.04271975506517696,0.024570777323838867,0.07660889836669021,-0.040990072431496785,-0.08230088614845892,0.1028039265949403
7.41,18,1.4639307806935022,0.4433030063855115,0.05695235362346958,0.01124587925985003,-0.17539806557858117,-0.04292339041003654,0.024159714628983343,0.07712035809092059,-0.040463906878599534,-0.08212324537763432,0.10177925026628779
7.415,18,1.4689307806935021,0.4448170909728152,0.05673723306788615,0.011365652050295202,-0.17501119583027544,-0.04312439256941635,0.02374955429734951,0.07762668379763349,-0.03993680259771587,-0.08193994823468258,0.10075033090583962
7.42,18,1.473930780693502,0.4463311755601189,0.056521114094138944,0.011483376353726496,-0.17462180733239518,-0.043322756915048014,0.023340324500175366,0.07812785444143731,-0.03940878573745997,-0.08175103896848937,0.09971723642047912
7.425,18,1.478930780693502,0.4478452601474226,0.056304009902595015,0.01159905689278333,-0.17422992591216116,-0.04351847894940634,0.0229320531874553,0.07862384931647479,-0.038879882446446086,-0.0815565618279414,0.09868003471709025
7.43,18,1.4839307806935018,0.44935934473472633,0.056085933715782244,0.011712698529302026,-0.17383557749947454,-0.043711554305708916,0.02252476808793838,0.07911464805642307,-0.038350118873288236,-0.08135656106192506,0.09763879370255635
7.4350000000000005,18,1.4889307806935026,0.4508734293220303,0.055866898777735347,0.011824306263209586,-0.1734387881252189,-0.04390197874791669,0.022118496709130114,0.07960023063449345,-0.03781952116660064,-0.08115108091932675,0.09659358128376169
7.44,18,1.4939307806935025,0.45238751390933396,0.05564691835334262,0.011933885231417252,-0.17303958391956356,-0.04408974817073344,0.021713266337291245,0.08008057736343173,-0.03728811547499778,-0.08094016564903321,0.09554446536759012
7.445,18,1.4989307806935024,0.4539015984966377,0.055426005727691866,0.012041440706714673,-0.1726379911102649,-0.04427485859960614,0.021309104037437875,0.08055566889551836,-0.03675592794709345,-0.08072385949993065,0.09449151386092493
7.45,18,1.5039307806935023,0.45541568308394137,0.05520417420541676,0.012146978096663485,-0.17223403602096898,-0.04445730619072489,0.020906036653341807,0.08102548622256828,-0.03622298473150205,-0.08050220672090547,0.09343479467065043
7.455,18,1.5089307806935022,0.4569297676712451,0.054981437110043246,0.012250502942490887,-0.17182774506951431,-0.04463708723102275,0.020504090807530403,0.08149001067593048,-0.03568931197683761,-0.0802752515608439,0.09237437570365009
7.46,18,1.513930780693502,0.4584438522585488,0.05475780778333572,0.012352020917983653,-0.1714191447662333,-0.044814198138175824,0.020103292901287068,0.08194922392648842,-0.03515493583171446,-0.08004303826863317,0.09131032486680808
7.465,18,1.518930780693502,0.4599579368458525,0.05453329958464331,0.012451537828382098,-0.17100826171225553,-0.044988635460603436,0.019703669114649693,0.08240310798466025,-0.034619882444746654,-0.07980561109315916,0.09024271006700786
7.47,18,1.5239307806935019,0.4614720214331562,0.054307925890246245,0.012549059609273217,-0.17059512259780962,-0.04516039587746789,0.019305245406412673,0.08285164520039832,-0.03408417796454844,-0.07956301428330811,0.08917159921113309
7.4750000000000005,18,1.5289307806935026,0.4629861060204602,0.05408170009270194,0.012644592325485093,-0.17017975420052522,-0.04532947619867458,0.018908047514125708,0.08329481826318955,-0.03354784853973397,-0.07931529208796669,0.08809706020606757
7.48,18,1.5339307806935025,0.4645001906077639,0.05385463560019174,0.012738142169980482,-0.16976218338373644,-0.045495873364871944,0.018512100954094047,0.08373261020205518,-0.03301092031891745,-0.07906248875602148,0.0870191609586956
7.485,18,1.5389307806935024,0.4660142751950676,0.05362674583586653,0.01282971546275058,-0.16934243709478253,-0.04565958444745142,0.01811743102137845,0.08416500438555073,-0.03247341945071302,-0.07880464853635868,0.08593796937590019
7.49,18,1.5439307806935023,0.4675283597823713,0.053398044237193645,0.012919318649708467,-0.1689205423633119,-0.045820606648547736,0.017724062789795107,0.08459198452176657,-0.03193537208373489,-0.07854181567786499,0.08485355336456626
7.495,18,1.5489307806935022,0.469042444369675,0.053168544255302666,0.01300695830158359,-0.16849652629958317,-0.04597893730103849,0.017332021111916233,0.08501353465832702,-0.03139680436659724,-0.07827403442942665,0.08376598083157652
7.5,18,1.553930780693502,0.4705565289569787,0.05293825935433216,0.013092641112814982,-0.1680704160927684,-0.04613457386854448,0.01694133061906928,0.08542963918239109,-0.030857742447914203,-0.07800134903993021,0.0826753196838154
7.505,18,1.558930780693502,0.47207061354428237,0.05270720301077554,0.013176373900445057,-0.16764223900925446,-0.04628751394542944,0.016552015721337333,0.08584028282065201,-0.030318212476300118,-0.07772380375826192,0.08158163782816626
7.51,18,1.5639307806935019,0.4735846981315861,0.052475388712827656,0.013258163603013837,-0.16721202239094665,-0.04643775525680024,0.01616410060755897,0.08624545063933775,-0.029778240600368964,-0.07744144283330856,0.08048500317151319
7.515000000000001,18,1.5689307806935027,0.47509878271889006,0.05224282995973087,0.01333801727945226,-0.16677979365356962,-0.046585295658506984,0.015777609245328134,0.08664512804421039,-0.029237852968734906,-0.07715431051395638,0.07938548362073938
7.5200000000000005,18,1.5739307806935026,0.4766128673061938,0.05200954026112162,0.013415942107975962,-0.16634558028497085,-0.0467301331371425,0.015392565380995144,0.08703930078056646,-0.02869707573001237,-0.07686245104909177,0.07828314708272976
7.525,18,1.5789307806935025,0.47812695189349746,0.0517755331363763,0.013491945384979484,-0.16590940984342234,-0.04687226581004301,0.015008992539664999,0.087427954933237,-0.028155935032815285,-0.07656590868760112,0.07717806146436719
7.53,18,1.5839307806935023,0.4796410364808012,0.0515408221139579,0.013566034523929668,-0.16547130995592294,-0.04701169192528756,0.01462691402519861,0.08781107692658774,-0.027614457025757953,-0.07626472767837116,0.07607029467253579
7.535,18,1.5889307806935022,0.4811551210681049,0.051305420730762094,0.013638217054259535,-0.165031308316501,-0.047148409861698444,0.01424635292021265,0.08818865352451793,-0.027072667857454626,-0.07595895227028802,0.07495991461411936
7.54,18,1.5939307806935021,0.4826692056554086,0.05106934253146361,0.013708500620262173,-0.16458943268451662,-0.047282418128841,0.013867332086079088,0.08856067183046266,-0.02653059367651932,-0.07564862671223838,0.07384698919600156
7.545,18,1.598930780693502,0.4841832902427123,0.05083260106786254,0.013776892979984232,-0.16414571088296365,-0.0474137153670236,0.013489874162925455,0.0889271192873901,-0.02598826063156621,-0.07533379525310835,0.07273158632506638
7.55,18,1.603930780693502,0.485697374830016,0.05059520989823049,0.013843402004120126,-0.1637001707967725,-0.0475423003472977,0.013114001569634989,0.08928798367780338,-0.025445694871209595,-0.07501450214178476,0.07161377390819744
7.555,18,1.6089307806935018,0.4872114594173197,0.050357182586657015,0.013908035674905422,-0.16325284037111196,-0.04766817197145775,0.01273973650384642,0.08964325312374029,-0.02490292254406365,-0.0746907916271539,0.07049361985227856
7.5600000000000005,18,1.6139307806935026,0.4887255440046237,0.050118532702395774,0.013970802085010697,-0.16280374760969205,-0.04779132927204136,0.012367100941954175,0.08999291608677257,-0.024359969798742425,-0.07436270795810196,0.06937119206419372
7.565,18,1.6189307806935025,0.4902396285919274,0.049879273819211006,0.014031709436435641,-0.16235292057306602,-0.047911771412329246,0.011996116639107917,0.09033696136800691,-0.023816862783860263,-0.07403029538351585,0.06824655845082624
7.57,18,1.6239307806935024,0.49175371317923106,0.049639419514723546,0.01409076603940232,-0.16190038737693271,-0.04802949768634505,0.011626805129213406,0.09067537810808354,-0.023273627648031297,-0.07369359815228177,0.06711978691906056
7.575,18,1.6289307806935023,0.4932677977665348,0.04939898336975733,0.014147980311249447,-0.16144617619043902,-0.04814450751885568,0.011259187724931365,0.09100815578717825,-0.02273029053986958,-0.07335266051328618,0.06599094537577972
7.58,18,1.6339307806935022,0.49478188235383846,0.04915797896768559,0.014203360775325607,-0.16099031523448193,-0.048256800465370876,0.010893285517678618,0.09133528422500024,-0.022186877607989413,-0.07300752671541538,0.06486010172786831
7.585,18,1.638930780693502,0.4962959669411422,0.04891641989377715,0.014256916059883856,-0.16053283278001132,-0.048366376212143715,0.010529119377627282,0.09165675358079399,-0.021643415001005008,-0.07265824100755586,0.06372732388220934
7.59,18,1.643930780693502,0.4978100515284459,0.0486743197345427,0.014308654896974443,-0.16007375714633162,-0.04847323457617016,0.010166709953704979,0.09197255435333758,-0.021099928867530423,-0.07230484763859442,0.06259267974568743
7.595,18,1.6489307806935019,0.4993241361157496,0.04843169207708106,0.014358586121339584,-0.15961311669940506,-0.04857737550518921,0.009806077673595023,0.09228267738094424,-0.02055644535617991,-0.07194739085741697,0.06145623722518558
7.6000000000000005,18,1.6539307806935026,0.5008382207030536,0.048188550508425534,0.014406718669306498,-0.15915093985015286,-0.04867879907768317,0.009447242743736232,0.09258711384146104,-0.020012990615567612,-0.0715859149129104,0.06031806422758809
7.605,18,1.6589307806935025,0.5023523052903572,0.047944908614890286,0.014453061577681628,-0.15868725505275877,-0.048777505502877155,0.009090225149323252,0.09288585525226976,-0.019469590794307778,-0.07122046405396076,0.05917822865977844
7.61,18,1.6639307806935024,0.503866389877661,0.04770077998141625,0.014497623982644273,-0.1582220908029703,-0.04887349512073949,0.008735044654305963,0.09317889347028663,-0.01892627204101451,-0.0708510825294548,0.0580367984286406
7.615,18,1.6689307806935023,0.5053804744649647,0.04745617819091785,0.014540415118640418,-0.15775547563640194,-0.048966768401981525,0.00838172080138994,0.09346622069196187,-0.018383060504302176,-0.07047781458827904,0.05689384144105856
7.62,18,1.6739307806935022,0.5068945590522684,0.047211116823628996,0.01458144431727644,-0.1572874381268369,-0.04905732594805787,0.008030272912036122,0.09374782945328115,-0.017839982332784596,-0.07010070447931942,0.05574942560391595
7.625,18,1.678930780693502,0.508408643639572,0.04696560945644952,0.014620721006212659,-0.15681800688452943,-0.04914516849116576,0.0076807200864616185,0.09402371262976326,-0.017297063675076267,-0.0697197964514628,0.05460361882409626
7.63,18,1.683930780693502,0.5099227282268758,0.046719669662291324,0.014658254708057775,-0.15634721055450765,-0.04923029689424591,0.007333081203638502,0.0942938634364624,-0.016754330679791287,-0.0693351347535956,0.05345648900848363
7.635,18,1.6889307806935019,0.5114368128141795,0.046473311009424895,0.014694055039262202,-0.15587507781487578,-0.04931271215098207,0.006987374921294203,0.09455827542796669,-0.016211809495543662,-0.06894676363460403,0.05230810406396171
7.640000000000001,18,1.6939307806935027,0.5129508974014835,0.046226547060825296,0.014728131709011452,-0.1554016373751155,-0.049392415385800886,0.006643619675912459,0.09481694249839895,-0.015669526270947694,-0.06855472734337434,0.05115853189741366
7.6450000000000005,18,1.6989307806935026,0.5144649819887872,0.0459793913735187,0.014760494518120615,-0.1549269179743895,-0.049469407853871966,0.006301833682732572,0.09506985888141561,-0.015127507154617722,-0.06815907012879388,0.050007840415724744
7.65,18,1.7039307806935025,0.5159790665760908,0.045731857497928546,0.014791153357928022,-0.1544509483798437,-0.049543690941108505,0.005962034935748669,0.0953170191502089,-0.014585778295167757,-0.06775983623974825,0.04885609752577797
7.655,18,1.7089307806935023,0.5174931511633946,0.045483958977221836,0.01482011820918866,-0.15397375738490882,-0.04961526616416618,0.0056242412077109815,0.09555841821750445,-0.014044365841211935,-0.06735706992512434,0.047703371134456656
7.66,18,1.7139307806935022,0.5190072357506983,0.045235709346655495,0.014847399140968165,-0.153495373807603,-0.049684135170444135,0.00528847005012537,0.09579405133556272,-0.013503295941364554,-0.06695081543380821,0.04654972914864526
7.665,18,1.7189307806935021,0.520521320338002,0.0449871221329224,0.014873006309536696,-0.1530158264888345,-0.04975029973808438,0.004954738793252657,0.09602391409617843,-0.01296259474423975,-0.0665411170146864,0.04539523947522727
7.67,18,1.723930780693502,0.5220354049253056,0.04473821085349816,0.014896949957262595,-0.15253514429070378,-0.049813761775972104,0.004623064546109903,0.0962480024306804,-0.012422288398451818,-0.06612801891664583,0.04423997002108683
7.675,18,1.728930780693502,0.5235494895126094,0.04448898901598684,0.014919240411505996,-0.15205335609480536,-0.049874523323735466,0.004293464196469661,0.09646631260993269,-0.011882403052614612,-0.06571156538857205,0.043083988693107096
7.68,18,1.7339307806935018,0.5250635740999131,0.044239470117467664,0.014939888083512765,-0.15157049080053123,-0.04993258655174573,0.00396595441085972,0.09667884124433308,-0.011342964855342792,-0.06529180067935278,0.041927363398172685
7.6850000000000005,18,1.7389307806935026,0.5265776586872171,0.043989667643841004,0.014958903467308882,-0.15108657732337225,-0.049987953761117476,0.0036405516345631604,0.09688558528381432,-0.010803999955249926,-0.06486876903787293,0.040770162043166594
7.69,18,1.7439307806935025,0.5280917432745208,0.043739595069175005,0.014976297138593053,-0.15060164459322098,-0.050040627383708,0.003317272091619703,0.09708654201784282,-0.010265534500950677,-0.06444251471302005,0.039612452534972475
7.695,18,1.7489307806935024,0.5296058278618245,0.04348926585505149,0.014992079753631093,-0.15011572155267347,-0.0500906099821177,0.0029961317848237624,0.09728170907542032,-0.009727594641059057,-0.0640130819536802,0.038454302780475125
7.7,18,1.7539307806935023,0.5311199124491282,0.043238693449912505,0.01500626204814981,-0.1496288371553323,-0.050137904249690356,0.0026771464957255835,0.09747108442508187,-0.009190206524189327,-0.06358051500873979,0.037295780686557846
7.705,18,1.7589307806935022,0.5326339970364319,0.04298789128840649,0.015018854836230708,-0.149141020364108,-0.05018251301051235,0.0023603317846307773,0.09765466637489843,-0.008653396298955576,-0.0631448581270852,0.03613695416010414
7.71,18,1.763930780693502,0.5341480816237356,0.04273687279073453,0.015029869009203486,-0.14865230014952252,-0.05022443921941353,0.00204570299060119,0.09783245357247347,-0.008117190113972106,-0.06270615555760332,0.03497789110799846
7.715,18,1.768930780693502,0.5356621662110393,0.04248565136199682,0.015039315534540396,-0.14816270548801067,-0.050263685961966814,0.0017332752314532253,0.09800444500494689,-0.007581614117852887,-0.06226445154918023,0.0338186594371238
7.72,18,1.7739307806935019,0.537176250798343,0.04223424039153886,0.015047205454749399,-0.14767226536022265,-0.05030025645448793,0.0014230634037595237,0.09817063999899166,-0.0070466944592122984,-0.06181979035070214,0.032659327054364154
7.7250000000000005,18,1.7789307806935026,0.5386903353856469,0.04198265325229747,0.015053549886268267,-0.1471810087493265,-0.050334154044035746,0.0011150821828479539,0.09833103822081571,-0.006512457286664272,-0.061372216211055784,0.03149996186660347
7.73,18,1.7839307806935025,0.5402044199729507,0.04173090330014767,0.015058360018358294,-0.14668896463931078,-0.05036538220841237,0.0008093460228026903,0.09848563967616081,-0.00597892874882331,-0.06092177337912805,0.030340631780726057
7.735,18,1.7889307806935024,0.5417185045602544,0.04147900387324835,0.015061647111998075,-0.14619616201328584,-0.050393944556162855,0.0005058691564624624,0.09863444471030423,-0.005446134994303424,-0.06046850610380451,0.029181404703615074
7.74,18,1.7939307806935023,0.5432325891475581,0.04122696829138886,0.015063422498777276,-0.14570262985178717,-0.050419844826575314,0.00020466559542217026,0.09877745400805647,-0.00491410217171875,-0.06001245863397205,0.028022348542154008
7.745,18,1.7989307806935022,0.5447466737348617,0.040974809855335415,0.015063697579790744,-0.14520839713107764,-0.05044308688968101,-9.425086996799013e-05,0.09891466859376313,-0.0043828564296835865,-0.05955367521851723,0.026863531203227483
7.75,18,1.803930780693502,0.5462607583221655,0.04072254184617691,0.015062483824531334,-0.14471349282144882,-0.05046367474625408,-0.0003908666706019891,0.09904608983130445,-0.003852423916811944,-0.059092200106325966,0.02570502059371882
7.755,18,1.808930780693502,0.5477748429094692,0.04047017752467179,0.015059792769784613,-0.14421794588552475,-0.05048161252781203,-0.0006851684586180977,0.09917171942409417,-0.003322830781718285,-0.058628077546285615,0.02454688462051199
7.76,18,1.8139307806935019,0.5492889274967729,0.040217730130593946,0.01505563601852275,-0.14372178527656287,-0.05049690449661525,-0.000977143107399627,0.09929155941508147,-0.0027941031730164176,-0.05816135178728177,0.023389191190490485
7.765000000000001,18,1.8189307806935027,0.5508030120840769,0.03996521288207912,0.015050025238797254,-0.14322503993675814,-0.05050955504566721,-0.0012667777115740544,0.09940561218674923,-0.002266267239320763,-0.05769206707820097,0.02223200821053811
7.7700000000000005,18,1.8239307806935026,0.5523170966713806,0.039712638974971196,0.015042972162633866,-0.14272773879554315,-0.05051956869871449,-0.0015540595870129567,0.09951388046111513,-0.0017393491292454965,-0.05722026766792997,0.021075403587539003
7.775,18,1.8289307806935025,0.5538311812586842,0.03946002158216845,0.015034488584925482,-0.14222991076789218,-0.05052695011024676,-0.0018389762708329498,0.09961636729973103,-0.0012133749914047122,-0.05674599780535513,0.019919445228376645
7.78,18,1.8339307806935023,0.555345265845988,0.03920737385296984,0.015024586362326647,-0.14173158475262254,-0.050531704065496674,-0.0021215155213943466,0.09971307610368343,-0.0006883709744126266,-0.05626930173936286,0.01876420103993518
7.785,18,1.8389307806935022,0.5568593504332917,0.03895470891242124,0.015013277412146558,-0.1412327896306976,-0.05053383548043999,-0.002401665318302297,0.09980401061359322,-0.00016436322688345625,-0.05579022371883973,0.017609738929098253
7.79,18,1.8439307806935021,0.5583734350205954,0.038702039860661994,0.015000573711243886,-0.14073355426352865,-0.05053334940179563,-0.002679413862406657,0.09988917490961527,0.000358622102568664,-0.05530880799267195,0.016456126802749344
7.795,18,1.848930780693502,0.5598875196078991,0.038449379772270795,0.014986487294919332,-0.14023390749127726,-0.05053025100702552,-0.0029547495758010427,0.09996857341143957,0.0008805588653294769,-0.0548250988097461,0.015303432567772758
7.8,18,1.853930780693502,0.5614016041952028,0.03819674169561223,0.014971030255810452,-0.13973387813115806,-0.05052454560433452,-0.0032276611018241803,0.10004221087828992,0.0014014209127849698,-0.05433914041894856,0.014151724131051653
7.805000000000001,18,1.8589307806935027,0.5629156887825068,0.03794413865218298,0.014954214742784758,-0.13923349497574034,-0.05051623863267085,-0.0034981373050591625,0.10011009240892545,0.0019211820963209666,-0.05385097706916573,0.013001069399470325
7.8100000000000005,18,1.8639307806935026,0.5644297733698105,0.03769158363595822,0.01493605295983376,-0.13873278679125084,-0.05050533566172555,-0.0037661672713324413,0.10017222344163822,0.0024398162673229255,-0.05336065300928417,0.011851536279912426
7.815,18,1.8689307806935025,0.5659438579571142,0.03743908961273777,0.014916557164966773,-0.1382317823158763,-0.050491842391932835,-0.004031740307716317,0.10022860975425588,0.002957297277176915,-0.05286821248819044,0.010703192679261928
7.82,18,1.8739307806935024,0.5674579425444178,0.037186669519492246,0.014895739669104693,-0.13773051025806504,-0.05047576465446995,-0.004294845942527186,0.10027925746414032,0.0034735989772690036,-0.052373699754770436,0.009556106504402152
7.825,18,1.8789307806935023,0.5689720271317216,0.03693433626370991,0.014873612834973862,-0.1372289992948301,-0.05045710841125742,-0.004555473925325145,0.10032417302818766,0.003988695218984689,-0.05187715905791122,0.008410345662217236
7.83,18,1.8839307806935022,0.5704861117190253,0.036682102722742124,0.014850189075999179,-0.136727278070051,-0.050435879754958474,-0.004813614226915393,0.10036336324282853,0.004502559853709757,-0.05137863464649885,0.007265978059590988
7.835,18,1.888930780693502,0.572000196306329,0.03642998174315036,0.014825480855198983,-0.1362253751927765,-0.05041208490897969,-0.005069257039347164,0.10039683524402772,0.005015166732830234,-0.05087817076942021,0.006123071603407384
7.84,18,1.893930780693502,0.5735142808936327,0.036177986140052174,0.014799500684077718,-0.13572331923552614,-0.05038573022747057,-0.005322392775914732,0.10042459650728476,0.005526489707731903,-0.05037581167556105,0.00498169420054942
7.845,18,1.8989307806935019,0.5750283654809364,0.035926128696467344,0.014772261121521038,-0.1352211387325941,-0.0503568221953238,-0.0055730120711564015,0.1004466548476337,0.00603650262980063,-0.04987160161380825,0.003841913757901394
7.8500000000000005,18,1.9039307806935026,0.5765424500682403,0.03567442216266446,0.014743774772687623,-0.13471886217834927,-0.05032536742817489,-0.005821105780854576,0.10046301841964213,0.006545179350421913,-0.04936558483304838,0.002703798182347281
7.855,18,1.9089307806935025,0.5780565346555441,0.03542287925550723,0.01471405428790551,-0.13421651802554005,-0.050291372672402884,-0.006066664982036567,0.10047369571741364,0.007052493720982025,-0.048857805582167485,0.0015674153807707276
7.86,18,1.9139307806935024,0.5795706192428478,0.03517151265780023,0.014683112361563444,-0.13371413468359494,-0.05025484480512952,-0.006309680972974185,0.10047869557458464,0.007558419592866382,-0.048348308110052474,0.00043283326005587086
7.865,18,1.9189307806935023,0.5810847038301515,0.034920335017635876,0.01465096173100594,-0.13321174051692544,-0.050215790834219724,-0.0065501452731833425,0.10047802716432709,0.008062930817461095,-0.047837136665589565,-0.0006998802729144561
7.87,18,1.9239307806935022,0.5825987884174552,0.0346693589477403,0.014617615175427201,-0.13270936384322846,-0.0501742178982815,-0.006788049623424385,0.10047169999934656,0.008566001246151863,-0.047324335497664835,-0.0018306573112556281
7.875,18,1.928930780693502,0.5841128730047589,0.03441859702481982,0.014583085514764005,-0.13220703293178848,-0.050130133266665836,-0.007023385985702162,0.10045972393188383,0.009067604730324473,-0.046809948855165165,-0.0029594299480839976
7.88,18,1.933930780693502,0.5856269575920626,0.034168061788906925,0.014547385608590091,-0.1317047760017797,-0.05008354433946675,-0.007256146543266494,0.10044210915371307,0.009567715121364787,-0.04629402098697711,-0.004086130276515753
7.885,18,1.9389307806935019,0.5871410421793662,0.03391776574270704,0.014510528355010655,-0.13120262122056922,-0.050034458647521714,-0.007486323700610832,0.10041886619614418,0.01006630627065855,-0.045776596141986745,-0.005210690389667575
7.890000000000001,18,1.9439307806935027,0.5886551267666703,0.03366772135094427,0.014472526689553844,-0.13070059670201795,-0.04998288385241078,-0.007713910083473128,0.10039000593001983,0.010563352029591872,-0.045257718569080625,-0.006333042380655324
7.8950000000000005,18,1.9489307806935026,0.5901692113539739,0.0334179410397082,0.014433393584067367,-0.13019873050478467,-0.04992882774645742,-0.007938898538836643,0.1003555395657193,0.01105882624955029,-0.04473743251714498,-0.007453118342595191
7.9,18,1.9539307806935025,0.5916832959412777,0.033168437195799885,0.01439314204560993,-0.12969705063062673,-0.04987229825272788,-0.008161282134927799,0.10031547865315399,0.011552702781919548,-0.04421578223506719,-0.008570850368603038
7.905,18,1.9589307806935023,0.5931973805285814,0.032919222166078135,0.014351785115346571,-0.12919558502270345,-0.04981330342503185,-0.00838105416121832,0.10026983508177117,0.012044955478085836,-0.04369281197173218,-0.009686170551795872
7.91,18,1.9639307806935022,0.5947114651158851,0.03267030825680585,0.01430933586744186,-0.12869436156387765,-0.049751851447921824,-0.008598208128424373,0.10021862108055214,0.012535558189434694,-0.04316856597602765,-0.010799010985289228
7.915,18,1.9689307806935021,0.5962255497031888,0.032421707732996366,0.014265807407953288,-0.12819340807501894,-0.049687950636693255,-0.008812737768506421,0.10016184921801258,0.013024484767351987,-0.0426430884968395,-0.011909303762199622
7.92,18,1.973930780693502,0.5977396342904925,0.03217343281775968,0.014221212873725728,-0.1276927523133052,-0.049621609437385014,-0.009024637034668557,0.10009953240220239,0.0135117090632235,-0.0421164237830543,-0.013016980975643081
7.925,18,1.978930780693502,0.5992537188777962,0.03192549569164867,0.014175565431284662,-0.12719242197052533,-0.04955283642677879,-0.009233900101360519,0.10003168388070671,0.013997204928435094,-0.0415886160835586,-0.014121974718736281
7.930000000000001,18,1.9839307806935027,0.6007678034651002,0.03167790849200543,0.014128878275730714,-0.12669244467138138,-0.04948164031239946,-0.009440521364276075,0.09995831724064426,0.01448094621437284,-0.04105970964723847,-0.015224217084594763
7.9350000000000005,18,1.9889307806935026,0.6022818880524039,0.03143068331230771,0.014081164629632312,-0.1261928479717909,-0.04940802993251489,-0.009644495440353094,0.0998794464086679,0.014962906772422034,-0.04052974872298064,-0.016323640166335366
7.94,18,1.9939307806935025,0.6037959726397076,0.031183832201515035,0.014032437741920464,-0.12569365935718965,-0.049332014256136,-0.00984581716777422,0.09979508565096556,0.015443060453968906,-0.03999877755967149,-0.017420176057073626
7.945,18,1.9989307806935024,0.6053100572270113,0.0309373671634149,0.013982710886782199,-0.12519490624083335,-0.04925360238301703,-0.010044481605965985,0.09970524957326005,0.015921381110399077,-0.039466840406197745,-0.018513756849926063
7.95,18,2.0039307806935023,0.606824141814315,0.0306913001559692,0.013931997362554002,-0.12469661596210047,-0.04917280354365491,-0.01024048403560044,0.09960995312080774,0.016397842593098493,-0.03893398151144549,-0.01960431463800935
7.955,18,2.008930780693502,0.6083382264016187,0.030445643090660626,0.013880310490616318,-0.12419881578479425,-0.049089627099290004,-0.010433819958593394,0.09950921157839973,0.016872418753453022,-0.03840024512430078,-0.020691781514439355
7.96,18,2.013930780693502,0.6098523109889223,0.030200407831838597,0.01382766361428614,-0.1237015328954447,-0.04900408254190527,-0.010624485098104222,0.0994030405703607,0.017345083442848158,-0.03786567549365131,-0.02177608957233129
7.965,18,2.018930780693502,0.6113663955762261,0.02995560619606595,0.01377407009771256,-0.12320479440161236,-0.04891617949422746,-0.01081247539853888,0.09929145606055191,0.017815810512670133,-0.037330316868381855,-0.02285717090480329
7.97,18,2.023930780693502,0.6128804801635298,0.029711249951465027,0.013719543324768796,-0.12270862733018886,-0.048825927709725665,-0.010997787025545474,0.09917447435236702,0.01828457381430449,-0.03679421349738044,-0.023934957604970088
7.9750000000000005,18,2.0289307806935026,0.6143945647508338,0.02946735081706363,0.013664096697946965,-0.12221305862569998,-0.04873333707261241,-0.011180416366017897,0.09905211208873432,0.01875134719913738,-0.03625740962953216,-0.02500938176594885
7.98,18,2.0339307806935025,0.6159086493381375,0.02922392046214216,0.013607743637251618,-0.12171811514860853,-0.04863841759784321,-0.011360360028094131,0.09892438625211726,0.01921610451855409,-0.0357199495137247,-0.02608037548085462
7.985,18,2.0389307806935024,0.6174227339254412,0.02898097050557906,0.013550497579093407,-0.12122382367361592,-0.04854117943111687,-0.0115376148411568,0.09879131416451417,0.01967881962394102,-0.03518187739884365,-0.02714787084280457
7.99,18,2.0439307806935023,0.6189368185127448,0.028738512515197503,0.013492371975182965,-0.12073021088796487,-0.04844163284887501,-0.011712177855832158,0.09865291348745553,0.020139466366683383,-0.03464323753377557,-0.028211799944914722
7.995,18,2.048930780693502,0.6204509031000486,0.02849655800711147,0.013433380291424796,-0.12023730338974079,-0.04833978825830213,-0.011884046343991966,0.09850920222200925,0.020598018598167452,-0.03410407416740735,-0.029272094880300782
8.0,18,2.053930780693502,0.6219649876873523,0.028255118445072405,0.013373536006811043,-0.11974512768617646,-0.04823565619732634,-0.012053217798752151,0.09836019870877513,0.021054450169779006,-0.033564431548624714,-0.03032868774207975
8.005,18,2.058930780693503,0.6234790722746563,0.02801420523981503,0.013312852612314699,-0.11925371019195136,-0.048129247334618555,-0.01221968993447261,0.09820592162788938,0.021508734932903877,-0.033024353926314885,-0.03138151062336781
8.01,18,2.063930780693502,0.6249931568619597,0.02777382974840399,0.013251343609784222,-0.11876307722749632,-0.04802057246959249,-0.012383460686757535,0.09804638999902039,0.021960846738927557,-0.03248388554936393,-0.03243049561727986
8.015,18,2.0689307806935027,0.6265072414492637,0.027534003273579924,0.013189022510837048,-0.11827325501729466,-0.04790964253240533,-0.012544528212456428,0.09788162318137361,0.022410759439236237,-0.03194307066665792,-0.0334755748169342
8.02,18,2.0739307806935017,0.6280213260365671,0.027294737063105992,0.013125902835752781,-0.1177842696881849,-0.04779646858395734,-0.012702890889662624,0.09771164087368661,0.022858446885215544,-0.03140195352708407,-0.03451668031544474
8.025,18,2.0789307806935025,0.6295354106238711,0.027056042309113668,0.013061998112367926,-0.11729614726766291,-0.04768106181589155,-0.012858547317714228,0.09753646311423231,0.023303882928251415,-0.030860578379527784,-0.03555374420592995
8.03,18,2.0839307806935015,0.6310494952111745,0.026817930147449834,0.012997321874969173,-0.11680891368218493,-0.0475634335505942,-0.013011496317193106,0.09735611028081902,0.02374704141972956,-0.03031898947287677,-0.03658669858150423
8.035,18,2.0889307806935022,0.6325635797984784,0.026580411657021893,0.012931887663186162,-0.1163225947554681,-0.04744359524119459,-0.013161736929925963,0.09717060309078716,0.024187896211035963,-0.02977723105601661,-0.03761547553528474
8.040000000000001,18,2.093930780693503,0.6340776643857825,0.02634349785914543,0.01286570902088792,-0.11583721620679524,-0.047321558471565,-0.013309268418984277,0.0969799626010138,0.024626421153556288,-0.029235347377833856,-0.03864000716038768
8.045,18,2.098930780693502,0.6355917489730859,0.026107199716889504,0.01279879949507419,-0.11535280364931566,-0.047197334956321245,-0.01345409026868376,0.09678421020790905,0.025062590098676233,-0.0286933826872154,-0.03966022554992841
8.05,18,2.103930780693503,0.6371058335603899,0.02587152813442327,0.012731172634769986,-0.11486938258834753,-0.04707093654082178,-0.013596202184583815,0.09658336764741866,0.025496376897781992,-0.028151381233046814,-0.04067606279702427
8.055,18,2.108930780693502,0.6386199181476933,0.025636493956362097,0.012662841989918919,-0.1143869784196801,-0.04694237520116782,-0.013735604093489295,0.09637745699502114,0.025927755402258855,-0.02760938726421548,-0.04168745099479064
8.06,18,2.1139307806935026,0.6401340027349973,0.0254021079671143,0.012593821110278847,-0.11390561642787739,-0.04681166304420449,-0.013872296143449415,0.09616650066573074,0.026356699463493387,-0.027067445029607295,-0.04269432223634435
8.065,18,2.1189307806935016,0.6416480873223007,0.025168380890226924,0.012524123544313051,-0.11342532178457909,-0.046678812307519336,-0.014006278703757358,0.09595052141409635,0.026783182932870714,-0.026525598778108825,-0.043696608614801104
8.07,18,2.1239307806935024,0.6431621719096047,0.024935323387732036,0.012453762838085414,-0.1129461195468025,-0.04654383535944328,-0.014137552364950809,0.09572954233419975,0.02720717966177719,-0.0259838927586063,-0.04469424222327741
8.075,18,2.1289307806935014,0.6446762564969081,0.02470294605949365,0.012382752534154717,-0.11246803465524713,-0.04640674469905012,-0.014266117938811551,0.0955035868596581,0.027628663501598115,-0.025442371219986604,-0.04568715515488915
8.08,18,2.133930780693502,0.6461903410842121,0.024471259442552976,0.012311106170466934,-0.11199109193259404,-0.04626755295615677,-0.014391976458366946,0.09527267876362391,0.028047608303719756,-0.024901078411135966,-0.04667527950275364
8.085,18,2.138930780693503,0.6477044256715161,0.02424027401047575,0.012238837279249959,-0.11151531608181076,-0.04612627289132332,-0.01451512917788738,0.09503684215878151,0.028463987919527735,-0.024360058580940622,-0.04765854735998528
8.09,18,2.143930780693502,0.6492185102588195,0.02401000017269818,0.01216595938590781,-0.11104073168445275,-0.04598291739585304,-0.014635577572889082,0.0947961014973531,0.02887777620040759,-0.02381935597828746,-0.0486368908197014
8.095,18,2.1489307806935027,0.6507325948461234,0.023780448273872254,0.012092486007913184,-0.11056736319896424,-0.045837499491791854,-0.01475332334013104,0.094550481571092,0.02928894699774584,-0.023279014852062543,-0.049610241975018024
8.1,18,2.1539307806935017,0.652246679433427,0.02355162859321376,0.012018430653701673,-0.11009523495898321,-0.045690032331929205,-0.014868368397618221,0.09430000751128857,0.02969747416292762,-0.02273907945115243,-0.05057853291905151
8.105,18,2.1589307806935025,0.6537607640207309,0.023323551343847296,0.011943806821566538,-0.10962437117164148,-0.0455405291997972,-0.014980714884599424,0.09404470478876517,0.030103331547339195,-0.022199594024443842,-0.05154169574491755
8.11,18,2.1639307806935015,0.6552748486080343,0.02309622667215304,0.011868627998551262,-0.10915479591586838,-0.045389003509671386,-0.015090365161567679,0.09378459921388092,0.030506493002366027,-0.021660602820822855,-0.052499662545732996
8.115,18,2.1689307806935023,0.6567889331953383,0.022869664657112834,0.01179290765934353,-0.10868653314069215,-0.045235468806570124,-0.015197321810261191,0.09351971693652752,0.030906932379394306,-0.021122150089175694,-0.05345236541461403
8.120000000000001,18,2.173930780693503,0.6583030177826422,0.0226438753096566,0.011716659265169946,-0.10821960666354363,-0.04507993876625516,-0.015301587633661191,0.09325008444613266,0.031304623529809734,-0.020584280078388757,-0.05439973644467668
8.125,18,2.178930780693502,0.6598171023699457,0.02241886857200874,0.011639896262687952,-0.10775404016855658,-0.04492242719523078,-0.015403165655994755,0.09297572857165712,0.031699540304998094,-0.02004703703734958,-0.05534170772903649
8.13,18,2.183930780693503,0.6613311869572497,0.022194654317034004,0.011562632082881427,-0.10728985720487175,-0.044762948030744855,-0.015502059122731981,0.09269667648159653,0.032091656556344925,-0.01951046521494374,-0.056278211360810286
8.135,18,2.188930780693502,0.6628452715445531,0.02197124234758431,0.011484880139954343,-0.10682708118493889,-0.044601515340788135,-0.015598271500589891,0.09241295568398163,0.0324809461352365,-0.018974608860057966,-0.05720917943311476
8.14,18,2.1939307806935027,0.664359356131857,0.021748642395844606,0.011406653830222754,-0.10636573538281771,-0.04443814332409435,-0.015691806477527187,0.09212459402637627,0.03286738289305844,-0.018439512221577834,-0.058134544039065275
8.145,18,2.1989307806935017,0.6658734407191605,0.021526864122679415,0.0113279665310108,-0.10590584293248201,-0.04427284631014032,-0.015782667962747743,0.09183161969587941,0.03325094068119653,-0.017905219548391207,-0.05905423727177852
8.15,18,2.2039307806935025,0.6673875253064645,0.021305917116978837,0.011248831599542805,-0.10544742682612138,-0.04410563875914617,-0.01587086008670101,0.09153406121912497,0.0336315933510368,-0.017371775089383337,-0.05996819122437035
8.155,18,2.2089307806935015,0.6689016098937679,0.021085810895005372,0.011169262371838837,-0.10499050991244341,-0.043936535262074916,-0.015956387201080148,0.0912319474622811,0.034009314753964695,-0.01683922309344111,-0.06087633798995762
8.16,18,2.2139307806935022,0.6704156944810719,0.020866554899739362,0.011089272161605698,-0.10453511489497469,-0.04376555054063241,-0.016039253878822123,0.09092530763104865,0.03438407874136626,-0.016307607809451247,-0.061778609661655694
8.165000000000001,18,2.218930780693503,0.6719297790683758,0.020648158500226152,0.011008874259133578,-0.1040812643303668,-0.04359269944726809,-0.016119464914109365,0.09061417127066564,0.03475585916462735,-0.01577697348629982,-0.0626749383325814
8.17,18,2.223930780693502,0.6734438636556793,0.020430630990921808,0.010928081930188543,-0.10362898062669437,-0.043417996965174115,-0.01619702532236799,0.09029856826590231,0.03512462987513391,-0.015247364372873056,-0.0635652560958508
8.175,18,2.228930780693503,0.6749579482429833,0.020213981591039695,0.010846908414906126,-0.10317828604176005,-0.043241458208285656,-0.01627194034026902,0.08997852884106428,0.0354903647242714,-0.01471882471805817,-0.06444949504458004
8.18,18,2.233930780693502,0.6764720328302867,0.019998219443896445,0.010765366926685255,-0.10272920268139607,-0.04306309842128115,-0.01634421542572772,0.08965408355999235,0.035853037563425776,-0.014191398770741392,-0.06532758727188487
8.185,18,2.2389307806935026,0.6779861174175906,0.019783353616258506,0.010683470651083021,-0.10228175249776711,-0.04288293297958244,-0.016413856257903706,0.08932526332605975,0.036212622243983215,-0.013665130779808304,-0.06619946487088273
8.19,18,2.2439307806935016,0.6795002020048941,0.019569393097688834,0.010601232744706895,-0.1018359572876712,-0.04270097738935359,-0.016480868737201112,0.08899209938217553,0.03656909261732885,-0.013140064994146439,-0.06706505993468806
8.195,18,2.2489307806935024,0.6810142865921981,0.01935634679989169,0.010518666334108945,-0.10139183869084345,-0.04251724728750218,-0.0165452589852687,0.08865462331078292,0.03692242253484921,-0.012616245662641544,-0.06792430455641914
8.2,18,2.2539307806935014,0.6825283711795015,0.019144223556060894,0.010435784514680385,-0.10094941818825809,-0.04233175844167905,-0.016607033344999335,0.08831286703385932,0.03727258584792958,-0.012093717034180666,-0.06877713082919021
8.205,18,2.258930780693502,0.6840424557668054,0.018933032120224805,0.01035260034954491,-0.10050871710043022,-0.04214452675027794,-0.016666198380530517,0.08796686281291755,0.03761955640795606,-0.011572523357648894,-0.06962347084611893
8.21,18,2.263930780693503,0.6855565403541095,0.018722781166592692,0.010269126868451897,-0.10006975658571912,-0.04195556824243549,-0.01672276087724398,0.08761664324900288,0.03796330806631454,-0.011052708881934417,-0.07046325670032118
8.215,18,2.268930780693502,0.6870706249414129,0.018513479288902027,0.010185377066671802,-0.0996325576386301,-0.04176489907803192,-0.016776727841766224,0.08726224128269693,0.038303814674390625,-0.010534317855922655,-0.07129642048491247
8.22,18,2.2739307806935027,0.6885847095287169,0.01830513499976298,0.010101363903887231,-0.09919714108811509,-0.04157253554768988,-0.016828106501967324,0.08690369019411473,0.0386410500835701,-0.010017394528500652,-0.07212289429300997
8.225,18,2.2789307806935017,0.6900987941160203,0.018097756730006673,0.01001710030308968,-0.09876352759587856,-0.04137849407277544,-0.016876904306963595,0.0865410236029058,0.03897498814523899,-0.009501983148554152,-0.07294261021772859
8.23,18,2.2839307806935025,0.6916128787033243,0.017891352828029936,0.009932599149471269,-0.09833173765467704,-0.04118279120539765,-0.016923128927113295,0.08617427546825417,0.03930560271078292,-0.008988127964969879,-0.07375550035218595
8.235,18,2.2889307806935015,0.6931269632906277,0.017685931559142623,0.00984787328931959,-0.09790179158662302,-0.040985443628408884,-0.01696678825402175,0.08580348008887907,0.03963286763158808,-0.008475873226634224,-0.07456149678949746
8.24,18,2.2939307806935023,0.6946410478779317,0.017481501104913214,0.00976293552891079,-0.0974737095414848,-0.04078646815540404,-0.017007890400536903,0.08542867210303297,0.03995675675903985,-0.007965263182434238,-0.07536053162277961
8.245000000000001,18,2.298930780693503,0.6961551324652356,0.017278069562515277,0.009677798633403803,-0.09704751149499247,-0.04058588173072164,-0.01704644370075146,0.08504988648850281,0.04027724394452441,-0.00745634208125501,-0.07615253694514894
8.25,18,2.303930780693502,0.6976692170525391,0.017075644944074167,0.009592475325733665,-0.09662321724713771,-0.04038370142944322,-0.017082456710002643,0.08466715856261112,0.04059430303942698,-0.006949154171984892,-0.07693744484972063
8.255,18,2.308930780693503,0.6991833016398431,0.016874235176012733,0.00950697828550652,-0.096200846420476,-0.04017994445739271,-0.01711593820487257,0.08428052398221354,0.040907907895134245,-0.00644374370350865,-0.0777151874296122
8.26,18,2.313930780693502,0.7006973862271465,0.01667384809839785,0.00942132014789139,-0.09578041845843105,-0.03997462815113822,-0.01714689718318692,0.08389001874370056,0.04121803236303117,-0.005940154924713657,-0.07848569677793803
8.265,18,2.3189307806935027,0.7022114708144505,0.016474491464286714,0.009335513502516046,-0.09536195262359487,-0.039767769977989836,-0.01717534286401696,0.08349567918299804,0.04152465029450435,-0.00543843208448533,-0.07924890498781659
8.27,18,2.3239307806935017,0.703725555401754,0.01627617293907331,0.009249570892358838,-0.09494546799603115,-0.03955938753600155,-0.017201284687677773,0.08309754197556492,0.04182773554093908,-0.004938619431711206,-0.08000474415236229
8.275,18,2.3289307806935025,0.7052396399890579,0.01607890009983405,0.009163504812644163,-0.09453098347157768,-0.03934949855396982,-0.017224732315728415,0.08269564413639466,0.042127261953721476,-0.004440761215277516,-0.08075314636469247
8.28,18,2.3339307806935015,0.7067537245763613,0.015882680434675042,0.009077327709735183,-0.09411851776014812,-0.03913812089143468,-0.017245695630972308,0.08229002302001655,0.04242320338423682,-0.003944901684070656,-0.08149404371792231
8.285,18,2.3389307806935022,0.7082678091636653,0.015687521342077335,0.00899105198002792,-0.09370808938403477,-0.03892527253867879,-0.017264184737458724,0.0818807163204921,0.04271553368387172,-0.0034510850869770215,-0.08222736830516898
8.290000000000001,18,2.343930780693503,0.7097818937509692,0.015493430130244137,0.00890468996884558,-0.09329971667621131,-0.03871097161672849,-0.017280209960480627,0.08146776207141936,0.04300422670401164,-0.0029593556728823565,-0.08295305221954855
8.295,18,2.348930780693502,0.7112959783382727,0.015300414016446426,0.008818253969330447,-0.09289341777863358,-0.038495236377352283,-0.017293781846574274,0.08105119864592981,0.04328925629604227,-0.0024697576906737074,-0.08367102755417731
8.3,18,2.353930780693503,0.7128100629255767,0.015108480126369353,0.008731756221340647,-0.09248921064054363,-0.03827808520306259,-0.017304911163521904,0.08063106475668871,0.04357059631134948,-0.0019823353892379587,-0.08438122640217036
8.305,18,2.358930780693502,0.7143241475128801,0.014917635493459189,0.008645208910341151,-0.09208711301677167,-0.03805953660711454,-0.01731360890034972,0.08020739945589714,0.04384822060131913,-0.0014971330174608538,-0.08508358085664483
8.31,18,2.3639307806935026,0.715838232100184,0.014727887058268288,0.00855862416629899,-0.09168714246603663,-0.03783960923350587,-0.017319886267327347,0.07978024213528931,0.04412210301733709,-0.0010141948242294399,-0.08577802301071678
8.315,18,2.3689307806935016,0.7173523166874876,0.014539241667802946,0.008472014062577582,-0.09128931634925183,-0.037618321856978734,-0.017323754695971076,0.07934963252613568,0.04439221741078923,-0.0005335650584294604,-0.08646448495750286
8.32,18,2.3739307806935024,0.7188664012747915,0.014351706074868228,0.008385390614827612,-0.09089365182782386,-0.03739569338301667,-0.01732522583903873,0.0789156106992382,0.044658537633061234,-5.528796894763684e-05,-0.08714289879011813
8.325,18,2.3789307806935014,0.7203804858620949,0.014165286937415297,0.008298765779884976,-0.09050016586195733,-0.037171742847847765,-0.0173243115705356,0.07847821706493602,0.04492103753553891,0.0004205921953294727,-0.08781319660167994
8.33,18,2.383930780693502,0.7218945704493989,0.013979990817887408,0.008212151454661629,-0.09010887520895572,-0.036946489418442044,-0.01732102398570892,0.07803749237310117,0.045179690969608104,0.0008940311855149842,-0.08847531048530395
8.335,18,2.388930780693503,0.7234086550367028,0.013795824182565627,0.008125559475040109,-0.08971979642152517,-0.0367199523925133,-0.01731537540105218,0.07759347771314126,0.045434471786655016,0.0013649847527234795,-0.0891291725341072
8.34,18,2.393930780693502,0.7249227396240063,0.013612793400916298,0.008039001614767158,-0.08933294584607526,-0.03649215119851829,-0.017307378354302017,0.0771462145139968,0.04568535383806485,0.001833408648067912,-0.08977471484120471
8.345,18,2.3989307806935027,0.7264368242113103,0.013430904744935898,0.007952489584347786,-0.08894833962102183,-0.03626310539565635,-0.017297045604439447,0.07669574454414313,0.04593231097522373,0.002299258622661723,-0.09041186949971285
8.35,18,2.4039307806935017,0.7279509087986137,0.013250164388498506,0.007866035029939808,-0.08856599367509038,-0.03603283467387076,-0.017284390131690926,0.07624210991159149,0.04617531704951719,0.0027624904276183546,-0.09104056860274796
8.355,18,2.4089307806935025,0.7294649933859176,0.013070578406701519,0.007779649532245511,-0.08818592372561687,-0.03580135885384709,-0.01726942513752741,0.07578535306388663,0.04641434591233182,0.003223059814052552,-0.09166074424342739
8.36,18,2.4139307806935015,0.7309790779732211,0.012892152775212065,0.0076933446054079785,-0.08780814527685088,-0.035568697887014444,-0.017252164044663423,0.07532551678810664,0.046649371415052675,0.0036809225330769416,-0.09227232851486585
8.365,18,2.4189307806935023,0.7324931625605251,0.012714893369612998,0.0076071316959022,-0.08743267361825705,-0.035334871855544195,-0.01723262049705704,0.0748626442108647,0.04688036740906587,0.004136034335804151,-0.09287525351017936
8.370000000000001,18,2.423930780693503,0.7340072471478291,0.012538805964749974,0.007521022181432274,-0.08705952382281948,-0.03509990097235237,-0.017210808359913798,0.0743967787983098,0.04710730774575726,0.004588350973349415,-0.09346945132248657
8.375,18,2.428930780693502,0.7355213317351325,0.012363896234076924,0.007435027369820796,-0.08668871074534254,-0.03486380558109672,-0.017186741719680522,0.07392796435612284,0.04733016627651231,0.005037828196825358,-0.09405485404490023
8.38,18,2.433930780693503,0.7370354163224365,0.012190169749002402,0.007349158497906655,-0.08632024902075144,-0.03462660615617825,-0.017160434884050408,0.07345624502952167,0.047548916852717296,0.005484421757346077,-0.09463139377053899
8.385,18,2.438930780693502,0.7385495009097399,0.012017631978236618,0.007263426730436756,-0.0859541530623987,-0.03438832330274159,-0.017131902381960218,0.07298166530325731,0.04776353332575808,0.005928087406025012,-0.09519900259251919
8.39,18,2.4439307806935027,0.7400635854970439,0.011846288287136617,0.007177843158959779,-0.08559043706036315,-0.03414897775667369,-0.017101158963591354,0.07250427000161422,0.047973989547020104,0.0063687808939751145,-0.09575761260395556
8.395,18,2.4489307806935017,0.7415776700843473,0.011676143937053754,0.007092418800721062,-0.08522911497975408,-0.03390859038460538,-0.017068219600369847,0.07202410428841305,0.048180259367889014,0.006806457972310154,-0.09630715589796478
8.4,18,2.4539307806935025,0.7430917546716513,0.011507204084678965,0.0070071645975557095,-0.08487020055901215,-0.033667182183909884,-0.017033099484965834,0.07154121366700882,0.04838231663975155,0.00724107439214455,-0.09684756456766351
8.405,18,2.4589307806935015,0.7446058392589547,0.011339473781389511,0.006922091414781034,-0.08451370730821176,-0.03342477428270389,-0.01699581403129422,0.07105564398028852,0.04858013521399261,0.007672585904590439,-0.09737877070616746
8.41,18,2.4639307806935022,0.7461199238462587,0.011172957972595168,0.006837210040093439,-0.08415964850736607,-0.03318138793984691,-0.016956378874513605,0.07056744141067692,0.04877368894199839,0.008100948260762731,-0.09790070640659333
8.415000000000001,18,2.468930780693503,0.7476340084335626,0.011007661497084972,0.006752531182458971,-0.08380803720472513,-0.032937044544941875,-0.01691480987102844,0.07007665248013113,0.04896295167515474,0.00852611721177454,-0.0984133037620568
8.42,18,2.473930780693502,0.749148093020866,0.010843589086372576,0.006668065471010537,-0.08345888621508263,-0.03269176561833456,-0.016871123098485794,0.06958332405014304,0.04914789726484746,0.008948048508739146,-0.09891649486567454
8.425,18,2.478930780693503,0.7506621776081701,0.010680745364043245,0.006583823453936891,-0.08311220811807335,-0.032445572811113516,-0.016825334855778983,0.06908750332173892,0.049328499562462075,0.00936669790276983,-0.09941021181056292
8.43,18,2.483930780693502,0.7521762621954735,0.010519134845100073,0.006499815597381678,-0.08276801525648048,-0.03219848790511107,-0.016777461663044616,0.06858923783548028,0.04950473241938495,0.009782021144981006,-0.09989438668983829
8.435,18,2.4889307806935026,0.7536903467827775,0.010358761935309754,0.006416052284333243,-0.08242631973453399,-0.03195053281290192,-0.016727520261663947,0.06808857547146127,0.049676569687001536,0.010193973986485468,-0.10036895159661503
8.44,18,2.4939307806935016,0.7552044313700809,0.010199630930549694,0.006332543813520566,-0.08208713341621479,-0.03170172957780429,-0.016675527614262456,0.06758556444931255,0.04984398521669761,0.010602512178397472,-0.10083383862401146
8.445,18,2.4989307806935024,0.7567185159573849,0.010041746016153638,0.0062493003983064704,-0.08175046792355778,-0.03145210037387913,-0.01662150090471039,0.06708025332819803,0.05000695285985906,0.011007591471830131,-0.10128897986514232
8.45,18,2.5039307806935014,0.7582326005446883,0.009885111266258281,0.00616633216558117,-0.0814163346349524,-0.0312016675059309,-0.016565457538123045,0.06657269100681712,0.05016544646787213,0.011409167617896891,-0.10173430741312524
8.455,18,2.508930780693502,0.7597466851319923,0.009729730643149206,0.006083649154655493,-0.08108474468344537,-0.03095045340950669,-0.016507415140858468,0.06606292672340021,0.05031943989212189,0.011807196367711843,-0.10216975336107592
8.46,18,2.513930780693503,0.7612607697192962,0.009575607996607352,0.006001261316156428,-0.08075570895504411,-0.030698480650896927,-0.016447391560521225,0.06555101005571683,0.050468906983994935,0.012201633472388103,-0.10259524980211007
8.465,18,2.518930780693502,0.7627748543065997,0.009422747063256035,0.005919178510919457,-0.08042923808701849,-0.03044577192713502,-0.016385404865958103,0.06503699092106886,0.050613821594876304,0.01259243468303895,-0.10301072882934373
8.47,18,2.5239307806935027,0.7642889388939037,0.009271151465905472,0.0058374105088824235,-0.08010534246620235,-0.030192350065997374,-0.016321473347262395,0.06452091957629175,0.050754157576152606,0.012979555750778965,-0.10341612253589422
8.475,18,2.5289307806935017,0.7658030234812071,0.00912082471290139,0.00575596698798049,-0.07978403222729749,-0.02993823802600388,-0.0162556155157703,0.06400284661775617,0.05088988877920873,0.013362952426720615,-0.1038113630148769
8.48,18,2.5339307806935025,0.7673171080685111,0.008971770197468795,0.005674857533037647,-0.07946531725117348,-0.029683458896416822,-0.01618785010406278,0.06348282298136677,0.051020989055431516,0.013742580461978642,-0.1041963823594078
8.485,18,2.5389307806935015,0.7688311926558146,0.008823991197060468,0.005594091634662679,-0.07914920716317328,-0.029428035897241918,-0.0161181960659661,0.06296089994256449,0.05114743225620585,0.014118395607664862,-0.10457111266260329
8.49,18,2.5439307806935023,0.7703452772431185,0.008677490872701768,0.005513678688142454,-0.07883571133141257,-0.029171992379228216,-0.016046672576550097,0.06243712911632102,0.05126919223291849,0.014490353614894506,-0.104935486017581
8.495000000000001,18,2.548930780693503,0.7718593618304225,0.008532272268337679,0.005433627992334544,-0.07852483886508407,-0.028915351823867175,-0.01597329903212924,0.06191156245714648,0.0513862428369544,0.014858410234780038,-0.10528943451745536
8.5,18,2.553930780693502,0.7733734464177259,0.008388338310178836,0.0053539487485624315,-0.07821659861275834,-0.028658137843394053,-0.015898095050262635,0.06138425225908289,0.05149855791969987,0.01522252121843588,-0.10563289025534335
8.505,18,2.558930780693503,0.7748875310050298,0.00824569180604788,0.005274650059508612,-0.07791099916068736,-0.028400374180786704,-0.015821080469753352,0.06085525115570784,0.051606111332540595,0.015582642316975145,-0.10596578532436035
8.51,18,2.563930780693502,0.7764016155923333,0.00810433544472565,0.00519574092810815,-0.07760804883110692,-0.02814208470976635,-0.015742275350650044,0.060324612120132695,0.051708876926862594,0.015938729281511604,-0.1062880518176237
8.515,18,2.5689307806935027,0.7779157001796373,0.007964271795297476,0.005117230256443228,-0.07730775568053774,-0.027883293434796733,-0.015661699974243434,0.059792388465002705,0.05180682855405134,0.01629073786315804,-0.10659962182824909
8.52,18,2.5739307806935017,0.7794297847669407,0.007825503306499407,0.005039126844635811,-0.07701012749808786,-0.027624024491085232,-0.015579374843070778,0.05925863384249924,0.05189994006549276,0.01663862381302872,-0.10690042744935253
8.525,18,2.5789307806935025,0.7809438693542446,0.007688032306065143,0.004961439389743305,-0.07671517180375773,-0.02736430214458234,-0.01549532068091423,0.05872340224433645,0.05198818531257298,0.016982342882237402,-0.10719040077405008
8.53,18,2.5839307806935015,0.7824579539415482,0.007551861000071117,0.0048841764846492275,-0.07642289584673731,-0.027104150791981182,-0.015409558432798162,0.05818674800176463,0.052071538146677365,0.01732185082189737,-0.1074694738954597
8.535,18,2.5889307806935022,0.7839720385288521,0.007416991472283738,0.004807346616960181,-0.07613330660371462,-0.026843594960718167,-0.01532210926499266,0.05764872578556558,0.05214997241919212,0.017657103383121413,-0.10773757890669515
8.540000000000001,18,2.593930780693503,0.7854861231161561,0.007283425683505221,0.004730958167898133,-0.075846410777173,-0.026582659308972925,-0.015232994565012311,0.057109390606058984,0.05222346198150293,0.017988056317024763,-0.10799464790087374
8.545,18,2.598930780693502,0.7870002077034595,0.007151165470920581,0.00465501941119488,-0.07556221479369565,-0.026321368625668022,-0.015142235941616473,0.05656879781309721,0.05229198068499543,0.018314665374719725,-0.10824061297111216
8.55,18,2.603930780693503,0.7885142922907634,0.007020212547442298,0.004579538511983547,-0.07528072480226736,-0.026059747830468636,-0.015049855224806856,0.05602700309606592,0.05235550238105548,0.018636886307320227,-0.10847540621052547
8.555,18,2.608930780693502,0.7900283768780669,0.006890568501058805,0.004504523525696011,-0.07500194667257867,-0.025797821973784166,-0.014955874465832764,0.05548406248388808,0.05241400092106934,0.018954674865939547,-0.10869895971223163
8.56,18,2.6139307806935026,0.7915424614653709,0.00676223479417902,0.004429982396953677,-0.07472588599332528,-0.025535616236765736,-0.014860315937185719,0.054940032345018035,0.052467450156422166,0.01926798680169129,-0.10891120556934439
8.565,18,2.6189307806935016,0.7930565460526743,0.006635212762979195,0.004355922958462696,-0.07445254807051202,-0.025273155931308616,-0.014763202132602146,0.05439496938744695,0.05251582393850021,0.01957677786568939,-0.10911207587498142
8.57,18,2.6239307806935024,0.7945706306399782,0.006509503616749471,0.00428235292990807,-0.07418193792575492,-0.025010466500050524,-0.014664555767062975,0.05384893065869836,0.052559096118689266,0.019881003809046793,-0.10930150272225907
8.575000000000001,18,2.628930780693503,0.7960847152272823,0.006385108437239953,0.0042092799168459705,-0.073914060294584,-0.02474757351637256,-0.014564399776793907,0.05330197354583248,0.05259724054837511,0.020180620382878413,-0.109479418204294
8.58,18,2.633930780693502,0.7975987998145857,0.0062620281780069315,0.0041367114095978985,-0.07364891962474487,-0.024484502684398793,-0.014462757319265147,0.05275415577544271,0.05263023107894338,0.0204755833382959,-0.10964575441420094
8.585,18,2.638930780693503,0.7991128844018897,0.00614026366375893,0.004064654782146598,-0.07338652007450117,-0.02422127983899607,-0.014359651773190185,0.05220553541365628,0.0526580415617804,0.02076584842641481,-0.10980044344509789
8.59,18,2.643930780693502,0.800626968989193,0.006019815589703922,0.003993117291026332,-0.0731268655109368,-0.023957930945774857,-0.014255106738527963,0.05165617086613505,0.05268064584827133,0.021051371398346792,-0.1099434173900989
8.595,18,2.6489307806935027,0.8021410535764971,0.005900684520894164,0.00392210607421864,-0.07286995950825917,-0.023694482101088165,-0.014149146036481248,0.051106120878075714,0.052698017789802265,0.021332108005206758,-0.11007460834232162
8.6,18,2.6539307806935017,0.8036551381638005,0.005782870891574157,0.0038516281500483307,-0.0726158053461011,-0.023430959532032752,-0.014041793709498792,0.05055544453421104,0.05271013123775932,0.02160801399810701,-0.11019394839488211
8.605,18,2.6589307806935025,0.8051692227511045,0.005666375004525506,0.003781690416071931,-0.07236440600782204,-0.02316738959644756,-0.013933074021272232,0.05000420125880533,0.05271696004352803,0.0218790451281631,-0.11030136964089636
8.61,18,2.6639307806935015,0.8066833073384079,0.005551197030413554,0.003712299647974787,-0.07211576417881108,-0.022903798782915402,-0.013823011456736634,0.04945245081565751,0.052718478058494014,0.022145157146486034,-0.11039680417348074
8.615,18,2.6689307806935023,0.8081973919257119,0.00543733700713446,0.0036434624984666153,-0.07186988224479127,-0.02264021371076151,-0.013711630722074795,0.048900253308103526,0.05271465913404339,0.022406305804191697,-0.11048018408575129
8.620000000000001,18,2.673930780693503,0.8097114765130159,0.005324794839160693,0.003575185496170835,-0.0716267622901183,-0.02237666113005492,-0.01359895674471065,0.048347669179012,0.0527054771215621,0.022662446852392385,-0.11055144147082434
8.625,18,2.678930780693502,0.8112255611003193,0.005213570296887612,0.003507475044522562,-0.07138640609608563,-0.022113167921607405,-0.01348501467331519,0.04779475921078606,0.05269090587243584,0.022913536042202032,-0.11061050842181624
8.63,18,2.683930780693503,0.8127396456876232,0.005103663015978935,0.0034403374206568166,-0.0711488151392248,-0.02184976109697269,-0.013369829877801089,0.04724158452536199,0.05267091923805,0.023159529124733916,-0.11065731703184205
8.635,18,2.688930780693502,0.8142537302749268,0.004995072496714756,0.003373778774311234,-0.07091399058961004,-0.021586467798449863,-0.013253427949327537,0.046688206584213895,0.05264549106979092,0.023400381851101965,-0.11069179939401975
8.64,18,2.6939307806935027,0.8157678148622307,0.004887798103336463,0.0033078051267102088,-0.07068193330915926,-0.02132331529907903,-0.013135834700298495,0.046134687188346526,0.052614595219044547,0.023636049972419464,-0.11071388760146537
8.645,18,2.6989307806935017,0.8172818994495341,0.00478183906339312,0.0032424223694651616,-0.07045264384993591,-0.02106033100264449,-0.013017076164360817,0.04558108847830211,0.052578205537196186,0.02386648923980034,-0.1107235137472933
8.65,18,2.7039307806935025,0.8187959840368381,0.004677194467088183,0.00317763626346608,-0.0702261224524521,-0.020797542443673336,-0.012897178596404645,0.045027472934155106,0.05253629587563202,0.024091655404357544,-0.11072060992462153
8.655,18,2.7089307806935015,0.8203100686241416,0.004573863266625719,0.0031134524377732925,-0.07000236904397036,-0.020534977287435512,-0.01277616847256933,0.04447390337551452,0.0524888400857376,0.024311504217204356,-0.11070510822656608
8.66,18,2.7139307806935022,0.8218241532114455,0.004471844275556372,0.003049876388516351,-0.06978138323680808,-0.020272663329944058,-0.01265407249023429,0.04392044296152596,0.05243581201889885,0.02452599142945634,-0.11067694074624232
8.665000000000001,18,2.718930780693503,0.8233382377987495,0.004371136168124387,0.0029869134777833622,-0.06956316432663504,-0.020010628497955825,-0.012530917568024654,0.04336715519086807,0.05237718552650199,0.02473507279222514,-0.11063603957676693
8.67,18,2.723930780693502,0.8248523223860529,0.0042717374786124945,0.0029245689325149843,-0.06934771129078235,-0.01974890084896943,-0.01240673084580871,0.042814103901751964,0.052312934459931876,0.02493870405662371,-0.1105823368112553
8.675,18,2.728930780693503,0.8263664069733568,0.004173646600689876,0.002862847843402405,-0.06913502278653813,-0.01948750857122769,-0.012281539684702877,0.04226135327192673,0.052243032670575375,0.02513684097376729,-0.1105157645428254
8.68,18,2.733930780693502,0.8278804915606603,0.004076861786757188,0.0028017551637745247,-0.06892509714945447,-0.019226479983715978,-0.01215537166706539,0.04170896781867363,0.05216745400981793,0.025329439294769475,-0.11043625486459227
8.685,18,2.7389307806935026,0.8293945761479643,0.003981381147293198,0.002741295708498459,-0.06871793239164756,-0.018965843536162697,-0.012028254596496965,0.041157012398808056,0.05208617232904509,0.025516454770742898,-0.11034373986967227
8.69,18,2.7439307806935016,0.8309086607352677,0.0038872026502020512,0.0026814741528690678,-0.06851352620010279,-0.018705627809040202,-0.0119002164978478,0.040605552208682894,0.0519991614796432,0.025697843152801485,-0.11023815165118209
8.695,18,2.7489307806935024,0.8324227453225717,0.0037943241201576078,0.002622295031502797,-0.06831187593497082,-0.018445861513562107,-0.011771285617207349,0.040054652784181355,0.051906395312997324,0.025873560192059174,-0.11011942230223676
8.700000000000001,18,2.753930780693503,0.8339368299098756,0.003702743237951042,0.0025637627372332994,-0.06811297862787738,-0.01818657349168631,-0.011641490421912527,0.03950438000072247,0.051807847680493964,0.026043561639628586,-0.10998748391595362
8.705,18,2.758930780693502,0.8354509144971791,0.0036124575398374242,0.0025058815200060813,-0.06791683098022247,-0.017927792716114405,-0.011510859600545558,0.03895480007326145,0.05170349243351867,0.026207803246623,-0.10984226858544804
8.71,18,2.763930780693503,0.8369649990844831,0.0035234644168809642,0.0024486554857676146,-0.06772342936147943,-0.017669548290289706,-0.011379422062929134,0.03840597955628674,0.0515933034234573,0.026366240764158305,-0.10968370840383768
8.715,18,2.768930780693502,0.8384790836717865,0.0034357611143019523,0.002392088595364439,-0.06753276980750408,-0.017411869448399467,-0.011247206940134754,0.03785798534382048,0.05147725450169571,0.026518829943345826,-0.10951173546423727
8.72,18,2.7739307806935027,0.8399931682590904,0.0033493447308226704,0.0023361846634336048,-0.06734484801883014,-0.017154785555373326,-0.011114243584474518,0.03731088466941947,0.051355319519619545,0.026665526535299487,-0.10932628185976315
8.725,18,2.7789307806935017,0.8415072528463939,0.00326421221801447,0.002280947357297114,-0.06715965935897636,-0.01689832610688471,-0.010980561569508123,0.03676474510617557,0.05122747232861482,0.026806286291133873,-0.10912727968353167
8.73,18,2.7839307806935025,0.8430213374336979,0.003180360379642852,0.002226380195857691,-0.0669771988527478,-0.016642520729349887,-0.010846190690038017,0.03621963456671406,0.05109368678006739,0.026941064961961286,-0.10891466102865952
8.735,18,2.7889307806935015,0.8445354220210013,0.003097785871014655,0.0021724865484898936,-0.06679746118453508,-0.01638739917992736,-0.010711160962111556,0.03567562130319788,0.050953936725362976,0.02706981829889631,-0.10868835798826271
8.74,18,2.7939307806935023,0.8460495066083052,0.0030164851983241064,0.0021192696339343148,-0.06662044069662224,-0.016132991346520558,-0.010575502623020332,0.03513277390731939,0.050808196015887104,0.027192502053051244,-0.10844830265545762
8.745000000000001,18,2.798930780693503,0.8475635911956093,0.0029364547179990402,0.00206673251919319,-0.0664461313874827,-0.01587932724777448,-0.010439246131300433,0.034591161310308934,0.05065643850302629,0.027309071975541645,-0.10819442712336089
8.75,18,2.803930780693502,0.8490776757829127,0.002857690636046864,0.002014878118421423,-0.06627452691008781,-0.015626437033077076,-0.010302422166732725,0.034050852782929554,0.05049863803816593,0.027419483817478843,-0.10792666348508663
8.755,18,2.808930780693503,0.8505917603702167,0.0027801890074019703,0.0019637091918244115,-0.06610562057020605,-0.01537435098256015,-0.010165061630341362,0.03351191793547944,0.050334768472691534,0.027523693329978068,-0.1076449438337528
8.76,18,2.813930780693502,0.8521058449575201,0.0027039457352702606,0.0019132283445466997,-0.06593940532470235,-0.015123099507099128,-0.010027195644396213,0.032974426717791674,0.050164803657989476,0.027621656264151622,-0.10734920026247542
8.765,18,2.8189307806935027,0.8536199295448241,0.002628956570477084,0.0018634380255699717,-0.0657758737798487,-0.014872713148310185,-0.009888855552412586,0.03243844941923366,0.04998871744544561,0.02771332837111474,-0.10703936486437086
8.77,18,2.8239307806935017,0.8551340141321275,0.002555217110812566,0.0018143405266030505,-0.06561501818961549,-0.014623222578555134,-0.00975007291914586,0.031904056668704016,0.049806483686445156,0.027798665401978416,-0.10671536973255481
8.775,18,2.8289307806935025,0.8566480987194315,0.0024827228003785756,0.0017659379809825543,-0.0654568304539859,-0.014374658600937684,-0.009610879530601022,0.031371319434641484,0.04961807623237447,0.02787762310785919,-0.10637714696014396
8.78,18,2.8339307806935015,0.8581621833067349,0.0024114689289338603,0.0017182323625562351,-0.06530130211724747,-0.014127052149304207,-0.00947130739402353,0.03084030902501518,0.04942346893461908,0.027950157239868063,-0.10602462864025432
8.785,18,2.8389307806935022,0.859676267894039,0.0023414506312418176,0.0016712254845869523,-0.0651484243663015,-0.013880434288245374,-0.009331388737906841,0.03031109708733011,0.04922263564456503,0.02801622354912059,-0.10565774686600225
8.790000000000001,18,2.843930780693503,0.8611903524813429,0.0022726628864155746,0.0016249189986396184,-0.06499818802896176,-0.013634836213093221,-0.009191156011984739,0.029783755608623744,0.049015550213597846,0.028075777786728748,-0.10527643373050215
8.795,18,2.848930780693502,0.8627044370686463,0.0022051005172647603,0.0015793143934773324,-0.06485058357225779,-0.013390289249925134,-0.009050641887240226,0.02925835691547196,0.04880218649310372,0.028128775703806792,-0.10488062132687363
8.8,18,2.853930780693503,0.8642185216559503,0.002138758189642223,0.001534412993956985,-0.06470560110073961,-0.013146824855559201,-0.008909879255896364,0.02873497367398077,0.0485825183344682,0.028175173051468654,-0.10447024174823043
8.805,18,2.858930780693502,0.8657326062432537,0.002073630411789415,0.0014902159599196885,-0.06456323035477504,-0.012904474617558422,-0.008768901231422868,0.028213678889792773,0.048356519589077225,0.02821492558082696,-0.10404522708768923
8.81,18,2.8639307806935026,0.8672466908305577,0.002009711533682748,0.0014467242850854378,-0.0644234607088561,-0.01266327025422733,-0.008627741148533152,0.027694545908084768,0.0481241641083165,0.0282479890429963,-0.10360550943836672
8.815,18,2.8689307806935016,0.8687607754178611,0.0019469957463814497,0.001403938795950882,-0.06428628116990112,-0.012423243614615078,-0.008486432563186477,0.027177648413568605,0.047885425743572047,0.02827431918908929,-0.10315102089337858
8.82,18,2.8739307806935024,0.8702748600051651,0.0018854770813713645,0.0013618601506748818,-0.06415168037555344,-0.012184426678512604,-0.008345009252584046,0.026663060430488345,0.047640278346229414,0.028293871770219862,-0.10268169354584117
8.825000000000001,18,2.878930780693503,0.871788944592469,0.001825149409913393,0.0013204888379818314,-0.06401964659248946,-0.011946851556454663,-0.00820350521517305,0.02615085632262576,0.04738869576767446,0.02830660253750195,-0.10219745948887118
8.83,18,2.883930780693502,0.8733030291797725,0.0017660064423885985,0.0012798251760469948,-0.06389016771471559,-0.01171055048971904,-0.008061954670646925,0.025641110793293415,0.04713065185929338,0.028312467242048833,-0.10169825081558397
8.835,18,2.888930780693503,0.8748171137670765,0.0017080417276445076,0.0012398693113973708,-0.06376323126187286,-0.011475555850325801,-0.007920392059938908,0.025133898885341684,0.04686612047247188,0.028311421634973792,-0.10118399961909655
8.84,18,2.893930780693502,0.8763311983543799,0.0016512486523423825,0.0012006212177999853,-0.06363882437754123,-0.011241900141039306,-0.0077788520452310396,0.024629295981152488,0.04659507545859532,0.028303421467391076,-0.10065463799252528
8.845,18,2.8989307806935027,0.8778452829416838,0.001595620440302023,0.001162080695158621,-0.06351693382753801,-0.011009615995366349,-0.007637369509947441,0.024127377802644803,0.0463174906690499,0.028288422490413318,-0.10011009802898518
8.85,18,2.9039307806935017,0.8793593675289874,0.0015411501518495102,0.001124247368406231,-0.06339754599822164,-0.010778736177555997,-0.007495979558757543,0.02362822041126976,0.04603333995522149,0.028266380455155424,-0.0995503118215933
8.855,18,2.9089307806935025,0.8808734521162913,0.001487830683162425,0.0010871206863998922,-0.06328064689479715,-0.010549293582602091,-0.007354717517574069,0.02313190020801347,0.04574259716849563,0.02823725111272872,-0.0989752114634653
8.86,18,2.9139307806935015,0.8823875367035947,0.0014356547656163704,0.0010506999208144269,-0.06316622213961279,-0.010321321236240527,-0.007213618933557069,0.02263849393339762,0.04544523616025867,0.028200990214249416,-0.09838472904771885
8.865,18,2.9189307806935023,0.8839016212908987,0.0013846149651322442,0.0010149841650339414,-0.06305425697046782,-0.010094852294949719,-0.007072719575107733,0.02214807866747773,0.04514123078189548,0.02815755351082916,-0.09777879666746835
8.870000000000001,18,2.923930780693503,0.8854157058782026,0.0013347036815203467,0.0009799723330502635,-0.06294473623890964,-0.009869920045952609,-0.006932055431871485,0.021660731829841372,0.04483055488479286,0.02810689675358188,-0.09715734641583047
8.875,18,2.928930780693502,0.8869297904655061,0.0012859131478293734,0.0009456631583511649,-0.06283764440854187,-0.009646557907214035,-0.006791662714742823,0.021176531179615536,0.04451318232033615,0.028048975693622167,-0.09652031038592224
8.88,18,2.933930780693503,0.8884438750528101,0.0012382354296905512,0.0009120551928174514,-0.06273296555332195,-0.009424799427442237,-0.006651577855854829,0.020695554815457477,0.044189086939911394,0.027983746082062312,-0.09586762067085997
8.885,18,2.938930780693502,0.8899579596401135,0.0011916624246648827,0.000879146805618583,-0.06263068335586672,-0.009204678286089233,-0.0065118375085892605,0.020217881175561104,0.04385824259490413,0.027911163670016254,-0.09519920936375809
8.89,18,2.9439307806935027,0.8914720442274174,0.0011461858615892245,0.0008469361821005217,-0.06253078110574908,-0.008986228293348896,-0.006372478547570624,0.019743589037652283,0.04352062313670022,0.02783118420859792,-0.09451500855773425
8.895,18,2.9489307806935017,0.892986128814721,0.0011017972999227826,0.0008154213226850282,-0.06243324169780942,-0.008769483390158461,-0.006233538068666722,0.019272757518992528,0.04317620241668554,0.027743763448919937,-0.09381495034590447
8.9,18,2.9539307806935025,0.8945002134020249,0.001058488129092719,0.0007846000417606191,-0.06233804763045084,-0.008554477648199128,-0.00609505338899295,0.01880546607638047,0.04282495428624626,0.027648857142097538,-0.09309896682138509
8.905,18,2.9589307806935015,0.8960142979893283,0.0010162495678418954,0.0007544699665781862,-0.062245181003943856,-0.008341245269894573,-0.005957062046906249,0.018341794506145228,0.04246685259676794,0.027546421039243027,-0.09236699007729184
8.91,18,2.9639307806935022,0.8975283825766323,0.000975072663573287,0.0007250285361427578,-0.0621546235187285,-0.008129820588411345,-0.005819601802009136,0.017881822944152432,0.042101871199636105,0.02743641089147066,-0.09161895220674202
8.915000000000001,18,2.968930780693503,0.8990424671639363,0.0009349482916972823,0.0006962730001066064,-0.062066356473715306,-0.00792023806765842,-0.005682710635147826,0.0174256318658,0.04172998394623663,0.02731878244989208,-0.09085478530284907
8.92,18,2.973930780693502,0.9005565517512397,0.0008958671549781222,0.0006682004176690182,-0.061980360764590764,-0.0077125323022901315,-0.005546426748413977,0.016973302086023254,0.04135116468795602,0.027193491465623183,-0.09007442145873293
8.925,18,2.978930780693503,0.9020706363385437,0.0008578197828802564,0.0006408076564622944,-0.06189661688211909,-0.007506738017701439,-0.00541078856514442,0.016524914759291333,0.04096538727617966,0.02706049368977724,-0.08927779276750733
8.93,18,2.983930780693502,0.9035847209258471,0.0008207965309136173,0.0006140913914504109,-0.06181510491043965,-0.007302890070031843,-0.005275834729917935,0.016080551379606418,0.04057262556229293,0.026919744873466555,-0.08846483132228895
8.935,18,2.9889307806935026,0.905098805513151,0.0007847875799809473,0.0005880481038187946,-0.061735804525374166,-0.007101023446162978,-0.005141604108558343,0.015640293780503405,0.04017285339768209,0.026771200767805387,-0.08763546921619447
8.94,18,2.9939307806935016,0.9066128901004545,0.0007497829357235447,0.0005626740798752028,-0.06165869499273016,-0.0069011732637208004,-0.005008135788136386,0.01520422413505661,0.03976604463373318,0.026614817123907987,-0.08678963854234026
8.945,18,2.9989307806935024,0.9081269746877585,0.0007157724278679528,0.0005379654099348236,-0.06158375516659845,-0.006703374771072361,-0.00487546907696462,0.014772424955871017,0.03935217312183173,0.026450549692886332,-0.08592727139384167
8.950000000000001,18,3.003930780693503,0.9096410592750624,0.0006827457095718442,0.0005139179872196559,-0.06151096348765986,-0.006507663347329855,-0.004743643504600507,0.014344979095086554,0.038931212713363285,0.026278354225855335,-0.0850482998638144
8.955,18,3.008930780693502,0.9111551438623658,0.0006506922567706547,0.0004905275067515341,-0.06144029798148268,-0.006314074502347246,-0.0046126988218474895,0.013921969744380073,0.038503137259714035,0.026098186473927615,-0.08415265604537711
8.96,18,3.013930780693503,0.9126692284496699,0.0006196013675234952,0.00046778946424440304,-0.06137173625683209,-0.006122643876722311,-0.004482675000751496,0.013503480434958528,0.038067920612269684,0.02591000218821711,-0.08324027203164319
8.965,18,3.018930780693502,0.9141833130369733,0.000589462161359397,0.0004456991549982997,-0.06130525550396568,-0.0059334072417954525,-0.004353612234603361,0.01308959503756735,0.03762553662241641,0.02571375711983807,-0.08231107991573129
8.97,18,3.0239307806935027,0.9156973976242773,0.0005602635786246118,0.0004242516727942375,-0.06124083249293852,-0.0057464004996497986,-0.004225550937938421,0.01268039776248294,0.03717595914153961,0.02550940701990313,-0.08136501179075548
8.975,18,3.0289307806935017,0.9172114822115807,0.00053199437982758,0.00040344190878864594,-0.06117844357190563,-0.005561659683112881,-0.004098531746538398,0.0122759731595197,0.03671916202102529,0.025296907639526862,-0.08040199974983406
8.98,18,3.0339307806935025,0.9187255667988847,0.0005046431449857031,0.00038326455040492424,-0.0611180646654261,-0.005379220955753462,-0.003972595517425481,0.011876406118022912,0.03625511911225885,0.025076214729821248,-0.07942197588608177
8.985,18,3.0389307806935015,0.9202396513861881,0.00047819827297142237,0.0003637140802258826,-0.06105967127276116,-0.005199120611885025,-0.0038477833288697236,0.011481781866874848,0.035783804266626786,0.02484728404190022,-0.0784248722926146
8.99,18,3.0439307806935023,0.9217537359734921,0.00045264798085979663,0.00034478477489505166,-0.06100323846617836,-0.00502139507656289,-0.003724136480385011,0.01109218597449141,0.035305191335514484,0.024610071326879007,-0.07741062106255026
8.995000000000001,18,3.048930780693503,0.923267820560796,0.0004279803032725821,0.0003264707039998538,-0.060948740889256975,-0.004846080905586716,-0.003601696492727981,0.010707704348822067,0.034819254170307644,0.024364532335868935,-0.07637915428900309
9.0,18,3.053930780693502,0.9247819051480995,0.00040418309172633726,0.00030876572897484134,-0.06089615275518542,-0.004673214785497571,-0.003480505107901253,0.01032842323735143,0.03432596662239262,0.02411062281998589,-0.07533040406509112
9.005,18,3.058930780693503,0.9262959897354035,0.00038124401397778007,0.00029166350198953084,-0.06084544784506671,-0.004502833533581487,-0.0033606042891514117,0.00995442922709922,0.03382530254315511,0.023848298530341847,-0.07426430248392904
9.01,18,3.063930780693502,0.9278100743227069,0.00035915055337086554,0.0002751574648448274,-0.06079659950622032,-0.004334974097866277,-0.0032420362209692744,0.00958580924461913,0.033317235783980506,0.023577515218050085,-0.07318078163863484
9.015,18,3.0689307806935027,0.9293241589100109,0.00033789000818147674,0.00025924084786524415,-0.0607495806504835,-0.004169673557122833,-0.0031248433090904303,0.009222650555998678,0.032801740196254654,0.023298228634225183,-0.0720797736223226
9.02,18,3.0739307806935017,0.9308382434973144,0.00031744949096589037,0.0002439066687937863,-0.06070436375251301,-0.0040069691208653585,-0.0030090681804944325,0.008865040766858887,0.03227878963136408,0.0230103945299801,-0.07096121052810997
9.025,18,3.0789307806935025,0.9323523280846183,0.00029781592790557865,0.00022914773168661307,-0.06066092084809235,-0.0038468981293518084,-0.002894753683404934,0.008513067822357901,0.03174835794069359,0.02271396865642811,-0.06982502444911168
9.03,18,3.0839307806935015,0.9338664126719217,0.0002789760581535933,0.00021495662580392483,-0.06061922353242663,-0.0036894980535824404,-0.002781942887293989,0.008166820007187301,0.031210418975629938,0.022408906764684777,-0.06867114747844666
9.035,18,3.0889307806935022,0.9353804972592257,0.00026091643318108815,0.00020132572450617947,-0.06057924295844988,-0.003534806495300707,-0.002670679082870221,0.007826385945571418,0.0306649465875581,0.022095164605860442,-0.06749951170922805
9.040000000000001,18,3.093930780693503,0.9368945818465296,0.00024362341612456373,0.0001882471841480743,-0.06054094983512756,-0.003382861186993089,-0.002561005782094823,0.007491854601270672,0.030111914627864594,0.021772697931070666,-0.06631004923457445
9.045,18,3.098930780693502,0.9384086664338331,0.00022708318112997505,0.00017571294296950257,-0.060504314425754574,-0.0032336999918888246,-0.0024529667181678433,0.00716331527757871,0.029551296947935117,0.02144146249142906,-0.06510269214760027
9.05,18,3.103930780693503,0.9399227510211371,0.0002112817127007255,0.0001637147199929495,-0.06046930654626506,-0.003087360903961591,-0.0023466058455365226,0.006840857617326743,0.028983067399155373,0.02110141403804824,-0.06387737254142282
9.055,18,3.108930780693502,0.9414368356084405,0.0001962048050441062,0.00015224401391501774,-0.060435895563524106,-0.002943882047926395,-0.0022419673398916613,0.006524571602875783,0.028407199832911227,0.020752508322043776,-0.06263402250915914
9.06,18,3.1139307806935026,0.9429509201957444,0.00018183806141676417,0.00014129210200027054,-0.0604040503936418,-0.0028033016792429677,-0.002139095598168698,0.006214547556123834,0.027823668100588384,0.020394701094526662,-0.06137257414392295
9.065,18,3.1189307806935016,0.944465004783048,0.00016816689346997593,0.00013085003897507497,-0.06037373950026684,-0.002665658184111832,-0.002038035238546631,0.005910876138501991,0.02723244605357238,0.020027948106611803,-0.06009295953883223
9.07,18,3.1239307806935024,0.9459790893703519,0.00015517652059861275,0.00012090865592424838,-0.06034493089289242,-0.002530990079478958,-0.0019388311004509796,0.005613648350980397,0.026633507543249568,0.019652205109412155,-0.0587951107870027
9.075000000000001,18,3.128930780693503,0.9474931739576559,0.00014285196928552624,0.000111458559179059,-0.06031759212515789,-0.0023993360130324525,-0.0018415282445501508,0.005322955534054689,0.02602682642100565,0.019267427854042302,-0.05747895998155069
9.08,18,3.133930780693502,0.9490072585449593,0.00013117807244768243,0.00010249012921743905,-0.06029169029315248,-0.00227073476320328,-0.001746171952755709,0.005038889367764824,0.02541237653822649,0.018873572091614867,-0.05614443921559256
9.085,18,3.138930780693503,0.9505213431322632,0.00012013946878429438,9.399351955152735e-05,-0.06026719203371564,-0.0021452252391654003,-0.0016528077282269493,0.004761541871677704,0.024790131746297555,0.018470593573243783,-0.05479148058224435
9.09,18,3.143930780693502,0.9520354277195667,0.00010972060212068036,8.595865562817384e-05,-0.06024406352274023,-0.0020228464808369584,-0.0015614812953648443,0.00449100540489964,0.02416006589660486,0.018058448050042003,-0.053420016174622394
9.095,18,3.1489307806935027,0.9535495123068707,9.990572075589677e-05,7.837523371567734e-05,-0.06022227047347231,-0.0019036376588769245,-0.0014722385998158112,0.00422737266606762,0.023522152840534445,0.017637091273123785,-0.052029978085842074
9.1,18,3.1539307806935017,0.9550635968941741,9.067887680953846e-05,7.123271980175039e-05,-0.06020177813482144,-0.0017876380746895998,-0.001385125808470903,0.003970736693355288,0.02287636642947184,0.017206478993603377,-0.050621298409021374
9.105,18,3.1589307806935025,0.956577681481478,8.202392556642957e-05,6.452034848913879e-05,-0.060182551289651914,-0.0016748871604213872,-0.001300189309466214,0.0037211908644690433,0.022222680514803077,0.016766566962592114,-0.049193909237274035
9.11,18,3.1639307806935015,0.9580917660687815,7.392452482447853e-05,5.8227121883247523e-05,-0.06016455425309339,-0.001565424478961918,-0.0012174757121799192,0.003478828896652011,0.021561068947913854,0.016317310931205874,-0.04774774266371837
9.115,18,3.1689307806935023,0.9596058506560855,6.636413424003507e-05,5.23418084916738e-05,-0.06014775087083976,-0.0014592897239435825,-0.0011370318472355041,0.0032437448466790648,0.02089150558018988,0.01585866665055631,-0.046282730781470396
9.120000000000001,18,3.173930780693503,0.9611199352433895,5.9326014674246363e-05,4.685294211664859e-05,-0.060132104517454904,-0.0013565227197423855,-0.0010589047665045866,0.0030160331108627096,0.020213964263017175,0.015390589871759308,-0.04479880568364517
9.125,18,3.178930780693502,0.9626340198306929,5.27932275402182e-05,4.1748820743481296e-05,-0.06011757809466764,-0.0012571634214770737,-0.0009831417430966975,0.0027957884250475362,0.01952841884778161,0.01491303634592619,-0.04329589946335904
9.13,18,3.183930780693503,0.9641481044179969,4.6748634147122936e-05,3.701750544476967e-05,-0.06010413402968143,-0.0011612519150092184,-0.0009097902713716533,0.0025831058646125387,0.018834843185868727,0.014425961824171862,-0.041773944213729666
9.135,18,3.188930780693502,0.9656621890053003,4.1174895049997384e-05,3.2646819263959515e-05,-0.06009173427347367,-0.0010688284169438724,-0.0008388980669298722,0.0023780808444708815,0.018133211128665033,0.013929322057609281,-0.04023287202787209
9.14,18,3.1939307806935027,0.9671762735926043,3.605446939210222e-05,2.8624346114225485e-05,-0.06008034029909767,-0.000979933274629065,-0.0007705130666184268,0.002180809119072083,0.017423496527555097,0.013423072797351398,-0.038672614998902025
9.145,18,3.1989307806935017,0.9686903581799077,3.136961425438678e-05,2.4937429672911016e-05,-0.060069913099985967,-0.0008946069661557516,-0.0007046834285272783,0.0019913867823982837,0.016705673233925758,0.012907169794513122,-0.03709310521993711
9.15,18,3.2039307806935025,0.9702044427672117,2.710238399979137e-05,2.1573172271735497e-05,-0.06006041318825531,-0.0008128901003582504,-0.0006414575319922351,0.001809910267966803,0.015979715099162555,0.012381568800206752,-0.03549427478409306
9.155,18,3.2089307806935015,0.9717185273545151,2.323462962099121e-05,1.8518433795300382e-05,-0.060051800593000776,-0.0007348234168137895,-0.0005808839775926665,0.0016364763488308765,0.01524559597465144,0.011846225565547526,-0.03387605578448557
9.16,18,3.2139307806935022,0.9732326119418191,1.974799808486527e-05,1.5759830568715105e-05,-0.06004403485860613,-0.0006604477858422708,-0.0005230115871517718,0.0014711821375730687,0.014503289711777702,0.011301095841646763,-0.03223838031423033
9.165000000000001,18,3.218930780693503,0.974746696529123,1.6623931680434523e-05,1.3283734257338309e-05,-0.06003707504304365,-0.0005898042085074638,-0.0004678894037395391,0.0013141250863170383,0.013752770161927939,0.010746135379619699,-0.030581180466445018
9.17,18,3.223930780693502,0.9762607811164266,1.384366736457976e-05,1.1076270757512385e-05,-0.06003087971617552,-0.00052293381661561,-0.0004155666916676344,0.0011654029867167476,0.01299401117648745,0.010181299930579289,-0.028904388334245645
9.175,18,3.228930780693503,0.9777748657037305,1.1388236108175742e-05,9.123319090850734e-06,-0.06002540695805711,-0.00045987787271629786,-0.00036609293649357105,0.0010251139699601931,0.012226986606841935,0.00960654524563946,-0.02720793601074661
9.18,18,3.233930780693502,0.9792889502910339,9.238462242530665e-06,7.410510298885842e-06,-0.06002061435723946,-0.0004006777701019741,-0.00031951784501936477,0.0008933565067725662,0.011451670304378072,0.009021827075913168,-0.02549175558906655
9.185,18,3.2389307806935026,0.9808030348783379,7.374962805520302e-06,5.923226333512388e-06,-0.060016459009068684,-0.0003453750328082811,-0.00027589134529086134,0.0007702294074112777,0.010668036120480588,0.008427101172514991,-0.02375577916232051
9.19,18,3.2439307806935016,0.9823171194656413,5.778146888388291e-06,4.646598956756232e-06,-0.06001289751399477,-0.0002940113156140728,-0.00023526358659867774,0.0006558318216688826,0.00987605790653624,0.007822323286557561,-0.021999938823624842
9.195,18,3.2489307806935024,0.9838312040529453,4.4282149807423066e-06,3.5655086276509262e-06,-0.060009885975866456,-0.000246628404040642,-0.00019768493947726104,0.0005502632388733155,0.00907570951392976,0.00720744916915448,-0.020224166666095254
9.200000000000001,18,3.253930780693503,0.9853452886402493,3.305158318714363e-06,2.6645834022842596e-06,-0.06000738000023895,-0.00020326821435341798,-0.00016320599570703986,0.0004536234878838895,0.00826696479404782,0.006582434571418376,-0.018428394782846785
9.205,18,3.258930780693502,0.9868593732275527,2.388758229401877e-06,1.9281978219376494e-06,-0.06000533469267208,-0.0001639727935601341,-0.0001318775683118694,0.00036601273709886093,0.007449797598276454,0.005947235244466111,-0.016612555267000353
9.21,18,3.263930780693503,0.9883734578148566,1.6585854792777743e-06,1.3404718140208605e-06,-0.06000370465703905,-0.00012878431941175256,-0.00010375069155956939,0.0002875314944466546,0.006624181778000545,0.00530180693940738,-0.014776580211667101
9.215,18,3.268930780693502,0.9898875424021601,1.0939996174658129e-06,8.852695747296746e-07,-0.060002443993820626,-9.774510040179184e-05,-7.887662096326867e-05,0.00021828060739188175,0.005790091184606775,0.004646105407358722,-0.012920401709965657
9.22,18,3.2739307806935027,0.9914016269894641,6.741483250943814e-07,5.461984779187024e-07,-0.06000150629841297,-7.089757576841122e-05,-5.730683327911933e-05,0.00015836126293574334,0.004947499669480356,0.003980086399431457,-0.011043951855011723
9.225,18,3.2789307806935017,0.9929157115767675,3.779667599596026e-07,3.0660795377612793e-07,-0.06000084465942837,-4.828431549088064e-05,-3.9093026510330816e-05,0.00010787498761018031,0.004096381084007969,0.003303705666740823,-0.009147162739921976
9.23,18,3.2839307806935025,0.9944297961640715,1.84176902270905e-07,1.495883910351825e-07,-0.060000411656996794,-2.9948020293295746e-05,-2.42871199009841e-05,6.692364748093301e-05,0.003236709279573848,0.002616918960398467,-0.007229966457812446
9.235,18,3.2889307806935015,0.995943880751375,7.128690317215192e-08,5.797003208019014e-08,-0.06000015936107114,-1.5931521641182256e-05,-1.294125394329342e-05,3.5609448154365896e-05,0.0023684581075656516,0.0019196820315202751,-0.005292295101798504
9.24,18,3.2939307806935023,0.9974579653386789,1.759042848881176e-08,1.4321860503097028e-08,-0.060000039329724336,-6.277781744488115e-06,-5.107790372092692e-06,1.4034934765162815e-05,0.0014916014193681857,0.0012119506312182231,-0.00333408076499683
9.245000000000001,18,3.298930780693503,0.9989720499259829,1.1660068605090501e-09,9.504986381303482e-10,-0.06000000260745772,-1.029893555415041e-06,-8.39312165104479e-07,2.302991984126739e-06,0.0006061130663670707,0.0004936805106065669,-0.0013552555405234499
9.248394625645876,18,3.302325406339378,0.9999999999999999,-1.8041124150158794e-16,-2.7755575615628914e-17,-0.059999999999998915,5.042914710164057e-17,4.023825695818404e-16,6.891983437224212e-16,6.311930201870594e-16,7.329983460236819e-16,-1.4049134965453903e-15
