elapsed_s,cost
10.441,6.20901e+17
10.441,4.99037e+20
10.441,2.34841e+21
10.441,4.00808e+19
10.441,8.90493e+17
10.441,2.7983e+16
10.441,2.69999e+16
10.441,2.59642e+16
10.441,2.39361e+16
10.441,1.08503e+16
10.441,6193020000000000.0
10.441,3145760000000000.0
10.441,1750940000000000.0
10.441,918224000000000.0
10.441,412023000000000.0
10.441,233065000000000.0
10.441,139973000000000.0
10.441,75192200000000.0
10.441,33442800000000.0
10.441,66356400000000.0
10.441,27528600000000.0
10.441,11925500000000.0
10.441,8895910000000.0
10.441,6815760000000.0
10.441,5714800000000.0
10.441,4079390000000.0
10.441,1812070000000.0
10.441,775772000000.0
10.441,391298000000.0
10.441,258310000000.0
10.441,156473000000.0
10.441,80902600000.0
10.441,44331800000.0
10.441,22595900000.0
10.441,11031700000.0
10.441,6330070000.0
10.441,4510030000.0
10.441,2687750000.0
10.441,1490680000.0
10.441,850578000.0
10.441,525703000.0
10.441,382177000.0
10.441,259894000.0
10.441,163361000.0
10.441,116600000.0
10.441,84017700.0
10.441,71798000.0
10.441,68278300.0
10.441,66078000.0
10.441,65042700.0
10.441,63353700.0
10.441,60714500.0
10.441,59869400.0
10.441,57467700.0
10.441,55836600.0
10.441,54523600.0
10.441,54134100.0
10.441,53647100.0
10.441,53349600.0
10.441,3387000000.0
10.441,113693000.0
10.441,53035400.0
10.441,9244280000.0
10.441,1100420000.0
10.441,132071000.0
10.441,56391000.0
10.441,52979500.0
10.441,52836500.0
10.441,52732800.0
10.441,52408500.0
10.441,52515500.0
10.441,52195300.0
10.441,81964300.0
10.441,53991400.0
10.441,52143400.0
10.441,51938400.0
10.441,51878000.0
10.441,51596700.0
10.441,51441200.0
10.441,51323800.0
10.441,51138000.0
10.441,50737000.0
10.441,50415800.0
10.441,50306100.0
10.441,50159700.0
10.441,50132700.0
10.441,50014300.0
10.441,49796100.0
10.441,49685800.0
10.441,49534000.0
10.441,49407800.0
10.441,49134600.0
15.501,48885300.0
15.501,48773900.0
15.501,48565300.0
15.501,48146600.0
15.501,48008800.0
15.501,48052100.0
15.501,47907300.0
15.501,47788600.0
15.501,47672800.0
15.501,47544400.0
15.501,393989000.0
15.501,48132100.0
15.501,47477500.0
15.501,47228600.0
15.501,46978800.0
15.501,47399800.0
15.501,46883400.0
15.501,6860840000.0
15.501,1187400000.0
15.501,159888000.0
15.501,55168800.0
15.501,47239600.0
15.501,46844300.0
15.501,46634900.0
15.501,46662400.0
15.501,46557800.0
15.501,46486900.0
15.501,46426900.0
15.501,46365800.0
15.501,46308500.0
15.501,47200800.0
15.501,46087900.0
15.501,45990100.0
15.501,45898100.0
15.501,45816100.0
15.501,45748700.0
15.501,45624900.0
15.501,45479700.0
15.501,45378300.0
15.501,45228700.0
15.501,44819700.0
15.501,44613900.0
15.501,44941500.0
15.501,44143900.0
15.501,44115300.0
15.501,43916100.0
15.501,44028800.0
15.501,43814600.0
15.501,43877900.0
15.501,43675600.0
15.501,43950700.0
15.501,43606400.0
15.501,43449600.0
15.501,43224800.0
15.501,4634770000.0
15.501,376774000.0
15.501,48144900.0
15.501,43120700.0
15.501,107181000.0
15.501,46776900.0
15.501,43149600.0
15.501,43082300.0
15.501,324124000.0
15.501,71451000.0
15.501,45803800.0
15.501,43321300.0
15.501,43090700.0
15.501,43074900.0
15.501,43057900.0
15.501,42944000.0
15.501,42881100.0
15.501,42782300.0
15.501,42657400.0
15.501,42358800.0
15.501,42048400.0
15.501,43869600.0
15.501,41994900.0
15.501,42029700.0
15.501,41816700.0
15.501,41716900.0
15.501,41535400.0
15.501,3638450000.0
15.501,41112100.0
15.501,40931700.0
15.501,40955700.0
15.501,40839700.0
15.501,40706500.0
15.501,40532900.0
15.501,40304400.0
15.501,7692090000.0
15.501,1330890000.0
15.501,132674000.0
15.501,43317500.0
15.501,40253900.0
15.501,88105200.0
15.501,43094300.0
15.501,40380000.0
15.501,40155900.0
15.501,39613200.0
15.501,39474700.0
15.501,39238600.0
15.501,39149000.0
15.501,142105000.0
15.501,40137400.0
15.501,39036400.0
15.501,868156000.0
15.501,110313000.0
15.501,43411400.0
15.501,39118100.0
15.501,38992900.0
15.501,39594300.0
15.501,38929700.0
15.501,12007000000.0
15.501,738776000.0
15.501,40295800.0
15.501,38669200.0
15.501,126483000.0
15.501,39635100.0
15.501,38578300.0
15.501,123914000.0
15.501,44463200.0
15.501,38802600.0
15.501,38544400.0
15.501,38416900.0
15.501,38384000.0
15.501,38649600.0
15.501,38337400.0
15.501,38108300.0
15.501,37970400.0
15.501,37856400.0
15.501,37721700.0
15.501,37677700.0
15.501,37446200.0
15.501,37350800.0
15.501,52012000.0
15.501,37253800.0
15.501,37179800.0
15.501,37117100.0
15.501,682777000.0
15.501,52521700.0
15.501,37842500.0
15.501,37116700.0
15.501,37187900.0
15.501,37052500.0
15.501,36945500.0
15.501,36813900.0
15.501,36647200.0
15.501,36508200.0
15.501,37156900.0
15.501,36510600.0
15.501,36475600.0
15.501,36930800.0
15.501,36516600.0
15.501,36460200.0
15.501,36394300.0
15.501,36282900.0
15.501,36032100.0
15.501,35924500.0
15.501,35830800.0
15.501,35685800.0
15.501,35738200.0
15.501,35489200.0
15.501,35985500.0
15.501,35429600.0
15.501,35231300.0
15.501,35041600.0
15.501,34812100.0
15.501,34957100.0
15.501,34559700.0
15.501,34514800.0
15.501,34310600.0
15.501,34197300.0
15.501,34093300.0
15.501,33963400.0
15.501,33869900.0
15.501,33686000.0
15.501,33477400.0
15.501,34868000.0
15.501,33430300.0
15.501,33407700.0
15.501,33364200.0
20.559,33167900.0
20.559,32994700.0
20.559,32823800.0
20.559,49336400.0
20.559,33524200.0
20.559,32660700.0
20.559,32570200.0
20.559,32474400.0
20.559,32384500.0
20.559,32244200.0
20.559,32131100.0
20.559,32018700.0
20.559,31843200.0
20.559,31615600.0
20.559,43784200.0
20.559,31518900.0
20.559,31333500.0
20.559,31199100.0
20.559,31095400.0
20.559,31064000.0
20.559,30978800.0
20.559,30904400.0
20.559,30745400.0
20.559,34715100.0
20.559,30694000.0
20.559,34429100.0
20.559,30572700.0
20.559,30645500.0
20.559,30492500.0
20.559,30361700.0
20.559,30385300.0
20.559,30294200.0
20.559,31417200.0
20.559,30185600.0
20.559,62042400.0
20.559,32239100.0
20.559,30246500.0
20.559,30143500.0
20.559,32214500.0
20.559,30099200.0
20.559,30021900.0
20.559,29936600.0
20.559,29978000.0
20.559,29879100.0
20.559,29826300.0
20.559,29840100.0
20.559,29798800.0
20.559,29776000.0
20.559,29745300.0
20.559,29722700.0
20.559,29692600.0
20.559,29672200.0
20.559,29658800.0
20.559,29629100.0
20.559,29615100.0
20.559,29568500.0
20.559,29534900.0
20.559,29492200.0
20.559,29426500.0
20.559,29371800.0
20.559,29238300.0
20.559,29159500.0
20.559,29084300.0
20.559,29675000.0
20.559,29059400.0
20.559,29156400.0
20.559,29010800.0
20.559,28917000.0
20.559,28842900.0
20.559,28738200.0
20.559,28674300.0
20.559,28623400.0
20.559,28567400.0
20.559,28520500.0
20.559,28448200.0
20.559,28388600.0
20.559,28299700.0
20.559,28265200.0
20.559,28213600.0
20.559,28204900.0
20.559,28162700.0
20.559,28105900.0
20.559,28026400.0
20.559,27972200.0
20.559,27934900.0
20.559,27868800.0
20.559,27820700.0
20.559,27770100.0
20.559,27745900.0
20.559,27680600.0
20.559,27605800.0
20.559,27620300.0
20.559,27543300.0
20.559,27483100.0
20.559,27689100.0
20.559,27410700.0
20.559,27401600.0
20.559,27319900.0
20.559,27222300.0
20.559,27160600.0
20.559,27072000.0
20.559,30023200.0
20.559,27040000.0
20.559,27003500.0
20.559,26940100.0
20.559,26869700.0
20.559,26834200.0
20.559,26719100.0
20.559,26651400.0
20.559,26586900.0
20.559,26510600.0
20.559,26438900.0
20.559,26330800.0
20.559,26449500.0
20.559,26237500.0
20.559,26143400.0
20.559,26042600.0
20.559,25927600.0
20.559,29071400.0
20.559,26058700.0
20.559,25859400.0
20.559,25782800.0
20.559,25678400.0
20.559,25598600.0
20.559,25493700.0
20.559,25411000.0
20.559,25349000.0
20.559,25310800.0
20.559,25166400.0
20.559,26858000.0
20.559,25120900.0
20.559,25330700.0
20.559,25146500.0
20.559,25093900.0
20.559,24996700.0
20.559,24885400.0
20.559,25949600.0
20.559,24842300.0
20.559,24673700.0
20.559,24548800.0
20.559,24607500.0
20.559,24482300.0
20.559,24487500.0
20.559,24385700.0
20.559,24310100.0
20.559,24237900.0
20.559,24190700.0
20.559,24096200.0
20.559,24034900.0
20.559,23969000.0
20.559,21731400000.0
20.559,5438350000.0
20.559,243481000.0
20.559,23940200.0
20.559,40693100000.0
20.559,23134300000.0
20.559,8520110000.0
20.559,1553740000.0
20.559,194385000.0
20.559,39886900.0
20.559,25341800.0
20.559,24045800.0
20.559,23945900.0
20.559,23939700.0
20.559,23826200.0
20.559,28854200.0
20.559,23773500.0
20.559,23662700.0
20.559,32764800.0
20.559,23683700.0
20.559,23633900.0
20.559,214967000.0
20.559,29862400.0
20.559,23661900.0
20.559,23573400.0
20.559,37121800.0
20.559,24615600.0
20.559,23625300.0
20.559,23552400.0
20.559,17036900000.0
25.619,670673000.0
25.619,27553700.0
25.619,23412600.0
25.619,23347700.0
25.619,23264600.0
25.619,23148300.0
25.619,24207200.0
25.619,23092600.0
25.619,26686200.0
25.619,23079500.0
25.619,23057400.0
25.619,22965500.0
25.619,22880600.0
25.619,22810800.0
25.619,22694800.0
25.619,22615700.0
25.619,22542300.0
25.619,23101400.0
25.619,22560100.0
25.619,22522100.0
25.619,22459200.0
25.619,22429900.0
25.619,22368400.0
25.619,22673100.0
25.619,22324100.0
25.619,22278900.0
25.619,22216800.0
25.619,22174900.0
25.619,22138400.0
25.619,22101000.0
25.619,22051200.0
25.619,22053000.0
25.619,22020000.0
25.619,21989500.0
25.619,21940600.0
25.619,21902300.0
25.619,21898900.0
25.619,21855700.0
25.619,21827400.0
25.619,21771300.0
25.619,21710600.0
25.619,21762300.0
25.619,21665600.0
25.619,21678100.0
25.619,21649800.0
25.619,21611100.0
25.619,30697300.0
25.619,21643700.0
25.619,21558300.0
25.619,143788000.0
25.619,22499500.0
25.619,21593700.0
25.619,21542300.0
25.619,21479600.0
25.619,21458200.0
25.619,21433400.0
25.619,21412800.0
25.619,21368800.0
25.619,21333200.0
25.619,21268200.0
25.619,21217300.0
25.619,21154000.0
25.619,21083100.0
25.619,34338000000.0
25.619,3127960000.0
25.619,207468000.0
25.619,29130600.0
25.619,21194000.0
25.619,21076900.0
25.619,21081800.0
25.619,14814100000.0
25.619,1169610000.0
25.619,95210000.0
25.619,26139400.0
25.619,21455900.0
25.619,21108400.0
25.619,21080400.0
25.619,275300000.0
25.619,27696300.0
25.619,21385100.0
25.619,21028600.0
25.619,20976400.0
25.619,20926000.0
25.619,20837900.0
25.619,20790500.0
25.619,20725900.0
25.619,20652400.0
25.619,20583400.0
25.619,20671500.0
25.619,20553600.0
25.619,20480900.0
25.619,20429500.0
25.619,20362000.0
25.619,20324500.0
25.619,20280500.0
25.619,20241400.0
25.619,20352100.0
25.619,20217900.0
25.619,20167300.0
25.619,20125200.0
25.619,20084500.0
25.619,20029500.0
25.619,19966400.0
25.619,19902800.0
25.619,19780300.0
25.619,19694300.0
25.619,19740000.0
25.619,19672300.0
25.619,19613400.0
25.619,19509900.0
25.619,19405300.0
25.619,19360400.0
25.619,19286900.0
25.619,19252000.0
25.619,19227600.0
25.619,19198500.0
25.619,19184300.0
25.619,19161000.0
25.619,19143700.0
25.619,19105600.0
25.619,19072300.0
25.619,19037300.0
25.619,19004500.0
25.619,18907300.0
25.619,18831100.0
25.619,18730700.0
25.619,18646500.0
25.619,18600500.0
25.619,18546800.0
25.619,18492500.0
25.619,18431600.0
25.619,18376700.0
25.619,18332300.0
25.619,18281900.0
25.619,18271300.0
25.619,18228800.0
25.619,18186900.0
25.619,18133900.0
25.619,18096400.0
25.619,18042500.0
25.619,18030900.0
25.619,18016900.0
25.619,18012600.0
25.619,17993200.0
25.619,17982000.0
25.619,17968400.0
25.619,17944200.0
25.619,17927100.0
25.619,17904900.0
25.619,17890500.0
25.619,17873100.0
25.619,17864300.0
25.619,17841900.0
25.619,17826900.0
25.619,17810000.0
25.619,20098300.0
25.619,17886500.0
25.619,17806100.0
25.619,17800700.0
25.619,17795000.0
25.619,17790000.0
25.619,17788800.0
25.619,17782100.0
25.619,17776200.0
25.619,17764500.0
25.619,17775000.0
25.619,17755300.0
25.619,17748600.0
25.619,17735800.0
25.619,17727700.0
25.619,17714000.0
25.619,17702400.0
25.619,17694000.0
25.619,17685600.0
25.619,17676400.0
25.619,17915100.0
25.619,17665900.0
25.619,52396900.0
25.619,19203600.0
25.619,17692600.0
25.619,17661800.0
30.684,68819100.0
30.684,21490400.0
30.684,17976200.0
30.684,17686600.0
30.684,17662200.0
30.684,17660800.0
30.684,17650500.0
30.684,17637600.0
30.684,17629700.0
30.684,17620500.0
30.684,17612900.0
30.684,17606100.0
30.684,17598600.0
30.684,17585300.0
30.684,17577900.0
30.684,17572100.0
30.684,17553900.0
30.684,17539500.0
30.684,17528500.0
30.684,17507500.0
30.684,17499100.0
30.684,17489700.0
30.684,17484000.0
30.684,17471700.0
30.684,17473500.0
30.684,17466800.0
30.684,17459600.0
30.684,17451300.0
30.684,17443700.0
30.684,17436300.0
30.684,17432500.0
30.684,17429800.0
30.684,17427100.0
30.684,17423900.0
30.684,17421100.0
30.684,17418100.0
30.684,17414800.0
30.684,17410500.0
30.684,17405600.0
30.684,17403000.0
30.684,17405100.0
30.684,17396000.0
30.684,17389700.0
30.684,17380900.0
30.684,17374800.0
30.684,17356700.0
30.684,17349300.0
30.684,17345400.0
30.684,17336300.0
30.684,17332000.0
30.684,17326300.0
30.684,17329600.0
30.684,17322300.0
30.684,17318900.0
30.684,17315700.0
30.684,17313000.0
30.684,17310400.0
30.684,17307600.0
30.684,17301800.0
30.684,17292900.0
30.684,321232000.0
30.684,17281800.0
30.684,56608600000.0
30.684,9960640000.0
30.684,628235000.0
30.684,27820500.0
30.684,17384500.0
30.684,17280600.0
30.684,17289500.0
30.684,17281100.0
30.684,31306500.0
30.684,17276300.0
30.684,146841000.0
30.684,26485300.0
30.684,17895200.0
30.684,17317600.0
30.684,17278600.0
30.684,17276300.0
30.684,17274800.0
30.684,17273500.0
30.684,17271300.0
30.684,17268800.0
30.684,17282900.0
30.684,17269300.0
30.684,17267100.0
30.684,17263000.0
30.684,17265900.0
30.684,17261900.0
30.684,17256100.0
30.684,17247000.0
30.684,17235000.0
30.684,17226000.0
30.684,17220100.0
30.684,17216400.0
30.684,17211700.0
30.684,17208300.0
30.684,17204800.0
30.684,17201400.0
30.684,17197900.0
30.684,17193800.0
30.684,17219700.0
30.684,17191700.0
30.684,17210700.0
30.684,17187800.0
30.684,17180900.0
30.684,17175500.0
30.684,17167600.0
30.684,17158200.0
30.684,17142900.0
30.684,21681800.0
30.684,17133500.0
30.684,698007000.0
30.684,68691600.0
30.684,19896400.0
30.684,17202000.0
30.684,17130700.0
30.684,17127300.0
30.684,17119500.0
30.684,17800100.0
30.684,17150400.0
30.684,17118300.0
30.684,17117100.0
30.684,17115600.0
30.684,17112700.0
30.684,17108600.0
30.684,17104600.0
30.684,17101500.0
30.684,17097200.0
30.684,17095500.0
30.684,17092500.0
30.684,17090800.0
30.684,17089200.0
30.684,17088100.0
30.684,17086300.0
30.684,17084600.0
30.684,17082600.0
30.684,17080600.0
30.684,17078700.0
30.684,17075600.0
30.684,17071000.0
30.684,17068000.0
30.684,17065400.0
30.684,17063700.0
30.684,17061200.0
30.684,17059200.0
30.684,17058800.0
30.684,17056900.0
30.684,17054500.0
30.684,17052400.0
30.684,17052500.0
30.684,17051300.0
30.684,17049000.0
30.684,17045800.0
30.684,17046000.0
30.684,17044500.0
30.684,17092800.0
30.684,17052400.0
30.684,17044000.0
30.684,17040900.0
30.684,17039200.0
30.684,17037800.0
30.684,17036300.0
30.684,17034300.0
30.684,17032800.0
30.684,17031500.0
30.684,17029900.0
30.684,17029400.0
30.684,17029000.0
30.684,17024500.0
30.684,17021800.0
30.684,20469800.0
30.684,17017700.0
30.684,17016500.0
30.684,17014200.0
30.684,21332900.0
30.684,17095600.0
30.684,17011200.0
30.684,19840600.0
30.684,17246000.0
30.684,17027800.0
35.915,17011100.0
35.915,25462700.0
35.915,17161400.0
35.915,17014600.0
35.915,17008300.0
35.915,17005800.0
35.915,17003700.0
35.915,17049100.0
35.915,17004900.0
35.915,17002900.0
35.915,17001400.0
35.915,16999500.0
35.915,17018300.0
35.915,16999700.0
35.915,16998600.0
35.915,16997500.0
35.915,16996700.0
35.915,16996000.0
35.915,16995200.0
35.915,16994200.0
35.915,16993000.0
35.915,17001100.0
35.915,16991500.0
35.915,16990500.0
35.915,16989200.0
35.915,16987400.0
35.915,16986100.0
35.915,16984200.0
35.915,16981800.0
35.915,16979800.0
35.915,16977500.0
35.915,16976100.0
35.915,16974900.0
35.915,16973200.0
35.915,16974500.0
35.915,16972100.0
35.915,18582500.0
35.915,17113300.0
35.915,16984000.0
35.915,16972600.0
35.915,16971800.0
35.915,16972800.0
35.915,16971100.0
35.915,16969400.0
35.915,16968000.0
35.915,16965000.0
35.915,16962100.0
35.915,16957900.0
35.915,16953300.0
35.915,16948800.0
35.915,16945100.0
35.915,16941200.0
35.915,16936400.0
35.915,16932500.0
35.915,16928800.0
35.915,16924000.0
35.915,16921900.0
35.915,16918400.0
35.915,16917300.0
35.915,16912300.0
35.915,16907900.0
35.915,16916100.0
35.915,16905700.0
35.915,16902100.0
35.915,16898500.0
35.915,16892700.0
35.915,16887700.0
35.915,16884400.0
35.915,16880100.0
35.915,16876000.0
35.915,16870000.0
35.915,16863100.0
35.915,16860800.0
35.915,16853200.0
35.915,16849400.0
35.915,16844600.0
35.915,16840900.0
35.915,16837000.0
35.915,16834000.0
35.915,16835700.0
35.915,16830000.0
35.915,16826100.0
35.915,16823000.0
35.915,16825800.0
35.915,16822400.0
35.915,16951100.0
35.915,16836900.0
35.915,16823800.0
35.915,16821800.0
35.915,16818600.0
35.915,16816500.0
35.915,16814500.0
35.915,16813500.0
35.915,16813300.0
35.915,16809800.0
35.915,16806200.0
35.915,16805400.0
35.915,16803100.0
35.915,16801100.0
35.915,16800000.0
35.915,16798000.0
35.915,16797000.0
35.915,16796200.0
35.915,16795700.0
35.915,16794400.0
35.915,16792900.0
35.915,16791300.0
35.915,16984900.0
35.915,16790200.0
35.915,16788800.0
35.915,16787900.0
35.915,16792700.0
35.915,16788900.0
35.915,16788000.0
35.915,16787800.0
35.915,16787000.0
35.915,16786400.0
35.915,16785000.0
35.915,16784000.0
35.915,16801900.0
35.915,16788600.0
35.915,16784900.0
35.915,16783900.0
35.915,16782400.0
35.915,16779600.0
35.915,16776300.0
35.915,16771300.0
35.915,16767900.0
35.915,16762500.0
35.915,16759800.0
35.915,16758300.0
35.915,16757000.0
35.915,16755900.0
35.915,16754500.0
35.915,16752600.0
35.915,16749900.0
35.915,16757300.0
35.915,16746700.0
35.915,16869000.0
35.915,16757500.0
35.915,16746600.0
35.915,16742400.0
35.915,16740500.0
35.915,16739100.0
35.915,16737300.0
35.915,16734900.0
35.915,16733900.0
35.915,16729100.0
35.915,16726200.0
35.915,16722900.0
35.915,16728100.0
35.915,16722900.0
35.915,16722000.0
35.915,16718700.0
35.915,16715200.0
35.915,16711900.0
35.915,16707200.0
35.915,16702000.0
35.915,16856600.0
35.915,16697300.0
35.915,16707500.0
35.915,16695200.0
35.915,16696100.0
35.915,16690400.0
35.915,16688000.0
35.915,16686200.0
35.915,16685000.0
35.915,16683600.0
35.915,16681700.0
35.915,16678600.0
35.915,16675800.0
35.915,16682400.0
35.915,16674500.0
35.915,16670000.0
35.915,16666800.0
35.915,16663900.0
35.915,16661500.0
35.915,16659200.0
35.915,16656100.0
35.915,16654300.0
35.915,16652600.0
35.915,16650200.0
35.915,16648000.0
35.915,16654000.0
35.915,16648100.0
35.915,16647200.0
35.915,16645100.0
40.976,16642100.0
40.976,16640100.0
40.976,16638100.0
40.976,16636700.0
40.976,16637700.0
40.976,16636000.0
40.976,16634700.0
40.976,16632800.0
40.976,16631100.0
40.976,16629000.0
40.976,16626800.0
40.976,16623800.0
40.976,16620100.0
40.976,16617600.0
40.976,16614500.0
40.976,16612500.0
40.976,16610700.0
40.976,16608000.0
40.976,16604900.0
40.976,16603400.0
40.976,16600700.0
40.976,16598100.0
40.976,16595300.0
40.976,16590300.0
40.976,16586000.0
40.976,16581600.0
40.976,16575200.0
40.976,16569700.0
40.976,16568700.0
40.976,16594600.0
40.976,16573700.0
40.976,16567800.0
40.976,16585400.0
40.976,16565600.0
40.976,16562500.0
40.976,16558800.0
40.976,16555400.0
40.976,16552600.0
40.976,16548900.0
40.976,16544300.0
40.976,16540100.0
40.976,16577600.0
40.976,16537300.0
40.976,23654500.0
40.976,16957100.0
40.976,16555000.0
40.976,16536800.0
40.976,16551700.0
40.976,16533400.0
40.976,16529000.0
40.976,16526600.0
40.976,3503660000.0
40.976,307966000.0
40.976,25523400.0
40.976,16529400.0
40.976,16525400.0
40.976,77712100.0
40.976,19206000.0
40.976,16550100.0
40.976,16524900.0
40.976,16525100.0
40.976,16547100.0
40.976,16526100.0
40.976,16522300.0
40.976,16520200.0
40.976,16516300.0
40.976,16511700.0
40.976,16617000.0
40.976,16513700.0
40.976,16510200.0
40.976,16576500.0
40.976,16515800.0
40.976,16509400.0
40.976,17779900.0
40.976,16566200.0
40.976,16512100.0
40.976,16506000.0
40.976,16503300.0
40.976,16501000.0
40.976,16499800.0
40.976,16498000.0
40.976,16495600.0
40.976,16491900.0
40.976,16494300.0
40.976,16490400.0
40.976,16488400.0
40.976,16487300.0
40.976,16484300.0
40.976,16483100.0
40.976,16481800.0
40.976,16478800.0
40.976,16479700.0
40.976,16478000.0
40.976,16476400.0
40.976,16473300.0
40.976,16470900.0
40.976,16607000.0
40.976,16479700.0
40.976,16470200.0
40.976,16468300.0
40.976,16466700.0
40.976,16464200.0
40.976,16462200.0
40.976,16458100.0
40.976,16454200.0
40.976,16451300.0
40.976,16448100.0
40.976,16463600.0
40.976,16446000.0
40.976,16448600.0
40.976,16443200.0
40.976,16440800.0
40.976,16438500.0
40.976,16436000.0
40.976,16433800.0
40.976,16430300.0
40.976,16425300.0
40.976,16421800.0
40.976,16417100.0
40.976,19285900.0
40.976,16430500.0
40.976,16414100.0
40.976,44811500.0
40.976,18344300.0
40.976,16502800.0
40.976,16414000.0
40.976,16416500.0
40.976,16408400.0
40.976,16405600.0
40.976,16405300.0
40.976,16398100.0
40.976,16395000.0
40.976,16389600.0
40.976,16386200.0
40.976,16384200.0
40.976,16384800.0
40.976,16383200.0
40.976,16383100.0
40.976,16379200.0
40.976,16377300.0
40.976,16375400.0
40.976,16372500.0
40.976,16369600.0
40.976,16367600.0
40.976,16364400.0
40.976,16364100.0
40.976,16360400.0
40.976,16357800.0
40.976,16373400.0
40.976,16356100.0
40.976,16352000.0
40.976,16351400.0
40.976,16347800.0
40.976,16345400.0
40.976,16342500.0
40.976,16344700.0
40.976,16338700.0
40.976,16334900.0
40.976,16331700.0
40.976,16329800.0
40.976,16326900.0
40.976,16326000.0
40.976,16323900.0
40.976,16435700.0
40.976,16326300.0
40.976,16322100.0
40.976,16320400.0
40.976,16321300.0
40.976,16319500.0
40.976,16318200.0
40.976,16317500.0
40.976,16316300.0
40.976,16315600.0
40.976,16315300.0
40.976,16314500.0
40.976,16313400.0
40.976,16312400.0
40.976,16311300.0
40.976,16309100.0
40.976,16307400.0
46.04,16305700.0
46.04,16303500.0
46.04,16301300.0
46.04,16300300.0
46.04,16298800.0
46.04,16297600.0
46.04,16296300.0
46.04,16295000.0
46.04,16294600.0
46.04,16293400.0
46.04,16292300.0
46.04,16291100.0
46.04,16292100.0
46.04,16289900.0
46.04,16288100.0
46.04,16286400.0
46.04,16284800.0
46.04,16283200.0
46.04,16281400.0
46.04,16279800.0
46.04,16277900.0
46.04,16276600.0
46.04,16275600.0
46.04,16274800.0
46.04,16273800.0
46.04,16273000.0
46.04,16272600.0
46.04,16272000.0
46.04,16271500.0
46.04,16271100.0
46.04,16270700.0
46.04,16270100.0
46.04,16269200.0
46.04,16267500.0
46.04,16265000.0
46.04,16262200.0
46.04,16260200.0
46.04,48350100.0
46.04,16681200.0
46.04,16285200.0
46.04,16259400.0
46.04,16258000.0
46.04,16256800.0
46.04,16255900.0
46.04,16254000.0
46.04,16253700.0
46.04,16251700.0
46.04,16250800.0
46.04,16249700.0
46.04,16248300.0
46.04,16247100.0
46.04,16245500.0
46.04,16244500.0
46.04,16243300.0
46.04,16241500.0
46.04,16240200.0
46.04,16238700.0
46.04,16238100.0
46.04,16237100.0
46.04,16252900.0
46.04,16235600.0
46.04,16234400.0
46.04,16247900.0
46.04,16236800.0
46.04,16234200.0
46.04,16231700.0
46.04,16230100.0
46.04,16304500.0
46.04,16228800.0
46.04,26054200.0
46.04,17007200.0
46.04,16285100.0
46.04,16231900.0
46.04,16228700.0
46.04,16230500.0
46.04,16227600.0
46.04,16227100.0
46.04,16226500.0
46.04,16225900.0
46.04,16225500.0
46.04,16224900.0
46.04,16224200.0
46.04,16223100.0
46.04,16221800.0
46.04,16220300.0
46.04,16218700.0
46.04,16216800.0
46.04,16216100.0
46.04,16530800.0
46.04,16238500.0
46.04,16217800.0
46.04,16214400.0
46.04,16212900.0
46.04,16212000.0
46.04,16210700.0
46.04,16209800.0
46.04,16208500.0
46.04,16207200.0
46.04,16206100.0
46.04,16204300.0
46.04,16202400.0
46.04,16202200.0
46.04,16233700.0
46.04,16204500.0
46.04,16200900.0
46.04,16198700.0
46.04,16197600.0
46.04,16196100.0
46.04,16194900.0
46.04,16193600.0
46.04,16193000.0
46.04,16210400.0
46.04,16193100.0
46.04,16191800.0
46.04,16190600.0
46.04,16189100.0
46.04,16186300.0
46.04,16211100.0
46.04,16186300.0
46.04,16186300.0
46.04,16184800.0
46.04,16183400.0
46.04,16181500.0
46.04,16178900.0
46.04,16177100.0
46.04,16174900.0
46.04,16173200.0
46.04,16178800.0
46.04,16173100.0
46.04,16171800.0
46.04,16171300.0
46.04,16170800.0
46.04,16169900.0
46.04,16169100.0
46.04,16168000.0
46.04,16167000.0
46.04,16171300.0
46.04,16167400.0
46.04,16166800.0
46.04,16166000.0
46.04,16165200.0
46.04,16164600.0
46.04,16165100.0
46.04,16164200.0
46.04,16165200.0
46.04,16163800.0
46.04,16198400.0
46.04,16170100.0
46.04,16164300.0
46.04,16163400.0
46.04,16162700.0
46.04,16162100.0
46.04,16161500.0
46.04,16160700.0
46.04,16160200.0
46.04,16159500.0
46.04,16158700.0
46.04,16157900.0
46.04,16157500.0
46.04,16156700.0
46.04,16155900.0
46.04,16155100.0
46.04,16157100.0
46.04,16154900.0
46.04,16154200.0
46.04,16153800.0
46.04,16153400.0
46.04,16153000.0
46.04,16152200.0
46.04,16151100.0
46.04,16150500.0
46.04,16149600.0
46.04,16149000.0
46.04,16148300.0
46.04,16147700.0
46.04,16147000.0
46.04,16146400.0
46.04,16145800.0
46.04,16144700.0
46.04,16144000.0
51.103,16143000.0
51.103,16148400.0
51.103,16142500.0
51.103,16142700.0
51.103,16142000.0
51.103,16141500.0
51.103,16140500.0
51.103,16735000.0
51.103,16149100.0
51.103,16140100.0
51.103,24216400.0
51.103,16740900.0
51.103,16182600.0
51.103,16142900.0
51.103,16140100.0
51.103,16140000.0
51.103,738127000.0
51.103,23689200.0
51.103,16139000.0
51.103,16138400.0
51.103,16138000.0
51.103,16137700.0
51.103,16138300.0
51.103,16137600.0
51.103,16141400.0
51.103,16137200.0
51.103,16283000.0
51.103,16146700.0
51.103,16137200.0
51.103,16137100.0
51.103,16644700.0
51.103,16195000.0
51.103,16143000.0
51.103,16137500.0
51.103,16137100.0
51.103,16950400.0
51.103,16212500.0
51.103,16147100.0
51.103,16137900.0
51.103,16136700.0
51.103,16136400.0
51.103,16136100.0
51.103,16135700.0
51.103,16135500.0
51.103,16134400.0
51.103,16133500.0
51.103,16132300.0
51.103,16128800.0
51.103,16127200.0
51.103,16125300.0
51.103,16123600.0
51.103,16122400.0
51.103,16120900.0
51.103,16121300.0
51.103,16120400.0
51.103,16121200.0
51.103,16119800.0
51.103,16118800.0
51.103,16118400.0
51.103,16117100.0
51.103,16116000.0
51.103,16114300.0
51.103,16120200.0
51.103,16113600.0
51.103,16114900.0
51.103,16112200.0
51.103,16112900.0
51.103,16110500.0
51.103,16109700.0
51.103,16109100.0
51.103,16107600.0
51.103,16108000.0
51.103,16106800.0
51.103,16105100.0
51.103,16103800.0
51.103,16101700.0
51.103,16103300.0
51.103,16100200.0
51.103,16104200.0
51.103,16100300.0
51.103,16099600.0
51.103,16098500.0
51.103,16097400.0
51.103,16096300.0
51.103,16095400.0
51.103,16093800.0
51.103,16093300.0
51.103,16106000.0
51.103,16094200.0
51.103,16092500.0
51.103,16153500.0
51.103,16099200.0
51.103,16092300.0
51.103,16089900.0
51.103,16088400.0
51.103,16086500.0
51.103,16084500.0
51.103,16082600.0
51.103,16083400.0
51.103,16081000.0
51.103,16078700.0
51.103,16076400.0
51.103,16073200.0
51.103,16084600.0
51.103,16073500.0
51.103,16071800.0
51.103,16068300.0
51.103,16577000.0
51.103,16068600.0
51.103,16066100.0
51.103,24329800.0
51.103,16676300.0
51.103,16098700.0
51.103,16065800.0
51.103,16063500.0
51.103,16062500.0
51.103,16061100.0
51.103,16058400.0
51.103,16057700.0
51.103,16056800.0
51.103,16055800.0
51.103,16054700.0
51.103,16052900.0
51.103,16054200.0
51.103,16051700.0
51.103,16050000.0
51.103,16048100.0
51.103,16045800.0
51.103,16046100.0
51.103,16043900.0
51.103,16040800.0
51.103,16039000.0
51.103,16037100.0
51.103,16035000.0
51.103,16033900.0
51.103,16032600.0
51.103,16031600.0
51.103,16030100.0
51.103,16029000.0
51.103,16028200.0
51.103,16027700.0
51.103,16027000.0
51.103,16026200.0
51.103,16024500.0
51.103,16023300.0
51.103,438587000000.0
51.103,10761900000.0
51.103,189248000.0
51.103,16763000.0
51.103,16037400.0
51.103,16023600.0
51.103,16022100.0
51.103,16020500.0
51.103,16019200.0
51.103,16017900.0
51.103,16017300.0
51.103,16015900.0
51.103,16014500.0
51.103,16013200.0
51.103,16011900.0
51.103,16012000.0
51.103,16010800.0
51.103,16093100.0
51.103,16017000.0
51.103,16010400.0
51.103,16011700.0
51.103,16009100.0
51.103,16007900.0
51.103,16007100.0
51.103,16006100.0
51.103,16005200.0
51.103,16003900.0
51.103,16002600.0
51.103,16001600.0
51.103,16001600.0
51.103,16001600.0
51.103,16000300.0
51.103,16000100.0
51.103,15999300.0
56.166,15998400.0
56.166,15997400.0
56.166,15996500.0
56.166,15995400.0
56.166,15994400.0
56.166,15993800.0
56.166,15993800.0
56.166,15993300.0
56.166,15992300.0
56.166,15991100.0
56.166,15989800.0
56.166,15988900.0
56.166,15987700.0
56.166,15986500.0
56.166,15985700.0
56.166,15984600.0
56.166,15982900.0
56.166,15981300.0
56.166,15986800.0
56.166,15981300.0
56.166,15980400.0
56.166,15978600.0
56.166,15977100.0
56.166,15975900.0
56.166,15975700.0
56.166,15974800.0
56.166,15973100.0
56.166,15972000.0
56.166,15971200.0
56.166,15969500.0
56.166,15967700.0
56.166,59696500.0
56.166,15976600.0
56.166,15967000.0
56.166,15971400.0
56.166,15966800.0
56.166,15963600.0
56.166,16087200.0
56.166,15962200.0
56.166,141626000.0
56.166,22513800.0
56.166,16123500.0
56.166,15961700.0
56.166,15960800.0
56.166,15959900.0
56.166,15958900.0
56.166,16190300.0
56.166,15978900.0
56.166,15960400.0
56.166,15958800.0
56.166,15958800.0
56.166,15957700.0
56.166,15957500.0
56.166,15956800.0
56.166,15956000.0
56.166,15955400.0
56.166,15955400.0
56.166,15954400.0
56.166,15953900.0
56.166,15952800.0
56.166,15952200.0
56.166,15950900.0
56.166,15949400.0
56.166,15948100.0
56.166,15946900.0
56.166,15946100.0
56.166,15945400.0
56.166,15944700.0
56.166,15944000.0
56.166,15943400.0
56.166,15943500.0
56.166,15943100.0
56.166,15949200.0
56.166,15943800.0
56.166,15942900.0
56.166,15942400.0
56.166,15941700.0
56.166,15940500.0
56.166,15938500.0
56.166,16384200.0
56.166,15973900.0
56.166,15940000.0
56.166,15937800.0
56.166,15937700.0
56.166,15933900.0
56.166,15932500.0
56.166,15931500.0
56.166,15929900.0
56.166,15928700.0
56.166,15926600.0
56.166,15925000.0
56.166,15923000.0
56.166,15921400.0
56.166,15920200.0
56.166,15920000.0
56.166,15918300.0
56.166,15917500.0
56.166,15918500.0
56.166,15916700.0
56.166,15916100.0
56.166,15917300.0
56.166,15916000.0
56.166,15915100.0
56.166,15914100.0
56.166,15913300.0
56.166,15912600.0
56.166,15911800.0
56.166,15911500.0
56.166,15911100.0
56.166,15910800.0
56.166,15910500.0
56.166,15910200.0
56.166,15909800.0
56.166,15909200.0
56.166,15908700.0
56.166,15908300.0
56.166,15907700.0
56.166,15907000.0
56.166,15906300.0
56.166,15905700.0
56.166,15905400.0
56.166,15904700.0
56.166,15904100.0
56.166,15903600.0
56.166,15903100.0
56.166,15902600.0
56.166,15901800.0
56.166,15900500.0
56.166,15899300.0
56.166,15898000.0
56.166,15896700.0
56.166,15895600.0
56.166,15894700.0
56.166,15893500.0
56.166,15892600.0
56.166,15890800.0
56.166,15890200.0
56.166,15887400.0
56.166,15885000.0
56.166,15882700.0
56.166,15880800.0
56.166,17649100.0
56.166,16000200.0
56.166,15889500.0
56.166,15880900.0
56.166,15880500.0
56.166,49236900000.0
56.166,694424000.0
56.166,16775800.0
56.166,15886000.0
56.166,15879600.0
56.166,15878000.0
56.166,15877700.0
56.166,15879200.0
56.166,15877000.0
56.166,16523500.0
56.166,15907600.0
56.166,15877000.0
56.166,15876800.0
56.166,26767300.0
56.166,16822500.0
56.166,15956100.0
56.166,15882800.0
56.166,15877000.0
56.166,15876700.0
56.166,15876400.0
56.166,15876100.0
56.166,15875700.0
56.166,15875500.0
56.166,15875100.0
56.166,15876400.0
56.166,15874500.0
56.166,15876000.0
56.166,15874400.0
61.229,15874100.0
61.229,15875800.0
61.229,15874000.0
61.229,15873100.0
61.229,15872300.0
61.229,15871700.0
61.229,15870900.0
61.229,15870200.0
61.229,56231100.0
61.229,19186900.0
61.229,16112400.0
61.229,15882400.0
61.229,15870600.0
61.229,15870200.0
61.229,15870200.0
61.229,15870200.0
61.229,15871500.0
61.229,15869700.0
61.229,15869200.0
61.229,15868900.0
61.229,15868700.0
61.229,15869000.0
61.229,15868500.0
61.229,16098000.0
61.229,15877800.0
61.229,15868400.0
61.229,15870700.0
61.229,15868700.0
61.229,15868300.0
61.229,15868000.0
61.229,15867800.0
61.229,15867300.0
61.229,15867000.0
61.229,15866500.0
61.229,15865800.0
61.229,15865100.0
61.229,15863900.0
61.229,15862100.0
61.229,1082600000.0
61.229,46941300.0
61.229,15861100.0
61.229,15859700.0
61.229,15857800.0
61.229,15856400.0
61.229,15945500.0
61.229,15854600.0
61.229,17345900.0
61.229,15937500.0
61.229,15855900.0
61.229,15854200.0
61.229,15854100.0
61.229,15853700.0
61.229,15852000.0
61.229,15850600.0
61.229,15849300.0
61.229,15847300.0
61.229,15845800.0
61.229,15850800.0
61.229,15844800.0
61.229,15845800.0
61.229,15844400.0
61.229,15846300.0
61.229,15844100.0
61.229,15843400.0
61.229,15847900.0
61.229,15843200.0
61.229,15842800.0
61.229,15842200.0
61.229,15841600.0
61.229,15840900.0
61.229,15840200.0
61.229,15839800.0
61.229,15839400.0
61.229,15839000.0
61.229,15838300.0
61.229,15838300.0
61.229,15837800.0
61.229,15837600.0
61.229,15837400.0
61.229,15837100.0
61.229,15836800.0
61.229,15840900.0
61.229,15837600.0
61.229,15836900.0
61.229,15836800.0
61.229,15836700.0
61.229,15836500.0
61.229,15836400.0
61.229,15836300.0
61.229,15836200.0
61.229,15836100.0
61.229,15836000.0
61.229,15835800.0
61.229,15835500.0
61.229,15835200.0
61.229,15834800.0
61.229,16378000.0
61.229,15864100.0
61.229,15835100.0
61.229,15834800.0
61.229,15834700.0
61.229,15834900.0
61.229,15834400.0
61.229,15834200.0
61.229,15834000.0
61.229,15834500.0
61.229,15834100.0
61.229,15834000.0
61.229,15833600.0
61.229,15833400.0
61.229,15832900.0
61.229,15832300.0
61.229,15831500.0
61.229,15830900.0
61.229,15829900.0
61.229,15829500.0
61.229,15828900.0
61.229,15828600.0
61.229,15828000.0
61.229,15827600.0
61.229,15831100.0
61.229,15827600.0
61.229,15827100.0
61.229,15826800.0
61.229,15826500.0
61.229,15826200.0
61.229,15825900.0
61.229,15826000.0
61.229,15825700.0
61.229,15825500.0
61.229,15825100.0
61.229,15824800.0
61.229,15824200.0
61.229,15823500.0
61.229,15822500.0
61.229,15823100.0
61.229,15821900.0
61.229,16495600.0
61.229,15865200.0
61.229,15823000.0
61.229,15821600.0
61.229,15844600.0
61.229,15823600.0
61.229,15821400.0
61.229,15940700.0
61.229,15834100.0
61.229,15821700.0
61.229,15820400.0
61.229,15820000.0
61.229,15819600.0
61.229,15819300.0
61.229,15818900.0
61.229,15818100.0
61.229,15817000.0
61.229,15816100.0
61.229,15815200.0
61.229,15814700.0
61.229,15814200.0
61.229,15813600.0
61.229,15812700.0
61.229,15811800.0
61.229,15810700.0
61.229,15809800.0
61.229,15809100.0
61.229,15808400.0
61.229,15807600.0
61.229,15808500.0
61.229,15807300.0
61.229,15806700.0
61.229,15806000.0
61.229,15805400.0
61.229,15804200.0
61.229,15802900.0
61.229,15800700.0
61.229,15798900.0
61.229,15797100.0
61.229,15795400.0
61.229,15794300.0
61.229,15794900.0
66.457,15793700.0
66.457,15792900.0
66.457,15793800.0
66.457,15792300.0
66.457,15791700.0
66.457,15791000.0
66.457,15790500.0
66.457,15789600.0
66.457,15788700.0
66.457,15791000.0
66.457,15788400.0
66.457,15787800.0
66.457,15794800.0
66.457,15787700.0
66.457,15787400.0
66.457,15816000.0
66.457,15793800.0
66.457,15788300.0
66.457,15787200.0
66.457,15786700.0
66.457,15789500.0
66.457,15786700.0
66.457,15786500.0
66.457,15786100.0
66.457,15785500.0
66.457,15785000.0
66.457,15784400.0
66.457,15783600.0
66.457,15783200.0
66.457,15782600.0
66.457,15781400.0
66.457,15781300.0
66.457,15780600.0
66.457,15780000.0
66.457,15779500.0
66.457,15779300.0
66.457,15778600.0
66.457,15778600.0
66.457,15778400.0
66.457,15777400.0
66.457,15777000.0
66.457,15776500.0
66.457,15776200.0
66.457,15775600.0
66.457,15774900.0
66.457,15774400.0
66.457,17308900.0
66.457,15773900.0
66.457,15850100.0
66.457,15777000.0
66.457,15773800.0
66.457,15815500.0
66.457,15780800.0
66.457,15774500.0
66.457,15773400.0
66.457,15773000.0
66.457,15772600.0
66.457,15771700.0
66.457,15771000.0
66.457,15770500.0
66.457,15769700.0
66.457,15768800.0
66.457,15768800.0
66.457,15767800.0
66.457,15767400.0
66.457,15767200.0
66.457,15766800.0
66.457,15766600.0
66.457,15766300.0
66.457,15766000.0
66.457,15765800.0
66.457,15765800.0
66.457,15765600.0
66.457,15765500.0
66.457,15765300.0
66.457,15765200.0
66.457,15765100.0
66.457,15764900.0
66.457,15764800.0
66.457,15764600.0
66.457,15764500.0
66.457,15764400.0
66.457,15764200.0
66.457,15764000.0
66.457,15763600.0
66.457,15766700.0
66.457,15763500.0
66.457,15762900.0
66.457,15763400.0
66.457,15762700.0
66.457,15770500.0
66.457,15763800.0
66.457,15762500.0
66.457,15762100.0
66.457,15761900.0
66.457,15761600.0
66.457,15761500.0
66.457,15761200.0
66.457,15760900.0
66.457,15760400.0
66.457,15760100.0
66.457,15759800.0
66.457,15759600.0
66.457,15759400.0
66.457,15759000.0
66.457,15758400.0
66.457,15757600.0
66.457,15756600.0
66.457,15755600.0
66.457,15754500.0
66.457,15753700.0
66.457,15753300.0
66.457,15752200.0
66.457,15751700.0
66.457,15751200.0
66.457,15750700.0
66.457,15750200.0
66.457,15749700.0
66.457,67430100.0
66.457,19791100.0
66.457,15970600.0
66.457,15752400.0
66.457,15749600.0
66.457,40474800.0
66.457,18220700.0
66.457,15971000.0
66.457,15764800.0
66.457,15750100.0
66.457,15749600.0
66.457,15757100.0
66.457,15750300.0
66.457,15749200.0
66.457,15749000.0
66.457,15761600.0
66.457,15748900.0
66.457,124110000.0
66.457,16805300.0
66.457,15858300.0
66.457,15768700.0
66.457,15752100.0
66.457,15748700.0
66.457,15747800.0
66.457,15747400.0
66.457,15746500.0
66.457,15810000.0
66.457,15746100.0
66.457,17098900.0
66.457,15812100.0
66.457,15751400.0
66.457,15746300.0
66.457,15746000.0
66.457,15745800.0
66.457,15745300.0
66.457,15745200.0
66.457,15745200.0
66.457,15744900.0
66.457,15744700.0
66.457,15744300.0
66.457,15743900.0
66.457,15743600.0
66.457,15743200.0
66.457,20731300.0
66.457,15966000.0
66.457,15747400.0
66.457,15743100.0
66.457,35972400.0
66.457,17396300.0
66.457,15873800.0
66.457,15753800.0
66.457,15744000.0
66.457,15743100.0
66.457,15743100.0
66.457,15745000.0
66.457,15742600.0
66.457,15742100.0
66.457,15747400.0
66.457,15741700.0
66.457,15868900.0
66.457,15743700.0
66.457,15741100.0
66.457,15739900.0
66.457,15738700.0
66.457,15742700.0
66.457,15737700.0
66.457,18354900.0
66.457,15859300.0
71.521,15751500.0
71.521,15738800.0
71.521,15737500.0
71.521,15736100.0
71.521,15734800.0
71.521,15733900.0
71.521,15732600.0
71.521,15731800.0
71.521,15739400.0
71.521,15733300.0
71.521,15731600.0
71.521,15731000.0
71.521,15730400.0
71.521,15729600.0
71.521,15728900.0
71.521,15775800.0
71.521,15731300.0
71.521,15728400.0
71.521,15727100.0
71.521,15726100.0
71.521,15726800.0
71.521,15726100.0
71.521,15725900.0
71.521,15725500.0
71.521,15725300.0
71.521,15725000.0
71.521,15724800.0
71.521,15724600.0
71.521,15724400.0
71.521,15724100.0
71.521,15723700.0
71.521,15723300.0
71.521,15722900.0
71.521,15722400.0
71.521,15722700.0
71.521,15722200.0
71.521,15722800.0
71.521,15721800.0
71.521,15721300.0
71.521,15721000.0
71.521,15720700.0
71.521,15720400.0
71.521,15720200.0
71.521,15719700.0
71.521,15719400.0
71.521,15718800.0
71.521,15718000.0
71.521,15717100.0
71.521,15716400.0
71.521,15715800.0
71.521,15715000.0
71.521,15715200.0
71.521,15714700.0
71.521,15714600.0
71.521,15714200.0
71.521,15714300.0
71.521,15714000.0
71.521,15713800.0
71.521,15713400.0
71.521,15713000.0
71.521,15712400.0
71.521,15710800.0
71.521,15710000.0
71.521,15784100.0
71.521,15711100.0
71.521,15709700.0
71.521,16026200.0
71.521,15737500.0
71.521,15711900.0
71.521,15709700.0
71.521,15709600.0
71.521,15711200.0
71.521,15709000.0
71.521,15708500.0
71.521,15708300.0
71.521,15708100.0
71.521,15707900.0
71.521,15707800.0
71.521,15707700.0
71.521,15707600.0
71.521,15707500.0
71.521,15707300.0
71.521,15707100.0
71.521,15706800.0
71.521,15706600.0
71.521,15706300.0
71.521,15706000.0
71.521,15705600.0
71.521,15705100.0
71.521,15704600.0
71.521,15704400.0
71.521,15704600.0
71.521,15703900.0
71.521,15703600.0
71.521,15703100.0
71.521,15701600.0
71.521,15701100.0
71.521,15700600.0
71.521,15700000.0
71.521,15699600.0
71.521,15698800.0
71.521,15698700.0
71.521,15697700.0
71.521,15697100.0
71.521,15696600.0
71.521,15697600.0
71.521,15695800.0
71.521,15695100.0
71.521,15771700.0
71.521,15697200.0
71.521,15694800.0
71.521,15693900.0
71.521,15692800.0
71.521,15691700.0
71.521,15767000.0
71.521,15692600.0
71.521,15691400.0
71.521,17237500.0
71.521,15817300.0
71.521,15700400.0
71.521,15691900.0
71.521,15691300.0
71.521,15692600.0
71.521,15690700.0
71.521,15690200.0
71.521,15690000.0
71.521,15689700.0
71.521,15689300.0
71.521,15689000.0
71.521,15688600.0
71.521,15688200.0
71.521,15687900.0
71.521,15687700.0
71.521,15687600.0
71.521,15687300.0
71.521,15687200.0
71.521,15687100.0
71.521,15686900.0
71.521,15686800.0
71.521,15686600.0
71.521,15686500.0
71.521,15686700.0
71.521,15686500.0
71.521,15686300.0
71.521,15686200.0
71.521,15713500.0
71.521,15687600.0
71.521,15686200.0
71.521,15924600.0
71.521,15693200.0
71.521,15687100.0
71.521,15686100.0
71.521,15685900.0
71.521,15685800.0
71.521,15685400.0
71.521,15684800.0
71.521,15685000.0
71.521,15684500.0
71.521,15694700.0
71.521,15684400.0
71.521,15684000.0
71.521,15683600.0
71.521,15683400.0
71.521,15683600.0
71.521,15683200.0
71.521,15682900.0
71.521,15682800.0
71.521,15682500.0
71.521,15682200.0
71.521,15684400.0
71.521,15682200.0
71.521,15681700.0
71.521,15681100.0
71.521,15680700.0
71.521,15680300.0
71.521,15682100.0
71.521,15680100.0
71.521,15680900.0
71.521,15679500.0
71.521,15679000.0
71.521,15706600.0
76.581,15681200.0
76.581,15679000.0
76.581,15691700.0
76.581,15678700.0
76.581,15678300.0
76.581,15678000.0
76.581,15677900.0
76.581,15677300.0
76.581,15677000.0
76.581,15676600.0
76.581,15678500.0
76.581,15676300.0
76.581,15675800.0
76.581,15675700.0
76.581,15675400.0
76.581,15674900.0
76.581,16452500.0
76.581,15726400.0
76.581,15676700.0
76.581,15674800.0
76.581,15675600.0
76.581,15674400.0
76.581,15674200.0
76.581,15677700.0
76.581,15674000.0
76.581,15677100.0
76.581,15674500.0
76.581,15674000.0
76.581,15675600.0
76.581,15674300.0
76.581,15673900.0
76.581,15676000.0
76.581,15674000.0
76.581,15673700.0
76.581,15673500.0
76.581,15673300.0
76.581,15673100.0
76.581,15672700.0
76.581,15672600.0
76.581,15672400.0
76.581,15672200.0
76.581,15671900.0
76.581,15671600.0
76.581,15671200.0
76.581,15670900.0
76.581,15670600.0
76.581,15670200.0
76.581,15669700.0
76.581,15668900.0
76.581,15668200.0
76.581,15667600.0
76.581,15667000.0
76.581,15666400.0
76.581,15665500.0
76.581,15665100.0
76.581,15666500.0
76.581,15664900.0
76.581,15664200.0
76.581,15663800.0
76.581,15663500.0
76.581,15663100.0
76.581,15662800.0
76.581,15662200.0
76.581,15661400.0
76.581,15660500.0
76.581,15659900.0
76.581,15659100.0
76.581,15658500.0
76.581,15658200.0
76.581,15657400.0
76.581,15656700.0
76.581,15656000.0
76.581,15655000.0
76.581,15654800.0
76.581,15654100.0
76.581,15653600.0
76.581,15653100.0
76.581,102295000.0
76.581,16506400.0
76.581,15652500.0
76.581,15948100.0
76.581,15661400.0
76.581,15652200.0
76.581,27234700000.0
76.581,3430370000.0
76.581,15878800.0
76.581,15681500.0
76.581,15655600.0
76.581,15652100.0
76.581,15651200.0
76.581,15650800.0
76.581,15650200.0
76.581,15649600.0
76.581,15649100.0
76.581,15648800.0
76.581,15648400.0
76.581,15648000.0
76.581,15647500.0
76.581,15647200.0
76.581,15653500.0
76.581,15648100.0
76.581,15647000.0
76.581,15646500.0
76.581,15646200.0
76.581,15645500.0
76.581,15644800.0
76.581,15644400.0
76.581,15688400.0
76.581,15646900.0
76.581,15644000.0
76.581,15643800.0
76.581,15643000.0
76.581,15642600.0
76.581,15642600.0
76.581,15646800.0
76.581,15642700.0
76.581,15642100.0
76.581,15642700.0
76.581,15641800.0
76.581,15641500.0
76.581,15641100.0
76.581,15640700.0
76.581,15640600.0
76.581,15640300.0
76.581,15640600.0
76.581,15640100.0
76.581,15639700.0
76.581,15639300.0
76.581,15638800.0
76.581,15638300.0
76.581,15638500.0
76.581,15637800.0
76.581,15659300.0
76.581,15639000.0
76.581,15637600.0
76.581,15637200.0
76.581,15636600.0
76.581,15636000.0
76.581,15635300.0
76.581,15635600.0
76.581,15635000.0
76.581,15634400.0
76.581,15634100.0
76.581,15633700.0
76.581,15633200.0
76.581,15633000.0
76.581,15632800.0
76.581,15632600.0
76.581,15632300.0
76.581,15632300.0
76.581,15632200.0
76.581,15632000.0
76.581,15631900.0
76.581,15631800.0
76.581,15631600.0
76.581,15631400.0
76.581,15631300.0
76.581,15630800.0
76.581,15630400.0
76.581,15630000.0
76.581,15629800.0
76.581,15629500.0
76.581,15648800.0
76.581,15633500.0
76.581,15630200.0
76.581,15629500.0
76.581,15629200.0
76.581,15629000.0
76.581,15628800.0
76.581,15628400.0
76.581,15628000.0
76.581,15628000.0
76.581,15627300.0
76.581,15627000.0
76.581,15641800.0
76.581,15627000.0
76.581,15626600.0
76.581,15626400.0
76.581,15629400.0
76.581,15626500.0
81.64,15626400.0
81.64,15626100.0
81.64,15625900.0
81.64,15625700.0
81.64,15625500.0
81.64,15625500.0
81.64,15625200.0
81.64,15625000.0
81.64,15624600.0
81.64,15624300.0
81.64,15630200.0
81.64,15624500.0
81.64,15624000.0
81.64,15623700.0
81.64,15624600.0
81.64,15623700.0
81.64,15623400.0
81.64,15623300.0
81.64,15623000.0
81.64,15622800.0
81.64,15622600.0
81.64,15622300.0
81.64,15622100.0
81.64,15621900.0
81.64,15621600.0
81.64,15621400.0
81.64,15621100.0
81.64,15620700.0
81.64,15620400.0
81.64,15620000.0
81.64,15619600.0
81.64,15619300.0
81.64,15618800.0
81.64,15618300.0
81.64,15617800.0
81.64,15617600.0
81.64,15617300.0
81.64,15617000.0
81.64,15616600.0
81.64,15620100.0
81.64,15616500.0
81.64,15616000.0
81.64,15615600.0
81.64,15614900.0
81.64,15614500.0
81.64,15614000.0
81.64,15613600.0
81.64,15613200.0
81.64,15613700.0
81.64,15612900.0
81.64,15616300.0
81.64,15612400.0
81.64,15612200.0
81.64,15620200.0
81.64,15613500.0
81.64,15612100.0
81.64,15611400.0
81.64,15610800.0
81.64,15613600.0
81.64,15610000.0
81.64,15609600.0
81.64,15609800.0
81.64,15609400.0
81.64,15609100.0
81.64,15608800.0
81.64,15608300.0
81.64,15607900.0
81.64,15607600.0
81.64,15607400.0
81.64,15607200.0
81.64,15607100.0
81.64,15606900.0
81.64,15606800.0
81.64,15606700.0
81.64,15606600.0
81.64,15606500.0
81.64,15606400.0
81.64,15606200.0
81.64,15606000.0
81.64,15605900.0
81.64,15605700.0
81.64,15605500.0
81.64,15605300.0
81.64,15605100.0
81.64,15604800.0
81.64,15604400.0
81.64,15616000.0
81.64,15604000.0
81.64,40949900.0
81.64,16998900.0
81.64,15657200.0
81.64,15603900.0
81.64,15603700.0
81.64,15603600.0
81.64,15603300.0
81.64,15602700.0
81.64,15603400.0
81.64,15602000.0
81.64,15743400.0
81.64,15613000.0
81.64,15603100.0
81.64,15601900.0
81.64,15600400.0
81.64,18458400.0
81.64,15863000.0
81.64,15616900.0
81.64,15600600.0
81.64,15600300.0
81.64,15600300.0
81.64,15619000.0
81.64,15599000.0
81.64,15598100.0
81.64,15597200.0
81.64,15595600.0
81.64,15594400.0
81.64,15593200.0
81.64,15592300.0
81.64,15595800.0
81.64,15592700.0
81.64,15592100.0
81.64,15591800.0
81.64,15590900.0
81.64,15602500.0
81.64,15592700.0
81.64,15590900.0
81.64,15590700.0
81.64,15590400.0
81.64,15590000.0
81.64,15589600.0
81.64,15589300.0
81.64,15588900.0
81.64,15588100.0
81.64,15587500.0
81.64,15586800.0
81.64,15585500.0
81.64,15584400.0
81.64,15583400.0
81.64,15587900.0
81.64,15583200.0
81.64,15583400.0
81.64,15582500.0
81.64,15581800.0
81.64,15581100.0
81.64,15579900.0
81.64,15579200.0
81.64,15577900.0
81.64,15576400.0
81.64,15575100.0
81.64,15574100.0
81.64,15573500.0
81.64,15572900.0
81.64,15572300.0
81.64,15571800.0
81.64,15571300.0
81.64,15571000.0
81.64,15570700.0
81.64,15570400.0
81.64,15570100.0
81.64,15569900.0
81.64,15569500.0
81.64,15569300.0
81.64,15569000.0
81.64,15568700.0
81.64,15568300.0
81.64,15567800.0
81.64,15567500.0
81.64,15566900.0
81.64,15566500.0
81.64,15566100.0
81.64,15565800.0
81.64,15565700.0
81.64,15565300.0
81.64,15564800.0
81.64,16013100.0
81.64,15608900.0
81.64,15569900.0
81.64,15565300.0
81.64,15564800.0
81.64,15564400.0
81.64,15564100.0
86.701,15563700.0
86.701,15563400.0
86.701,15563100.0
86.701,15562400.0
86.701,15561500.0
86.701,15560800.0
86.701,15568700.0
86.701,15560200.0
86.701,15559400.0
86.701,172427000000.0
86.701,38621800000.0
86.701,4357600000.0
86.701,19787000.0
86.701,15562700.0
86.701,15559500.0
86.701,15558900.0
86.701,15558300.0
86.701,15557500.0
86.701,15557300.0
86.701,15627300.0
86.701,15556800.0
86.701,16869100.0
86.701,15669400.0
86.701,15566400.0
86.701,15557700.0
86.701,15556800.0
86.701,15556700.0
86.701,78378900000.0
86.701,7319250000.0
86.701,27060500.0
86.701,15591300.0
86.701,15561900.0
86.701,15557000.0
86.701,15556200.0
86.701,15555700.0
86.701,15555500.0
86.701,15555300.0
86.701,15555000.0
86.701,15554700.0
86.701,15554500.0
86.701,15554300.0
86.701,15554000.0
86.701,15553700.0
86.701,15553900.0
86.701,15553600.0
86.701,15553400.0
86.701,15553100.0
86.701,15552900.0
86.701,15552700.0
86.701,15552600.0
86.701,15552300.0
86.701,15552400.0
86.701,15552200.0
86.701,15551900.0
86.701,15551600.0
86.701,15551100.0
86.701,15550600.0
86.701,15550300.0
86.701,15549700.0
86.701,15548600.0
86.701,15548000.0
86.701,15547000.0
86.701,15567200.0
86.701,15546300.0
86.701,96703300.0
86.701,20026000.0
86.701,15721700.0
86.701,15546200.0
86.701,15545400.0
86.701,15544800.0
86.701,15544200.0
86.701,16037200.0
86.701,15565100.0
86.701,15545200.0
86.701,15544000.0
86.701,29777600.0
86.701,16063600.0
86.701,15545700.0
86.701,15543500.0
86.701,15596400.0
86.701,15544300.0
86.701,15543300.0
86.701,15859600.0
86.701,15570700.0
86.701,15545400.0
86.701,15543400.0
86.701,15543300.0
86.701,15542800.0
86.701,15542500.0
86.701,15588300.0
86.701,15544200.0
86.701,15542100.0
86.701,15542400.0
86.701,15542000.0
86.701,15542100.0
86.701,15541600.0
86.701,15541300.0
86.701,15539900.0
86.701,15571600.0
86.701,15539300.0
86.701,15538800.0
86.701,15537800.0
86.701,15538100.0
86.701,15536800.0
86.701,15540700.0
86.701,15536800.0
86.701,15536600.0
86.701,15535700.0
86.701,15534900.0
86.701,15533800.0
86.701,15532600.0
86.701,15530900.0
86.701,15528200.0
86.701,15526600.0
86.701,15524800.0
86.701,15523600.0
86.701,15520900.0
86.701,15518600.0
86.701,15524400.0
86.701,15517100.0
86.701,15517100.0
86.701,15514900.0
86.701,15686000.0
86.701,15514400.0
86.701,422267000.0
86.701,49386300.0
86.701,17631300.0
86.701,15585300.0
86.701,15513100.0
86.701,15518600.0
86.701,15513600.0
86.701,15512500.0
86.701,15510100.0
86.701,15509100.0
86.701,15508100.0
86.701,15507000.0
86.701,15506100.0
86.701,15504800.0
86.701,15512000.0
86.701,15504500.0
86.701,15507400.0
86.701,15503900.0
86.701,15502900.0
86.701,15502200.0
86.701,15501500.0
86.701,15500600.0
86.701,15499800.0
86.701,15498500.0
86.701,15497300.0
86.701,15496200.0
86.701,15506300.0
86.701,15495300.0
86.701,15522900.0
86.701,15495800.0
86.701,15494400.0
86.701,15493700.0
86.701,15493300.0
86.701,15492900.0
86.701,15492400.0
86.701,15491800.0
86.701,15493500.0
86.701,15491200.0
86.701,15515500.0
86.701,15493400.0
86.701,15491300.0
86.701,15491100.0
86.701,15530900.0
86.701,15495000.0
86.701,15490800.0
86.701,15490200.0
86.701,15489900.0
86.701,15489400.0
86.701,15489200.0
86.701,15488900.0
86.701,15488700.0
86.701,15488400.0
86.701,15488100.0
86.701,15487700.0
86.701,15487100.0
91.761,15486500.0
91.761,15486000.0
91.761,15485700.0
91.761,15485300.0
91.761,15484700.0
91.761,15484200.0
91.761,15484000.0
91.761,15483700.0
91.761,15483000.0
91.761,15482400.0
91.761,15630000.0
91.761,15481600.0
91.761,16832300.0
91.761,15599300.0
91.761,15492200.0
91.761,15482500.0
91.761,15481600.0
91.761,15481100.0
91.761,15480900.0
91.761,15480400.0
91.761,15503100.0
91.761,15482300.0
91.761,15480300.0
91.761,15480000.0
91.761,15479600.0
91.761,15478900.0
91.761,15478300.0
91.761,15477800.0
91.761,15477900.0
91.761,15477700.0
91.761,15931300.0
91.761,15518600.0
91.761,15481300.0
91.761,15477900.0
91.761,15477600.0
91.761,15482400.0
91.761,15477800.0
91.761,15477200.0
91.761,15477100.0
91.761,15476900.0
91.761,15476700.0
91.761,15476500.0
91.761,15476100.0
91.761,15475800.0
91.761,15475400.0
91.761,15474900.0
91.761,15474300.0
91.761,15473700.0
91.761,15473100.0
91.761,15472900.0
91.761,15472600.0
91.761,15484800.0
91.761,15472900.0
91.761,15472600.0
91.761,15565200.0
91.761,15481600.0
91.761,15473400.0
91.761,15472600.0
91.761,15472600.0
91.761,15474600.0
91.761,15472500.0
91.761,15472100.0
91.761,15471900.0
91.761,15471600.0
91.761,15471200.0
91.761,15470900.0
91.761,15470700.0
91.761,15470500.0
91.761,15470000.0
91.761,15469400.0
91.761,15468800.0
91.761,15468300.0
91.761,15468100.0
91.761,15467800.0
91.761,15467400.0
91.761,15467100.0
91.761,15466400.0
91.761,15465600.0
91.761,15464900.0
91.761,15558400.0
91.761,15467900.0
91.761,15464300.0
91.761,15464000.0
91.761,15463200.0
91.761,15472600.0
91.761,15464300.0
91.761,15463200.0
91.761,15464800.0
91.761,15463500.0
91.761,15463100.0
91.761,15462700.0
91.761,15462300.0
91.761,15461800.0
91.761,15462100.0
91.761,15461300.0
91.761,15461500.0
91.761,15461000.0
91.761,15461400.0
91.761,15460700.0
91.761,15460000.0
91.761,15459300.0
91.761,15458200.0
91.761,15456800.0
91.761,15455600.0
91.761,15454400.0
91.761,15453800.0
91.761,15455100.0
91.761,15453100.0
91.761,15452400.0
91.761,15451900.0
91.761,15451200.0
91.761,15450800.0
91.761,15450200.0
91.761,15450000.0
91.761,15449700.0
91.761,15449300.0
91.761,15448900.0
91.761,15448500.0
91.761,15448100.0
91.761,15448000.0
91.761,15447300.0
91.761,15446800.0
91.761,15446200.0
91.761,15446400.0
91.761,15445900.0
91.761,15477000.0
91.761,15449500.0
91.761,15446000.0
91.761,15445600.0
91.761,15445200.0
91.761,15444500.0
91.761,15443900.0
91.761,15443500.0
91.761,15443000.0
91.761,15442500.0
91.761,15442100.0
91.761,15441500.0
91.761,15441000.0
91.761,15440400.0
91.761,15439800.0
91.761,15439300.0
91.761,15438900.0
91.761,15438500.0
91.761,15438000.0
91.761,15437600.0
91.761,15437200.0
91.761,15436700.0
91.761,15436600.0
91.761,15435400.0
91.761,15435100.0
91.761,15434400.0
91.761,15433700.0
91.761,15434700.0
91.761,15433500.0
91.761,15439000.0
91.761,15433700.0
91.761,15433000.0
91.761,15432100.0
91.761,15431400.0
91.761,15430700.0
91.761,15432300.0
91.761,15430100.0
91.761,15429000.0
91.761,15427800.0
91.761,15426400.0
91.761,15502500.0
91.761,15425400.0
91.761,15424200.0
91.761,15423100.0
91.761,15422600.0
91.761,15422300.0
91.761,15421000.0
91.761,15420300.0
91.761,15419500.0
91.761,15419000.0
91.761,15427000.0
91.761,15419800.0
91.761,15418600.0
91.761,15420000.0
91.761,15418200.0
91.761,15418700.0
96.996,15417600.0
96.996,15417300.0
96.996,15416300.0
96.996,15417100.0
96.996,15415800.0
96.996,15414900.0
96.996,15414100.0
96.996,15413500.0
96.996,15415300.0
96.996,15413700.0
96.996,15413400.0
96.996,15418300.0
96.996,15414300.0
96.996,15413500.0
96.996,15413400.0
96.996,15413400.0
96.996,15412900.0
96.996,15412700.0
96.996,15412500.0
96.996,15414400.0
96.996,15412800.0
96.996,15412400.0
96.996,15413800.0
96.996,15412500.0
96.996,15412300.0
96.996,15411900.0
96.996,15411300.0
96.996,15410900.0
96.996,15410400.0
96.996,15410300.0
96.996,15409900.0
96.996,15409400.0
96.996,15412000.0
96.996,15409400.0
96.996,15408700.0
96.996,15408300.0
96.996,15407400.0
96.996,15427800.0
96.996,15407100.0
96.996,15412700.0
96.996,15407800.0
96.996,15407000.0
96.996,15406600.0
96.996,15406100.0
96.996,15405600.0
96.996,15405200.0
96.996,15439500.0
96.996,15408200.0
96.996,15405500.0
96.996,15405100.0
96.996,15404600.0
96.996,15404100.0
96.996,15403700.0
96.996,15404500.0
96.996,15403800.0
96.996,15403600.0
96.996,15404200.0
96.996,15402900.0
96.996,15402500.0
96.996,15401900.0
96.996,15407800.0
96.996,15401100.0
96.996,15400800.0
96.996,15401800.0
96.996,15400600.0
96.996,15399700.0
96.996,15399100.0
96.996,15398500.0
96.996,15398000.0
96.996,15397400.0
96.996,15396800.0
96.996,15396500.0
96.996,15439800.0
96.996,15405600.0
96.996,15397700.0
96.996,15396100.0
96.996,15395500.0
96.996,15395100.0
96.996,15394700.0
96.996,15394300.0
96.996,15393700.0
96.996,15393000.0
96.996,15392700.0
96.996,15392500.0
96.996,15391900.0
96.996,15391400.0
96.996,15391800.0
96.996,15391100.0
96.996,15390300.0
96.996,15395500.0
96.996,15390700.0
96.996,15390100.0
96.996,15389800.0
96.996,15389000.0
96.996,15388100.0
96.996,15387900.0
96.996,15389700.0
96.996,15388000.0
96.996,15387700.0
96.996,15387400.0
96.996,15387100.0
96.996,15386200.0
96.996,15385700.0
96.996,15385500.0
96.996,15385700.0
96.996,15385300.0
96.996,15385100.0
96.996,15384900.0
96.996,15384800.0
96.996,15384700.0
96.996,15384600.0
96.996,15384500.0
96.996,15384500.0
96.996,15394400.0
96.996,15384400.0
96.996,15384300.0
96.996,15384300.0
96.996,15384300.0
96.996,15384700.0
96.996,15384300.0
96.996,15384300.0
96.996,15388300.0
96.996,15385200.0
96.996,15384400.0
96.996,15384300.0
96.996,15384300.0
96.996,15384200.0
96.996,15384100.0
96.996,15384100.0
96.996,15384100.0
96.996,15383900.0
96.996,15383900.0
96.996,15383700.0
96.996,15383600.0
96.996,15383400.0
96.996,15383200.0
96.996,15383000.0
96.996,15382700.0
96.996,15382500.0
96.996,15382300.0
96.996,15382100.0
96.996,15382100.0
96.996,15381800.0
96.996,15381700.0
96.996,15381400.0
96.996,15381300.0
96.996,15381100.0
96.996,15381000.0
96.996,15380800.0
96.996,15380500.0
96.996,15380200.0
96.996,15379800.0
96.996,15379300.0
96.996,15379100.0
96.996,15378500.0
96.996,15378100.0
96.996,15377700.0
96.996,15376700.0
96.996,15378300.0
96.996,15376300.0
96.996,15375200.0
96.996,15373900.0
96.996,15372400.0
96.996,15370800.0
96.996,15391400.0
96.996,15373700.0
96.996,15370500.0
96.996,15369800.0
96.996,15368500.0
96.996,15367900.0
96.996,15367300.0
96.996,15367000.0
96.996,15365700.0
96.996,15365200.0
96.996,15364400.0
96.996,15363500.0
96.996,15362700.0
96.996,15361700.0
96.996,15361100.0
96.996,15360400.0
96.996,15647400.0
96.996,15368300.0
96.996,15360100.0
96.996,15362000.0
96.996,15360000.0
96.996,15359200.0
102.057,15386400.0
102.057,15359000.0
102.057,15358800.0
102.057,15358600.0
102.057,15358300.0
102.057,15357700.0
102.057,15357300.0
102.057,15359800.0
102.057,15357000.0
102.057,15356600.0
102.057,15356200.0
102.057,15355900.0
102.057,15355500.0
102.057,15355300.0
102.057,15355100.0
102.057,15355000.0
102.057,15354800.0
102.057,15354500.0
102.057,15354300.0
102.057,15354400.0
102.057,15354200.0
102.057,15353900.0
102.057,15353700.0
102.057,15353400.0
102.057,15353300.0
102.057,15353000.0
102.057,15352700.0
102.057,15352600.0
102.057,15352400.0
102.057,15352200.0
102.057,15352000.0
102.057,15351700.0
102.057,15351700.0
102.057,15351500.0
102.057,15351400.0
102.057,15351400.0
102.057,15351300.0
102.057,15351200.0
102.057,15351000.0
102.057,15350900.0
102.057,15350800.0
102.057,15350700.0
102.057,15350600.0
102.057,15350400.0
102.057,15350200.0
102.057,15349800.0
102.057,17639600.0
102.057,15349600.0
102.057,1505640000.0
102.057,145813000.0
102.057,23586800.0
102.057,15644900.0
102.057,15350800.0
102.057,15349600.0
102.057,15349600.0
102.057,15349900.0
102.057,15349300.0
102.057,15367500.0
102.057,15353700.0
102.057,15350500.0
102.057,15349700.0
102.057,15349400.0
102.057,15349300.0
102.057,15349300.0
102.057,15349300.0
102.057,15349300.0
102.057,15349300.0
102.057,15349300.0
102.057,15349100.0
102.057,15349000.0
102.057,15348900.0
102.057,15348700.0
102.057,15348500.0
102.057,15348200.0
102.057,15347900.0
102.057,15347600.0
102.057,15347300.0
102.057,15347100.0
102.057,15346700.0
102.057,15346500.0
102.057,15346300.0
102.057,15346000.0
102.057,15345700.0
102.057,16737000.0
102.057,15441900.0
102.057,15350700.0
102.057,15345700.0
102.057,15345600.0
102.057,15345400.0
102.057,15345400.0
102.057,15345200.0
102.057,15345100.0
102.057,15345400.0
102.057,15345100.0
102.057,15345200.0
102.057,15345100.0
102.057,15345000.0
102.057,15344900.0
102.057,15344900.0
102.057,15344700.0
102.057,15344600.0
102.057,15344400.0
102.057,15344300.0
102.057,15344100.0
102.057,15343900.0
102.057,15343700.0
102.057,15343500.0
102.057,15343300.0
102.057,15343000.0
102.057,15342900.0
102.057,15343100.0
102.057,15342800.0
102.057,15342700.0
102.057,15342600.0
102.057,15342500.0
102.057,15342300.0
102.057,15342100.0
102.057,15342000.0
102.057,15341900.0
102.057,15341900.0
102.057,15341800.0
102.057,15341800.0
102.057,15341600.0
102.057,15341500.0
102.057,15358100.0
102.057,15342500.0
102.057,15341500.0
102.057,15341800.0
102.057,15341400.0
102.057,15341300.0
102.057,15341200.0
102.057,15341100.0
102.057,15341000.0
102.057,15340900.0
102.057,15340800.0
102.057,15340600.0
102.057,15340400.0
102.057,15340200.0
102.057,15340000.0
102.057,15339800.0
102.057,15339600.0
102.057,15339500.0
102.057,15339300.0
102.057,15339100.0
102.057,15338800.0
102.057,15338500.0
102.057,15338100.0
102.057,15337700.0
102.057,15337700.0
102.057,15337400.0
102.057,15346600.0
102.057,15338100.0
102.057,15337200.0
102.057,15338000.0
102.057,15337300.0
102.057,15337200.0
102.057,15337000.0
102.057,15336700.0
102.057,15338000.0
102.057,15336600.0
102.057,15336400.0
102.057,15336100.0
102.057,15335900.0
102.057,15335600.0
102.057,15335100.0
102.057,15334800.0
102.057,15334400.0
102.057,15334400.0
102.057,15333900.0
102.057,15334400.0
102.057,15333800.0
102.057,15333300.0
102.057,15332800.0
102.057,15332400.0
102.057,15333400.0
102.057,15332200.0
102.057,15332000.0
102.057,15331500.0
102.057,15331300.0
102.057,15331000.0
102.057,15330600.0
107.119,15330300.0
107.119,15330000.0
107.119,15329500.0
107.119,15329300.0
107.119,15328800.0
107.119,15328600.0
107.119,15328600.0
107.119,15328500.0
107.119,15328300.0
107.119,15331000.0
107.119,15328200.0
107.119,15328000.0
107.119,15327800.0
107.119,15327500.0
107.119,15326700.0
107.119,15325900.0
107.119,15444000.0
107.119,15325500.0
107.119,31908400.0
107.119,16254300.0
107.119,15351500.0
107.119,15325400.0
107.119,15354900.0
107.119,15326700.0
107.119,15324800.0
107.119,15324300.0
107.119,15324100.0
107.119,15323700.0
107.119,15323400.0
107.119,15323000.0
107.119,15323200.0
107.119,15322700.0
107.119,15322400.0
107.119,15322700.0
107.119,15322200.0
107.119,15322000.0
107.119,15321700.0
107.119,15321400.0
107.119,15321100.0
107.119,15320900.0
107.119,15320600.0
107.119,15320400.0
107.119,15846400.0
107.119,15321100.0
107.119,15320300.0
107.119,15320100.0
107.119,15319700.0
107.119,15319300.0
107.119,15318900.0
107.119,16332200.0
107.119,15357400.0
107.119,15323300.0
107.119,15319700.0
107.119,15319100.0
107.119,15318900.0
107.119,15318800.0
107.119,15318500.0
107.119,15318300.0
107.119,15318100.0
107.119,15317900.0
107.119,15317700.0
107.119,15317900.0
107.119,15317600.0
107.119,15317300.0
107.119,15317000.0
107.119,15317300.0
107.119,15317000.0
107.119,15342600.0
107.119,15321600.0
107.119,15317500.0
107.119,15316800.0
107.119,15316500.0
107.119,15316200.0
107.119,15315900.0
107.119,15315500.0
107.119,15315200.0
107.119,15314900.0
107.119,15314800.0
107.119,15314800.0
107.119,15314700.0
107.119,15314500.0
107.119,15314700.0
107.119,15314300.0
107.119,15314300.0
107.119,15314100.0
107.119,15314100.0
107.119,15314000.0
107.119,15314000.0
107.119,15313900.0
107.119,15313900.0
107.119,15313900.0
107.119,15313800.0
107.119,15314000.0
107.119,15313700.0
107.119,15313700.0
107.119,15313600.0
107.119,15313500.0
107.119,15313400.0
107.119,15313300.0
107.119,15313200.0
107.119,15313100.0
107.119,15313300.0
107.119,15313100.0
107.119,15313100.0
107.119,15313000.0
107.119,15312900.0
107.119,15312900.0
107.119,15312800.0
107.119,15312700.0
107.119,15312500.0
107.119,15312400.0
107.119,15312100.0
107.119,15311800.0
107.119,15311600.0
107.119,15311300.0
107.119,15311000.0
107.119,15310600.0
107.119,879486000.0
107.119,93016100.0
107.119,21769000.0
107.119,15755600.0
107.119,15328500.0
107.119,15310600.0
107.119,15310300.0
107.119,15310300.0
107.119,15310200.0
107.119,15310100.0
107.119,15310000.0
107.119,15311000.0
107.119,15310000.0
107.119,15310000.0
107.119,15310000.0
107.119,15309900.0
107.119,15309900.0
107.119,15309800.0
107.119,15309700.0
107.119,15309700.0
107.119,15309600.0
107.119,15309400.0
107.119,15309300.0
107.119,15309000.0
107.119,15308800.0
107.119,15308800.0
107.119,15308600.0
107.119,15308400.0
107.119,15308200.0
107.119,15308000.0
107.119,15313100.0
107.119,15308300.0
107.119,15308000.0
107.119,24971100.0
107.119,15451900.0
107.119,15313800.0
107.119,15308300.0
107.119,15307800.0
107.119,15307700.0
107.119,15307700.0
107.119,15307600.0
107.119,15307600.0
107.119,15307500.0
107.119,15307400.0
107.119,15307300.0
107.119,15307200.0
107.119,15307200.0
107.119,15307100.0
107.119,15307000.0
107.119,15306900.0
107.119,15306800.0
107.119,15306700.0
107.119,15306600.0
107.119,15306500.0
107.119,15306400.0
107.119,15306100.0
107.119,15306000.0
107.119,15305900.0
107.119,15305700.0
107.119,15305600.0
107.119,15305500.0
107.119,15306000.0
107.119,15305400.0
112.185,15305100.0
112.185,15305000.0
112.185,15304800.0
112.185,15304500.0
112.185,15304200.0
112.185,16879800.0
112.185,15441800.0
112.185,15316100.0
112.185,15305300.0
112.185,15304300.0
112.185,15304200.0
112.185,15305500.0
112.185,15304100.0
112.185,15303900.0
112.185,15303700.0
112.185,15303600.0
112.185,15303500.0
112.185,15303400.0
112.185,15303200.0
112.185,15303200.0
112.185,15303100.0
112.185,15303000.0
112.185,15303000.0
112.185,15302900.0
112.185,15302800.0
112.185,15302800.0
112.185,15302600.0
112.185,15302600.0
112.185,15302500.0
112.185,15302400.0
112.185,15302300.0
112.185,15302200.0
112.185,15302000.0
112.185,15301800.0
112.185,15301600.0
112.185,15301400.0
112.185,15301200.0
112.185,15303500.0
112.185,15301300.0
112.185,15301200.0
112.185,15300900.0
112.185,15300700.0
112.185,15300300.0
112.185,15496400.0
112.185,15308600.0
112.185,15300200.0
112.185,15300500.0
112.185,15299800.0
112.185,15299700.0
112.185,15299400.0
112.185,15299000.0
112.185,15299100.0
112.185,15298900.0
112.185,15299000.0
112.185,15298800.0
112.185,15298600.0
112.185,15298400.0
112.185,15298500.0
112.185,15298300.0
112.185,15298200.0
112.185,15298100.0
112.185,15297900.0
112.185,15297800.0
112.185,15297700.0
112.185,15297700.0
112.185,15297600.0
112.185,15297500.0
112.185,15297400.0
112.185,15297300.0
112.185,15297200.0
112.185,15297100.0
112.185,15296900.0
112.185,15296700.0
112.185,15296700.0
112.185,15300500.0
112.185,15297800.0
112.185,15297000.0
112.185,15296700.0
112.185,15296700.0
112.185,15296500.0
112.185,15296400.0
112.185,15296300.0
112.185,15296200.0
112.185,15296100.0
112.185,15296000.0
112.185,15296000.0
112.185,15297200.0
112.185,15296100.0
112.185,15295900.0
112.185,15295800.0
112.185,15295700.0
112.185,15295600.0
112.185,15295500.0
112.185,15295500.0
112.185,15295400.0
112.185,15295300.0
112.185,15295100.0
112.185,15295300.0
112.185,15295100.0
112.185,15295000.0
112.185,15295000.0
112.185,15294900.0
112.185,15294800.0
112.185,15294800.0
112.185,15294700.0
112.185,15294700.0
112.185,15294600.0
112.185,15294400.0
112.185,15294300.0
112.185,15294200.0
112.185,15294100.0
112.185,15293900.0
112.185,15293800.0
112.185,15293500.0
112.185,15293300.0
112.185,15293000.0
112.185,15292700.0
112.185,15292300.0
112.185,15291900.0
112.185,15291400.0
112.185,15291100.0
112.185,15290500.0
112.185,15290000.0
112.185,15289500.0
112.185,15291900.0
112.185,15289700.0
112.185,15289400.0
112.185,15288900.0
112.185,15288600.0
112.185,15288300.0
112.185,15291500.0
112.185,15288000.0
112.185,15292000.0
112.185,15288900.0
112.185,15288100.0
112.185,15287900.0
112.185,15287400.0
112.185,15287200.0
112.185,15288100.0
112.185,15287000.0
112.185,15286800.0
112.185,15286500.0
112.185,15286300.0
112.185,15286100.0
112.185,15286000.0
112.185,15286000.0
112.185,15285900.0
112.185,15285800.0
112.185,15286100.0
112.185,15285800.0
112.185,15285700.0
112.185,15285800.0
112.185,15285700.0
112.185,15285600.0
112.185,15285500.0
112.185,15285500.0
112.185,15285400.0
112.185,15285300.0
112.185,15285200.0
112.185,15285100.0
112.185,15285000.0
112.185,15284800.0
112.185,15284500.0
112.185,15284300.0
112.185,15284900.0
112.185,15284200.0
112.185,15286900.0
112.185,15284300.0
112.185,15284200.0
112.185,15292900.0
112.185,15285400.0
112.185,15284400.0
112.185,15284200.0
112.185,15284200.0
112.185,15284100.0
112.185,15284100.0
112.185,15284100.0
112.185,15284000.0
112.185,15284000.0
117.247,15283900.0
117.247,15283900.0
117.247,15283800.0
117.247,15283800.0
117.247,15283800.0
117.247,15283700.0
117.247,15283700.0
117.247,15283600.0
117.247,15283600.0
117.247,15283600.0
117.247,15283500.0
117.247,15283500.0
117.247,15283600.0
117.247,15283500.0
117.247,15283500.0
117.247,15283400.0
117.247,15283400.0
117.247,15283400.0
117.247,15283400.0
117.247,15283300.0
117.247,15283300.0
117.247,15283300.0
117.247,15283300.0
117.247,15283200.0
117.247,15283200.0
117.247,15283100.0
117.247,15283000.0
117.247,15282900.0
117.247,15282800.0
117.247,15282800.0
117.247,15282700.0
117.247,15282600.0
117.247,15282500.0
117.247,15282400.0
117.247,15282400.0
117.247,15282300.0
117.247,15282200.0
117.247,15282200.0
117.247,15282100.0
117.247,15282100.0
117.247,15282000.0
117.247,15282000.0
117.247,15281900.0
117.247,15281900.0
117.247,15281800.0
117.247,15281700.0
117.247,15281700.0
117.247,15281600.0
117.247,15281600.0
117.247,15281500.0
117.247,15281500.0
117.247,15281300.0
117.247,15281700.0
117.247,15281300.0
117.247,15281200.0
117.247,15281100.0
117.247,15280900.0
117.247,15280700.0
117.247,15280600.0
117.247,15280500.0
117.247,15280400.0
117.247,15280300.0
117.247,15280200.0
117.247,15280200.0
117.247,15280100.0
117.247,15280000.0
117.247,15279900.0
117.247,15279900.0
117.247,15279800.0
117.247,15279800.0
117.247,15279700.0
117.247,15279700.0
117.247,15279600.0
117.247,15279500.0
117.247,15279500.0
117.247,15279400.0
117.247,15279400.0
117.247,15279200.0
117.247,15279100.0
117.247,15279000.0
117.247,15278800.0
117.247,15278500.0
117.247,15278300.0
117.247,15278000.0
117.247,15277700.0
117.247,15277500.0
117.247,15277500.0
117.247,15277300.0
117.247,15277300.0
117.247,15277200.0
117.247,15277100.0
117.247,15277000.0
117.247,15276800.0
117.247,15276600.0
117.247,15334700.0
117.247,15282400.0
117.247,15277200.0
117.247,15276600.0
117.247,15276700.0
117.247,15276600.0
117.247,15277200.0
117.247,15276500.0
117.247,15276300.0
117.247,15276200.0
117.247,15276100.0
117.247,15276000.0
117.247,15276000.0
117.247,15275900.0
117.247,15275800.0
117.247,15275700.0
117.247,15275600.0
117.247,15275400.0
117.247,15275300.0
117.247,15275100.0
117.247,15275000.0
117.247,15274900.0
117.247,15274700.0
117.247,15274600.0
117.247,15274500.0
117.247,15274300.0
117.247,15274100.0
117.247,15274500.0
117.247,15273900.0
117.247,15593800.0
117.247,15292100.0
117.247,15274400.0
117.247,15273800.0
117.247,15273600.0
117.247,15281700.0
117.247,15273100.0
117.247,15498800.0
117.247,15289000.0
117.247,15273900.0
117.247,15273000.0
117.247,15273900.0
117.247,15272900.0
117.247,15272700.0
117.247,15272500.0
117.247,15273500.0
117.247,15272400.0
117.247,15273300.0
117.247,15272400.0
117.247,15272300.0
117.247,15272200.0
117.247,15272200.0
117.247,15272200.0
117.247,15272100.0
117.247,15272800.0
117.247,15272100.0
117.247,15271900.0
117.247,15271800.0
117.247,15271800.0
117.247,15271700.0
117.247,15271600.0
117.247,15271600.0
117.247,15271500.0
117.247,15271400.0
117.247,15271300.0
117.247,15271300.0
117.247,15271200.0
117.247,15271100.0
117.247,15270900.0
117.247,15293800.0
117.247,15270800.0
117.247,15273100.0
117.247,15270800.0
117.247,15277100.0
117.247,15271400.0
117.247,15270500.0
117.247,15270300.0
117.247,15270200.0
117.247,15270000.0
117.247,15269600.0
117.247,15269300.0
117.247,15269000.0
117.247,15268800.0
117.247,15268600.0
117.247,15268500.0
117.247,15303700.0
117.247,15272200.0
122.307,15268900.0
122.307,15268500.0
122.307,15268400.0
122.307,15276400.0
122.307,15269600.0
122.307,15268500.0
122.307,15268300.0
122.307,15268200.0
122.307,15268100.0
122.307,15268000.0
122.307,15267900.0
122.307,15267800.0
122.307,15267700.0
122.307,15267600.0
122.307,15267500.0
122.307,15267400.0
122.307,15267200.0
122.307,15273100.0
122.307,15267000.0
122.307,15409900.0
122.307,15278300.0
122.307,15267800.0
122.307,15267000.0
122.307,15268200.0
122.307,15266800.0
122.307,15266400.0
122.307,15266000.0
122.307,15265600.0
122.307,15265200.0
122.307,15264900.0
122.307,15264800.0
122.307,15264500.0
122.307,15264300.0
122.307,15264000.0
122.307,15263700.0
122.307,15263600.0
122.307,15263300.0
122.307,15263300.0
122.307,15263300.0
122.307,15263300.0
122.307,15263200.0
122.307,15263100.0
122.307,15263100.0
122.307,15263000.0
122.307,15263000.0
122.307,15262900.0
122.307,15262900.0
122.307,15262800.0
122.307,15262600.0
122.307,15262400.0
122.307,15262100.0
122.307,15261700.0
122.307,15261400.0
122.307,15261200.0
122.307,15261300.0
122.307,15261100.0
122.307,15371000.0
122.307,15264700.0
122.307,15261000.0
122.307,15263400.0
122.307,15261200.0
122.307,15260900.0
122.307,15260700.0
122.307,15260400.0
122.307,15260300.0
122.307,15259800.0
122.307,15259600.0
122.307,15259400.0
122.307,15261100.0
122.307,15259200.0
122.307,15259500.0
122.307,15259100.0
122.307,15265200.0
122.307,15259700.0
122.307,15259100.0
122.307,36826700.0
122.307,15523200.0
122.307,15267700.0
122.307,15260700.0
122.307,15259200.0
122.307,15258900.0
122.307,15258800.0
122.307,15258700.0
122.307,15259000.0
122.307,15258600.0
122.307,15258400.0
122.307,15258300.0
122.307,15258200.0
122.307,15258100.0
122.307,15258000.0
122.307,15257900.0
122.307,15257900.0
122.307,15257800.0
122.307,15257800.0
122.307,15257700.0
122.307,15257600.0
122.307,15257500.0
122.307,15257500.0
122.307,15257400.0
122.307,15257400.0
122.307,15257300.0
122.307,15257300.0
122.307,15257300.0
122.307,15257200.0
122.307,15257200.0
122.307,15257200.0
122.307,15257200.0
122.307,15257200.0
122.307,15257200.0
122.307,15257100.0
122.307,15257100.0
122.307,15257100.0
122.307,15257000.0
122.307,15257000.0
122.307,15257000.0
122.307,15256900.0
122.307,15256900.0
122.307,15256900.0
122.307,15256800.0
122.307,15256700.0
122.307,15256700.0
122.307,15256700.0
122.307,15256700.0
122.307,15256600.0
122.307,15256600.0
122.307,15256500.0
122.307,15260900.0
122.307,15256500.0
122.307,15256500.0
122.307,15256400.0
122.307,15256400.0
122.307,15256300.0
122.307,15256200.0
122.307,15299700.0
122.307,15260400.0
122.307,15256600.0
122.307,15256200.0
122.307,15256600.0
122.307,15256200.0
122.307,15256200.0
122.307,15257200.0
122.307,15256300.0
122.307,15256100.0
122.307,15256000.0
122.307,15256000.0
122.307,15255900.0
122.307,15256800.0
122.307,15255800.0
122.307,15255800.0
122.307,15255800.0
122.307,15255700.0
122.307,15256300.0
122.307,15255700.0
122.307,15255700.0
122.307,15255600.0
122.307,15255600.0
122.307,15255500.0
122.307,15255500.0
122.307,15255400.0
122.307,15255400.0
122.307,15255700.0
122.307,15255400.0
122.307,15255300.0
122.307,15255300.0
122.307,15255200.0
122.307,15255100.0
122.307,15255400.0
122.307,15255100.0
122.307,15255100.0
122.307,15255100.0
122.307,15255000.0
122.307,15254900.0
122.307,15254800.0
122.307,15254700.0
122.307,15254600.0
122.307,15254400.0
122.307,15254300.0
122.307,15254200.0
122.307,15254100.0
127.514,15254100.0
127.514,15253900.0
127.514,15253900.0
127.514,15253800.0
127.514,15254000.0
127.514,15253800.0
127.514,15253800.0
127.514,15253700.0
127.514,15253700.0
127.514,15253700.0
127.514,15253600.0
127.514,15253600.0
127.514,15253600.0
127.514,15254000.0
127.514,15253600.0
127.514,15253500.0
127.514,15253500.0
127.514,15253500.0
127.514,15253600.0
127.514,15253500.0
127.514,15253500.0
127.514,15253400.0
127.514,15253400.0
127.514,15253400.0
127.514,15253400.0
127.514,15253300.0
127.514,15253300.0
127.514,15253300.0
127.514,15253300.0
127.514,15253200.0
127.514,15253200.0
127.514,15253200.0
127.514,15253100.0
127.514,15253000.0
127.514,15252900.0
127.514,15252800.0
127.514,15252800.0
127.514,15252700.0
127.514,15252700.0
127.514,15252600.0
127.514,15252600.0
127.514,15252500.0
127.514,15252500.0
127.514,15252500.0
127.514,15252400.0
127.514,15252400.0
127.514,15252300.0
127.514,15252300.0
127.514,15252200.0
127.514,15252100.0
127.514,15256200.0
127.514,15252800.0
127.514,15252200.0
127.514,15252000.0
127.514,15251900.0
127.514,15251900.0
127.514,15252000.0
127.514,15251800.0
127.514,15251600.0
127.514,15251600.0
127.514,15251300.0
127.514,15251000.0
127.514,15250600.0
127.514,15250000.0
127.514,15953600.0
127.514,15265400.0
127.514,15249800.0
127.514,17816200.0
127.514,15476300.0
127.514,15270100.0
127.514,15251500.0
127.514,15249900.0
127.514,15249700.0
127.514,17099000.0
127.514,15249200.0
127.514,15251000.0
127.514,15249300.0
127.514,15249000.0
127.514,15248600.0
127.514,15248100.0
127.514,15297000.0
127.514,15247700.0
127.514,15918300.0
127.514,15299900.0
127.514,15250800.0
127.514,15247700.0
127.514,15247600.0
127.514,15278800.0
127.514,15250800.0
127.514,15247900.0
127.514,15247600.0
127.514,53308800.0
127.514,16323400.0
127.514,15249400.0
127.514,15247500.0
127.514,15247000.0
127.514,15246800.0
127.514,15246500.0
127.514,15246200.0
127.514,5918970000.0
127.514,15814600.0
127.514,15282300.0
127.514,15250500.0
127.514,15246900.0
127.514,15246300.0
127.514,15246200.0
127.514,15246000.0
127.514,15245600.0
127.514,15245200.0
127.514,15246500.0
127.514,15245400.0
127.514,15245200.0
127.514,15245000.0
127.514,15244700.0
127.514,15244400.0
127.514,15244300.0
127.514,15244200.0
127.514,15244000.0
127.514,15243900.0
127.514,15243900.0
127.514,15243800.0
127.514,15243700.0
127.514,15243600.0
127.514,15244000.0
127.514,15243700.0
127.514,15243600.0
127.514,15243500.0
127.514,15243400.0
127.514,15243300.0
127.514,15243200.0
127.514,15243000.0
127.514,15242900.0
127.514,15242800.0
127.514,15242700.0
127.514,15242600.0
127.514,15242500.0
127.514,15242300.0
127.514,15242200.0
127.514,15242100.0
127.514,15242100.0
127.514,15241900.0
127.514,15241800.0
127.514,15241700.0
127.514,15241600.0
127.514,15241700.0
127.514,15241600.0
127.514,15241600.0
127.514,15241500.0
127.514,15241500.0
127.514,15241400.0
127.514,15241400.0
127.514,15242500.0
127.514,15241600.0
127.514,15241400.0
127.514,15241300.0
127.514,15241300.0
127.514,15241200.0
127.514,15241200.0
127.514,15241100.0
127.514,15241100.0
127.514,15241000.0
127.514,15240900.0
127.514,15240900.0
127.514,15240800.0
127.514,15240800.0
127.514,15240700.0
127.514,15240600.0
127.514,15240600.0
127.514,15240500.0
127.514,15240500.0
127.514,15240400.0
127.514,15240300.0
127.514,15240200.0
127.514,15240100.0
127.514,15240000.0
127.514,15240100.0
127.514,15239900.0
127.514,15239800.0
127.514,15239700.0
127.514,15239500.0
127.514,15239400.0
127.514,15239300.0
127.514,15239200.0
127.514,15239100.0
132.573,15238900.0
132.573,15238700.0
132.573,15238600.0
132.573,15238500.0
132.573,15238400.0
132.573,15238300.0
132.573,15238100.0
132.573,15237900.0
132.573,15237600.0
132.573,15237400.0
132.573,15237100.0
132.573,15236900.0
132.573,15236700.0
132.573,15236700.0
132.573,15236300.0
132.573,15236100.0
132.573,15236100.0
132.573,15236000.0
132.573,15236000.0
132.573,15235800.0
132.573,15235800.0
132.573,15235700.0
132.573,15235600.0
132.573,15235500.0
132.573,15235400.0
132.573,15235400.0
132.573,15235200.0
132.573,15235100.0
132.573,15235000.0
132.573,15234800.0
132.573,15234800.0
132.573,15234700.0
132.573,15234600.0
132.573,15234600.0
132.573,15234500.0
132.573,15234500.0
132.573,15234600.0
132.573,15234500.0
132.573,15234500.0
132.573,15234400.0
132.573,15234400.0
132.573,15234400.0
132.573,15234300.0
132.573,15234300.0
132.573,15234300.0
132.573,15234300.0
132.573,15234300.0
132.573,15234200.0
132.573,15234200.0
132.573,15234100.0
132.573,15234000.0
132.573,15246700.0
132.573,15234200.0
132.573,15233900.0
132.573,15742800.0
132.573,15273800.0
132.573,15237900.0
132.573,15234300.0
132.573,15233900.0
132.573,15802600.0
132.573,15263200.0
132.573,15234800.0
132.573,15233800.0
132.573,15233700.0
132.573,15233700.0
132.573,15233700.0
132.573,15233600.0
132.573,15233500.0
132.573,15233500.0
132.573,15233400.0
132.573,15233400.0
132.573,15233400.0
132.573,15233300.0
132.573,15233300.0
132.573,15233200.0
132.573,15233200.0
132.573,15233100.0
132.573,15233100.0
132.573,15233000.0
132.573,15233000.0
132.573,15233000.0
132.573,15232900.0
132.573,15232900.0
132.573,15232900.0
132.573,15232800.0
132.573,15232800.0
132.573,15232800.0
132.573,15232700.0
132.573,15232700.0
132.573,15232600.0
132.573,15232600.0
132.573,15232500.0
132.573,15232500.0
132.573,15232500.0
132.573,15232400.0
132.573,15232300.0
132.573,15232200.0
132.573,15232200.0
132.573,15232000.0
132.573,15232000.0
132.573,15231900.0
132.573,15231800.0
132.573,15231800.0
132.573,15231700.0
132.573,15231700.0
132.573,15231600.0
132.573,15231500.0
132.573,15231400.0
132.573,15231400.0
132.573,15231300.0
132.573,15231200.0
132.573,15231100.0
132.573,15231000.0
132.573,15231000.0
132.573,15230900.0
132.573,15230800.0
132.573,15230800.0
132.573,15230800.0
132.573,15230700.0
132.573,15230700.0
132.573,15230600.0
132.573,15230600.0
132.573,15230500.0
132.573,15230300.0
132.573,15230200.0
132.573,15230100.0
132.573,15229900.0
132.573,15229600.0
132.573,15229300.0
132.573,15229000.0
132.573,15229500.0
132.573,15228900.0
132.573,15229300.0
132.573,15228800.0
132.573,15228600.0
132.573,15228300.0
132.573,15228600.0
132.573,15228300.0
132.573,15228100.0
132.573,15228000.0
132.573,15227900.0
132.573,15227800.0
132.573,15227700.0
132.573,15227600.0
132.573,15227500.0
132.573,15227400.0
132.573,15227300.0
132.573,15227100.0
132.573,15226900.0
132.573,15226800.0
132.573,15226700.0
132.573,15226600.0
132.573,15226500.0
132.573,15226400.0
132.573,15226300.0
132.573,15226200.0
132.573,15226700.0
132.573,15226200.0
132.573,15226600.0
132.573,15226200.0
132.573,15226000.0
132.573,15226000.0
132.573,15225900.0
132.573,15225900.0
132.573,15225800.0
132.573,15225700.0
132.573,15225600.0
132.573,15225600.0
132.573,15225500.0
132.573,15225500.0
132.573,15225400.0
132.573,15225400.0
132.573,15225300.0
132.573,15225200.0
132.573,15225200.0
132.573,15225200.0
132.573,15225200.0
132.573,15225100.0
132.573,15225100.0
132.573,15225100.0
137.634,15225000.0
137.634,15225000.0
137.634,15225000.0
137.634,15225000.0
137.634,15225000.0
137.634,15225000.0
137.634,15225000.0
137.634,15225000.0
137.634,15224900.0
137.634,15224900.0
137.634,15224900.0
137.634,15224800.0
137.634,15224800.0
137.634,15224800.0
137.634,15224700.0
137.634,15227000.0
137.634,15224900.0
137.634,15224700.0
137.634,15224700.0
137.634,15224700.0
137.634,15224700.0
137.634,15224700.0
137.634,15224700.0
137.634,15224800.0
137.634,15224700.0
137.634,15224600.0
137.634,15224600.0
137.634,15224600.0
137.634,15224600.0
137.634,15224500.0
137.634,15231700.0
137.634,15224600.0
137.634,15224400.0
137.634,15713500.0
137.634,15278600.0
137.634,15230300.0
137.634,15224900.0
137.634,15224400.0
137.634,15224400.0
137.634,15224300.0
137.634,15224300.0
137.634,15224300.0
137.634,15224300.0
137.634,15224200.0
137.634,15224200.0
137.634,15224100.0
137.634,15224100.0
137.634,15224100.0
137.634,15224100.0
137.634,15224000.0
137.634,15223900.0
137.634,15223800.0
137.634,15223700.0
137.634,15223600.0
137.634,15223600.0
137.634,15223500.0
137.634,15223400.0
137.634,15223400.0
137.634,15223800.0
137.634,15223400.0
137.634,15223300.0
137.634,15223200.0
137.634,15223200.0
137.634,15223100.0
137.634,15223100.0
137.634,15223000.0
137.634,15223000.0
137.634,15222900.0
137.634,15222800.0
137.634,15222800.0
137.634,15222700.0
137.634,15222600.0
137.634,15222500.0
137.634,15222400.0
137.634,15222300.0
137.634,15222300.0
137.634,15222200.0
137.634,15222100.0
137.634,15222000.0
137.634,15221900.0
137.634,15221800.0
137.634,15221800.0
137.634,15221700.0
137.634,15221600.0
137.634,15221600.0
137.634,15221500.0
137.634,15221700.0
137.634,15221400.0
137.634,15221400.0
137.634,15221200.0
137.634,15221200.0
137.634,15221100.0
137.634,15221000.0
137.634,15221100.0
137.634,15221000.0
137.634,15221300.0
137.634,15221000.0
137.634,15220900.0
137.634,15220800.0
137.634,15220800.0
137.634,15220700.0
137.634,15221400.0
137.634,15220700.0
137.634,15220500.0
137.634,15220400.0
137.634,15220300.0
137.634,15220200.0
137.634,15220100.0
137.634,15220100.0
137.634,15219900.0
137.634,15219900.0
137.634,15219800.0
137.634,15219700.0
137.634,15219600.0
137.634,15219400.0
137.634,15219300.0
137.634,15219100.0
137.634,15218900.0
137.634,15218800.0
137.634,15218800.0
137.634,15218700.0
137.634,15218600.0
137.634,15218500.0
137.634,15218500.0
137.634,15218400.0
137.634,15218400.0
137.634,15218300.0
137.634,15218200.0
137.634,15218200.0
137.634,15218100.0
137.634,15217900.0
137.634,15217900.0
137.634,15217700.0
137.634,15217500.0
137.634,15217300.0
137.634,15217100.0
137.634,15216900.0
137.634,15216700.0
137.634,15216500.0
137.634,15216700.0
137.634,15216500.0
137.634,15216500.0
137.634,15216300.0
137.634,15216200.0
137.634,15219200.0
137.634,15216100.0
137.634,15380000.0
137.634,15232300.0
137.634,15217900.0
137.634,15216300.0
137.634,15216100.0
137.634,15216100.0
137.634,15216100.0
137.634,15216000.0
137.634,15215900.0
137.634,15215800.0
137.634,15215800.0
137.634,15215700.0
137.634,15215600.0
137.634,15215500.0
137.634,15215400.0
137.634,15215400.0
137.634,15215300.0
137.634,15215300.0
137.634,15215200.0
137.634,15215200.0
137.634,15215200.0
137.634,15215100.0
137.634,15215100.0
137.634,15215100.0
137.634,15215100.0
137.634,15215000.0
137.634,15215000.0
137.634,15215000.0
137.634,15215000.0
137.634,15215000.0
137.634,15215000.0
137.634,15215000.0
137.634,15215000.0
142.695,15215000.0
142.695,15215000.0
142.695,15215000.0
142.695,15214900.0
142.695,15214900.0
142.695,15214900.0
142.695,15214800.0
142.695,15434000.0
142.695,15214800.0
142.695,236044000.0
142.695,33008500.0
142.695,16372400.0
142.695,15264700.0
142.695,15215100.0
142.695,15214800.0
142.695,15214700.0
142.695,15214800.0
142.695,15214700.0
142.695,15214700.0
142.695,15271800.0
142.695,15221400.0
142.695,15215400.0
142.695,15214800.0
142.695,15214700.0
142.695,15214700.0
142.695,15214700.0
142.695,15214700.0
142.695,15214600.0
142.695,15214600.0
142.695,15214600.0
142.695,15214500.0
142.695,15214900.0
142.695,15214600.0
142.695,15214500.0
142.695,15214500.0
142.695,15214500.0
142.695,15214400.0
142.695,15214400.0
142.695,15214300.0
142.695,15214200.0
142.695,15214200.0
142.695,15214100.0
142.695,15214000.0
142.695,15213900.0
142.695,15213800.0
142.695,15216600.0
142.695,15214000.0
142.695,15213800.0
142.695,15213700.0
142.695,15213600.0
142.695,15213600.0
142.695,15213500.0
142.695,15213500.0
142.695,15213400.0
142.695,15213400.0
142.695,15213400.0
142.695,15213400.0
142.695,15213300.0
142.695,15213300.0
142.695,15213300.0
142.695,15213300.0
142.695,15213300.0
142.695,15213200.0
142.695,15213200.0
142.695,15213100.0
142.695,15215700.0
142.695,15213100.0
142.695,986647000.0
142.695,21356700.0
142.695,15221800.0
142.695,15214500.0
142.695,15213400.0
142.695,15213200.0
142.695,15213100.0
142.695,15213100.0
142.695,15213400.0
142.695,15213200.0
142.695,15213100.0
142.695,15213100.0
142.695,15213100.0
142.695,15213000.0
142.695,15213000.0
142.695,15213000.0
142.695,15212900.0
142.695,15213900.0
142.695,15213000.0
142.695,15212900.0
142.695,15212800.0
142.695,15213600.0
142.695,15212900.0
142.695,15212800.0
142.695,15212700.0
142.695,15212600.0
142.695,15212600.0
142.695,15212500.0
142.695,15212500.0
142.695,15212400.0
142.695,15212300.0
142.695,15223100.0
142.695,15212600.0
142.695,15212200.0
142.695,15212200.0
142.695,15212100.0
142.695,15212300.0
142.695,15212100.0
142.695,15212000.0
142.695,15211900.0
142.695,15211800.0
142.695,15211800.0
142.695,15211700.0
142.695,15211700.0
142.695,15211600.0
142.695,15211500.0
142.695,15211500.0
142.695,15211400.0
142.695,15211200.0
142.695,15211100.0
142.695,15211000.0
142.695,15211000.0
142.695,15210900.0
142.695,15210800.0
142.695,15210800.0
142.695,15210700.0
142.695,15210600.0
142.695,15210500.0
142.695,15210400.0
142.695,15210300.0
142.695,15210200.0
142.695,15210100.0
142.695,15210000.0
142.695,15209900.0
142.695,15209800.0
142.695,15209800.0
142.695,15209800.0
142.695,15209700.0
142.695,15209700.0
142.695,15209600.0
142.695,15209600.0
142.695,15209600.0
142.695,15209600.0
142.695,15209500.0
142.695,15212900.0
142.695,15209900.0
142.695,15209500.0
142.695,15209500.0
142.695,15209500.0
142.695,15209400.0
142.695,15209400.0
142.695,15209300.0
142.695,15209300.0
142.695,15209300.0
142.695,15209300.0
142.695,15209300.0
142.695,15209200.0
142.695,15209200.0
142.695,15209200.0
142.695,15209100.0
142.695,15209100.0
142.695,15209000.0
142.695,15209000.0
142.695,15208900.0
142.695,15208800.0
142.695,15208700.0
142.695,15208600.0
142.695,15208400.0
142.695,15208300.0
142.695,15208200.0
142.695,15208200.0
142.695,15208100.0
142.695,15208000.0
142.695,15207900.0
142.695,15207800.0
142.695,15207700.0
142.695,15207700.0
142.695,15207700.0
142.695,15207700.0
142.695,15207600.0
142.695,15207600.0
142.695,15207600.0
142.695,15207600.0
142.695,15207600.0
147.753,15208200.0
147.753,15207700.0
147.753,15207600.0
147.753,15207600.0
147.753,15207600.0
147.753,15207600.0
147.753,15207500.0
147.753,15207500.0
147.753,15207500.0
147.753,15207500.0
147.753,15207400.0
147.753,15207400.0
147.753,15207400.0
147.753,15207400.0
147.753,15207400.0
147.753,15207300.0
147.753,15207200.0
147.753,15207200.0
147.753,15207100.0
147.753,15207100.0
147.753,15207100.0
147.753,15207000.0
147.753,15207200.0
147.753,15207100.0
147.753,15207000.0
147.753,15207000.0
147.753,15207000.0
147.753,15206900.0
147.753,15206900.0
147.753,15206800.0
147.753,15206700.0
147.753,15206700.0
147.753,15206600.0
147.753,15206600.0
147.753,15206500.0
147.753,15206500.0
147.753,15206500.0
147.753,15206500.0
147.753,15206400.0
147.753,15206400.0
147.753,15206400.0
147.753,15206300.0
147.753,15206300.0
147.753,15206200.0
147.753,15206300.0
147.753,15206200.0
147.753,15206100.0
147.753,15206100.0
147.753,15206000.0
147.753,15206000.0
147.753,15205900.0
147.753,15205900.0
147.753,15205800.0
147.753,15205600.0
147.753,15205400.0
147.753,15205300.0
147.753,15205200.0
147.753,15205100.0
147.753,15205000.0
147.753,15205000.0
147.753,15205000.0
147.753,15205000.0
147.753,15204900.0
147.753,15204900.0
147.753,15204800.0
147.753,15204700.0
147.753,15204700.0
147.753,15204600.0
147.753,15204600.0
147.753,15204600.0
147.753,15204600.0
147.753,15204500.0
147.753,15204500.0
147.753,15204500.0
147.753,15204400.0
147.753,15204400.0
147.753,15204300.0
147.753,15204300.0
147.753,15204200.0
147.753,15204100.0
147.753,15204000.0
147.753,15204000.0
147.753,15203900.0
147.753,15203900.0
147.753,15203800.0
147.753,15203800.0
147.753,15203800.0
147.753,15203700.0
147.753,15203600.0
147.753,15203600.0
147.753,15203600.0
147.753,15203500.0
147.753,15203500.0
147.753,15203400.0
147.753,15203400.0
147.753,15203300.0
147.753,15203300.0
147.753,15203200.0
147.753,15203200.0
147.753,15203200.0
147.753,15203100.0
147.753,15203100.0
147.753,15218700.0
147.753,15203800.0
147.753,15203100.0
147.753,15207100.0
147.753,15203900.0
147.753,15203200.0
147.753,15203000.0
147.753,15203000.0
147.753,15203000.0
147.753,15202900.0
147.753,15202900.0
147.753,15202900.0
147.753,15203000.0
147.753,15202800.0
147.753,15202800.0
147.753,15202700.0
147.753,15202700.0
147.753,15202600.0
147.753,15202600.0
147.753,15202500.0
147.753,15212400.0
147.753,15202500.0
147.753,15202400.0
147.753,15228700.0
147.753,15204500.0
147.753,15202500.0
147.753,15202400.0
147.753,17977200.0
147.753,15266600.0
147.753,15202800.0
147.753,15202300.0
147.753,15202200.0
147.753,15202100.0
147.753,15202000.0
147.753,15202000.0
147.753,15202000.0
147.753,15202000.0
147.753,15201900.0
147.753,15201900.0
147.753,15201900.0
147.753,15201800.0
147.753,15201800.0
147.753,15201700.0
147.753,15201700.0
147.753,15201600.0
147.753,15201500.0
147.753,15201400.0
147.753,15201400.0
147.753,15201300.0
147.753,15201300.0
147.753,15201200.0
147.753,15201100.0
147.753,15201000.0
147.753,15200900.0
147.753,15200900.0
147.753,15200800.0
147.753,15200700.0
147.753,15200600.0
147.753,15200600.0
147.753,15200400.0
147.753,15200300.0
147.753,15200100.0
147.753,15200100.0
147.753,15199900.0
147.753,15199900.0
147.753,15199700.0
147.753,15199600.0
147.753,15199600.0
147.753,15199400.0
147.753,15199300.0
147.753,15199200.0
147.753,15199100.0
147.753,15199000.0
147.753,15198800.0
147.753,15198500.0
147.753,15198300.0
147.753,15198100.0
147.753,15198000.0
147.753,15197800.0
152.82,15372900.0
152.82,15197600.0
152.82,185157000.0
152.82,18553700.0
152.82,15197500.0
152.82,926934000.0
152.82,97325500.0
152.82,22079000.0
152.82,15736900.0
152.82,15234300.0
152.82,15199700.0
152.82,15197600.0
152.82,15197500.0
152.82,15197400.0
152.82,15197300.0
152.82,15197200.0
152.82,15197100.0
152.82,15197000.0
152.82,15197300.0
152.82,15197000.0
152.82,15196900.0
152.82,15196900.0
152.82,15196800.0
152.82,15196800.0
152.82,15196800.0
152.82,15196700.0
152.82,15196700.0
152.82,15196700.0
152.82,15196600.0
152.82,15196600.0
152.82,15196500.0
152.82,15196400.0
152.82,15196300.0
152.82,15196200.0
152.82,15196100.0
152.82,15196000.0
152.82,15196000.0
152.82,15195900.0
152.82,15195800.0
152.82,15195800.0
152.82,15195700.0
152.82,15195700.0
152.82,15195700.0
152.82,15195700.0
152.82,15195700.0
152.82,15195600.0
152.82,15195600.0
152.82,15195600.0
152.82,15195600.0
152.82,15195500.0
152.82,15195500.0
152.82,15195500.0
152.82,15195500.0
152.82,15195500.0
152.82,15195400.0
152.82,15195400.0
152.82,15195400.0
152.82,15195400.0
152.82,15195400.0
152.82,15195300.0
152.82,15195300.0
152.82,15195300.0
152.82,15195300.0
152.82,15195200.0
152.82,15195200.0
152.82,15195200.0
152.82,15195100.0
152.82,15195100.0
152.82,15195000.0
152.82,15239600.0
152.82,15195000.0
152.82,15304900.0
152.82,15202900.0
152.82,15195400.0
152.82,15195000.0
152.82,15209400.0
152.82,15195900.0
152.82,15195000.0
152.82,15194900.0
152.82,15194900.0
152.82,15194800.0
152.82,15194700.0
152.82,15194700.0
152.82,15194700.0
152.82,15194600.0
152.82,15194600.0
152.82,15194400.0
152.82,15194400.0
152.82,15194300.0
152.82,15194100.0
152.82,15194000.0
152.82,15193900.0
152.82,15193700.0
152.82,15193500.0
152.82,15193200.0
152.82,15192800.0
152.82,15192500.0
152.82,15192000.0
152.82,15192200.0
152.82,15191800.0
152.82,15191600.0
152.82,15191200.0
152.82,15190800.0
152.82,15190700.0
152.82,15190400.0
152.82,15190200.0
152.82,15190000.0
152.82,15189900.0
152.82,15189800.0
152.82,15189600.0
152.82,15189500.0
152.82,15189400.0
152.82,15189200.0
152.82,15189100.0
152.82,15189000.0
152.82,15188700.0
152.82,15188600.0
152.82,15188700.0
152.82,15188500.0
152.82,15201300.0
152.82,15189100.0
152.82,15188400.0
152.82,7632700000.0
152.82,751799000.0
152.82,29732900.0
152.82,15190100.0
152.82,15188600.0
152.82,15188400.0
152.82,15188300.0
152.82,15188100.0
152.82,15187900.0
152.82,15187700.0
152.82,15187500.0
152.82,15187300.0
152.82,15187100.0
152.82,15187000.0
152.82,15187000.0
152.82,15186900.0
152.82,15186900.0
152.82,15186800.0
152.82,15186800.0
152.82,15186700.0
152.82,15186600.0
152.82,15186600.0
152.82,15186600.0
152.82,15186500.0
152.82,15186500.0
152.82,15186400.0
152.82,15186400.0
152.82,15186400.0
152.82,15186300.0
152.82,15186300.0
152.82,15186300.0
152.82,15186200.0
152.82,15186200.0
152.82,15186200.0
152.82,15186200.0
152.82,15186200.0
152.82,15186100.0
152.82,15186100.0
152.82,15186100.0
152.82,15186000.0
152.82,15186000.0
152.82,15185900.0
152.82,15185800.0
152.82,15185700.0
152.82,15185700.0
152.82,15185700.0
152.82,15185600.0
152.82,15185500.0
152.82,15185400.0
152.82,15185300.0
152.82,15185200.0
152.82,15185100.0
152.82,15185000.0
152.82,15184900.0
152.82,15184700.0
152.82,15184500.0
152.82,15184200.0
152.82,15184000.0
152.82,15184000.0
158.05,15183800.0
158.05,15183700.0
158.05,15183700.0
158.05,15183600.0
158.05,15183400.0
158.05,15183200.0
158.05,15183100.0
158.05,15182800.0
158.05,15182600.0
158.05,17108300.0
158.05,15182500.0
158.05,27296200.0
158.05,15542300.0
158.05,15200700.0
158.05,15183500.0
158.05,15182400.0
158.05,15183100.0
158.05,15182400.0
158.05,15182300.0
158.05,15182100.0
158.05,15182000.0
158.05,15181900.0
158.05,15181700.0
158.05,15181600.0
158.05,15181500.0
158.05,15181500.0
158.05,15181400.0
158.05,15181300.0
158.05,15181300.0
158.05,15181300.0
158.05,15181300.0
158.05,15181200.0
158.05,15181000.0
158.05,15180900.0
158.05,15180700.0
158.05,15180600.0
158.05,15180500.0
158.05,15180300.0
158.05,15180200.0
158.05,15180200.0
158.05,15180100.0
158.05,15180000.0
158.05,15179900.0
158.05,15179800.0
158.05,15179700.0
158.05,15179600.0
158.05,15179500.0
158.05,15179300.0
158.05,15179200.0
158.05,15179000.0
158.05,15178800.0
158.05,15178500.0
158.05,15178100.0
158.05,15177900.0
158.05,15177700.0
158.05,15177500.0
158.05,15177100.0
158.05,15177000.0
158.05,15176700.0
158.05,15176400.0
158.05,15176000.0
158.05,15175100.0
158.05,15175100.0
158.05,15174800.0
158.05,15174200.0
158.05,15173400.0
158.05,15173000.0
158.05,15172600.0
158.05,15171700.0
158.05,15172100.0
158.05,15171100.0
158.05,15170800.0
158.05,15169800.0
158.05,15170200.0
158.05,15169500.0
158.05,15169100.0
158.05,15169000.0
158.05,15172600.0
158.05,15169600.0
158.05,15168900.0
158.05,15169200.0
158.05,15168200.0
158.05,15167800.0
158.05,15167200.0
158.05,15167000.0
158.05,15166500.0
158.05,15166000.0
158.05,15165700.0
158.05,15165400.0
158.05,15165100.0
158.05,15164900.0
158.05,15164500.0
158.05,15163800.0
158.05,15162800.0
158.05,569504000.0
158.05,15625000.0
158.05,15162600.0
158.05,1067020000.0
158.05,63117100.0
158.05,15246300.0
158.05,15162400.0
158.05,5082700000.0
158.05,865762000.0
158.05,84132900.0
158.05,17691500.0
158.05,15171200.0
158.05,15162400.0
158.05,15162300.0
158.05,15163100.0
158.05,15162400.0
158.05,15412700.0
158.05,15163900.0
158.05,15162100.0
158.05,15161700.0
158.05,15161700.0
158.05,15161500.0
158.05,15161300.0
158.05,15161000.0
158.05,15165600.0
158.05,15160800.0
158.05,21903100.0
158.05,15424900.0
158.05,15162700.0
158.05,15160800.0
158.05,94341900.0
158.05,19667600.0
158.05,15487600.0
158.05,15179900.0
158.05,15161200.0
158.05,15160700.0
158.05,15160800.0
158.05,15160700.0
158.05,15299400.0
158.05,15162300.0
158.05,15160700.0
158.05,15160500.0
158.05,15160300.0
158.05,15160200.0
158.05,15160100.0
158.05,15160000.0
158.05,15159900.0
158.05,15159700.0
158.05,15159600.0
158.05,15159500.0
158.05,15159300.0
158.05,15159400.0
158.05,15159100.0
158.05,15158900.0
158.05,15164900.0
158.05,15158800.0
158.05,4368720000.0
158.05,15621900.0
158.05,15181000.0
158.05,15160800.0
158.05,15158600.0
158.05,15158200.0
158.05,15158200.0
158.05,15157900.0
158.05,15157600.0
158.05,15157600.0
158.05,15157100.0
158.05,15156500.0
158.05,15156300.0
158.05,15156200.0
158.05,15155700.0
158.05,15155200.0
158.05,15154800.0
158.05,15154400.0
158.05,15154200.0
158.05,15154100.0
158.05,15154100.0
158.05,15153900.0
158.05,15153900.0
158.05,15153800.0
158.05,15153800.0
158.05,15153700.0
158.05,15153600.0
158.05,15153600.0
158.05,15153500.0
158.05,15153500.0
158.05,15153400.0
158.05,15153300.0
158.05,15153300.0
158.05,15153200.0
158.05,15153300.0
158.05,15153200.0
158.05,15153100.0
163.115,15153100.0
163.115,15153000.0
163.115,15153000.0
163.115,15152900.0
163.115,15153300.0
163.115,15153000.0
163.115,15152900.0
163.115,15152900.0
163.115,15152800.0
163.115,15164800.0
163.115,15152800.0
163.115,16171300.0
163.115,15231100.0
163.115,15157500.0
163.115,15152900.0
163.115,15152800.0
163.115,15204900.0
163.115,15155900.0
163.115,15153300.0
163.115,15152800.0
163.115,15152700.0
163.115,15152600.0
163.115,15152600.0
163.115,15152500.0
163.115,15152500.0
163.115,15152400.0
163.115,15152300.0
163.115,15152300.0
163.115,15152300.0
163.115,15152200.0
163.115,15152200.0
163.115,15152100.0
163.115,15152100.0
163.115,15152000.0
163.115,15151900.0
163.115,15151900.0
163.115,15151800.0
163.115,15151700.0
163.115,15151600.0
163.115,15151500.0
163.115,15151500.0
163.115,15151500.0
163.115,15151500.0
163.115,15151400.0
163.115,15151300.0
163.115,15151200.0
163.115,15151200.0
163.115,15151100.0
163.115,15151000.0
163.115,15151000.0
163.115,15151000.0
163.115,15150900.0
163.115,15150800.0
163.115,15150800.0
163.115,15150700.0
163.115,15150700.0
163.115,15150600.0
163.115,15150600.0
163.115,15150500.0
163.115,15150500.0
163.115,15150400.0
163.115,15150400.0
163.115,15150300.0
163.115,15150200.0
163.115,15150200.0
163.115,15150100.0
163.115,15150100.0
163.115,15150000.0
163.115,15150000.0
163.115,15149900.0
163.115,15149800.0
163.115,15149700.0
163.115,15149600.0
163.115,15149600.0
163.115,15149600.0
163.115,15149500.0
163.115,15149400.0
163.115,15149200.0
163.115,15149100.0
163.115,15149000.0
163.115,15148800.0
163.115,15148600.0
163.115,15148600.0
163.115,15148500.0
163.115,15148500.0
163.115,15148400.0
163.115,15152000.0
163.115,15148500.0
163.115,15148300.0
163.115,15148300.0
163.115,15148200.0
163.115,15148200.0
163.115,15148000.0
163.115,15147900.0
163.115,15147800.0
163.115,15147700.0
163.115,15147600.0
163.115,15147500.0
163.115,15147400.0
163.115,15147400.0
163.115,15147300.0
163.115,15147200.0
163.115,15147200.0
163.115,15147000.0
163.115,15146900.0
163.115,15146800.0
163.115,15146700.0
163.115,15146600.0
163.115,15146500.0
163.115,15146500.0
163.115,15146400.0
163.115,15146200.0
163.115,15146100.0
163.115,15146000.0
163.115,15145800.0
163.115,15145700.0
163.115,15145500.0
163.115,15145100.0
163.115,15144800.0
163.115,15146300.0
163.115,15144800.0
163.115,15145800.0
163.115,15144500.0
163.115,15144500.0
163.115,15144300.0
163.115,15144100.0
163.115,15143600.0
163.115,15143300.0
163.115,15142900.0
163.115,15142500.0
163.115,15142300.0
163.115,15142000.0
163.115,15141800.0
163.115,15141500.0
163.115,15141200.0
163.115,15141000.0
163.115,15140700.0
163.115,15141300.0
163.115,15140500.0
163.115,15147700.0
163.115,15140200.0
163.115,15140200.0
163.115,15139900.0
163.115,15139700.0
163.115,15139500.0
163.115,15144700.0
163.115,15139800.0
163.115,15139400.0
163.115,15139200.0
163.115,15139000.0
163.115,15138700.0
163.115,15138400.0
163.115,15138400.0
163.115,15138200.0
163.115,15138200.0
163.115,15138100.0
163.115,15138000.0
163.115,15137800.0
163.115,15137700.0
163.115,15137600.0
163.115,15137500.0
163.115,15137500.0
163.115,15137600.0
163.115,15137500.0
163.115,15137400.0
163.115,15137400.0
163.115,15137300.0
163.115,15137300.0
163.115,15137500.0
163.115,15137200.0
163.115,15137200.0
163.115,15137200.0
163.115,15137100.0
163.115,15137100.0
163.115,15137000.0
163.115,15137000.0
163.115,15136900.0
163.115,15136800.0
163.115,15136700.0
168.176,15136600.0
168.176,15136600.0
168.176,15136500.0
168.176,15136400.0
168.176,15136300.0
168.176,15136200.0
168.176,15136100.0
168.176,15136100.0
168.176,15136000.0
168.176,15135900.0
168.176,15135800.0
168.176,15135700.0
168.176,15135600.0
168.176,15135500.0
168.176,15135400.0
168.176,15136100.0
168.176,15135500.0
168.176,15135400.0
168.176,15135300.0
168.176,15135200.0
168.176,15135200.0
168.176,15135200.0
168.176,15135100.0
168.176,15135000.0
168.176,15135000.0
168.176,15135000.0
168.176,15135000.0
168.176,15134900.0
168.176,15134800.0
168.176,15134800.0
168.176,15134700.0
168.176,15134600.0
168.176,15134500.0
168.176,15134400.0
168.176,15134500.0
168.176,15134300.0
168.176,15134400.0
168.176,15134200.0
168.176,15134100.0
168.176,15134100.0
168.176,15134300.0
168.176,15134100.0
168.176,15134000.0
168.176,15133900.0
168.176,15133800.0
168.176,15133700.0
168.176,15133700.0
168.176,15133600.0
168.176,15133500.0
168.176,15133500.0
168.176,15133400.0
168.176,15133300.0
168.176,15133200.0
168.176,15133000.0
168.176,15132800.0
168.176,15134200.0
168.176,15132800.0
168.176,15132700.0
168.176,15132700.0
168.176,15132600.0
168.176,15132500.0
168.176,15132400.0
168.176,15132400.0
168.176,15132300.0
168.176,15132200.0
168.176,15132100.0
168.176,15132000.0
168.176,15131900.0
168.176,15131800.0
168.176,15131700.0
168.176,15132800.0
168.176,15131700.0
168.176,15156000.0
168.176,15133900.0
168.176,15132000.0
168.176,15131700.0
168.176,15131600.0
168.176,15131500.0
168.176,15131400.0
168.176,15131200.0
168.176,15130800.0
168.176,15130400.0
168.176,15130000.0
168.176,15129700.0
168.176,15129500.0
168.176,15131200.0
168.176,15129300.0
168.176,15129200.0
168.176,15128900.0
168.176,15128800.0
168.176,15128600.0
168.176,15128400.0
168.176,15128200.0
168.176,15127900.0
168.176,15127800.0
168.176,15128000.0
168.176,15127700.0
168.176,15127500.0
168.176,15127400.0
168.176,15127200.0
168.176,15126900.0
168.176,15126700.0
168.176,15127100.0
168.176,15126600.0
168.176,15126300.0
168.176,15126100.0
168.176,15183800.0
168.176,15127500.0
168.176,15126000.0
168.176,15126600.0
168.176,15125700.0
168.176,15125400.0
168.176,15160500.0
168.176,15128400.0
168.176,15125600.0
168.176,15125400.0
168.176,15125200.0
168.176,15125000.0
168.176,15124800.0
168.176,15124500.0
168.176,15124300.0
168.176,15124100.0
168.176,15123800.0
168.176,15123600.0
168.176,15127100.0
168.176,15123700.0
168.176,15123400.0
168.176,15123300.0
168.176,15122900.0
168.176,15122600.0
168.176,15122400.0
168.176,15122300.0
168.176,15122200.0
168.176,15122000.0
168.176,15121900.0
168.176,15121800.0
168.176,15121600.0
168.176,15121400.0
168.176,15121300.0
168.176,15121200.0
168.176,15121000.0
168.176,15121000.0
168.176,15120900.0
168.176,15120700.0
168.176,15120600.0
168.176,15120500.0
168.176,15120400.0
168.176,15120300.0
168.176,15120200.0
168.176,15120100.0
168.176,15120000.0
168.176,15120000.0
168.176,15119900.0
168.176,15119800.0
168.176,15119600.0
168.176,15119500.0
168.176,15119500.0
168.176,15119400.0
168.176,15119300.0
168.176,15119200.0
168.176,15119100.0
168.176,15119000.0
168.176,15118900.0
168.176,15118900.0
168.176,15118800.0
168.176,15118600.0
168.176,15118500.0
168.176,15118500.0
168.176,15118400.0
168.176,15118300.0
168.176,15118300.0
168.176,15118200.0
168.176,15118200.0
168.176,15118100.0
168.176,15118000.0
168.176,15118000.0
168.176,15117900.0
168.176,15117800.0
168.176,15118000.0
168.176,15117800.0
173.232,15117800.0
173.232,15119600.0
173.232,15117900.0
173.232,15117700.0
173.232,15117700.0
173.232,15117700.0
173.232,15117600.0
173.232,15117500.0
173.232,15117500.0
173.232,15117400.0
173.232,15117600.0
173.232,15117400.0
173.232,15117400.0
173.232,15117500.0
173.232,15117300.0
173.232,15117300.0
173.232,15120900.0
173.232,15118000.0
173.232,15117300.0
173.232,15117200.0
173.232,15117100.0
173.232,15117000.0
173.232,15117000.0
173.232,15116900.0
173.232,15116800.0
173.232,15116600.0
173.232,15116500.0
173.232,15116400.0
173.232,15116300.0
173.232,15116200.0
173.232,15116100.0
173.232,15116100.0
173.232,15116000.0
173.232,15115900.0
173.232,15115800.0
173.232,15115700.0
173.232,15115600.0
173.232,15115600.0
173.232,15115600.0
173.232,15115500.0
173.232,15115400.0
173.232,15115400.0
173.232,15115300.0
173.232,15115200.0
173.232,15115200.0
173.232,15115000.0
173.232,15115100.0
173.232,15115000.0
173.232,15114900.0
173.232,15114800.0
173.232,15115000.0
173.232,15114800.0
173.232,15114700.0
173.232,15114600.0
173.232,15114400.0
173.232,15114100.0
173.232,15114000.0
173.232,15113900.0
173.232,15113800.0
173.232,15113700.0
173.232,15113600.0
173.232,15113500.0
173.232,15113400.0
173.232,15113200.0
173.232,15112900.0
173.232,15112900.0
173.232,15112300.0
173.232,15111900.0
173.232,15111500.0
173.232,15112500.0
173.232,15111200.0
173.232,15110900.0
173.232,15110600.0
173.232,15109700.0
173.232,15108900.0
173.232,15108100.0
173.232,15108400.0
173.232,15107700.0
173.232,15113500.0
173.232,15107800.0
173.232,15107200.0
173.232,15106400.0
173.232,15105900.0
173.232,15105200.0
173.232,15110100.0
173.232,15104600.0
173.232,15103700.0
173.232,15102500.0
173.232,26142500.0
173.232,15162000.0
173.232,15102000.0
173.232,20146900.0
173.232,15101100.0
173.232,15100300.0
173.232,82857800.0
173.232,16937400.0
173.232,15100200.0
173.232,15121100.0
173.232,15100900.0
173.232,15099700.0
173.232,15099700.0
173.232,15099600.0
173.232,15099200.0
173.232,15098800.0
173.232,15098900.0
173.232,15098600.0
173.232,15098300.0
173.232,15097900.0
173.232,15097700.0
173.232,15097600.0
173.232,15097400.0
173.232,15097300.0
173.232,15097300.0
173.232,15097200.0
173.232,15098200.0
173.232,15097100.0
173.232,15097000.0
173.232,15097000.0
173.232,15096900.0
173.232,15096800.0
173.232,15096800.0
173.232,15096700.0
173.232,15096600.0
173.232,15096500.0
173.232,15096400.0
173.232,15096300.0
173.232,15096200.0
173.232,15096100.0
173.232,15096000.0
173.232,15095900.0
173.232,15095800.0
173.232,15095700.0
173.232,15095500.0
173.232,15095400.0
173.232,15095400.0
173.232,15095300.0
173.232,15095200.0
173.232,15095100.0
173.232,15094900.0
173.232,15094700.0
173.232,15094600.0
173.232,15094500.0
173.232,15094300.0
173.232,15094300.0
173.232,15094200.0
173.232,15094100.0
173.232,15094000.0
173.232,15094000.0
173.232,15093800.0
173.232,15093800.0
173.232,15093700.0
173.232,15093800.0
173.232,15093700.0
173.232,15093600.0
173.232,15093600.0
173.232,15093500.0
173.232,15093400.0
173.232,15093300.0
173.232,15093200.0
173.232,15093200.0
173.232,15093100.0
173.232,15093100.0
173.232,15093000.0
173.232,15092900.0
173.232,15092800.0
173.232,15092800.0
173.232,15092600.0
173.232,15092400.0
173.232,15092100.0
173.232,15091900.0
173.232,15091800.0
173.232,15091600.0
173.232,15091400.0
173.232,15091300.0
173.232,15091200.0
173.232,15091000.0
173.232,15090800.0
173.232,15090600.0
178.293,15090300.0
178.293,15090000.0
178.293,15089700.0
178.293,15089500.0
178.293,15089300.0
178.293,15089100.0
178.293,15093200.0
178.293,15089900.0
178.293,15089200.0
178.293,15089000.0
178.293,15088800.0
178.293,15088600.0
178.293,15088400.0
178.293,15088100.0
178.293,15087800.0
178.293,15087300.0
178.293,15087100.0
178.293,15087000.0
178.293,15086500.0
178.293,15086100.0
178.293,15086100.0
178.293,15085500.0
178.293,15085100.0
178.293,15086000.0
178.293,15084700.0
178.293,15084800.0
178.293,15084500.0
178.293,15084200.0
178.293,15084000.0
178.293,15083700.0
178.293,15083400.0
178.293,15083100.0
178.293,15082700.0
178.293,15082300.0
178.293,15085600.0
178.293,15082100.0
178.293,15082300.0
178.293,15081800.0
178.293,15081500.0
178.293,15081200.0
178.293,15081000.0
178.293,15080800.0
178.293,15081500.0
178.293,15080900.0
178.293,15080800.0
178.293,15080500.0
178.293,15080300.0
178.293,15080000.0
178.293,15079700.0
178.293,15079400.0
178.293,15079000.0
178.293,15078500.0
178.293,15078100.0
178.293,15077700.0
178.293,15077600.0
178.293,15077500.0
178.293,15077400.0
178.293,15077300.0
178.293,15077300.0
178.293,15077200.0
178.293,15077200.0
178.293,15077000.0
178.293,15076900.0
178.293,15076700.0
178.293,15076600.0
178.293,15076500.0
178.293,15076400.0
178.293,15076300.0
178.293,15076200.0
178.293,15076100.0
178.293,15076100.0
178.293,15076000.0
178.293,15076000.0
178.293,15075900.0
178.293,15075900.0
178.293,15075800.0
178.293,15075800.0
178.293,15075700.0
178.293,15075600.0
178.293,15075600.0
178.293,15075500.0
178.293,15075600.0
178.293,15075500.0
178.293,15075500.0
178.293,15076700.0
178.293,15075500.0
178.293,15075400.0
178.293,15075400.0
178.293,15075400.0
178.293,15075500.0
178.293,15075300.0
178.293,15075300.0
178.293,15772800.0
178.293,15128300.0
178.293,15078900.0
178.293,15075400.0
178.293,15075200.0
178.293,15075200.0
178.293,15075100.0
178.293,15076100.0
178.293,15075000.0
178.293,15075100.0
178.293,15075000.0
178.293,15074900.0
178.293,15074800.0
178.293,15074700.0
178.293,15074600.0
178.293,15074500.0
178.293,15074500.0
178.293,15074400.0
178.293,15074300.0
178.293,15074200.0
178.293,15074200.0
178.293,15074000.0
178.293,15073800.0
178.293,15073700.0
178.293,15073500.0
178.293,15073200.0
178.293,15072900.0
178.293,15072700.0
178.293,15072300.0
178.293,15071800.0
178.293,15071300.0
178.293,15070900.0
178.293,15070200.0
178.293,15071300.0
178.293,15069900.0
178.293,15069100.0
178.293,15067900.0
178.293,241364000.0
178.293,15083200.0
178.293,15067400.0
178.293,480528000.0
178.293,29449100.0
178.293,15234700.0
178.293,15067200.0
178.293,6111610000.0
178.293,931505000.0
178.293,76253900.0
178.293,16565900.0
178.293,15067000.0
178.293,15327000.0
178.293,15091600.0
178.293,15070700.0
178.293,15067200.0
178.293,15066800.0
178.293,15066500.0
178.293,15066400.0
178.293,15077700.0
178.293,15067500.0
178.293,15066400.0
178.293,15066200.0
178.293,15066400.0
178.293,15066000.0
178.293,15065700.0
178.293,15065300.0
178.293,15065500.0
178.293,15065200.0
178.293,15064900.0
178.293,15064700.0
178.293,15064400.0
178.293,15064300.0
178.293,15064100.0
178.293,15064000.0
178.293,15063800.0
178.293,15064100.0
178.293,15063800.0
178.293,15063700.0
178.293,15063400.0
178.293,15063300.0
178.293,15063200.0
178.293,15169800.0
178.293,15063800.0
178.293,15063000.0
178.293,15062900.0
178.293,15062700.0
178.293,15062600.0
178.293,15062500.0
178.293,15064500.0
183.354,15062900.0
183.354,15062500.0
183.354,15062500.0
183.354,15062300.0
183.354,15062100.0
183.354,15062000.0
183.354,15061800.0
183.354,15061700.0
183.354,15061500.0
183.354,15062100.0
183.354,15061300.0
183.354,15063300.0
183.354,15061600.0
183.354,15061300.0
183.354,15061100.0
183.354,15061000.0
183.354,15060800.0
183.354,15061000.0
183.354,15060600.0
183.354,15060500.0
183.354,15060300.0
183.354,15060100.0
183.354,15059900.0
183.354,15059800.0
183.354,15059700.0
183.354,15060000.0
183.354,15059600.0
183.354,15059400.0
183.354,15059300.0
183.354,15059000.0
183.354,15060200.0
183.354,15059000.0
183.354,15058700.0
183.354,15058400.0
183.354,15058400.0
183.354,15058600.0
183.354,15058300.0
183.354,15058200.0
183.354,15058100.0
183.354,15058100.0
183.354,15057800.0
183.354,15057600.0
183.354,15057400.0
183.354,15057200.0
183.354,15057100.0
183.354,15056900.0
183.354,15056700.0
183.354,15056400.0
183.354,15056100.0
183.354,15055700.0
183.354,15055400.0
183.354,15055500.0
183.354,15055100.0
183.354,15055000.0
183.354,15054800.0
183.354,15054400.0
183.354,15054000.0
183.354,15053800.0
183.354,15128800.0
183.354,15057200.0
183.354,15053800.0
183.354,15055800.0
183.354,15053800.0
183.354,15053600.0
183.354,15053400.0
183.354,15053200.0
183.354,15053100.0
183.354,15052900.0
183.354,15052700.0
183.354,15052600.0
183.354,15052500.0
183.354,15052400.0
183.354,15052300.0
183.354,15052100.0
183.354,15051900.0
183.354,15051900.0
183.354,15051700.0
183.354,15064600.0
183.354,15051900.0
183.354,15051600.0
183.354,15051600.0
183.354,15051300.0
183.354,15051100.0
183.354,15051000.0
183.354,15050800.0
183.354,15050700.0
183.354,15050500.0
183.354,15050500.0
183.354,15050600.0
183.354,15050400.0
183.354,15050200.0
183.354,15050100.0
183.354,15050000.0
183.354,15049900.0
183.354,15050100.0
183.354,15049800.0
183.354,15050000.0
183.354,15049800.0
183.354,15094200.0
183.354,15053900.0
183.354,15050300.0
183.354,15049700.0
183.354,15049600.0
183.354,15049500.0
183.354,15049300.0
183.354,15049300.0
183.354,15048900.0
183.354,15049000.0
183.354,15048900.0
183.354,15048700.0
183.354,15048400.0
183.354,15048300.0
183.354,15048100.0
183.354,15048000.0
183.354,15047800.0
183.354,15047700.0
183.354,15047500.0
183.354,15047500.0
183.354,15047400.0
183.354,15047200.0
183.354,15047100.0
183.354,15047100.0
183.354,15047000.0
183.354,15046800.0
183.354,15046800.0
183.354,15046700.0
183.354,15046500.0
183.354,15046300.0
183.354,15046000.0
183.354,15045800.0
183.354,15045500.0
183.354,15045300.0
183.354,15045100.0
183.354,15045000.0
183.354,15044800.0
183.354,15044700.0
183.354,15044600.0
183.354,15044700.0
183.354,15044500.0
183.354,15052500.0
183.354,15045000.0
183.354,15044500.0
183.354,15045700.0
183.354,15044300.0
183.354,15044100.0
183.354,15044000.0
183.354,15043800.0
183.354,15043500.0
183.354,15043400.0
183.354,15043300.0
183.354,15043100.0
183.354,15042900.0
183.354,15042600.0
183.354,15042300.0
183.354,15042100.0
183.354,15041800.0
183.354,15041800.0
183.354,15041600.0
183.354,15041500.0
183.354,15041300.0
183.354,15041200.0
183.354,15041000.0
183.354,15040800.0
183.354,15040700.0
183.354,15040600.0
183.354,15040400.0
183.354,15040300.0
183.354,15040100.0
183.354,15039900.0
183.354,15039600.0
183.354,15039300.0
183.354,15039100.0
183.354,15038800.0
183.354,15038600.0
183.354,15038400.0
183.354,15038200.0
183.354,15037900.0
183.354,15037500.0
183.354,15037100.0
183.354,15036700.0
188.576,15036300.0
188.576,15035800.0
188.576,15035500.0
188.576,15035200.0
188.576,15034800.0
188.576,15034600.0
188.576,15034400.0
188.576,15034200.0
188.576,15034000.0
188.576,15033900.0
188.576,15033700.0
188.576,15033600.0
188.576,15033500.0
188.576,15033400.0
188.576,15033200.0
188.576,15033100.0
188.576,15032800.0
188.576,15032500.0
188.576,15032600.0
188.576,15032300.0
188.576,15032000.0
188.576,15031700.0
188.576,15031500.0
188.576,15031200.0
188.576,15030900.0
188.576,15030700.0
188.576,15031400.0
188.576,15030500.0
188.576,15030000.0
188.576,15029700.0
188.576,15029300.0
188.576,15029200.0
188.576,15028600.0
188.576,15028300.0
188.576,15028300.0
188.576,15028100.0
188.576,15028300.0
188.576,15027800.0
188.576,15027600.0
188.576,15027100.0
188.576,15026900.0
188.576,15026500.0
188.576,15026200.0
188.576,15025900.0
188.576,15025700.0
188.576,15025400.0
188.576,15025100.0
188.576,15024900.0
188.576,15024700.0
188.576,15024400.0
188.576,15024100.0
188.576,15023800.0
188.576,15023500.0
188.576,15023100.0
188.576,15022800.0
188.576,15022300.0
188.576,15021800.0
188.576,15021100.0
188.576,15021000.0
188.576,15020100.0
188.576,15019500.0
188.576,15019000.0
188.576,15018500.0
188.576,15018100.0
188.576,15017600.0
188.576,968443000.0
188.576,46584800.0
188.576,15146300.0
188.576,15017800.0
188.576,15017700.0
188.576,15017600.0
188.576,15017200.0
188.576,15016900.0
188.576,16267600.0
188.576,15016600.0
188.576,65010000.0
188.576,18034200.0
188.576,15141300.0
188.576,15017600.0
188.576,15016600.0
188.576,15016600.0
188.576,15084500.0
188.576,15026100.0
188.576,15018100.0
188.576,15016600.0
188.576,15016400.0
188.576,15016200.0
188.576,15015900.0
188.576,15026400.0
188.576,15016400.0
188.576,15015800.0
188.576,15022700.0
188.576,15015900.0
188.576,15015500.0
188.576,15015200.0
188.576,15014900.0
188.576,15014600.0
188.576,15014400.0
188.576,15014300.0
188.576,15014200.0
188.576,15014000.0
188.576,15014300.0
188.576,15014000.0
188.576,15013900.0
188.576,15013700.0
188.576,15013500.0
188.576,15013400.0
188.576,15013100.0
188.576,15012800.0
188.576,15012700.0
188.576,15012100.0
188.576,15011700.0
188.576,15011200.0
188.576,15010400.0
188.576,15010700.0
188.576,15010200.0
188.576,15009500.0
188.576,15008800.0
188.576,15023000.0
188.576,15008400.0
188.576,15798100.0
188.576,15057500.0
188.576,15010800.0
188.576,15008300.0
188.576,10713600000.0
188.576,15036800.0
188.576,15010500.0
188.576,15007800.0
188.576,15007600.0
188.576,15007000.0
188.576,15006700.0
188.576,15006200.0
188.576,15005500.0
188.576,15005100.0
188.576,15004800.0
188.576,15004500.0
188.576,15332900.0
188.576,15029400.0
188.576,15006000.0
188.576,15004500.0
188.576,15004400.0
188.576,15009500.0
188.576,15005100.0
188.576,15004300.0
188.576,15004000.0
188.576,15003900.0
188.576,15003700.0
188.576,15003600.0
188.576,15003500.0
188.576,15003300.0
188.576,15003100.0
188.576,15003200.0
188.576,15002900.0
188.576,15004600.0
188.576,15002900.0
188.576,15002800.0
188.576,15002800.0
188.576,15002600.0
188.576,15002700.0
188.576,15002500.0
188.576,15002300.0
188.576,15002000.0
188.576,15001700.0
188.576,15001100.0
188.576,15000500.0
188.576,15661600.0
188.576,15000600.0
188.576,15000100.0
188.576,14999500.0
188.576,15002200.0
188.576,14999900.0
188.576,14999400.0
188.576,14998800.0
188.576,24181800.0
188.576,15035100.0
188.576,14998600.0
188.576,1773990000.0
188.576,199079000.0
188.576,28213500.0
188.576,15611600.0
188.576,15006700.0
188.576,14998500.0
188.576,14998800.0
188.576,14998500.0
188.576,47650500.0
188.576,16525800.0
188.576,15033400.0
193.64,14998400.0
193.64,14998000.0
193.64,14997800.0
193.64,14998500.0
193.64,14997900.0
193.64,14997700.0
193.64,14998800.0
193.64,14998000.0
193.64,14997800.0
193.64,14997700.0
193.64,14997500.0
193.64,14997400.0
193.64,14997300.0
193.64,14997100.0
193.64,14997200.0
193.64,14997100.0
193.64,14996900.0
193.64,14996800.0
193.64,14996600.0
193.64,14996500.0
193.64,14996400.0
193.64,14996300.0
193.64,14996200.0
193.64,14996100.0
193.64,14995900.0
193.64,14995800.0
193.64,14995700.0
193.64,14995600.0
193.64,14995500.0
193.64,14995300.0
193.64,14995200.0
193.64,14995000.0
193.64,14995200.0
193.64,14995000.0
193.64,14994900.0
193.64,14994700.0
193.64,14994600.0
193.64,14994600.0
193.64,14994500.0
193.64,14994400.0
193.64,14994300.0
193.64,14994300.0
193.64,14994200.0
193.64,14994100.0
193.64,14994100.0
193.64,14994000.0
193.64,14993900.0
193.64,14993900.0
193.64,14993800.0
193.64,14993700.0
193.64,14993600.0
193.64,14993600.0
193.64,14993500.0
193.64,14993400.0
193.64,14993300.0
193.64,14993300.0
193.64,14993200.0
193.64,14993200.0
193.64,14993100.0
193.64,14993000.0
193.64,14992700.0
193.64,14992500.0
193.64,14992300.0
193.64,14992000.0
193.64,14991900.0
193.64,14991800.0
193.64,14991600.0
193.64,14991500.0
193.64,14991400.0
193.64,14991200.0
193.64,14991100.0
193.64,14990900.0
193.64,14990800.0
193.64,14990500.0
193.64,14990400.0
193.64,14990100.0
193.64,14990100.0
193.64,15916700.0
193.64,15061000.0
193.64,14994100.0
193.64,14990000.0
193.64,14989700.0
193.64,14989500.0
193.64,14994300.0
193.64,14989400.0
193.64,14993100.0
193.64,14989400.0
193.64,14989200.0
193.64,14989400.0
193.64,14989200.0
193.64,14989900.0
193.64,14989200.0
193.64,14989100.0
193.64,14989000.0
193.64,14988900.0
193.64,14988800.0
193.64,14988800.0
193.64,14988700.0
193.64,14988700.0
193.64,14988600.0
193.64,14988600.0
193.64,14988500.0
193.64,14988500.0
193.64,14988500.0
193.64,14988400.0
193.64,14988400.0
193.64,14988300.0
193.64,14988200.0
193.64,14988000.0
193.64,14987900.0
193.64,14987700.0
193.64,14987600.0
193.64,14987500.0
193.64,14987400.0
193.64,14987400.0
193.64,14987300.0
193.64,14987200.0
193.64,14987100.0
193.64,14987000.0
193.64,14986900.0
193.64,14986700.0
193.64,14986500.0
193.64,14986300.0
193.64,14986100.0
193.64,14985900.0
193.64,14985600.0
193.64,14985500.0
193.64,14985300.0
193.64,14985200.0
193.64,14985100.0
193.64,14985000.0
193.64,14984800.0
193.64,14984700.0
193.64,14984500.0
193.64,14984400.0
193.64,14984300.0
193.64,14984200.0
193.64,14984100.0
193.64,14984000.0
193.64,14983900.0
193.64,14983700.0
193.64,14983600.0
193.64,14983300.0
193.64,14983000.0
193.64,14982700.0
193.64,14982300.0
193.64,14983900.0
193.64,14982600.0
193.64,14982300.0
193.64,14981900.0
193.64,14981600.0
193.64,14981100.0
193.64,14980900.0
193.64,14980600.0
193.64,14981400.0
193.64,14980400.0
193.64,14980100.0
193.64,14989800.0
193.64,14980100.0
193.64,14980000.0
193.64,47093200.0
193.64,15102400.0
193.64,14988700.0
193.64,14980600.0
193.64,14980000.0
193.64,105057000.0
193.64,15898800.0
193.64,14979600.0
193.64,29743900.0
193.64,15677400.0
193.64,14988100.0
193.64,14979500.0
193.64,14979700.0
193.64,14979500.0
193.64,15637000.0
193.64,15043700.0
193.64,14985400.0
193.64,14980000.0
198.702,14979500.0
198.702,14979500.0
198.702,35152600.0
198.702,15788800.0
198.702,14993700.0
198.702,14980000.0
198.702,14979300.0
198.702,14979100.0
198.702,14979000.0
198.702,14978900.0
198.702,14978800.0
198.702,14978700.0
198.702,14978600.0
198.702,14978600.0
198.702,14978500.0
198.702,14978400.0
198.702,14978300.0
198.702,14978200.0
198.702,14978100.0
198.702,14978000.0
198.702,14978100.0
198.702,14978000.0
198.702,14978000.0
198.702,14977900.0
198.702,14978300.0
198.702,14977900.0
198.702,14977900.0
198.702,14977800.0
198.702,14977800.0
198.702,14977800.0
198.702,14977700.0
198.702,14977600.0
198.702,14977500.0
198.702,14977400.0
198.702,14977400.0
198.702,14977300.0
198.702,14977300.0
198.702,14977200.0
198.702,14977100.0
198.702,14977000.0
198.702,14977000.0
198.702,14976900.0
198.702,14976800.0
198.702,14976800.0
198.702,14976700.0
198.702,14976700.0
198.702,14976600.0
198.702,14976500.0
198.702,14976400.0
198.702,14976300.0
198.702,14976200.0
198.702,14976300.0
198.702,14976200.0
198.702,14977600.0
198.702,14976400.0
198.702,14976200.0
198.702,14976100.0
198.702,14976900.0
198.702,14976000.0
198.702,14977200.0
198.702,14976000.0
198.702,14976000.0
198.702,14975900.0
198.702,14975800.0
198.702,14976000.0
198.702,14975800.0
198.702,14986900.0
198.702,14975900.0
198.702,14975700.0
198.702,14975600.0
198.702,14975500.0
198.702,14975400.0
198.702,14975200.0
198.702,14981400.0
198.702,14975100.0
198.702,14975100.0
198.702,14975000.0
198.702,14974900.0
198.702,14974800.0
198.702,14974900.0
198.702,14974700.0
198.702,14974600.0
198.702,14974400.0
198.702,14974300.0
198.702,14974400.0
198.702,14974200.0
198.702,14974100.0
198.702,14974000.0
198.702,14973900.0
198.702,14973800.0
198.702,14973700.0
198.702,14973600.0
198.702,14973600.0
198.702,14973500.0
198.702,14973500.0
198.702,14975300.0
198.702,14974000.0
198.702,14973600.0
198.702,14973500.0
198.702,14973500.0
198.702,14973500.0
198.702,14973400.0
198.702,14973400.0
198.702,14973300.0
198.702,14973300.0
198.702,14973200.0
198.702,14973100.0
198.702,14973300.0
198.702,14973100.0
198.702,14973000.0
198.702,14972900.0
198.702,14972900.0
198.702,14972800.0
198.702,14972800.0
198.702,14972700.0
198.702,14972600.0
198.702,14972500.0
198.702,14972400.0
198.702,14972400.0
198.702,14972300.0
198.702,14972200.0
198.702,14972200.0
198.702,14972100.0
198.702,14972000.0
198.702,14971900.0
198.702,14971800.0
198.702,14971700.0
198.702,14971600.0
198.702,14971600.0
198.702,14971500.0
198.702,14971500.0
198.702,14971400.0
198.702,14971400.0
198.702,14971300.0
198.702,14971300.0
198.702,14971200.0
198.702,14971200.0
198.702,14971100.0
198.702,14971100.0
198.702,14971100.0
198.702,14971000.0
198.702,14971000.0
198.702,14970900.0
198.702,14970700.0
198.702,14972900.0
198.702,14970600.0
198.702,14979900.0
198.702,14970600.0
198.702,15005800.0
198.702,14973800.0
198.702,14970800.0
198.702,14970600.0
198.702,14970600.0
198.702,15076700.0
198.702,14976300.0
198.702,14971300.0
198.702,14970600.0
198.702,14970500.0
198.702,14970400.0
198.702,14970400.0
198.702,14970300.0
198.702,14970200.0
198.702,14970100.0
198.702,14970000.0
198.702,14969900.0
198.702,14970600.0
198.702,14969800.0
198.702,15025100.0
198.702,14971100.0
198.702,14969700.0
198.702,14969500.0
198.702,14969400.0
198.702,14969200.0
198.702,14969200.0
198.702,14969300.0
198.702,14969000.0
198.702,14968800.0
198.702,14968700.0
198.702,14968600.0
198.702,14968600.0
198.702,14968500.0
203.765,14968400.0
203.765,14968400.0
203.765,14968200.0
203.765,14968000.0
203.765,14967900.0
203.765,14967600.0
203.765,14967500.0
203.765,14967300.0
203.765,14967200.0
203.765,14967000.0
203.765,14966600.0
203.765,15226400.0
203.765,14967900.0
203.765,14966500.0
203.765,28736100.0
203.765,15972700.0
203.765,15025700.0
203.765,14968300.0
203.765,14966400.0
203.765,14966800.0
203.765,14966100.0
203.765,14966000.0
203.765,14969900.0
203.765,14966700.0
203.765,14966000.0
203.765,14965800.0
203.765,14965700.0
203.765,14965600.0
203.765,14965300.0
203.765,14965100.0
203.765,14965000.0
203.765,14964800.0
203.765,14964800.0
203.765,14964700.0
203.765,14964600.0
203.765,14964500.0
203.765,14964400.0
203.765,14964200.0
203.765,14964000.0
203.765,14963700.0
203.765,14963500.0
203.765,14963800.0
203.765,14963400.0
203.765,14963200.0
203.765,14963000.0
203.765,14967100.0
203.765,14963300.0
203.765,14963000.0
203.765,14962800.0
203.765,14962700.0
203.765,14962600.0
203.765,14962400.0
203.765,14962200.0
203.765,14962000.0
203.765,16294700.0
203.765,14977600.0
203.765,14961900.0
203.765,43755200.0
203.765,17175900.0
203.765,15115100.0
203.765,14969700.0
203.765,14962000.0
203.765,14961900.0
203.765,14961900.0
203.765,14974800.0
203.765,14961600.0
203.765,14961300.0
203.765,14961100.0
203.765,14960900.0
203.765,14961000.0
203.765,14960600.0
203.765,14960500.0
203.765,14960400.0
203.765,14960300.0
203.765,14960200.0
203.765,14960100.0
203.765,14960000.0
203.765,14959900.0
203.765,14959700.0
203.765,14959700.0
203.765,14959400.0
203.765,14959600.0
203.765,14959400.0
203.765,14959200.0
203.765,14959200.0
203.765,14959000.0
203.765,14967100.0
203.765,14959200.0
203.765,14958900.0
203.765,14958700.0
203.765,14959000.0
203.765,14958600.0
203.765,14958400.0
203.765,14958300.0
203.765,14958200.0
203.765,14958100.0
203.765,14957900.0
203.765,14957800.0
203.765,14957700.0
203.765,14957600.0
203.765,14957400.0
203.765,14957200.0
203.765,14986600.0
203.765,14959700.0
203.765,14957300.0
203.765,14957200.0
203.765,15067500.0
203.765,14961000.0
203.765,14956900.0
203.765,14956800.0
203.765,14956600.0
203.765,14956300.0
203.765,14956200.0
203.765,14956000.0
203.765,14955800.0
203.765,14955700.0
203.765,14955600.0
203.765,14955600.0
203.765,14955500.0
203.765,14955500.0
203.765,14955400.0
203.765,14955300.0
203.765,14955400.0
203.765,14955300.0
203.765,14955200.0
203.765,14955200.0
203.765,14955100.0
203.765,14955000.0
203.765,14954900.0
203.765,14954800.0
203.765,14954800.0
203.765,14954700.0
203.765,14954600.0
203.765,14954700.0
203.765,14954600.0
203.765,14954600.0
203.765,14954500.0
203.765,14954500.0
203.765,14954400.0
203.765,14954400.0
203.765,14954300.0
203.765,14954300.0
203.765,14954200.0
203.765,14954200.0
203.765,14954100.0
203.765,14954000.0
203.765,14953900.0
203.765,14953800.0
203.765,14953700.0
203.765,14953500.0
203.765,14953400.0
203.765,14953200.0
203.765,14954400.0
203.765,14953300.0
203.765,14953200.0
203.765,14954000.0
203.765,14953100.0
203.765,14953000.0
203.765,14952900.0
203.765,14952800.0
203.765,14952600.0
203.765,14952400.0
203.765,14952300.0
203.765,14952200.0
203.765,14952100.0
203.765,14952000.0
203.765,14952000.0
203.765,14951900.0
203.765,14951800.0
203.765,14951700.0
203.765,14951600.0
203.765,14951500.0
203.765,14951500.0
203.765,14951500.0
203.765,14951400.0
203.765,14951300.0
203.765,14951300.0
203.765,14951300.0
203.765,14951200.0
203.765,14951200.0
208.83,14951100.0
208.83,14951000.0
208.83,14950800.0
208.83,14950700.0
208.83,14950500.0
208.83,14950400.0
208.83,14950300.0
208.83,14950300.0
208.83,14950200.0
208.83,14950100.0
208.83,14950100.0
208.83,14950000.0
208.83,14950000.0
208.83,14949900.0
208.83,14949900.0
208.83,14949900.0
208.83,14949800.0
208.83,14949800.0
208.83,14949800.0
208.83,14949800.0
208.83,14949800.0
208.83,14949700.0
208.83,14949700.0
208.83,14949600.0
208.83,14949600.0
208.83,14949600.0
208.83,14949600.0
208.83,14949500.0
208.83,14949500.0
208.83,14949500.0
208.83,14949400.0
208.83,14949300.0
208.83,14949200.0
208.83,14949100.0
208.83,14949000.0
208.83,14948900.0
208.83,14948800.0
208.83,14948800.0
208.83,14948800.0
208.83,14948700.0
208.83,14948700.0
208.83,14948700.0
208.83,14948600.0
208.83,14948600.0
208.83,14948500.0
208.83,14948400.0
208.83,14948400.0
208.83,14948300.0
208.83,14948300.0
208.83,14948200.0
208.83,14948200.0
208.83,14948200.0
208.83,14948200.0
208.83,14948100.0
208.83,14948600.0
208.83,14948200.0
208.83,14948100.0
208.83,14948000.0
208.83,14948000.0
208.83,14948000.0
208.83,14948000.0
208.83,14947900.0
208.83,14947900.0
208.83,14947800.0
208.83,14947800.0
208.83,14947800.0
208.83,14947700.0
208.83,14947600.0
208.83,14947600.0
208.83,14947500.0
208.83,14951100.0
208.83,14947600.0
208.83,14947500.0
208.83,14965800.0
208.83,14948600.0
208.83,14947500.0
208.83,14948100.0
208.83,14947500.0
208.83,14947400.0
208.83,14947500.0
208.83,14947400.0
208.83,14947400.0
208.83,14947300.0
208.83,14947200.0
208.83,14947100.0
208.83,14947200.0
208.83,14947100.0
208.83,14947000.0
208.83,14947100.0
208.83,14947000.0
208.83,14946900.0
208.83,14946900.0
208.83,14946800.0
208.83,14946800.0
208.83,14946700.0
208.83,14946600.0
208.83,14946500.0
208.83,14946400.0
208.83,14946400.0
208.83,14946200.0
208.83,14946100.0
208.83,14946100.0
208.83,14946000.0
208.83,14945900.0
208.83,14945900.0
208.83,14945800.0
208.83,14945800.0
208.83,14945700.0
208.83,14945700.0
208.83,14945600.0
208.83,14945500.0
208.83,14945400.0
208.83,14945300.0
208.83,14945200.0
208.83,14945100.0
208.83,14945100.0
208.83,14945000.0
208.83,14945000.0
208.83,14945000.0
208.83,14944900.0
208.83,14944900.0
208.83,14944900.0
208.83,14944900.0
208.83,14944800.0
208.83,14944800.0
208.83,14945000.0
208.83,14944800.0
208.83,14958200.0
208.83,14945900.0
208.83,14944800.0
208.83,14944700.0
208.83,14944700.0
208.83,14944700.0
208.83,14944600.0
208.83,14944600.0
208.83,14944600.0
208.83,14944500.0
208.83,14944500.0
208.83,14944500.0
208.83,14944500.0
208.83,14944400.0
208.83,14944400.0
208.83,14944400.0
208.83,14944400.0
208.83,14944300.0
208.83,14944300.0
208.83,14944300.0
208.83,14944300.0
208.83,14944300.0
208.83,14944200.0
208.83,14944200.0
208.83,14944200.0
208.83,14944200.0
208.83,14944200.0
208.83,14944200.0
208.83,14944200.0
208.83,14944200.0
208.83,14944200.0
208.83,14944200.0
208.83,14944200.0
208.83,14944200.0
208.83,14944200.0
208.83,14944200.0
208.83,14944200.0
208.83,14944200.0
208.83,14944200.0
208.83,14944100.0
208.83,14944200.0
208.83,14944200.0
208.83,14944100.0
208.83,14944100.0
208.83,14944100.0
208.83,14944100.0
208.83,14944100.0
208.83,14944100.0
208.83,14944000.0
208.83,14944000.0
208.83,14943900.0
208.83,14943900.0
208.83,14943800.0
208.83,14943800.0
213.896,14943700.0
213.896,14943600.0
213.896,14943500.0
213.896,14943500.0
213.896,14943400.0
213.896,14943400.0
213.896,14943400.0
213.896,14943300.0
213.896,14943300.0
213.896,14944100.0
213.896,14943300.0
213.896,14943300.0
213.896,14943200.0
213.896,14943200.0
213.896,14943200.0
213.896,14943100.0
213.896,14943100.0
213.896,14943000.0
213.896,14942900.0
213.896,14942800.0
213.896,14942700.0
213.896,14942700.0
213.896,14942600.0
213.896,14942600.0
213.896,14942500.0
213.896,14942500.0
213.896,14942500.0
213.896,14944000.0
213.896,14942900.0
213.896,14942600.0
213.896,14942500.0
213.896,14942500.0
213.896,14942500.0
213.896,14942400.0
213.896,14942400.0
213.896,14942400.0
213.896,14942400.0
213.896,14942400.0
213.896,14942400.0
213.896,14942300.0
213.896,14942300.0
213.896,14942300.0
213.896,14942300.0
213.896,14942200.0
213.896,14942200.0
213.896,14942200.0
213.896,14942200.0
213.896,14942200.0
213.896,14942200.0
213.896,14942100.0
213.896,14942200.0
213.896,14942100.0
213.896,14942100.0
213.896,14942100.0
213.896,14942000.0
213.896,14942000.0
213.896,14941900.0
213.896,14942200.0
213.896,14941900.0
213.896,14941800.0
213.896,14941900.0
213.896,14941800.0
213.896,14941800.0
213.896,14941800.0
213.896,14941700.0
213.896,14941800.0
213.896,14941700.0
213.896,14941700.0
213.896,14941600.0
213.896,14941600.0
213.896,14941600.0
213.896,14941500.0
213.896,14941500.0
213.896,14941500.0
213.896,14941400.0
213.896,14941400.0
213.896,14941300.0
213.896,14941300.0
213.896,14941200.0
213.896,14941200.0
213.896,14941100.0
213.896,14941100.0
213.896,14941100.0
213.896,14941100.0
213.896,14941000.0
213.896,14941000.0
213.896,14941000.0
213.896,14941000.0
213.896,14941000.0
213.896,14941000.0
213.896,14940900.0
213.896,14940900.0
213.896,14940900.0
213.896,14940900.0
213.896,14940900.0
213.896,14940900.0
213.896,14940800.0
213.896,14940800.0
213.896,14940800.0
213.896,14940800.0
213.896,14940700.0
213.896,14940700.0
213.896,14940700.0
213.896,14940700.0
213.896,14940700.0
213.896,14940600.0
213.896,14940600.0
213.896,14940600.0
213.896,14940600.0
213.896,14940500.0
213.896,14940500.0
213.896,14940500.0
213.896,14940400.0
213.896,14940400.0
213.896,14940400.0
213.896,14940400.0
213.896,14940400.0
213.896,14940300.0
213.896,14940500.0
213.896,14940300.0
213.896,14940300.0
213.896,14940300.0
213.896,14940200.0
213.896,14940200.0
213.896,14940200.0
213.896,14940100.0
213.896,14940100.0
213.896,14940100.0
213.896,14940100.0
213.896,14940000.0
213.896,14940000.0
213.896,14939900.0
213.896,14939900.0
213.896,14939800.0
213.896,14939700.0
213.896,14939700.0
213.896,14939600.0
213.896,14939600.0
213.896,14939600.0
213.896,14939500.0
213.896,14939500.0
213.896,14939400.0
213.896,14939400.0
213.896,14941000.0
213.896,14939700.0
213.896,14939400.0
213.896,14939300.0
213.896,14939300.0
213.896,14939300.0
213.896,14939300.0
213.896,14939200.0
213.896,14939100.0
213.896,14939100.0
213.896,14939300.0
213.896,14939100.0
213.896,14939000.0
213.896,14939000.0
213.896,14938900.0
213.896,14938800.0
213.896,14938800.0
213.896,14938700.0
213.896,14938600.0
213.896,14938600.0
213.896,14938500.0
213.896,14938500.0
213.896,14938400.0
213.896,14938800.0
213.896,14938400.0
213.896,14938500.0
213.896,14938300.0
213.896,14938200.0
213.896,14938200.0
213.896,14938100.0
213.896,14938000.0
213.896,14937900.0
213.896,14937900.0
213.896,14937800.0
213.896,14937800.0
213.896,14937800.0
213.896,14937700.0
213.896,14937700.0
219.115,14937600.0
219.115,14937600.0
219.115,14937500.0
219.115,14937400.0
219.115,14937400.0
219.115,14937300.0
219.115,14937300.0
219.115,14937200.0
219.115,14937200.0
219.115,14937100.0
219.115,14937000.0
219.115,14936900.0
219.115,14936900.0
219.115,14936800.0
219.115,14936800.0
219.115,14936700.0
219.115,14936700.0
219.115,14936600.0
219.115,14936600.0
219.115,14936500.0
219.115,14936500.0
219.115,14936300.0
219.115,14936200.0
219.115,14936100.0
219.115,14936000.0
219.115,14935900.0
219.115,14935800.0
219.115,14935700.0
219.115,14935600.0
219.115,14935500.0
219.115,14935400.0
219.115,14935400.0
219.115,14935600.0
219.115,14935400.0
219.115,14935400.0
219.115,14935300.0
219.115,14935200.0
219.115,14935100.0
219.115,14935000.0
219.115,14935000.0
219.115,14935000.0
219.115,14935000.0
219.115,14934900.0
219.115,14934900.0
219.115,14934800.0
219.115,14934800.0
219.115,14934800.0
219.115,14934700.0
219.115,14934700.0
219.115,14934700.0
219.115,14934600.0
219.115,14934600.0
219.115,14934500.0
219.115,14934500.0
219.115,14934500.0
219.115,14934400.0
219.115,14934400.0
219.115,14934400.0
219.115,14934400.0
219.115,14934300.0
219.115,14934300.0
219.115,14934200.0
219.115,14934200.0
219.115,14934100.0
219.115,14934100.0
219.115,14934100.0
219.115,14934000.0
219.115,14934000.0
219.115,14934000.0
219.115,14933900.0
219.115,14933900.0
219.115,14933900.0
219.115,14933900.0
219.115,14933800.0
219.115,14933800.0
219.115,14933800.0
219.115,14933800.0
219.115,14933800.0
219.115,14933800.0
219.115,14933800.0
219.115,14933700.0
219.115,14933700.0
219.115,14933700.0
219.115,14933600.0
219.115,14933700.0
219.115,14933600.0
219.115,14933700.0
219.115,14933600.0
219.115,14933500.0
219.115,14933500.0
219.115,14933500.0
219.115,14933400.0
219.115,14933500.0
219.115,14933400.0
219.115,14933400.0
219.115,14933300.0
219.115,14933300.0
219.115,14933200.0
219.115,14933200.0
219.115,14933100.0
219.115,14933100.0
219.115,14933100.0
219.115,14933000.0
219.115,14933000.0
219.115,14932900.0
219.115,14932900.0
219.115,14932900.0
219.115,14932800.0
219.115,14932800.0
219.115,14932700.0
219.115,14932600.0
219.115,14932600.0
219.115,14932500.0
219.115,14932500.0
219.115,14932500.0
219.115,14932400.0
219.115,14932400.0
219.115,14932300.0
219.115,14932300.0
219.115,14932200.0
219.115,14932200.0
219.115,14932200.0
219.115,14932200.0
219.115,14932100.0
219.115,14932100.0
219.115,14932100.0
219.115,14932100.0
219.115,14932000.0
219.115,14932000.0
219.115,14932000.0
219.115,14931900.0
219.115,14931800.0
219.115,14931700.0
219.115,14931600.0
219.115,14931600.0
219.115,14931500.0
219.115,14935600.0
219.115,14931700.0
219.115,14931500.0
219.115,28182300000.0
219.115,294865000.0
219.115,19434400.0
219.115,15089800.0
219.115,14937300.0
219.115,14931500.0
219.115,14931400.0
219.115,14931300.0
219.115,14931100.0
219.115,14931100.0
219.115,14931000.0
219.115,14930900.0
219.115,14930800.0
219.115,14930700.0
219.115,14930700.0
219.115,14930600.0
219.115,14930500.0
219.115,14930500.0
219.115,14930400.0
219.115,14930400.0
219.115,14930300.0
219.115,14930200.0
219.115,14930100.0
219.115,14930100.0
219.115,14930100.0
219.115,14930000.0
219.115,14929900.0
219.115,14929900.0
219.115,14929800.0
219.115,14929700.0
219.115,14929600.0
219.115,14929500.0
219.115,14929400.0
219.115,14929300.0
219.115,14929300.0
219.115,14929200.0
219.115,14929200.0
219.115,14929200.0
219.115,14929100.0
219.115,14929100.0
219.115,14929100.0
219.115,14929100.0
219.115,14929100.0
219.115,14929100.0
219.115,14929000.0
219.115,14929000.0
219.115,14929000.0
219.115,14929000.0
224.186,14929000.0
224.186,14929000.0
224.186,14929000.0
224.186,14929000.0
224.186,14929000.0
224.186,14929000.0
224.186,14928900.0
224.186,14928900.0
224.186,14928900.0
224.186,14928800.0
224.186,14928800.0
224.186,14928800.0
224.186,14928800.0
224.186,14928800.0
224.186,14928700.0
224.186,14928700.0
224.186,14928700.0
224.186,14928600.0
224.186,14928600.0
224.186,14928600.0
224.186,14928600.0
224.186,14928500.0
224.186,14928500.0
224.186,14928500.0
224.186,14928600.0
224.186,14928500.0
224.186,14928500.0
224.186,14928500.0
224.186,14928500.0
224.186,14928500.0
224.186,14928500.0
224.186,14928500.0
224.186,14928400.0
224.186,14928400.0
224.186,14928400.0
224.186,14928400.0
224.186,14928400.0
224.186,14928400.0
224.186,14928400.0
224.186,14928400.0
224.186,14928300.0
224.186,14928300.0
224.186,14928300.0
224.186,14928300.0
224.186,14928300.0
224.186,14928300.0
224.186,14928200.0
224.186,14928200.0
224.186,14928200.0
224.186,14928200.0
224.186,14928200.0
224.186,14928200.0
224.186,14928200.0
224.186,14928200.0
224.186,14928200.0
224.186,14928200.0
224.186,14928100.0
224.186,14928100.0
224.186,14928100.0
224.186,14928100.0
224.186,14928100.0
224.186,14928100.0
224.186,14928100.0
224.186,14928100.0
224.186,14928000.0
224.186,14928000.0
224.186,14928000.0
224.186,14928000.0
224.186,14928000.0
224.186,14927900.0
224.186,14927900.0
224.186,14927900.0
224.186,14927800.0
224.186,14927700.0
224.186,14927600.0
224.186,14927600.0
224.186,14927500.0
224.186,14927500.0
224.186,14927400.0
224.186,14931700.0
224.186,14928100.0
224.186,14927500.0
224.186,14927400.0
224.186,14927400.0
224.186,14927300.0
224.186,14927300.0
224.186,14927500.0
224.186,14927300.0
224.186,14927300.0
224.186,14927300.0
224.186,14927200.0
224.186,14927200.0
224.186,14927200.0
224.186,14927200.0
224.186,14927200.0
224.186,14927100.0
224.186,14927100.0
224.186,14927100.0
224.186,14927000.0
224.186,14927000.0
224.186,14926900.0
224.186,14926900.0
224.186,14926800.0
224.186,14926800.0
224.186,14926800.0
224.186,14926700.0
224.186,14926700.0
224.186,14926700.0
224.186,14926600.0
224.186,14926600.0
224.186,14926600.0
224.186,14926600.0
224.186,14926600.0
224.186,14926600.0
224.186,14926600.0
224.186,14926600.0
224.186,14926500.0
224.186,14926500.0
224.186,14926500.0
224.186,14926500.0
224.186,14926500.0
224.186,14926500.0
224.186,14926500.0
224.186,14926500.0
224.186,14926500.0
224.186,14926500.0
224.186,14926500.0
224.186,14926500.0
224.186,14926400.0
224.186,14926400.0
224.186,14926400.0
224.186,14926400.0
224.186,14926400.0
224.186,14926400.0
224.186,14926400.0
224.186,14926400.0
224.186,14926400.0
224.186,14926400.0
224.186,14926400.0
224.186,14926300.0
224.186,14926300.0
224.186,14926300.0
224.186,14926300.0
224.186,14926300.0
224.186,14926200.0
224.186,14926200.0
224.186,14926200.0
224.186,14926200.0
224.186,14926100.0
224.186,14926100.0
224.186,14926100.0
224.186,14926000.0
224.186,14926000.0
224.186,14926000.0
224.186,14925900.0
224.186,14925900.0
224.186,14925900.0
224.186,14925800.0
224.186,15751600.0
224.186,14977500.0
224.186,14927700.0
224.186,14925800.0
224.186,14926500.0
224.186,14925900.0
224.186,14925800.0
224.186,14925700.0
224.186,14925600.0
224.186,14925600.0
224.186,14925500.0
224.186,14925500.0
224.186,14925500.0
224.186,14925400.0
224.186,14925400.0
224.186,14925400.0
224.186,14925300.0
224.186,14925300.0
224.186,14925300.0
224.186,14925200.0
224.186,14925200.0
229.248,14925100.0
229.248,14925100.0
229.248,14925100.0
229.248,14925100.0
229.248,14925000.0
229.248,14925000.0
229.248,14925000.0
229.248,14925000.0
229.248,14924900.0
229.248,14924900.0
229.248,14924900.0
229.248,14924900.0
229.248,14924900.0
229.248,14924900.0
229.248,14924900.0
229.248,14924800.0
229.248,14924800.0
229.248,14924800.0
229.248,14924800.0
229.248,14924800.0
229.248,14924800.0
229.248,14924700.0
229.248,14924700.0
229.248,14924700.0
229.248,14924700.0
229.248,14924600.0
229.248,14924600.0
229.248,14924500.0
229.248,14924500.0
229.248,14924500.0
229.248,14924500.0
229.248,14924500.0
229.248,14924500.0
229.248,14924400.0
229.248,14924400.0
229.248,14924400.0
229.248,14924400.0
229.248,14924300.0
229.248,14924200.0
229.248,14924200.0
229.248,14924200.0
229.248,14924100.0
229.248,14924100.0
229.248,14924000.0
229.248,14924000.0
229.248,14924000.0
229.248,14924000.0
229.248,14923900.0
229.248,14923900.0
229.248,14923900.0
229.248,14923900.0
229.248,14923900.0
229.248,14923800.0
229.248,14923800.0
229.248,14923800.0
229.248,14923800.0
229.248,14923800.0
229.248,14923800.0
229.248,14923800.0
229.248,14923800.0
229.248,14923800.0
229.248,14923700.0
229.248,14923700.0
229.248,14923700.0
229.248,14923700.0
229.248,14923700.0
229.248,14923700.0
229.248,14923700.0
229.248,14923600.0
229.248,14923700.0
229.248,14923600.0
229.248,14923600.0
229.248,14923600.0
229.248,14923600.0
229.248,14923600.0
229.248,14923600.0
229.248,14923600.0
229.248,14923600.0
229.248,14923600.0
229.248,14923600.0
229.248,14923600.0
229.248,14923500.0
229.248,14923500.0
229.248,14923500.0
229.248,14923500.0
229.248,14923500.0
229.248,14923400.0
229.248,14923400.0
229.248,14923400.0
229.248,14923300.0
229.248,14923300.0
229.248,14923200.0
229.248,14923200.0
229.248,14923200.0
229.248,14923200.0
229.248,14923100.0
229.248,14923100.0
229.248,14923000.0
229.248,14923000.0
229.248,14923000.0
229.248,14922900.0
229.248,14922900.0
229.248,14922800.0
229.248,14922800.0
229.248,14922800.0
229.248,14922700.0
229.248,14922700.0
229.248,14922700.0
229.248,14922700.0
229.248,14922600.0
229.248,14922600.0
229.248,14922500.0
229.248,14922500.0
229.248,14922500.0
229.248,14922500.0
229.248,14922500.0
229.248,14922500.0
229.248,14922400.0
229.248,14922400.0
229.248,14922400.0
229.248,14922400.0
229.248,14922400.0
229.248,14922300.0
229.248,14922300.0
229.248,14922300.0
229.248,14922200.0
229.248,14922200.0
229.248,14922200.0
229.248,14922200.0
229.248,14922200.0
229.248,14922100.0
229.248,14922100.0
229.248,14922100.0
229.248,14922100.0
229.248,14922000.0
229.248,14922000.0
229.248,14922000.0
229.248,14921900.0
229.248,14921900.0
229.248,14921900.0
229.248,14921800.0
229.248,14921800.0
229.248,14921700.0
229.248,14921700.0
229.248,14934000.0
229.248,14922200.0
229.248,14921700.0
229.248,14921800.0
229.248,14921700.0
229.248,14921700.0
229.248,14921700.0
229.248,14921600.0
229.248,14921600.0
229.248,14921700.0
229.248,14921600.0
229.248,14921600.0
229.248,14924500.0
229.248,14921700.0
229.248,14921600.0
229.248,14922000.0
229.248,14921600.0
229.248,14921600.0
229.248,14921600.0
229.248,14921600.0
229.248,14921700.0
229.248,14921600.0
229.248,14921500.0
229.248,14921500.0
229.248,14921500.0
229.248,14921500.0
229.248,14921500.0
229.248,14921500.0
229.248,14921500.0
229.248,14921500.0
229.248,14921500.0
229.248,14921400.0
229.248,14921400.0
229.248,14921400.0
229.248,14921400.0
229.248,14921400.0
234.314,14921400.0
234.314,14921300.0
234.314,14921300.0
234.314,14921300.0
234.314,14921200.0
234.314,14921200.0
234.314,14921200.0
234.314,14921200.0
234.314,14921200.0
234.314,14921100.0
234.314,14921100.0
234.314,14921100.0
234.314,14921100.0
234.314,14921100.0
234.314,14921000.0
234.314,14921100.0
234.314,14921000.0
234.314,14921000.0
234.314,14921000.0
234.314,14921000.0
234.314,14920900.0
234.314,14920900.0
234.314,14920800.0
234.314,14920800.0
234.314,14920700.0
234.314,14920600.0
234.314,14920600.0
234.314,14920500.0
234.314,14920400.0
234.314,14920400.0
234.314,14920300.0
234.314,14920300.0
234.314,14920200.0
234.314,14920100.0
234.314,14920000.0
234.314,14919900.0
234.314,14919900.0
234.314,14919800.0
234.314,14919700.0
234.314,14919700.0
234.314,14919600.0
234.314,14919600.0
234.314,14919500.0
234.314,14919500.0
234.314,14919500.0
234.314,14919500.0
234.314,14940300.0
234.314,14919400.0
234.314,38922500.0
234.314,16823200.0
234.314,15048300.0
234.314,14925600.0
234.314,14919500.0
234.314,14919400.0
234.314,14919500.0
234.314,14919400.0
234.314,14924900.0
234.314,14920200.0
234.314,14919500.0
234.314,14919400.0
234.314,14919400.0
234.314,14919400.0
234.314,14919300.0
234.314,14920000.0
234.314,14919400.0
234.314,14919300.0
234.314,1028600000.0
234.314,84877800.0
234.314,16643100.0
234.314,14919300.0
234.314,14919600.0
234.314,14919300.0
234.314,14919300.0
234.314,14919200.0
234.314,14919200.0
234.314,14919100.0
234.314,14919100.0
234.314,14919100.0
234.314,14919100.0
234.314,14919400.0
234.314,14919100.0
234.314,14919000.0
234.314,14919100.0
234.314,14919100.0
234.314,14919000.0
234.314,14919000.0
234.314,14919000.0
234.314,14919000.0
234.314,14919000.0
234.314,14919000.0
234.314,14919000.0
234.314,14919000.0
234.314,14919000.0
234.314,14918900.0
234.314,14918900.0
234.314,14918900.0
234.314,14918800.0
234.314,14918800.0
234.314,14918800.0
234.314,14918700.0
234.314,14918700.0
234.314,14918700.0
234.314,14918700.0
234.314,14918600.0
234.314,14918600.0
234.314,14918500.0
234.314,14918500.0
234.314,14918500.0
234.314,14918500.0
234.314,14918400.0
234.314,14918400.0
234.314,14918400.0
234.314,14918400.0
234.314,14918400.0
234.314,14918400.0
234.314,14918300.0
234.314,14918300.0
234.314,14918300.0
234.314,14918300.0
234.314,14918300.0
234.314,14918300.0
234.314,14918300.0
234.314,14918300.0
234.314,14918400.0
234.314,14918300.0
234.314,14918300.0
234.314,14918800.0
234.314,14918400.0
234.314,14918300.0
234.314,14918200.0
234.314,14918200.0
234.314,14918200.0
234.314,14918200.0
234.314,14918200.0
234.314,14918200.0
234.314,14918200.0
234.314,14918200.0
234.314,14918100.0
234.314,14918100.0
234.314,14918100.0
234.314,14918100.0
234.314,14918100.0
234.314,14918100.0
234.314,14918100.0
234.314,14918100.0
234.314,14918100.0
234.314,14918100.0
234.314,14918100.0
234.314,14918100.0
234.314,14918100.0
234.314,14918100.0
234.314,14918000.0
234.314,14918000.0
234.314,14918000.0
234.314,14918000.0
234.314,14918000.0
234.314,14917900.0
234.314,14917900.0
234.314,14917900.0
234.314,14917800.0
234.314,14917800.0
234.314,14917800.0
234.314,14917800.0
234.314,14917700.0
234.314,14917700.0
234.314,17226200.0
234.314,14961000.0
234.314,14917700.0
234.314,19120900.0
234.314,15290500.0
234.314,14944900.0
234.314,14918400.0
234.314,14917700.0
234.314,14917700.0
234.314,14917700.0
234.314,46940600000000.0
234.314,1627190000000.0
234.314,379421000000.0
234.314,148864000000.0
234.314,11765100000.0
239.374,51765900.0
239.374,16688600.0
239.374,15056300.0
239.374,14927100.0
239.374,14918100.0
239.374,14917600.0
239.374,14917600.0
239.374,14917600.0
239.374,14917600.0
239.374,14917500.0
239.374,14920600.0
239.374,14917800.0
239.374,14917500.0
239.374,14917500.0
239.374,14917500.0
239.374,14917500.0
239.374,14917500.0
239.374,14917500.0
239.374,14917500.0
239.374,14917500.0
239.374,14917400.0
239.374,14917400.0
239.374,14917400.0
239.374,14917400.0
239.374,14917400.0
239.374,14917300.0
239.374,14917300.0
239.374,14917300.0
239.374,14917300.0
239.374,14917300.0
239.374,14917300.0
239.374,14917300.0
239.374,14917200.0
239.374,14917200.0
239.374,14917200.0
239.374,14917200.0
239.374,14917200.0
239.374,14917200.0
239.374,14917200.0
239.374,14917200.0
239.374,14917200.0
239.374,14917200.0
239.374,14917200.0
239.374,14917200.0
239.374,14917100.0
239.374,14917100.0
239.374,14917100.0
239.374,14917100.0
239.374,14917100.0
239.374,14917100.0
239.374,14917100.0
239.374,14917100.0
239.374,14917000.0
239.374,14917000.0
239.374,14917000.0
239.374,14916900.0
239.374,14916900.0
239.374,14916900.0
239.374,14916800.0
239.374,14921300.0
239.374,14916800.0
239.374,14916900.0
239.374,14916800.0
239.374,14916800.0
239.374,14916800.0
239.374,14917000.0
239.374,14916800.0
239.374,14916800.0
239.374,14917300.0
239.374,14916800.0
239.374,14916700.0
239.374,14917000.0
239.374,14916800.0
239.374,14916700.0
239.374,14916700.0
239.374,14916700.0
239.374,14916600.0
239.374,14916600.0
239.374,14916600.0
239.374,14916600.0
239.374,14916500.0
239.374,14916500.0
239.374,14916400.0
239.374,14916300.0
239.374,14916300.0
239.374,14916400.0
239.374,14916200.0
239.374,14916200.0
239.374,14916100.0
239.374,14916300.0
239.374,14916000.0
239.374,14916100.0
239.374,14916000.0
239.374,14915900.0
239.374,14915800.0
239.374,14916400.0
239.374,14915800.0
239.374,14941100.0
239.374,14916700.0
239.374,14915800.0
239.374,14915800.0
239.374,14915800.0
239.374,14915700.0
239.374,14915700.0
239.374,14915700.0
239.374,14915700.0
239.374,14915600.0
239.374,14915600.0
239.374,14915600.0
239.374,14915600.0
239.374,14915600.0
239.374,14915600.0
239.374,14915500.0
239.374,14915500.0
239.374,14915400.0
239.374,14915400.0
239.374,14915400.0
239.374,14915300.0
239.374,14915300.0
239.374,14915300.0
239.374,14915300.0
239.374,14915300.0
239.374,14915200.0
239.374,14915200.0
239.374,14915200.0
239.374,14915200.0
239.374,14915200.0
239.374,14915200.0
239.374,14915200.0
239.374,14915200.0
239.374,14915200.0
239.374,14915200.0
239.374,14915200.0
239.374,14915200.0
239.374,14915100.0
239.374,14915100.0
239.374,14915100.0
239.374,14915100.0
239.374,14915100.0
239.374,14915000.0
239.374,14915000.0
239.374,14915100.0
239.374,14915000.0
239.374,14915000.0
239.374,14915000.0
239.374,14914900.0
239.374,14914900.0
239.374,14914800.0
239.374,14914800.0
239.374,14914800.0
239.374,14914700.0
239.374,14914700.0
239.374,14914600.0
239.374,14914500.0
239.374,14914400.0
239.374,14914400.0
239.374,14914400.0
239.374,14914300.0
239.374,14914300.0
239.374,14914300.0
239.374,14914200.0
239.374,14914100.0
239.374,14914000.0
239.374,14913900.0
239.374,14913800.0
239.374,14914000.0
239.374,14913800.0
239.374,14935700.0
239.374,14915600.0
239.374,14914000.0
239.374,14913800.0
239.374,14913800.0
239.374,14913800.0
239.374,14913700.0
239.374,14913700.0
239.374,14913700.0
239.374,14913700.0
239.374,14913700.0
239.374,14914000.0
239.374,14913800.0
244.438,14913700.0
244.438,14913700.0
244.438,14913700.0
244.438,14913700.0
244.438,14913700.0
244.438,14913700.0
244.438,14913700.0
244.438,14913700.0
244.438,14913700.0
244.438,14913700.0
244.438,14913600.0
244.438,14913700.0
244.438,14913600.0
244.438,14913600.0
244.438,14913600.0
244.438,14913600.0
244.438,14913600.0
244.438,14913500.0
244.438,14913500.0
244.438,14913500.0
244.438,14913500.0
244.438,14913500.0
244.438,14913500.0
244.438,14913500.0
244.438,14913500.0
244.438,14913400.0
244.438,14913400.0
244.438,14913400.0
244.438,14913300.0
244.438,14913300.0
244.438,14913300.0
244.438,14913200.0
244.438,14913200.0
244.438,14913200.0
244.438,14913100.0
244.438,14913100.0
244.438,14913100.0
244.438,14913000.0
244.438,14913100.0
244.438,14913000.0
244.438,14913000.0
244.438,14913000.0
244.438,14912900.0
244.438,14912900.0
244.438,14912900.0
244.438,14912900.0
244.438,14912900.0
244.438,14912800.0
244.438,14912800.0
244.438,14912800.0
244.438,14912800.0
244.438,14912700.0
244.438,14912700.0
244.438,14912700.0
244.438,14912700.0
244.438,14912700.0
244.438,14912700.0
244.438,14912700.0
244.438,14912700.0
244.438,14912700.0
244.438,14912700.0
244.438,14912700.0
244.438,14912700.0
244.438,14912600.0
244.438,14912600.0
244.438,14912600.0
244.438,14912600.0
244.438,14914500.0
244.438,14912700.0
244.438,14912600.0
244.438,14912800.0
244.438,14912600.0
244.438,14912500.0
244.438,14912500.0
244.438,14912500.0
244.438,14912500.0
244.438,14912500.0
244.438,14912400.0
244.438,14912400.0
244.438,14912400.0
244.438,14912400.0
244.438,14912400.0
244.438,14912400.0
244.438,14912400.0
244.438,14912400.0
244.438,14912400.0
244.438,14912400.0
244.438,14912400.0
244.438,14912400.0
244.438,14912400.0
244.438,14912400.0
244.438,14912400.0
244.438,14912400.0
244.438,14912400.0
244.438,14912400.0
244.438,14912800.0
244.438,14912400.0
244.438,14912400.0
244.438,14912400.0
244.438,14912300.0
244.438,14912300.0
244.438,14912300.0
244.438,14912300.0
244.438,14912300.0
244.438,14912300.0
244.438,14912300.0
244.438,14912300.0
244.438,14912300.0
244.438,14912300.0
244.438,14912300.0
244.438,14912300.0
244.438,14912300.0
244.438,14912300.0
244.438,14912300.0
244.438,14912300.0
244.438,14912300.0
244.438,14912200.0
244.438,14912500.0
244.438,14912200.0
244.438,14912200.0
244.438,14912200.0
244.438,14912200.0
244.438,14912200.0
244.438,14912200.0
244.438,14912200.0
244.438,14912100.0
244.438,14912100.0
244.438,14912100.0
244.438,14912100.0
244.438,14912100.0
244.438,14912100.0
244.438,14912100.0
244.438,14912100.0
244.438,14912100.0
244.438,14912100.0
244.438,14912100.0
244.438,14912100.0
244.438,14912100.0
244.438,14912100.0
244.438,14912000.0
244.438,14912000.0
244.438,14912000.0
244.438,14912000.0
244.438,14911900.0
244.438,14911900.0
244.438,14911900.0
244.438,14911800.0
244.438,14911800.0
244.438,14911800.0
244.438,14911800.0
244.438,14911800.0
244.438,14911800.0
244.438,14911800.0
244.438,14911700.0
244.438,14911700.0
244.438,14911700.0
244.438,14911700.0
244.438,14911700.0
244.438,14911600.0
244.438,14911600.0
244.438,14911600.0
244.438,14911600.0
244.438,14911600.0
244.438,14911600.0
244.438,14911600.0
244.438,14911600.0
244.438,14911600.0
244.438,14911600.0
244.438,14911600.0
244.438,14911500.0
244.438,14911500.0
244.438,14911500.0
244.438,14911500.0
244.438,14911500.0
244.438,14911400.0
244.438,14911400.0
244.438,14911400.0
244.438,14911400.0
244.438,14911400.0
244.438,14912300.0
244.438,14911600.0
249.656,14911400.0
249.656,14911400.0
249.656,14911400.0
249.656,14911300.0
249.656,14911300.0
249.656,14911300.0
249.656,14911300.0
249.656,14911300.0
249.656,14911300.0
249.656,14911300.0
249.656,14911200.0
249.656,14911200.0
249.656,14911200.0
249.656,14911100.0
249.656,14911100.0
249.656,14911000.0
249.656,14911000.0
249.656,14911000.0
249.656,14910900.0
249.656,14910900.0
249.656,14910900.0
249.656,14910900.0
249.656,14910900.0
249.656,14910900.0
249.656,14910900.0
249.656,14910800.0
249.656,14910800.0
249.656,14910800.0
249.656,14910800.0
249.656,14910800.0
249.656,14910800.0
249.656,14910800.0
249.656,14910700.0
249.656,14910700.0
249.656,14910700.0
249.656,14910700.0
249.656,14910700.0
249.656,14910700.0
249.656,14910600.0
249.656,14910600.0
249.656,14910500.0
249.656,14910500.0
249.656,14910400.0
249.656,14910400.0
249.656,14910300.0
249.656,14910300.0
249.656,14910200.0
249.656,14910100.0
249.656,14910000.0
249.656,14909900.0
249.656,14909800.0
249.656,14909700.0
249.656,14909600.0
249.656,14909500.0
249.656,14909500.0
249.656,14909400.0
249.656,14909300.0
249.656,14909300.0
249.656,14909300.0
249.656,14909200.0
249.656,14909200.0
249.656,14909100.0
249.656,14909000.0
249.656,14909000.0
249.656,14909000.0
249.656,14909000.0
249.656,14909000.0
249.656,14909000.0
249.656,14909000.0
249.656,14909000.0
249.656,14909000.0
249.656,14909000.0
249.656,14908900.0
249.656,14908900.0
249.656,14908900.0
249.656,14908900.0
249.656,14908900.0
249.656,14908800.0
249.656,14908800.0
249.656,14908800.0
249.656,14908800.0
249.656,14908800.0
249.656,14908800.0
249.656,14908700.0
249.656,14908700.0
249.656,14908700.0
249.656,14908600.0
249.656,14908600.0
249.656,14908600.0
249.656,14908600.0
249.656,14908600.0
249.656,14908500.0
249.656,14908500.0
249.656,14908500.0
249.656,14908500.0
249.656,14908500.0
249.656,14908500.0
249.656,14908500.0
249.656,14908400.0
249.656,14908400.0
249.656,14908400.0
249.656,14908400.0
249.656,14908400.0
249.656,14908400.0
249.656,14908300.0
249.656,14908300.0
249.656,14908300.0
249.656,14908300.0
249.656,14908300.0
249.656,14908300.0
249.656,14908300.0
249.656,14908200.0
249.656,14908200.0
249.656,14908200.0
249.656,14908200.0
249.656,14908200.0
249.656,14908200.0
249.656,14908200.0
249.656,14908200.0
249.656,14908200.0
249.656,14908200.0
249.656,14908200.0
249.656,14908200.0
249.656,14908100.0
249.656,14908100.0
249.656,14908100.0
249.656,14908100.0
249.656,14908100.0
249.656,14908100.0
249.656,14908100.0
249.656,14908100.0
249.656,14908100.0
249.656,14908100.0
249.656,14908100.0
249.656,14908100.0
249.656,14908000.0
249.656,14908000.0
249.656,14908000.0
249.656,14908000.0
249.656,14908000.0
249.656,14908000.0
249.656,14908000.0
249.656,14908000.0
249.656,14908000.0
249.656,14907900.0
249.656,14907900.0
249.656,14907900.0
249.656,14924600.0
249.656,14909400.0
249.656,14907900.0
249.656,14907800.0
249.656,14908000.0
249.656,14907800.0
249.656,14907800.0
249.656,15241700.0
249.656,14909000.0
249.656,14907800.0
249.656,14907700.0
249.656,14907600.0
249.656,14907400.0
249.656,14907300.0
249.656,14907200.0
249.656,14907300.0
249.656,14907000.0
249.656,19434300.0
249.656,14930000.0
249.656,14907000.0
249.656,50264400.0
249.656,17260700.0
249.656,14995600.0
249.656,14907300.0
249.656,14906900.0
249.656,14906900.0
249.656,14906900.0
249.656,10116800000.0
249.656,689974000.0
249.656,15984100.0
249.656,14907700.0
249.656,14906800.0
249.656,14906900.0
249.656,14906700.0
249.656,14907400.0
249.656,14906800.0
249.656,14906700.0
249.656,14906600.0
254.721,14906400.0
254.721,14906700.0
254.721,14906300.0
254.721,14906800.0
254.721,14906400.0
254.721,14906300.0
254.721,14906300.0
254.721,14906200.0
254.721,14906800.0
254.721,14906200.0
254.721,15054800.0
254.721,14909400.0
254.721,14906100.0
254.721,14910000.0
254.721,14906300.0
254.721,14906100.0
254.721,598615000000.0
254.721,131312000000.0
254.721,41842700000.0
254.721,7338430000.0
254.721,160015000.0
254.721,16142600.0
254.721,14912500.0
254.721,14906100.0
254.721,14906000.0
254.721,14905900.0
254.721,14905800.0
254.721,14905800.0
254.721,14905800.0
254.721,14905700.0
254.721,14905700.0
254.721,14905600.0
254.721,14905600.0
254.721,14905600.0
254.721,14905500.0
254.721,14905500.0
254.721,14905500.0
254.721,14905500.0
254.721,14905500.0
254.721,14905500.0
254.721,14905400.0
254.721,14905400.0
254.721,14905400.0
254.721,14905500.0
254.721,14905400.0
254.721,14905400.0
254.721,14905400.0
254.721,14905400.0
254.721,14905400.0
254.721,14905400.0
254.721,14905400.0
254.721,14905400.0
254.721,14905400.0
254.721,14905400.0
254.721,14905400.0
254.721,14905400.0
254.721,14905400.0
254.721,14905400.0
254.721,14905400.0
254.721,14905400.0
254.721,14905400.0
254.721,14905400.0
254.721,14905400.0
254.721,14905400.0
254.721,14905400.0
254.721,14905400.0
254.721,14905400.0
254.721,14905300.0
254.721,14905300.0
254.721,14905300.0
254.721,14905300.0
254.721,14905300.0
254.721,14905300.0
254.721,14905300.0
254.721,14905300.0
254.721,14905300.0
254.721,14905300.0
254.721,14905300.0
254.721,14905300.0
254.721,14905300.0
254.721,14905300.0
254.721,14905300.0
254.721,14905300.0
254.721,14905300.0
254.721,14905300.0
254.721,14905300.0
254.721,14905300.0
254.721,14905300.0
254.721,14905300.0
254.721,14905300.0
254.721,14905200.0
254.721,14905200.0
254.721,14905200.0
254.721,14905200.0
254.721,14905200.0
254.721,14905200.0
254.721,14905200.0
254.721,14905200.0
254.721,14905200.0
254.721,14905200.0
254.721,14905200.0
254.721,14905200.0
254.721,14905200.0
254.721,14905200.0
254.721,14905200.0
254.721,14905200.0
254.721,14905200.0
254.721,14905200.0
254.721,14905200.0
254.721,14905200.0
254.721,14905200.0
254.721,14905200.0
254.721,14905200.0
254.721,14905100.0
254.721,14905100.0
254.721,14905100.0
254.721,14905100.0
254.721,14905100.0
254.721,14905100.0
254.721,14905100.0
254.721,14905100.0
254.721,14905000.0
254.721,14905000.0
254.721,14905000.0
254.721,14905000.0
254.721,14905000.0
254.721,14905000.0
254.721,14904900.0
254.721,14904900.0
254.721,14904900.0
254.721,14904900.0
254.721,14904900.0
254.721,14904900.0
254.721,14904900.0
254.721,14904800.0
254.721,14904800.0
254.721,14904800.0
254.721,14904800.0
254.721,14904800.0
254.721,14904800.0
254.721,14904700.0
254.721,14904800.0
254.721,14904700.0
254.721,14904700.0
254.721,14904700.0
254.721,14904700.0
254.721,14904600.0
254.721,14904600.0
254.721,14904600.0
254.721,14904600.0
254.721,14904600.0
254.721,14904600.0
254.721,14904600.0
254.721,14904600.0
254.721,14904500.0
254.721,14904500.0
254.721,14904500.0
254.721,14904500.0
254.721,14904500.0
254.721,14904500.0
254.721,14904500.0
254.721,14904500.0
254.721,14904500.0
254.721,14904500.0
254.721,14904500.0
254.721,14904700.0
254.721,14904500.0
254.721,14905200.0
254.721,14904600.0
254.721,14904500.0
254.721,14904500.0
254.721,14904500.0
254.721,14904400.0
254.721,14904400.0
254.721,14904400.0
254.721,14904400.0
254.721,14904400.0
254.721,14904400.0
254.721,14904400.0
259.781,14904400.0
259.781,14904300.0
259.781,14904300.0
259.781,14904300.0
259.781,14904300.0
259.781,14904300.0
259.781,14904300.0
259.781,14904300.0
259.781,14904300.0
259.781,14904300.0
259.781,14904300.0
259.781,14904300.0
259.781,14904300.0
259.781,14904300.0
259.781,14904300.0
259.781,14904300.0
259.781,14904300.0
259.781,14904200.0
259.781,14904200.0
259.781,14904200.0
259.781,14904200.0
259.781,14904200.0
259.781,14904200.0
259.781,14904200.0
259.781,14904200.0
259.781,14904200.0
259.781,14904200.0
259.781,14904200.0
259.781,14904200.0
259.781,14904200.0
259.781,14904200.0
259.781,14904200.0
259.781,14904200.0
259.781,14904200.0
259.781,14904200.0
259.781,14904200.0
259.781,14904200.0
259.781,14904100.0
259.781,14904100.0
259.781,14904100.0
259.781,14904100.0
259.781,14904100.0
259.781,14904100.0
259.781,14904100.0
259.781,14904100.0
259.781,14904100.0
259.781,14904100.0
259.781,14904100.0
259.781,14904100.0
259.781,14904100.0
259.781,14904000.0
259.781,14904000.0
259.781,14904000.0
259.781,14904000.0
259.781,14904000.0
259.781,14904000.0
259.781,14904200.0
259.781,14904000.0
259.781,14904600.0
259.781,14904000.0
259.781,14904000.0
259.781,14903900.0
259.781,14903900.0
259.781,14903900.0
259.781,14903900.0
259.781,14903900.0
259.781,14903900.0
259.781,14903900.0
259.781,14903800.0
259.781,14903800.0
259.781,14903800.0
259.781,14903800.0
259.781,14903800.0
259.781,14903800.0
259.781,14903800.0
259.781,14903700.0
259.781,14903700.0
259.781,14903700.0
259.781,14903700.0
259.781,14903700.0
259.781,14903700.0
259.781,14903700.0
259.781,14903700.0
259.781,14903700.0
259.781,14903600.0
259.781,14903600.0
259.781,14903600.0
259.781,14903600.0
259.781,14903600.0
259.781,14903600.0
259.781,14903600.0
259.781,14903600.0
259.781,14903600.0
259.781,14903600.0
259.781,14903500.0
259.781,14903500.0
259.781,14903500.0
259.781,14903500.0
259.781,14903500.0
259.781,14903500.0
259.781,14903500.0
259.781,14903500.0
259.781,14903500.0
259.781,14903500.0
259.781,14903500.0
259.781,14903500.0
259.781,14903500.0
259.781,14903500.0
259.781,14903500.0
259.781,14903500.0
259.781,14903500.0
259.781,14903500.0
259.781,14903500.0
259.781,14903500.0
259.781,14903500.0
259.781,14903500.0
259.781,14903500.0
259.781,14903400.0
259.781,14903400.0
259.781,14903400.0
259.781,14903400.0
259.781,14903400.0
259.781,14903400.0
259.781,14903400.0
259.781,14903400.0
259.781,14903400.0
259.781,14903400.0
259.781,14903400.0
259.781,14903400.0
259.781,14903400.0
259.781,14903400.0
259.781,14903400.0
259.781,14903400.0
259.781,14903400.0
259.781,14903400.0
259.781,14903400.0
259.781,14903300.0
259.781,14903300.0
259.781,14903300.0
259.781,14903300.0
259.781,14903300.0
259.781,14903300.0
259.781,14903300.0
259.781,14903300.0
259.781,14903300.0
259.781,14903300.0
259.781,14903300.0
259.781,14903300.0
259.781,14903200.0
259.781,14903200.0
259.781,14903200.0
259.781,14903200.0
259.781,14903200.0
259.781,14903200.0
259.781,14903200.0
259.781,14903200.0
259.781,14903200.0
259.781,14903200.0
259.781,14903200.0
259.781,14903200.0
259.781,14903200.0
259.781,14903200.0
259.781,14903200.0
259.781,14903200.0
259.781,14903200.0
259.781,14903200.0
259.781,14903200.0
259.781,14903200.0
259.781,14903200.0
259.781,14903200.0
259.781,14903100.0
259.781,14903100.0
259.781,14903100.0
259.781,14903100.0
259.781,14903100.0
259.781,14903100.0
259.781,14903100.0
259.781,14903000.0
259.781,14903000.0
259.781,14903000.0
259.781,14903000.0
264.851,14903000.0
264.851,14903000.0
264.851,14902900.0
264.851,14902900.0
264.851,14902900.0
264.851,14902900.0
264.851,14902900.0
264.851,14902900.0
264.851,14902900.0
264.851,14902800.0
264.851,14902800.0
264.851,14902800.0
264.851,14902800.0
264.851,14902800.0
264.851,14902800.0
264.851,14902800.0
264.851,14902800.0
264.851,14902700.0
264.851,14902700.0
264.851,14902700.0
264.851,14902700.0
264.851,14902700.0
264.851,14902700.0
264.851,14902700.0
264.851,14902700.0
264.851,14902700.0
264.851,14902700.0
264.851,14902700.0
264.851,14902600.0
264.851,14902600.0
264.851,14902600.0
264.851,14902600.0
264.851,14902600.0
264.851,14902600.0
264.851,14902600.0
264.851,14902600.0
264.851,14902600.0
264.851,14902600.0
264.851,14902600.0
264.851,14913100.0
264.851,14902900.0
264.851,14902600.0
264.851,14994700.0
264.851,14911500.0
264.851,14903500.0
264.851,14902700.0
264.851,14902600.0
264.851,14902600.0
264.851,14902600.0
264.851,14902600.0
264.851,14902600.0
264.851,14902600.0
264.851,14902600.0
264.851,14902600.0
264.851,14902600.0
264.851,14902600.0
264.851,14902600.0
264.851,14902600.0
264.851,14902600.0
264.851,14902600.0
264.851,14902500.0
264.851,14902500.0
264.851,14902500.0
264.851,14902500.0
264.851,14902500.0
264.851,14902500.0
264.851,14902500.0
264.851,14902500.0
264.851,14902500.0
264.851,14902500.0
264.851,14902500.0
264.851,14902500.0
264.851,14902500.0
264.851,14902500.0
264.851,14902500.0
264.851,14902500.0
264.851,14902500.0
264.851,14902500.0
264.851,14902500.0
264.851,14902500.0
264.851,14902500.0
264.851,14902500.0
264.851,14902500.0
264.851,14902500.0
264.851,14902500.0
264.851,14902500.0
264.851,14902500.0
264.851,14902500.0
264.851,14902500.0
264.851,14902500.0
264.851,14902500.0
264.851,14902500.0
264.851,14902400.0
264.851,14902400.0
264.851,14902400.0
264.851,14902400.0
264.851,14902400.0
264.851,14902400.0
264.851,14902400.0
264.851,14902400.0
264.851,14902400.0
264.851,14902400.0
264.851,14902400.0
264.851,14902400.0
264.851,14902400.0
264.851,14902400.0
264.851,14902400.0
264.851,14902400.0
264.851,14902400.0
264.851,14902400.0
264.851,14902400.0
264.851,14902400.0
264.851,14902400.0
264.851,14902300.0
264.851,14902300.0
264.851,14902300.0
264.851,14902300.0
264.851,14902300.0
264.851,14902300.0
264.851,14902300.0
264.851,14902300.0
264.851,14902300.0
264.851,14902300.0
264.851,14902300.0
264.851,14902300.0
264.851,14902200.0
264.851,14902300.0
264.851,14902200.0
264.851,14902200.0
264.851,14902200.0
264.851,14902200.0
264.851,14902200.0
264.851,14902100.0
264.851,14902200.0
264.851,14902100.0
264.851,14902100.0
264.851,14902100.0
264.851,14902000.0
264.851,14916300.0
264.851,14902000.0
264.851,16752900.0
264.851,14957000.0
264.851,14902000.0
264.851,14902000.0
264.851,158305000.0
264.851,26782200.0
264.851,15691700.0
264.851,14946200.0
264.851,14903300.0
264.851,14902000.0
264.851,14902100.0
264.851,14902000.0
264.851,14902000.0
264.851,14902000.0
264.851,14901900.0
264.851,14901900.0
264.851,14901900.0
264.851,14901900.0
264.851,14901800.0
264.851,14901800.0
264.851,14901700.0
264.851,14902800.0
264.851,14901600.0
264.851,14901600.0
264.851,14901500.0
264.851,14901400.0
264.851,14901300.0
264.851,14901300.0
264.851,14901200.0
264.851,14901200.0
264.851,14901100.0
264.851,14901100.0
264.851,14901100.0
264.851,14901100.0
264.851,14901000.0
264.851,14901200.0
264.851,14901000.0
264.851,14901000.0
264.851,14901000.0
264.851,14901000.0
264.851,14900900.0
269.913,14900900.0
269.913,14900900.0
269.913,14900900.0
269.913,14900800.0
269.913,14900800.0
269.913,14900800.0
269.913,14900800.0
269.913,14900800.0
269.913,14900800.0
269.913,14900700.0
269.913,14900700.0
269.913,14900700.0
269.913,14900700.0
269.913,14900700.0
269.913,14900700.0
269.913,14900700.0
269.913,14900700.0
269.913,14900600.0
269.913,14900600.0
269.913,14900600.0
269.913,14900600.0
269.913,14900600.0
269.913,14900600.0
269.913,14900600.0
269.913,14900600.0
269.913,14900600.0
269.913,14900600.0
269.913,14900600.0
269.913,14900600.0
269.913,14900600.0
269.913,14900600.0
269.913,14900600.0
269.913,14900600.0
269.913,14900600.0
269.913,14900600.0
269.913,14900600.0
269.913,14900600.0
269.913,14900500.0
269.913,14900500.0
269.913,14900500.0
269.913,14900500.0
269.913,14900500.0
269.913,14900500.0
269.913,14900500.0
269.913,14900500.0
269.913,14900500.0
269.913,14900500.0
269.913,14900500.0
269.913,14900500.0
269.913,14900500.0
269.913,14900500.0
269.913,14900500.0
269.913,14900500.0
269.913,14900500.0
269.913,14900500.0
269.913,14900500.0
269.913,14900500.0
269.913,14900500.0
269.913,14900500.0
269.913,14900500.0
269.913,14900500.0
269.913,14900500.0
269.913,14900500.0
269.913,14900500.0
269.913,14900500.0
269.913,14900500.0
269.913,14900500.0
269.913,14900500.0
269.913,14900500.0
269.913,14900500.0
269.913,14900500.0
269.913,14900500.0
269.913,14900500.0
269.913,14900400.0
269.913,14900400.0
269.913,14900400.0
269.913,14900400.0
269.913,14900400.0
269.913,14900400.0
269.913,14900400.0
269.913,14900400.0
269.913,14900400.0
269.913,14900400.0
269.913,14900300.0
269.913,14900400.0
269.913,14900300.0
269.913,14900500.0
269.913,14900300.0
269.913,14900300.0
269.913,14900300.0
269.913,14900300.0
269.913,14900300.0
269.913,14900300.0
269.913,14900300.0
269.913,14900300.0
269.913,14900200.0
269.913,14900200.0
269.913,14900200.0
269.913,14900200.0
269.913,14900200.0
269.913,14900200.0
269.913,14900100.0
269.913,14900100.0
269.913,14900100.0
269.913,14900100.0
269.913,14900100.0
269.913,14900100.0
269.913,14900100.0
269.913,14900100.0
269.913,14900000.0
269.913,14900000.0
269.913,14900000.0
269.913,14900000.0
269.913,14900000.0
269.913,14900000.0
269.913,14900000.0
269.913,14900000.0
269.913,14900000.0
269.913,14900000.0
269.913,14900000.0
269.913,14900000.0
269.913,14899900.0
269.913,14899900.0
269.913,14899900.0
269.913,14899900.0
269.913,14899900.0
269.913,14899900.0
269.913,14899900.0
269.913,14899900.0
269.913,14899900.0
269.913,14899900.0
269.913,14899900.0
269.913,14899800.0
269.913,14899800.0
269.913,14899900.0
269.913,14899800.0
269.913,14899800.0
269.913,14899800.0
269.913,14899800.0
269.913,14899800.0
269.913,14899800.0
269.913,14899800.0
269.913,14899800.0
269.913,14899800.0
269.913,14899800.0
269.913,14899800.0
269.913,14899800.0
269.913,14899800.0
269.913,14899700.0
269.913,14899700.0
269.913,14899700.0
269.913,14899700.0
269.913,14900400.0
269.913,14899700.0
269.913,14899700.0
269.913,14899800.0
269.913,14899800.0
269.913,14899700.0
269.913,14899700.0
269.913,14899700.0
269.913,14899700.0
269.913,14899700.0
269.913,14899700.0
269.913,14899700.0
269.913,14899700.0
269.913,14900900.0
269.913,14899900.0
269.913,14899700.0
269.913,14899700.0
269.913,14899700.0
269.913,14899700.0
269.913,14899700.0
269.913,14899700.0
269.913,14899700.0
269.913,14899600.0
269.913,14899600.0
269.913,14899600.0
269.913,14899600.0
269.913,14899600.0
274.978,14899600.0
274.978,14899600.0
274.978,14899600.0
274.978,14899600.0
274.978,14899600.0
274.978,14899600.0
274.978,14899600.0
274.978,14899600.0
274.978,14899600.0
274.978,14899600.0
274.978,14899600.0
274.978,14899600.0
274.978,14899600.0
274.978,14899600.0
274.978,14899600.0
274.978,14899600.0
274.978,14899600.0
274.978,14899600.0
274.978,14899600.0
274.978,14899600.0
274.978,14899500.0
274.978,14899500.0
274.978,14899500.0
274.978,14899500.0
274.978,14899500.0
274.978,14899500.0
274.978,14899500.0
274.978,14899500.0
274.978,14899500.0
274.978,14899500.0
274.978,14899500.0
274.978,14899400.0
274.978,14899600.0
274.978,14899500.0
274.978,14899400.0
274.978,14899400.0
274.978,14899400.0
274.978,14899400.0
274.978,14899300.0
274.978,14899300.0
274.978,14899300.0
274.978,14899300.0
274.978,14899300.0
274.978,14899300.0
274.978,14899300.0
274.978,14899300.0
274.978,14899300.0
274.978,14899200.0
274.978,14899200.0
274.978,14899200.0
274.978,14899200.0
274.978,14899200.0
274.978,14899200.0
274.978,14899200.0
274.978,14899200.0
274.978,14899200.0
274.978,14899100.0
274.978,14899100.0
274.978,14899100.0
274.978,14899100.0
274.978,14899100.0
274.978,14899100.0
274.978,14899100.0
274.978,14899100.0
274.978,14899000.0
274.978,14899000.0
274.978,14899000.0
274.978,14899000.0
274.978,14899000.0
274.978,14899000.0
274.978,14899000.0
274.978,14899000.0
274.978,14898900.0
274.978,14898900.0
274.978,14898900.0
274.978,14898900.0
274.978,14898800.0
274.978,14898800.0
274.978,14898800.0
274.978,14898800.0
274.978,14898800.0
274.978,14898800.0
274.978,14898800.0
274.978,14898800.0
274.978,14898800.0
274.978,14898800.0
274.978,14898700.0
274.978,14898700.0
274.978,14898700.0
274.978,14898700.0
274.978,14898700.0
274.978,14898700.0
274.978,14899900.0
274.978,14898900.0
274.978,14898700.0
274.978,14898700.0
274.978,14898700.0
274.978,14898700.0
274.978,14898700.0
274.978,14898600.0
274.978,14898600.0
274.978,14898600.0
274.978,14898500.0
274.978,14898500.0
274.978,14898500.0
274.978,14898500.0
274.978,14898500.0
274.978,14898500.0
274.978,14898500.0
274.978,14898500.0
274.978,14898400.0
274.978,14898400.0
274.978,14898400.0
274.978,14898400.0
274.978,14898400.0
274.978,14898400.0
274.978,14898400.0
274.978,14898400.0
274.978,14898400.0
274.978,14898400.0
274.978,14898400.0
274.978,14898400.0
274.978,14898400.0
274.978,14898400.0
274.978,14898400.0
274.978,14898400.0
274.978,14898300.0
274.978,14898300.0
274.978,14898300.0
274.978,14898300.0
274.978,14898300.0
274.978,14898300.0
274.978,14898300.0
274.978,14898300.0
274.978,14898300.0
274.978,14898300.0
274.978,14898300.0
274.978,14898300.0
274.978,14898300.0
274.978,14898300.0
274.978,14898300.0
274.978,14898300.0
274.978,14898200.0
274.978,14898200.0
274.978,14898200.0
274.978,14898200.0
274.978,14898200.0
274.978,14898200.0
274.978,14898200.0
274.978,14898200.0
274.978,14898200.0
274.978,14898200.0
274.978,14898200.0
274.978,14898200.0
274.978,14898100.0
274.978,14898100.0
274.978,14898100.0
274.978,14898100.0
274.978,14898100.0
274.978,14898100.0
274.978,14898100.0
274.978,14898100.0
274.978,14898000.0
274.978,14898000.0
274.978,14898000.0
274.978,14898000.0
274.978,14898000.0
274.978,14898000.0
274.978,14898000.0
274.978,14898000.0
274.978,14898000.0
274.978,14898000.0
274.978,14898000.0
274.978,14898000.0
274.978,14897900.0
274.978,14897900.0
274.978,14897900.0
274.978,14897900.0
274.978,14897900.0
274.978,14897900.0
274.978,14897900.0
274.978,14897900.0
280.21,14897900.0
280.21,14897900.0
280.21,14897900.0
280.21,14897900.0
280.21,14897900.0
280.21,14897900.0
280.21,14897900.0
280.21,14897900.0
280.21,14897900.0
280.21,14897900.0
280.21,14897900.0
280.21,14897900.0
280.21,14897900.0
280.21,14897900.0
280.21,14897900.0
280.21,14898900.0
280.21,14898000.0
280.21,14897900.0
280.21,14897900.0
280.21,14897900.0
280.21,14897900.0
280.21,14897900.0
280.21,14897800.0
280.21,14897800.0
280.21,14897800.0
280.21,14897800.0
280.21,14897800.0
280.21,14897800.0
280.21,14897800.0
280.21,14897800.0
280.21,14897700.0
280.21,14897700.0
280.21,14897700.0
280.21,14897700.0
280.21,14897700.0
280.21,14897700.0
280.21,14897700.0
280.21,14897600.0
280.21,14897600.0
280.21,14897600.0
280.21,14897600.0
280.21,14897600.0
280.21,14897600.0
280.21,14897600.0
280.21,14897500.0
280.21,14897500.0
280.21,14897500.0
280.21,14897500.0
280.21,14897500.0
280.21,14897500.0
280.21,14897500.0
280.21,14897400.0
280.21,14897400.0
280.21,14897300.0
280.21,14897300.0
280.21,14897300.0
280.21,14897200.0
280.21,14897200.0
280.21,14897200.0
280.21,14897100.0
280.21,14897100.0
280.21,14897100.0
280.21,14897100.0
280.21,14897100.0
280.21,14897100.0
280.21,14897100.0
280.21,14897100.0
280.21,14897000.0
280.21,14897000.0
280.21,14897000.0
280.21,14897000.0
280.21,14897000.0
280.21,14897000.0
280.21,14897000.0
280.21,14897000.0
280.21,14897000.0
280.21,14897000.0
280.21,14897000.0
280.21,14897000.0
280.21,14896900.0
280.21,14896900.0
280.21,14896900.0
280.21,14896900.0
280.21,14896900.0
280.21,14896900.0
280.21,14896900.0
280.21,14896800.0
280.21,14896800.0
280.21,14896800.0
280.21,14896800.0
280.21,14896800.0
280.21,14896800.0
280.21,14896800.0
280.21,14896700.0
280.21,14896700.0
280.21,14896700.0
280.21,14896700.0
280.21,14896700.0
280.21,14896600.0
280.21,14896600.0
280.21,14896600.0
280.21,14896600.0
280.21,14896600.0
280.21,14896600.0
280.21,14896500.0
280.21,14896500.0
280.21,14896500.0
280.21,14896500.0
280.21,14896500.0
280.21,14901700.0
280.21,14896600.0
280.21,14896500.0
280.21,14896500.0
280.21,14896500.0
280.21,14900000.0
280.21,14897300.0
280.21,14896700.0
280.21,14896500.0
280.21,14896500.0
280.21,14896500.0
280.21,14896400.0
280.21,14896400.0
280.21,14896400.0
280.21,14896400.0
280.21,14896400.0
280.21,14896400.0
280.21,14896400.0
280.21,14896400.0
280.21,14896400.0
280.21,14896400.0
280.21,14896400.0
280.21,14896400.0
280.21,14896400.0
280.21,14896400.0
280.21,14896400.0
280.21,14896300.0
280.21,14896300.0
280.21,14896300.0
280.21,14896300.0
280.21,14896300.0
280.21,14896300.0
280.21,14896300.0
280.21,14896300.0
280.21,14896300.0
280.21,14896300.0
280.21,14896300.0
280.21,14896300.0
280.21,14896300.0
280.21,14896300.0
280.21,14896300.0
280.21,14896300.0
280.21,14896300.0
280.21,14896200.0
280.21,14896200.0
280.21,14896200.0
280.21,14896200.0
280.21,14896200.0
280.21,14896200.0
280.21,14896200.0
280.21,14896200.0
280.21,14896200.0
280.21,14896200.0
280.21,14896200.0
280.21,14896200.0
280.21,14896200.0
280.21,14896200.0
280.21,14896200.0
280.21,14896200.0
280.21,14896100.0
280.21,14896100.0
280.21,14896100.0
280.21,14896100.0
280.21,14896100.0
280.21,14896100.0
280.21,14896100.0
280.21,14896100.0
280.21,14896100.0
280.21,14896100.0
280.21,14896100.0
280.21,14896100.0
280.21,14896100.0
280.21,14896100.0
280.21,14896100.0
280.21,14896100.0
280.21,14896100.0
280.21,14896000.0
285.271,14896000.0
285.271,14896000.0
285.271,14896000.0
285.271,14896000.0
285.271,14896000.0
285.271,14896000.0
285.271,14896000.0
285.271,14896000.0
285.271,14896000.0
285.271,14896000.0
285.271,14896000.0
285.271,14896000.0
285.271,14896000.0
285.271,14896000.0
285.271,14896000.0
285.271,14896000.0
285.271,14895900.0
285.271,14895900.0
285.271,14895900.0
285.271,14895900.0
285.271,14895900.0
285.271,14895900.0
285.271,14895900.0
285.271,14895900.0
285.271,14895900.0
285.271,14895900.0
285.271,14895900.0
285.271,14895900.0
285.271,14895900.0
285.271,14895900.0
285.271,14895900.0
285.271,14895900.0
285.271,14895900.0
285.271,14895900.0
285.271,14895800.0
285.271,14895800.0
285.271,14895800.0
285.271,14895800.0
285.271,14895800.0
285.271,14895800.0
285.271,14895800.0
285.271,14895800.0
285.271,14895800.0
285.271,14895800.0
285.271,14895800.0
285.271,14895800.0
285.271,14895800.0
285.271,14895800.0
285.271,14895800.0
285.271,14895800.0
285.271,14895800.0
285.271,14895800.0
285.271,14895800.0
285.271,14895800.0
285.271,14895800.0
285.271,14895700.0
285.271,14895700.0
285.271,14895700.0
285.271,14895700.0
285.271,14895700.0
285.271,14895700.0
285.271,14895700.0
285.271,14895700.0
285.271,14895700.0
285.271,14895600.0
285.271,14895600.0
285.271,14895600.0
285.271,14895500.0
285.271,14895500.0
285.271,14895500.0
285.271,14895500.0
285.271,14895400.0
285.271,14904700.0
285.271,14895400.0
285.271,72423400000.0
285.271,21134900000.0
285.271,14896300.0
285.271,14895600.0
285.271,14895400.0
285.271,14895400.0
285.271,14895400.0
285.271,14895300.0
285.271,14895300.0
285.271,14895300.0
285.271,14895200.0
285.271,14895200.0
285.271,14895200.0
285.271,14895200.0
285.271,14895200.0
285.271,14895200.0
285.271,14895200.0
285.271,14895200.0
285.271,14895200.0
285.271,14895200.0
285.271,14895100.0
285.271,14895100.0
285.271,14895100.0
285.271,14895100.0
285.271,14895100.0
285.271,14895100.0
285.271,14895000.0
285.271,14895000.0
285.271,14895000.0
285.271,14895000.0
285.271,14895000.0
285.271,14895000.0
285.271,14895000.0
285.271,14895000.0
285.271,14895000.0
285.271,14894900.0
285.271,14894900.0
285.271,14894900.0
285.271,14894900.0
285.271,14894900.0
285.271,14894900.0
285.271,14894900.0
285.271,14894900.0
285.271,14894900.0
285.271,14894900.0
285.271,14894800.0
285.271,26219600.0
285.271,15345500.0
285.271,14903600.0
285.271,14894800.0
285.271,14895500.0
285.271,14894900.0
285.271,14894800.0
285.271,14894900.0
285.271,14894800.0
285.271,14894800.0
285.271,1416180000.0
285.271,106799000.0
285.271,17755000.0
285.271,14904100.0
285.271,14894800.0
285.271,14894800.0
285.271,14894800.0
285.271,14894800.0
285.271,14894800.0
285.271,14894800.0
285.271,14894800.0
285.271,14894700.0
285.271,14894900.0
285.271,14894700.0
285.271,14897800.0
285.271,14894900.0
285.271,14894700.0
285.271,14901900.0
285.271,14895800.0
285.271,14894900.0
285.271,14894700.0
285.271,14894700.0
285.271,14894700.0
285.271,14894700.0
285.271,14894700.0
285.271,14894700.0
285.271,14894700.0
285.271,14894700.0
285.271,14894700.0
285.271,14894700.0
285.271,14894600.0
285.271,14894600.0
285.271,14894600.0
285.271,14894600.0
285.271,14894600.0
285.271,14894600.0
285.271,14894600.0
285.271,14895700.0
285.271,14894800.0
285.271,14894600.0
285.271,14894600.0
285.271,14894600.0
285.271,14894600.0
285.271,14894600.0
285.271,14894600.0
285.271,14894600.0
285.271,14894600.0
285.271,14896600.0
285.271,14894600.0
285.271,14972000.0
285.271,14902300.0
290.337,14895300.0
290.337,14894600.0
290.337,14894600.0
290.337,14894600.0
290.337,14894600.0
290.337,14894600.0
290.337,14894500.0
290.337,14894600.0
290.337,14894600.0
290.337,14894500.0
290.337,14894500.0
290.337,14894500.0
290.337,14894500.0
290.337,14894500.0
290.337,14894500.0
290.337,14894500.0
290.337,14894500.0
290.337,14894500.0
290.337,14894500.0
290.337,14894500.0
290.337,14894500.0
290.337,14894500.0
290.337,14894500.0
290.337,14894400.0
290.337,14894400.0
290.337,14894400.0
290.337,14894400.0
290.337,14894400.0
290.337,14894400.0
290.337,14894300.0
290.337,14894300.0
290.337,14894300.0
290.337,14894300.0
290.337,14894300.0
290.337,14894300.0
290.337,14894300.0
290.337,14894300.0
290.337,14894300.0
290.337,14894300.0
290.337,14894300.0
290.337,14894300.0
290.337,14894300.0
290.337,14894300.0
290.337,14894300.0
290.337,14894200.0
290.337,14894200.0
290.337,14894200.0
290.337,14894200.0
290.337,14894200.0
290.337,14894200.0
290.337,14894200.0
290.337,14894200.0
290.337,14894200.0
290.337,14894200.0
290.337,14894100.0
290.337,14894100.0
290.337,14894100.0
290.337,14894200.0
290.337,14894100.0
290.337,14894100.0
290.337,14894100.0
290.337,14894100.0
290.337,14894100.0
290.337,14894100.0
290.337,14894100.0
290.337,14894100.0
290.337,14894100.0
290.337,14894100.0
290.337,14894100.0
290.337,14894000.0
290.337,14894000.0
290.337,14894000.0
290.337,14894000.0
290.337,14894000.0
290.337,14894000.0
290.337,14893900.0
290.337,14894000.0
290.337,14893900.0
290.337,14894100.0
290.337,14894000.0
290.337,14893900.0
290.337,14893900.0
290.337,14893900.0
290.337,14893900.0
290.337,14893900.0
290.337,14893800.0
290.337,14893800.0
290.337,14893800.0
290.337,14893800.0
290.337,14893800.0
290.337,14893800.0
290.337,14893800.0
290.337,14893900.0
290.337,14893800.0
290.337,14893800.0
290.337,14893800.0
290.337,14893800.0
290.337,14893800.0
290.337,14893800.0
290.337,14893800.0
290.337,14893700.0
290.337,14893700.0
290.337,14893700.0
290.337,14893700.0
290.337,14893700.0
290.337,14893600.0
290.337,14893600.0
290.337,14893600.0
290.337,14893600.0
290.337,14893600.0
290.337,14893500.0
290.337,14893500.0
290.337,14893500.0
290.337,14893400.0
290.337,14893400.0
290.337,14893300.0
290.337,14893300.0
290.337,14893200.0
290.337,14893200.0
290.337,14893100.0
290.337,14893700.0
290.337,14893100.0
290.337,14893100.0
290.337,14893100.0
290.337,14893100.0
290.337,14893000.0
290.337,14893000.0
290.337,14893000.0
290.337,14892900.0
290.337,14892900.0
290.337,14892900.0
290.337,14892800.0
290.337,14892800.0
290.337,14892800.0
290.337,14892800.0
290.337,14892700.0
290.337,14892800.0
290.337,14892700.0
290.337,14892700.0
290.337,14892700.0
290.337,14892700.0
290.337,14892700.0
290.337,14892700.0
290.337,14892700.0
290.337,14892700.0
290.337,14892600.0
290.337,14892700.0
290.337,14892600.0
290.337,14892600.0
290.337,14892700.0
290.337,14892600.0
290.337,14892600.0
290.337,14892600.0
290.337,14892600.0
290.337,14892600.0
290.337,14892600.0
290.337,14892600.0
290.337,14892600.0
290.337,14892600.0
290.337,14892600.0
290.337,14892500.0
290.337,14892600.0
290.337,14892500.0
290.337,14892500.0
290.337,14892500.0
290.337,14892500.0
290.337,14892500.0
290.337,14892500.0
290.337,14892500.0
290.337,14892500.0
290.337,14892500.0
290.337,14892500.0
290.337,14892500.0
290.337,14892500.0
290.337,14892500.0
290.337,14892500.0
290.337,14892500.0
290.337,14892500.0
290.337,14892500.0
290.337,14892400.0
295.406,14892400.0
295.406,14892400.0
295.406,14892400.0
295.406,14892400.0
295.406,14892400.0
295.406,14892400.0
295.406,14892400.0
295.406,14892400.0
295.406,14892400.0
295.406,14892400.0
295.406,14892400.0
295.406,14892400.0
295.406,14892400.0
295.406,14892400.0
295.406,14892400.0
295.406,14892400.0
295.406,14892400.0
295.406,14892300.0
295.406,14892300.0
295.406,14892300.0
295.406,14892300.0
295.406,14892300.0
295.406,14892300.0
295.406,14892300.0
295.406,14892300.0
295.406,14892300.0
295.406,14892300.0
295.406,14892300.0
295.406,14892300.0
295.406,14892200.0
295.406,14892200.0
295.406,14892200.0
295.406,14892200.0
295.406,14892200.0
295.406,14892200.0
295.406,14892200.0
295.406,14892200.0
295.406,14892200.0
295.406,14892200.0
295.406,14892200.0
295.406,14892200.0
295.406,14892200.0
295.406,14892200.0
295.406,14892100.0
295.406,14892100.0
295.406,14892100.0
295.406,14892100.0
295.406,14892100.0
295.406,14892100.0
295.406,14892100.0
295.406,14892100.0
295.406,14892100.0
295.406,14892100.0
295.406,14892100.0
295.406,14892000.0
295.406,14892000.0
295.406,14892000.0
295.406,14892000.0
295.406,14892000.0
295.406,14892000.0
295.406,14892000.0
295.406,14892000.0
295.406,14892200.0
295.406,14892000.0
295.406,14892800.0
295.406,14892200.0
295.406,14892100.0
295.406,14892000.0
295.406,14892000.0
295.406,14892000.0
295.406,14892000.0
295.406,14892000.0
295.406,14892000.0
295.406,14892000.0
295.406,14892000.0
295.406,14892000.0
295.406,14892000.0
295.406,14892000.0
295.406,14891900.0
295.406,14891900.0
295.406,14892100.0
295.406,14891900.0
295.406,14891900.0
295.406,14891900.0
295.406,14891900.0
295.406,14891900.0
295.406,14891900.0
295.406,14891900.0
295.406,14891900.0
295.406,14891900.0
295.406,14891800.0
295.406,14891800.0
295.406,14891800.0
295.406,14892300.0
295.406,14891900.0
295.406,14891800.0
295.406,14891800.0
295.406,14891800.0
295.406,14891800.0
295.406,14891800.0
295.406,14891800.0
295.406,14891800.0
295.406,14891800.0
295.406,14891800.0
295.406,14891800.0
295.406,14891800.0
295.406,14891700.0
295.406,14891700.0
295.406,14891700.0
295.406,14891700.0
295.406,14891700.0
295.406,14891700.0
295.406,14891700.0
295.406,14891700.0
295.406,14891700.0
295.406,14891700.0
295.406,14891700.0
295.406,14891700.0
295.406,14891700.0
295.406,14891700.0
295.406,14891700.0
295.406,14891700.0
295.406,14891700.0
295.406,14891700.0
295.406,14891700.0
295.406,14891700.0
295.406,14891700.0
295.406,14891700.0
295.406,14891700.0
295.406,14891700.0
295.406,14891700.0
295.406,14891600.0
295.406,14891600.0
295.406,14891600.0
295.406,14891700.0
295.406,14891600.0
295.406,14891600.0
295.406,14891600.0
295.406,14891600.0
295.406,14891600.0
295.406,14891600.0
295.406,14891600.0
295.406,14891600.0
295.406,14891600.0
295.406,14891600.0
295.406,14891600.0
295.406,14891600.0
295.406,14891600.0
295.406,14891600.0
295.406,14891600.0
295.406,14891600.0
295.406,14891600.0
295.406,14891600.0
295.406,14891600.0
295.406,14891600.0
295.406,14891500.0
295.406,14891500.0
295.406,14891500.0
295.406,14891500.0
295.406,14891500.0
295.406,14891500.0
295.406,14891500.0
295.406,14891500.0
295.406,14891500.0
295.406,14891500.0
295.406,14891500.0
295.406,14891500.0
295.406,14891500.0
295.406,14891500.0
295.406,14891500.0
295.406,14891400.0
295.406,14891400.0
295.406,14891400.0
295.406,14891400.0
295.406,14891400.0
295.406,14891400.0
295.406,14891400.0
295.406,14891400.0
295.406,14891400.0
295.406,14891400.0
300.47,14891400.0
300.47,14891400.0
300.47,14891400.0
300.47,14891400.0
300.47,14891400.0
300.47,14891400.0
300.47,14891400.0
300.47,14891300.0
300.47,14891300.0
300.47,14891300.0
300.47,14891300.0
300.47,14891300.0
300.47,14891300.0
300.47,14891300.0
300.47,14891300.0
300.47,14891300.0
300.47,14891200.0
300.47,14891200.0
300.47,14891200.0
300.47,14891200.0
300.47,14891200.0
300.47,14891200.0
300.47,14891100.0
300.47,14891100.0
300.47,14891100.0
300.47,14891100.0
300.47,14891100.0
300.47,14891100.0
300.47,14891100.0
300.47,14891000.0
300.47,14891000.0
300.47,14891000.0
300.47,14891000.0
300.47,14891000.0
300.47,14891000.0
300.47,14891000.0
300.47,14890900.0
300.47,14890900.0
300.47,14890900.0
300.47,14890900.0
300.47,14890900.0
300.47,14890900.0
300.47,14890900.0
300.47,14890900.0
300.47,14890800.0
300.47,14890800.0
300.47,14890800.0
300.47,14890800.0
300.47,14890800.0
300.47,14890800.0
300.47,14890800.0
300.47,14890800.0
300.47,14890800.0
300.47,14890800.0
300.47,14890800.0
300.47,14890800.0
300.47,14915300.0
300.47,14891000.0
300.47,14890800.0
300.47,17114200.0
300.47,15071200.0
300.47,14903500.0
300.47,14891400.0
300.47,14890800.0
300.47,14890800.0
300.47,14890800.0
300.47,14891900.0
300.47,14890900.0
300.47,14890800.0
300.47,14890700.0
300.47,14890700.0
300.47,14890700.0
300.47,14890700.0
300.47,14890700.0
300.47,14890700.0
300.47,14890700.0
300.47,14890700.0
300.47,14890700.0
300.47,14890600.0
300.47,14890600.0
300.47,14890600.0
300.47,14890600.0
300.47,14890600.0
300.47,14890600.0
300.47,14890600.0
300.47,14890600.0
300.47,14890600.0
300.47,14890600.0
300.47,14890600.0
300.47,14890600.0
300.47,14890600.0
300.47,14890600.0
300.47,14890600.0
300.47,14890600.0
300.47,14890500.0
300.47,14890500.0
300.47,14890500.0
300.47,14890500.0
300.47,14890500.0
300.47,14890500.0
300.47,14890500.0
300.47,14890500.0
300.47,14890500.0
300.47,14890500.0
300.47,14890500.0
300.47,14890500.0
300.47,14890500.0
300.47,14890500.0
300.47,14890500.0
300.47,14890500.0
300.47,14890500.0
300.47,14890400.0
300.47,14890400.0
300.47,14890400.0
300.47,14890400.0
300.47,14890400.0
300.47,14890400.0
300.47,14890400.0
300.47,14890400.0
300.47,14890300.0
300.47,14890300.0
300.47,14890300.0
300.47,14890300.0
300.47,14890300.0
300.47,14890200.0
300.47,14890200.0
300.47,14890200.0
300.47,14890200.0
300.47,14890100.0
300.47,14890100.0
300.47,14890100.0
300.47,14892700.0
300.47,14890300.0
300.47,14890100.0
300.47,14890100.0
300.47,14890400.0
300.47,14890100.0
300.47,14890100.0
300.47,14890100.0
300.47,14890000.0
300.47,14890000.0
300.47,14890000.0
300.47,14890000.0
300.47,14890000.0
300.47,14890000.0
300.47,14890000.0
300.47,14890000.0
300.47,14890000.0
300.47,14890000.0
300.47,14890000.0
300.47,14890000.0
300.47,14889900.0
300.47,14889900.0
300.47,14889900.0
300.47,14889900.0
300.47,14889900.0
300.47,14889900.0
300.47,14889900.0
300.47,14889900.0
300.47,14889900.0
300.47,14889900.0
300.47,14889900.0
300.47,14889900.0
300.47,14889900.0
300.47,14889800.0
300.47,14889800.0
300.47,14889800.0
300.47,14889800.0
300.47,14889800.0
300.47,14889700.0
300.47,14889700.0
300.47,14889700.0
300.47,14889700.0
300.47,14889700.0
300.47,14889700.0
300.47,14889700.0
300.47,14889700.0
300.47,14889600.0
300.47,14889600.0
300.47,14889600.0
300.47,14889600.0
305.545,14889600.0
305.545,14889600.0
305.545,14889600.0
305.545,14889600.0
305.545,14889600.0
305.545,14889600.0
305.545,14889600.0
305.545,14889600.0
305.545,14889600.0
305.545,14889600.0
305.545,14889600.0
305.545,14889500.0
305.545,14889500.0
305.545,14889500.0
305.545,14889500.0
305.545,14889500.0
305.545,14889500.0
305.545,14889500.0
305.545,14889500.0
305.545,14889500.0
305.545,14889500.0
305.545,14889500.0
305.545,14889500.0
305.545,14889500.0
305.545,14889500.0
305.545,14889500.0
305.545,14889500.0
305.545,14889500.0
305.545,14889500.0
305.545,14889500.0
305.545,14889500.0
305.545,14889500.0
305.545,14889500.0
305.545,14889400.0
305.545,14889400.0
305.545,14889400.0
305.545,14889400.0
305.545,14889400.0
305.545,14889400.0
305.545,14889400.0
305.545,14889400.0
305.545,14889400.0
305.545,14889400.0
305.545,14889400.0
305.545,14889400.0
305.545,14889400.0
305.545,14889400.0
305.545,14889400.0
305.545,14889400.0
305.545,14889300.0
305.545,14889300.0
305.545,14889300.0
305.545,14889300.0
305.545,14889300.0
305.545,14889300.0
305.545,14889300.0
305.545,14889300.0
305.545,14889300.0
305.545,14889300.0
305.545,14889300.0
305.545,14889300.0
305.545,14889300.0
305.545,14889300.0
305.545,14889300.0
305.545,14889300.0
305.545,14889300.0
305.545,14889200.0
305.545,14889200.0
305.545,14889200.0
305.545,14889200.0
305.545,14889200.0
305.545,14889200.0
305.545,14889200.0
305.545,14889200.0
305.545,14889200.0
305.545,14889200.0
305.545,14889200.0
305.545,14889100.0
305.545,14889200.0
305.545,14889200.0
305.545,14889100.0
305.545,14889100.0
305.545,14889100.0
305.545,14889100.0
305.545,14889100.0
305.545,14889100.0
305.545,14889100.0
305.545,14889100.0
305.545,14889100.0
305.545,14889100.0
305.545,14889100.0
305.545,14889000.0
305.545,14889000.0
305.545,14889000.0
305.545,14889000.0
305.545,14889000.0
305.545,14889000.0
305.545,14889000.0
305.545,14888900.0
305.545,14888900.0
305.545,14888900.0
305.545,14888900.0
305.545,14888900.0
305.545,14888900.0
305.545,14888900.0
305.545,14888900.0
305.545,14888900.0
305.545,14888900.0
305.545,14889000.0
305.545,14888900.0
305.545,14888900.0
305.545,14888800.0
305.545,14888800.0
305.545,14888800.0
305.545,14888800.0
305.545,14888800.0
305.545,14888800.0
305.545,14888800.0
305.545,14888800.0
305.545,14888800.0
305.545,14888800.0
305.545,14888800.0
305.545,14888700.0
305.545,14888700.0
305.545,14888700.0
305.545,14888700.0
305.545,14888600.0
305.545,14888600.0
305.545,14888500.0
305.545,14888500.0
305.545,14888500.0
305.545,14888500.0
305.545,14888500.0
305.545,14888500.0
305.545,14888500.0
305.545,14888500.0
305.545,14888500.0
305.545,14888400.0
305.545,14888400.0
305.545,14888400.0
305.545,14888400.0
305.545,14888400.0
305.545,14888400.0
305.545,14888400.0
305.545,14888400.0
305.545,14888300.0
305.545,14888300.0
305.545,14888300.0
305.545,14888300.0
305.545,14888300.0
305.545,14888300.0
305.545,14888300.0
305.545,14888300.0
305.545,14888300.0
305.545,14888300.0
305.545,14888300.0
305.545,14888300.0
305.545,14888300.0
305.545,14888300.0
305.545,14888300.0
305.545,14888200.0
305.545,14888200.0
305.545,14888200.0
305.545,14888200.0
305.545,14888200.0
305.545,14888200.0
305.545,14888200.0
305.545,14888200.0
305.545,14888200.0
305.545,14888200.0
305.545,14888100.0
305.545,14888100.0
305.545,14888100.0
305.545,14888100.0
305.545,14888100.0
305.545,14888100.0
305.545,14888100.0
305.545,14888100.0
305.545,14888100.0
305.545,14888000.0
305.545,14888000.0
310.76,14888000.0
310.76,14888000.0
310.76,14888000.0
310.76,14888000.0
310.76,14888000.0
310.76,14888000.0
310.76,14887900.0
310.76,14887900.0
310.76,14887900.0
310.76,14887900.0
310.76,14887900.0
310.76,14887900.0
310.76,14887800.0
310.76,14887800.0
310.76,14887800.0
310.76,14887800.0
310.76,14887800.0
310.76,14887800.0
310.76,14887800.0
310.76,14887700.0
310.76,14887700.0
310.76,14887700.0
310.76,14887700.0
310.76,14887700.0
310.76,14887600.0
310.76,14887600.0
310.76,14887600.0
310.76,14887500.0
310.76,14887500.0
310.76,14887500.0
310.76,14887400.0
310.76,14887400.0
310.76,14887400.0
310.76,14887300.0
310.76,14887300.0
310.76,14887300.0
310.76,14892300.0
310.76,14887800.0
310.76,14887300.0
310.76,14887300.0
310.76,14887300.0
310.76,14887300.0
310.76,14887300.0
310.76,14887300.0
310.76,14887200.0
310.76,14887200.0
310.76,14887200.0
310.76,14887200.0
310.76,14887200.0
310.76,14887200.0
310.76,14887200.0
310.76,14887100.0
310.76,14887100.0
310.76,14887100.0
310.76,14887100.0
310.76,14887100.0
310.76,14887100.0
310.76,14887100.0
310.76,14887100.0
310.76,14887100.0
310.76,14887100.0
310.76,14887000.0
310.76,14887000.0
310.76,14887000.0
310.76,14887000.0
310.76,14887000.0
310.76,14887000.0
310.76,14886900.0
310.76,14886900.0
310.76,14886900.0
310.76,14886900.0
310.76,14886900.0
310.76,14886900.0
310.76,14886900.0
310.76,14886800.0
310.76,14886800.0
310.76,14886800.0
310.76,14886700.0
310.76,14886700.0
310.76,14886600.0
310.76,14886600.0
310.76,14886600.0
310.76,14886500.0
310.76,14886500.0
310.76,14886400.0
310.76,14886400.0
310.76,14886300.0
310.76,14886200.0
310.76,14886900.0
310.76,14886300.0
310.76,14886200.0
310.76,14886600.0
310.76,14886300.0
310.76,14886200.0
310.76,14886200.0
310.76,14886200.0
310.76,14886100.0
310.76,14886100.0
310.76,14886000.0
310.76,14886000.0
310.76,14885900.0
310.76,14885900.0
310.76,14885800.0
310.76,14885800.0
310.76,14885700.0
310.76,14885700.0
310.76,14885700.0
310.76,14885700.0
310.76,14885600.0
310.76,14885600.0
310.76,14885600.0
310.76,14885500.0
310.76,14885500.0
310.76,14885400.0
310.76,14885400.0
310.76,14885400.0
310.76,14885400.0
310.76,14885300.0
310.76,14885300.0
310.76,14885300.0
310.76,14885200.0
310.76,14885200.0
310.76,14885200.0
310.76,14885200.0
310.76,14885100.0
310.76,14885100.0
310.76,14885100.0
310.76,14885100.0
310.76,14885100.0
310.76,14885100.0
310.76,14885000.0
310.76,14885000.0
310.76,14885000.0
310.76,14884900.0
310.76,14884900.0
310.76,14884900.0
310.76,14884800.0
310.76,14884800.0
310.76,14885100.0
310.76,14884800.0
310.76,14885600.0
310.76,14884900.0
310.76,14884700.0
310.76,14884700.0
310.76,14884700.0
310.76,14884600.0
310.76,14884600.0
310.76,14884600.0
310.76,14884600.0
310.76,14884600.0
310.76,14884600.0
310.76,14884500.0
310.76,14884500.0
310.76,14884500.0
310.76,14884400.0
310.76,14884400.0
310.76,14884400.0
310.76,14884400.0
310.76,14884300.0
310.76,14884300.0
310.76,14884300.0
310.76,14884300.0
310.76,14884300.0
310.76,14884200.0
310.76,14884200.0
310.76,14884200.0
310.76,14884200.0
310.76,14884100.0
310.76,14884100.0
310.76,14884000.0
310.76,14884000.0
310.76,14883900.0
310.76,14883900.0
310.76,14883900.0
310.76,14883800.0
310.76,14883800.0
310.76,14883800.0
310.76,14883800.0
310.76,14883700.0
310.76,14883700.0
310.76,14883600.0
310.76,14883600.0
310.76,14883600.0
310.76,14883500.0
310.76,14883500.0
310.76,14883400.0
310.76,14883400.0
315.822,14883400.0
315.822,14883400.0
315.822,14883300.0
315.822,14883300.0
315.822,14883300.0
315.822,14883900.0
315.822,14883200.0
315.822,14883200.0
315.822,14883200.0
315.822,14883200.0
315.822,14883100.0
315.822,14883100.0
315.822,14883100.0
315.822,14883000.0
315.822,14883000.0
315.822,14882900.0
315.822,14882900.0
315.822,14882800.0
315.822,14882700.0
315.822,14882700.0
315.822,14882600.0
315.822,14882500.0
315.822,14882400.0
315.822,14882400.0
315.822,14882300.0
315.822,14882300.0
315.822,14882200.0
315.822,14882200.0
315.822,14882200.0
315.822,14882400.0
315.822,14882200.0
315.822,14882100.0
315.822,14882100.0
315.822,14882000.0
315.822,14882000.0
315.822,14882000.0
315.822,14881900.0
315.822,14881800.0
315.822,14881800.0
315.822,14983300.0
315.822,14884500.0
315.822,14881800.0
315.822,14881900.0
315.822,14881700.0
315.822,14881700.0
315.822,14886500.0
315.822,14882000.0
315.822,14881700.0
315.822,14881700.0
315.822,14882000.0
315.822,14881700.0
315.822,14881600.0
315.822,14881600.0
315.822,14881600.0
315.822,14881600.0
315.822,14881500.0
315.822,14881500.0
315.822,14881500.0
315.822,14881500.0
315.822,14881500.0
315.822,14881400.0
315.822,14881400.0
315.822,14881400.0
315.822,14881400.0
315.822,14881300.0
315.822,14881300.0
315.822,14881300.0
315.822,14881300.0
315.822,14881300.0
315.822,14881300.0
315.822,14881200.0
315.822,14881200.0
315.822,14881200.0
315.822,14881100.0
315.822,14881100.0
315.822,14881000.0
315.822,14881000.0
315.822,14880900.0
315.822,14880800.0
315.822,14880700.0
315.822,14880600.0
315.822,14880600.0
315.822,14880700.0
315.822,14880600.0
315.822,14881200.0
315.822,14880600.0
315.822,14880500.0
315.822,14880500.0
315.822,14880500.0
315.822,14880500.0
315.822,14880400.0
315.822,14880400.0
315.822,14880400.0
315.822,14880300.0
315.822,14880300.0
315.822,14880200.0
315.822,14880200.0
315.822,14880200.0
315.822,14880100.0
315.822,14880100.0
315.822,14880100.0
315.822,14880100.0
315.822,14880100.0
315.822,14880100.0
315.822,14880100.0
315.822,14880000.0
315.822,14880000.0
315.822,14880000.0
315.822,14880000.0
315.822,14880000.0
315.822,14879900.0
315.822,14879900.0
315.822,14879900.0
315.822,14879800.0
315.822,14879800.0
315.822,14879700.0
315.822,14944700.0
315.822,14879700.0
315.822,24574600.0
315.822,15612900.0
315.822,14922600.0
315.822,14881100.0
315.822,14879700.0
315.822,14898100.0
315.822,14879800.0
315.822,14879600.0
315.822,14879600.0
315.822,14879500.0
315.822,14879400.0
315.822,14879400.0
315.822,14879400.0
315.822,14879300.0
315.822,14879300.0
315.822,14879200.0
315.822,14879200.0
315.822,14879200.0
315.822,14879100.0
315.822,14879100.0
315.822,14879100.0
315.822,14879000.0
315.822,14879000.0
315.822,14878900.0
315.822,14878900.0
315.822,14878800.0
315.822,14878800.0
315.822,14878700.0
315.822,14878700.0
315.822,14878600.0
315.822,14878600.0
315.822,14878600.0
315.822,14879800.0
315.822,14878600.0
315.822,14878600.0
315.822,14878800.0
315.822,14878600.0
315.822,14878500.0
315.822,14878600.0
315.822,14878500.0
315.822,14878500.0
315.822,14878500.0
315.822,14878500.0
315.822,14878400.0
315.822,14878400.0
315.822,14878400.0
315.822,14878400.0
315.822,14878400.0
315.822,14878500.0
315.822,14878300.0
315.822,14878400.0
315.822,14878300.0
315.822,14878300.0
315.822,14878300.0
315.822,14878200.0
315.822,14878200.0
315.822,14878200.0
315.822,14878200.0
315.822,14878100.0
315.822,14878100.0
315.822,14878100.0
320.881,14878100.0
320.881,14878000.0
320.881,14878000.0
320.881,14878000.0
320.881,14878000.0
320.881,14878000.0
320.881,14877900.0
320.881,14877900.0
320.881,14877900.0
320.881,14877900.0
320.881,14877900.0
320.881,14877900.0
320.881,14877800.0
320.881,14877800.0
320.881,14877800.0
320.881,14877700.0
320.881,14877700.0
320.881,14877700.0
320.881,14877700.0
320.881,14877700.0
320.881,14877700.0
320.881,14877700.0
320.881,14877700.0
320.881,14877700.0
320.881,14877700.0
320.881,14877600.0
320.881,14877600.0
320.881,14877600.0
320.881,14877600.0
320.881,14877600.0
320.881,14877600.0
320.881,14877600.0
320.881,14877600.0
320.881,14877600.0
320.881,14877500.0
320.881,14877500.0
320.881,14877500.0
320.881,14877500.0
320.881,14877500.0
320.881,14877500.0
320.881,14877400.0
320.881,14877400.0
320.881,14877400.0
320.881,14877400.0
320.881,14877400.0
320.881,14877400.0
320.881,14877400.0
320.881,14877300.0
320.881,14877300.0
320.881,14877300.0
320.881,14877300.0
320.881,14877300.0
320.881,14877300.0
320.881,14877300.0
320.881,14877300.0
320.881,14877200.0
320.881,14877200.0
320.881,14877200.0
320.881,14877100.0
320.881,14877100.0
320.881,14877000.0
320.881,14876900.0
320.881,14876900.0
320.881,14876900.0
320.881,14876900.0
320.881,14877000.0
320.881,14876900.0
320.881,14876800.0
320.881,14876900.0
320.881,14876800.0
320.881,14876800.0
320.881,14876800.0
320.881,14876800.0
320.881,14876700.0
320.881,14876700.0
320.881,14876700.0
320.881,14876700.0
320.881,14876700.0
320.881,14876700.0
320.881,14876700.0
320.881,14876700.0
320.881,14876600.0
320.881,14876600.0
320.881,14876600.0
320.881,14876600.0
320.881,14876600.0
320.881,14876600.0
320.881,14876600.0
320.881,14876600.0
320.881,14876500.0
320.881,14876500.0
320.881,14876500.0
320.881,14876500.0
320.881,14876500.0
320.881,14876500.0
320.881,14876500.0
320.881,14876500.0
320.881,14876400.0
320.881,14876400.0
320.881,14876400.0
320.881,14876400.0
320.881,14876400.0
320.881,14876400.0
320.881,14876400.0
320.881,14876400.0
320.881,14876300.0
320.881,14876300.0
320.881,14876300.0
320.881,14876300.0
320.881,14876300.0
320.881,14876300.0
320.881,14876300.0
320.881,14876300.0
320.881,14876200.0
320.881,14876200.0
320.881,14876200.0
320.881,14876200.0
320.881,14876300.0
320.881,14876200.0
320.881,14876300.0
320.881,14876200.0
320.881,14876200.0
320.881,14876200.0
320.881,14876200.0
320.881,14876200.0
320.881,14876200.0
320.881,14876100.0
320.881,14876100.0
320.881,14876100.0
320.881,14876200.0
320.881,14876100.0
320.881,14876100.0
320.881,14876100.0
320.881,14876100.0
320.881,14876100.0
320.881,14876100.0
320.881,14876100.0
320.881,14876100.0
320.881,14876100.0
320.881,14876100.0
320.881,14876100.0
320.881,14876100.0
320.881,14876100.0
320.881,14876100.0
320.881,14876000.0
320.881,14876000.0
320.881,14876000.0
320.881,14876000.0
320.881,14876000.0
320.881,14876000.0
320.881,14876000.0
320.881,14876000.0
320.881,14876000.0
320.881,14875900.0
320.881,14875900.0
320.881,14875900.0
320.881,14875900.0
320.881,14876100.0
320.881,14875900.0
320.881,14885800.0
320.881,14876500.0
320.881,14875900.0
320.881,14875900.0
320.881,14902500.0
320.881,14878400.0
320.881,14876100.0
320.881,14875900.0
320.881,14875900.0
320.881,14875900.0
320.881,14875900.0
320.881,14875900.0
320.881,14875900.0
320.881,14875900.0
320.881,14875900.0
320.881,14875900.0
320.881,14875900.0
320.881,14875900.0
320.881,14875900.0
320.881,14875800.0
320.881,14875800.0
320.881,14875800.0
325.945,14875800.0
325.945,14875800.0
325.945,14875800.0
325.945,14875800.0
325.945,14875800.0
325.945,14875800.0
325.945,14875800.0
325.945,14875800.0
325.945,14875800.0
325.945,14875800.0
325.945,14875800.0
325.945,14875800.0
325.945,14875800.0
325.945,14875800.0
325.945,14875800.0
325.945,14875800.0
325.945,14875800.0
325.945,14875800.0
325.945,14875800.0
325.945,14875800.0
325.945,14875700.0
325.945,14875700.0
325.945,14875700.0
325.945,14875700.0
325.945,14875700.0
325.945,14875700.0
325.945,14875600.0
325.945,14875600.0
325.945,14875500.0
325.945,14875600.0
325.945,14875500.0
325.945,14875500.0
325.945,14875400.0
325.945,14875400.0
325.945,14875400.0
325.945,14875400.0
325.945,14875300.0
325.945,15093500.0
325.945,14892500.0
325.945,14876600.0
325.945,14875400.0
325.945,14875300.0
325.945,14875800.0
325.945,14875400.0
325.945,14875300.0
325.945,14875300.0
325.945,14875200.0
325.945,14875200.0
325.945,14875200.0
325.945,14875200.0
325.945,14875100.0
325.945,14875100.0
325.945,14875000.0
325.945,14875000.0
325.945,14875000.0
325.945,14875000.0
325.945,14874900.0
325.945,14874900.0
325.945,14874900.0
325.945,14874800.0
325.945,14874800.0
325.945,14874800.0
325.945,14874700.0
325.945,14874700.0
325.945,14874700.0
325.945,14874600.0
325.945,14874600.0
325.945,14874600.0
325.945,14874500.0
325.945,14874500.0
325.945,14874500.0
325.945,14874400.0
325.945,14874400.0
325.945,14874400.0
325.945,14874300.0
325.945,14874300.0
325.945,14874300.0
325.945,14874500.0
325.945,14874200.0
325.945,14874300.0
325.945,14874200.0
325.945,14874200.0
325.945,14874100.0
325.945,14874100.0
325.945,14874100.0
325.945,14874100.0
325.945,14874100.0
325.945,14874100.0
325.945,14874000.0
325.945,14874000.0
325.945,14874000.0
325.945,14874000.0
325.945,14874000.0
325.945,14873900.0
325.945,14873900.0
325.945,14873900.0
325.945,14873800.0
325.945,14873800.0
325.945,14873800.0
325.945,14873800.0
325.945,14873800.0
325.945,14873700.0
325.945,14873700.0
325.945,14873700.0
325.945,14873700.0
325.945,14873600.0
325.945,14873600.0
325.945,14873600.0
325.945,14873600.0
325.945,14873500.0
325.945,14873500.0
325.945,14873500.0
325.945,14873500.0
325.945,14873400.0
325.945,14873400.0
325.945,14873400.0
325.945,14873400.0
325.945,14873300.0
325.945,14873300.0
325.945,14873300.0
325.945,14873300.0
325.945,14873200.0
325.945,14873200.0
325.945,14873200.0
325.945,14873200.0
325.945,14873200.0
325.945,14873200.0
325.945,14873200.0
325.945,14873200.0
325.945,14873200.0
325.945,14873200.0
325.945,14873200.0
325.945,14873200.0
325.945,14873200.0
325.945,14873100.0
325.945,14873100.0
325.945,14873100.0
325.945,14873100.0
325.945,14873100.0
325.945,14873100.0
325.945,14873100.0
325.945,14873100.0
325.945,14873000.0
325.945,14873000.0
325.945,14873000.0
325.945,14873000.0
325.945,14873000.0
325.945,14873000.0
325.945,14872900.0
325.945,14872900.0
325.945,14872900.0
325.945,14872900.0
325.945,14872800.0
325.945,14872800.0
325.945,14872700.0
325.945,14872700.0
325.945,14872700.0
325.945,14872700.0
325.945,14872600.0
325.945,14872600.0
325.945,14872600.0
325.945,14872600.0
325.945,14872500.0
325.945,14872600.0
325.945,14872500.0
325.945,14872400.0
325.945,14872400.0
325.945,14872400.0
325.945,14872300.0
325.945,14872300.0
325.945,14872300.0
325.945,14872300.0
325.945,14872300.0
325.945,14872300.0
325.945,14872300.0
325.945,14872300.0
325.945,14872300.0
325.945,14872200.0
325.945,14872200.0
325.945,14872200.0
325.945,14872200.0
331.009,14872200.0
331.009,14872100.0
331.009,14872100.0
331.009,14872100.0
331.009,14872100.0
331.009,14872100.0
331.009,14872000.0
331.009,14872000.0
331.009,14872000.0
331.009,14871900.0
331.009,14871900.0
331.009,14871900.0
331.009,14871900.0
331.009,14871900.0
331.009,14871900.0
331.009,14871800.0
331.009,14871800.0
331.009,14871800.0
331.009,14871800.0
331.009,14871700.0
331.009,14871700.0
331.009,14871600.0
331.009,14871600.0
331.009,14871600.0
331.009,14871500.0
331.009,14871500.0
331.009,14871500.0
331.009,14871400.0
331.009,14871400.0
331.009,14871300.0
331.009,14871300.0
331.009,14871300.0
331.009,14871200.0
331.009,14871200.0
331.009,14871200.0
331.009,14871100.0
331.009,14871100.0
331.009,14871100.0
331.009,14871300.0
331.009,14871100.0
331.009,14945100.0
331.009,14871000.0
331.009,24916100.0
331.009,15637200.0
331.009,14919200.0
331.009,14873000.0
331.009,14871000.0
331.009,14871000.0
331.009,14871000.0
331.009,14871000.0
331.009,14872700.0
331.009,14871200.0
331.009,14871000.0
331.009,14870900.0
331.009,14870900.0
331.009,14870800.0
331.009,14870800.0
331.009,14870700.0
331.009,14870600.0
331.009,14870600.0
331.009,14870600.0
331.009,14870500.0
331.009,14870500.0
331.009,14870500.0
331.009,14870400.0
331.009,14870400.0
331.009,14870400.0
331.009,14870400.0
331.009,14870300.0
331.009,14870300.0
331.009,14870300.0
331.009,14870200.0
331.009,14870200.0
331.009,14870200.0
331.009,14870200.0
331.009,14870200.0
331.009,14870100.0
331.009,14870100.0
331.009,14870100.0
331.009,14870000.0
331.009,14870000.0
331.009,14870000.0
331.009,14869900.0
331.009,14869900.0
331.009,14869900.0
331.009,14869800.0
331.009,14869800.0
331.009,14869900.0
331.009,14869800.0
331.009,14869800.0
331.009,14869700.0
331.009,14869700.0
331.009,14869700.0
331.009,14869700.0
331.009,14869800.0
331.009,14869700.0
331.009,14869600.0
331.009,14869600.0
331.009,14869600.0
331.009,14869500.0
331.009,14869500.0
331.009,14869400.0
331.009,14869400.0
331.009,14869400.0
331.009,14869400.0
331.009,14869300.0
331.009,14869200.0
331.009,14869200.0
331.009,14869100.0
331.009,14869100.0
331.009,14869000.0
331.009,14869000.0
331.009,14869000.0
331.009,14869000.0
331.009,14868900.0
331.009,14868900.0
331.009,14868900.0
331.009,14868900.0
331.009,14868900.0
331.009,14868900.0
331.009,14868800.0
331.009,14868800.0
331.009,14868800.0
331.009,14874700.0
331.009,14868900.0
331.009,14868800.0
331.009,14868800.0
331.009,14868800.0
331.009,14868800.0
331.009,14868800.0
331.009,14871700.0
331.009,14869200.0
331.009,14868800.0
331.009,14868800.0
331.009,14868700.0
331.009,14868700.0
331.009,14868700.0
331.009,14868700.0
331.009,14868800.0
331.009,14868700.0
331.009,14868700.0
331.009,14868700.0
331.009,14868700.0
331.009,14868700.0
331.009,14868700.0
331.009,14868700.0
331.009,14868700.0
331.009,14868700.0
331.009,14868700.0
331.009,14868600.0
331.009,14868600.0
331.009,14868600.0
331.009,14868600.0
331.009,14868600.0
331.009,14868600.0
331.009,14868600.0
331.009,14868500.0
331.009,14868500.0
331.009,14868500.0
331.009,14868500.0
331.009,14868500.0
331.009,14868500.0
331.009,14868500.0
331.009,14868500.0
331.009,14868500.0
331.009,14868500.0
331.009,14868500.0
331.009,14868500.0
331.009,14868500.0
331.009,14868500.0
331.009,14868500.0
331.009,14868500.0
331.009,14868500.0
331.009,14868500.0
331.009,14868400.0
331.009,14868400.0
331.009,14868400.0
331.009,14868400.0
331.009,14868400.0
331.009,14868400.0
336.076,14868400.0
336.076,14868400.0
336.076,14868400.0
336.076,14868300.0
336.076,14868300.0
336.076,14868300.0
336.076,14868300.0
336.076,14868300.0
336.076,14868300.0
336.076,14868300.0
336.076,14868300.0
336.076,14868300.0
336.076,14868200.0
336.076,14868200.0
336.076,14868200.0
336.076,18917700.0
336.076,14868300.0
336.076,14868200.0
336.076,128918000.0
336.076,20223300.0
336.076,14936100.0
336.076,14868200.0
336.076,534075000.0
336.076,61707000.0
336.076,18608500.0
336.076,15117700.0
336.076,14881900.0
336.076,14868600.0
336.076,14868200.0
336.076,14868200.0
336.076,14868200.0
336.076,14868200.0
336.076,14873700.0
336.076,14868900.0
336.076,14868300.0
336.076,14868200.0
336.076,14868200.0
336.076,14868200.0
336.076,14868200.0
336.076,14868200.0
336.076,14869900.0
336.076,14868200.0
336.076,18306800.0
336.076,15123700.0
336.076,14885500.0
336.076,14869200.0
336.076,14868200.0
336.076,14868200.0
336.076,14868200.0
336.076,14868200.0
336.076,14869500.0
336.076,14868200.0
336.076,14868200.0
336.076,14869600.0
336.076,14868400.0
336.076,14868200.0
336.076,14868200.0
336.076,14868100.0
336.076,14868100.0
336.076,14868100.0
336.076,14868100.0
336.076,14868100.0
336.076,14868100.0
336.076,14868100.0
336.076,14868100.0
336.076,14873800.0
336.076,14869000.0
336.076,14868200.0
336.076,14868100.0
336.076,14868000.0
336.076,14868000.0
336.076,14868100.0
336.076,14868000.0
336.076,14868000.0
336.076,14868000.0
336.076,14868000.0
336.076,14868000.0
336.076,14868000.0
336.076,14868000.0
336.076,14867900.0
336.076,14867900.0
336.076,14867900.0
336.076,14867800.0
336.076,14867800.0
336.076,14867800.0
336.076,14867800.0
336.076,14867800.0
336.076,14867700.0
336.076,14867700.0
336.076,14867700.0
336.076,14867800.0
336.076,14867700.0
336.076,14867700.0
336.076,14867700.0
336.076,14867600.0
336.076,14867700.0
336.076,14867600.0
336.076,14867600.0
336.076,14867600.0
336.076,14867600.0
336.076,14867600.0
336.076,14867600.0
336.076,14867600.0
336.076,14867500.0
336.076,14867500.0
336.076,14867500.0
336.076,14867500.0
336.076,14867400.0
336.076,14867400.0
336.076,14867400.0
336.076,14867400.0
336.076,14867400.0
336.076,14867400.0
336.076,14867400.0
336.076,14867400.0
336.076,14867400.0
336.076,14867400.0
336.076,14867400.0
336.076,14867300.0
336.076,14870100.0
336.076,14867600.0
336.076,14867400.0
336.076,14867300.0
336.076,14867300.0
336.076,14867300.0
336.076,14867400.0
336.076,14867300.0
336.076,14867300.0
336.076,14867300.0
336.076,14867300.0
336.076,14867300.0
336.076,14867200.0
336.076,14867200.0
336.076,14867200.0
336.076,14867200.0
336.076,14867100.0
336.076,14867100.0
336.076,14867100.0
336.076,14867100.0
336.076,14867000.0
336.076,14867000.0
336.076,14867000.0
336.076,14867000.0
336.076,14866900.0
336.076,14866900.0
336.076,14867800.0
336.076,14867100.0
336.076,14866900.0
336.076,14866900.0
336.076,14866900.0
336.076,14866800.0
336.076,14866800.0
336.076,14866800.0
336.076,14866800.0
336.076,14866700.0
336.076,14866700.0
336.076,14866700.0
336.076,14866700.0
336.076,14866700.0
336.076,14866600.0
336.076,14866600.0
336.076,14866600.0
336.076,14866600.0
336.076,14866600.0
336.076,14866600.0
336.076,14866600.0
336.076,14866500.0
336.076,14866500.0
336.076,14866600.0
336.076,14866500.0
336.076,14866600.0
336.076,14866500.0
336.076,14866500.0
336.076,14866500.0
336.076,14866500.0
336.076,14866500.0
336.076,14866500.0
336.076,14866500.0
336.076,14866500.0
341.305,14866500.0
341.305,14866400.0
341.305,14866400.0
341.305,14866400.0
341.305,14866400.0
341.305,14866400.0
341.305,14866300.0
341.305,14866300.0
341.305,14927900.0
341.305,14871700.0
341.305,14866600.0
341.305,14866300.0
341.305,14878300.0
341.305,14866500.0
341.305,14866300.0
341.305,14866300.0
341.305,14866200.0
341.305,14866200.0
341.305,14866200.0
341.305,14866200.0
341.305,14866200.0
341.305,14866200.0
341.305,14866200.0
341.305,14866100.0
341.305,14866100.0
341.305,14866100.0
341.305,14866100.0
341.305,14866100.0
341.305,14866100.0
341.305,14866100.0
341.305,14866100.0
341.305,14866100.0
341.305,14866000.0
341.305,14866000.0
341.305,14866100.0
341.305,14866000.0
341.305,14866000.0
341.305,14866000.0
341.305,14866000.0
341.305,14866000.0
341.305,14866000.0
341.305,14866000.0
341.305,14865900.0
341.305,14865900.0
341.305,14865900.0
341.305,14865900.0
341.305,14865900.0
341.305,14865900.0
341.305,14865900.0
341.305,14865900.0
341.305,14865900.0
341.305,14865800.0
341.305,14865800.0
341.305,14865800.0
341.305,14865800.0
341.305,14984200.0
341.305,14867100.0
341.305,14865800.0
341.305,15272200.0
341.305,14894500.0
341.305,14867400.0
341.305,14865900.0
341.305,14865800.0
341.305,14865800.0
341.305,14865800.0
341.305,15401400.0
341.305,14866300.0
341.305,14865800.0
341.305,14865800.0
341.305,14865800.0
341.305,14865800.0
341.305,14865800.0
341.305,14865800.0
341.305,14865800.0
341.305,14865800.0
341.305,14865900.0
341.305,14865800.0
341.305,14865800.0
341.305,14865800.0
341.305,14865800.0
341.305,14865800.0
341.305,14865700.0
341.305,14867700.0
341.305,14865900.0
341.305,14865700.0
341.305,14866000.0
341.305,14865700.0
341.305,14865700.0
341.305,14865700.0
341.305,14865700.0
341.305,14865700.0
341.305,14865700.0
341.305,14865700.0
341.305,14865700.0
341.305,14865700.0
341.305,14865700.0
341.305,14865700.0
341.305,14865800.0
341.305,14865700.0
341.305,14865700.0
341.305,14865700.0
341.305,14865700.0
341.305,14865700.0
341.305,14865700.0
341.305,14865700.0
341.305,14865600.0
341.305,14865600.0
341.305,14865600.0
341.305,14865600.0
341.305,14865600.0
341.305,14865600.0
341.305,14865600.0
341.305,14865600.0
341.305,14865600.0
341.305,14865600.0
341.305,14865600.0
341.305,14865600.0
341.305,14865600.0
341.305,14865600.0
341.305,14865600.0
341.305,14865600.0
341.305,14865600.0
341.305,14865600.0
341.305,14865600.0
341.305,14865600.0
341.305,14865500.0
341.305,14865500.0
341.305,14865500.0
341.305,14865500.0
341.305,14865500.0
341.305,14865500.0
341.305,14865500.0
341.305,14865500.0
341.305,14865400.0
341.305,14865400.0
341.305,14865400.0
341.305,14865400.0
341.305,14865400.0
341.305,14865400.0
341.305,14865400.0
341.305,14865400.0
341.305,14865400.0
341.305,14865300.0
341.305,14865300.0
341.305,14865300.0
341.305,14865300.0
341.305,14865300.0
341.305,14865300.0
341.305,14865200.0
341.305,14865200.0
341.305,14865200.0
341.305,14865200.0
341.305,14865200.0
341.305,14865100.0
341.305,14865100.0
341.305,14865100.0
341.305,14865100.0
341.305,14865100.0
341.305,14865100.0
341.305,14865000.0
341.305,14865000.0
341.305,14865000.0
341.305,14865000.0
341.305,14865000.0
341.305,14865000.0
341.305,14865000.0
341.305,14865000.0
341.305,14865000.0
341.305,14865000.0
341.305,14865000.0
341.305,14864900.0
341.305,14864900.0
341.305,14864900.0
341.305,14865000.0
341.305,14864900.0
341.305,14864900.0
341.305,14864900.0
341.305,14864900.0
341.305,14864900.0
341.305,14864900.0
341.305,14864800.0
341.305,14864800.0
341.305,14864800.0
341.305,14864800.0
346.373,14864800.0
346.373,14864800.0
346.373,14864800.0
346.373,14864800.0
346.373,14864700.0
346.373,14864700.0
346.373,14864700.0
346.373,14864700.0
346.373,14864700.0
346.373,14864700.0
346.373,14864700.0
346.373,14864700.0
346.373,14864700.0
346.373,14864700.0
346.373,14864600.0
346.373,14864600.0
346.373,14864600.0
346.373,14864600.0
346.373,14864600.0
346.373,14864600.0
346.373,14864600.0
346.373,14864600.0
346.373,14864600.0
346.373,14864500.0
346.373,14864500.0
346.373,14864500.0
346.373,14864500.0
346.373,14864500.0
346.373,14864500.0
346.373,14864500.0
346.373,14864500.0
346.373,14864500.0
346.373,14864500.0
346.373,14864500.0
346.373,14864500.0
346.373,14864500.0
346.373,14864500.0
346.373,14864500.0
346.373,14864500.0
346.373,14864400.0
346.373,14864400.0
346.373,14864400.0
346.373,14864400.0
346.373,14864700.0
346.373,14864400.0
346.373,14864400.0
346.373,14864400.0
346.373,14864400.0
346.373,14864400.0
346.373,14864300.0
346.373,14864300.0
346.373,14864300.0
346.373,14864300.0
346.373,14864300.0
346.373,14864300.0
346.373,14864300.0
346.373,14864300.0
346.373,14864300.0
346.373,14864300.0
346.373,14864300.0
346.373,14864300.0
346.373,14864300.0
346.373,14864300.0
346.373,14864200.0
346.373,14864200.0
346.373,14864200.0
346.373,14864200.0
346.373,14864200.0
346.373,14864200.0
346.373,14864200.0
346.373,14864200.0
346.373,14864200.0
346.373,14864200.0
346.373,14864100.0
346.373,14864100.0
346.373,14864100.0
346.373,14864100.0
346.373,14864100.0
346.373,14864100.0
346.373,14864100.0
346.373,14864100.0
346.373,14864000.0
346.373,14864000.0
346.373,14864000.0
346.373,14864000.0
346.373,14864000.0
346.373,14863900.0
346.373,14863900.0
346.373,14863900.0
346.373,14863800.0
346.373,14863800.0
346.373,14864500.0
346.373,14863800.0
346.373,14864600.0
346.373,14863900.0
346.373,14863800.0
346.373,14863700.0
346.373,14863700.0
346.373,14863700.0
346.373,14863700.0
346.373,14863700.0
346.373,14863700.0
346.373,14864000.0
346.373,14863700.0
346.373,14863700.0
346.373,14863600.0
346.373,14863600.0
346.373,14863600.0
346.373,14863600.0
346.373,14863600.0
346.373,14863500.0
346.373,14863500.0
346.373,14863500.0
346.373,14863400.0
346.373,14863400.0
346.373,14863400.0
346.373,14863400.0
346.373,14863300.0
346.373,14863300.0
346.373,14863300.0
346.373,14863300.0
346.373,14863300.0
346.373,14863300.0
346.373,14863200.0
346.373,14863200.0
346.373,14863200.0
346.373,14911500.0
346.373,14869800.0
346.373,14864200.0
346.373,14863400.0
346.373,14863200.0
346.373,14863200.0
346.373,14863200.0
346.373,14863200.0
346.373,14863200.0
346.373,14863200.0
346.373,14863100.0
346.373,14863100.0
346.373,14863100.0
346.373,14863100.0
346.373,14863100.0
346.373,14863100.0
346.373,14863100.0
346.373,14863100.0
346.373,14863000.0
346.373,14863000.0
346.373,14863000.0
346.373,14863000.0
346.373,14863000.0
346.373,14863000.0
346.373,14863000.0
346.373,14863000.0
346.373,14862900.0
346.373,14862900.0
346.373,14862900.0
346.373,14862900.0
346.373,14862900.0
346.373,14862900.0
346.373,14862800.0
346.373,14862800.0
346.373,14862800.0
346.373,14862800.0
346.373,14862800.0
346.373,14862800.0
346.373,14862800.0
346.373,14862700.0
346.373,14862700.0
346.373,14862700.0
346.373,14862700.0
346.373,14862600.0
346.373,14862600.0
346.373,14862600.0
346.373,14862600.0
346.373,14862600.0
346.373,14862600.0
346.373,14900600.0
346.373,14865700.0
346.373,14862800.0
346.373,14862600.0
346.373,14862600.0
351.439,14863700.0
351.439,14862800.0
351.439,14862600.0
351.439,14862600.0
351.439,14862500.0
351.439,14862500.0
351.439,14862500.0
351.439,14862500.0
351.439,14862500.0
351.439,14862500.0
351.439,14863200.0
351.439,14862600.0
351.439,14862500.0
351.439,14862500.0
351.439,14862500.0
351.439,14862500.0
351.439,14862500.0
351.439,14862500.0
351.439,14862500.0
351.439,14862500.0
351.439,14862400.0
351.439,14862400.0
351.439,14862400.0
351.439,14862400.0
351.439,14862400.0
351.439,14862400.0
351.439,14862400.0
351.439,14862400.0
351.439,14862400.0
351.439,14862400.0
351.439,14862300.0
351.439,14862300.0
351.439,14862300.0
351.439,14862300.0
351.439,14862300.0
351.439,14862300.0
351.439,14862300.0
351.439,14862300.0
351.439,14862300.0
351.439,14862300.0
351.439,14862300.0
351.439,14862300.0
351.439,14862300.0
351.439,14862300.0
351.439,14862300.0
351.439,14862200.0
351.439,14862200.0
351.439,14862200.0
351.439,14862600.0
351.439,14862300.0
351.439,14862200.0
351.439,14862200.0
351.439,14862200.0
351.439,14862200.0
351.439,14862200.0
351.439,14862200.0
351.439,14862200.0
351.439,14862200.0
351.439,14862200.0
351.439,14862200.0
351.439,14862200.0
351.439,14862200.0
351.439,14862200.0
351.439,14862100.0
351.439,14862100.0
351.439,14862100.0
351.439,14862100.0
351.439,14862100.0
351.439,14862100.0
351.439,14862100.0
351.439,14862100.0
351.439,14862100.0
351.439,14862100.0
351.439,14862000.0
351.439,14862000.0
351.439,14862000.0
351.439,14862000.0
351.439,14862000.0
351.439,14862000.0
351.439,14862000.0
351.439,14862000.0
351.439,14861900.0
351.439,14862000.0
351.439,14861900.0
351.439,14861900.0
351.439,14861900.0
351.439,14861900.0
351.439,14861900.0
351.439,14861900.0
351.439,14861900.0
351.439,14861900.0
351.439,14861900.0
351.439,14861900.0
351.439,14861900.0
351.439,14861900.0
351.439,14861900.0
351.439,14861900.0
351.439,14861900.0
351.439,14861900.0
351.439,14861900.0
351.439,14861900.0
351.439,14861900.0
351.439,14861900.0
351.439,14861900.0
351.439,14861900.0
351.439,14861800.0
351.439,14861800.0
351.439,14861800.0
351.439,14861800.0
351.439,14861800.0
351.439,14861800.0
351.439,14861800.0
351.439,14861800.0
351.439,14861800.0
351.439,14861800.0
351.439,14861800.0
351.439,14861800.0
351.439,14861800.0
351.439,14861800.0
351.439,14861800.0
351.439,14861800.0
351.439,14861700.0
351.439,14861700.0
351.439,14861700.0
351.439,14861700.0
351.439,14861700.0
351.439,14861700.0
351.439,14861700.0
351.439,14861600.0
351.439,14861600.0
351.439,14861600.0
351.439,14861600.0
351.439,14861600.0
351.439,14861600.0
351.439,14861600.0
351.439,14861600.0
351.439,14861600.0
351.439,14862000.0
351.439,14861600.0
351.439,14861600.0
351.439,14861600.0
351.439,14861600.0
351.439,14861500.0
351.439,14861500.0
351.439,14861500.0
351.439,14861500.0
351.439,14861500.0
351.439,14861500.0
351.439,14861500.0
351.439,14861500.0
351.439,14861500.0
351.439,14861400.0
351.439,14861400.0
351.439,14861400.0
351.439,14861400.0
351.439,14861400.0
351.439,14861400.0
351.439,14861300.0
351.439,14861300.0
351.439,14861300.0
351.439,14861300.0
351.439,14861300.0
351.439,14861200.0
351.439,14861200.0
351.439,14861200.0
351.439,14861200.0
351.439,14861100.0
351.439,14861100.0
351.439,14861100.0
351.439,14861100.0
351.439,14861000.0
351.439,14861000.0
351.439,14861000.0
351.439,14861000.0
351.439,14860900.0
351.439,14860900.0
351.439,14860900.0
351.439,14860900.0
351.439,14860900.0
351.439,14860900.0
356.5,14860900.0
356.5,14860900.0
356.5,14860800.0
356.5,14860800.0
356.5,14860800.0
356.5,14860800.0
356.5,14860800.0
356.5,14865900.0
356.5,14861100.0
356.5,14860900.0
356.5,14860800.0
356.5,14860800.0
356.5,14860800.0
356.5,14860800.0
356.5,14860800.0
356.5,14860800.0
356.5,14860800.0
356.5,14860800.0
356.5,14860800.0
356.5,14860800.0
356.5,14860800.0
356.5,14860800.0
356.5,14860800.0
356.5,14860700.0
356.5,14860700.0
356.5,14860700.0
356.5,14860700.0
356.5,14860700.0
356.5,14860700.0
356.5,14860700.0
356.5,14860700.0
356.5,14860700.0
356.5,14860700.0
356.5,14860700.0
356.5,14860700.0
356.5,14860600.0
356.5,14860700.0
356.5,14860600.0
356.5,14860600.0
356.5,14860600.0
356.5,14860600.0
356.5,14860600.0
356.5,14860600.0
356.5,14860600.0
356.5,14860600.0
356.5,14860600.0
356.5,14860600.0
356.5,14860600.0
356.5,14860500.0
356.5,14860500.0
356.5,14860500.0
356.5,14860500.0
356.5,14860500.0
356.5,14860500.0
356.5,14860400.0
356.5,14860400.0
356.5,14860400.0
356.5,14860400.0
356.5,14860400.0
356.5,14880700.0
356.5,14861100.0
356.5,14860500.0
356.5,14860400.0
356.5,14860300.0
356.5,14860300.0
356.5,14860300.0
356.5,14860300.0
356.5,14860300.0
356.5,14860300.0
356.5,14860300.0
356.5,14860300.0
356.5,14860300.0
356.5,14860300.0
356.5,14860200.0
356.5,14860200.0
356.5,14860200.0
356.5,14860200.0
356.5,14860200.0
356.5,14860200.0
356.5,14860200.0
356.5,14860200.0
356.5,14860200.0
356.5,14860100.0
356.5,14860100.0
356.5,14860100.0
356.5,14860100.0
356.5,14860100.0
356.5,14860100.0
356.5,14860100.0
356.5,14860100.0
356.5,14860100.0
356.5,14860000.0
356.5,14860000.0
356.5,14860000.0
356.5,14860000.0
356.5,14860000.0
356.5,14860000.0
356.5,14859900.0
356.5,14859900.0
356.5,14859900.0
356.5,14859900.0
356.5,14859900.0
356.5,14859900.0
356.5,14859900.0
356.5,14859900.0
356.5,14859900.0
356.5,14859900.0
356.5,14859900.0
356.5,14859800.0
356.5,14859800.0
356.5,14859800.0
356.5,14859800.0
356.5,14859800.0
356.5,14859800.0
356.5,14859800.0
356.5,14859800.0
356.5,14859800.0
356.5,14859800.0
356.5,14859800.0
356.5,14859800.0
356.5,14859700.0
356.5,14859700.0
356.5,14859700.0
356.5,14859700.0
356.5,14859700.0
356.5,14859700.0
356.5,14859900.0
356.5,14859700.0
356.5,14859700.0
356.5,14859700.0
356.5,14859700.0
356.5,14859700.0
356.5,14859700.0
356.5,14859700.0
356.5,14859700.0
356.5,14859700.0
356.5,14859600.0
356.5,14859600.0
356.5,14859600.0
356.5,14859600.0
356.5,14859600.0
356.5,14859600.0
356.5,14859600.0
356.5,14859600.0
356.5,14859600.0
356.5,14859500.0
356.5,14859500.0
356.5,14859500.0
356.5,14859500.0
356.5,14859500.0
356.5,14859500.0
356.5,14859500.0
356.5,14859500.0
356.5,14859500.0
356.5,14859400.0
356.5,14859400.0
356.5,14859400.0
356.5,14859400.0
356.5,14859300.0
356.5,14859300.0
356.5,14859200.0
356.5,14859200.0
356.5,14859200.0
356.5,14859200.0
356.5,14859200.0
356.5,14859200.0
356.5,14859200.0
356.5,14859100.0
356.5,14859100.0
356.5,14859100.0
356.5,14859100.0
356.5,14859100.0
356.5,14859100.0
356.5,14859100.0
356.5,14859000.0
356.5,14859000.0
356.5,14859000.0
356.5,14859000.0
356.5,14859000.0
356.5,14858900.0
356.5,14858900.0
361.566,14858900.0
361.566,14858800.0
361.566,14858800.0
361.566,14858800.0
361.566,14858800.0
361.566,14858700.0
361.566,14858700.0
361.566,14858700.0
361.566,14858700.0
361.566,14858700.0
361.566,14858600.0
361.566,14858600.0
361.566,14858600.0
361.566,14858600.0
361.566,14858600.0
361.566,14858600.0
361.566,14858600.0
361.566,14858600.0
361.566,14858600.0
361.566,14858500.0
361.566,14858500.0
361.566,14858500.0
361.566,14858500.0
361.566,14858500.0
361.566,14858600.0
361.566,14858500.0
361.566,14858500.0
361.566,14858500.0
361.566,14858500.0
361.566,14858500.0
361.566,14858500.0
361.566,14858500.0
361.566,14858500.0
361.566,14858400.0
361.566,14858400.0
361.566,14858400.0
361.566,14858400.0
361.566,14858400.0
361.566,14858400.0
361.566,14858400.0
361.566,14858400.0
361.566,14858400.0
361.566,14858400.0
361.566,14858400.0
361.566,14858400.0
361.566,14858400.0
361.566,14858400.0
361.566,14858400.0
361.566,14858400.0
361.566,14858400.0
361.566,14858400.0
361.566,14858400.0
361.566,14858300.0
361.566,14858300.0
361.566,14858500.0
361.566,14858300.0
361.566,14858300.0
361.566,14858300.0
361.566,14858300.0
361.566,14858300.0
361.566,14858300.0
361.566,14858300.0
361.566,14858300.0
361.566,14858300.0
361.566,14858300.0
361.566,14858300.0
361.566,14858300.0
361.566,14858200.0
361.566,14858200.0
361.566,14858200.0
361.566,14858200.0
361.566,14858200.0
361.566,14858200.0
361.566,14858200.0
361.566,14858200.0
361.566,14858200.0
361.566,14858100.0
361.566,14858100.0
361.566,14858100.0
361.566,14858100.0
361.566,14858100.0
361.566,14858100.0
361.566,14858100.0
361.566,14858100.0
361.566,14858100.0
361.566,14858100.0
361.566,14858100.0
361.566,14858100.0
361.566,14858000.0
361.566,14858000.0
361.566,14858000.0
361.566,14858000.0
361.566,14858000.0
361.566,14858000.0
361.566,14858000.0
361.566,14858000.0
361.566,14858000.0
361.566,14858000.0
361.566,14858000.0
361.566,14858000.0
361.566,14858000.0
361.566,14858000.0
361.566,14858000.0
361.566,14858000.0
361.566,14858000.0
361.566,14858000.0
361.566,14858000.0
361.566,14858000.0
361.566,14857900.0
361.566,14857900.0
361.566,14857900.0
361.566,14857900.0
361.566,14857900.0
361.566,14857900.0
361.566,14857900.0
361.566,14857900.0
361.566,14857900.0
361.566,14857900.0
361.566,14857900.0
361.566,14857800.0
361.566,14857800.0
361.566,14857800.0
361.566,14858100.0
361.566,14857900.0
361.566,14857800.0
361.566,14857800.0
361.566,14857800.0
361.566,14857800.0
361.566,14857900.0
361.566,14857800.0
361.566,14857800.0
361.566,14857800.0
361.566,14857800.0
361.566,14857700.0
361.566,14857700.0
361.566,14857700.0
361.566,14857700.0
361.566,14857700.0
361.566,14857700.0
361.566,14857700.0
361.566,14857700.0
361.566,14857700.0
361.566,14857700.0
361.566,14857700.0
361.566,14857700.0
361.566,14857700.0
361.566,14857700.0
361.566,14857700.0
361.566,14857700.0
361.566,14857700.0
361.566,14857700.0
361.566,14857600.0
361.566,14857600.0
361.566,14857600.0
361.566,14857600.0
361.566,14857600.0
361.566,14857600.0
361.566,14857600.0
361.566,14857600.0
361.566,14857600.0
361.566,14857600.0
361.566,14857600.0
361.566,14857600.0
361.566,14857600.0
361.566,14857600.0
361.566,14857600.0
361.566,14857600.0
361.566,14857600.0
361.566,14857600.0
361.566,14857600.0
361.566,14857600.0
361.566,14857600.0
361.566,14857600.0
361.566,14857600.0
361.566,14857600.0
361.566,14857600.0
361.566,14857600.0
361.566,14857600.0
361.566,14857600.0
361.566,14857600.0
361.566,14857600.0
366.637,14857600.0
366.637,14857600.0
366.637,14857500.0
366.637,14857500.0
366.637,14857500.0
366.637,14857500.0
366.637,14857500.0
366.637,14857500.0
366.637,14857500.0
366.637,14857500.0
366.637,14857500.0
366.637,14857500.0
366.637,14857500.0
366.637,14857500.0
366.637,14857500.0
366.637,14857500.0
366.637,14857500.0
366.637,14871800.0
366.637,14857600.0
366.637,14857500.0
366.637,19840700.0
366.637,15265100.0
366.637,14888000.0
366.637,14859200.0
366.637,14857500.0
366.637,14857500.0
366.637,14859100.0
366.637,14857600.0
366.637,14857500.0
366.637,14857500.0
366.637,14857400.0
366.637,14857400.0
366.637,14857400.0
366.637,14857400.0
366.637,14857400.0
366.637,14857400.0
366.637,14857400.0
366.637,14857400.0
366.637,14857400.0
366.637,14857400.0
366.637,14857400.0
366.637,14857300.0
366.637,14857300.0
366.637,14857300.0
366.637,14857300.0
366.637,14857300.0
366.637,14857300.0
366.637,14857200.0
366.637,14857200.0
366.637,14857200.0
366.637,14857200.0
366.637,14857200.0
366.637,14857200.0
366.637,14857100.0
366.637,14857100.0
366.637,14857100.0
366.637,14857100.0
366.637,14857100.0
366.637,14857100.0
366.637,14857000.0
366.637,14857000.0
366.637,14857000.0
366.637,14857000.0
366.637,14857000.0
366.637,14857000.0
366.637,14857000.0
366.637,14857000.0
366.637,14857000.0
366.637,14857000.0
366.637,14857000.0
366.637,14856900.0
366.637,14856900.0
366.637,14856900.0
366.637,14856900.0
366.637,14856900.0
366.637,14856900.0
366.637,14856900.0
366.637,14856900.0
366.637,14856900.0
366.637,14856800.0
366.637,14856900.0
366.637,14856800.0
366.637,14856800.0
366.637,14856900.0
366.637,14856800.0
366.637,14856800.0
366.637,14856800.0
366.637,14856800.0
366.637,14856800.0
366.637,14856800.0
366.637,14856800.0
366.637,14856800.0
366.637,14856800.0
366.637,14856700.0
366.637,14856700.0
366.637,14856700.0
366.637,14856700.0
366.637,14856700.0
366.637,14856700.0
366.637,14856700.0
366.637,14856700.0
366.637,14856700.0
366.637,14856700.0
366.637,14856600.0
366.637,14856600.0
366.637,14856600.0
366.637,14856600.0
366.637,14856600.0
366.637,14856600.0
366.637,14856600.0
366.637,14856600.0
366.637,14856600.0
366.637,14856600.0
366.637,14856600.0
366.637,14856600.0
366.637,14856600.0
366.637,14856600.0
366.637,14856600.0
366.637,14856600.0
366.637,14856500.0
366.637,14856500.0
366.637,14856500.0
366.637,14856500.0
366.637,14856500.0
366.637,14856500.0
366.637,14856500.0
366.637,14856500.0
366.637,14856500.0
366.637,14856500.0
366.637,14856500.0
366.637,14856500.0
366.637,14856500.0
366.637,14856500.0
366.637,14856500.0
366.637,14856500.0
366.637,14856400.0
366.637,14856400.0
366.637,14856400.0
366.637,14856400.0
366.637,14856400.0
366.637,14856400.0
366.637,14856400.0
366.637,14856400.0
366.637,14856400.0
366.637,14856300.0
366.637,14856300.0
366.637,14856300.0
366.637,14856300.0
366.637,14856300.0
366.637,14856200.0
366.637,14856200.0
366.637,14856200.0
366.637,14856200.0
366.637,14856200.0
366.637,14856200.0
366.637,14856200.0
366.637,14856200.0
366.637,14856200.0
366.637,14856100.0
366.637,14856100.0
366.637,14856100.0
366.637,14856100.0
366.637,14856100.0
366.637,14856100.0
366.637,14856100.0
366.637,14856000.0
366.637,14856000.0
366.637,14856000.0
366.637,14856000.0
366.637,14856000.0
366.637,14856000.0
366.637,14856000.0
366.637,14856000.0
366.637,14856000.0
366.637,14856000.0
366.637,14856000.0
366.637,14856000.0
366.637,14856000.0
366.637,14856000.0
366.637,14855900.0
366.637,14855900.0
371.858,14855900.0
371.858,14855900.0
371.858,14855900.0
371.858,14855900.0
371.858,14855900.0
371.858,14855900.0
371.858,14855900.0
371.858,14855900.0
371.858,14855900.0
371.858,14855900.0
371.858,14855900.0
371.858,14855900.0
371.858,14855900.0
371.858,14855900.0
371.858,14855900.0
371.858,14855900.0
371.858,14855900.0
371.858,14855900.0
371.858,14857200.0
371.858,14856100.0
371.858,14855900.0
371.858,14855900.0
371.858,14855800.0
371.858,14855800.0
371.858,14855800.0
371.858,14855800.0
371.858,14855800.0
371.858,14855800.0
371.858,14855800.0
371.858,14855800.0
371.858,14855800.0
371.858,14855800.0
371.858,14855700.0
371.858,14855700.0
371.858,14855700.0
371.858,14855700.0
371.858,14855700.0
371.858,14855700.0
371.858,14855600.0
371.858,14855600.0
371.858,14855600.0
371.858,14855600.0
371.858,14855600.0
371.858,14855600.0
371.858,14855500.0
371.858,14855500.0
371.858,14855500.0
371.858,14855500.0
371.858,14855500.0
371.858,14855500.0
371.858,14855500.0
371.858,14855500.0
371.858,14855500.0
371.858,14855400.0
371.858,14855400.0
371.858,14855400.0
371.858,14855400.0
371.858,14855400.0
371.858,14855400.0
371.858,14855300.0
371.858,14855300.0
371.858,14855300.0
371.858,14855300.0
371.858,14855300.0
371.858,14857500.0
371.858,14855700.0
371.858,14855400.0
371.858,14855300.0
371.858,14855300.0
371.858,14855300.0
371.858,14855300.0
371.858,14855300.0
371.858,14855300.0
371.858,14855300.0
371.858,14855300.0
371.858,14855300.0
371.858,14855300.0
371.858,14855300.0
371.858,14855300.0
371.858,14855200.0
371.858,14855300.0
371.858,14855200.0
371.858,14855200.0
371.858,14855300.0
371.858,14855200.0
371.858,14855200.0
371.858,14855200.0
371.858,14855200.0
371.858,14855200.0
371.858,14855200.0
371.858,14855200.0
371.858,14855200.0
371.858,14855200.0
371.858,14855200.0
371.858,14855200.0
371.858,14855100.0
371.858,14855100.0
371.858,14855100.0
371.858,14855100.0
371.858,14855100.0
371.858,14855100.0
371.858,14855100.0
371.858,14855000.0
371.858,14855000.0
371.858,14855000.0
371.858,14855000.0
371.858,14855000.0
371.858,14855000.0
371.858,14855000.0
371.858,14855000.0
371.858,14855000.0
371.858,14854900.0
371.858,14854900.0
371.858,14854900.0
371.858,14854900.0
371.858,14854900.0
371.858,14854900.0
371.858,14854900.0
371.858,14854900.0
371.858,14854900.0
371.858,14854800.0
371.858,14854800.0
371.858,14854800.0
371.858,14854800.0
371.858,14854800.0
371.858,14854800.0
371.858,14854700.0
371.858,14854700.0
371.858,14854700.0
371.858,14854700.0
371.858,14854700.0
371.858,14854600.0
371.858,14854600.0
371.858,14854600.0
371.858,14854600.0
371.858,14854600.0
371.858,14854500.0
371.858,14854500.0
371.858,14854500.0
371.858,14854500.0
371.858,14854500.0
371.858,14854500.0
371.858,14854500.0
371.858,14854500.0
371.858,14854500.0
371.858,14854400.0
371.858,14854400.0
371.858,14854400.0
371.858,14854400.0
371.858,14856000.0
371.858,14854400.0
371.858,14854400.0
371.858,15275200.0
371.858,14888300.0
371.858,14857400.0
371.858,14854600.0
371.858,14854400.0
371.858,14854400.0
371.858,14859200.0
371.858,14855000.0
371.858,14854500.0
371.858,14854400.0
371.858,14854400.0
371.858,14854800.0
371.858,14854400.0
371.858,14854400.0
371.858,14854400.0
371.858,14854300.0
371.858,14854300.0
371.858,14854300.0
371.858,14854300.0
371.858,14854300.0
371.858,14854300.0
371.858,14854300.0
371.858,14854300.0
371.858,14854200.0
371.858,14854200.0
371.858,14854200.0
371.858,14854200.0
371.858,14854200.0
371.858,14854200.0
371.858,14854200.0
371.858,14854200.0
371.858,14854200.0
371.858,14854200.0
371.858,14854200.0
371.858,14854200.0
376.926,14854200.0
376.926,14854200.0
376.926,14854100.0
376.926,14854100.0
376.926,14854100.0
376.926,14854100.0
376.926,14854100.0
376.926,14854100.0
376.926,14854100.0
376.926,14854100.0
376.926,14854100.0
376.926,14854100.0
376.926,14854100.0
376.926,14854100.0
376.926,14854000.0
376.926,14854000.0
376.926,14854000.0
376.926,14854000.0
376.926,14854000.0
376.926,14854000.0
376.926,14854000.0
376.926,14854000.0
376.926,14854000.0
376.926,14854000.0
376.926,14854000.0
376.926,14854000.0
376.926,14854000.0
376.926,14854000.0
376.926,14854000.0
376.926,14854000.0
376.926,14853900.0
376.926,14853900.0
376.926,14853900.0
376.926,14853900.0
376.926,14853900.0
376.926,14853900.0
376.926,14853900.0
376.926,14853900.0
376.926,14853900.0
376.926,14853900.0
376.926,14853900.0
376.926,14853900.0
376.926,14853900.0
376.926,14853900.0
376.926,14853900.0
376.926,14853900.0
376.926,14853800.0
376.926,14853800.0
376.926,14853800.0
376.926,14853800.0
376.926,14853800.0
376.926,14853800.0
376.926,14853800.0
376.926,14853800.0
376.926,14853800.0
376.926,14853800.0
376.926,14853800.0
376.926,14853800.0
376.926,14853800.0
376.926,14853800.0
376.926,14853800.0
376.926,14853800.0
376.926,14853800.0
376.926,14853800.0
376.926,14853800.0
376.926,14853800.0
376.926,14853800.0
376.926,14853800.0
376.926,14853800.0
376.926,14853800.0
376.926,14853800.0
376.926,14853800.0
376.926,14853800.0
376.926,14853800.0
376.926,14853800.0
376.926,14853800.0
376.926,14853800.0
376.926,14853700.0
376.926,14853700.0
376.926,14853700.0
376.926,14853700.0
376.926,14853700.0
376.926,14853700.0
376.926,14853700.0
376.926,14853700.0
376.926,14853700.0
376.926,14853700.0
376.926,14853800.0
376.926,14853700.0
376.926,14853900.0
376.926,14853700.0
376.926,14853700.0
376.926,14854600.0
376.926,14853700.0
376.926,14853700.0
376.926,14853700.0
376.926,14853700.0
376.926,14853600.0
376.926,14853600.0
376.926,14853600.0
376.926,14853600.0
376.926,14853600.0
376.926,14853600.0
376.926,14853600.0
376.926,14853600.0
376.926,14853600.0
376.926,14853600.0
376.926,14853600.0
376.926,14853600.0
376.926,14853500.0
376.926,14853500.0
376.926,14853500.0
376.926,14853500.0
376.926,14855200.0
376.926,14853600.0
376.926,14853500.0
376.926,14853500.0
376.926,14853500.0
376.926,14853500.0
376.926,14853500.0
376.926,14853500.0
376.926,14853500.0
376.926,14853500.0
376.926,14853500.0
376.926,14853500.0
376.926,14853500.0
376.926,14853500.0
376.926,14853400.0
376.926,14853400.0
376.926,14853400.0
376.926,14853400.0
376.926,14853400.0
376.926,14853400.0
376.926,14853400.0
376.926,14853400.0
376.926,14853300.0
376.926,14853300.0
376.926,14853300.0
376.926,14853300.0
376.926,14853300.0
376.926,14853300.0
376.926,14853300.0
376.926,14853300.0
376.926,14853300.0
376.926,14853300.0
376.926,14853300.0
376.926,14853200.0
376.926,14853200.0
376.926,14853200.0
376.926,14853200.0
376.926,14853200.0
376.926,14853200.0
376.926,14853200.0
376.926,14853200.0
376.926,14853200.0
376.926,14853200.0
376.926,14853100.0
376.926,14853100.0
376.926,14853100.0
376.926,14853100.0
376.926,14853100.0
376.926,14853100.0
376.926,14853100.0
376.926,14853000.0
376.926,14853000.0
376.926,14853000.0
376.926,14853000.0
376.926,14853000.0
376.926,14853000.0
376.926,14853000.0
376.926,14853000.0
376.926,14852900.0
376.926,14852900.0
376.926,14852900.0
376.926,14852900.0
376.926,14852900.0
376.926,14852800.0
376.926,14852800.0
376.926,14852800.0
376.926,14852800.0
376.926,14852800.0
381.992,14852800.0
381.992,14852800.0
381.992,14852800.0
381.992,14852700.0
381.992,14852700.0
381.992,14852700.0
381.992,14852700.0
381.992,14852700.0
381.992,14852700.0
381.992,14852700.0
381.992,14852700.0
381.992,14852600.0
381.992,14852600.0
381.992,14852600.0
381.992,14852600.0
381.992,14852600.0
381.992,14852600.0
381.992,14852500.0
381.992,14852500.0
381.992,14852500.0
381.992,14852500.0
381.992,14852500.0
381.992,14852500.0
381.992,14852500.0
381.992,14852500.0
381.992,14852500.0
381.992,14852500.0
381.992,14852500.0
381.992,14852400.0
381.992,14852400.0
381.992,14852400.0
381.992,14852400.0
381.992,14852400.0
381.992,14852400.0
381.992,14852400.0
381.992,14852300.0
381.992,14852300.0
381.992,14852300.0
381.992,14852300.0
381.992,14852300.0
381.992,14852300.0
381.992,14852200.0
381.992,14852200.0
381.992,14852200.0
381.992,14852200.0
381.992,14852200.0
381.992,14852200.0
381.992,14852200.0
381.992,14852200.0
381.992,14852200.0
381.992,14852200.0
381.992,14852100.0
381.992,14852100.0
381.992,14852100.0
381.992,14852100.0
381.992,14852100.0
381.992,14852100.0
381.992,14852000.0
381.992,14852000.0
381.992,14852000.0
381.992,14852000.0
381.992,14851900.0
381.992,14852000.0
381.992,14851900.0
381.992,14851800.0
381.992,14851800.0
381.992,14851800.0
381.992,14851700.0
381.992,14851700.0
381.992,14851700.0
381.992,14851700.0
381.992,14851600.0
381.992,14851600.0
381.992,14851600.0
381.992,14851500.0
381.992,14851500.0
381.992,14851500.0
381.992,14851500.0
381.992,14851500.0
381.992,14851400.0
381.992,14851400.0
381.992,14851400.0
381.992,14851400.0
381.992,14851300.0
381.992,14851300.0
381.992,14851300.0
381.992,14851300.0
381.992,14851300.0
381.992,14851300.0
381.992,14851200.0
381.992,96498200.0
381.992,14854500.0
381.992,14851900.0
381.992,14851400.0
381.992,14851300.0
381.992,14851200.0
381.992,14851200.0
381.992,14851200.0
381.992,14851200.0
381.992,14851200.0
381.992,14851200.0
381.992,14851100.0
381.992,14851100.0
381.992,14851100.0
381.992,14851100.0
381.992,14851100.0
381.992,14851100.0
381.992,14851100.0
381.992,14851100.0
381.992,14851100.0
381.992,14851100.0
381.992,14851000.0
381.992,14851100.0
381.992,14851000.0
381.992,14851000.0
381.992,14851000.0
381.992,14851000.0
381.992,14851000.0
381.992,14851000.0
381.992,14851000.0
381.992,14851000.0
381.992,14851000.0
381.992,14851000.0
381.992,14851000.0
381.992,14850900.0
381.992,14850900.0
381.992,14850900.0
381.992,14850900.0
381.992,14850900.0
381.992,14850900.0
381.992,14997600.0
381.992,14855600.0
381.992,14850900.0
381.992,14851100.0
381.992,14850900.0
381.992,14850900.0
381.992,14850800.0
381.992,14850800.0
381.992,14850800.0
381.992,14850800.0
381.992,14850800.0
381.992,14850800.0
381.992,14850800.0
381.992,14850800.0
381.992,14850800.0
381.992,14850800.0
381.992,14850800.0
381.992,14850700.0
381.992,14850700.0
381.992,14850700.0
381.992,14850700.0
381.992,14850700.0
381.992,14850700.0
381.992,14850700.0
381.992,14850700.0
381.992,14850600.0
381.992,14850600.0
381.992,14850600.0
381.992,14850600.0
381.992,14850600.0
381.992,14850600.0
381.992,14850600.0
381.992,14850600.0
381.992,14850600.0
381.992,14850600.0
381.992,14850600.0
381.992,14850600.0
381.992,14850600.0
381.992,14850600.0
381.992,14850600.0
381.992,14850600.0
381.992,14850600.0
381.992,14850500.0
381.992,14850500.0
381.992,14850500.0
381.992,14850500.0
381.992,14850500.0
381.992,14850500.0
381.992,14850500.0
381.992,14850500.0
381.992,14850400.0
387.07,14850400.0
387.07,14850400.0
387.07,14850400.0
387.07,14850500.0
387.07,14850400.0
387.07,14851000.0
387.07,14850500.0
387.07,14850400.0
387.07,14850300.0
387.07,14850300.0
387.07,14850300.0
387.07,14850300.0
387.07,14850300.0
387.07,14850300.0
387.07,14850300.0
387.07,14850300.0
387.07,14850300.0
387.07,14850300.0
387.07,14850200.0
387.07,14850300.0
387.07,14850200.0
387.07,14851200.0
387.07,14850300.0
387.07,14850200.0
387.07,14850200.0
387.07,14850200.0
387.07,14850700.0
387.07,14850200.0
387.07,14850200.0
387.07,14850300.0
387.07,14850200.0
387.07,14850200.0
387.07,14850200.0
387.07,14850200.0
387.07,14850200.0
387.07,14850200.0
387.07,14850200.0
387.07,14850200.0
387.07,14850200.0
387.07,14850200.0
387.07,14850200.0
387.07,14850200.0
387.07,14850200.0
387.07,14850200.0
387.07,14850100.0
387.07,14850100.0
387.07,14852100.0
387.07,14850100.0
387.07,14853800.0
387.07,14850500.0
387.07,14850200.0
387.07,14850100.0
387.07,14850300.0
387.07,14850100.0
387.07,14850100.0
387.07,14850100.0
387.07,14850100.0
387.07,14850100.0
387.07,14850100.0
387.07,14850100.0
387.07,14850100.0
387.07,14850100.0
387.07,14850100.0
387.07,14850000.0
387.07,14850000.0
387.07,14850000.0
387.07,14850000.0
387.07,14850000.0
387.07,14850000.0
387.07,14850100.0
387.07,14850000.0
387.07,14850000.0
387.07,14850000.0
387.07,14850000.0
387.07,14849900.0
387.07,14849900.0
387.07,14849900.0
387.07,14849900.0
387.07,14849900.0
387.07,14849900.0
387.07,14849900.0
387.07,14849900.0
387.07,14849900.0
387.07,14849900.0
387.07,14849900.0
387.07,14849900.0
387.07,14849900.0
387.07,14849900.0
387.07,14849900.0
387.07,14849900.0
387.07,14849900.0
387.07,14849900.0
387.07,14849900.0
387.07,14849900.0
387.07,14849900.0
387.07,14849900.0
387.07,14849800.0
387.07,14849800.0
387.07,14849800.0
387.07,14849800.0
387.07,14849800.0
387.07,14849800.0
387.07,14849700.0
387.07,14849700.0
387.07,14849700.0
387.07,14849700.0
387.07,14849700.0
387.07,14849700.0
387.07,14849600.0
387.07,14849600.0
387.07,14849600.0
387.07,14849600.0
387.07,14849600.0
387.07,14849600.0
387.07,14849600.0
387.07,14849600.0
387.07,14849500.0
387.07,14849500.0
387.07,14849500.0
387.07,14849500.0
387.07,14849500.0
387.07,14849600.0
387.07,14849500.0
387.07,14849600.0
387.07,14849500.0
387.07,14849500.0
387.07,14849500.0
387.07,14849500.0
387.07,14849500.0
387.07,14849400.0
387.07,14849400.0
387.07,14849400.0
387.07,14849400.0
387.07,14849400.0
387.07,14849400.0
387.07,14849300.0
387.07,14849300.0
387.07,14849300.0
387.07,14849300.0
387.07,14849300.0
387.07,14849300.0
387.07,14849300.0
387.07,14849200.0
387.07,14849200.0
387.07,14849200.0
387.07,14849200.0
387.07,14849200.0
387.07,14849200.0
387.07,14849200.0
387.07,14849200.0
387.07,14849100.0
387.07,14849100.0
387.07,14849100.0
387.07,14849100.0
387.07,14849100.0
387.07,14849100.0
387.07,14849100.0
387.07,14849100.0
387.07,14849100.0
387.07,14849100.0
387.07,14849000.0
387.07,14849000.0
387.07,14849000.0
387.07,14849000.0
387.07,14849000.0
387.07,14849000.0
387.07,14849000.0
387.07,14849000.0
387.07,14849000.0
387.07,14849000.0
387.07,14849000.0
387.07,14849000.0
387.07,14849000.0
387.07,14849000.0
387.07,14849000.0
387.07,14849000.0
387.07,14849000.0
387.07,14849000.0
387.07,14848900.0
387.07,14848900.0
392.134,14848900.0
392.134,14849700.0
392.134,14848900.0
392.134,14848900.0
392.134,14897900.0
392.134,14853600.0
392.134,14849400.0
392.134,14849000.0
392.134,14848900.0
392.134,14848900.0
392.134,14848900.0
392.134,14848900.0
392.134,14848900.0
392.134,14848900.0
392.134,14848900.0
392.134,14848800.0
392.134,14848800.0
392.134,14848800.0
392.134,14848800.0
392.134,14848800.0
392.134,14848800.0
392.134,14848800.0
392.134,14848800.0
392.134,14848800.0
392.134,14848800.0
392.134,14848800.0
392.134,14848800.0
392.134,14848800.0
392.134,14848800.0
392.134,14848800.0
392.134,14848800.0
392.134,14848800.0
392.134,14848800.0
392.134,14848800.0
392.134,14848800.0
392.134,14848800.0
392.134,14848700.0
392.134,14848700.0
392.134,14848700.0
392.134,14848700.0
392.134,14848700.0
392.134,14848700.0
392.134,14848700.0
392.134,14848700.0
392.134,14848700.0
392.134,14848700.0
392.134,14848700.0
392.134,14848700.0
392.134,14848700.0
392.134,14848700.0
392.134,14848700.0
392.134,14848700.0
392.134,14848700.0
392.134,14848700.0
392.134,14848700.0
392.134,14848600.0
392.134,14848600.0
392.134,14848600.0
392.134,14848600.0
392.134,14848600.0
392.134,14848600.0
392.134,14848600.0
392.134,14848600.0
392.134,14848500.0
392.134,14848500.0
392.134,14848500.0
392.134,14848500.0
392.134,14848500.0
392.134,14848500.0
392.134,14848500.0
392.134,14848500.0
392.134,14848500.0
392.134,14848500.0
392.134,14848500.0
392.134,14848400.0
392.134,14848400.0
392.134,14848400.0
392.134,14848400.0
392.134,14848400.0
392.134,14848400.0
392.134,14848400.0
392.134,14848400.0
392.134,14848400.0
392.134,14848400.0
392.134,14848400.0
392.134,14848400.0
392.134,14848400.0
392.134,14848400.0
392.134,14848300.0
392.134,14848300.0
392.134,14848300.0
392.134,14848300.0
392.134,14848300.0
392.134,14848300.0
392.134,14848300.0
392.134,14848300.0
392.134,14848300.0
392.134,14848300.0
392.134,14848300.0
392.134,14848300.0
392.134,18672500.0
392.134,14849000.0
392.134,14848400.0
392.134,14848300.0
392.134,14848300.0
392.134,14848200.0
392.134,14848200.0
392.134,14848200.0
392.134,14848200.0
392.134,14848200.0
392.134,14848200.0
392.134,14848200.0
392.134,14848200.0
392.134,14848200.0
392.134,14848500.0
392.134,14848200.0
392.134,14848200.0
392.134,14848200.0
392.134,14848100.0
392.134,14848100.0
392.134,14848100.0
392.134,14848100.0
392.134,14848100.0
392.134,14848100.0
392.134,14848100.0
392.134,14848000.0
392.134,14848000.0
392.134,14864000.0
392.134,14848700.0
392.134,14848000.0
392.134,14848100.0
392.134,14848000.0
392.134,14848000.0
392.134,14847900.0
392.134,14847900.0
392.134,14848800.0
392.134,14847900.0
392.134,14847900.0
392.134,14848000.0
392.134,14847900.0
392.134,14847900.0
392.134,14870100.0
392.134,14848000.0
392.134,14847900.0
392.134,14847900.0
392.134,14847900.0
392.134,14847900.0
392.134,14847900.0
392.134,14847900.0
392.134,14847900.0
392.134,14847900.0
392.134,14847900.0
392.134,14847800.0
392.134,14847800.0
392.134,14847800.0
392.134,14847800.0
392.134,14847800.0
392.134,14847800.0
392.134,14847800.0
392.134,14847800.0
392.134,14847700.0
392.134,14847700.0
392.134,14847700.0
392.134,14847700.0
392.134,14847700.0
392.134,14847700.0
392.134,14847700.0
392.134,14847700.0
392.134,14847700.0
392.134,14847600.0
392.134,14847600.0
392.134,14847600.0
392.134,14847600.0
392.134,14847600.0
392.134,14847600.0
392.134,14847600.0
392.134,14847600.0
392.134,14847600.0
392.134,14847600.0
392.134,14847600.0
392.134,14847600.0
397.199,14847600.0
397.199,14847500.0
397.199,14847500.0
397.199,14847500.0
397.199,14847500.0
397.199,14847500.0
397.199,14847500.0
397.199,14847500.0
397.199,14847500.0
397.199,14847500.0
397.199,14847500.0
397.199,14847400.0
397.199,14847400.0
397.199,14847400.0
397.199,14847400.0
397.199,14847400.0
397.199,14847400.0
397.199,14847400.0
397.199,14847400.0
397.199,14847400.0
397.199,14847300.0
397.199,14847300.0
397.199,14847300.0
397.199,14847300.0
397.199,14847300.0
397.199,14847300.0
397.199,14847300.0
397.199,14847300.0
397.199,14847300.0
397.199,14847300.0
397.199,14847200.0
397.199,14847300.0
397.199,14847200.0
397.199,14847200.0
397.199,14847200.0
397.199,14847200.0
397.199,14847200.0
397.199,14847200.0
397.199,14847200.0
397.199,14847200.0
397.199,14847200.0
397.199,14847100.0
397.199,14847100.0
397.199,14847100.0
397.199,14847100.0
397.199,14847100.0
397.199,14847100.0
397.199,14847100.0
397.199,14847100.0
397.199,14847000.0
397.199,14847000.0
397.199,14847000.0
397.199,14847000.0
397.199,14847000.0
397.199,14847000.0
397.199,14847000.0
397.199,14847000.0
397.199,14847000.0
397.199,14847000.0
397.199,14847000.0
397.199,14847000.0
397.199,14846900.0
397.199,14846900.0
397.199,14846900.0
397.199,14846900.0
397.199,14846800.0
397.199,14846800.0
397.199,14846800.0
397.199,14846800.0
397.199,14846800.0
397.199,14846700.0
397.199,14846700.0
397.199,14846700.0
397.199,14846700.0
397.199,14846700.0
397.199,14846700.0
397.199,14846600.0
397.199,14846600.0
397.199,14846600.0
397.199,14846600.0
397.199,14846500.0
397.199,14846500.0
397.199,14846500.0
397.199,14846500.0
397.199,14847200.0
397.199,14846600.0
397.199,14846500.0
397.199,14846500.0
397.199,14846500.0
397.199,14846400.0
397.199,14846400.0
397.199,14846400.0
397.199,14846400.0
397.199,14846400.0
397.199,14846400.0
397.199,14846400.0
397.199,14846300.0
397.199,14846300.0
397.199,14846300.0
397.199,14846300.0
397.199,14846300.0
397.199,14846300.0
397.199,14846300.0
397.199,14846300.0
397.199,14846300.0
397.199,14846200.0
397.199,14846200.0
397.199,14846300.0
397.199,14846200.0
397.199,14846200.0
397.199,14846200.0
397.199,14846200.0
397.199,14846200.0
397.199,14846200.0
397.199,14846200.0
397.199,14846200.0
397.199,14846100.0
397.199,14846100.0
397.199,14846100.0
397.199,14846100.0
397.199,14846100.0
397.199,14846100.0
397.199,14846100.0
397.199,14846100.0
397.199,14846000.0
397.199,14846000.0
397.199,14846000.0
397.199,14846100.0
397.199,14846000.0
397.199,14846100.0
397.199,14846000.0
397.199,14846000.0
397.199,14846000.0
397.199,14846000.0
397.199,14846000.0
397.199,14845900.0
397.199,15245600.0
397.199,14845900.0
397.199,14845900.0
397.199,14845900.0
397.199,14845900.0
397.199,14845900.0
397.199,14845900.0
397.199,14845900.0
397.199,14845900.0
397.199,14845900.0
397.199,14845900.0
397.199,14845800.0
397.199,14845800.0
397.199,14845800.0
397.199,14845800.0
397.199,14845900.0
397.199,14845800.0
397.199,14845800.0
397.199,14845800.0
397.199,14845800.0
397.199,14845800.0
397.199,14845800.0
397.199,14845800.0
397.199,14845700.0
397.199,14845700.0
397.199,14845700.0
397.199,14845900.0
397.199,14845700.0
397.199,14845700.0
397.199,14845700.0
397.199,14845800.0
397.199,14845700.0
397.199,14845700.0
397.199,14845700.0
397.199,14845700.0
397.199,14845600.0
397.199,14845600.0
397.199,14845600.0
397.199,14845700.0
397.199,14845600.0
397.199,14845600.0
397.199,14845600.0
397.199,14845600.0
397.199,14845600.0
402.417,14845600.0
402.417,14845600.0
402.417,14845600.0
402.417,14845600.0
402.417,14845600.0
402.417,14845500.0
402.417,14845500.0
402.417,14845500.0
402.417,14845500.0
402.417,14845500.0
402.417,14845500.0
402.417,14845500.0
402.417,14845500.0
402.417,14845500.0
402.417,14845500.0
402.417,14845500.0
402.417,14845500.0
402.417,14845500.0
402.417,14845500.0
402.417,14845500.0
402.417,14845500.0
402.417,14845400.0
402.417,14845400.0
402.417,14845400.0
402.417,14845400.0
402.417,14845400.0
402.417,14845400.0
402.417,14845400.0
402.417,14845400.0
402.417,14845400.0
402.417,14845400.0
402.417,14845400.0
402.417,14845400.0
402.417,14845400.0
402.417,14845400.0
402.417,14845400.0
402.417,14845400.0
402.417,14845400.0
402.417,14845400.0
402.417,14845400.0
402.417,14845400.0
402.417,14845400.0
402.417,14845300.0
402.417,14845300.0
402.417,14845300.0
402.417,14845300.0
402.417,14845300.0
402.417,14845300.0
402.417,14845300.0
402.417,14845300.0
402.417,14846200.0
402.417,14845300.0
402.417,15337600.0
402.417,14878500.0
402.417,14846900.0
402.417,14845300.0
402.417,14845300.0
402.417,41629200.0
402.417,17244100.0
402.417,15054900.0
402.417,14863200.0
402.417,14846800.0
402.417,14845400.0
402.417,14845300.0
402.417,14845300.0
402.417,14845800.0
402.417,14845400.0
402.417,14845300.0
402.417,14845300.0
402.417,14845200.0
402.417,14845200.0
402.417,14845200.0
402.417,14845200.0
402.417,14845200.0
402.417,14845200.0
402.417,14845200.0
402.417,14845200.0
402.417,14845200.0
402.417,14845200.0
402.417,14845200.0
402.417,14845200.0
402.417,14845200.0
402.417,14845200.0
402.417,14845200.0
402.417,14845200.0
402.417,14845200.0
402.417,14845200.0
402.417,14845200.0
402.417,14845200.0
402.417,14845200.0
402.417,14845200.0
402.417,14845200.0
402.417,14854500.0
402.417,14845900.0
402.417,14845200.0
402.417,14845200.0
402.417,14865300.0
402.417,14846900.0
402.417,14845200.0
402.417,14845100.0
402.417,14845100.0
402.417,14845100.0
402.417,14845100.0
402.417,14845100.0
402.417,14845100.0
402.417,14845100.0
402.417,14845100.0
402.417,14845100.0
402.417,14845100.0
402.417,14845100.0
402.417,14845200.0
402.417,14845100.0
402.417,14845100.0
402.417,14845100.0
402.417,14845100.0
402.417,14845100.0
402.417,14845100.0
402.417,14845100.0
402.417,14845100.0
402.417,14845100.0
402.417,14845000.0
402.417,14845000.0
402.417,14845000.0
402.417,14845000.0
402.417,14845000.0
402.417,14845000.0
402.417,14845000.0
402.417,14845000.0
402.417,14845000.0
402.417,14845000.0
402.417,14845000.0
402.417,14845000.0
402.417,14845000.0
402.417,14845000.0
402.417,14845000.0
402.417,14844900.0
402.417,14844900.0
402.417,14845000.0
402.417,14844900.0
402.417,14844900.0
402.417,14844900.0
402.417,14844900.0
402.417,14844900.0
402.417,14844900.0
402.417,14844900.0
402.417,14844900.0
402.417,14844900.0
402.417,14844800.0
402.417,14844800.0
402.417,14844800.0
402.417,14844800.0
402.417,14844800.0
402.417,14844800.0
402.417,14844800.0
402.417,14844700.0
402.417,14844700.0
402.417,14844700.0
402.417,14844700.0
402.417,14844700.0
402.417,14844700.0
402.417,14844700.0
402.417,14844700.0
402.417,14844700.0
402.417,14844700.0
402.417,14844700.0
402.417,14844600.0
402.417,14844700.0
402.417,14844600.0
402.417,14844600.0
402.417,14844600.0
402.417,14844600.0
402.417,14844600.0
402.417,14844600.0
402.417,14844600.0
402.417,14844600.0
402.417,14844600.0
402.417,14844600.0
402.417,14844600.0
402.417,14844600.0
402.417,14844600.0
402.417,14844600.0
402.417,14844600.0
402.417,14844600.0
402.417,14844600.0
402.417,14844600.0
402.417,14844600.0
402.417,14844600.0
407.483,14844600.0
407.483,14844500.0
407.483,14844500.0
407.483,14844500.0
407.483,14844500.0
407.483,14844500.0
407.483,14844500.0
407.483,14844500.0
407.483,14844500.0
407.483,14844500.0
407.483,14844500.0
407.483,14844400.0
407.483,14844400.0
407.483,14844400.0
407.483,14844400.0
407.483,14844400.0
407.483,14844400.0
407.483,14844400.0
407.483,14844400.0
407.483,14844400.0
407.483,14844400.0
407.483,14844400.0
407.483,14844400.0
407.483,14844400.0
407.483,14844300.0
407.483,14844300.0
407.483,14844300.0
407.483,14844300.0
407.483,14844300.0
407.483,14844300.0
407.483,14844300.0
407.483,14844200.0
407.483,15156200.0
407.483,14844900.0
407.483,14844300.0
407.483,14844200.0
407.483,14844200.0
407.483,14844200.0
407.483,14844200.0
407.483,14844200.0
407.483,14844200.0
407.483,14845400.0
407.483,14844200.0
407.483,14844200.0
407.483,14844200.0
407.483,14844200.0
407.483,14844200.0
407.483,14844200.0
407.483,14844800.0
407.483,14844200.0
407.483,14844200.0
407.483,14852200.0
407.483,14845000.0
407.483,14844300.0
407.483,14844200.0
407.483,14844200.0
407.483,14844200.0
407.483,14844200.0
407.483,14844200.0
407.483,14844200.0
407.483,14844200.0
407.483,14844100.0
407.483,14844100.0
407.483,14844100.0
407.483,14844200.0
407.483,14844100.0
407.483,14844100.0
407.483,14844100.0
407.483,14844100.0
407.483,14844100.0
407.483,14844100.0
407.483,14844100.0
407.483,14844100.0
407.483,14844100.0
407.483,14844100.0
407.483,14844100.0
407.483,14844100.0
407.483,14844100.0
407.483,14844100.0
407.483,14844100.0
407.483,14844100.0
407.483,14844100.0
407.483,14844100.0
407.483,14844000.0
407.483,14844000.0
407.483,14844000.0
407.483,14844000.0
407.483,14844000.0
407.483,14844000.0
407.483,14844000.0
407.483,14844000.0
407.483,14844000.0
407.483,14844000.0
407.483,14844000.0
407.483,14844000.0
407.483,14844000.0
407.483,14843900.0
407.483,14843900.0
407.483,14843900.0
407.483,14843900.0
407.483,14843900.0
407.483,14843900.0
407.483,14843900.0
407.483,14843900.0
407.483,14843900.0
407.483,14843900.0
407.483,14843900.0
407.483,14843900.0
407.483,14843900.0
407.483,15064700.0
407.483,14844500.0
407.483,14844000.0
407.483,14843900.0
407.483,14843900.0
407.483,14843900.0
407.483,14843800.0
407.483,14843800.0
407.483,14843900.0
407.483,14843800.0
407.483,15073300.0
407.483,14846500.0
407.483,14843800.0
407.483,15217700.0
407.483,14873600.0
407.483,14845100.0
407.483,14843800.0
407.483,14843800.0
407.483,32743100.0
407.483,16575800.0
407.483,15031500.0
407.483,14861800.0
407.483,14845100.0
407.483,14843900.0
407.483,14843800.0
407.483,14843800.0
407.483,14843800.0
407.483,14843800.0
407.483,14843700.0
407.483,14843700.0
407.483,14843700.0
407.483,14843800.0
407.483,14843700.0
407.483,14843700.0
407.483,14843700.0
407.483,14843700.0
407.483,14843700.0
407.483,14843700.0
407.483,14843700.0
407.483,14843700.0
407.483,14843700.0
407.483,14843700.0
407.483,14843600.0
407.483,14843600.0
407.483,14843600.0
407.483,14843600.0
407.483,14843600.0
407.483,14843600.0
407.483,14843600.0
407.483,14843600.0
407.483,14843600.0
407.483,14843600.0
407.483,14843600.0
407.483,14843600.0
407.483,14843500.0
407.483,14843500.0
407.483,14843500.0
407.483,14843500.0
407.483,14843500.0
407.483,14843500.0
407.483,14843500.0
407.483,14843500.0
407.483,14843500.0
407.483,14843500.0
407.483,14843500.0
407.483,14843500.0
407.483,14843500.0
407.483,14843500.0
407.483,14843400.0
407.483,14843400.0
412.544,14843400.0
412.544,14843400.0
412.544,14843400.0
412.544,14843400.0
412.544,14843400.0
412.544,14843400.0
412.544,14843400.0
412.544,14843400.0
412.544,14843400.0
412.544,14843400.0
412.544,14843300.0
412.544,14843300.0
412.544,14843300.0
412.544,14843300.0
412.544,14843300.0
412.544,14843400.0
412.544,14843300.0
412.544,14843300.0
412.544,14843300.0
412.544,14843300.0
412.544,14843300.0
412.544,14843300.0
412.544,14843300.0
412.544,14843300.0
412.544,14843200.0
412.544,14843200.0
412.544,14843200.0
412.544,14843200.0
412.544,14843200.0
412.544,14843300.0
412.544,14843200.0
412.544,14843200.0
412.544,14843200.0
412.544,14843200.0
412.544,14843200.0
412.544,14843200.0
412.544,14843100.0
412.544,14843100.0
412.544,14843100.0
412.544,14843100.0
412.544,14843100.0
412.544,14843100.0
412.544,14843100.0
412.544,14843100.0
412.544,14843100.0
412.544,14843100.0
412.544,14843100.0
412.544,14843100.0
412.544,14843100.0
412.544,14843100.0
412.544,14843100.0
412.544,14843100.0
412.544,14843000.0
412.544,14843000.0
412.544,14843000.0
412.544,14843000.0
412.544,14843000.0
412.544,14843000.0
412.544,14843000.0
412.544,14843000.0
412.544,14843000.0
412.544,14843000.0
412.544,14843000.0
412.544,14842900.0
412.544,14842900.0
412.544,14842900.0
412.544,14842900.0
412.544,14842900.0
412.544,14842900.0
412.544,14842900.0
412.544,14842900.0
412.544,14842900.0
412.544,14842800.0
412.544,14842900.0
412.544,14842800.0
412.544,14842800.0
412.544,14842800.0
412.544,14842800.0
412.544,14843500.0
412.544,14842900.0
412.544,14842800.0
412.544,14842800.0
412.544,14842800.0
412.544,14842800.0
412.544,14842800.0
412.544,14842800.0
412.544,14842800.0
412.544,14842800.0
412.544,14842800.0
412.544,14842800.0
412.544,14842800.0
412.544,14842900.0
412.544,14842800.0
412.544,14842800.0
412.544,14842700.0
412.544,14842700.0
412.544,14842700.0
412.544,14842700.0
412.544,14842700.0
412.544,14842700.0
412.544,14842700.0
412.544,14842700.0
412.544,14842700.0
412.544,14842700.0
412.544,14842600.0
412.544,14842600.0
412.544,14842600.0
412.544,14842600.0
412.544,14842600.0
412.544,14842600.0
412.544,14842600.0
412.544,14842600.0
412.544,14842600.0
412.544,14842600.0
412.544,14842600.0
412.544,14842600.0
412.544,14842600.0
412.544,14842600.0
412.544,14842600.0
412.544,14842600.0
412.544,14842600.0
412.544,14842600.0
412.544,14842600.0
412.544,14842600.0
412.544,14842600.0
412.544,14842500.0
412.544,14846200.0
412.544,14842500.0
412.544,15413400.0
412.544,14864500.0
412.544,14842600.0
412.544,14842500.0
412.544,15501100.0
412.544,14891400.0
412.544,14845000.0
412.544,14842600.0
412.544,14842500.0
412.544,14842500.0
412.544,14843000.0
412.544,14842600.0
412.544,14842500.0
412.544,14842500.0
412.544,14842500.0
412.544,14842500.0
412.544,14842500.0
412.544,14842500.0
412.544,14842500.0
412.544,14842500.0
412.544,14842500.0
412.544,14842500.0
412.544,14842500.0
412.544,14842500.0
412.544,14842500.0
412.544,14842500.0
412.544,14842500.0
412.544,14842500.0
412.544,14842500.0
412.544,14842500.0
412.544,14842500.0
412.544,14842500.0
412.544,14842500.0
412.544,14842500.0
412.544,14842500.0
412.544,14842500.0
412.544,14842500.0
412.544,14842500.0
412.544,14842500.0
412.544,14842500.0
412.544,14842400.0
412.544,14842400.0
412.544,14842500.0
412.544,14842400.0
412.544,14842400.0
412.544,14842400.0
412.544,14842400.0
412.544,14842400.0
417.609,14842400.0
417.609,14842400.0
417.609,14842400.0
417.609,14842400.0
417.609,14842400.0
417.609,14842400.0
417.609,14842400.0
417.609,14842400.0
417.609,14842400.0
417.609,14842400.0
417.609,14842400.0
417.609,14842400.0
417.609,14842400.0
417.609,14842400.0
417.609,14842400.0
417.609,14842400.0
417.609,14842400.0
417.609,14842400.0
417.609,14842300.0
417.609,14842300.0
417.609,14842300.0
417.609,14842300.0
417.609,14842300.0
417.609,14842300.0
417.609,14842300.0
417.609,14842300.0
417.609,14842300.0
417.609,14842300.0
417.609,14842300.0
417.609,14842300.0
417.609,14842300.0
417.609,14842300.0
417.609,14842300.0
417.609,14842300.0
417.609,14842300.0
417.609,14842300.0
417.609,14842300.0
417.609,14842300.0
417.609,14842300.0
417.609,14842300.0
417.609,14842300.0
417.609,14842200.0
417.609,14842200.0
417.609,14842200.0
417.609,14842200.0
417.609,14842200.0
417.609,14842200.0
417.609,14842200.0
417.609,14842200.0
417.609,14842200.0
417.609,14842200.0
417.609,14842200.0
417.609,14842200.0
417.609,14842200.0
417.609,14842200.0
417.609,14842100.0
417.609,14842100.0
417.609,14842100.0
417.609,14842100.0
417.609,14842100.0
417.609,14842100.0
417.609,14842100.0
417.609,14842100.0
417.609,14842100.0
417.609,14842100.0
417.609,14842100.0
417.609,14842100.0
417.609,14842100.0
417.609,14842100.0
417.609,14842100.0
417.609,14842100.0
417.609,14842100.0
417.609,14842100.0
417.609,14842100.0
417.609,14842100.0
417.609,14842100.0
417.609,14842000.0
417.609,14842000.0
417.609,14842000.0
417.609,14842000.0
417.609,14842000.0
417.609,14842000.0
417.609,14842000.0
417.609,14842000.0
417.609,14842000.0
417.609,14842000.0
417.609,14842000.0
417.609,14842000.0
417.609,14842000.0
417.609,14842000.0
417.609,14842000.0
417.609,14842000.0
417.609,14841900.0
417.609,14841900.0
417.609,14841900.0
417.609,14841900.0
417.609,14841900.0
417.609,14841900.0
417.609,14841900.0
417.609,14841900.0
417.609,14841900.0
417.609,14841900.0
417.609,14841800.0
417.609,14841800.0
417.609,14841800.0
417.609,14841800.0
417.609,14841800.0
417.609,14841800.0
417.609,14841700.0
417.609,14841700.0
417.609,14841700.0
417.609,14841700.0
417.609,14842900.0
417.609,14841900.0
417.609,14841700.0
417.609,14841700.0
417.609,14841700.0
417.609,14841700.0
417.609,14841600.0
417.609,14841600.0
417.609,14841600.0
417.609,14841600.0
417.609,14841600.0
417.609,14841600.0
417.609,14841600.0
417.609,14841500.0
417.609,14841600.0
417.609,14841500.0
417.609,14841500.0
417.609,14841500.0
417.609,14841500.0
417.609,14841500.0
417.609,14841500.0
417.609,14841500.0
417.609,14841500.0
417.609,14841500.0
417.609,14841500.0
417.609,14841500.0
417.609,14841500.0
417.609,14841500.0
417.609,14841500.0
417.609,14841500.0
417.609,14841400.0
417.609,14841400.0
417.609,14841400.0
417.609,14841400.0
417.609,14841400.0
417.609,14841400.0
417.609,14841400.0
417.609,14841400.0
417.609,14841400.0
417.609,14841400.0
417.609,14841400.0
417.609,14841400.0
417.609,14841400.0
417.609,14841400.0
417.609,14841300.0
417.609,14841300.0
417.609,14841300.0
417.609,14841300.0
417.609,14841300.0
417.609,14841300.0
417.609,14841200.0
417.609,14841200.0
417.609,14841200.0
417.609,14841200.0
417.609,14841200.0
417.609,14841200.0
417.609,14841200.0
417.609,14841200.0
417.609,14841200.0
417.609,14841100.0
417.609,14841100.0
417.609,14841100.0
417.609,14841100.0
417.609,14841100.0
422.673,14841100.0
422.673,14841100.0
422.673,14841100.0
422.673,14841100.0
422.673,14841000.0
422.673,14841000.0
422.673,14841000.0
422.673,14841000.0
422.673,14841000.0
422.673,14841000.0
422.673,14841000.0
422.673,14841000.0
422.673,14840900.0
422.673,14840900.0
422.673,14840900.0
422.673,14840900.0
422.673,14840800.0
422.673,14840800.0
422.673,14841400.0
422.673,14840900.0
422.673,14840800.0
422.673,14840800.0
422.673,14840700.0
422.673,14840700.0
422.673,14840700.0
422.673,14840700.0
422.673,14840700.0
422.673,14840600.0
422.673,14840600.0
422.673,14840600.0
422.673,14840600.0
422.673,14840600.0
422.673,14840600.0
422.673,14840500.0
422.673,14840500.0
422.673,14840500.0
422.673,14840500.0
422.673,14840500.0
422.673,14840400.0
422.673,14840400.0
422.673,14840400.0
422.673,14840400.0
422.673,14840400.0
422.673,14840400.0
422.673,14840400.0
422.673,14840300.0
422.673,14840300.0
422.673,14840300.0
422.673,14840300.0
422.673,14840300.0
422.673,14840200.0
422.673,14840200.0
422.673,14840200.0
422.673,14840200.0
422.673,14840200.0
422.673,14840100.0
422.673,14840100.0
422.673,14840100.0
422.673,14840100.0
422.673,14840000.0
422.673,14840000.0
422.673,14840000.0
422.673,14840000.0
422.673,14839900.0
422.673,14839900.0
422.673,14839900.0
422.673,14839800.0
422.673,14839800.0
422.673,14839800.0
422.673,14839900.0
422.673,14839800.0
422.673,14839800.0
422.673,14839700.0
422.673,14839700.0
422.673,14839700.0
422.673,14839700.0
422.673,14839700.0
422.673,14839700.0
422.673,14839700.0
422.673,14839700.0
422.673,14839600.0
422.673,14839600.0
422.673,14839600.0
422.673,14839600.0
422.673,14839600.0
422.673,14839600.0
422.673,14839600.0
422.673,14839500.0
422.673,14839500.0
422.673,14839500.0
422.673,14839500.0
422.673,14839500.0
422.673,14839500.0
422.673,14839500.0
422.673,14839500.0
422.673,14839500.0
422.673,14839400.0
422.673,14839400.0
422.673,14839400.0
422.673,14839400.0
422.673,14839400.0
422.673,14839300.0
422.673,14839300.0
422.673,14839300.0
422.673,14839200.0
422.673,14839200.0
422.673,14839200.0
422.673,14839200.0
422.673,14839200.0
422.673,14839100.0
422.673,14839100.0
422.673,14839100.0
422.673,14839100.0
422.673,14839000.0
422.673,14839000.0
422.673,14839000.0
422.673,14838900.0
422.673,14838900.0
422.673,14838900.0
422.673,14838800.0
422.673,14838800.0
422.673,14838700.0
422.673,14838700.0
422.673,14838800.0
422.673,14838700.0
422.673,14839200.0
422.673,14838700.0
422.673,14838700.0
422.673,14838600.0
422.673,14838600.0
422.673,14838500.0
422.673,14838500.0
422.673,14838500.0
422.673,14838500.0
422.673,14838500.0
422.673,14838500.0
422.673,14838400.0
422.673,14838400.0
422.673,14838400.0
422.673,14838400.0
422.673,14838400.0
422.673,14838400.0
422.673,14838300.0
422.673,14838300.0
422.673,14838300.0
422.673,14838300.0
422.673,14838300.0
422.673,14838200.0
422.673,14838200.0
422.673,14838200.0
422.673,14838200.0
422.673,14838200.0
422.673,14838200.0
422.673,14838200.0
422.673,14838200.0
422.673,14838100.0
422.673,14838100.0
422.673,14838100.0
422.673,14838100.0
422.673,14838100.0
422.673,14838100.0
422.673,14838100.0
422.673,14838100.0
422.673,14838100.0
422.673,14838100.0
422.673,14838100.0
422.673,14838100.0
422.673,14838100.0
422.673,14838100.0
422.673,14838000.0
422.673,14838000.0
422.673,14838000.0
422.673,14838000.0
422.673,14838000.0
422.673,14838000.0
422.673,14838000.0
422.673,14838000.0
422.673,14838000.0
422.673,14837900.0
427.742,14837900.0
427.742,14837900.0
427.742,14837900.0
427.742,14837900.0
427.742,14837900.0
427.742,14837800.0
427.742,14837800.0
427.742,14837800.0
427.742,14837800.0
427.742,14837800.0
427.742,14837800.0
427.742,14837800.0
427.742,14837800.0
427.742,14837800.0
427.742,14837800.0
427.742,14837800.0
427.742,14837800.0
427.742,14837800.0
427.742,14837800.0
427.742,14837700.0
427.742,14837700.0
427.742,14837700.0
427.742,14837700.0
427.742,14837700.0
427.742,14837700.0
427.742,14837700.0
427.742,14837700.0
427.742,14837700.0
427.742,14837700.0
427.742,14837700.0
427.742,14837600.0
427.742,14837600.0
427.742,14838000.0
427.742,14837700.0
427.742,14837600.0
427.742,14837600.0
427.742,14837600.0
427.742,14837600.0
427.742,14837600.0
427.742,14837600.0
427.742,14837600.0
427.742,14837600.0
427.742,14837600.0
427.742,14837600.0
427.742,14837600.0
427.742,14837600.0
427.742,14838300.0
427.742,14837600.0
427.742,14837600.0
427.742,14837700.0
427.742,14837600.0
427.742,14837500.0
427.742,14837500.0
427.742,14837500.0
427.742,14837500.0
427.742,14837500.0
427.742,14837500.0
427.742,14837500.0
427.742,14837500.0
427.742,14837500.0
427.742,14837400.0
427.742,14837400.0
427.742,14837400.0
427.742,14837400.0
427.742,14837400.0
427.742,14837400.0
427.742,14837400.0
427.742,14837400.0
427.742,14837400.0
427.742,14837400.0
427.742,14837400.0
427.742,14837400.0
427.742,14837400.0
427.742,14837400.0
427.742,14837400.0
427.742,14837400.0
427.742,14837300.0
427.742,14837300.0
427.742,14837300.0
427.742,14837300.0
427.742,14837300.0
427.742,14837300.0
427.742,14837300.0
427.742,14837300.0
427.742,14837300.0
427.742,14837300.0
427.742,14837300.0
427.742,14837300.0
427.742,14837300.0
427.742,14837300.0
427.742,14837300.0
427.742,14837300.0
427.742,14837300.0
427.742,14837300.0
427.742,14837300.0
427.742,14837300.0
427.742,14837300.0
427.742,14837300.0
427.742,14837300.0
427.742,14837300.0
427.742,14837300.0
427.742,14837300.0
427.742,14837300.0
427.742,14837300.0
427.742,14837300.0
427.742,14837300.0
427.742,14837300.0
427.742,14837300.0
427.742,14837200.0
427.742,14837200.0
427.742,14837200.0
427.742,14837200.0
427.742,14837800.0
427.742,14837300.0
427.742,14837200.0
427.742,14838200.0
427.742,14837300.0
427.742,14837200.0
427.742,14837200.0
427.742,14837200.0
427.742,14837200.0
427.742,14837200.0
427.742,14837200.0
427.742,14837200.0
427.742,14837100.0
427.742,14837100.0
427.742,14837100.0
427.742,14837000.0
427.742,14837000.0
427.742,14837000.0
427.742,14837000.0
427.742,14837000.0
427.742,14837000.0
427.742,14837000.0
427.742,14837000.0
427.742,14837000.0
427.742,14837000.0
427.742,14836900.0
427.742,14836900.0
427.742,14836900.0
427.742,14836900.0
427.742,14836900.0
427.742,14836900.0
427.742,14836900.0
427.742,14836900.0
427.742,14836900.0
427.742,14836900.0
427.742,14836900.0
427.742,14836900.0
427.742,14836900.0
427.742,14836900.0
427.742,14836900.0
427.742,14836900.0
427.742,14836900.0
427.742,14836900.0
427.742,14836800.0
427.742,14836800.0
427.742,14836800.0
427.742,14836800.0
427.742,14836800.0
427.742,14836800.0
427.742,14836800.0
427.742,14836800.0
427.742,14836800.0
427.742,14836800.0
427.742,14836800.0
427.742,14836800.0
427.742,14836800.0
427.742,14836800.0
427.742,14836800.0
427.742,14836800.0
427.742,14836800.0
427.742,14836800.0
427.742,14836800.0
427.742,14836800.0
427.742,14836800.0
427.742,14836800.0
427.742,14836800.0
427.742,14836800.0
427.742,14836800.0
427.742,14836700.0
432.953,14836700.0
432.953,14836700.0
432.953,14836700.0
432.953,14836700.0
432.953,14836700.0
432.953,14836700.0
432.953,14836700.0
432.953,14836700.0
432.953,14836700.0
432.953,14836700.0
432.953,14836700.0
432.953,14836700.0
432.953,14836600.0
432.953,14836600.0
432.953,14838800.0
432.953,14836700.0
432.953,14836600.0
432.953,14838100.0
432.953,14836700.0
432.953,14836600.0
432.953,14836600.0
432.953,14836600.0
432.953,14836600.0
432.953,14836600.0
432.953,14836600.0
432.953,14836600.0
432.953,14836600.0
432.953,14836600.0
432.953,14836600.0
432.953,14836600.0
432.953,14836600.0
432.953,14836600.0
432.953,14836600.0
432.953,14836600.0
432.953,14836600.0
432.953,14836600.0
432.953,14836600.0
432.953,14836600.0
432.953,14836600.0
432.953,14836600.0
432.953,14836600.0
432.953,14836600.0
432.953,14836600.0
432.953,14836600.0
432.953,14836500.0
432.953,14836500.0
432.953,14836500.0
432.953,14836500.0
432.953,14836500.0
432.953,14836500.0
432.953,14836500.0
432.953,14836500.0
432.953,14836500.0
432.953,14836500.0
432.953,14836500.0
432.953,14836500.0
432.953,14836500.0
432.953,14836500.0
432.953,14836500.0
432.953,14836500.0
432.953,14836500.0
432.953,14836500.0
432.953,14836500.0
432.953,14836500.0
432.953,14836500.0
432.953,14836500.0
432.953,14836500.0
432.953,14836500.0
432.953,14836400.0
432.953,14836400.0
432.953,14836400.0
432.953,14836400.0
432.953,14836400.0
432.953,14836400.0
432.953,14836400.0
432.953,14836400.0
432.953,14836400.0
432.953,14836400.0
432.953,14836400.0
432.953,14836400.0
432.953,14836400.0
432.953,14836400.0
432.953,14836400.0
432.953,14836400.0
432.953,14836400.0
432.953,14836400.0
432.953,14836400.0
432.953,14836400.0
432.953,14836400.0
432.953,14836400.0
432.953,14836400.0
432.953,14836400.0
432.953,14836300.0
432.953,14836300.0
432.953,14836300.0
432.953,14836300.0
432.953,14836300.0
432.953,14836300.0
432.953,14836300.0
432.953,14836300.0
432.953,14836300.0
432.953,14836300.0
432.953,14836200.0
432.953,14836200.0
432.953,14836200.0
432.953,14836200.0
432.953,14836200.0
432.953,14836200.0
432.953,14836200.0
432.953,14836200.0
432.953,14836100.0
432.953,14836100.0
432.953,14836100.0
432.953,14836100.0
432.953,14836200.0
432.953,14836100.0
432.953,14836100.0
432.953,14836100.0
432.953,14836100.0
432.953,14836100.0
432.953,14836100.0
432.953,14836100.0
432.953,14836100.0
432.953,14836100.0
432.953,14836100.0
432.953,14836100.0
432.953,14836100.0
432.953,14836100.0
432.953,14836100.0
432.953,14836000.0
432.953,14836000.0
432.953,14836000.0
432.953,14836000.0
432.953,14836000.0
432.953,14836000.0
432.953,14836000.0
432.953,14836000.0
432.953,14836000.0
432.953,14836000.0
432.953,14836000.0
432.953,14836000.0
432.953,14836000.0
432.953,14836000.0
432.953,14836000.0
432.953,14836000.0
432.953,14836000.0
432.953,14836000.0
432.953,14836000.0
432.953,14836000.0
432.953,14837900.0
432.953,14836000.0
432.953,14836000.0
432.953,15312500.0
432.953,14879900.0
432.953,14840700.0
432.953,14836400.0
432.953,14836000.0
432.953,14836000.0
432.953,22389900.0
432.953,15131900.0
432.953,14838200.0
432.953,14836000.0
432.953,14836000.0
432.953,14836000.0
432.953,14836000.0
432.953,14836000.0
432.953,14836000.0
432.953,14836000.0
432.953,14836000.0
432.953,14836000.0
432.953,14836000.0
432.953,14836000.0
432.953,14836000.0
432.953,14835900.0
432.953,14838400.0
432.953,14836100.0
432.953,14835900.0
432.953,14835900.0
432.953,14835900.0
432.953,14835900.0
432.953,14836000.0
432.953,14835900.0
432.953,14835900.0
432.953,14835900.0
432.953,14835900.0
432.953,14835900.0
438.018,14835900.0
438.018,14835900.0
438.018,14835900.0
438.018,14835900.0
438.018,14835900.0
438.018,14835900.0
438.018,14835900.0
438.018,14835900.0
438.018,14835900.0
438.018,14835900.0
438.018,14835900.0
438.018,14835900.0
438.018,14835900.0
438.018,14835900.0
438.018,14835900.0
438.018,14835800.0
438.018,14835800.0
438.018,14835800.0
438.018,14835800.0
438.018,14835800.0
438.018,14835800.0
438.018,14835800.0
438.018,14835800.0
438.018,14835800.0
438.018,14835800.0
438.018,14835800.0
438.018,14835800.0
438.018,14835800.0
438.018,14835800.0
438.018,14835800.0
438.018,14835700.0
438.018,14835700.0
438.018,14835700.0
438.018,14835700.0
438.018,14835700.0
438.018,14835600.0
438.018,14835600.0
438.018,14835600.0
438.018,14835600.0
438.018,14835600.0
438.018,14835600.0
438.018,14835700.0
438.018,14835600.0
438.018,14835500.0
438.018,14835500.0
438.018,14835500.0
438.018,14835500.0
438.018,14835500.0
438.018,14835500.0
438.018,14835500.0
438.018,14835400.0
438.018,14835400.0
438.018,14835400.0
438.018,14835400.0
438.018,14835400.0
438.018,14835300.0
438.018,14835300.0
438.018,14835300.0
438.018,14835300.0
438.018,14835200.0
438.018,14835200.0
438.018,14835200.0
438.018,14835100.0
438.018,14835100.0
438.018,14835000.0
438.018,14835000.0
438.018,14835000.0
438.018,14835000.0
438.018,14835000.0
438.018,14835000.0
438.018,14834900.0
438.018,14835000.0
438.018,14834900.0
438.018,14834900.0
438.018,14834800.0
438.018,14834800.0
438.018,14834700.0
438.018,14834700.0
438.018,14834600.0
438.018,14834600.0
438.018,14834600.0
438.018,14834600.0
438.018,14834600.0
438.018,14834500.0
438.018,14834500.0
438.018,14834500.0
438.018,14834500.0
438.018,14834500.0
438.018,14834500.0
438.018,14834400.0
438.018,14834400.0
438.018,14834400.0
438.018,14834300.0
438.018,14834300.0
438.018,14834300.0
438.018,14834200.0
438.018,14834200.0
438.018,14834200.0
438.018,14834200.0
438.018,14834200.0
438.018,14834200.0
438.018,14834200.0
438.018,14834100.0
438.018,14834100.0
438.018,14834100.0
438.018,14834000.0
438.018,14834000.0
438.018,14834000.0
438.018,14833900.0
438.018,14834100.0
438.018,14833900.0
438.018,14833900.0
438.018,14839400.0
438.018,14834100.0
438.018,14833900.0
438.018,14833900.0
438.018,14833800.0
438.018,14833800.0
438.018,14833800.0
438.018,14833800.0
438.018,14833700.0
438.018,14833700.0
438.018,14833700.0
438.018,14833700.0
438.018,14833600.0
438.018,14833600.0
438.018,14833700.0
438.018,14833600.0
438.018,14833600.0
438.018,14833500.0
438.018,14833500.0
438.018,14833500.0
438.018,14833400.0
438.018,14833400.0
438.018,14833300.0
438.018,14833300.0
438.018,14833300.0
438.018,14833200.0
438.018,14833200.0
438.018,14833200.0
438.018,14833100.0
438.018,14833100.0
438.018,14833100.0
438.018,14833000.0
438.018,14833000.0
438.018,14833000.0
438.018,14832900.0
438.018,14832900.0
438.018,14832800.0
438.018,14832800.0
438.018,14832800.0
438.018,14832800.0
438.018,14832800.0
438.018,14832700.0
438.018,14832700.0
438.018,14832700.0
438.018,14832700.0
438.018,14832600.0
438.018,14832600.0
438.018,14832600.0
438.018,14832600.0
438.018,14833600.0
438.018,14832700.0
438.018,14832600.0
438.018,14833000.0
438.018,14832600.0
438.018,14832600.0
438.018,14832600.0
438.018,14832500.0
438.018,14832500.0
438.018,14832500.0
438.018,14832500.0
438.018,14832500.0
438.018,14832500.0
438.018,14832400.0
438.018,14832400.0
438.018,14833500.0
438.018,14832300.0
438.018,80390800.0
438.018,15813200.0
438.018,14832300.0
438.018,733750000.0
