[33m[WARN] [1785700569.659580936]: POINT BE BUILD![0m
[0m[INFO] [1785700569.199545236]: [MANAGE]: Initilized start and end![0m
[0m[INFO] [1785700569.203602664]: [MANAGE]: Initilized ros![0m
[0m[INFO] [1785700569.225958449]: map size: 14.000000, 10.000000, 4.000000[0m
[0m[INFO] [1785700569.225975291]: dim: 466, 333, 133[0m
[0m[INFO] [1785700569.237796449]: buffer size: 20638674[0m
[1;36mJPS PLANNER VERBOSE ON
[0m[0m[INFO] [1785700569.240027016]: [MANAGE]: Other mode init! Loaded 6 inter points.[0m
[0m[INFO] [1785700569.240824276]: [MANAGE]: Initilized pre and post![0m
[0m[INFO] [1785700569.240838378]: [MANAGE]: PlannerManage init done![0m
[0m[INFO] [1785700569.655672460]: [SE3_PLANNER]: please wait~[0m
[0m[INFO] [1785700569.661854353]: [0;33mReceived the point cloud![0m[0m
[MANAGE]: Waiting for PCL data!
[33m[WARN] [1785700570.265020518]: [JPS]: Map has been updated[0m
[0m[INFO] [1785700571.201696730]: [SE3_PLANNER]: Begin path searching![0m
[0m[INFO] [1785700571.201733858]: [SE3_PLANNER]: Searching path from (-3.000, 0.000, 1.500) to (-0.200, 0.180, 0.810)[0m
Start:  -3   0 1.5
Goal:  -0.2 0.18 0.81
Epsilon:  1
Goal Reached!!!!!!

goal g: 122.000000, h: 0.000000!
Expand [89323] nodes!
[0m[INFO] [1785700571.482755540]: [SE3_PLANNER]: Searching path from (-0.200, 0.180, 0.810) to (0.200, 0.180, 0.810)[0m
Start: -0.2 0.18 0.81
Goal:   0.2 0.18 0.81
Epsilon:  1
Goal Reached!!!!!!

goal g: 14.000000, h: 0.000000!
Expand [15] nodes!
[0m[INFO] [1785700571.737454959]: [SE3_PLANNER]: Searching path from (0.200, 0.180, 0.810) to (0.200, -0.160, 0.810)[0m
Start:  0.2 0.18 0.81
Goal:    0.2 -0.16  0.81
Epsilon:  1
Goal Reached!!!!!!

goal g: 11.000000, h: 0.000000!
Expand [12] nodes!
[0m[INFO] [1785700571.907006392]: [SE3_PLANNER]: Searching path from (0.200, -0.160, 0.810) to (0.020, -0.160, 0.810)[0m
Start:   0.2 -0.16  0.81
Goal:   0.02 -0.16  0.81
Epsilon:  1
Goal Reached!!!!!!

goal g: 6.000000, h: 0.000000!
Expand [7] nodes!
[0m[INFO] [1785700572.088726678]: [SE3_PLANNER]: Searching path from (0.020, -0.160, 0.810) to (0.020, 0.180, 0.810)[0m
Start:  0.02 -0.16  0.81
Goal:  0.02 0.18 0.81
Epsilon:  1
Goal Reached!!!!!!

goal g: 11.000000, h: 0.000000!
Expand [12] nodes!
[0m[INFO] [1785700572.311852380]: [SE3_PLANNER]: Searching path from (0.020, 0.180, 0.810) to (-0.200, -0.200, 0.810)[0m
Start: 0.02 0.18 0.81
Goal:  -0.2 -0.2 0.81
Epsilon:  1
Goal Reached!!!!!!

goal g: 20.000000, h: 0.000000!
Expand [527] nodes!
[0m[INFO] [1785700572.507269439]: [SE3_PLANNER]: Searching path from (-0.200, -0.200, 0.810) to (3.000, 0.000, 1.500)[0m
Start: -0.2 -0.2 0.81
Goal:    3   0 1.5
Epsilon:  1
Goal Reached!!!!!!

goal g: 136.000000, h: 0.000000!
Expand [104205] nodes!
[0m[INFO] [1785700572.749187053]: [SE3_PLANNER]: JPS search path![0m
[0m[INFO] [1785700572.749219961]: [32m[SE3_PLANNER]: JPS path searching time: 1.547 s[0m[0m
[0m[INFO] [1785700572.749240304]: Path published![0m
[0m[INFO] [1785700572.749245630]: [SE3_PLANNER]: inter_ids size: 6[0m
overlap = 5
overlap = 5
overlap = 5
overlap = 5
overlap = 5
overlap = 5
[0m[INFO] [1785700572.870448380]: [SE3_PLANNER]: The inter point is in the polyhedron 1 and 2 ![0m
[0m[INFO] [1785700572.879446138]: [SE3_PLANNER]: The inter point is in the polyhedron 4 and 5 ![0m
[0m[INFO] [1785700572.888591006]: [SE3_PLANNER]: The inter point is in the polyhedron 7 and 8 ![0m
[0m[INFO] [1785700572.897741413]: [SE3_PLANNER]: The inter point is in the polyhedron 10 and 11 ![0m
[0m[INFO] [1785700572.906814201]: [SE3_PLANNER]: The inter point is in the polyhedron 13 and 14 ![0m
[0m[INFO] [1785700572.915927650]: [SE3_PLANNER]: The inter point is in the polyhedron 16 and 17 ![0m
[33mBegin to optimize the trajectory with MINCO...[0m
[1;32m[SE3_PLANNER]: MINCO setup successfully![0m
[0m[INFO] [1785700572.926196645]: [SE3GCOPTER]: set initial done[0m
[0m[INFO] [1785700572.926249912]: [SE3GCOPTER]: backward done[0m
[Workspace_Model_H]: Using device: cuda
[Workspace_Model_H]: Workspace probability model successfully initialized on cuda
cost = 6.20901e+17
cost = 4.99037e+20
cost = 2.34841e+21
cost = 4.00808e+19
cost = 8.90493e+17
cost = 2.7983e+16
cost = 2.69999e+16
cost = 2.59642e+16
cost = 2.39361e+16
cost = 1.08503e+16
cost = 6.19302e+15
cost = 3.14576e+15
cost = 1.75094e+15
cost = 9.18224e+14
cost = 4.12023e+14
cost = 2.33065e+14
cost = 1.39973e+14
cost = 7.51922e+13
cost = 3.34428e+13
cost = 6.63564e+13
cost = 2.75286e+13
cost = 1.19255e+13
cost = 8.89591e+12
cost = 6.81576e+12
cost = 5.7148e+12
cost = 4.07939e+12
cost = 1.81207e+12
cost = 7.75772e+11
cost = 3.91298e+11
cost = 2.5831e+11
cost = 1.56473e+11
cost = 8.09026e+10
cost = 4.43318e+10
cost = 2.25959e+10
cost = 1.10317e+10
cost = 6.33007e+09
cost = 4.51003e+09
cost = 2.68775e+09
cost = 1.49068e+09
cost = 8.50578e+08
cost = 5.25703e+08
cost = 3.82177e+08
cost = 2.59894e+08
cost = 1.63361e+08
cost = 1.166e+08
cost = 8.40177e+07
cost = 7.1798e+07
cost = 6.82783e+07
cost = 6.6078e+07
cost = 6.50427e+07
cost = 6.33537e+07
cost = 6.07145e+07
cost = 5.98694e+07
cost = 5.74677e+07
cost = 5.58366e+07
cost = 5.45236e+07
cost = 5.41341e+07
cost = 5.36471e+07
cost = 5.33496e+07
cost = 3.387e+09
cost = 1.13693e+08
cost = 5.30354e+07
cost = 9.24428e+09
cost = 1.10042e+09
cost = 1.32071e+08
cost = 5.6391e+07
cost = 5.29795e+07
cost = 5.28365e+07
cost = 5.27328e+07
cost = 5.24085e+07
cost = 5.25155e+07
cost = 5.21953e+07
cost = 8.19643e+07
cost = 5.39914e+07
cost = 5.21434e+07
cost = 5.19384e+07
cost = 5.1878e+07
cost = 5.15967e+07
cost = 5.14412e+07
cost = 5.13238e+07
cost = 5.1138e+07
cost = 5.0737e+07
cost = 5.04158e+07
cost = 5.03061e+07
cost = 5.01597e+07
cost = 5.01327e+07
cost = 5.00143e+07
cost = 4.97961e+07
cost = 4.96858e+07
cost = 4.9534e+07
cost = 4.94078e+07
cost = 4.91346e+07
cost = 4.88853e+07
cost = 4.87739e+07
cost = 4.85653e+07
cost = 4.81466e+07
cost = 4.80088e+07
cost = 4.80521e+07
cost = 4.79073e+07
cost = 4.77886e+07
cost = 4.76728e+07
cost = 4.75444e+07
cost = 3.93989e+08
cost = 4.81321e+07
cost = 4.74775e+07
cost = 4.72286e+07
cost = 4.69788e+07
cost = 4.73998e+07
cost = 4.68834e+07
cost = 6.86084e+09
cost = 1.1874e+09
cost = 1.59888e+08
cost = 5.51688e+07
cost = 4.72396e+07
cost = 4.68443e+07
cost = 4.66349e+07
cost = 4.66624e+07
cost = 4.65578e+07
cost = 4.64869e+07
cost = 4.64269e+07
cost = 4.63658e+07
cost = 4.63085e+07
cost = 4.72008e+07
cost = 4.60879e+07
cost = 4.59901e+07
cost = 4.58981e+07
cost = 4.58161e+07
cost = 4.57487e+07
cost = 4.56249e+07
cost = 4.54797e+07
cost = 4.53783e+07
cost = 4.52287e+07
cost = 4.48197e+07
cost = 4.46139e+07
cost = 4.49415e+07
cost = 4.41439e+07
cost = 4.41153e+07
cost = 4.39161e+07
cost = 4.40288e+07
cost = 4.38146e+07
cost = 4.38779e+07
cost = 4.36756e+07
cost = 4.39507e+07
cost = 4.36064e+07
cost = 4.34496e+07
cost = 4.32248e+07
cost = 4.63477e+09
cost = 3.76774e+08
cost = 4.81449e+07
cost = 4.31207e+07
cost = 1.07181e+08
cost = 4.67769e+07
cost = 4.31496e+07
cost = 4.30823e+07
cost = 3.24124e+08
cost = 7.1451e+07
cost = 4.58038e+07
cost = 4.33213e+07
cost = 4.30907e+07
cost = 4.30749e+07
cost = 4.30579e+07
cost = 4.2944e+07
cost = 4.28811e+07
cost = 4.27823e+07
cost = 4.26574e+07
cost = 4.23588e+07
cost = 4.20484e+07
cost = 4.38696e+07
cost = 4.19949e+07
cost = 4.20297e+07
cost = 4.18167e+07
cost = 4.17169e+07
cost = 4.15354e+07
cost = 3.63845e+09
cost = 4.11121e+07
cost = 4.09317e+07
cost = 4.09557e+07
cost = 4.08397e+07
cost = 4.07065e+07
cost = 4.05329e+07
cost = 4.03044e+07
cost = 7.69209e+09
cost = 1.33089e+09
cost = 1.32674e+08
cost = 4.33175e+07
cost = 4.02539e+07
cost = 8.81052e+07
cost = 4.30943e+07
cost = 4.038e+07
cost = 4.01559e+07
cost = 3.96132e+07
cost = 3.94747e+07
cost = 3.92386e+07
cost = 3.9149e+07
cost = 1.42105e+08
cost = 4.01374e+07
cost = 3.90364e+07
cost = 8.68156e+08
cost = 1.10313e+08
cost = 4.34114e+07
cost = 3.91181e+07
cost = 3.89929e+07
cost = 3.95943e+07
cost = 3.89297e+07
cost = 1.2007e+10
cost = 7.38776e+08
cost = 4.02958e+07
cost = 3.86692e+07
cost = 1.26483e+08
cost = 3.96351e+07
cost = 3.85783e+07
cost = 1.23914e+08
cost = 4.44632e+07
cost = 3.88026e+07
cost = 3.85444e+07
cost = 3.84169e+07
cost = 3.8384e+07
cost = 3.86496e+07
cost = 3.83374e+07
cost = 3.81083e+07
cost = 3.79704e+07
cost = 3.78564e+07
cost = 3.77217e+07
cost = 3.76777e+07
cost = 3.74462e+07
cost = 3.73508e+07
cost = 5.2012e+07
cost = 3.72538e+07
cost = 3.71798e+07
cost = 3.71171e+07
cost = 6.82777e+08
cost = 5.25217e+07
cost = 3.78425e+07
cost = 3.71167e+07
cost = 3.71879e+07
cost = 3.70525e+07
cost = 3.69455e+07
cost = 3.68139e+07
cost = 3.66472e+07
cost = 3.65082e+07
cost = 3.71569e+07
cost = 3.65106e+07
cost = 3.64756e+07
cost = 3.69308e+07
cost = 3.65166e+07
cost = 3.64602e+07
cost = 3.63943e+07
cost = 3.62829e+07
cost = 3.60321e+07
cost = 3.59245e+07
cost = 3.58308e+07
cost = 3.56858e+07
cost = 3.57382e+07
cost = 3.54892e+07
cost = 3.59855e+07
cost = 3.54296e+07
cost = 3.52313e+07
cost = 3.50416e+07
cost = 3.48121e+07
cost = 3.49571e+07
cost = 3.45597e+07
cost = 3.45148e+07
cost = 3.43106e+07
cost = 3.41973e+07
cost = 3.40933e+07
cost = 3.39634e+07
cost = 3.38699e+07
cost = 3.3686e+07
cost = 3.34774e+07
cost = 3.4868e+07
cost = 3.34303e+07
cost = 3.34077e+07
cost = 3.33642e+07
cost = 3.31679e+07
cost = 3.29947e+07
cost = 3.28238e+07
cost = 4.93364e+07
cost = 3.35242e+07
cost = 3.26607e+07
cost = 3.25702e+07
cost = 3.24744e+07
cost = 3.23845e+07
cost = 3.22442e+07
cost = 3.21311e+07
cost = 3.20187e+07
cost = 3.18432e+07
cost = 3.16156e+07
cost = 4.37842e+07
cost = 3.15189e+07
cost = 3.13335e+07
cost = 3.11991e+07
cost = 3.10954e+07
cost = 3.1064e+07
cost = 3.09788e+07
cost = 3.09044e+07
cost = 3.07454e+07
cost = 3.47151e+07
cost = 3.0694e+07
cost = 3.44291e+07
cost = 3.05727e+07
cost = 3.06455e+07
cost = 3.04925e+07
cost = 3.03617e+07
cost = 3.03853e+07
cost = 3.02942e+07
cost = 3.14172e+07
cost = 3.01856e+07
cost = 6.20424e+07
cost = 3.22391e+07
cost = 3.02465e+07
cost = 3.01435e+07
cost = 3.22145e+07
cost = 3.00992e+07
cost = 3.00219e+07
cost = 2.99366e+07
cost = 2.9978e+07
cost = 2.98791e+07
cost = 2.98263e+07
cost = 2.98401e+07
cost = 2.97988e+07
cost = 2.9776e+07
cost = 2.97453e+07
cost = 2.97227e+07
cost = 2.96926e+07
cost = 2.96722e+07
cost = 2.96588e+07
cost = 2.96291e+07
cost = 2.96151e+07
cost = 2.95685e+07
cost = 2.95349e+07
cost = 2.94922e+07
cost = 2.94265e+07
cost = 2.93718e+07
cost = 2.92383e+07
cost = 2.91595e+07
cost = 2.90843e+07
cost = 2.9675e+07
cost = 2.90594e+07
cost = 2.91564e+07
cost = 2.90108e+07
cost = 2.8917e+07
cost = 2.88429e+07
cost = 2.87382e+07
cost = 2.86743e+07
cost = 2.86234e+07
cost = 2.85674e+07
cost = 2.85205e+07
cost = 2.84482e+07
cost = 2.83886e+07
cost = 2.82997e+07
cost = 2.82652e+07
cost = 2.82136e+07
cost = 2.82049e+07
cost = 2.81627e+07
cost = 2.81059e+07
cost = 2.80264e+07
cost = 2.79722e+07
cost = 2.79349e+07
cost = 2.78688e+07
cost = 2.78207e+07
cost = 2.77701e+07
cost = 2.77459e+07
cost = 2.76806e+07
cost = 2.76058e+07
cost = 2.76203e+07
cost = 2.75433e+07
cost = 2.74831e+07
cost = 2.76891e+07
cost = 2.74107e+07
cost = 2.74016e+07
cost = 2.73199e+07
cost = 2.72223e+07
cost = 2.71606e+07
cost = 2.7072e+07
cost = 3.00232e+07
cost = 2.704e+07
cost = 2.70035e+07
cost = 2.69401e+07
cost = 2.68697e+07
cost = 2.68342e+07
cost = 2.67191e+07
cost = 2.66514e+07
cost = 2.65869e+07
cost = 2.65106e+07
cost = 2.64389e+07
cost = 2.63308e+07
cost = 2.64495e+07
cost = 2.62375e+07
cost = 2.61434e+07
cost = 2.60426e+07
cost = 2.59276e+07
cost = 2.90714e+07
cost = 2.60587e+07
cost = 2.58594e+07
cost = 2.57828e+07
cost = 2.56784e+07
cost = 2.55986e+07
cost = 2.54937e+07
cost = 2.5411e+07
cost = 2.5349e+07
cost = 2.53108e+07
cost = 2.51664e+07
cost = 2.6858e+07
cost = 2.51209e+07
cost = 2.53307e+07
cost = 2.51465e+07
cost = 2.50939e+07
cost = 2.49967e+07
cost = 2.48854e+07
cost = 2.59496e+07
cost = 2.48423e+07
cost = 2.46737e+07
cost = 2.45488e+07
cost = 2.46075e+07
cost = 2.44823e+07
cost = 2.44875e+07
cost = 2.43857e+07
cost = 2.43101e+07
cost = 2.42379e+07
cost = 2.41907e+07
cost = 2.40962e+07
cost = 2.40349e+07
cost = 2.3969e+07
cost = 2.17314e+10
cost = 5.43835e+09
cost = 2.43481e+08
cost = 2.39402e+07
cost = 4.06931e+10
cost = 2.31343e+10
cost = 8.52011e+09
cost = 1.55374e+09
cost = 1.94385e+08
cost = 3.98869e+07
cost = 2.53418e+07
cost = 2.40458e+07
cost = 2.39459e+07
cost = 2.39397e+07
cost = 2.38262e+07
cost = 2.88542e+07
cost = 2.37735e+07
cost = 2.36627e+07
cost = 3.27648e+07
cost = 2.36837e+07
cost = 2.36339e+07
cost = 2.14967e+08
cost = 2.98624e+07
cost = 2.36619e+07
cost = 2.35734e+07
cost = 3.71218e+07
cost = 2.46156e+07
cost = 2.36253e+07
cost = 2.35524e+07
cost = 1.70369e+10
cost = 6.70673e+08
cost = 2.75537e+07
cost = 2.34126e+07
cost = 2.33477e+07
cost = 2.32646e+07
cost = 2.31483e+07
cost = 2.42072e+07
cost = 2.30926e+07
cost = 2.66862e+07
cost = 2.30795e+07
cost = 2.30574e+07
cost = 2.29655e+07
cost = 2.28806e+07
cost = 2.28108e+07
cost = 2.26948e+07
cost = 2.26157e+07
cost = 2.25423e+07
cost = 2.31014e+07
cost = 2.25601e+07
cost = 2.25221e+07
cost = 2.24592e+07
cost = 2.24299e+07
cost = 2.23684e+07
cost = 2.26731e+07
cost = 2.23241e+07
cost = 2.22789e+07
cost = 2.22168e+07
cost = 2.21749e+07
cost = 2.21384e+07
cost = 2.2101e+07
cost = 2.20512e+07
cost = 2.2053e+07
cost = 2.202e+07
cost = 2.19895e+07
cost = 2.19406e+07
cost = 2.19023e+07
cost = 2.18989e+07
cost = 2.18557e+07
cost = 2.18274e+07
cost = 2.17713e+07
cost = 2.17106e+07
cost = 2.17623e+07
cost = 2.16656e+07
cost = 2.16781e+07
cost = 2.16498e+07
cost = 2.16111e+07
cost = 3.06973e+07
cost = 2.16437e+07
cost = 2.15583e+07
cost = 1.43788e+08
cost = 2.24995e+07
cost = 2.15937e+07
cost = 2.15423e+07
cost = 2.14796e+07
cost = 2.14582e+07
cost = 2.14334e+07
cost = 2.14128e+07
cost = 2.13688e+07
cost = 2.13332e+07
cost = 2.12682e+07
cost = 2.12173e+07
cost = 2.1154e+07
cost = 2.10831e+07
cost = 3.4338e+10
cost = 3.12796e+09
cost = 2.07468e+08
cost = 2.91306e+07
cost = 2.1194e+07
cost = 2.10769e+07
cost = 2.10818e+07
cost = 1.48141e+10
cost = 1.16961e+09
cost = 9.521e+07
cost = 2.61394e+07
cost = 2.14559e+07
cost = 2.11084e+07
cost = 2.10804e+07
cost = 2.753e+08
cost = 2.76963e+07
cost = 2.13851e+07
cost = 2.10286e+07
cost = 2.09764e+07
cost = 2.0926e+07
cost = 2.08379e+07
cost = 2.07905e+07
cost = 2.07259e+07
cost = 2.06524e+07
cost = 2.05834e+07
cost = 2.06715e+07
cost = 2.05536e+07
cost = 2.04809e+07
cost = 2.04295e+07
cost = 2.0362e+07
cost = 2.03245e+07
cost = 2.02805e+07
cost = 2.02414e+07
cost = 2.03521e+07
cost = 2.02179e+07
cost = 2.01673e+07
cost = 2.01252e+07
cost = 2.00845e+07
cost = 2.00295e+07
cost = 1.99664e+07
cost = 1.99028e+07
cost = 1.97803e+07
cost = 1.96943e+07
cost = 1.974e+07
cost = 1.96723e+07
cost = 1.96134e+07
cost = 1.95099e+07
cost = 1.94053e+07
cost = 1.93604e+07
cost = 1.92869e+07
cost = 1.9252e+07
cost = 1.92276e+07
cost = 1.91985e+07
cost = 1.91843e+07
cost = 1.9161e+07
cost = 1.91437e+07
cost = 1.91056e+07
cost = 1.90723e+07
cost = 1.90373e+07
cost = 1.90045e+07
cost = 1.89073e+07
cost = 1.88311e+07
cost = 1.87307e+07
cost = 1.86465e+07
cost = 1.86005e+07
cost = 1.85468e+07
cost = 1.84925e+07
cost = 1.84316e+07
cost = 1.83767e+07
cost = 1.83323e+07
cost = 1.82819e+07
cost = 1.82713e+07
cost = 1.82288e+07
cost = 1.81869e+07
cost = 1.81339e+07
cost = 1.80964e+07
cost = 1.80425e+07
cost = 1.80309e+07
cost = 1.80169e+07
cost = 1.80126e+07
cost = 1.79932e+07
cost = 1.7982e+07
cost = 1.79684e+07
cost = 1.79442e+07
cost = 1.79271e+07
cost = 1.79049e+07
cost = 1.78905e+07
cost = 1.78731e+07
cost = 1.78643e+07
cost = 1.78419e+07
cost = 1.78269e+07
cost = 1.781e+07
cost = 2.00983e+07
cost = 1.78865e+07
cost = 1.78061e+07
cost = 1.78007e+07
cost = 1.7795e+07
cost = 1.779e+07
cost = 1.77888e+07
cost = 1.77821e+07
cost = 1.77762e+07
cost = 1.77645e+07
cost = 1.7775e+07
cost = 1.77553e+07
cost = 1.77486e+07
cost = 1.77358e+07
cost = 1.77277e+07
cost = 1.7714e+07
cost = 1.77024e+07
cost = 1.7694e+07
cost = 1.76856e+07
cost = 1.76764e+07
cost = 1.79151e+07
cost = 1.76659e+07
cost = 5.23969e+07
cost = 1.92036e+07
cost = 1.76926e+07
cost = 1.76618e+07
cost = 6.88191e+07
cost = 2.14904e+07
cost = 1.79762e+07
cost = 1.76866e+07
cost = 1.76622e+07
cost = 1.76608e+07
cost = 1.76505e+07
cost = 1.76376e+07
cost = 1.76297e+07
cost = 1.76205e+07
cost = 1.76129e+07
cost = 1.76061e+07
cost = 1.75986e+07
cost = 1.75853e+07
cost = 1.75779e+07
cost = 1.75721e+07
cost = 1.75539e+07
cost = 1.75395e+07
cost = 1.75285e+07
cost = 1.75075e+07
cost = 1.74991e+07
cost = 1.74897e+07
cost = 1.7484e+07
cost = 1.74717e+07
cost = 1.74735e+07
cost = 1.74668e+07
cost = 1.74596e+07
cost = 1.74513e+07
cost = 1.74437e+07
cost = 1.74363e+07
cost = 1.74325e+07
cost = 1.74298e+07
cost = 1.74271e+07
cost = 1.74239e+07
cost = 1.74211e+07
cost = 1.74181e+07
cost = 1.74148e+07
cost = 1.74105e+07
cost = 1.74056e+07
cost = 1.7403e+07
cost = 1.74051e+07
cost = 1.7396e+07
cost = 1.73897e+07
cost = 1.73809e+07
cost = 1.73748e+07
cost = 1.73567e+07
cost = 1.73493e+07
cost = 1.73454e+07
cost = 1.73363e+07
cost = 1.7332e+07
cost = 1.73263e+07
cost = 1.73296e+07
cost = 1.73223e+07
cost = 1.73189e+07
cost = 1.73157e+07
cost = 1.7313e+07
cost = 1.73104e+07
cost = 1.73076e+07
cost = 1.73018e+07
cost = 1.72929e+07
cost = 3.21232e+08
cost = 1.72818e+07
cost = 5.66086e+10
cost = 9.96064e+09
cost = 6.28235e+08
cost = 2.78205e+07
cost = 1.73845e+07
cost = 1.72806e+07
cost = 1.72895e+07
cost = 1.72811e+07
cost = 3.13065e+07
cost = 1.72763e+07
cost = 1.46841e+08
cost = 2.64853e+07
cost = 1.78952e+07
cost = 1.73176e+07
cost = 1.72786e+07
cost = 1.72763e+07
cost = 1.72748e+07
cost = 1.72735e+07
cost = 1.72713e+07
cost = 1.72688e+07
cost = 1.72829e+07
cost = 1.72693e+07
cost = 1.72671e+07
cost = 1.7263e+07
cost = 1.72659e+07
cost = 1.72619e+07
cost = 1.72561e+07
cost = 1.7247e+07
cost = 1.7235e+07
cost = 1.7226e+07
cost = 1.72201e+07
cost = 1.72164e+07
cost = 1.72117e+07
cost = 1.72083e+07
cost = 1.72048e+07
cost = 1.72014e+07
cost = 1.71979e+07
cost = 1.71938e+07
cost = 1.72197e+07
cost = 1.71917e+07
cost = 1.72107e+07
cost = 1.71878e+07
cost = 1.71809e+07
cost = 1.71755e+07
cost = 1.71676e+07
cost = 1.71582e+07
cost = 1.71429e+07
cost = 2.16818e+07
cost = 1.71335e+07
cost = 6.98007e+08
cost = 6.86916e+07
cost = 1.98964e+07
cost = 1.7202e+07
cost = 1.71307e+07
cost = 1.71273e+07
cost = 1.71195e+07
cost = 1.78001e+07
cost = 1.71504e+07
cost = 1.71183e+07
cost = 1.71171e+07
cost = 1.71156e+07
cost = 1.71127e+07
cost = 1.71086e+07
cost = 1.71046e+07
cost = 1.71015e+07
cost = 1.70972e+07
cost = 1.70955e+07
cost = 1.70925e+07
cost = 1.70908e+07
cost = 1.70892e+07
cost = 1.70881e+07
cost = 1.70863e+07
cost = 1.70846e+07
cost = 1.70826e+07
cost = 1.70806e+07
cost = 1.70787e+07
cost = 1.70756e+07
cost = 1.7071e+07
cost = 1.7068e+07
cost = 1.70654e+07
cost = 1.70637e+07
cost = 1.70612e+07
cost = 1.70592e+07
cost = 1.70588e+07
cost = 1.70569e+07
cost = 1.70545e+07
cost = 1.70524e+07
cost = 1.70525e+07
cost = 1.70513e+07
cost = 1.7049e+07
cost = 1.70458e+07
cost = 1.7046e+07
cost = 1.70445e+07
cost = 1.70928e+07
cost = 1.70524e+07
cost = 1.7044e+07
cost = 1.70409e+07
cost = 1.70392e+07
cost = 1.70378e+07
cost = 1.70363e+07
cost = 1.70343e+07
cost = 1.70328e+07
cost = 1.70315e+07
cost = 1.70299e+07
cost = 1.70294e+07
cost = 1.7029e+07
cost = 1.70245e+07
cost = 1.70218e+07
cost = 2.04698e+07
cost = 1.70177e+07
cost = 1.70165e+07
cost = 1.70142e+07
cost = 2.13329e+07
cost = 1.70956e+07
cost = 1.70112e+07
cost = 1.98406e+07
cost = 1.7246e+07
cost = 1.70278e+07
cost = 1.70111e+07
cost = 2.54627e+07
cost = 1.71614e+07
cost = 1.70146e+07
cost = 1.70083e+07
cost = 1.70058e+07
cost = 1.70037e+07
cost = 1.70491e+07
cost = 1.70049e+07
cost = 1.70029e+07
cost = 1.70014e+07
cost = 1.69995e+07
cost = 1.70183e+07
cost = 1.69997e+07
cost = 1.69986e+07
cost = 1.69975e+07
cost = 1.69967e+07
cost = 1.6996e+07
cost = 1.69952e+07
cost = 1.69942e+07
cost = 1.6993e+07
cost = 1.70011e+07
cost = 1.69915e+07
cost = 1.69905e+07
cost = 1.69892e+07
cost = 1.69874e+07
cost = 1.69861e+07
cost = 1.69842e+07
cost = 1.69818e+07
cost = 1.69798e+07
cost = 1.69775e+07
cost = 1.69761e+07
cost = 1.69749e+07
cost = 1.69732e+07
cost = 1.69745e+07
cost = 1.69721e+07
cost = 1.85825e+07
cost = 1.71133e+07
cost = 1.6984e+07
cost = 1.69726e+07
cost = 1.69718e+07
cost = 1.69728e+07
cost = 1.69711e+07
cost = 1.69694e+07
cost = 1.6968e+07
cost = 1.6965e+07
cost = 1.69621e+07
cost = 1.69579e+07
cost = 1.69533e+07
cost = 1.69488e+07
cost = 1.69451e+07
cost = 1.69412e+07
cost = 1.69364e+07
cost = 1.69325e+07
cost = 1.69288e+07
cost = 1.6924e+07
cost = 1.69219e+07
cost = 1.69184e+07
cost = 1.69173e+07
cost = 1.69123e+07
cost = 1.69079e+07
cost = 1.69161e+07
cost = 1.69057e+07
cost = 1.69021e+07
cost = 1.68985e+07
cost = 1.68927e+07
cost = 1.68877e+07
cost = 1.68844e+07
cost = 1.68801e+07
cost = 1.6876e+07
cost = 1.687e+07
cost = 1.68631e+07
cost = 1.68608e+07
cost = 1.68532e+07
cost = 1.68494e+07
cost = 1.68446e+07
cost = 1.68409e+07
cost = 1.6837e+07
cost = 1.6834e+07
cost = 1.68357e+07
cost = 1.683e+07
cost = 1.68261e+07
cost = 1.6823e+07
cost = 1.68258e+07
cost = 1.68224e+07
cost = 1.69511e+07
cost = 1.68369e+07
cost = 1.68238e+07
cost = 1.68218e+07
cost = 1.68186e+07
cost = 1.68165e+07
cost = 1.68145e+07
cost = 1.68135e+07
cost = 1.68133e+07
cost = 1.68098e+07
cost = 1.68062e+07
cost = 1.68054e+07
cost = 1.68031e+07
cost = 1.68011e+07
cost = 1.68e+07
cost = 1.6798e+07
cost = 1.6797e+07
cost = 1.67962e+07
cost = 1.67957e+07
cost = 1.67944e+07
cost = 1.67929e+07
cost = 1.67913e+07
cost = 1.69849e+07
cost = 1.67902e+07
cost = 1.67888e+07
cost = 1.67879e+07
cost = 1.67927e+07
cost = 1.67889e+07
cost = 1.6788e+07
cost = 1.67878e+07
cost = 1.6787e+07
cost = 1.67864e+07
cost = 1.6785e+07
cost = 1.6784e+07
cost = 1.68019e+07
cost = 1.67886e+07
cost = 1.67849e+07
cost = 1.67839e+07
cost = 1.67824e+07
cost = 1.67796e+07
cost = 1.67763e+07
cost = 1.67713e+07
cost = 1.67679e+07
cost = 1.67625e+07
cost = 1.67598e+07
cost = 1.67583e+07
cost = 1.6757e+07
cost = 1.67559e+07
cost = 1.67545e+07
cost = 1.67526e+07
cost = 1.67499e+07
cost = 1.67573e+07
cost = 1.67467e+07
cost = 1.6869e+07
cost = 1.67575e+07
cost = 1.67466e+07
cost = 1.67424e+07
cost = 1.67405e+07
cost = 1.67391e+07
cost = 1.67373e+07
cost = 1.67349e+07
cost = 1.67339e+07
cost = 1.67291e+07
cost = 1.67262e+07
cost = 1.67229e+07
cost = 1.67281e+07
cost = 1.67229e+07
cost = 1.6722e+07
cost = 1.67187e+07
cost = 1.67152e+07
cost = 1.67119e+07
cost = 1.67072e+07
cost = 1.6702e+07
cost = 1.68566e+07
cost = 1.66973e+07
cost = 1.67075e+07
cost = 1.66952e+07
cost = 1.66961e+07
cost = 1.66904e+07
cost = 1.6688e+07
cost = 1.66862e+07
cost = 1.6685e+07
cost = 1.66836e+07
cost = 1.66817e+07
cost = 1.66786e+07
cost = 1.66758e+07
cost = 1.66824e+07
cost = 1.66745e+07
cost = 1.667e+07
cost = 1.66668e+07
cost = 1.66639e+07
cost = 1.66615e+07
cost = 1.66592e+07
cost = 1.66561e+07
cost = 1.66543e+07
cost = 1.66526e+07
cost = 1.66502e+07
cost = 1.6648e+07
cost = 1.6654e+07
cost = 1.66481e+07
cost = 1.66472e+07
cost = 1.66451e+07
cost = 1.66421e+07
cost = 1.66401e+07
cost = 1.66381e+07
cost = 1.66367e+07
cost = 1.66377e+07
cost = 1.6636e+07
cost = 1.66347e+07
cost = 1.66328e+07
cost = 1.66311e+07
cost = 1.6629e+07
cost = 1.66268e+07
cost = 1.66238e+07
cost = 1.66201e+07
cost = 1.66176e+07
cost = 1.66145e+07
cost = 1.66125e+07
cost = 1.66107e+07
cost = 1.6608e+07
cost = 1.66049e+07
cost = 1.66034e+07
cost = 1.66007e+07
cost = 1.65981e+07
cost = 1.65953e+07
cost = 1.65903e+07
cost = 1.6586e+07
cost = 1.65816e+07
cost = 1.65752e+07
cost = 1.65697e+07
cost = 1.65687e+07
cost = 1.65946e+07
cost = 1.65737e+07
cost = 1.65678e+07
cost = 1.65854e+07
cost = 1.65656e+07
cost = 1.65625e+07
cost = 1.65588e+07
cost = 1.65554e+07
cost = 1.65526e+07
cost = 1.65489e+07
cost = 1.65443e+07
cost = 1.65401e+07
cost = 1.65776e+07
cost = 1.65373e+07
cost = 2.36545e+07
cost = 1.69571e+07
cost = 1.6555e+07
cost = 1.65368e+07
cost = 1.65517e+07
cost = 1.65334e+07
cost = 1.6529e+07
cost = 1.65266e+07
cost = 3.50366e+09
cost = 3.07966e+08
cost = 2.55234e+07
cost = 1.65294e+07
cost = 1.65254e+07
cost = 7.77121e+07
cost = 1.9206e+07
cost = 1.65501e+07
cost = 1.65249e+07
cost = 1.65251e+07
cost = 1.65471e+07
cost = 1.65261e+07
cost = 1.65223e+07
cost = 1.65202e+07
cost = 1.65163e+07
cost = 1.65117e+07
cost = 1.6617e+07
cost = 1.65137e+07
cost = 1.65102e+07
cost = 1.65765e+07
cost = 1.65158e+07
cost = 1.65094e+07
cost = 1.77799e+07
cost = 1.65662e+07
cost = 1.65121e+07
cost = 1.6506e+07
cost = 1.65033e+07
cost = 1.6501e+07
cost = 1.64998e+07
cost = 1.6498e+07
cost = 1.64956e+07
cost = 1.64919e+07
cost = 1.64943e+07
cost = 1.64904e+07
cost = 1.64884e+07
cost = 1.64873e+07
cost = 1.64843e+07
cost = 1.64831e+07
cost = 1.64818e+07
cost = 1.64788e+07
cost = 1.64797e+07
cost = 1.6478e+07
cost = 1.64764e+07
cost = 1.64733e+07
cost = 1.64709e+07
cost = 1.6607e+07
cost = 1.64797e+07
cost = 1.64702e+07
cost = 1.64683e+07
cost = 1.64667e+07
cost = 1.64642e+07
cost = 1.64622e+07
cost = 1.64581e+07
cost = 1.64542e+07
cost = 1.64513e+07
cost = 1.64481e+07
cost = 1.64636e+07
cost = 1.6446e+07
cost = 1.64486e+07
cost = 1.64432e+07
cost = 1.64408e+07
cost = 1.64385e+07
cost = 1.6436e+07
cost = 1.64338e+07
cost = 1.64303e+07
cost = 1.64253e+07
cost = 1.64218e+07
cost = 1.64171e+07
cost = 1.92859e+07
cost = 1.64305e+07
cost = 1.64141e+07
cost = 4.48115e+07
cost = 1.83443e+07
cost = 1.65028e+07
cost = 1.6414e+07
cost = 1.64165e+07
cost = 1.64084e+07
cost = 1.64056e+07
cost = 1.64053e+07
cost = 1.63981e+07
cost = 1.6395e+07
cost = 1.63896e+07
cost = 1.63862e+07
cost = 1.63842e+07
cost = 1.63848e+07
cost = 1.63832e+07
cost = 1.63831e+07
cost = 1.63792e+07
cost = 1.63773e+07
cost = 1.63754e+07
cost = 1.63725e+07
cost = 1.63696e+07
cost = 1.63676e+07
cost = 1.63644e+07
cost = 1.63641e+07
cost = 1.63604e+07
cost = 1.63578e+07
cost = 1.63734e+07
cost = 1.63561e+07
cost = 1.6352e+07
cost = 1.63514e+07
cost = 1.63478e+07
cost = 1.63454e+07
cost = 1.63425e+07
cost = 1.63447e+07
cost = 1.63387e+07
cost = 1.63349e+07
cost = 1.63317e+07
cost = 1.63298e+07
cost = 1.63269e+07
cost = 1.6326e+07
cost = 1.63239e+07
cost = 1.64357e+07
cost = 1.63263e+07
cost = 1.63221e+07
cost = 1.63204e+07
cost = 1.63213e+07
cost = 1.63195e+07
cost = 1.63182e+07
cost = 1.63175e+07
cost = 1.63163e+07
cost = 1.63156e+07
cost = 1.63153e+07
cost = 1.63145e+07
cost = 1.63134e+07
cost = 1.63124e+07
cost = 1.63113e+07
cost = 1.63091e+07
cost = 1.63074e+07
cost = 1.63057e+07
cost = 1.63035e+07
cost = 1.63013e+07
cost = 1.63003e+07
cost = 1.62988e+07
cost = 1.62976e+07
cost = 1.62963e+07
cost = 1.6295e+07
cost = 1.62946e+07
cost = 1.62934e+07
cost = 1.62923e+07
cost = 1.62911e+07
cost = 1.62921e+07
cost = 1.62899e+07
cost = 1.62881e+07
cost = 1.62864e+07
cost = 1.62848e+07
cost = 1.62832e+07
cost = 1.62814e+07
cost = 1.62798e+07
cost = 1.62779e+07
cost = 1.62766e+07
cost = 1.62756e+07
cost = 1.62748e+07
cost = 1.62738e+07
cost = 1.6273e+07
cost = 1.62726e+07
cost = 1.6272e+07
cost = 1.62715e+07
cost = 1.62711e+07
cost = 1.62707e+07
cost = 1.62701e+07
cost = 1.62692e+07
cost = 1.62675e+07
cost = 1.6265e+07
cost = 1.62622e+07
cost = 1.62602e+07
cost = 4.83501e+07
cost = 1.66812e+07
cost = 1.62852e+07
cost = 1.62594e+07
cost = 1.6258e+07
cost = 1.62568e+07
cost = 1.62559e+07
cost = 1.6254e+07
cost = 1.62537e+07
cost = 1.62517e+07
cost = 1.62508e+07
cost = 1.62497e+07
cost = 1.62483e+07
cost = 1.62471e+07
cost = 1.62455e+07
cost = 1.62445e+07
cost = 1.62433e+07
cost = 1.62415e+07
cost = 1.62402e+07
cost = 1.62387e+07
cost = 1.62381e+07
cost = 1.62371e+07
cost = 1.62529e+07
cost = 1.62356e+07
cost = 1.62344e+07
cost = 1.62479e+07
cost = 1.62368e+07
cost = 1.62342e+07
cost = 1.62317e+07
cost = 1.62301e+07
cost = 1.63045e+07
cost = 1.62288e+07
cost = 2.60542e+07
cost = 1.70072e+07
cost = 1.62851e+07
cost = 1.62319e+07
cost = 1.62287e+07
cost = 1.62305e+07
cost = 1.62276e+07
cost = 1.62271e+07
cost = 1.62265e+07
cost = 1.62259e+07
cost = 1.62255e+07
cost = 1.62249e+07
cost = 1.62242e+07
cost = 1.62231e+07
cost = 1.62218e+07
cost = 1.62203e+07
cost = 1.62187e+07
cost = 1.62168e+07
cost = 1.62161e+07
cost = 1.65308e+07
cost = 1.62385e+07
cost = 1.62178e+07
cost = 1.62144e+07
cost = 1.62129e+07
cost = 1.6212e+07
cost = 1.62107e+07
cost = 1.62098e+07
cost = 1.62085e+07
cost = 1.62072e+07
cost = 1.62061e+07
cost = 1.62043e+07
cost = 1.62024e+07
cost = 1.62022e+07
cost = 1.62337e+07
cost = 1.62045e+07
cost = 1.62009e+07
cost = 1.61987e+07
cost = 1.61976e+07
cost = 1.61961e+07
cost = 1.61949e+07
cost = 1.61936e+07
cost = 1.6193e+07
cost = 1.62104e+07
cost = 1.61931e+07
cost = 1.61918e+07
cost = 1.61906e+07
cost = 1.61891e+07
cost = 1.61863e+07
cost = 1.62111e+07
cost = 1.61863e+07
cost = 1.61863e+07
cost = 1.61848e+07
cost = 1.61834e+07
cost = 1.61815e+07
cost = 1.61789e+07
cost = 1.61771e+07
cost = 1.61749e+07
cost = 1.61732e+07
cost = 1.61788e+07
cost = 1.61731e+07
cost = 1.61718e+07
cost = 1.61713e+07
cost = 1.61708e+07
cost = 1.61699e+07
cost = 1.61691e+07
cost = 1.6168e+07
cost = 1.6167e+07
cost = 1.61713e+07
cost = 1.61674e+07
cost = 1.61668e+07
cost = 1.6166e+07
cost = 1.61652e+07
cost = 1.61646e+07
cost = 1.61651e+07
cost = 1.61642e+07
cost = 1.61652e+07
cost = 1.61638e+07
cost = 1.61984e+07
cost = 1.61701e+07
cost = 1.61643e+07
cost = 1.61634e+07
cost = 1.61627e+07
cost = 1.61621e+07
cost = 1.61615e+07
cost = 1.61607e+07
cost = 1.61602e+07
cost = 1.61595e+07
cost = 1.61587e+07
cost = 1.61579e+07
cost = 1.61575e+07
cost = 1.61567e+07
cost = 1.61559e+07
cost = 1.61551e+07
cost = 1.61571e+07
cost = 1.61549e+07
cost = 1.61542e+07
cost = 1.61538e+07
cost = 1.61534e+07
cost = 1.6153e+07
cost = 1.61522e+07
cost = 1.61511e+07
cost = 1.61505e+07
cost = 1.61496e+07
cost = 1.6149e+07
cost = 1.61483e+07
cost = 1.61477e+07
cost = 1.6147e+07
cost = 1.61464e+07
cost = 1.61458e+07
cost = 1.61447e+07
cost = 1.6144e+07
cost = 1.6143e+07
cost = 1.61484e+07
cost = 1.61425e+07
cost = 1.61427e+07
cost = 1.6142e+07
cost = 1.61415e+07
cost = 1.61405e+07
cost = 1.6735e+07
cost = 1.61491e+07
cost = 1.61401e+07
cost = 2.42164e+07
cost = 1.67409e+07
cost = 1.61826e+07
cost = 1.61429e+07
cost = 1.61401e+07
cost = 1.614e+07
cost = 7.38127e+08
cost = 2.36892e+07
cost = 1.6139e+07
cost = 1.61384e+07
cost = 1.6138e+07
cost = 1.61377e+07
cost = 1.61383e+07
cost = 1.61376e+07
cost = 1.61414e+07
cost = 1.61372e+07
cost = 1.6283e+07
cost = 1.61467e+07
cost = 1.61372e+07
cost = 1.61371e+07
cost = 1.66447e+07
cost = 1.6195e+07
cost = 1.6143e+07
cost = 1.61375e+07
cost = 1.61371e+07
cost = 1.69504e+07
cost = 1.62125e+07
cost = 1.61471e+07
cost = 1.61379e+07
cost = 1.61367e+07
cost = 1.61364e+07
cost = 1.61361e+07
cost = 1.61357e+07
cost = 1.61355e+07
cost = 1.61344e+07
cost = 1.61335e+07
cost = 1.61323e+07
cost = 1.61288e+07
cost = 1.61272e+07
cost = 1.61253e+07
cost = 1.61236e+07
cost = 1.61224e+07
cost = 1.61209e+07
cost = 1.61213e+07
cost = 1.61204e+07
cost = 1.61212e+07
cost = 1.61198e+07
cost = 1.61188e+07
cost = 1.61184e+07
cost = 1.61171e+07
cost = 1.6116e+07
cost = 1.61143e+07
cost = 1.61202e+07
cost = 1.61136e+07
cost = 1.61149e+07
cost = 1.61122e+07
cost = 1.61129e+07
cost = 1.61105e+07
cost = 1.61097e+07
cost = 1.61091e+07
cost = 1.61076e+07
cost = 1.6108e+07
cost = 1.61068e+07
cost = 1.61051e+07
cost = 1.61038e+07
cost = 1.61017e+07
cost = 1.61033e+07
cost = 1.61002e+07
cost = 1.61042e+07
cost = 1.61003e+07
cost = 1.60996e+07
cost = 1.60985e+07
cost = 1.60974e+07
cost = 1.60963e+07
cost = 1.60954e+07
cost = 1.60938e+07
cost = 1.60933e+07
cost = 1.6106e+07
cost = 1.60942e+07
cost = 1.60925e+07
cost = 1.61535e+07
cost = 1.60992e+07
cost = 1.60923e+07
cost = 1.60899e+07
cost = 1.60884e+07
cost = 1.60865e+07
cost = 1.60845e+07
cost = 1.60826e+07
cost = 1.60834e+07
cost = 1.6081e+07
cost = 1.60787e+07
cost = 1.60764e+07
cost = 1.60732e+07
cost = 1.60846e+07
cost = 1.60735e+07
cost = 1.60718e+07
cost = 1.60683e+07
cost = 1.6577e+07
cost = 1.60686e+07
cost = 1.60661e+07
cost = 2.43298e+07
cost = 1.66763e+07
cost = 1.60987e+07
cost = 1.60658e+07
cost = 1.60635e+07
cost = 1.60625e+07
cost = 1.60611e+07
cost = 1.60584e+07
cost = 1.60577e+07
cost = 1.60568e+07
cost = 1.60558e+07
cost = 1.60547e+07
cost = 1.60529e+07
cost = 1.60542e+07
cost = 1.60517e+07
cost = 1.605e+07
cost = 1.60481e+07
cost = 1.60458e+07
cost = 1.60461e+07
cost = 1.60439e+07
cost = 1.60408e+07
cost = 1.6039e+07
cost = 1.60371e+07
cost = 1.6035e+07
cost = 1.60339e+07
cost = 1.60326e+07
cost = 1.60316e+07
cost = 1.60301e+07
cost = 1.6029e+07
cost = 1.60282e+07
cost = 1.60277e+07
cost = 1.6027e+07
cost = 1.60262e+07
cost = 1.60245e+07
cost = 1.60233e+07
cost = 4.38587e+11
cost = 1.07619e+10
cost = 1.89248e+08
cost = 1.6763e+07
cost = 1.60374e+07
cost = 1.60236e+07
cost = 1.60221e+07
cost = 1.60205e+07
cost = 1.60192e+07
cost = 1.60179e+07
cost = 1.60173e+07
cost = 1.60159e+07
cost = 1.60145e+07
cost = 1.60132e+07
cost = 1.60119e+07
cost = 1.6012e+07
cost = 1.60108e+07
cost = 1.60931e+07
cost = 1.6017e+07
cost = 1.60104e+07
cost = 1.60117e+07
cost = 1.60091e+07
cost = 1.60079e+07
cost = 1.60071e+07
cost = 1.60061e+07
cost = 1.60052e+07
cost = 1.60039e+07
cost = 1.60026e+07
cost = 1.60016e+07
cost = 1.60016e+07
cost = 1.60016e+07
cost = 1.60003e+07
cost = 1.60001e+07
cost = 1.59993e+07
cost = 1.59984e+07
cost = 1.59974e+07
cost = 1.59965e+07
cost = 1.59954e+07
cost = 1.59944e+07
cost = 1.59938e+07
cost = 1.59938e+07
cost = 1.59933e+07
cost = 1.59923e+07
cost = 1.59911e+07
cost = 1.59898e+07
cost = 1.59889e+07
cost = 1.59877e+07
cost = 1.59865e+07
cost = 1.59857e+07
cost = 1.59846e+07
cost = 1.59829e+07
cost = 1.59813e+07
cost = 1.59868e+07
cost = 1.59813e+07
cost = 1.59804e+07
cost = 1.59786e+07
cost = 1.59771e+07
cost = 1.59759e+07
cost = 1.59757e+07
cost = 1.59748e+07
cost = 1.59731e+07
cost = 1.5972e+07
cost = 1.59712e+07
cost = 1.59695e+07
cost = 1.59677e+07
cost = 5.96965e+07
cost = 1.59766e+07
cost = 1.5967e+07
cost = 1.59714e+07
cost = 1.59668e+07
cost = 1.59636e+07
cost = 1.60872e+07
cost = 1.59622e+07
cost = 1.41626e+08
cost = 2.25138e+07
cost = 1.61235e+07
cost = 1.59617e+07
cost = 1.59608e+07
cost = 1.59599e+07
cost = 1.59589e+07
cost = 1.61903e+07
cost = 1.59789e+07
cost = 1.59604e+07
cost = 1.59588e+07
cost = 1.59588e+07
cost = 1.59577e+07
cost = 1.59575e+07
cost = 1.59568e+07
cost = 1.5956e+07
cost = 1.59554e+07
cost = 1.59554e+07
cost = 1.59544e+07
cost = 1.59539e+07
cost = 1.59528e+07
cost = 1.59522e+07
cost = 1.59509e+07
cost = 1.59494e+07
cost = 1.59481e+07
cost = 1.59469e+07
cost = 1.59461e+07
cost = 1.59454e+07
cost = 1.59447e+07
cost = 1.5944e+07
cost = 1.59434e+07
cost = 1.59435e+07
cost = 1.59431e+07
cost = 1.59492e+07
cost = 1.59438e+07
cost = 1.59429e+07
cost = 1.59424e+07
cost = 1.59417e+07
cost = 1.59405e+07
cost = 1.59385e+07
cost = 1.63842e+07
cost = 1.59739e+07
cost = 1.594e+07
cost = 1.59378e+07
cost = 1.59377e+07
cost = 1.59339e+07
cost = 1.59325e+07
cost = 1.59315e+07
cost = 1.59299e+07
cost = 1.59287e+07
cost = 1.59266e+07
cost = 1.5925e+07
cost = 1.5923e+07
cost = 1.59214e+07
cost = 1.59202e+07
cost = 1.592e+07
cost = 1.59183e+07
cost = 1.59175e+07
cost = 1.59185e+07
cost = 1.59167e+07
cost = 1.59161e+07
cost = 1.59173e+07
cost = 1.5916e+07
cost = 1.59151e+07
cost = 1.59141e+07
cost = 1.59133e+07
cost = 1.59126e+07
cost = 1.59118e+07
cost = 1.59115e+07
cost = 1.59111e+07
cost = 1.59108e+07
cost = 1.59105e+07
cost = 1.59102e+07
cost = 1.59098e+07
cost = 1.59092e+07
cost = 1.59087e+07
cost = 1.59083e+07
cost = 1.59077e+07
cost = 1.5907e+07
cost = 1.59063e+07
cost = 1.59057e+07
cost = 1.59054e+07
cost = 1.59047e+07
cost = 1.59041e+07
cost = 1.59036e+07
cost = 1.59031e+07
cost = 1.59026e+07
cost = 1.59018e+07
cost = 1.59005e+07
cost = 1.58993e+07
cost = 1.5898e+07
cost = 1.58967e+07
cost = 1.58956e+07
cost = 1.58947e+07
cost = 1.58935e+07
cost = 1.58926e+07
cost = 1.58908e+07
cost = 1.58902e+07
cost = 1.58874e+07
cost = 1.5885e+07
cost = 1.58827e+07
cost = 1.58808e+07
cost = 1.76491e+07
cost = 1.60002e+07
cost = 1.58895e+07
cost = 1.58809e+07
cost = 1.58805e+07
cost = 4.92369e+10
cost = 6.94424e+08
cost = 1.67758e+07
cost = 1.5886e+07
cost = 1.58796e+07
cost = 1.5878e+07
cost = 1.58777e+07
cost = 1.58792e+07
cost = 1.5877e+07
cost = 1.65235e+07
cost = 1.59076e+07
cost = 1.5877e+07
cost = 1.58768e+07
cost = 2.67673e+07
cost = 1.68225e+07
cost = 1.59561e+07
cost = 1.58828e+07
cost = 1.5877e+07
cost = 1.58767e+07
cost = 1.58764e+07
cost = 1.58761e+07
cost = 1.58757e+07
cost = 1.58755e+07
cost = 1.58751e+07
cost = 1.58764e+07
cost = 1.58745e+07
cost = 1.5876e+07
cost = 1.58744e+07
cost = 1.58741e+07
cost = 1.58758e+07
cost = 1.5874e+07
cost = 1.58731e+07
cost = 1.58723e+07
cost = 1.58717e+07
cost = 1.58709e+07
cost = 1.58702e+07
cost = 5.62311e+07
cost = 1.91869e+07
cost = 1.61124e+07
cost = 1.58824e+07
cost = 1.58706e+07
cost = 1.58702e+07
cost = 1.58702e+07
cost = 1.58702e+07
cost = 1.58715e+07
cost = 1.58697e+07
cost = 1.58692e+07
cost = 1.58689e+07
cost = 1.58687e+07
cost = 1.5869e+07
cost = 1.58685e+07
cost = 1.6098e+07
cost = 1.58778e+07
cost = 1.58684e+07
cost = 1.58707e+07
cost = 1.58687e+07
cost = 1.58683e+07
cost = 1.5868e+07
cost = 1.58678e+07
cost = 1.58673e+07
cost = 1.5867e+07
cost = 1.58665e+07
cost = 1.58658e+07
cost = 1.58651e+07
cost = 1.58639e+07
cost = 1.58621e+07
cost = 1.0826e+09
cost = 4.69413e+07
cost = 1.58611e+07
cost = 1.58597e+07
cost = 1.58578e+07
cost = 1.58564e+07
cost = 1.59455e+07
cost = 1.58546e+07
cost = 1.73459e+07
cost = 1.59375e+07
cost = 1.58559e+07
cost = 1.58542e+07
cost = 1.58541e+07
cost = 1.58537e+07
cost = 1.5852e+07
cost = 1.58506e+07
cost = 1.58493e+07
cost = 1.58473e+07
cost = 1.58458e+07
cost = 1.58508e+07
cost = 1.58448e+07
cost = 1.58458e+07
cost = 1.58444e+07
cost = 1.58463e+07
cost = 1.58441e+07
cost = 1.58434e+07
cost = 1.58479e+07
cost = 1.58432e+07
cost = 1.58428e+07
cost = 1.58422e+07
cost = 1.58416e+07
cost = 1.58409e+07
cost = 1.58402e+07
cost = 1.58398e+07
cost = 1.58394e+07
cost = 1.5839e+07
cost = 1.58383e+07
cost = 1.58383e+07
cost = 1.58378e+07
cost = 1.58376e+07
cost = 1.58374e+07
cost = 1.58371e+07
cost = 1.58368e+07
cost = 1.58409e+07
cost = 1.58376e+07
cost = 1.58369e+07
cost = 1.58368e+07
cost = 1.58367e+07
cost = 1.58365e+07
cost = 1.58364e+07
cost = 1.58363e+07
cost = 1.58362e+07
cost = 1.58361e+07
cost = 1.5836e+07
cost = 1.58358e+07
cost = 1.58355e+07
cost = 1.58352e+07
cost = 1.58348e+07
cost = 1.6378e+07
cost = 1.58641e+07
cost = 1.58351e+07
cost = 1.58348e+07
cost = 1.58347e+07
cost = 1.58349e+07
cost = 1.58344e+07
cost = 1.58342e+07
cost = 1.5834e+07
cost = 1.58345e+07
cost = 1.58341e+07
cost = 1.5834e+07
cost = 1.58336e+07
cost = 1.58334e+07
cost = 1.58329e+07
cost = 1.58323e+07
cost = 1.58315e+07
cost = 1.58309e+07
cost = 1.58299e+07
cost = 1.58295e+07
cost = 1.58289e+07
cost = 1.58286e+07
cost = 1.5828e+07
cost = 1.58276e+07
cost = 1.58311e+07
cost = 1.58276e+07
cost = 1.58271e+07
cost = 1.58268e+07
cost = 1.58265e+07
cost = 1.58262e+07
cost = 1.58259e+07
cost = 1.5826e+07
cost = 1.58257e+07
cost = 1.58255e+07
cost = 1.58251e+07
cost = 1.58248e+07
cost = 1.58242e+07
cost = 1.58235e+07
cost = 1.58225e+07
cost = 1.58231e+07
cost = 1.58219e+07
cost = 1.64956e+07
cost = 1.58652e+07
cost = 1.5823e+07
cost = 1.58216e+07
cost = 1.58446e+07
cost = 1.58236e+07
cost = 1.58214e+07
cost = 1.59407e+07
cost = 1.58341e+07
cost = 1.58217e+07
cost = 1.58204e+07
cost = 1.582e+07
cost = 1.58196e+07
cost = 1.58193e+07
cost = 1.58189e+07
cost = 1.58181e+07
cost = 1.5817e+07
cost = 1.58161e+07
cost = 1.58152e+07
cost = 1.58147e+07
cost = 1.58142e+07
cost = 1.58136e+07
cost = 1.58127e+07
cost = 1.58118e+07
cost = 1.58107e+07
cost = 1.58098e+07
cost = 1.58091e+07
cost = 1.58084e+07
cost = 1.58076e+07
cost = 1.58085e+07
cost = 1.58073e+07
cost = 1.58067e+07
cost = 1.5806e+07
cost = 1.58054e+07
cost = 1.58042e+07
cost = 1.58029e+07
cost = 1.58007e+07
cost = 1.57989e+07
cost = 1.57971e+07
cost = 1.57954e+07
cost = 1.57943e+07
cost = 1.57949e+07
cost = 1.57937e+07
cost = 1.57929e+07
cost = 1.57938e+07
cost = 1.57923e+07
cost = 1.57917e+07
cost = 1.5791e+07
cost = 1.57905e+07
cost = 1.57896e+07
cost = 1.57887e+07
cost = 1.5791e+07
cost = 1.57884e+07
cost = 1.57878e+07
cost = 1.57948e+07
cost = 1.57877e+07
cost = 1.57874e+07
cost = 1.5816e+07
cost = 1.57938e+07
cost = 1.57883e+07
cost = 1.57872e+07
cost = 1.57867e+07
cost = 1.57895e+07
cost = 1.57867e+07
cost = 1.57865e+07
cost = 1.57861e+07
cost = 1.57855e+07
cost = 1.5785e+07
cost = 1.57844e+07
cost = 1.57836e+07
cost = 1.57832e+07
cost = 1.57826e+07
cost = 1.57814e+07
cost = 1.57813e+07
cost = 1.57806e+07
cost = 1.578e+07
cost = 1.57795e+07
cost = 1.57793e+07
cost = 1.57786e+07
cost = 1.57786e+07
cost = 1.57784e+07
cost = 1.57774e+07
cost = 1.5777e+07
cost = 1.57765e+07
cost = 1.57762e+07
cost = 1.57756e+07
cost = 1.57749e+07
cost = 1.57744e+07
cost = 1.73089e+07
cost = 1.57739e+07
cost = 1.58501e+07
cost = 1.5777e+07
cost = 1.57738e+07
cost = 1.58155e+07
cost = 1.57808e+07
cost = 1.57745e+07
cost = 1.57734e+07
cost = 1.5773e+07
cost = 1.57726e+07
cost = 1.57717e+07
cost = 1.5771e+07
cost = 1.57705e+07
cost = 1.57697e+07
cost = 1.57688e+07
cost = 1.57688e+07
cost = 1.57678e+07
cost = 1.57674e+07
cost = 1.57672e+07
cost = 1.57668e+07
cost = 1.57666e+07
cost = 1.57663e+07
cost = 1.5766e+07
cost = 1.57658e+07
cost = 1.57658e+07
cost = 1.57656e+07
cost = 1.57655e+07
cost = 1.57653e+07
cost = 1.57652e+07
cost = 1.57651e+07
cost = 1.57649e+07
cost = 1.57648e+07
cost = 1.57646e+07
cost = 1.57645e+07
cost = 1.57644e+07
cost = 1.57642e+07
cost = 1.5764e+07
cost = 1.57636e+07
cost = 1.57667e+07
cost = 1.57635e+07
cost = 1.57629e+07
cost = 1.57634e+07
cost = 1.57627e+07
cost = 1.57705e+07
cost = 1.57638e+07
cost = 1.57625e+07
cost = 1.57621e+07
cost = 1.57619e+07
cost = 1.57616e+07
cost = 1.57615e+07
cost = 1.57612e+07
cost = 1.57609e+07
cost = 1.57604e+07
cost = 1.57601e+07
cost = 1.57598e+07
cost = 1.57596e+07
cost = 1.57594e+07
cost = 1.5759e+07
cost = 1.57584e+07
cost = 1.57576e+07
cost = 1.57566e+07
cost = 1.57556e+07
cost = 1.57545e+07
cost = 1.57537e+07
cost = 1.57533e+07
cost = 1.57522e+07
cost = 1.57517e+07
cost = 1.57512e+07
cost = 1.57507e+07
cost = 1.57502e+07
cost = 1.57497e+07
cost = 6.74301e+07
cost = 1.97911e+07
cost = 1.59706e+07
cost = 1.57524e+07
cost = 1.57496e+07
cost = 4.04748e+07
cost = 1.82207e+07
cost = 1.5971e+07
cost = 1.57648e+07
cost = 1.57501e+07
cost = 1.57496e+07
cost = 1.57571e+07
cost = 1.57503e+07
cost = 1.57492e+07
cost = 1.5749e+07
cost = 1.57616e+07
cost = 1.57489e+07
cost = 1.2411e+08
cost = 1.68053e+07
cost = 1.58583e+07
cost = 1.57687e+07
cost = 1.57521e+07
cost = 1.57487e+07
cost = 1.57478e+07
cost = 1.57474e+07
cost = 1.57465e+07
cost = 1.581e+07
cost = 1.57461e+07
cost = 1.70989e+07
cost = 1.58121e+07
cost = 1.57514e+07
cost = 1.57463e+07
cost = 1.5746e+07
cost = 1.57458e+07
cost = 1.57453e+07
cost = 1.57452e+07
cost = 1.57452e+07
cost = 1.57449e+07
cost = 1.57447e+07
cost = 1.57443e+07
cost = 1.57439e+07
cost = 1.57436e+07
cost = 1.57432e+07
cost = 2.07313e+07
cost = 1.5966e+07
cost = 1.57474e+07
cost = 1.57431e+07
cost = 3.59724e+07
cost = 1.73963e+07
cost = 1.58738e+07
cost = 1.57538e+07
cost = 1.5744e+07
cost = 1.57431e+07
cost = 1.57431e+07
cost = 1.5745e+07
cost = 1.57426e+07
cost = 1.57421e+07
cost = 1.57474e+07
cost = 1.57417e+07
cost = 1.58689e+07
cost = 1.57437e+07
cost = 1.57411e+07
cost = 1.57399e+07
cost = 1.57387e+07
cost = 1.57427e+07
cost = 1.57377e+07
cost = 1.83549e+07
cost = 1.58593e+07
cost = 1.57515e+07
cost = 1.57388e+07
cost = 1.57375e+07
cost = 1.57361e+07
cost = 1.57348e+07
cost = 1.57339e+07
cost = 1.57326e+07
cost = 1.57318e+07
cost = 1.57394e+07
cost = 1.57333e+07
cost = 1.57316e+07
cost = 1.5731e+07
cost = 1.57304e+07
cost = 1.57296e+07
cost = 1.57289e+07
cost = 1.57758e+07
cost = 1.57313e+07
cost = 1.57284e+07
cost = 1.57271e+07
cost = 1.57261e+07
cost = 1.57268e+07
cost = 1.57261e+07
cost = 1.57259e+07
cost = 1.57255e+07
cost = 1.57253e+07
cost = 1.5725e+07
cost = 1.57248e+07
cost = 1.57246e+07
cost = 1.57244e+07
cost = 1.57241e+07
cost = 1.57237e+07
cost = 1.57233e+07
cost = 1.57229e+07
cost = 1.57224e+07
cost = 1.57227e+07
cost = 1.57222e+07
cost = 1.57228e+07
cost = 1.57218e+07
cost = 1.57213e+07
cost = 1.5721e+07
cost = 1.57207e+07
cost = 1.57204e+07
cost = 1.57202e+07
cost = 1.57197e+07
cost = 1.57194e+07
cost = 1.57188e+07
cost = 1.5718e+07
cost = 1.57171e+07
cost = 1.57164e+07
cost = 1.57158e+07
cost = 1.5715e+07
cost = 1.57152e+07
cost = 1.57147e+07
cost = 1.57146e+07
cost = 1.57142e+07
cost = 1.57143e+07
cost = 1.5714e+07
cost = 1.57138e+07
cost = 1.57134e+07
cost = 1.5713e+07
cost = 1.57124e+07
cost = 1.57108e+07
cost = 1.571e+07
cost = 1.57841e+07
cost = 1.57111e+07
cost = 1.57097e+07
cost = 1.60262e+07
cost = 1.57375e+07
cost = 1.57119e+07
cost = 1.57097e+07
cost = 1.57096e+07
cost = 1.57112e+07
cost = 1.5709e+07
cost = 1.57085e+07
cost = 1.57083e+07
cost = 1.57081e+07
cost = 1.57079e+07
cost = 1.57078e+07
cost = 1.57077e+07
cost = 1.57076e+07
cost = 1.57075e+07
cost = 1.57073e+07
cost = 1.57071e+07
cost = 1.57068e+07
cost = 1.57066e+07
cost = 1.57063e+07
cost = 1.5706e+07
cost = 1.57056e+07
cost = 1.57051e+07
cost = 1.57046e+07
cost = 1.57044e+07
cost = 1.57046e+07
cost = 1.57039e+07
cost = 1.57036e+07
cost = 1.57031e+07
cost = 1.57016e+07
cost = 1.57011e+07
cost = 1.57006e+07
cost = 1.57e+07
cost = 1.56996e+07
cost = 1.56988e+07
cost = 1.56987e+07
cost = 1.56977e+07
cost = 1.56971e+07
cost = 1.56966e+07
cost = 1.56976e+07
cost = 1.56958e+07
cost = 1.56951e+07
cost = 1.57717e+07
cost = 1.56972e+07
cost = 1.56948e+07
cost = 1.56939e+07
cost = 1.56928e+07
cost = 1.56917e+07
cost = 1.5767e+07
cost = 1.56926e+07
cost = 1.56914e+07
cost = 1.72375e+07
cost = 1.58173e+07
cost = 1.57004e+07
cost = 1.56919e+07
cost = 1.56913e+07
cost = 1.56926e+07
cost = 1.56907e+07
cost = 1.56902e+07
cost = 1.569e+07
cost = 1.56897e+07
cost = 1.56893e+07
cost = 1.5689e+07
cost = 1.56886e+07
cost = 1.56882e+07
cost = 1.56879e+07
cost = 1.56877e+07
cost = 1.56876e+07
cost = 1.56873e+07
cost = 1.56872e+07
cost = 1.56871e+07
cost = 1.56869e+07
cost = 1.56868e+07
cost = 1.56866e+07
cost = 1.56865e+07
cost = 1.56867e+07
cost = 1.56865e+07
cost = 1.56863e+07
cost = 1.56862e+07
cost = 1.57135e+07
cost = 1.56876e+07
cost = 1.56862e+07
cost = 1.59246e+07
cost = 1.56932e+07
cost = 1.56871e+07
cost = 1.56861e+07
cost = 1.56859e+07
cost = 1.56858e+07
cost = 1.56854e+07
cost = 1.56848e+07
cost = 1.5685e+07
cost = 1.56845e+07
cost = 1.56947e+07
cost = 1.56844e+07
cost = 1.5684e+07
cost = 1.56836e+07
cost = 1.56834e+07
cost = 1.56836e+07
cost = 1.56832e+07
cost = 1.56829e+07
cost = 1.56828e+07
cost = 1.56825e+07
cost = 1.56822e+07
cost = 1.56844e+07
cost = 1.56822e+07
cost = 1.56817e+07
cost = 1.56811e+07
cost = 1.56807e+07
cost = 1.56803e+07
cost = 1.56821e+07
cost = 1.56801e+07
cost = 1.56809e+07
cost = 1.56795e+07
cost = 1.5679e+07
cost = 1.57066e+07
cost = 1.56812e+07
cost = 1.5679e+07
cost = 1.56917e+07
cost = 1.56787e+07
cost = 1.56783e+07
cost = 1.5678e+07
cost = 1.56779e+07
cost = 1.56773e+07
cost = 1.5677e+07
cost = 1.56766e+07
cost = 1.56785e+07
cost = 1.56763e+07
cost = 1.56758e+07
cost = 1.56757e+07
cost = 1.56754e+07
cost = 1.56749e+07
cost = 1.64525e+07
cost = 1.57264e+07
cost = 1.56767e+07
cost = 1.56748e+07
cost = 1.56756e+07
cost = 1.56744e+07
cost = 1.56742e+07
cost = 1.56777e+07
cost = 1.5674e+07
cost = 1.56771e+07
cost = 1.56745e+07
cost = 1.5674e+07
cost = 1.56756e+07
cost = 1.56743e+07
cost = 1.56739e+07
cost = 1.5676e+07
cost = 1.5674e+07
cost = 1.56737e+07
cost = 1.56735e+07
cost = 1.56733e+07
cost = 1.56731e+07
cost = 1.56727e+07
cost = 1.56726e+07
cost = 1.56724e+07
cost = 1.56722e+07
cost = 1.56719e+07
cost = 1.56716e+07
cost = 1.56712e+07
cost = 1.56709e+07
cost = 1.56706e+07
cost = 1.56702e+07
cost = 1.56697e+07
cost = 1.56689e+07
cost = 1.56682e+07
cost = 1.56676e+07
cost = 1.5667e+07
cost = 1.56664e+07
cost = 1.56655e+07
cost = 1.56651e+07
cost = 1.56665e+07
cost = 1.56649e+07
cost = 1.56642e+07
cost = 1.56638e+07
cost = 1.56635e+07
cost = 1.56631e+07
cost = 1.56628e+07
cost = 1.56622e+07
cost = 1.56614e+07
cost = 1.56605e+07
cost = 1.56599e+07
cost = 1.56591e+07
cost = 1.56585e+07
cost = 1.56582e+07
cost = 1.56574e+07
cost = 1.56567e+07
cost = 1.5656e+07
cost = 1.5655e+07
cost = 1.56548e+07
cost = 1.56541e+07
cost = 1.56536e+07
cost = 1.56531e+07
cost = 1.02295e+08
cost = 1.65064e+07
cost = 1.56525e+07
cost = 1.59481e+07
cost = 1.56614e+07
cost = 1.56522e+07
cost = 2.72347e+10
cost = 3.43037e+09
cost = 1.58788e+07
cost = 1.56815e+07
cost = 1.56556e+07
cost = 1.56521e+07
cost = 1.56512e+07
cost = 1.56508e+07
cost = 1.56502e+07
cost = 1.56496e+07
cost = 1.56491e+07
cost = 1.56488e+07
cost = 1.56484e+07
cost = 1.5648e+07
cost = 1.56475e+07
cost = 1.56472e+07
cost = 1.56535e+07
cost = 1.56481e+07
cost = 1.5647e+07
cost = 1.56465e+07
cost = 1.56462e+07
cost = 1.56455e+07
cost = 1.56448e+07
cost = 1.56444e+07
cost = 1.56884e+07
cost = 1.56469e+07
cost = 1.5644e+07
cost = 1.56438e+07
cost = 1.5643e+07
cost = 1.56426e+07
cost = 1.56426e+07
cost = 1.56468e+07
cost = 1.56427e+07
cost = 1.56421e+07
cost = 1.56427e+07
cost = 1.56418e+07
cost = 1.56415e+07
cost = 1.56411e+07
cost = 1.56407e+07
cost = 1.56406e+07
cost = 1.56403e+07
cost = 1.56406e+07
cost = 1.56401e+07
cost = 1.56397e+07
cost = 1.56393e+07
cost = 1.56388e+07
cost = 1.56383e+07
cost = 1.56385e+07
cost = 1.56378e+07
cost = 1.56593e+07
cost = 1.5639e+07
cost = 1.56376e+07
cost = 1.56372e+07
cost = 1.56366e+07
cost = 1.5636e+07
cost = 1.56353e+07
cost = 1.56356e+07
cost = 1.5635e+07
cost = 1.56344e+07
cost = 1.56341e+07
cost = 1.56337e+07
cost = 1.56332e+07
cost = 1.5633e+07
cost = 1.56328e+07
cost = 1.56326e+07
cost = 1.56323e+07
cost = 1.56323e+07
cost = 1.56322e+07
cost = 1.5632e+07
cost = 1.56319e+07
cost = 1.56318e+07
cost = 1.56316e+07
cost = 1.56314e+07
cost = 1.56313e+07
cost = 1.56308e+07
cost = 1.56304e+07
cost = 1.563e+07
cost = 1.56298e+07
cost = 1.56295e+07
cost = 1.56488e+07
cost = 1.56335e+07
cost = 1.56302e+07
cost = 1.56295e+07
cost = 1.56292e+07
cost = 1.5629e+07
cost = 1.56288e+07
cost = 1.56284e+07
cost = 1.5628e+07
cost = 1.5628e+07
cost = 1.56273e+07
cost = 1.5627e+07
cost = 1.56418e+07
cost = 1.5627e+07
cost = 1.56266e+07
cost = 1.56264e+07
cost = 1.56294e+07
cost = 1.56265e+07
cost = 1.56264e+07
cost = 1.56261e+07
cost = 1.56259e+07
cost = 1.56257e+07
cost = 1.56255e+07
cost = 1.56255e+07
cost = 1.56252e+07
cost = 1.5625e+07
cost = 1.56246e+07
cost = 1.56243e+07
cost = 1.56302e+07
cost = 1.56245e+07
cost = 1.5624e+07
cost = 1.56237e+07
cost = 1.56246e+07
cost = 1.56237e+07
cost = 1.56234e+07
cost = 1.56233e+07
cost = 1.5623e+07
cost = 1.56228e+07
cost = 1.56226e+07
cost = 1.56223e+07
cost = 1.56221e+07
cost = 1.56219e+07
cost = 1.56216e+07
cost = 1.56214e+07
cost = 1.56211e+07
cost = 1.56207e+07
cost = 1.56204e+07
cost = 1.562e+07
cost = 1.56196e+07
cost = 1.56193e+07
cost = 1.56188e+07
cost = 1.56183e+07
cost = 1.56178e+07
cost = 1.56176e+07
cost = 1.56173e+07
cost = 1.5617e+07
cost = 1.56166e+07
cost = 1.56201e+07
cost = 1.56165e+07
cost = 1.5616e+07
cost = 1.56156e+07
cost = 1.56149e+07
cost = 1.56145e+07
cost = 1.5614e+07
cost = 1.56136e+07
cost = 1.56132e+07
cost = 1.56137e+07
cost = 1.56129e+07
cost = 1.56163e+07
cost = 1.56124e+07
cost = 1.56122e+07
cost = 1.56202e+07
cost = 1.56135e+07
cost = 1.56121e+07
cost = 1.56114e+07
cost = 1.56108e+07
cost = 1.56136e+07
cost = 1.561e+07
cost = 1.56096e+07
cost = 1.56098e+07
cost = 1.56094e+07
cost = 1.56091e+07
cost = 1.56088e+07
cost = 1.56083e+07
cost = 1.56079e+07
cost = 1.56076e+07
cost = 1.56074e+07
cost = 1.56072e+07
cost = 1.56071e+07
cost = 1.56069e+07
cost = 1.56068e+07
cost = 1.56067e+07
cost = 1.56066e+07
cost = 1.56065e+07
cost = 1.56064e+07
cost = 1.56062e+07
cost = 1.5606e+07
cost = 1.56059e+07
cost = 1.56057e+07
cost = 1.56055e+07
cost = 1.56053e+07
cost = 1.56051e+07
cost = 1.56048e+07
cost = 1.56044e+07
cost = 1.5616e+07
cost = 1.5604e+07
cost = 4.09499e+07
cost = 1.69989e+07
cost = 1.56572e+07
cost = 1.56039e+07
cost = 1.56037e+07
cost = 1.56036e+07
cost = 1.56033e+07
cost = 1.56027e+07
cost = 1.56034e+07
cost = 1.5602e+07
cost = 1.57434e+07
cost = 1.5613e+07
cost = 1.56031e+07
cost = 1.56019e+07
cost = 1.56004e+07
cost = 1.84584e+07
cost = 1.5863e+07
cost = 1.56169e+07
cost = 1.56006e+07
cost = 1.56003e+07
cost = 1.56003e+07
cost = 1.5619e+07
cost = 1.5599e+07
cost = 1.55981e+07
cost = 1.55972e+07
cost = 1.55956e+07
cost = 1.55944e+07
cost = 1.55932e+07
cost = 1.55923e+07
cost = 1.55958e+07
cost = 1.55927e+07
cost = 1.55921e+07
cost = 1.55918e+07
cost = 1.55909e+07
cost = 1.56025e+07
cost = 1.55927e+07
cost = 1.55909e+07
cost = 1.55907e+07
cost = 1.55904e+07
cost = 1.559e+07
cost = 1.55896e+07
cost = 1.55893e+07
cost = 1.55889e+07
cost = 1.55881e+07
cost = 1.55875e+07
cost = 1.55868e+07
cost = 1.55855e+07
cost = 1.55844e+07
cost = 1.55834e+07
cost = 1.55879e+07
cost = 1.55832e+07
cost = 1.55834e+07
cost = 1.55825e+07
cost = 1.55818e+07
cost = 1.55811e+07
cost = 1.55799e+07
cost = 1.55792e+07
cost = 1.55779e+07
cost = 1.55764e+07
cost = 1.55751e+07
cost = 1.55741e+07
cost = 1.55735e+07
cost = 1.55729e+07
cost = 1.55723e+07
cost = 1.55718e+07
cost = 1.55713e+07
cost = 1.5571e+07
cost = 1.55707e+07
cost = 1.55704e+07
cost = 1.55701e+07
cost = 1.55699e+07
cost = 1.55695e+07
cost = 1.55693e+07
cost = 1.5569e+07
cost = 1.55687e+07
cost = 1.55683e+07
cost = 1.55678e+07
cost = 1.55675e+07
cost = 1.55669e+07
cost = 1.55665e+07
cost = 1.55661e+07
cost = 1.55658e+07
cost = 1.55657e+07
cost = 1.55653e+07
cost = 1.55648e+07
cost = 1.60131e+07
cost = 1.56089e+07
cost = 1.55699e+07
cost = 1.55653e+07
cost = 1.55648e+07
cost = 1.55644e+07
cost = 1.55641e+07
cost = 1.55637e+07
cost = 1.55634e+07
cost = 1.55631e+07
cost = 1.55624e+07
cost = 1.55615e+07
cost = 1.55608e+07
cost = 1.55687e+07
cost = 1.55602e+07
cost = 1.55594e+07
cost = 1.72427e+11
cost = 3.86218e+10
cost = 4.3576e+09
cost = 1.9787e+07
cost = 1.55627e+07
cost = 1.55595e+07
cost = 1.55589e+07
cost = 1.55583e+07
cost = 1.55575e+07
cost = 1.55573e+07
cost = 1.56273e+07
cost = 1.55568e+07
cost = 1.68691e+07
cost = 1.56694e+07
cost = 1.55664e+07
cost = 1.55577e+07
cost = 1.55568e+07
cost = 1.55567e+07
cost = 7.83789e+10
cost = 7.31925e+09
cost = 2.70605e+07
cost = 1.55913e+07
cost = 1.55619e+07
cost = 1.5557e+07
cost = 1.55562e+07
cost = 1.55557e+07
cost = 1.55555e+07
cost = 1.55553e+07
cost = 1.5555e+07
cost = 1.55547e+07
cost = 1.55545e+07
cost = 1.55543e+07
cost = 1.5554e+07
cost = 1.55537e+07
cost = 1.55539e+07
cost = 1.55536e+07
cost = 1.55534e+07
cost = 1.55531e+07
cost = 1.55529e+07
cost = 1.55527e+07
cost = 1.55526e+07
cost = 1.55523e+07
cost = 1.55524e+07
cost = 1.55522e+07
cost = 1.55519e+07
cost = 1.55516e+07
cost = 1.55511e+07
cost = 1.55506e+07
cost = 1.55503e+07
cost = 1.55497e+07
cost = 1.55486e+07
cost = 1.5548e+07
cost = 1.5547e+07
cost = 1.55672e+07
cost = 1.55463e+07
cost = 9.67033e+07
cost = 2.0026e+07
cost = 1.57217e+07
cost = 1.55462e+07
cost = 1.55454e+07
cost = 1.55448e+07
cost = 1.55442e+07
cost = 1.60372e+07
cost = 1.55651e+07
cost = 1.55452e+07
cost = 1.5544e+07
cost = 2.97776e+07
cost = 1.60636e+07
cost = 1.55457e+07
cost = 1.55435e+07
cost = 1.55964e+07
cost = 1.55443e+07
cost = 1.55433e+07
cost = 1.58596e+07
cost = 1.55707e+07
cost = 1.55454e+07
cost = 1.55434e+07
cost = 1.55433e+07
cost = 1.55428e+07
cost = 1.55425e+07
cost = 1.55883e+07
cost = 1.55442e+07
cost = 1.55421e+07
cost = 1.55424e+07
cost = 1.5542e+07
cost = 1.55421e+07
cost = 1.55416e+07
cost = 1.55413e+07
cost = 1.55399e+07
cost = 1.55716e+07
cost = 1.55393e+07
cost = 1.55388e+07
cost = 1.55378e+07
cost = 1.55381e+07
cost = 1.55368e+07
cost = 1.55407e+07
cost = 1.55368e+07
cost = 1.55366e+07
cost = 1.55357e+07
cost = 1.55349e+07
cost = 1.55338e+07
cost = 1.55326e+07
cost = 1.55309e+07
cost = 1.55282e+07
cost = 1.55266e+07
cost = 1.55248e+07
cost = 1.55236e+07
cost = 1.55209e+07
cost = 1.55186e+07
cost = 1.55244e+07
cost = 1.55171e+07
cost = 1.55171e+07
cost = 1.55149e+07
cost = 1.5686e+07
cost = 1.55144e+07
cost = 4.22267e+08
cost = 4.93863e+07
cost = 1.76313e+07
cost = 1.55853e+07
cost = 1.55131e+07
cost = 1.55186e+07
cost = 1.55136e+07
cost = 1.55125e+07
cost = 1.55101e+07
cost = 1.55091e+07
cost = 1.55081e+07
cost = 1.5507e+07
cost = 1.55061e+07
cost = 1.55048e+07
cost = 1.5512e+07
cost = 1.55045e+07
cost = 1.55074e+07
cost = 1.55039e+07
cost = 1.55029e+07
cost = 1.55022e+07
cost = 1.55015e+07
cost = 1.55006e+07
cost = 1.54998e+07
cost = 1.54985e+07
cost = 1.54973e+07
cost = 1.54962e+07
cost = 1.55063e+07
cost = 1.54953e+07
cost = 1.55229e+07
cost = 1.54958e+07
cost = 1.54944e+07
cost = 1.54937e+07
cost = 1.54933e+07
cost = 1.54929e+07
cost = 1.54924e+07
cost = 1.54918e+07
cost = 1.54935e+07
cost = 1.54912e+07
cost = 1.55155e+07
cost = 1.54934e+07
cost = 1.54913e+07
cost = 1.54911e+07
cost = 1.55309e+07
cost = 1.5495e+07
cost = 1.54908e+07
cost = 1.54902e+07
cost = 1.54899e+07
cost = 1.54894e+07
cost = 1.54892e+07
cost = 1.54889e+07
cost = 1.54887e+07
cost = 1.54884e+07
cost = 1.54881e+07
cost = 1.54877e+07
cost = 1.54871e+07
cost = 1.54865e+07
cost = 1.5486e+07
cost = 1.54857e+07
cost = 1.54853e+07
cost = 1.54847e+07
cost = 1.54842e+07
cost = 1.5484e+07
cost = 1.54837e+07
cost = 1.5483e+07
cost = 1.54824e+07
cost = 1.563e+07
cost = 1.54816e+07
cost = 1.68323e+07
cost = 1.55993e+07
cost = 1.54922e+07
cost = 1.54825e+07
cost = 1.54816e+07
cost = 1.54811e+07
cost = 1.54809e+07
cost = 1.54804e+07
cost = 1.55031e+07
cost = 1.54823e+07
cost = 1.54803e+07
cost = 1.548e+07
cost = 1.54796e+07
cost = 1.54789e+07
cost = 1.54783e+07
cost = 1.54778e+07
cost = 1.54779e+07
cost = 1.54777e+07
cost = 1.59313e+07
cost = 1.55186e+07
cost = 1.54813e+07
cost = 1.54779e+07
cost = 1.54776e+07
cost = 1.54824e+07
cost = 1.54778e+07
cost = 1.54772e+07
cost = 1.54771e+07
cost = 1.54769e+07
cost = 1.54767e+07
cost = 1.54765e+07
cost = 1.54761e+07
cost = 1.54758e+07
cost = 1.54754e+07
cost = 1.54749e+07
cost = 1.54743e+07
cost = 1.54737e+07
cost = 1.54731e+07
cost = 1.54729e+07
cost = 1.54726e+07
cost = 1.54848e+07
cost = 1.54729e+07
cost = 1.54726e+07
cost = 1.55652e+07
cost = 1.54816e+07
cost = 1.54734e+07
cost = 1.54726e+07
cost = 1.54726e+07
cost = 1.54746e+07
cost = 1.54725e+07
cost = 1.54721e+07
cost = 1.54719e+07
cost = 1.54716e+07
cost = 1.54712e+07
cost = 1.54709e+07
cost = 1.54707e+07
cost = 1.54705e+07
cost = 1.547e+07
cost = 1.54694e+07
cost = 1.54688e+07
cost = 1.54683e+07
cost = 1.54681e+07
cost = 1.54678e+07
cost = 1.54674e+07
cost = 1.54671e+07
cost = 1.54664e+07
cost = 1.54656e+07
cost = 1.54649e+07
cost = 1.55584e+07
cost = 1.54679e+07
cost = 1.54643e+07
cost = 1.5464e+07
cost = 1.54632e+07
cost = 1.54726e+07
cost = 1.54643e+07
cost = 1.54632e+07
cost = 1.54648e+07
cost = 1.54635e+07
cost = 1.54631e+07
cost = 1.54627e+07
cost = 1.54623e+07
cost = 1.54618e+07
cost = 1.54621e+07
cost = 1.54613e+07
cost = 1.54615e+07
cost = 1.5461e+07
cost = 1.54614e+07
cost = 1.54607e+07
cost = 1.546e+07
cost = 1.54593e+07
cost = 1.54582e+07
cost = 1.54568e+07
cost = 1.54556e+07
cost = 1.54544e+07
cost = 1.54538e+07
cost = 1.54551e+07
cost = 1.54531e+07
cost = 1.54524e+07
cost = 1.54519e+07
cost = 1.54512e+07
cost = 1.54508e+07
cost = 1.54502e+07
cost = 1.545e+07
cost = 1.54497e+07
cost = 1.54493e+07
cost = 1.54489e+07
cost = 1.54485e+07
cost = 1.54481e+07
cost = 1.5448e+07
cost = 1.54473e+07
cost = 1.54468e+07
cost = 1.54462e+07
cost = 1.54464e+07
cost = 1.54459e+07
cost = 1.5477e+07
cost = 1.54495e+07
cost = 1.5446e+07
cost = 1.54456e+07
cost = 1.54452e+07
cost = 1.54445e+07
cost = 1.54439e+07
cost = 1.54435e+07
cost = 1.5443e+07
cost = 1.54425e+07
cost = 1.54421e+07
cost = 1.54415e+07
cost = 1.5441e+07
cost = 1.54404e+07
cost = 1.54398e+07
cost = 1.54393e+07
cost = 1.54389e+07
cost = 1.54385e+07
cost = 1.5438e+07
cost = 1.54376e+07
cost = 1.54372e+07
cost = 1.54367e+07
cost = 1.54366e+07
cost = 1.54354e+07
cost = 1.54351e+07
cost = 1.54344e+07
cost = 1.54337e+07
cost = 1.54347e+07
cost = 1.54335e+07
cost = 1.5439e+07
cost = 1.54337e+07
cost = 1.5433e+07
cost = 1.54321e+07
cost = 1.54314e+07
cost = 1.54307e+07
cost = 1.54323e+07
cost = 1.54301e+07
cost = 1.5429e+07
cost = 1.54278e+07
cost = 1.54264e+07
cost = 1.55025e+07
cost = 1.54254e+07
cost = 1.54242e+07
cost = 1.54231e+07
cost = 1.54226e+07
cost = 1.54223e+07
cost = 1.5421e+07
cost = 1.54203e+07
cost = 1.54195e+07
cost = 1.5419e+07
cost = 1.5427e+07
cost = 1.54198e+07
cost = 1.54186e+07
cost = 1.542e+07
cost = 1.54182e+07
cost = 1.54187e+07
cost = 1.54176e+07
cost = 1.54173e+07
cost = 1.54163e+07
cost = 1.54171e+07
cost = 1.54158e+07
cost = 1.54149e+07
cost = 1.54141e+07
cost = 1.54135e+07
cost = 1.54153e+07
cost = 1.54137e+07
cost = 1.54134e+07
cost = 1.54183e+07
cost = 1.54143e+07
cost = 1.54135e+07
cost = 1.54134e+07
cost = 1.54134e+07
cost = 1.54129e+07
cost = 1.54127e+07
cost = 1.54125e+07
cost = 1.54144e+07
cost = 1.54128e+07
cost = 1.54124e+07
cost = 1.54138e+07
cost = 1.54125e+07
cost = 1.54123e+07
cost = 1.54119e+07
cost = 1.54113e+07
cost = 1.54109e+07
cost = 1.54104e+07
cost = 1.54103e+07
cost = 1.54099e+07
cost = 1.54094e+07
cost = 1.5412e+07
cost = 1.54094e+07
cost = 1.54087e+07
cost = 1.54083e+07
cost = 1.54074e+07
cost = 1.54278e+07
cost = 1.54071e+07
cost = 1.54127e+07
cost = 1.54078e+07
cost = 1.5407e+07
cost = 1.54066e+07
cost = 1.54061e+07
cost = 1.54056e+07
cost = 1.54052e+07
cost = 1.54395e+07
cost = 1.54082e+07
cost = 1.54055e+07
cost = 1.54051e+07
cost = 1.54046e+07
cost = 1.54041e+07
cost = 1.54037e+07
cost = 1.54045e+07
cost = 1.54038e+07
cost = 1.54036e+07
cost = 1.54042e+07
cost = 1.54029e+07
cost = 1.54025e+07
cost = 1.54019e+07
cost = 1.54078e+07
cost = 1.54011e+07
cost = 1.54008e+07
cost = 1.54018e+07
cost = 1.54006e+07
cost = 1.53997e+07
cost = 1.53991e+07
cost = 1.53985e+07
cost = 1.5398e+07
cost = 1.53974e+07
cost = 1.53968e+07
cost = 1.53965e+07
cost = 1.54398e+07
cost = 1.54056e+07
cost = 1.53977e+07
cost = 1.53961e+07
cost = 1.53955e+07
cost = 1.53951e+07
cost = 1.53947e+07
cost = 1.53943e+07
cost = 1.53937e+07
cost = 1.5393e+07
cost = 1.53927e+07
cost = 1.53925e+07
cost = 1.53919e+07
cost = 1.53914e+07
cost = 1.53918e+07
cost = 1.53911e+07
cost = 1.53903e+07
cost = 1.53955e+07
cost = 1.53907e+07
cost = 1.53901e+07
cost = 1.53898e+07
cost = 1.5389e+07
cost = 1.53881e+07
cost = 1.53879e+07
cost = 1.53897e+07
cost = 1.5388e+07
cost = 1.53877e+07
cost = 1.53874e+07
cost = 1.53871e+07
cost = 1.53862e+07
cost = 1.53857e+07
cost = 1.53855e+07
cost = 1.53857e+07
cost = 1.53853e+07
cost = 1.53851e+07
cost = 1.53849e+07
cost = 1.53848e+07
cost = 1.53847e+07
cost = 1.53846e+07
cost = 1.53845e+07
cost = 1.53845e+07
cost = 1.53944e+07
cost = 1.53844e+07
cost = 1.53843e+07
cost = 1.53843e+07
cost = 1.53843e+07
cost = 1.53847e+07
cost = 1.53843e+07
cost = 1.53843e+07
cost = 1.53883e+07
cost = 1.53852e+07
cost = 1.53844e+07
cost = 1.53843e+07
cost = 1.53843e+07
cost = 1.53842e+07
cost = 1.53841e+07
cost = 1.53841e+07
cost = 1.53841e+07
cost = 1.53839e+07
cost = 1.53839e+07
cost = 1.53837e+07
cost = 1.53836e+07
cost = 1.53834e+07
cost = 1.53832e+07
cost = 1.5383e+07
cost = 1.53827e+07
cost = 1.53825e+07
cost = 1.53823e+07
cost = 1.53821e+07
cost = 1.53821e+07
cost = 1.53818e+07
cost = 1.53817e+07
cost = 1.53814e+07
cost = 1.53813e+07
cost = 1.53811e+07
cost = 1.5381e+07
cost = 1.53808e+07
cost = 1.53805e+07
cost = 1.53802e+07
cost = 1.53798e+07
cost = 1.53793e+07
cost = 1.53791e+07
cost = 1.53785e+07
cost = 1.53781e+07
cost = 1.53777e+07
cost = 1.53767e+07
cost = 1.53783e+07
cost = 1.53763e+07
cost = 1.53752e+07
cost = 1.53739e+07
cost = 1.53724e+07
cost = 1.53708e+07
cost = 1.53914e+07
cost = 1.53737e+07
cost = 1.53705e+07
cost = 1.53698e+07
cost = 1.53685e+07
cost = 1.53679e+07
cost = 1.53673e+07
cost = 1.5367e+07
cost = 1.53657e+07
cost = 1.53652e+07
cost = 1.53644e+07
cost = 1.53635e+07
cost = 1.53627e+07
cost = 1.53617e+07
cost = 1.53611e+07
cost = 1.53604e+07
cost = 1.56474e+07
cost = 1.53683e+07
cost = 1.53601e+07
cost = 1.5362e+07
cost = 1.536e+07
cost = 1.53592e+07
cost = 1.53864e+07
cost = 1.5359e+07
cost = 1.53588e+07
cost = 1.53586e+07
cost = 1.53583e+07
cost = 1.53577e+07
cost = 1.53573e+07
cost = 1.53598e+07
cost = 1.5357e+07
cost = 1.53566e+07
cost = 1.53562e+07
cost = 1.53559e+07
cost = 1.53555e+07
cost = 1.53553e+07
cost = 1.53551e+07
cost = 1.5355e+07
cost = 1.53548e+07
cost = 1.53545e+07
cost = 1.53543e+07
cost = 1.53544e+07
cost = 1.53542e+07
cost = 1.53539e+07
cost = 1.53537e+07
cost = 1.53534e+07
cost = 1.53533e+07
cost = 1.5353e+07
cost = 1.53527e+07
cost = 1.53526e+07
cost = 1.53524e+07
cost = 1.53522e+07
cost = 1.5352e+07
cost = 1.53517e+07
cost = 1.53517e+07
cost = 1.53515e+07
cost = 1.53514e+07
cost = 1.53514e+07
cost = 1.53513e+07
cost = 1.53512e+07
cost = 1.5351e+07
cost = 1.53509e+07
cost = 1.53508e+07
cost = 1.53507e+07
cost = 1.53506e+07
cost = 1.53504e+07
cost = 1.53502e+07
cost = 1.53498e+07
cost = 1.76396e+07
cost = 1.53496e+07
cost = 1.50564e+09
cost = 1.45813e+08
cost = 2.35868e+07
cost = 1.56449e+07
cost = 1.53508e+07
cost = 1.53496e+07
cost = 1.53496e+07
cost = 1.53499e+07
cost = 1.53493e+07
cost = 1.53675e+07
cost = 1.53537e+07
cost = 1.53505e+07
cost = 1.53497e+07
cost = 1.53494e+07
cost = 1.53493e+07
cost = 1.53493e+07
cost = 1.53493e+07
cost = 1.53493e+07
cost = 1.53493e+07
cost = 1.53493e+07
cost = 1.53491e+07
cost = 1.5349e+07
cost = 1.53489e+07
cost = 1.53487e+07
cost = 1.53485e+07
cost = 1.53482e+07
cost = 1.53479e+07
cost = 1.53476e+07
cost = 1.53473e+07
cost = 1.53471e+07
cost = 1.53467e+07
cost = 1.53465e+07
cost = 1.53463e+07
cost = 1.5346e+07
cost = 1.53457e+07
cost = 1.6737e+07
cost = 1.54419e+07
cost = 1.53507e+07
cost = 1.53457e+07
cost = 1.53456e+07
cost = 1.53454e+07
cost = 1.53454e+07
cost = 1.53452e+07
cost = 1.53451e+07
cost = 1.53454e+07
cost = 1.53451e+07
cost = 1.53452e+07
cost = 1.53451e+07
cost = 1.5345e+07
cost = 1.53449e+07
cost = 1.53449e+07
cost = 1.53447e+07
cost = 1.53446e+07
cost = 1.53444e+07
cost = 1.53443e+07
cost = 1.53441e+07
cost = 1.53439e+07
cost = 1.53437e+07
cost = 1.53435e+07
cost = 1.53433e+07
cost = 1.5343e+07
cost = 1.53429e+07
cost = 1.53431e+07
cost = 1.53428e+07
cost = 1.53427e+07
cost = 1.53426e+07
cost = 1.53425e+07
cost = 1.53423e+07
cost = 1.53421e+07
cost = 1.5342e+07
cost = 1.53419e+07
cost = 1.53419e+07
cost = 1.53418e+07
cost = 1.53418e+07
cost = 1.53416e+07
cost = 1.53415e+07
cost = 1.53581e+07
cost = 1.53425e+07
cost = 1.53415e+07
cost = 1.53418e+07
cost = 1.53414e+07
cost = 1.53413e+07
cost = 1.53412e+07
cost = 1.53411e+07
cost = 1.5341e+07
cost = 1.53409e+07
cost = 1.53408e+07
cost = 1.53406e+07
cost = 1.53404e+07
cost = 1.53402e+07
cost = 1.534e+07
cost = 1.53398e+07
cost = 1.53396e+07
cost = 1.53395e+07
cost = 1.53393e+07
cost = 1.53391e+07
cost = 1.53388e+07
cost = 1.53385e+07
cost = 1.53381e+07
cost = 1.53377e+07
cost = 1.53377e+07
cost = 1.53374e+07
cost = 1.53466e+07
cost = 1.53381e+07
cost = 1.53372e+07
cost = 1.5338e+07
cost = 1.53373e+07
cost = 1.53372e+07
cost = 1.5337e+07
cost = 1.53367e+07
cost = 1.5338e+07
cost = 1.53366e+07
cost = 1.53364e+07
cost = 1.53361e+07
cost = 1.53359e+07
cost = 1.53356e+07
cost = 1.53351e+07
cost = 1.53348e+07
cost = 1.53344e+07
cost = 1.53344e+07
cost = 1.53339e+07
cost = 1.53344e+07
cost = 1.53338e+07
cost = 1.53333e+07
cost = 1.53328e+07
cost = 1.53324e+07
cost = 1.53334e+07
cost = 1.53322e+07
cost = 1.5332e+07
cost = 1.53315e+07
cost = 1.53313e+07
cost = 1.5331e+07
cost = 1.53306e+07
cost = 1.53303e+07
cost = 1.533e+07
cost = 1.53295e+07
cost = 1.53293e+07
cost = 1.53288e+07
cost = 1.53286e+07
cost = 1.53286e+07
cost = 1.53285e+07
cost = 1.53283e+07
cost = 1.5331e+07
cost = 1.53282e+07
cost = 1.5328e+07
cost = 1.53278e+07
cost = 1.53275e+07
cost = 1.53267e+07
cost = 1.53259e+07
cost = 1.5444e+07
cost = 1.53255e+07
cost = 3.19084e+07
cost = 1.62543e+07
cost = 1.53515e+07
cost = 1.53254e+07
cost = 1.53549e+07
cost = 1.53267e+07
cost = 1.53248e+07
cost = 1.53243e+07
cost = 1.53241e+07
cost = 1.53237e+07
cost = 1.53234e+07
cost = 1.5323e+07
cost = 1.53232e+07
cost = 1.53227e+07
cost = 1.53224e+07
cost = 1.53227e+07
cost = 1.53222e+07
cost = 1.5322e+07
cost = 1.53217e+07
cost = 1.53214e+07
cost = 1.53211e+07
cost = 1.53209e+07
cost = 1.53206e+07
cost = 1.53204e+07
cost = 1.58464e+07
cost = 1.53211e+07
cost = 1.53203e+07
cost = 1.53201e+07
cost = 1.53197e+07
cost = 1.53193e+07
cost = 1.53189e+07
cost = 1.63322e+07
cost = 1.53574e+07
cost = 1.53233e+07
cost = 1.53197e+07
cost = 1.53191e+07
cost = 1.53189e+07
cost = 1.53188e+07
cost = 1.53185e+07
cost = 1.53183e+07
cost = 1.53181e+07
cost = 1.53179e+07
cost = 1.53177e+07
cost = 1.53179e+07
cost = 1.53176e+07
cost = 1.53173e+07
cost = 1.5317e+07
cost = 1.53173e+07
cost = 1.5317e+07
cost = 1.53426e+07
cost = 1.53216e+07
cost = 1.53175e+07
cost = 1.53168e+07
cost = 1.53165e+07
cost = 1.53162e+07
cost = 1.53159e+07
cost = 1.53155e+07
cost = 1.53152e+07
cost = 1.53149e+07
cost = 1.53148e+07
cost = 1.53148e+07
cost = 1.53147e+07
cost = 1.53145e+07
cost = 1.53147e+07
cost = 1.53143e+07
cost = 1.53143e+07
cost = 1.53141e+07
cost = 1.53141e+07
cost = 1.5314e+07
cost = 1.5314e+07
cost = 1.53139e+07
cost = 1.53139e+07
cost = 1.53139e+07
cost = 1.53138e+07
cost = 1.5314e+07
cost = 1.53137e+07
cost = 1.53137e+07
cost = 1.53136e+07
cost = 1.53135e+07
cost = 1.53134e+07
cost = 1.53133e+07
cost = 1.53132e+07
cost = 1.53131e+07
cost = 1.53133e+07
cost = 1.53131e+07
cost = 1.53131e+07
cost = 1.5313e+07
cost = 1.53129e+07
cost = 1.53129e+07
cost = 1.53128e+07
cost = 1.53127e+07
cost = 1.53125e+07
cost = 1.53124e+07
cost = 1.53121e+07
cost = 1.53118e+07
cost = 1.53116e+07
cost = 1.53113e+07
cost = 1.5311e+07
cost = 1.53106e+07
cost = 8.79486e+08
cost = 9.30161e+07
cost = 2.1769e+07
cost = 1.57556e+07
cost = 1.53285e+07
cost = 1.53106e+07
cost = 1.53103e+07
cost = 1.53103e+07
cost = 1.53102e+07
cost = 1.53101e+07
cost = 1.531e+07
cost = 1.5311e+07
cost = 1.531e+07
cost = 1.531e+07
cost = 1.531e+07
cost = 1.53099e+07
cost = 1.53099e+07
cost = 1.53098e+07
cost = 1.53097e+07
cost = 1.53097e+07
cost = 1.53096e+07
cost = 1.53094e+07
cost = 1.53093e+07
cost = 1.5309e+07
cost = 1.53088e+07
cost = 1.53088e+07
cost = 1.53086e+07
cost = 1.53084e+07
cost = 1.53082e+07
cost = 1.5308e+07
cost = 1.53131e+07
cost = 1.53083e+07
cost = 1.5308e+07
cost = 2.49711e+07
cost = 1.54519e+07
cost = 1.53138e+07
cost = 1.53083e+07
cost = 1.53078e+07
cost = 1.53077e+07
cost = 1.53077e+07
cost = 1.53076e+07
cost = 1.53076e+07
cost = 1.53075e+07
cost = 1.53074e+07
cost = 1.53073e+07
cost = 1.53072e+07
cost = 1.53072e+07
cost = 1.53071e+07
cost = 1.5307e+07
cost = 1.53069e+07
cost = 1.53068e+07
cost = 1.53067e+07
cost = 1.53066e+07
cost = 1.53065e+07
cost = 1.53064e+07
cost = 1.53061e+07
cost = 1.5306e+07
cost = 1.53059e+07
cost = 1.53057e+07
cost = 1.53056e+07
cost = 1.53055e+07
cost = 1.5306e+07
cost = 1.53054e+07
cost = 1.53051e+07
cost = 1.5305e+07
cost = 1.53048e+07
cost = 1.53045e+07
cost = 1.53042e+07
cost = 1.68798e+07
cost = 1.54418e+07
cost = 1.53161e+07
cost = 1.53053e+07
cost = 1.53043e+07
cost = 1.53042e+07
cost = 1.53055e+07
cost = 1.53041e+07
cost = 1.53039e+07
cost = 1.53037e+07
cost = 1.53036e+07
cost = 1.53035e+07
cost = 1.53034e+07
cost = 1.53032e+07
cost = 1.53032e+07
cost = 1.53031e+07
cost = 1.5303e+07
cost = 1.5303e+07
cost = 1.53029e+07
cost = 1.53028e+07
cost = 1.53028e+07
cost = 1.53026e+07
cost = 1.53026e+07
cost = 1.53025e+07
cost = 1.53024e+07
cost = 1.53023e+07
cost = 1.53022e+07
cost = 1.5302e+07
cost = 1.53018e+07
cost = 1.53016e+07
cost = 1.53014e+07
cost = 1.53012e+07
cost = 1.53035e+07
cost = 1.53013e+07
cost = 1.53012e+07
cost = 1.53009e+07
cost = 1.53007e+07
cost = 1.53003e+07
cost = 1.54964e+07
cost = 1.53086e+07
cost = 1.53002e+07
cost = 1.53005e+07
cost = 1.52998e+07
cost = 1.52997e+07
cost = 1.52994e+07
cost = 1.5299e+07
cost = 1.52991e+07
cost = 1.52989e+07
cost = 1.5299e+07
cost = 1.52988e+07
cost = 1.52986e+07
cost = 1.52984e+07
cost = 1.52985e+07
cost = 1.52983e+07
cost = 1.52982e+07
cost = 1.52981e+07
cost = 1.52979e+07
cost = 1.52978e+07
cost = 1.52977e+07
cost = 1.52977e+07
cost = 1.52976e+07
cost = 1.52975e+07
cost = 1.52974e+07
cost = 1.52973e+07
cost = 1.52972e+07
cost = 1.52971e+07
cost = 1.52969e+07
cost = 1.52967e+07
cost = 1.52967e+07
cost = 1.53005e+07
cost = 1.52978e+07
cost = 1.5297e+07
cost = 1.52967e+07
cost = 1.52967e+07
cost = 1.52965e+07
cost = 1.52964e+07
cost = 1.52963e+07
cost = 1.52962e+07
cost = 1.52961e+07
cost = 1.5296e+07
cost = 1.5296e+07
cost = 1.52972e+07
cost = 1.52961e+07
cost = 1.52959e+07
cost = 1.52958e+07
cost = 1.52957e+07
cost = 1.52956e+07
cost = 1.52955e+07
cost = 1.52955e+07
cost = 1.52954e+07
cost = 1.52953e+07
cost = 1.52951e+07
cost = 1.52953e+07
cost = 1.52951e+07
cost = 1.5295e+07
cost = 1.5295e+07
cost = 1.52949e+07
cost = 1.52948e+07
cost = 1.52948e+07
cost = 1.52947e+07
cost = 1.52947e+07
cost = 1.52946e+07
cost = 1.52944e+07
cost = 1.52943e+07
cost = 1.52942e+07
cost = 1.52941e+07
cost = 1.52939e+07
cost = 1.52938e+07
cost = 1.52935e+07
cost = 1.52933e+07
cost = 1.5293e+07
cost = 1.52927e+07
cost = 1.52923e+07
cost = 1.52919e+07
cost = 1.52914e+07
cost = 1.52911e+07
cost = 1.52905e+07
cost = 1.529e+07
cost = 1.52895e+07
cost = 1.52919e+07
cost = 1.52897e+07
cost = 1.52894e+07
cost = 1.52889e+07
cost = 1.52886e+07
cost = 1.52883e+07
cost = 1.52915e+07
cost = 1.5288e+07
cost = 1.5292e+07
cost = 1.52889e+07
cost = 1.52881e+07
cost = 1.52879e+07
cost = 1.52874e+07
cost = 1.52872e+07
cost = 1.52881e+07
cost = 1.5287e+07
cost = 1.52868e+07
cost = 1.52865e+07
cost = 1.52863e+07
cost = 1.52861e+07
cost = 1.5286e+07
cost = 1.5286e+07
cost = 1.52859e+07
cost = 1.52858e+07
cost = 1.52861e+07
cost = 1.52858e+07
cost = 1.52857e+07
cost = 1.52858e+07
cost = 1.52857e+07
cost = 1.52856e+07
cost = 1.52855e+07
cost = 1.52855e+07
cost = 1.52854e+07
cost = 1.52853e+07
cost = 1.52852e+07
cost = 1.52851e+07
cost = 1.5285e+07
cost = 1.52848e+07
cost = 1.52845e+07
cost = 1.52843e+07
cost = 1.52849e+07
cost = 1.52842e+07
cost = 1.52869e+07
cost = 1.52843e+07
cost = 1.52842e+07
cost = 1.52929e+07
cost = 1.52854e+07
cost = 1.52844e+07
cost = 1.52842e+07
cost = 1.52842e+07
cost = 1.52841e+07
cost = 1.52841e+07
cost = 1.52841e+07
cost = 1.5284e+07
cost = 1.5284e+07
cost = 1.52839e+07
cost = 1.52839e+07
cost = 1.52838e+07
cost = 1.52838e+07
cost = 1.52838e+07
cost = 1.52837e+07
cost = 1.52837e+07
cost = 1.52836e+07
cost = 1.52836e+07
cost = 1.52836e+07
cost = 1.52835e+07
cost = 1.52835e+07
cost = 1.52836e+07
cost = 1.52835e+07
cost = 1.52835e+07
cost = 1.52834e+07
cost = 1.52834e+07
cost = 1.52834e+07
cost = 1.52834e+07
cost = 1.52833e+07
cost = 1.52833e+07
cost = 1.52833e+07
cost = 1.52833e+07
cost = 1.52832e+07
cost = 1.52832e+07
cost = 1.52831e+07
cost = 1.5283e+07
cost = 1.52829e+07
cost = 1.52828e+07
cost = 1.52828e+07
cost = 1.52827e+07
cost = 1.52826e+07
cost = 1.52825e+07
cost = 1.52824e+07
cost = 1.52824e+07
cost = 1.52823e+07
cost = 1.52822e+07
cost = 1.52822e+07
cost = 1.52821e+07
cost = 1.52821e+07
cost = 1.5282e+07
cost = 1.5282e+07
cost = 1.52819e+07
cost = 1.52819e+07
cost = 1.52818e+07
cost = 1.52817e+07
cost = 1.52817e+07
cost = 1.52816e+07
cost = 1.52816e+07
cost = 1.52815e+07
cost = 1.52815e+07
cost = 1.52813e+07
cost = 1.52817e+07
cost = 1.52813e+07
cost = 1.52812e+07
cost = 1.52811e+07
cost = 1.52809e+07
cost = 1.52807e+07
cost = 1.52806e+07
cost = 1.52805e+07
cost = 1.52804e+07
cost = 1.52803e+07
cost = 1.52802e+07
cost = 1.52802e+07
cost = 1.52801e+07
cost = 1.528e+07
cost = 1.52799e+07
cost = 1.52799e+07
cost = 1.52798e+07
cost = 1.52798e+07
cost = 1.52797e+07
cost = 1.52797e+07
cost = 1.52796e+07
cost = 1.52795e+07
cost = 1.52795e+07
cost = 1.52794e+07
cost = 1.52794e+07
cost = 1.52792e+07
cost = 1.52791e+07
cost = 1.5279e+07
cost = 1.52788e+07
cost = 1.52785e+07
cost = 1.52783e+07
cost = 1.5278e+07
cost = 1.52777e+07
cost = 1.52775e+07
cost = 1.52775e+07
cost = 1.52773e+07
cost = 1.52773e+07
cost = 1.52772e+07
cost = 1.52771e+07
cost = 1.5277e+07
cost = 1.52768e+07
cost = 1.52766e+07
cost = 1.53347e+07
cost = 1.52824e+07
cost = 1.52772e+07
cost = 1.52766e+07
cost = 1.52767e+07
cost = 1.52766e+07
cost = 1.52772e+07
cost = 1.52765e+07
cost = 1.52763e+07
cost = 1.52762e+07
cost = 1.52761e+07
cost = 1.5276e+07
cost = 1.5276e+07
cost = 1.52759e+07
cost = 1.52758e+07
cost = 1.52757e+07
cost = 1.52756e+07
cost = 1.52754e+07
cost = 1.52753e+07
cost = 1.52751e+07
cost = 1.5275e+07
cost = 1.52749e+07
cost = 1.52747e+07
cost = 1.52746e+07
cost = 1.52745e+07
cost = 1.52743e+07
cost = 1.52741e+07
cost = 1.52745e+07
cost = 1.52739e+07
cost = 1.55938e+07
cost = 1.52921e+07
cost = 1.52744e+07
cost = 1.52738e+07
cost = 1.52736e+07
cost = 1.52817e+07
cost = 1.52731e+07
cost = 1.54988e+07
cost = 1.5289e+07
cost = 1.52739e+07
cost = 1.5273e+07
cost = 1.52739e+07
cost = 1.52729e+07
cost = 1.52727e+07
cost = 1.52725e+07
cost = 1.52735e+07
cost = 1.52724e+07
cost = 1.52733e+07
cost = 1.52724e+07
cost = 1.52723e+07
cost = 1.52722e+07
cost = 1.52722e+07
cost = 1.52722e+07
cost = 1.52721e+07
cost = 1.52728e+07
cost = 1.52721e+07
cost = 1.52719e+07
cost = 1.52718e+07
cost = 1.52718e+07
cost = 1.52717e+07
cost = 1.52716e+07
cost = 1.52716e+07
cost = 1.52715e+07
cost = 1.52714e+07
cost = 1.52713e+07
cost = 1.52713e+07
cost = 1.52712e+07
cost = 1.52711e+07
cost = 1.52709e+07
cost = 1.52938e+07
cost = 1.52708e+07
cost = 1.52731e+07
cost = 1.52708e+07
cost = 1.52771e+07
cost = 1.52714e+07
cost = 1.52705e+07
cost = 1.52703e+07
cost = 1.52702e+07
cost = 1.527e+07
cost = 1.52696e+07
cost = 1.52693e+07
cost = 1.5269e+07
cost = 1.52688e+07
cost = 1.52686e+07
cost = 1.52685e+07
cost = 1.53037e+07
cost = 1.52722e+07
cost = 1.52689e+07
cost = 1.52685e+07
cost = 1.52684e+07
cost = 1.52764e+07
cost = 1.52696e+07
cost = 1.52685e+07
cost = 1.52683e+07
cost = 1.52682e+07
cost = 1.52681e+07
cost = 1.5268e+07
cost = 1.52679e+07
cost = 1.52678e+07
cost = 1.52677e+07
cost = 1.52676e+07
cost = 1.52675e+07
cost = 1.52674e+07
cost = 1.52672e+07
cost = 1.52731e+07
cost = 1.5267e+07
cost = 1.54099e+07
cost = 1.52783e+07
cost = 1.52678e+07
cost = 1.5267e+07
cost = 1.52682e+07
cost = 1.52668e+07
cost = 1.52664e+07
cost = 1.5266e+07
cost = 1.52656e+07
cost = 1.52652e+07
cost = 1.52649e+07
cost = 1.52648e+07
cost = 1.52645e+07
cost = 1.52643e+07
cost = 1.5264e+07
cost = 1.52637e+07
cost = 1.52636e+07
cost = 1.52633e+07
cost = 1.52633e+07
cost = 1.52633e+07
cost = 1.52633e+07
cost = 1.52632e+07
cost = 1.52631e+07
cost = 1.52631e+07
cost = 1.5263e+07
cost = 1.5263e+07
cost = 1.52629e+07
cost = 1.52629e+07
cost = 1.52628e+07
cost = 1.52626e+07
cost = 1.52624e+07
cost = 1.52621e+07
cost = 1.52617e+07
cost = 1.52614e+07
cost = 1.52612e+07
cost = 1.52613e+07
cost = 1.52611e+07
cost = 1.5371e+07
cost = 1.52647e+07
cost = 1.5261e+07
cost = 1.52634e+07
cost = 1.52612e+07
cost = 1.52609e+07
cost = 1.52607e+07
cost = 1.52604e+07
cost = 1.52603e+07
cost = 1.52598e+07
cost = 1.52596e+07
cost = 1.52594e+07
cost = 1.52611e+07
cost = 1.52592e+07
cost = 1.52595e+07
cost = 1.52591e+07
cost = 1.52652e+07
cost = 1.52597e+07
cost = 1.52591e+07
cost = 3.68267e+07
cost = 1.55232e+07
cost = 1.52677e+07
cost = 1.52607e+07
cost = 1.52592e+07
cost = 1.52589e+07
cost = 1.52588e+07
cost = 1.52587e+07
cost = 1.5259e+07
cost = 1.52586e+07
cost = 1.52584e+07
cost = 1.52583e+07
cost = 1.52582e+07
cost = 1.52581e+07
cost = 1.5258e+07
cost = 1.52579e+07
cost = 1.52579e+07
cost = 1.52578e+07
cost = 1.52578e+07
cost = 1.52577e+07
cost = 1.52576e+07
cost = 1.52575e+07
cost = 1.52575e+07
cost = 1.52574e+07
cost = 1.52574e+07
cost = 1.52573e+07
cost = 1.52573e+07
cost = 1.52573e+07
cost = 1.52572e+07
cost = 1.52572e+07
cost = 1.52572e+07
cost = 1.52572e+07
cost = 1.52572e+07
cost = 1.52572e+07
cost = 1.52571e+07
cost = 1.52571e+07
cost = 1.52571e+07
cost = 1.5257e+07
cost = 1.5257e+07
cost = 1.5257e+07
cost = 1.52569e+07
cost = 1.52569e+07
cost = 1.52569e+07
cost = 1.52568e+07
cost = 1.52567e+07
cost = 1.52567e+07
cost = 1.52567e+07
cost = 1.52567e+07
cost = 1.52566e+07
cost = 1.52566e+07
cost = 1.52565e+07
cost = 1.52609e+07
cost = 1.52565e+07
cost = 1.52565e+07
cost = 1.52564e+07
cost = 1.52564e+07
cost = 1.52563e+07
cost = 1.52562e+07
cost = 1.52997e+07
cost = 1.52604e+07
cost = 1.52566e+07
cost = 1.52562e+07
cost = 1.52566e+07
cost = 1.52562e+07
cost = 1.52562e+07
cost = 1.52572e+07
cost = 1.52563e+07
cost = 1.52561e+07
cost = 1.5256e+07
cost = 1.5256e+07
cost = 1.52559e+07
cost = 1.52568e+07
cost = 1.52558e+07
cost = 1.52558e+07
cost = 1.52558e+07
cost = 1.52557e+07
cost = 1.52563e+07
cost = 1.52557e+07
cost = 1.52557e+07
cost = 1.52556e+07
cost = 1.52556e+07
cost = 1.52555e+07
cost = 1.52555e+07
cost = 1.52554e+07
cost = 1.52554e+07
cost = 1.52557e+07
cost = 1.52554e+07
cost = 1.52553e+07
cost = 1.52553e+07
cost = 1.52552e+07
cost = 1.52551e+07
cost = 1.52554e+07
cost = 1.52551e+07
cost = 1.52551e+07
cost = 1.52551e+07
cost = 1.5255e+07
cost = 1.52549e+07
cost = 1.52548e+07
cost = 1.52547e+07
cost = 1.52546e+07
cost = 1.52544e+07
cost = 1.52543e+07
cost = 1.52542e+07
cost = 1.52541e+07
cost = 1.52541e+07
cost = 1.52539e+07
cost = 1.52539e+07
cost = 1.52538e+07
cost = 1.5254e+07
cost = 1.52538e+07
cost = 1.52538e+07
cost = 1.52537e+07
cost = 1.52537e+07
cost = 1.52537e+07
cost = 1.52536e+07
cost = 1.52536e+07
cost = 1.52536e+07
cost = 1.5254e+07
cost = 1.52536e+07
cost = 1.52535e+07
cost = 1.52535e+07
cost = 1.52535e+07
cost = 1.52536e+07
cost = 1.52535e+07
cost = 1.52535e+07
cost = 1.52534e+07
cost = 1.52534e+07
cost = 1.52534e+07
cost = 1.52534e+07
cost = 1.52533e+07
cost = 1.52533e+07
cost = 1.52533e+07
cost = 1.52533e+07
cost = 1.52532e+07
cost = 1.52532e+07
cost = 1.52532e+07
cost = 1.52531e+07
cost = 1.5253e+07
cost = 1.52529e+07
cost = 1.52528e+07
cost = 1.52528e+07
cost = 1.52527e+07
cost = 1.52527e+07
cost = 1.52526e+07
cost = 1.52526e+07
cost = 1.52525e+07
cost = 1.52525e+07
cost = 1.52525e+07
cost = 1.52524e+07
cost = 1.52524e+07
cost = 1.52523e+07
cost = 1.52523e+07
cost = 1.52522e+07
cost = 1.52521e+07
cost = 1.52562e+07
cost = 1.52528e+07
cost = 1.52522e+07
cost = 1.5252e+07
cost = 1.52519e+07
cost = 1.52519e+07
cost = 1.5252e+07
cost = 1.52518e+07
cost = 1.52516e+07
cost = 1.52516e+07
cost = 1.52513e+07
cost = 1.5251e+07
cost = 1.52506e+07
cost = 1.525e+07
cost = 1.59536e+07
cost = 1.52654e+07
cost = 1.52498e+07
cost = 1.78162e+07
cost = 1.54763e+07
cost = 1.52701e+07
cost = 1.52515e+07
cost = 1.52499e+07
cost = 1.52497e+07
cost = 1.7099e+07
cost = 1.52492e+07
cost = 1.5251e+07
cost = 1.52493e+07
cost = 1.5249e+07
cost = 1.52486e+07
cost = 1.52481e+07
cost = 1.5297e+07
cost = 1.52477e+07
cost = 1.59183e+07
cost = 1.52999e+07
cost = 1.52508e+07
cost = 1.52477e+07
cost = 1.52476e+07
cost = 1.52788e+07
cost = 1.52508e+07
cost = 1.52479e+07
cost = 1.52476e+07
cost = 5.33088e+07
cost = 1.63234e+07
cost = 1.52494e+07
cost = 1.52475e+07
cost = 1.5247e+07
cost = 1.52468e+07
cost = 1.52465e+07
cost = 1.52462e+07
cost = 5.91897e+09
cost = 1.58146e+07
cost = 1.52823e+07
cost = 1.52505e+07
cost = 1.52469e+07
cost = 1.52463e+07
cost = 1.52462e+07
cost = 1.5246e+07
cost = 1.52456e+07
cost = 1.52452e+07
cost = 1.52465e+07
cost = 1.52454e+07
cost = 1.52452e+07
cost = 1.5245e+07
cost = 1.52447e+07
cost = 1.52444e+07
cost = 1.52443e+07
cost = 1.52442e+07
cost = 1.5244e+07
cost = 1.52439e+07
cost = 1.52439e+07
cost = 1.52438e+07
cost = 1.52437e+07
cost = 1.52436e+07
cost = 1.5244e+07
cost = 1.52437e+07
cost = 1.52436e+07
cost = 1.52435e+07
cost = 1.52434e+07
cost = 1.52433e+07
cost = 1.52432e+07
cost = 1.5243e+07
cost = 1.52429e+07
cost = 1.52428e+07
cost = 1.52427e+07
cost = 1.52426e+07
cost = 1.52425e+07
cost = 1.52423e+07
cost = 1.52422e+07
cost = 1.52421e+07
cost = 1.52421e+07
cost = 1.52419e+07
cost = 1.52418e+07
cost = 1.52417e+07
cost = 1.52416e+07
cost = 1.52417e+07
cost = 1.52416e+07
cost = 1.52416e+07
cost = 1.52415e+07
cost = 1.52415e+07
cost = 1.52414e+07
cost = 1.52414e+07
cost = 1.52425e+07
cost = 1.52416e+07
cost = 1.52414e+07
cost = 1.52413e+07
cost = 1.52413e+07
cost = 1.52412e+07
cost = 1.52412e+07
cost = 1.52411e+07
cost = 1.52411e+07
cost = 1.5241e+07
cost = 1.52409e+07
cost = 1.52409e+07
cost = 1.52408e+07
cost = 1.52408e+07
cost = 1.52407e+07
cost = 1.52406e+07
cost = 1.52406e+07
cost = 1.52405e+07
cost = 1.52405e+07
cost = 1.52404e+07
cost = 1.52403e+07
cost = 1.52402e+07
cost = 1.52401e+07
cost = 1.524e+07
cost = 1.52401e+07
cost = 1.52399e+07
cost = 1.52398e+07
cost = 1.52397e+07
cost = 1.52395e+07
cost = 1.52394e+07
cost = 1.52393e+07
cost = 1.52392e+07
cost = 1.52391e+07
cost = 1.52389e+07
cost = 1.52387e+07
cost = 1.52386e+07
cost = 1.52385e+07
cost = 1.52384e+07
cost = 1.52383e+07
cost = 1.52381e+07
cost = 1.52379e+07
cost = 1.52376e+07
cost = 1.52374e+07
cost = 1.52371e+07
cost = 1.52369e+07
cost = 1.52367e+07
cost = 1.52367e+07
cost = 1.52363e+07
cost = 1.52361e+07
cost = 1.52361e+07
cost = 1.5236e+07
cost = 1.5236e+07
cost = 1.52358e+07
cost = 1.52358e+07
cost = 1.52357e+07
cost = 1.52356e+07
cost = 1.52355e+07
cost = 1.52354e+07
cost = 1.52354e+07
cost = 1.52352e+07
cost = 1.52351e+07
cost = 1.5235e+07
cost = 1.52348e+07
cost = 1.52348e+07
cost = 1.52347e+07
cost = 1.52346e+07
cost = 1.52346e+07
cost = 1.52345e+07
cost = 1.52345e+07
cost = 1.52346e+07
cost = 1.52345e+07
cost = 1.52345e+07
cost = 1.52344e+07
cost = 1.52344e+07
cost = 1.52344e+07
cost = 1.52343e+07
cost = 1.52343e+07
cost = 1.52343e+07
cost = 1.52343e+07
cost = 1.52343e+07
cost = 1.52342e+07
cost = 1.52342e+07
cost = 1.52341e+07
cost = 1.5234e+07
cost = 1.52467e+07
cost = 1.52342e+07
cost = 1.52339e+07
cost = 1.57428e+07
cost = 1.52738e+07
cost = 1.52379e+07
cost = 1.52343e+07
cost = 1.52339e+07
cost = 1.58026e+07
cost = 1.52632e+07
cost = 1.52348e+07
cost = 1.52338e+07
cost = 1.52337e+07
cost = 1.52337e+07
cost = 1.52337e+07
cost = 1.52336e+07
cost = 1.52335e+07
cost = 1.52335e+07
cost = 1.52334e+07
cost = 1.52334e+07
cost = 1.52334e+07
cost = 1.52333e+07
cost = 1.52333e+07
cost = 1.52332e+07
cost = 1.52332e+07
cost = 1.52331e+07
cost = 1.52331e+07
cost = 1.5233e+07
cost = 1.5233e+07
cost = 1.5233e+07
cost = 1.52329e+07
cost = 1.52329e+07
cost = 1.52329e+07
cost = 1.52328e+07
cost = 1.52328e+07
cost = 1.52328e+07
cost = 1.52327e+07
cost = 1.52327e+07
cost = 1.52326e+07
cost = 1.52326e+07
cost = 1.52325e+07
cost = 1.52325e+07
cost = 1.52325e+07
cost = 1.52324e+07
cost = 1.52323e+07
cost = 1.52322e+07
cost = 1.52322e+07
cost = 1.5232e+07
cost = 1.5232e+07
cost = 1.52319e+07
cost = 1.52318e+07
cost = 1.52318e+07
cost = 1.52317e+07
cost = 1.52317e+07
cost = 1.52316e+07
cost = 1.52315e+07
cost = 1.52314e+07
cost = 1.52314e+07
cost = 1.52313e+07
cost = 1.52312e+07
cost = 1.52311e+07
cost = 1.5231e+07
cost = 1.5231e+07
cost = 1.52309e+07
cost = 1.52308e+07
cost = 1.52308e+07
cost = 1.52308e+07
cost = 1.52307e+07
cost = 1.52307e+07
cost = 1.52306e+07
cost = 1.52306e+07
cost = 1.52305e+07
cost = 1.52303e+07
cost = 1.52302e+07
cost = 1.52301e+07
cost = 1.52299e+07
cost = 1.52296e+07
cost = 1.52293e+07
cost = 1.5229e+07
cost = 1.52295e+07
cost = 1.52289e+07
cost = 1.52293e+07
cost = 1.52288e+07
cost = 1.52286e+07
cost = 1.52283e+07
cost = 1.52286e+07
cost = 1.52283e+07
cost = 1.52281e+07
cost = 1.5228e+07
cost = 1.52279e+07
cost = 1.52278e+07
cost = 1.52277e+07
cost = 1.52276e+07
cost = 1.52275e+07
cost = 1.52274e+07
cost = 1.52273e+07
cost = 1.52271e+07
cost = 1.52269e+07
cost = 1.52268e+07
cost = 1.52267e+07
cost = 1.52266e+07
cost = 1.52265e+07
cost = 1.52264e+07
cost = 1.52263e+07
cost = 1.52262e+07
cost = 1.52267e+07
cost = 1.52262e+07
cost = 1.52266e+07
cost = 1.52262e+07
cost = 1.5226e+07
cost = 1.5226e+07
cost = 1.52259e+07
cost = 1.52259e+07
cost = 1.52258e+07
cost = 1.52257e+07
cost = 1.52256e+07
cost = 1.52256e+07
cost = 1.52255e+07
cost = 1.52255e+07
cost = 1.52254e+07
cost = 1.52254e+07
cost = 1.52253e+07
cost = 1.52252e+07
cost = 1.52252e+07
cost = 1.52252e+07
cost = 1.52252e+07
cost = 1.52251e+07
cost = 1.52251e+07
cost = 1.52251e+07
cost = 1.5225e+07
cost = 1.5225e+07
cost = 1.5225e+07
cost = 1.5225e+07
cost = 1.5225e+07
cost = 1.5225e+07
cost = 1.5225e+07
cost = 1.5225e+07
cost = 1.52249e+07
cost = 1.52249e+07
cost = 1.52249e+07
cost = 1.52248e+07
cost = 1.52248e+07
cost = 1.52248e+07
cost = 1.52247e+07
cost = 1.5227e+07
cost = 1.52249e+07
cost = 1.52247e+07
cost = 1.52247e+07
cost = 1.52247e+07
cost = 1.52247e+07
cost = 1.52247e+07
cost = 1.52247e+07
cost = 1.52248e+07
cost = 1.52247e+07
cost = 1.52246e+07
cost = 1.52246e+07
cost = 1.52246e+07
cost = 1.52246e+07
cost = 1.52245e+07
cost = 1.52317e+07
cost = 1.52246e+07
cost = 1.52244e+07
cost = 1.57135e+07
cost = 1.52786e+07
cost = 1.52303e+07
cost = 1.52249e+07
cost = 1.52244e+07
cost = 1.52244e+07
cost = 1.52243e+07
cost = 1.52243e+07
cost = 1.52243e+07
cost = 1.52243e+07
cost = 1.52242e+07
cost = 1.52242e+07
cost = 1.52241e+07
cost = 1.52241e+07
cost = 1.52241e+07
cost = 1.52241e+07
cost = 1.5224e+07
cost = 1.52239e+07
cost = 1.52238e+07
cost = 1.52237e+07
cost = 1.52236e+07
cost = 1.52236e+07
cost = 1.52235e+07
cost = 1.52234e+07
cost = 1.52234e+07
cost = 1.52238e+07
cost = 1.52234e+07
cost = 1.52233e+07
cost = 1.52232e+07
cost = 1.52232e+07
cost = 1.52231e+07
cost = 1.52231e+07
cost = 1.5223e+07
cost = 1.5223e+07
cost = 1.52229e+07
cost = 1.52228e+07
cost = 1.52228e+07
cost = 1.52227e+07
cost = 1.52226e+07
cost = 1.52225e+07
cost = 1.52224e+07
cost = 1.52223e+07
cost = 1.52223e+07
cost = 1.52222e+07
cost = 1.52221e+07
cost = 1.5222e+07
cost = 1.52219e+07
cost = 1.52218e+07
cost = 1.52218e+07
cost = 1.52217e+07
cost = 1.52216e+07
cost = 1.52216e+07
cost = 1.52215e+07
cost = 1.52217e+07
cost = 1.52214e+07
cost = 1.52214e+07
cost = 1.52212e+07
cost = 1.52212e+07
cost = 1.52211e+07
cost = 1.5221e+07
cost = 1.52211e+07
cost = 1.5221e+07
cost = 1.52213e+07
cost = 1.5221e+07
cost = 1.52209e+07
cost = 1.52208e+07
cost = 1.52208e+07
cost = 1.52207e+07
cost = 1.52214e+07
cost = 1.52207e+07
cost = 1.52205e+07
cost = 1.52204e+07
cost = 1.52203e+07
cost = 1.52202e+07
cost = 1.52201e+07
cost = 1.52201e+07
cost = 1.52199e+07
cost = 1.52199e+07
cost = 1.52198e+07
cost = 1.52197e+07
cost = 1.52196e+07
cost = 1.52194e+07
cost = 1.52193e+07
cost = 1.52191e+07
cost = 1.52189e+07
cost = 1.52188e+07
cost = 1.52188e+07
cost = 1.52187e+07
cost = 1.52186e+07
cost = 1.52185e+07
cost = 1.52185e+07
cost = 1.52184e+07
cost = 1.52184e+07
cost = 1.52183e+07
cost = 1.52182e+07
cost = 1.52182e+07
cost = 1.52181e+07
cost = 1.52179e+07
cost = 1.52179e+07
cost = 1.52177e+07
cost = 1.52175e+07
cost = 1.52173e+07
cost = 1.52171e+07
cost = 1.52169e+07
cost = 1.52167e+07
cost = 1.52165e+07
cost = 1.52167e+07
cost = 1.52165e+07
cost = 1.52165e+07
cost = 1.52163e+07
cost = 1.52162e+07
cost = 1.52192e+07
cost = 1.52161e+07
cost = 1.538e+07
cost = 1.52323e+07
cost = 1.52179e+07
cost = 1.52163e+07
cost = 1.52161e+07
cost = 1.52161e+07
cost = 1.52161e+07
cost = 1.5216e+07
cost = 1.52159e+07
cost = 1.52158e+07
cost = 1.52158e+07
cost = 1.52157e+07
cost = 1.52156e+07
cost = 1.52155e+07
cost = 1.52154e+07
cost = 1.52154e+07
cost = 1.52153e+07
cost = 1.52153e+07
cost = 1.52152e+07
cost = 1.52152e+07
cost = 1.52152e+07
cost = 1.52151e+07
cost = 1.52151e+07
cost = 1.52151e+07
cost = 1.52151e+07
cost = 1.5215e+07
cost = 1.5215e+07
cost = 1.5215e+07
cost = 1.5215e+07
cost = 1.5215e+07
cost = 1.5215e+07
cost = 1.5215e+07
cost = 1.5215e+07
cost = 1.5215e+07
cost = 1.5215e+07
cost = 1.5215e+07
cost = 1.52149e+07
cost = 1.52149e+07
cost = 1.52149e+07
cost = 1.52148e+07
cost = 1.5434e+07
cost = 1.52148e+07
cost = 2.36044e+08
cost = 3.30085e+07
cost = 1.63724e+07
cost = 1.52647e+07
cost = 1.52151e+07
cost = 1.52148e+07
cost = 1.52147e+07
cost = 1.52148e+07
cost = 1.52147e+07
cost = 1.52147e+07
cost = 1.52718e+07
cost = 1.52214e+07
cost = 1.52154e+07
cost = 1.52148e+07
cost = 1.52147e+07
cost = 1.52147e+07
cost = 1.52147e+07
cost = 1.52147e+07
cost = 1.52146e+07
cost = 1.52146e+07
cost = 1.52146e+07
cost = 1.52145e+07
cost = 1.52149e+07
cost = 1.52146e+07
cost = 1.52145e+07
cost = 1.52145e+07
cost = 1.52145e+07
cost = 1.52144e+07
cost = 1.52144e+07
cost = 1.52143e+07
cost = 1.52142e+07
cost = 1.52142e+07
cost = 1.52141e+07
cost = 1.5214e+07
cost = 1.52139e+07
cost = 1.52138e+07
cost = 1.52166e+07
cost = 1.5214e+07
cost = 1.52138e+07
cost = 1.52137e+07
cost = 1.52136e+07
cost = 1.52136e+07
cost = 1.52135e+07
cost = 1.52135e+07
cost = 1.52134e+07
cost = 1.52134e+07
cost = 1.52134e+07
cost = 1.52134e+07
cost = 1.52133e+07
cost = 1.52133e+07
cost = 1.52133e+07
cost = 1.52133e+07
cost = 1.52133e+07
cost = 1.52132e+07
cost = 1.52132e+07
cost = 1.52131e+07
cost = 1.52157e+07
cost = 1.52131e+07
cost = 9.86647e+08
cost = 2.13567e+07
cost = 1.52218e+07
cost = 1.52145e+07
cost = 1.52134e+07
cost = 1.52132e+07
cost = 1.52131e+07
cost = 1.52131e+07
cost = 1.52134e+07
cost = 1.52132e+07
cost = 1.52131e+07
cost = 1.52131e+07
cost = 1.52131e+07
cost = 1.5213e+07
cost = 1.5213e+07
cost = 1.5213e+07
cost = 1.52129e+07
cost = 1.52139e+07
cost = 1.5213e+07
cost = 1.52129e+07
cost = 1.52128e+07
cost = 1.52136e+07
cost = 1.52129e+07
cost = 1.52128e+07
cost = 1.52127e+07
cost = 1.52126e+07
cost = 1.52126e+07
cost = 1.52125e+07
cost = 1.52125e+07
cost = 1.52124e+07
cost = 1.52123e+07
cost = 1.52231e+07
cost = 1.52126e+07
cost = 1.52122e+07
cost = 1.52122e+07
cost = 1.52121e+07
cost = 1.52123e+07
cost = 1.52121e+07
cost = 1.5212e+07
cost = 1.52119e+07
cost = 1.52118e+07
cost = 1.52118e+07
cost = 1.52117e+07
cost = 1.52117e+07
cost = 1.52116e+07
cost = 1.52115e+07
cost = 1.52115e+07
cost = 1.52114e+07
cost = 1.52112e+07
cost = 1.52111e+07
cost = 1.5211e+07
cost = 1.5211e+07
cost = 1.52109e+07
cost = 1.52108e+07
cost = 1.52108e+07
cost = 1.52107e+07
cost = 1.52106e+07
cost = 1.52105e+07
cost = 1.52104e+07
cost = 1.52103e+07
cost = 1.52102e+07
cost = 1.52101e+07
cost = 1.521e+07
cost = 1.52099e+07
cost = 1.52098e+07
cost = 1.52098e+07
cost = 1.52098e+07
cost = 1.52097e+07
cost = 1.52097e+07
cost = 1.52096e+07
cost = 1.52096e+07
cost = 1.52096e+07
cost = 1.52096e+07
cost = 1.52095e+07
cost = 1.52129e+07
cost = 1.52099e+07
cost = 1.52095e+07
cost = 1.52095e+07
cost = 1.52095e+07
cost = 1.52094e+07
cost = 1.52094e+07
cost = 1.52093e+07
cost = 1.52093e+07
cost = 1.52093e+07
cost = 1.52093e+07
cost = 1.52093e+07
cost = 1.52092e+07
cost = 1.52092e+07
cost = 1.52092e+07
cost = 1.52091e+07
cost = 1.52091e+07
cost = 1.5209e+07
cost = 1.5209e+07
cost = 1.52089e+07
cost = 1.52088e+07
cost = 1.52087e+07
cost = 1.52086e+07
cost = 1.52084e+07
cost = 1.52083e+07
cost = 1.52082e+07
cost = 1.52082e+07
cost = 1.52081e+07
cost = 1.5208e+07
cost = 1.52079e+07
cost = 1.52078e+07
cost = 1.52077e+07
cost = 1.52077e+07
cost = 1.52077e+07
cost = 1.52077e+07
cost = 1.52076e+07
cost = 1.52076e+07
cost = 1.52076e+07
cost = 1.52076e+07
cost = 1.52076e+07
cost = 1.52082e+07
cost = 1.52077e+07
cost = 1.52076e+07
cost = 1.52076e+07
cost = 1.52076e+07
cost = 1.52076e+07
cost = 1.52075e+07
cost = 1.52075e+07
cost = 1.52075e+07
cost = 1.52075e+07
cost = 1.52074e+07
cost = 1.52074e+07
cost = 1.52074e+07
cost = 1.52074e+07
cost = 1.52074e+07
cost = 1.52073e+07
cost = 1.52072e+07
cost = 1.52072e+07
cost = 1.52071e+07
cost = 1.52071e+07
cost = 1.52071e+07
cost = 1.5207e+07
cost = 1.52072e+07
cost = 1.52071e+07
cost = 1.5207e+07
cost = 1.5207e+07
cost = 1.5207e+07
cost = 1.52069e+07
cost = 1.52069e+07
cost = 1.52068e+07
cost = 1.52067e+07
cost = 1.52067e+07
cost = 1.52066e+07
cost = 1.52066e+07
cost = 1.52065e+07
cost = 1.52065e+07
cost = 1.52065e+07
cost = 1.52065e+07
cost = 1.52064e+07
cost = 1.52064e+07
cost = 1.52064e+07
cost = 1.52063e+07
cost = 1.52063e+07
cost = 1.52062e+07
cost = 1.52063e+07
cost = 1.52062e+07
cost = 1.52061e+07
cost = 1.52061e+07
cost = 1.5206e+07
cost = 1.5206e+07
cost = 1.52059e+07
cost = 1.52059e+07
cost = 1.52058e+07
cost = 1.52056e+07
cost = 1.52054e+07
cost = 1.52053e+07
cost = 1.52052e+07
cost = 1.52051e+07
cost = 1.5205e+07
cost = 1.5205e+07
cost = 1.5205e+07
cost = 1.5205e+07
cost = 1.52049e+07
cost = 1.52049e+07
cost = 1.52048e+07
cost = 1.52047e+07
cost = 1.52047e+07
cost = 1.52046e+07
cost = 1.52046e+07
cost = 1.52046e+07
cost = 1.52046e+07
cost = 1.52045e+07
cost = 1.52045e+07
cost = 1.52045e+07
cost = 1.52044e+07
cost = 1.52044e+07
cost = 1.52043e+07
cost = 1.52043e+07
cost = 1.52042e+07
cost = 1.52041e+07
cost = 1.5204e+07
cost = 1.5204e+07
cost = 1.52039e+07
cost = 1.52039e+07
cost = 1.52038e+07
cost = 1.52038e+07
cost = 1.52038e+07
cost = 1.52037e+07
cost = 1.52036e+07
cost = 1.52036e+07
cost = 1.52036e+07
cost = 1.52035e+07
cost = 1.52035e+07
cost = 1.52034e+07
cost = 1.52034e+07
cost = 1.52033e+07
cost = 1.52033e+07
cost = 1.52032e+07
cost = 1.52032e+07
cost = 1.52032e+07
cost = 1.52031e+07
cost = 1.52031e+07
cost = 1.52187e+07
cost = 1.52038e+07
cost = 1.52031e+07
cost = 1.52071e+07
cost = 1.52039e+07
cost = 1.52032e+07
cost = 1.5203e+07
cost = 1.5203e+07
cost = 1.5203e+07
cost = 1.52029e+07
cost = 1.52029e+07
cost = 1.52029e+07
cost = 1.5203e+07
cost = 1.52028e+07
cost = 1.52028e+07
cost = 1.52027e+07
cost = 1.52027e+07
cost = 1.52026e+07
cost = 1.52026e+07
cost = 1.52025e+07
cost = 1.52124e+07
cost = 1.52025e+07
cost = 1.52024e+07
cost = 1.52287e+07
cost = 1.52045e+07
cost = 1.52025e+07
cost = 1.52024e+07
cost = 1.79772e+07
cost = 1.52666e+07
cost = 1.52028e+07
cost = 1.52023e+07
cost = 1.52022e+07
cost = 1.52021e+07
cost = 1.5202e+07
cost = 1.5202e+07
cost = 1.5202e+07
cost = 1.5202e+07
cost = 1.52019e+07
cost = 1.52019e+07
cost = 1.52019e+07
cost = 1.52018e+07
cost = 1.52018e+07
cost = 1.52017e+07
cost = 1.52017e+07
cost = 1.52016e+07
cost = 1.52015e+07
cost = 1.52014e+07
cost = 1.52014e+07
cost = 1.52013e+07
cost = 1.52013e+07
cost = 1.52012e+07
cost = 1.52011e+07
cost = 1.5201e+07
cost = 1.52009e+07
cost = 1.52009e+07
cost = 1.52008e+07
cost = 1.52007e+07
cost = 1.52006e+07
cost = 1.52006e+07
cost = 1.52004e+07
cost = 1.52003e+07
cost = 1.52001e+07
cost = 1.52001e+07
cost = 1.51999e+07
cost = 1.51999e+07
cost = 1.51997e+07
cost = 1.51996e+07
cost = 1.51996e+07
cost = 1.51994e+07
cost = 1.51993e+07
cost = 1.51992e+07
cost = 1.51991e+07
cost = 1.5199e+07
cost = 1.51988e+07
cost = 1.51985e+07
cost = 1.51983e+07
cost = 1.51981e+07
cost = 1.5198e+07
cost = 1.51978e+07
cost = 1.53729e+07
cost = 1.51976e+07
cost = 1.85157e+08
cost = 1.85537e+07
cost = 1.51975e+07
cost = 9.26934e+08
cost = 9.73255e+07
cost = 2.2079e+07
cost = 1.57369e+07
cost = 1.52343e+07
cost = 1.51997e+07
cost = 1.51976e+07
cost = 1.51975e+07
cost = 1.51974e+07
cost = 1.51973e+07
cost = 1.51972e+07
cost = 1.51971e+07
cost = 1.5197e+07
cost = 1.51973e+07
cost = 1.5197e+07
cost = 1.51969e+07
cost = 1.51969e+07
cost = 1.51968e+07
cost = 1.51968e+07
cost = 1.51968e+07
cost = 1.51967e+07
cost = 1.51967e+07
cost = 1.51967e+07
cost = 1.51966e+07
cost = 1.51966e+07
cost = 1.51965e+07
cost = 1.51964e+07
cost = 1.51963e+07
cost = 1.51962e+07
cost = 1.51961e+07
cost = 1.5196e+07
cost = 1.5196e+07
cost = 1.51959e+07
cost = 1.51958e+07
cost = 1.51958e+07
cost = 1.51957e+07
cost = 1.51957e+07
cost = 1.51957e+07
cost = 1.51957e+07
cost = 1.51957e+07
cost = 1.51956e+07
cost = 1.51956e+07
cost = 1.51956e+07
cost = 1.51956e+07
cost = 1.51955e+07
cost = 1.51955e+07
cost = 1.51955e+07
cost = 1.51955e+07
cost = 1.51955e+07
cost = 1.51954e+07
cost = 1.51954e+07
cost = 1.51954e+07
cost = 1.51954e+07
cost = 1.51954e+07
cost = 1.51953e+07
cost = 1.51953e+07
cost = 1.51953e+07
cost = 1.51953e+07
cost = 1.51952e+07
cost = 1.51952e+07
cost = 1.51952e+07
cost = 1.51951e+07
cost = 1.51951e+07
cost = 1.5195e+07
cost = 1.52396e+07
cost = 1.5195e+07
cost = 1.53049e+07
cost = 1.52029e+07
cost = 1.51954e+07
cost = 1.5195e+07
cost = 1.52094e+07
cost = 1.51959e+07
cost = 1.5195e+07
cost = 1.51949e+07
cost = 1.51949e+07
cost = 1.51948e+07
cost = 1.51947e+07
cost = 1.51947e+07
cost = 1.51947e+07
cost = 1.51946e+07
cost = 1.51946e+07
cost = 1.51944e+07
cost = 1.51944e+07
cost = 1.51943e+07
cost = 1.51941e+07
cost = 1.5194e+07
cost = 1.51939e+07
cost = 1.51937e+07
cost = 1.51935e+07
cost = 1.51932e+07
cost = 1.51928e+07
cost = 1.51925e+07
cost = 1.5192e+07
cost = 1.51922e+07
cost = 1.51918e+07
cost = 1.51916e+07
cost = 1.51912e+07
cost = 1.51908e+07
cost = 1.51907e+07
cost = 1.51904e+07
cost = 1.51902e+07
cost = 1.519e+07
cost = 1.51899e+07
cost = 1.51898e+07
cost = 1.51896e+07
cost = 1.51895e+07
cost = 1.51894e+07
cost = 1.51892e+07
cost = 1.51891e+07
cost = 1.5189e+07
cost = 1.51887e+07
cost = 1.51886e+07
cost = 1.51887e+07
cost = 1.51885e+07
cost = 1.52013e+07
cost = 1.51891e+07
cost = 1.51884e+07
cost = 7.6327e+09
cost = 7.51799e+08
cost = 2.97329e+07
cost = 1.51901e+07
cost = 1.51886e+07
cost = 1.51884e+07
cost = 1.51883e+07
cost = 1.51881e+07
cost = 1.51879e+07
cost = 1.51877e+07
cost = 1.51875e+07
cost = 1.51873e+07
cost = 1.51871e+07
cost = 1.5187e+07
cost = 1.5187e+07
cost = 1.51869e+07
cost = 1.51869e+07
cost = 1.51868e+07
cost = 1.51868e+07
cost = 1.51867e+07
cost = 1.51866e+07
cost = 1.51866e+07
cost = 1.51866e+07
cost = 1.51865e+07
cost = 1.51865e+07
cost = 1.51864e+07
cost = 1.51864e+07
cost = 1.51864e+07
cost = 1.51863e+07
cost = 1.51863e+07
cost = 1.51863e+07
cost = 1.51862e+07
cost = 1.51862e+07
cost = 1.51862e+07
cost = 1.51862e+07
cost = 1.51862e+07
cost = 1.51861e+07
cost = 1.51861e+07
cost = 1.51861e+07
cost = 1.5186e+07
cost = 1.5186e+07
cost = 1.51859e+07
cost = 1.51858e+07
cost = 1.51857e+07
cost = 1.51857e+07
cost = 1.51857e+07
cost = 1.51856e+07
cost = 1.51855e+07
cost = 1.51854e+07
cost = 1.51853e+07
cost = 1.51852e+07
cost = 1.51851e+07
cost = 1.5185e+07
cost = 1.51849e+07
cost = 1.51847e+07
cost = 1.51845e+07
cost = 1.51842e+07
cost = 1.5184e+07
cost = 1.5184e+07
cost = 1.51838e+07
cost = 1.51837e+07
cost = 1.51837e+07
cost = 1.51836e+07
cost = 1.51834e+07
cost = 1.51832e+07
cost = 1.51831e+07
cost = 1.51828e+07
cost = 1.51826e+07
cost = 1.71083e+07
cost = 1.51825e+07
cost = 2.72962e+07
cost = 1.55423e+07
cost = 1.52007e+07
cost = 1.51835e+07
cost = 1.51824e+07
cost = 1.51831e+07
cost = 1.51824e+07
cost = 1.51823e+07
cost = 1.51821e+07
cost = 1.5182e+07
cost = 1.51819e+07
cost = 1.51817e+07
cost = 1.51816e+07
cost = 1.51815e+07
cost = 1.51815e+07
cost = 1.51814e+07
cost = 1.51813e+07
cost = 1.51813e+07
cost = 1.51813e+07
cost = 1.51813e+07
cost = 1.51812e+07
cost = 1.5181e+07
cost = 1.51809e+07
cost = 1.51807e+07
cost = 1.51806e+07
cost = 1.51805e+07
cost = 1.51803e+07
cost = 1.51802e+07
cost = 1.51802e+07
cost = 1.51801e+07
cost = 1.518e+07
cost = 1.51799e+07
cost = 1.51798e+07
cost = 1.51797e+07
cost = 1.51796e+07
cost = 1.51795e+07
cost = 1.51793e+07
cost = 1.51792e+07
cost = 1.5179e+07
cost = 1.51788e+07
cost = 1.51785e+07
cost = 1.51781e+07
cost = 1.51779e+07
cost = 1.51777e+07
cost = 1.51775e+07
cost = 1.51771e+07
cost = 1.5177e+07
cost = 1.51767e+07
cost = 1.51764e+07
cost = 1.5176e+07
cost = 1.51751e+07
cost = 1.51751e+07
cost = 1.51748e+07
cost = 1.51742e+07
cost = 1.51734e+07
cost = 1.5173e+07
cost = 1.51726e+07
cost = 1.51717e+07
cost = 1.51721e+07
cost = 1.51711e+07
cost = 1.51708e+07
cost = 1.51698e+07
cost = 1.51702e+07
cost = 1.51695e+07
cost = 1.51691e+07
cost = 1.5169e+07
cost = 1.51726e+07
cost = 1.51696e+07
cost = 1.51689e+07
cost = 1.51692e+07
cost = 1.51682e+07
cost = 1.51678e+07
cost = 1.51672e+07
cost = 1.5167e+07
cost = 1.51665e+07
cost = 1.5166e+07
cost = 1.51657e+07
cost = 1.51654e+07
cost = 1.51651e+07
cost = 1.51649e+07
cost = 1.51645e+07
cost = 1.51638e+07
cost = 1.51628e+07
cost = 5.69504e+08
cost = 1.5625e+07
cost = 1.51626e+07
cost = 1.06702e+09
cost = 6.31171e+07
cost = 1.52463e+07
cost = 1.51624e+07
cost = 5.0827e+09
cost = 8.65762e+08
cost = 8.41329e+07
cost = 1.76915e+07
cost = 1.51712e+07
cost = 1.51624e+07
cost = 1.51623e+07
cost = 1.51631e+07
cost = 1.51624e+07
cost = 1.54127e+07
cost = 1.51639e+07
cost = 1.51621e+07
cost = 1.51617e+07
cost = 1.51617e+07
cost = 1.51615e+07
cost = 1.51613e+07
cost = 1.5161e+07
cost = 1.51656e+07
cost = 1.51608e+07
cost = 2.19031e+07
cost = 1.54249e+07
cost = 1.51627e+07
cost = 1.51608e+07
cost = 9.43419e+07
cost = 1.96676e+07
cost = 1.54876e+07
cost = 1.51799e+07
cost = 1.51612e+07
cost = 1.51607e+07
cost = 1.51608e+07
cost = 1.51607e+07
cost = 1.52994e+07
cost = 1.51623e+07
cost = 1.51607e+07
cost = 1.51605e+07
cost = 1.51603e+07
cost = 1.51602e+07
cost = 1.51601e+07
cost = 1.516e+07
cost = 1.51599e+07
cost = 1.51597e+07
cost = 1.51596e+07
cost = 1.51595e+07
cost = 1.51593e+07
cost = 1.51594e+07
cost = 1.51591e+07
cost = 1.51589e+07
cost = 1.51649e+07
cost = 1.51588e+07
cost = 4.36872e+09
cost = 1.56219e+07
cost = 1.5181e+07
cost = 1.51608e+07
cost = 1.51586e+07
cost = 1.51582e+07
cost = 1.51582e+07
cost = 1.51579e+07
cost = 1.51576e+07
cost = 1.51576e+07
cost = 1.51571e+07
cost = 1.51565e+07
cost = 1.51563e+07
cost = 1.51562e+07
cost = 1.51557e+07
cost = 1.51552e+07
cost = 1.51548e+07
cost = 1.51544e+07
cost = 1.51542e+07
cost = 1.51541e+07
cost = 1.51541e+07
cost = 1.51539e+07
cost = 1.51539e+07
cost = 1.51538e+07
cost = 1.51538e+07
cost = 1.51537e+07
cost = 1.51536e+07
cost = 1.51536e+07
cost = 1.51535e+07
cost = 1.51535e+07
cost = 1.51534e+07
cost = 1.51533e+07
cost = 1.51533e+07
cost = 1.51532e+07
cost = 1.51533e+07
cost = 1.51532e+07
cost = 1.51531e+07
cost = 1.51531e+07
cost = 1.5153e+07
cost = 1.5153e+07
cost = 1.51529e+07
cost = 1.51533e+07
cost = 1.5153e+07
cost = 1.51529e+07
cost = 1.51529e+07
cost = 1.51528e+07
cost = 1.51648e+07
cost = 1.51528e+07
cost = 1.61713e+07
cost = 1.52311e+07
cost = 1.51575e+07
cost = 1.51529e+07
cost = 1.51528e+07
cost = 1.52049e+07
cost = 1.51559e+07
cost = 1.51533e+07
cost = 1.51528e+07
cost = 1.51527e+07
cost = 1.51526e+07
cost = 1.51526e+07
cost = 1.51525e+07
cost = 1.51525e+07
cost = 1.51524e+07
cost = 1.51523e+07
cost = 1.51523e+07
cost = 1.51523e+07
cost = 1.51522e+07
cost = 1.51522e+07
cost = 1.51521e+07
cost = 1.51521e+07
cost = 1.5152e+07
cost = 1.51519e+07
cost = 1.51519e+07
cost = 1.51518e+07
cost = 1.51517e+07
cost = 1.51516e+07
cost = 1.51515e+07
cost = 1.51515e+07
cost = 1.51515e+07
cost = 1.51515e+07
cost = 1.51514e+07
cost = 1.51513e+07
cost = 1.51512e+07
cost = 1.51512e+07
cost = 1.51511e+07
cost = 1.5151e+07
cost = 1.5151e+07
cost = 1.5151e+07
cost = 1.51509e+07
cost = 1.51508e+07
cost = 1.51508e+07
cost = 1.51507e+07
cost = 1.51507e+07
cost = 1.51506e+07
cost = 1.51506e+07
cost = 1.51505e+07
cost = 1.51505e+07
cost = 1.51504e+07
cost = 1.51504e+07
cost = 1.51503e+07
cost = 1.51502e+07
cost = 1.51502e+07
cost = 1.51501e+07
cost = 1.51501e+07
cost = 1.515e+07
cost = 1.515e+07
cost = 1.51499e+07
cost = 1.51498e+07
cost = 1.51497e+07
cost = 1.51496e+07
cost = 1.51496e+07
cost = 1.51496e+07
cost = 1.51495e+07
cost = 1.51494e+07
cost = 1.51492e+07
cost = 1.51491e+07
cost = 1.5149e+07
cost = 1.51488e+07
cost = 1.51486e+07
cost = 1.51486e+07
cost = 1.51485e+07
cost = 1.51485e+07
cost = 1.51484e+07
cost = 1.5152e+07
cost = 1.51485e+07
cost = 1.51483e+07
cost = 1.51483e+07
cost = 1.51482e+07
cost = 1.51482e+07
cost = 1.5148e+07
cost = 1.51479e+07
cost = 1.51478e+07
cost = 1.51477e+07
cost = 1.51476e+07
cost = 1.51475e+07
cost = 1.51474e+07
cost = 1.51474e+07
cost = 1.51473e+07
cost = 1.51472e+07
cost = 1.51472e+07
cost = 1.5147e+07
cost = 1.51469e+07
cost = 1.51468e+07
cost = 1.51467e+07
cost = 1.51466e+07
cost = 1.51465e+07
cost = 1.51465e+07
cost = 1.51464e+07
cost = 1.51462e+07
cost = 1.51461e+07
cost = 1.5146e+07
cost = 1.51458e+07
cost = 1.51457e+07
cost = 1.51455e+07
cost = 1.51451e+07
cost = 1.51448e+07
cost = 1.51463e+07
cost = 1.51448e+07
cost = 1.51458e+07
cost = 1.51445e+07
cost = 1.51445e+07
cost = 1.51443e+07
cost = 1.51441e+07
cost = 1.51436e+07
cost = 1.51433e+07
cost = 1.51429e+07
cost = 1.51425e+07
cost = 1.51423e+07
cost = 1.5142e+07
cost = 1.51418e+07
cost = 1.51415e+07
cost = 1.51412e+07
cost = 1.5141e+07
cost = 1.51407e+07
cost = 1.51413e+07
cost = 1.51405e+07
cost = 1.51477e+07
cost = 1.51402e+07
cost = 1.51402e+07
cost = 1.51399e+07
cost = 1.51397e+07
cost = 1.51395e+07
cost = 1.51447e+07
cost = 1.51398e+07
cost = 1.51394e+07
cost = 1.51392e+07
cost = 1.5139e+07
cost = 1.51387e+07
cost = 1.51384e+07
cost = 1.51384e+07
cost = 1.51382e+07
cost = 1.51382e+07
cost = 1.51381e+07
cost = 1.5138e+07
cost = 1.51378e+07
cost = 1.51377e+07
cost = 1.51376e+07
cost = 1.51375e+07
cost = 1.51375e+07
cost = 1.51376e+07
cost = 1.51375e+07
cost = 1.51374e+07
cost = 1.51374e+07
cost = 1.51373e+07
cost = 1.51373e+07
cost = 1.51375e+07
cost = 1.51372e+07
cost = 1.51372e+07
cost = 1.51372e+07
cost = 1.51371e+07
cost = 1.51371e+07
cost = 1.5137e+07
cost = 1.5137e+07
cost = 1.51369e+07
cost = 1.51368e+07
cost = 1.51367e+07
cost = 1.51366e+07
cost = 1.51366e+07
cost = 1.51365e+07
cost = 1.51364e+07
cost = 1.51363e+07
cost = 1.51362e+07
cost = 1.51361e+07
cost = 1.51361e+07
cost = 1.5136e+07
cost = 1.51359e+07
cost = 1.51358e+07
cost = 1.51357e+07
cost = 1.51356e+07
cost = 1.51355e+07
cost = 1.51354e+07
cost = 1.51361e+07
cost = 1.51355e+07
cost = 1.51354e+07
cost = 1.51353e+07
cost = 1.51352e+07
cost = 1.51352e+07
cost = 1.51352e+07
cost = 1.51351e+07
cost = 1.5135e+07
cost = 1.5135e+07
cost = 1.5135e+07
cost = 1.5135e+07
cost = 1.51349e+07
cost = 1.51348e+07
cost = 1.51348e+07
cost = 1.51347e+07
cost = 1.51346e+07
cost = 1.51345e+07
cost = 1.51344e+07
cost = 1.51345e+07
cost = 1.51343e+07
cost = 1.51344e+07
cost = 1.51342e+07
cost = 1.51341e+07
cost = 1.51341e+07
cost = 1.51343e+07
cost = 1.51341e+07
cost = 1.5134e+07
cost = 1.51339e+07
cost = 1.51338e+07
cost = 1.51337e+07
cost = 1.51337e+07
cost = 1.51336e+07
cost = 1.51335e+07
cost = 1.51335e+07
cost = 1.51334e+07
cost = 1.51333e+07
cost = 1.51332e+07
cost = 1.5133e+07
cost = 1.51328e+07
cost = 1.51342e+07
cost = 1.51328e+07
cost = 1.51327e+07
cost = 1.51327e+07
cost = 1.51326e+07
cost = 1.51325e+07
cost = 1.51324e+07
cost = 1.51324e+07
cost = 1.51323e+07
cost = 1.51322e+07
cost = 1.51321e+07
cost = 1.5132e+07
cost = 1.51319e+07
cost = 1.51318e+07
cost = 1.51317e+07
cost = 1.51328e+07
cost = 1.51317e+07
cost = 1.5156e+07
cost = 1.51339e+07
cost = 1.5132e+07
cost = 1.51317e+07
cost = 1.51316e+07
cost = 1.51315e+07
cost = 1.51314e+07
cost = 1.51312e+07
cost = 1.51308e+07
cost = 1.51304e+07
cost = 1.513e+07
cost = 1.51297e+07
cost = 1.51295e+07
cost = 1.51312e+07
cost = 1.51293e+07
cost = 1.51292e+07
cost = 1.51289e+07
cost = 1.51288e+07
cost = 1.51286e+07
cost = 1.51284e+07
cost = 1.51282e+07
cost = 1.51279e+07
cost = 1.51278e+07
cost = 1.5128e+07
cost = 1.51277e+07
cost = 1.51275e+07
cost = 1.51274e+07
cost = 1.51272e+07
cost = 1.51269e+07
cost = 1.51267e+07
cost = 1.51271e+07
cost = 1.51266e+07
cost = 1.51263e+07
cost = 1.51261e+07
cost = 1.51838e+07
cost = 1.51275e+07
cost = 1.5126e+07
cost = 1.51266e+07
cost = 1.51257e+07
cost = 1.51254e+07
cost = 1.51605e+07
cost = 1.51284e+07
cost = 1.51256e+07
cost = 1.51254e+07
cost = 1.51252e+07
cost = 1.5125e+07
cost = 1.51248e+07
cost = 1.51245e+07
cost = 1.51243e+07
cost = 1.51241e+07
cost = 1.51238e+07
cost = 1.51236e+07
cost = 1.51271e+07
cost = 1.51237e+07
cost = 1.51234e+07
cost = 1.51233e+07
cost = 1.51229e+07
cost = 1.51226e+07
cost = 1.51224e+07
cost = 1.51223e+07
cost = 1.51222e+07
cost = 1.5122e+07
cost = 1.51219e+07
cost = 1.51218e+07
cost = 1.51216e+07
cost = 1.51214e+07
cost = 1.51213e+07
cost = 1.51212e+07
cost = 1.5121e+07
cost = 1.5121e+07
cost = 1.51209e+07
cost = 1.51207e+07
cost = 1.51206e+07
cost = 1.51205e+07
cost = 1.51204e+07
cost = 1.51203e+07
cost = 1.51202e+07
cost = 1.51201e+07
cost = 1.512e+07
cost = 1.512e+07
cost = 1.51199e+07
cost = 1.51198e+07
cost = 1.51196e+07
cost = 1.51195e+07
cost = 1.51195e+07
cost = 1.51194e+07
cost = 1.51193e+07
cost = 1.51192e+07
cost = 1.51191e+07
cost = 1.5119e+07
cost = 1.51189e+07
cost = 1.51189e+07
cost = 1.51188e+07
cost = 1.51186e+07
cost = 1.51185e+07
cost = 1.51185e+07
cost = 1.51184e+07
cost = 1.51183e+07
cost = 1.51183e+07
cost = 1.51182e+07
cost = 1.51182e+07
cost = 1.51181e+07
cost = 1.5118e+07
cost = 1.5118e+07
cost = 1.51179e+07
cost = 1.51178e+07
cost = 1.5118e+07
cost = 1.51178e+07
cost = 1.51178e+07
cost = 1.51196e+07
cost = 1.51179e+07
cost = 1.51177e+07
cost = 1.51177e+07
cost = 1.51177e+07
cost = 1.51176e+07
cost = 1.51175e+07
cost = 1.51175e+07
cost = 1.51174e+07
cost = 1.51176e+07
cost = 1.51174e+07
cost = 1.51174e+07
cost = 1.51175e+07
cost = 1.51173e+07
cost = 1.51173e+07
cost = 1.51209e+07
cost = 1.5118e+07
cost = 1.51173e+07
cost = 1.51172e+07
cost = 1.51171e+07
cost = 1.5117e+07
cost = 1.5117e+07
cost = 1.51169e+07
cost = 1.51168e+07
cost = 1.51166e+07
cost = 1.51165e+07
cost = 1.51164e+07
cost = 1.51163e+07
cost = 1.51162e+07
cost = 1.51161e+07
cost = 1.51161e+07
cost = 1.5116e+07
cost = 1.51159e+07
cost = 1.51158e+07
cost = 1.51157e+07
cost = 1.51156e+07
cost = 1.51156e+07
cost = 1.51156e+07
cost = 1.51155e+07
cost = 1.51154e+07
cost = 1.51154e+07
cost = 1.51153e+07
cost = 1.51152e+07
cost = 1.51152e+07
cost = 1.5115e+07
cost = 1.51151e+07
cost = 1.5115e+07
cost = 1.51149e+07
cost = 1.51148e+07
cost = 1.5115e+07
cost = 1.51148e+07
cost = 1.51147e+07
cost = 1.51146e+07
cost = 1.51144e+07
cost = 1.51141e+07
cost = 1.5114e+07
cost = 1.51139e+07
cost = 1.51138e+07
cost = 1.51137e+07
cost = 1.51136e+07
cost = 1.51135e+07
cost = 1.51134e+07
cost = 1.51132e+07
cost = 1.51129e+07
cost = 1.51129e+07
cost = 1.51123e+07
cost = 1.51119e+07
cost = 1.51115e+07
cost = 1.51125e+07
cost = 1.51112e+07
cost = 1.51109e+07
cost = 1.51106e+07
cost = 1.51097e+07
cost = 1.51089e+07
cost = 1.51081e+07
cost = 1.51084e+07
cost = 1.51077e+07
cost = 1.51135e+07
cost = 1.51078e+07
cost = 1.51072e+07
cost = 1.51064e+07
cost = 1.51059e+07
cost = 1.51052e+07
cost = 1.51101e+07
cost = 1.51046e+07
cost = 1.51037e+07
cost = 1.51025e+07
cost = 2.61425e+07
cost = 1.5162e+07
cost = 1.5102e+07
cost = 2.01469e+07
cost = 1.51011e+07
cost = 1.51003e+07
cost = 8.28578e+07
cost = 1.69374e+07
cost = 1.51002e+07
cost = 1.51211e+07
cost = 1.51009e+07
cost = 1.50997e+07
cost = 1.50997e+07
cost = 1.50996e+07
cost = 1.50992e+07
cost = 1.50988e+07
cost = 1.50989e+07
cost = 1.50986e+07
cost = 1.50983e+07
cost = 1.50979e+07
cost = 1.50977e+07
cost = 1.50976e+07
cost = 1.50974e+07
cost = 1.50973e+07
cost = 1.50973e+07
cost = 1.50972e+07
cost = 1.50982e+07
cost = 1.50971e+07
cost = 1.5097e+07
cost = 1.5097e+07
cost = 1.50969e+07
cost = 1.50968e+07
cost = 1.50968e+07
cost = 1.50967e+07
cost = 1.50966e+07
cost = 1.50965e+07
cost = 1.50964e+07
cost = 1.50963e+07
cost = 1.50962e+07
cost = 1.50961e+07
cost = 1.5096e+07
cost = 1.50959e+07
cost = 1.50958e+07
cost = 1.50957e+07
cost = 1.50955e+07
cost = 1.50954e+07
cost = 1.50954e+07
cost = 1.50953e+07
cost = 1.50952e+07
cost = 1.50951e+07
cost = 1.50949e+07
cost = 1.50947e+07
cost = 1.50946e+07
cost = 1.50945e+07
cost = 1.50943e+07
cost = 1.50943e+07
cost = 1.50942e+07
cost = 1.50941e+07
cost = 1.5094e+07
cost = 1.5094e+07
cost = 1.50938e+07
cost = 1.50938e+07
cost = 1.50937e+07
cost = 1.50938e+07
cost = 1.50937e+07
cost = 1.50936e+07
cost = 1.50936e+07
cost = 1.50935e+07
cost = 1.50934e+07
cost = 1.50933e+07
cost = 1.50932e+07
cost = 1.50932e+07
cost = 1.50931e+07
cost = 1.50931e+07
cost = 1.5093e+07
cost = 1.50929e+07
cost = 1.50928e+07
cost = 1.50928e+07
cost = 1.50926e+07
cost = 1.50924e+07
cost = 1.50921e+07
cost = 1.50919e+07
cost = 1.50918e+07
cost = 1.50916e+07
cost = 1.50914e+07
cost = 1.50913e+07
cost = 1.50912e+07
cost = 1.5091e+07
cost = 1.50908e+07
cost = 1.50906e+07
cost = 1.50903e+07
cost = 1.509e+07
cost = 1.50897e+07
cost = 1.50895e+07
cost = 1.50893e+07
cost = 1.50891e+07
cost = 1.50932e+07
cost = 1.50899e+07
cost = 1.50892e+07
cost = 1.5089e+07
cost = 1.50888e+07
cost = 1.50886e+07
cost = 1.50884e+07
cost = 1.50881e+07
cost = 1.50878e+07
cost = 1.50873e+07
cost = 1.50871e+07
cost = 1.5087e+07
cost = 1.50865e+07
cost = 1.50861e+07
cost = 1.50861e+07
cost = 1.50855e+07
cost = 1.50851e+07
cost = 1.5086e+07
cost = 1.50847e+07
cost = 1.50848e+07
cost = 1.50845e+07
cost = 1.50842e+07
cost = 1.5084e+07
cost = 1.50837e+07
cost = 1.50834e+07
cost = 1.50831e+07
cost = 1.50827e+07
cost = 1.50823e+07
cost = 1.50856e+07
cost = 1.50821e+07
cost = 1.50823e+07
cost = 1.50818e+07
cost = 1.50815e+07
cost = 1.50812e+07
cost = 1.5081e+07
cost = 1.50808e+07
cost = 1.50815e+07
cost = 1.50809e+07
cost = 1.50808e+07
cost = 1.50805e+07
cost = 1.50803e+07
cost = 1.508e+07
cost = 1.50797e+07
cost = 1.50794e+07
cost = 1.5079e+07
cost = 1.50785e+07
cost = 1.50781e+07
cost = 1.50777e+07
cost = 1.50776e+07
cost = 1.50775e+07
cost = 1.50774e+07
cost = 1.50773e+07
cost = 1.50773e+07
cost = 1.50772e+07
cost = 1.50772e+07
cost = 1.5077e+07
cost = 1.50769e+07
cost = 1.50767e+07
cost = 1.50766e+07
cost = 1.50765e+07
cost = 1.50764e+07
cost = 1.50763e+07
cost = 1.50762e+07
cost = 1.50761e+07
cost = 1.50761e+07
cost = 1.5076e+07
cost = 1.5076e+07
cost = 1.50759e+07
cost = 1.50759e+07
cost = 1.50758e+07
cost = 1.50758e+07
cost = 1.50757e+07
cost = 1.50756e+07
cost = 1.50756e+07
cost = 1.50755e+07
cost = 1.50756e+07
cost = 1.50755e+07
cost = 1.50755e+07
cost = 1.50767e+07
cost = 1.50755e+07
cost = 1.50754e+07
cost = 1.50754e+07
cost = 1.50754e+07
cost = 1.50755e+07
cost = 1.50753e+07
cost = 1.50753e+07
cost = 1.57728e+07
cost = 1.51283e+07
cost = 1.50789e+07
cost = 1.50754e+07
cost = 1.50752e+07
cost = 1.50752e+07
cost = 1.50751e+07
cost = 1.50761e+07
cost = 1.5075e+07
cost = 1.50751e+07
cost = 1.5075e+07
cost = 1.50749e+07
cost = 1.50748e+07
cost = 1.50747e+07
cost = 1.50746e+07
cost = 1.50745e+07
cost = 1.50745e+07
cost = 1.50744e+07
cost = 1.50743e+07
cost = 1.50742e+07
cost = 1.50742e+07
cost = 1.5074e+07
cost = 1.50738e+07
cost = 1.50737e+07
cost = 1.50735e+07
cost = 1.50732e+07
cost = 1.50729e+07
cost = 1.50727e+07
cost = 1.50723e+07
cost = 1.50718e+07
cost = 1.50713e+07
cost = 1.50709e+07
cost = 1.50702e+07
cost = 1.50713e+07
cost = 1.50699e+07
cost = 1.50691e+07
cost = 1.50679e+07
cost = 2.41364e+08
cost = 1.50832e+07
cost = 1.50674e+07
cost = 4.80528e+08
cost = 2.94491e+07
cost = 1.52347e+07
cost = 1.50672e+07
cost = 6.11161e+09
cost = 9.31505e+08
cost = 7.62539e+07
cost = 1.65659e+07
cost = 1.5067e+07
cost = 1.5327e+07
cost = 1.50916e+07
cost = 1.50707e+07
cost = 1.50672e+07
cost = 1.50668e+07
cost = 1.50665e+07
cost = 1.50664e+07
cost = 1.50777e+07
cost = 1.50675e+07
cost = 1.50664e+07
cost = 1.50662e+07
cost = 1.50664e+07
cost = 1.5066e+07
cost = 1.50657e+07
cost = 1.50653e+07
cost = 1.50655e+07
cost = 1.50652e+07
cost = 1.50649e+07
cost = 1.50647e+07
cost = 1.50644e+07
cost = 1.50643e+07
cost = 1.50641e+07
cost = 1.5064e+07
cost = 1.50638e+07
cost = 1.50641e+07
cost = 1.50638e+07
cost = 1.50637e+07
cost = 1.50634e+07
cost = 1.50633e+07
cost = 1.50632e+07
cost = 1.51698e+07
cost = 1.50638e+07
cost = 1.5063e+07
cost = 1.50629e+07
cost = 1.50627e+07
cost = 1.50626e+07
cost = 1.50625e+07
cost = 1.50645e+07
cost = 1.50629e+07
cost = 1.50625e+07
cost = 1.50625e+07
cost = 1.50623e+07
cost = 1.50621e+07
cost = 1.5062e+07
cost = 1.50618e+07
cost = 1.50617e+07
cost = 1.50615e+07
cost = 1.50621e+07
cost = 1.50613e+07
cost = 1.50633e+07
cost = 1.50616e+07
cost = 1.50613e+07
cost = 1.50611e+07
cost = 1.5061e+07
cost = 1.50608e+07
cost = 1.5061e+07
cost = 1.50606e+07
cost = 1.50605e+07
cost = 1.50603e+07
cost = 1.50601e+07
cost = 1.50599e+07
cost = 1.50598e+07
cost = 1.50597e+07
cost = 1.506e+07
cost = 1.50596e+07
cost = 1.50594e+07
cost = 1.50593e+07
cost = 1.5059e+07
cost = 1.50602e+07
cost = 1.5059e+07
cost = 1.50587e+07
cost = 1.50584e+07
cost = 1.50584e+07
cost = 1.50586e+07
cost = 1.50583e+07
cost = 1.50582e+07
cost = 1.50581e+07
cost = 1.50581e+07
cost = 1.50578e+07
cost = 1.50576e+07
cost = 1.50574e+07
cost = 1.50572e+07
cost = 1.50571e+07
cost = 1.50569e+07
cost = 1.50567e+07
cost = 1.50564e+07
cost = 1.50561e+07
cost = 1.50557e+07
cost = 1.50554e+07
cost = 1.50555e+07
cost = 1.50551e+07
cost = 1.5055e+07
cost = 1.50548e+07
cost = 1.50544e+07
cost = 1.5054e+07
cost = 1.50538e+07
cost = 1.51288e+07
cost = 1.50572e+07
cost = 1.50538e+07
cost = 1.50558e+07
cost = 1.50538e+07
cost = 1.50536e+07
cost = 1.50534e+07
cost = 1.50532e+07
cost = 1.50531e+07
cost = 1.50529e+07
cost = 1.50527e+07
cost = 1.50526e+07
cost = 1.50525e+07
cost = 1.50524e+07
cost = 1.50523e+07
cost = 1.50521e+07
cost = 1.50519e+07
cost = 1.50519e+07
cost = 1.50517e+07
cost = 1.50646e+07
cost = 1.50519e+07
cost = 1.50516e+07
cost = 1.50516e+07
cost = 1.50513e+07
cost = 1.50511e+07
cost = 1.5051e+07
cost = 1.50508e+07
cost = 1.50507e+07
cost = 1.50505e+07
cost = 1.50505e+07
cost = 1.50506e+07
cost = 1.50504e+07
cost = 1.50502e+07
cost = 1.50501e+07
cost = 1.505e+07
cost = 1.50499e+07
cost = 1.50501e+07
cost = 1.50498e+07
cost = 1.505e+07
cost = 1.50498e+07
cost = 1.50942e+07
cost = 1.50539e+07
cost = 1.50503e+07
cost = 1.50497e+07
cost = 1.50496e+07
cost = 1.50495e+07
cost = 1.50493e+07
cost = 1.50493e+07
cost = 1.50489e+07
cost = 1.5049e+07
cost = 1.50489e+07
cost = 1.50487e+07
cost = 1.50484e+07
cost = 1.50483e+07
cost = 1.50481e+07
cost = 1.5048e+07
cost = 1.50478e+07
cost = 1.50477e+07
cost = 1.50475e+07
cost = 1.50475e+07
cost = 1.50474e+07
cost = 1.50472e+07
cost = 1.50471e+07
cost = 1.50471e+07
cost = 1.5047e+07
cost = 1.50468e+07
cost = 1.50468e+07
cost = 1.50467e+07
cost = 1.50465e+07
cost = 1.50463e+07
cost = 1.5046e+07
cost = 1.50458e+07
cost = 1.50455e+07
cost = 1.50453e+07
cost = 1.50451e+07
cost = 1.5045e+07
cost = 1.50448e+07
cost = 1.50447e+07
cost = 1.50446e+07
cost = 1.50447e+07
cost = 1.50445e+07
cost = 1.50525e+07
cost = 1.5045e+07
cost = 1.50445e+07
cost = 1.50457e+07
cost = 1.50443e+07
cost = 1.50441e+07
cost = 1.5044e+07
cost = 1.50438e+07
cost = 1.50435e+07
cost = 1.50434e+07
cost = 1.50433e+07
cost = 1.50431e+07
cost = 1.50429e+07
cost = 1.50426e+07
cost = 1.50423e+07
cost = 1.50421e+07
cost = 1.50418e+07
cost = 1.50418e+07
cost = 1.50416e+07
cost = 1.50415e+07
cost = 1.50413e+07
cost = 1.50412e+07
cost = 1.5041e+07
cost = 1.50408e+07
cost = 1.50407e+07
cost = 1.50406e+07
cost = 1.50404e+07
cost = 1.50403e+07
cost = 1.50401e+07
cost = 1.50399e+07
cost = 1.50396e+07
cost = 1.50393e+07
cost = 1.50391e+07
cost = 1.50388e+07
cost = 1.50386e+07
cost = 1.50384e+07
cost = 1.50382e+07
cost = 1.50379e+07
cost = 1.50375e+07
cost = 1.50371e+07
cost = 1.50367e+07
cost = 1.50363e+07
cost = 1.50358e+07
cost = 1.50355e+07
cost = 1.50352e+07
cost = 1.50348e+07
cost = 1.50346e+07
cost = 1.50344e+07
cost = 1.50342e+07
cost = 1.5034e+07
cost = 1.50339e+07
cost = 1.50337e+07
cost = 1.50336e+07
cost = 1.50335e+07
cost = 1.50334e+07
cost = 1.50332e+07
cost = 1.50331e+07
cost = 1.50328e+07
cost = 1.50325e+07
cost = 1.50326e+07
cost = 1.50323e+07
cost = 1.5032e+07
cost = 1.50317e+07
cost = 1.50315e+07
cost = 1.50312e+07
cost = 1.50309e+07
cost = 1.50307e+07
cost = 1.50314e+07
cost = 1.50305e+07
cost = 1.503e+07
cost = 1.50297e+07
cost = 1.50293e+07
cost = 1.50292e+07
cost = 1.50286e+07
cost = 1.50283e+07
cost = 1.50283e+07
cost = 1.50281e+07
cost = 1.50283e+07
cost = 1.50278e+07
cost = 1.50276e+07
cost = 1.50271e+07
cost = 1.50269e+07
cost = 1.50265e+07
cost = 1.50262e+07
cost = 1.50259e+07
cost = 1.50257e+07
cost = 1.50254e+07
cost = 1.50251e+07
cost = 1.50249e+07
cost = 1.50247e+07
cost = 1.50244e+07
cost = 1.50241e+07
cost = 1.50238e+07
cost = 1.50235e+07
cost = 1.50231e+07
cost = 1.50228e+07
cost = 1.50223e+07
cost = 1.50218e+07
cost = 1.50211e+07
cost = 1.5021e+07
cost = 1.50201e+07
cost = 1.50195e+07
cost = 1.5019e+07
cost = 1.50185e+07
cost = 1.50181e+07
cost = 1.50176e+07
cost = 9.68443e+08
cost = 4.65848e+07
cost = 1.51463e+07
cost = 1.50178e+07
cost = 1.50177e+07
cost = 1.50176e+07
cost = 1.50172e+07
cost = 1.50169e+07
cost = 1.62676e+07
cost = 1.50166e+07
cost = 6.501e+07
cost = 1.80342e+07
cost = 1.51413e+07
cost = 1.50176e+07
cost = 1.50166e+07
cost = 1.50166e+07
cost = 1.50845e+07
cost = 1.50261e+07
cost = 1.50181e+07
cost = 1.50166e+07
cost = 1.50164e+07
cost = 1.50162e+07
cost = 1.50159e+07
cost = 1.50264e+07
cost = 1.50164e+07
cost = 1.50158e+07
cost = 1.50227e+07
cost = 1.50159e+07
cost = 1.50155e+07
cost = 1.50152e+07
cost = 1.50149e+07
cost = 1.50146e+07
cost = 1.50144e+07
cost = 1.50143e+07
cost = 1.50142e+07
cost = 1.5014e+07
cost = 1.50143e+07
cost = 1.5014e+07
cost = 1.50139e+07
cost = 1.50137e+07
cost = 1.50135e+07
cost = 1.50134e+07
cost = 1.50131e+07
cost = 1.50128e+07
cost = 1.50127e+07
cost = 1.50121e+07
cost = 1.50117e+07
cost = 1.50112e+07
cost = 1.50104e+07
cost = 1.50107e+07
cost = 1.50102e+07
cost = 1.50095e+07
cost = 1.50088e+07
cost = 1.5023e+07
cost = 1.50084e+07
cost = 1.57981e+07
cost = 1.50575e+07
cost = 1.50108e+07
cost = 1.50083e+07
cost = 1.07136e+10
cost = 1.50368e+07
cost = 1.50105e+07
cost = 1.50078e+07
cost = 1.50076e+07
cost = 1.5007e+07
cost = 1.50067e+07
cost = 1.50062e+07
cost = 1.50055e+07
cost = 1.50051e+07
cost = 1.50048e+07
cost = 1.50045e+07
cost = 1.53329e+07
cost = 1.50294e+07
cost = 1.5006e+07
cost = 1.50045e+07
cost = 1.50044e+07
cost = 1.50095e+07
cost = 1.50051e+07
cost = 1.50043e+07
cost = 1.5004e+07
cost = 1.50039e+07
cost = 1.50037e+07
cost = 1.50036e+07
cost = 1.50035e+07
cost = 1.50033e+07
cost = 1.50031e+07
cost = 1.50032e+07
cost = 1.50029e+07
cost = 1.50046e+07
cost = 1.50029e+07
cost = 1.50028e+07
cost = 1.50028e+07
cost = 1.50026e+07
cost = 1.50027e+07
cost = 1.50025e+07
cost = 1.50023e+07
cost = 1.5002e+07
cost = 1.50017e+07
cost = 1.50011e+07
cost = 1.50005e+07
cost = 1.56616e+07
cost = 1.50006e+07
cost = 1.50001e+07
cost = 1.49995e+07
cost = 1.50022e+07
cost = 1.49999e+07
cost = 1.49994e+07
cost = 1.49988e+07
cost = 2.41818e+07
cost = 1.50351e+07
cost = 1.49986e+07
cost = 1.77399e+09
cost = 1.99079e+08
cost = 2.82135e+07
cost = 1.56116e+07
cost = 1.50067e+07
cost = 1.49985e+07
cost = 1.49988e+07
cost = 1.49985e+07
cost = 4.76505e+07
cost = 1.65258e+07
cost = 1.50334e+07
cost = 1.49984e+07
cost = 1.4998e+07
cost = 1.49978e+07
cost = 1.49985e+07
cost = 1.49979e+07
cost = 1.49977e+07
cost = 1.49988e+07
cost = 1.4998e+07
cost = 1.49978e+07
cost = 1.49977e+07
cost = 1.49975e+07
cost = 1.49974e+07
cost = 1.49973e+07
cost = 1.49971e+07
cost = 1.49972e+07
cost = 1.49971e+07
cost = 1.49969e+07
cost = 1.49968e+07
cost = 1.49966e+07
cost = 1.49965e+07
cost = 1.49964e+07
cost = 1.49963e+07
cost = 1.49962e+07
cost = 1.49961e+07
cost = 1.49959e+07
cost = 1.49958e+07
cost = 1.49957e+07
cost = 1.49956e+07
cost = 1.49955e+07
cost = 1.49953e+07
cost = 1.49952e+07
cost = 1.4995e+07
cost = 1.49952e+07
cost = 1.4995e+07
cost = 1.49949e+07
cost = 1.49947e+07
cost = 1.49946e+07
cost = 1.49946e+07
cost = 1.49945e+07
cost = 1.49944e+07
cost = 1.49943e+07
cost = 1.49943e+07
cost = 1.49942e+07
cost = 1.49941e+07
cost = 1.49941e+07
cost = 1.4994e+07
cost = 1.49939e+07
cost = 1.49939e+07
cost = 1.49938e+07
cost = 1.49937e+07
cost = 1.49936e+07
cost = 1.49936e+07
cost = 1.49935e+07
cost = 1.49934e+07
cost = 1.49933e+07
cost = 1.49933e+07
cost = 1.49932e+07
cost = 1.49932e+07
cost = 1.49931e+07
cost = 1.4993e+07
cost = 1.49927e+07
cost = 1.49925e+07
cost = 1.49923e+07
cost = 1.4992e+07
cost = 1.49919e+07
cost = 1.49918e+07
cost = 1.49916e+07
cost = 1.49915e+07
cost = 1.49914e+07
cost = 1.49912e+07
cost = 1.49911e+07
cost = 1.49909e+07
cost = 1.49908e+07
cost = 1.49905e+07
cost = 1.49904e+07
cost = 1.49901e+07
cost = 1.49901e+07
cost = 1.59167e+07
cost = 1.5061e+07
cost = 1.49941e+07
cost = 1.499e+07
cost = 1.49897e+07
cost = 1.49895e+07
cost = 1.49943e+07
cost = 1.49894e+07
cost = 1.49931e+07
cost = 1.49894e+07
cost = 1.49892e+07
cost = 1.49894e+07
cost = 1.49892e+07
cost = 1.49899e+07
cost = 1.49892e+07
cost = 1.49891e+07
cost = 1.4989e+07
cost = 1.49889e+07
cost = 1.49888e+07
cost = 1.49888e+07
cost = 1.49887e+07
cost = 1.49887e+07
cost = 1.49886e+07
cost = 1.49886e+07
cost = 1.49885e+07
cost = 1.49885e+07
cost = 1.49885e+07
cost = 1.49884e+07
cost = 1.49884e+07
cost = 1.49883e+07
cost = 1.49882e+07
cost = 1.4988e+07
cost = 1.49879e+07
cost = 1.49877e+07
cost = 1.49876e+07
cost = 1.49875e+07
cost = 1.49874e+07
cost = 1.49874e+07
cost = 1.49873e+07
cost = 1.49872e+07
cost = 1.49871e+07
cost = 1.4987e+07
cost = 1.49869e+07
cost = 1.49867e+07
cost = 1.49865e+07
cost = 1.49863e+07
cost = 1.49861e+07
cost = 1.49859e+07
cost = 1.49856e+07
cost = 1.49855e+07
cost = 1.49853e+07
cost = 1.49852e+07
cost = 1.49851e+07
cost = 1.4985e+07
cost = 1.49848e+07
cost = 1.49847e+07
cost = 1.49845e+07
cost = 1.49844e+07
cost = 1.49843e+07
cost = 1.49842e+07
cost = 1.49841e+07
cost = 1.4984e+07
cost = 1.49839e+07
cost = 1.49837e+07
cost = 1.49836e+07
cost = 1.49833e+07
cost = 1.4983e+07
cost = 1.49827e+07
cost = 1.49823e+07
cost = 1.49839e+07
cost = 1.49826e+07
cost = 1.49823e+07
cost = 1.49819e+07
cost = 1.49816e+07
cost = 1.49811e+07
cost = 1.49809e+07
cost = 1.49806e+07
cost = 1.49814e+07
cost = 1.49804e+07
cost = 1.49801e+07
cost = 1.49898e+07
cost = 1.49801e+07
cost = 1.498e+07
cost = 4.70932e+07
cost = 1.51024e+07
cost = 1.49887e+07
cost = 1.49806e+07
cost = 1.498e+07
cost = 1.05057e+08
cost = 1.58988e+07
cost = 1.49796e+07
cost = 2.97439e+07
cost = 1.56774e+07
cost = 1.49881e+07
cost = 1.49795e+07
cost = 1.49797e+07
cost = 1.49795e+07
cost = 1.5637e+07
cost = 1.50437e+07
cost = 1.49854e+07
cost = 1.498e+07
cost = 1.49795e+07
cost = 1.49795e+07
cost = 3.51526e+07
cost = 1.57888e+07
cost = 1.49937e+07
cost = 1.498e+07
cost = 1.49793e+07
cost = 1.49791e+07
cost = 1.4979e+07
cost = 1.49789e+07
cost = 1.49788e+07
cost = 1.49787e+07
cost = 1.49786e+07
cost = 1.49786e+07
cost = 1.49785e+07
cost = 1.49784e+07
cost = 1.49783e+07
cost = 1.49782e+07
cost = 1.49781e+07
cost = 1.4978e+07
cost = 1.49781e+07
cost = 1.4978e+07
cost = 1.4978e+07
cost = 1.49779e+07
cost = 1.49783e+07
cost = 1.49779e+07
cost = 1.49779e+07
cost = 1.49778e+07
cost = 1.49778e+07
cost = 1.49778e+07
cost = 1.49777e+07
cost = 1.49776e+07
cost = 1.49775e+07
cost = 1.49774e+07
cost = 1.49774e+07
cost = 1.49773e+07
cost = 1.49773e+07
cost = 1.49772e+07
cost = 1.49771e+07
cost = 1.4977e+07
cost = 1.4977e+07
cost = 1.49769e+07
cost = 1.49768e+07
cost = 1.49768e+07
cost = 1.49767e+07
cost = 1.49767e+07
cost = 1.49766e+07
cost = 1.49765e+07
cost = 1.49764e+07
cost = 1.49763e+07
cost = 1.49762e+07
cost = 1.49763e+07
cost = 1.49762e+07
cost = 1.49776e+07
cost = 1.49764e+07
cost = 1.49762e+07
cost = 1.49761e+07
cost = 1.49769e+07
cost = 1.4976e+07
cost = 1.49772e+07
cost = 1.4976e+07
cost = 1.4976e+07
cost = 1.49759e+07
cost = 1.49758e+07
cost = 1.4976e+07
cost = 1.49758e+07
cost = 1.49869e+07
cost = 1.49759e+07
cost = 1.49757e+07
cost = 1.49756e+07
cost = 1.49755e+07
cost = 1.49754e+07
cost = 1.49752e+07
cost = 1.49814e+07
cost = 1.49751e+07
cost = 1.49751e+07
cost = 1.4975e+07
cost = 1.49749e+07
cost = 1.49748e+07
cost = 1.49749e+07
cost = 1.49747e+07
cost = 1.49746e+07
cost = 1.49744e+07
cost = 1.49743e+07
cost = 1.49744e+07
cost = 1.49742e+07
cost = 1.49741e+07
cost = 1.4974e+07
cost = 1.49739e+07
cost = 1.49738e+07
cost = 1.49737e+07
cost = 1.49736e+07
cost = 1.49736e+07
cost = 1.49735e+07
cost = 1.49735e+07
cost = 1.49753e+07
cost = 1.4974e+07
cost = 1.49736e+07
cost = 1.49735e+07
cost = 1.49735e+07
cost = 1.49735e+07
cost = 1.49734e+07
cost = 1.49734e+07
cost = 1.49733e+07
cost = 1.49733e+07
cost = 1.49732e+07
cost = 1.49731e+07
cost = 1.49733e+07
cost = 1.49731e+07
cost = 1.4973e+07
cost = 1.49729e+07
cost = 1.49729e+07
cost = 1.49728e+07
cost = 1.49728e+07
cost = 1.49727e+07
cost = 1.49726e+07
cost = 1.49725e+07
cost = 1.49724e+07
cost = 1.49724e+07
cost = 1.49723e+07
cost = 1.49722e+07
cost = 1.49722e+07
cost = 1.49721e+07
cost = 1.4972e+07
cost = 1.49719e+07
cost = 1.49718e+07
cost = 1.49717e+07
cost = 1.49716e+07
cost = 1.49716e+07
cost = 1.49715e+07
cost = 1.49715e+07
cost = 1.49714e+07
cost = 1.49714e+07
cost = 1.49713e+07
cost = 1.49713e+07
cost = 1.49712e+07
cost = 1.49712e+07
cost = 1.49711e+07
cost = 1.49711e+07
cost = 1.49711e+07
cost = 1.4971e+07
cost = 1.4971e+07
cost = 1.49709e+07
cost = 1.49707e+07
cost = 1.49729e+07
cost = 1.49706e+07
cost = 1.49799e+07
cost = 1.49706e+07
cost = 1.50058e+07
cost = 1.49738e+07
cost = 1.49708e+07
cost = 1.49706e+07
cost = 1.49706e+07
cost = 1.50767e+07
cost = 1.49763e+07
cost = 1.49713e+07
cost = 1.49706e+07
cost = 1.49705e+07
cost = 1.49704e+07
cost = 1.49704e+07
cost = 1.49703e+07
cost = 1.49702e+07
cost = 1.49701e+07
cost = 1.497e+07
cost = 1.49699e+07
cost = 1.49706e+07
cost = 1.49698e+07
cost = 1.50251e+07
cost = 1.49711e+07
cost = 1.49697e+07
cost = 1.49695e+07
cost = 1.49694e+07
cost = 1.49692e+07
cost = 1.49692e+07
cost = 1.49693e+07
cost = 1.4969e+07
cost = 1.49688e+07
cost = 1.49687e+07
cost = 1.49686e+07
cost = 1.49686e+07
cost = 1.49685e+07
cost = 1.49684e+07
cost = 1.49684e+07
cost = 1.49682e+07
cost = 1.4968e+07
cost = 1.49679e+07
cost = 1.49676e+07
cost = 1.49675e+07
cost = 1.49673e+07
cost = 1.49672e+07
cost = 1.4967e+07
cost = 1.49666e+07
cost = 1.52264e+07
cost = 1.49679e+07
cost = 1.49665e+07
cost = 2.87361e+07
cost = 1.59727e+07
cost = 1.50257e+07
cost = 1.49683e+07
cost = 1.49664e+07
cost = 1.49668e+07
cost = 1.49661e+07
cost = 1.4966e+07
cost = 1.49699e+07
cost = 1.49667e+07
cost = 1.4966e+07
cost = 1.49658e+07
cost = 1.49657e+07
cost = 1.49656e+07
cost = 1.49653e+07
cost = 1.49651e+07
cost = 1.4965e+07
cost = 1.49648e+07
cost = 1.49648e+07
cost = 1.49647e+07
cost = 1.49646e+07
cost = 1.49645e+07
cost = 1.49644e+07
cost = 1.49642e+07
cost = 1.4964e+07
cost = 1.49637e+07
cost = 1.49635e+07
cost = 1.49638e+07
cost = 1.49634e+07
cost = 1.49632e+07
cost = 1.4963e+07
cost = 1.49671e+07
cost = 1.49633e+07
cost = 1.4963e+07
cost = 1.49628e+07
cost = 1.49627e+07
cost = 1.49626e+07
cost = 1.49624e+07
cost = 1.49622e+07
cost = 1.4962e+07
cost = 1.62947e+07
cost = 1.49776e+07
cost = 1.49619e+07
cost = 4.37552e+07
cost = 1.71759e+07
cost = 1.51151e+07
cost = 1.49697e+07
cost = 1.4962e+07
cost = 1.49619e+07
cost = 1.49619e+07
cost = 1.49748e+07
cost = 1.49616e+07
cost = 1.49613e+07
cost = 1.49611e+07
cost = 1.49609e+07
cost = 1.4961e+07
cost = 1.49606e+07
cost = 1.49605e+07
cost = 1.49604e+07
cost = 1.49603e+07
cost = 1.49602e+07
cost = 1.49601e+07
cost = 1.496e+07
cost = 1.49599e+07
cost = 1.49597e+07
cost = 1.49597e+07
cost = 1.49594e+07
cost = 1.49596e+07
cost = 1.49594e+07
cost = 1.49592e+07
cost = 1.49592e+07
cost = 1.4959e+07
cost = 1.49671e+07
cost = 1.49592e+07
cost = 1.49589e+07
cost = 1.49587e+07
cost = 1.4959e+07
cost = 1.49586e+07
cost = 1.49584e+07
cost = 1.49583e+07
cost = 1.49582e+07
cost = 1.49581e+07
cost = 1.49579e+07
cost = 1.49578e+07
cost = 1.49577e+07
cost = 1.49576e+07
cost = 1.49574e+07
cost = 1.49572e+07
cost = 1.49866e+07
cost = 1.49597e+07
cost = 1.49573e+07
cost = 1.49572e+07
cost = 1.50675e+07
cost = 1.4961e+07
cost = 1.49569e+07
cost = 1.49568e+07
cost = 1.49566e+07
cost = 1.49563e+07
cost = 1.49562e+07
cost = 1.4956e+07
cost = 1.49558e+07
cost = 1.49557e+07
cost = 1.49556e+07
cost = 1.49556e+07
cost = 1.49555e+07
cost = 1.49555e+07
cost = 1.49554e+07
cost = 1.49553e+07
cost = 1.49554e+07
cost = 1.49553e+07
cost = 1.49552e+07
cost = 1.49552e+07
cost = 1.49551e+07
cost = 1.4955e+07
cost = 1.49549e+07
cost = 1.49548e+07
cost = 1.49548e+07
cost = 1.49547e+07
cost = 1.49546e+07
cost = 1.49547e+07
cost = 1.49546e+07
cost = 1.49546e+07
cost = 1.49545e+07
cost = 1.49545e+07
cost = 1.49544e+07
cost = 1.49544e+07
cost = 1.49543e+07
cost = 1.49543e+07
cost = 1.49542e+07
cost = 1.49542e+07
cost = 1.49541e+07
cost = 1.4954e+07
cost = 1.49539e+07
cost = 1.49538e+07
cost = 1.49537e+07
cost = 1.49535e+07
cost = 1.49534e+07
cost = 1.49532e+07
cost = 1.49544e+07
cost = 1.49533e+07
cost = 1.49532e+07
cost = 1.4954e+07
cost = 1.49531e+07
cost = 1.4953e+07
cost = 1.49529e+07
cost = 1.49528e+07
cost = 1.49526e+07
cost = 1.49524e+07
cost = 1.49523e+07
cost = 1.49522e+07
cost = 1.49521e+07
cost = 1.4952e+07
cost = 1.4952e+07
cost = 1.49519e+07
cost = 1.49518e+07
cost = 1.49517e+07
cost = 1.49516e+07
cost = 1.49515e+07
cost = 1.49515e+07
cost = 1.49515e+07
cost = 1.49514e+07
cost = 1.49513e+07
cost = 1.49513e+07
cost = 1.49513e+07
cost = 1.49512e+07
cost = 1.49512e+07
cost = 1.49511e+07
cost = 1.4951e+07
cost = 1.49508e+07
cost = 1.49507e+07
cost = 1.49505e+07
cost = 1.49504e+07
cost = 1.49503e+07
cost = 1.49503e+07
cost = 1.49502e+07
cost = 1.49501e+07
cost = 1.49501e+07
cost = 1.495e+07
cost = 1.495e+07
cost = 1.49499e+07
cost = 1.49499e+07
cost = 1.49499e+07
cost = 1.49498e+07
cost = 1.49498e+07
cost = 1.49498e+07
cost = 1.49498e+07
cost = 1.49498e+07
cost = 1.49497e+07
cost = 1.49497e+07
cost = 1.49496e+07
cost = 1.49496e+07
cost = 1.49496e+07
cost = 1.49496e+07
cost = 1.49495e+07
cost = 1.49495e+07
cost = 1.49495e+07
cost = 1.49494e+07
cost = 1.49493e+07
cost = 1.49492e+07
cost = 1.49491e+07
cost = 1.4949e+07
cost = 1.49489e+07
cost = 1.49488e+07
cost = 1.49488e+07
cost = 1.49488e+07
cost = 1.49487e+07
cost = 1.49487e+07
cost = 1.49487e+07
cost = 1.49486e+07
cost = 1.49486e+07
cost = 1.49485e+07
cost = 1.49484e+07
cost = 1.49484e+07
cost = 1.49483e+07
cost = 1.49483e+07
cost = 1.49482e+07
cost = 1.49482e+07
cost = 1.49482e+07
cost = 1.49482e+07
cost = 1.49481e+07
cost = 1.49486e+07
cost = 1.49482e+07
cost = 1.49481e+07
cost = 1.4948e+07
cost = 1.4948e+07
cost = 1.4948e+07
cost = 1.4948e+07
cost = 1.49479e+07
cost = 1.49479e+07
cost = 1.49478e+07
cost = 1.49478e+07
cost = 1.49478e+07
cost = 1.49477e+07
cost = 1.49476e+07
cost = 1.49476e+07
cost = 1.49475e+07
cost = 1.49511e+07
cost = 1.49476e+07
cost = 1.49475e+07
cost = 1.49658e+07
cost = 1.49486e+07
cost = 1.49475e+07
cost = 1.49481e+07
cost = 1.49475e+07
cost = 1.49474e+07
cost = 1.49475e+07
cost = 1.49474e+07
cost = 1.49474e+07
cost = 1.49473e+07
cost = 1.49472e+07
cost = 1.49471e+07
cost = 1.49472e+07
cost = 1.49471e+07
cost = 1.4947e+07
cost = 1.49471e+07
cost = 1.4947e+07
cost = 1.49469e+07
cost = 1.49469e+07
cost = 1.49468e+07
cost = 1.49468e+07
cost = 1.49467e+07
cost = 1.49466e+07
cost = 1.49465e+07
cost = 1.49464e+07
cost = 1.49464e+07
cost = 1.49462e+07
cost = 1.49461e+07
cost = 1.49461e+07
cost = 1.4946e+07
cost = 1.49459e+07
cost = 1.49459e+07
cost = 1.49458e+07
cost = 1.49458e+07
cost = 1.49457e+07
cost = 1.49457e+07
cost = 1.49456e+07
cost = 1.49455e+07
cost = 1.49454e+07
cost = 1.49453e+07
cost = 1.49452e+07
cost = 1.49451e+07
cost = 1.49451e+07
cost = 1.4945e+07
cost = 1.4945e+07
cost = 1.4945e+07
cost = 1.49449e+07
cost = 1.49449e+07
cost = 1.49449e+07
cost = 1.49449e+07
cost = 1.49448e+07
cost = 1.49448e+07
cost = 1.4945e+07
cost = 1.49448e+07
cost = 1.49582e+07
cost = 1.49459e+07
cost = 1.49448e+07
cost = 1.49447e+07
cost = 1.49447e+07
cost = 1.49447e+07
cost = 1.49446e+07
cost = 1.49446e+07
cost = 1.49446e+07
cost = 1.49445e+07
cost = 1.49445e+07
cost = 1.49445e+07
cost = 1.49445e+07
cost = 1.49444e+07
cost = 1.49444e+07
cost = 1.49444e+07
cost = 1.49444e+07
cost = 1.49443e+07
cost = 1.49443e+07
cost = 1.49443e+07
cost = 1.49443e+07
cost = 1.49443e+07
cost = 1.49442e+07
cost = 1.49442e+07
cost = 1.49442e+07
cost = 1.49442e+07
cost = 1.49442e+07
cost = 1.49442e+07
cost = 1.49442e+07
cost = 1.49442e+07
cost = 1.49442e+07
cost = 1.49442e+07
cost = 1.49442e+07
cost = 1.49442e+07
cost = 1.49442e+07
cost = 1.49442e+07
cost = 1.49442e+07
cost = 1.49442e+07
cost = 1.49442e+07
cost = 1.49441e+07
cost = 1.49442e+07
cost = 1.49442e+07
cost = 1.49441e+07
cost = 1.49441e+07
cost = 1.49441e+07
cost = 1.49441e+07
cost = 1.49441e+07
cost = 1.49441e+07
cost = 1.4944e+07
cost = 1.4944e+07
cost = 1.49439e+07
cost = 1.49439e+07
cost = 1.49438e+07
cost = 1.49438e+07
cost = 1.49437e+07
cost = 1.49436e+07
cost = 1.49435e+07
cost = 1.49435e+07
cost = 1.49434e+07
cost = 1.49434e+07
cost = 1.49434e+07
cost = 1.49433e+07
cost = 1.49433e+07
cost = 1.49441e+07
cost = 1.49433e+07
cost = 1.49433e+07
cost = 1.49432e+07
cost = 1.49432e+07
cost = 1.49432e+07
cost = 1.49431e+07
cost = 1.49431e+07
cost = 1.4943e+07
cost = 1.49429e+07
cost = 1.49428e+07
cost = 1.49427e+07
cost = 1.49427e+07
cost = 1.49426e+07
cost = 1.49426e+07
cost = 1.49425e+07
cost = 1.49425e+07
cost = 1.49425e+07
cost = 1.4944e+07
cost = 1.49429e+07
cost = 1.49426e+07
cost = 1.49425e+07
cost = 1.49425e+07
cost = 1.49425e+07
cost = 1.49424e+07
cost = 1.49424e+07
cost = 1.49424e+07
cost = 1.49424e+07
cost = 1.49424e+07
cost = 1.49424e+07
cost = 1.49423e+07
cost = 1.49423e+07
cost = 1.49423e+07
cost = 1.49423e+07
cost = 1.49422e+07
cost = 1.49422e+07
cost = 1.49422e+07
cost = 1.49422e+07
cost = 1.49422e+07
cost = 1.49422e+07
cost = 1.49421e+07
cost = 1.49422e+07
cost = 1.49421e+07
cost = 1.49421e+07
cost = 1.49421e+07
cost = 1.4942e+07
cost = 1.4942e+07
cost = 1.49419e+07
cost = 1.49422e+07
cost = 1.49419e+07
cost = 1.49418e+07
cost = 1.49419e+07
cost = 1.49418e+07
cost = 1.49418e+07
cost = 1.49418e+07
cost = 1.49417e+07
cost = 1.49418e+07
cost = 1.49417e+07
cost = 1.49417e+07
cost = 1.49416e+07
cost = 1.49416e+07
cost = 1.49416e+07
cost = 1.49415e+07
cost = 1.49415e+07
cost = 1.49415e+07
cost = 1.49414e+07
cost = 1.49414e+07
cost = 1.49413e+07
cost = 1.49413e+07
cost = 1.49412e+07
cost = 1.49412e+07
cost = 1.49411e+07
cost = 1.49411e+07
cost = 1.49411e+07
cost = 1.49411e+07
cost = 1.4941e+07
cost = 1.4941e+07
cost = 1.4941e+07
cost = 1.4941e+07
cost = 1.4941e+07
cost = 1.4941e+07
cost = 1.49409e+07
cost = 1.49409e+07
cost = 1.49409e+07
cost = 1.49409e+07
cost = 1.49409e+07
cost = 1.49409e+07
cost = 1.49408e+07
cost = 1.49408e+07
cost = 1.49408e+07
cost = 1.49408e+07
cost = 1.49407e+07
cost = 1.49407e+07
cost = 1.49407e+07
cost = 1.49407e+07
cost = 1.49407e+07
cost = 1.49406e+07
cost = 1.49406e+07
cost = 1.49406e+07
cost = 1.49406e+07
cost = 1.49405e+07
cost = 1.49405e+07
cost = 1.49405e+07
cost = 1.49404e+07
cost = 1.49404e+07
cost = 1.49404e+07
cost = 1.49404e+07
cost = 1.49404e+07
cost = 1.49403e+07
cost = 1.49405e+07
cost = 1.49403e+07
cost = 1.49403e+07
cost = 1.49403e+07
cost = 1.49402e+07
cost = 1.49402e+07
cost = 1.49402e+07
cost = 1.49401e+07
cost = 1.49401e+07
cost = 1.49401e+07
cost = 1.49401e+07
cost = 1.494e+07
cost = 1.494e+07
cost = 1.49399e+07
cost = 1.49399e+07
cost = 1.49398e+07
cost = 1.49397e+07
cost = 1.49397e+07
cost = 1.49396e+07
cost = 1.49396e+07
cost = 1.49396e+07
cost = 1.49395e+07
cost = 1.49395e+07
cost = 1.49394e+07
cost = 1.49394e+07
cost = 1.4941e+07
cost = 1.49397e+07
cost = 1.49394e+07
cost = 1.49393e+07
cost = 1.49393e+07
cost = 1.49393e+07
cost = 1.49393e+07
cost = 1.49392e+07
cost = 1.49391e+07
cost = 1.49391e+07
cost = 1.49393e+07
cost = 1.49391e+07
cost = 1.4939e+07
cost = 1.4939e+07
cost = 1.49389e+07
cost = 1.49388e+07
cost = 1.49388e+07
cost = 1.49387e+07
cost = 1.49386e+07
cost = 1.49386e+07
cost = 1.49385e+07
cost = 1.49385e+07
cost = 1.49384e+07
cost = 1.49388e+07
cost = 1.49384e+07
cost = 1.49385e+07
cost = 1.49383e+07
cost = 1.49382e+07
cost = 1.49382e+07
cost = 1.49381e+07
cost = 1.4938e+07
cost = 1.49379e+07
cost = 1.49379e+07
cost = 1.49378e+07
cost = 1.49378e+07
cost = 1.49378e+07
cost = 1.49377e+07
cost = 1.49377e+07
cost = 1.49376e+07
cost = 1.49376e+07
cost = 1.49375e+07
cost = 1.49374e+07
cost = 1.49374e+07
cost = 1.49373e+07
cost = 1.49373e+07
cost = 1.49372e+07
cost = 1.49372e+07
cost = 1.49371e+07
cost = 1.4937e+07
cost = 1.49369e+07
cost = 1.49369e+07
cost = 1.49368e+07
cost = 1.49368e+07
cost = 1.49367e+07
cost = 1.49367e+07
cost = 1.49366e+07
cost = 1.49366e+07
cost = 1.49365e+07
cost = 1.49365e+07
cost = 1.49363e+07
cost = 1.49362e+07
cost = 1.49361e+07
cost = 1.4936e+07
cost = 1.49359e+07
cost = 1.49358e+07
cost = 1.49357e+07
cost = 1.49356e+07
cost = 1.49355e+07
cost = 1.49354e+07
cost = 1.49354e+07
cost = 1.49356e+07
cost = 1.49354e+07
cost = 1.49354e+07
cost = 1.49353e+07
cost = 1.49352e+07
cost = 1.49351e+07
cost = 1.4935e+07
cost = 1.4935e+07
cost = 1.4935e+07
cost = 1.4935e+07
cost = 1.49349e+07
cost = 1.49349e+07
cost = 1.49348e+07
cost = 1.49348e+07
cost = 1.49348e+07
cost = 1.49347e+07
cost = 1.49347e+07
cost = 1.49347e+07
cost = 1.49346e+07
cost = 1.49346e+07
cost = 1.49345e+07
cost = 1.49345e+07
cost = 1.49345e+07
cost = 1.49344e+07
cost = 1.49344e+07
cost = 1.49344e+07
cost = 1.49344e+07
cost = 1.49343e+07
cost = 1.49343e+07
cost = 1.49342e+07
cost = 1.49342e+07
cost = 1.49341e+07
cost = 1.49341e+07
cost = 1.49341e+07
cost = 1.4934e+07
cost = 1.4934e+07
cost = 1.4934e+07
cost = 1.49339e+07
cost = 1.49339e+07
cost = 1.49339e+07
cost = 1.49339e+07
cost = 1.49338e+07
cost = 1.49338e+07
cost = 1.49338e+07
cost = 1.49338e+07
cost = 1.49338e+07
cost = 1.49338e+07
cost = 1.49338e+07
cost = 1.49337e+07
cost = 1.49337e+07
cost = 1.49337e+07
cost = 1.49336e+07
cost = 1.49337e+07
cost = 1.49336e+07
cost = 1.49337e+07
cost = 1.49336e+07
cost = 1.49335e+07
cost = 1.49335e+07
cost = 1.49335e+07
cost = 1.49334e+07
cost = 1.49335e+07
cost = 1.49334e+07
cost = 1.49334e+07
cost = 1.49333e+07
cost = 1.49333e+07
cost = 1.49332e+07
cost = 1.49332e+07
cost = 1.49331e+07
cost = 1.49331e+07
cost = 1.49331e+07
cost = 1.4933e+07
cost = 1.4933e+07
cost = 1.49329e+07
cost = 1.49329e+07
cost = 1.49329e+07
cost = 1.49328e+07
cost = 1.49328e+07
cost = 1.49327e+07
cost = 1.49326e+07
cost = 1.49326e+07
cost = 1.49325e+07
cost = 1.49325e+07
cost = 1.49325e+07
cost = 1.49324e+07
cost = 1.49324e+07
cost = 1.49323e+07
cost = 1.49323e+07
cost = 1.49322e+07
cost = 1.49322e+07
cost = 1.49322e+07
cost = 1.49322e+07
cost = 1.49321e+07
cost = 1.49321e+07
cost = 1.49321e+07
cost = 1.49321e+07
cost = 1.4932e+07
cost = 1.4932e+07
cost = 1.4932e+07
cost = 1.49319e+07
cost = 1.49318e+07
cost = 1.49317e+07
cost = 1.49316e+07
cost = 1.49316e+07
cost = 1.49315e+07
cost = 1.49356e+07
cost = 1.49317e+07
cost = 1.49315e+07
cost = 2.81823e+10
cost = 2.94865e+08
cost = 1.94344e+07
cost = 1.50898e+07
cost = 1.49373e+07
cost = 1.49315e+07
cost = 1.49314e+07
cost = 1.49313e+07
cost = 1.49311e+07
cost = 1.49311e+07
cost = 1.4931e+07
cost = 1.49309e+07
cost = 1.49308e+07
cost = 1.49307e+07
cost = 1.49307e+07
cost = 1.49306e+07
cost = 1.49305e+07
cost = 1.49305e+07
cost = 1.49304e+07
cost = 1.49304e+07
cost = 1.49303e+07
cost = 1.49302e+07
cost = 1.49301e+07
cost = 1.49301e+07
cost = 1.49301e+07
cost = 1.493e+07
cost = 1.49299e+07
cost = 1.49299e+07
cost = 1.49298e+07
cost = 1.49297e+07
cost = 1.49296e+07
cost = 1.49295e+07
cost = 1.49294e+07
cost = 1.49293e+07
cost = 1.49293e+07
cost = 1.49292e+07
cost = 1.49292e+07
cost = 1.49292e+07
cost = 1.49291e+07
cost = 1.49291e+07
cost = 1.49291e+07
cost = 1.49291e+07
cost = 1.49291e+07
cost = 1.49291e+07
cost = 1.4929e+07
cost = 1.4929e+07
cost = 1.4929e+07
cost = 1.4929e+07
cost = 1.4929e+07
cost = 1.4929e+07
cost = 1.4929e+07
cost = 1.4929e+07
cost = 1.4929e+07
cost = 1.4929e+07
cost = 1.49289e+07
cost = 1.49289e+07
cost = 1.49289e+07
cost = 1.49288e+07
cost = 1.49288e+07
cost = 1.49288e+07
cost = 1.49288e+07
cost = 1.49288e+07
cost = 1.49287e+07
cost = 1.49287e+07
cost = 1.49287e+07
cost = 1.49286e+07
cost = 1.49286e+07
cost = 1.49286e+07
cost = 1.49286e+07
cost = 1.49285e+07
cost = 1.49285e+07
cost = 1.49285e+07
cost = 1.49286e+07
cost = 1.49285e+07
cost = 1.49285e+07
cost = 1.49285e+07
cost = 1.49285e+07
cost = 1.49285e+07
cost = 1.49285e+07
cost = 1.49285e+07
cost = 1.49284e+07
cost = 1.49284e+07
cost = 1.49284e+07
cost = 1.49284e+07
cost = 1.49284e+07
cost = 1.49284e+07
cost = 1.49284e+07
cost = 1.49284e+07
cost = 1.49283e+07
cost = 1.49283e+07
cost = 1.49283e+07
cost = 1.49283e+07
cost = 1.49283e+07
cost = 1.49283e+07
cost = 1.49282e+07
cost = 1.49282e+07
cost = 1.49282e+07
cost = 1.49282e+07
cost = 1.49282e+07
cost = 1.49282e+07
cost = 1.49282e+07
cost = 1.49282e+07
cost = 1.49282e+07
cost = 1.49282e+07
cost = 1.49281e+07
cost = 1.49281e+07
cost = 1.49281e+07
cost = 1.49281e+07
cost = 1.49281e+07
cost = 1.49281e+07
cost = 1.49281e+07
cost = 1.49281e+07
cost = 1.4928e+07
cost = 1.4928e+07
cost = 1.4928e+07
cost = 1.4928e+07
cost = 1.4928e+07
cost = 1.49279e+07
cost = 1.49279e+07
cost = 1.49279e+07
cost = 1.49278e+07
cost = 1.49277e+07
cost = 1.49276e+07
cost = 1.49276e+07
cost = 1.49275e+07
cost = 1.49275e+07
cost = 1.49274e+07
cost = 1.49317e+07
cost = 1.49281e+07
cost = 1.49275e+07
cost = 1.49274e+07
cost = 1.49274e+07
cost = 1.49273e+07
cost = 1.49273e+07
cost = 1.49275e+07
cost = 1.49273e+07
cost = 1.49273e+07
cost = 1.49273e+07
cost = 1.49272e+07
cost = 1.49272e+07
cost = 1.49272e+07
cost = 1.49272e+07
cost = 1.49272e+07
cost = 1.49271e+07
cost = 1.49271e+07
cost = 1.49271e+07
cost = 1.4927e+07
cost = 1.4927e+07
cost = 1.49269e+07
cost = 1.49269e+07
cost = 1.49268e+07
cost = 1.49268e+07
cost = 1.49268e+07
cost = 1.49267e+07
cost = 1.49267e+07
cost = 1.49267e+07
cost = 1.49266e+07
cost = 1.49266e+07
cost = 1.49266e+07
cost = 1.49266e+07
cost = 1.49266e+07
cost = 1.49266e+07
cost = 1.49266e+07
cost = 1.49266e+07
cost = 1.49265e+07
cost = 1.49265e+07
cost = 1.49265e+07
cost = 1.49265e+07
cost = 1.49265e+07
cost = 1.49265e+07
cost = 1.49265e+07
cost = 1.49265e+07
cost = 1.49265e+07
cost = 1.49265e+07
cost = 1.49265e+07
cost = 1.49265e+07
cost = 1.49264e+07
cost = 1.49264e+07
cost = 1.49264e+07
cost = 1.49264e+07
cost = 1.49264e+07
cost = 1.49264e+07
cost = 1.49264e+07
cost = 1.49264e+07
cost = 1.49264e+07
cost = 1.49264e+07
cost = 1.49264e+07
cost = 1.49263e+07
cost = 1.49263e+07
cost = 1.49263e+07
cost = 1.49263e+07
cost = 1.49263e+07
cost = 1.49262e+07
cost = 1.49262e+07
cost = 1.49262e+07
cost = 1.49262e+07
cost = 1.49261e+07
cost = 1.49261e+07
cost = 1.49261e+07
cost = 1.4926e+07
cost = 1.4926e+07
cost = 1.4926e+07
cost = 1.49259e+07
cost = 1.49259e+07
cost = 1.49259e+07
cost = 1.49258e+07
cost = 1.57516e+07
cost = 1.49775e+07
cost = 1.49277e+07
cost = 1.49258e+07
cost = 1.49265e+07
cost = 1.49259e+07
cost = 1.49258e+07
cost = 1.49257e+07
cost = 1.49256e+07
cost = 1.49256e+07
cost = 1.49255e+07
cost = 1.49255e+07
cost = 1.49255e+07
cost = 1.49254e+07
cost = 1.49254e+07
cost = 1.49254e+07
cost = 1.49253e+07
cost = 1.49253e+07
cost = 1.49253e+07
cost = 1.49252e+07
cost = 1.49252e+07
cost = 1.49251e+07
cost = 1.49251e+07
cost = 1.49251e+07
cost = 1.49251e+07
cost = 1.4925e+07
cost = 1.4925e+07
cost = 1.4925e+07
cost = 1.4925e+07
cost = 1.49249e+07
cost = 1.49249e+07
cost = 1.49249e+07
cost = 1.49249e+07
cost = 1.49249e+07
cost = 1.49249e+07
cost = 1.49249e+07
cost = 1.49248e+07
cost = 1.49248e+07
cost = 1.49248e+07
cost = 1.49248e+07
cost = 1.49248e+07
cost = 1.49248e+07
cost = 1.49247e+07
cost = 1.49247e+07
cost = 1.49247e+07
cost = 1.49247e+07
cost = 1.49246e+07
cost = 1.49246e+07
cost = 1.49245e+07
cost = 1.49245e+07
cost = 1.49245e+07
cost = 1.49245e+07
cost = 1.49245e+07
cost = 1.49245e+07
cost = 1.49244e+07
cost = 1.49244e+07
cost = 1.49244e+07
cost = 1.49244e+07
cost = 1.49243e+07
cost = 1.49242e+07
cost = 1.49242e+07
cost = 1.49242e+07
cost = 1.49241e+07
cost = 1.49241e+07
cost = 1.4924e+07
cost = 1.4924e+07
cost = 1.4924e+07
cost = 1.4924e+07
cost = 1.49239e+07
cost = 1.49239e+07
cost = 1.49239e+07
cost = 1.49239e+07
cost = 1.49239e+07
cost = 1.49238e+07
cost = 1.49238e+07
cost = 1.49238e+07
cost = 1.49238e+07
cost = 1.49238e+07
cost = 1.49238e+07
cost = 1.49238e+07
cost = 1.49238e+07
cost = 1.49238e+07
cost = 1.49237e+07
cost = 1.49237e+07
cost = 1.49237e+07
cost = 1.49237e+07
cost = 1.49237e+07
cost = 1.49237e+07
cost = 1.49237e+07
cost = 1.49236e+07
cost = 1.49237e+07
cost = 1.49236e+07
cost = 1.49236e+07
cost = 1.49236e+07
cost = 1.49236e+07
cost = 1.49236e+07
cost = 1.49236e+07
cost = 1.49236e+07
cost = 1.49236e+07
cost = 1.49236e+07
cost = 1.49236e+07
cost = 1.49236e+07
cost = 1.49235e+07
cost = 1.49235e+07
cost = 1.49235e+07
cost = 1.49235e+07
cost = 1.49235e+07
cost = 1.49234e+07
cost = 1.49234e+07
cost = 1.49234e+07
cost = 1.49233e+07
cost = 1.49233e+07
cost = 1.49232e+07
cost = 1.49232e+07
cost = 1.49232e+07
cost = 1.49232e+07
cost = 1.49231e+07
cost = 1.49231e+07
cost = 1.4923e+07
cost = 1.4923e+07
cost = 1.4923e+07
cost = 1.49229e+07
cost = 1.49229e+07
cost = 1.49228e+07
cost = 1.49228e+07
cost = 1.49228e+07
cost = 1.49227e+07
cost = 1.49227e+07
cost = 1.49227e+07
cost = 1.49227e+07
cost = 1.49226e+07
cost = 1.49226e+07
cost = 1.49225e+07
cost = 1.49225e+07
cost = 1.49225e+07
cost = 1.49225e+07
cost = 1.49225e+07
cost = 1.49225e+07
cost = 1.49224e+07
cost = 1.49224e+07
cost = 1.49224e+07
cost = 1.49224e+07
cost = 1.49224e+07
cost = 1.49223e+07
cost = 1.49223e+07
cost = 1.49223e+07
cost = 1.49222e+07
cost = 1.49222e+07
cost = 1.49222e+07
cost = 1.49222e+07
cost = 1.49222e+07
cost = 1.49221e+07
cost = 1.49221e+07
cost = 1.49221e+07
cost = 1.49221e+07
cost = 1.4922e+07
cost = 1.4922e+07
cost = 1.4922e+07
cost = 1.49219e+07
cost = 1.49219e+07
cost = 1.49219e+07
cost = 1.49218e+07
cost = 1.49218e+07
cost = 1.49217e+07
cost = 1.49217e+07
cost = 1.4934e+07
cost = 1.49222e+07
cost = 1.49217e+07
cost = 1.49218e+07
cost = 1.49217e+07
cost = 1.49217e+07
cost = 1.49217e+07
cost = 1.49216e+07
cost = 1.49216e+07
cost = 1.49217e+07
cost = 1.49216e+07
cost = 1.49216e+07
cost = 1.49245e+07
cost = 1.49217e+07
cost = 1.49216e+07
cost = 1.4922e+07
cost = 1.49216e+07
cost = 1.49216e+07
cost = 1.49216e+07
cost = 1.49216e+07
cost = 1.49217e+07
cost = 1.49216e+07
cost = 1.49215e+07
cost = 1.49215e+07
cost = 1.49215e+07
cost = 1.49215e+07
cost = 1.49215e+07
cost = 1.49215e+07
cost = 1.49215e+07
cost = 1.49215e+07
cost = 1.49215e+07
cost = 1.49214e+07
cost = 1.49214e+07
cost = 1.49214e+07
cost = 1.49214e+07
cost = 1.49214e+07
cost = 1.49214e+07
cost = 1.49213e+07
cost = 1.49213e+07
cost = 1.49213e+07
cost = 1.49212e+07
cost = 1.49212e+07
cost = 1.49212e+07
cost = 1.49212e+07
cost = 1.49212e+07
cost = 1.49211e+07
cost = 1.49211e+07
cost = 1.49211e+07
cost = 1.49211e+07
cost = 1.49211e+07
cost = 1.4921e+07
cost = 1.49211e+07
cost = 1.4921e+07
cost = 1.4921e+07
cost = 1.4921e+07
cost = 1.4921e+07
cost = 1.49209e+07
cost = 1.49209e+07
cost = 1.49208e+07
cost = 1.49208e+07
cost = 1.49207e+07
cost = 1.49206e+07
cost = 1.49206e+07
cost = 1.49205e+07
cost = 1.49204e+07
cost = 1.49204e+07
cost = 1.49203e+07
cost = 1.49203e+07
cost = 1.49202e+07
cost = 1.49201e+07
cost = 1.492e+07
cost = 1.49199e+07
cost = 1.49199e+07
cost = 1.49198e+07
cost = 1.49197e+07
cost = 1.49197e+07
cost = 1.49196e+07
cost = 1.49196e+07
cost = 1.49195e+07
cost = 1.49195e+07
cost = 1.49195e+07
cost = 1.49195e+07
cost = 1.49403e+07
cost = 1.49194e+07
cost = 3.89225e+07
cost = 1.68232e+07
cost = 1.50483e+07
cost = 1.49256e+07
cost = 1.49195e+07
cost = 1.49194e+07
cost = 1.49195e+07
cost = 1.49194e+07
cost = 1.49249e+07
cost = 1.49202e+07
cost = 1.49195e+07
cost = 1.49194e+07
cost = 1.49194e+07
cost = 1.49194e+07
cost = 1.49193e+07
cost = 1.492e+07
cost = 1.49194e+07
cost = 1.49193e+07
cost = 1.0286e+09
cost = 8.48778e+07
cost = 1.66431e+07
cost = 1.49193e+07
cost = 1.49196e+07
cost = 1.49193e+07
cost = 1.49193e+07
cost = 1.49192e+07
cost = 1.49192e+07
cost = 1.49191e+07
cost = 1.49191e+07
cost = 1.49191e+07
cost = 1.49191e+07
cost = 1.49194e+07
cost = 1.49191e+07
cost = 1.4919e+07
cost = 1.49191e+07
cost = 1.49191e+07
cost = 1.4919e+07
cost = 1.4919e+07
cost = 1.4919e+07
cost = 1.4919e+07
cost = 1.4919e+07
cost = 1.4919e+07
cost = 1.4919e+07
cost = 1.4919e+07
cost = 1.4919e+07
cost = 1.49189e+07
cost = 1.49189e+07
cost = 1.49189e+07
cost = 1.49188e+07
cost = 1.49188e+07
cost = 1.49188e+07
cost = 1.49187e+07
cost = 1.49187e+07
cost = 1.49187e+07
cost = 1.49187e+07
cost = 1.49186e+07
cost = 1.49186e+07
cost = 1.49185e+07
cost = 1.49185e+07
cost = 1.49185e+07
cost = 1.49185e+07
cost = 1.49184e+07
cost = 1.49184e+07
cost = 1.49184e+07
cost = 1.49184e+07
cost = 1.49184e+07
cost = 1.49184e+07
cost = 1.49183e+07
cost = 1.49183e+07
cost = 1.49183e+07
cost = 1.49183e+07
cost = 1.49183e+07
cost = 1.49183e+07
cost = 1.49183e+07
cost = 1.49183e+07
cost = 1.49184e+07
cost = 1.49183e+07
cost = 1.49183e+07
cost = 1.49188e+07
cost = 1.49184e+07
cost = 1.49183e+07
cost = 1.49182e+07
cost = 1.49182e+07
cost = 1.49182e+07
cost = 1.49182e+07
cost = 1.49182e+07
cost = 1.49182e+07
cost = 1.49182e+07
cost = 1.49182e+07
cost = 1.49181e+07
cost = 1.49181e+07
cost = 1.49181e+07
cost = 1.49181e+07
cost = 1.49181e+07
cost = 1.49181e+07
cost = 1.49181e+07
cost = 1.49181e+07
cost = 1.49181e+07
cost = 1.49181e+07
cost = 1.49181e+07
cost = 1.49181e+07
cost = 1.49181e+07
cost = 1.49181e+07
cost = 1.4918e+07
cost = 1.4918e+07
cost = 1.4918e+07
cost = 1.4918e+07
cost = 1.4918e+07
cost = 1.49179e+07
cost = 1.49179e+07
cost = 1.49179e+07
cost = 1.49178e+07
cost = 1.49178e+07
cost = 1.49178e+07
cost = 1.49178e+07
cost = 1.49177e+07
cost = 1.49177e+07
cost = 1.72262e+07
cost = 1.4961e+07
cost = 1.49177e+07
cost = 1.91209e+07
cost = 1.52905e+07
cost = 1.49449e+07
cost = 1.49184e+07
cost = 1.49177e+07
cost = 1.49177e+07
cost = 1.49177e+07
cost = 4.69406e+13
cost = 1.62719e+12
cost = 3.79421e+11
cost = 1.48864e+11
cost = 1.17651e+10
cost = 5.17659e+07
cost = 1.66886e+07
cost = 1.50563e+07
cost = 1.49271e+07
cost = 1.49181e+07
cost = 1.49176e+07
cost = 1.49176e+07
cost = 1.49176e+07
cost = 1.49176e+07
cost = 1.49175e+07
cost = 1.49206e+07
cost = 1.49178e+07
cost = 1.49175e+07
cost = 1.49175e+07
cost = 1.49175e+07
cost = 1.49175e+07
cost = 1.49175e+07
cost = 1.49175e+07
cost = 1.49175e+07
cost = 1.49175e+07
cost = 1.49174e+07
cost = 1.49174e+07
cost = 1.49174e+07
cost = 1.49174e+07
cost = 1.49174e+07
cost = 1.49173e+07
cost = 1.49173e+07
cost = 1.49173e+07
cost = 1.49173e+07
cost = 1.49173e+07
cost = 1.49173e+07
cost = 1.49173e+07
cost = 1.49172e+07
cost = 1.49172e+07
cost = 1.49172e+07
cost = 1.49172e+07
cost = 1.49172e+07
cost = 1.49172e+07
cost = 1.49172e+07
cost = 1.49172e+07
cost = 1.49172e+07
cost = 1.49172e+07
cost = 1.49172e+07
cost = 1.49172e+07
cost = 1.49171e+07
cost = 1.49171e+07
cost = 1.49171e+07
cost = 1.49171e+07
cost = 1.49171e+07
cost = 1.49171e+07
cost = 1.49171e+07
cost = 1.49171e+07
cost = 1.4917e+07
cost = 1.4917e+07
cost = 1.4917e+07
cost = 1.49169e+07
cost = 1.49169e+07
cost = 1.49169e+07
cost = 1.49168e+07
cost = 1.49213e+07
cost = 1.49168e+07
cost = 1.49169e+07
cost = 1.49168e+07
cost = 1.49168e+07
cost = 1.49168e+07
cost = 1.4917e+07
cost = 1.49168e+07
cost = 1.49168e+07
cost = 1.49173e+07
cost = 1.49168e+07
cost = 1.49167e+07
cost = 1.4917e+07
cost = 1.49168e+07
cost = 1.49167e+07
cost = 1.49167e+07
cost = 1.49167e+07
cost = 1.49166e+07
cost = 1.49166e+07
cost = 1.49166e+07
cost = 1.49166e+07
cost = 1.49165e+07
cost = 1.49165e+07
cost = 1.49164e+07
cost = 1.49163e+07
cost = 1.49163e+07
cost = 1.49164e+07
cost = 1.49162e+07
cost = 1.49162e+07
cost = 1.49161e+07
cost = 1.49163e+07
cost = 1.4916e+07
cost = 1.49161e+07
cost = 1.4916e+07
cost = 1.49159e+07
cost = 1.49158e+07
cost = 1.49164e+07
cost = 1.49158e+07
cost = 1.49411e+07
cost = 1.49167e+07
cost = 1.49158e+07
cost = 1.49158e+07
cost = 1.49158e+07
cost = 1.49157e+07
cost = 1.49157e+07
cost = 1.49157e+07
cost = 1.49157e+07
cost = 1.49156e+07
cost = 1.49156e+07
cost = 1.49156e+07
cost = 1.49156e+07
cost = 1.49156e+07
cost = 1.49156e+07
cost = 1.49155e+07
cost = 1.49155e+07
cost = 1.49154e+07
cost = 1.49154e+07
cost = 1.49154e+07
cost = 1.49153e+07
cost = 1.49153e+07
cost = 1.49153e+07
cost = 1.49153e+07
cost = 1.49153e+07
cost = 1.49152e+07
cost = 1.49152e+07
cost = 1.49152e+07
cost = 1.49152e+07
cost = 1.49152e+07
cost = 1.49152e+07
cost = 1.49152e+07
cost = 1.49152e+07
cost = 1.49152e+07
cost = 1.49152e+07
cost = 1.49152e+07
cost = 1.49152e+07
cost = 1.49151e+07
cost = 1.49151e+07
cost = 1.49151e+07
cost = 1.49151e+07
cost = 1.49151e+07
cost = 1.4915e+07
cost = 1.4915e+07
cost = 1.49151e+07
cost = 1.4915e+07
cost = 1.4915e+07
cost = 1.4915e+07
cost = 1.49149e+07
cost = 1.49149e+07
cost = 1.49148e+07
cost = 1.49148e+07
cost = 1.49148e+07
cost = 1.49147e+07
cost = 1.49147e+07
cost = 1.49146e+07
cost = 1.49145e+07
cost = 1.49144e+07
cost = 1.49144e+07
cost = 1.49144e+07
cost = 1.49143e+07
cost = 1.49143e+07
cost = 1.49143e+07
cost = 1.49142e+07
cost = 1.49141e+07
cost = 1.4914e+07
cost = 1.49139e+07
cost = 1.49138e+07
cost = 1.4914e+07
cost = 1.49138e+07
cost = 1.49357e+07
cost = 1.49156e+07
cost = 1.4914e+07
cost = 1.49138e+07
cost = 1.49138e+07
cost = 1.49138e+07
cost = 1.49137e+07
cost = 1.49137e+07
cost = 1.49137e+07
cost = 1.49137e+07
cost = 1.49137e+07
cost = 1.4914e+07
cost = 1.49138e+07
cost = 1.49137e+07
cost = 1.49137e+07
cost = 1.49137e+07
cost = 1.49137e+07
cost = 1.49137e+07
cost = 1.49137e+07
cost = 1.49137e+07
cost = 1.49137e+07
cost = 1.49137e+07
cost = 1.49137e+07
cost = 1.49136e+07
cost = 1.49137e+07
cost = 1.49136e+07
cost = 1.49136e+07
cost = 1.49136e+07
cost = 1.49136e+07
cost = 1.49136e+07
cost = 1.49135e+07
cost = 1.49135e+07
cost = 1.49135e+07
cost = 1.49135e+07
cost = 1.49135e+07
cost = 1.49135e+07
cost = 1.49135e+07
cost = 1.49135e+07
cost = 1.49134e+07
cost = 1.49134e+07
cost = 1.49134e+07
cost = 1.49133e+07
cost = 1.49133e+07
cost = 1.49133e+07
cost = 1.49132e+07
cost = 1.49132e+07
cost = 1.49132e+07
cost = 1.49131e+07
cost = 1.49131e+07
cost = 1.49131e+07
cost = 1.4913e+07
cost = 1.49131e+07
cost = 1.4913e+07
cost = 1.4913e+07
cost = 1.4913e+07
cost = 1.49129e+07
cost = 1.49129e+07
cost = 1.49129e+07
cost = 1.49129e+07
cost = 1.49129e+07
cost = 1.49128e+07
cost = 1.49128e+07
cost = 1.49128e+07
cost = 1.49128e+07
cost = 1.49127e+07
cost = 1.49127e+07
cost = 1.49127e+07
cost = 1.49127e+07
cost = 1.49127e+07
cost = 1.49127e+07
cost = 1.49127e+07
cost = 1.49127e+07
cost = 1.49127e+07
cost = 1.49127e+07
cost = 1.49127e+07
cost = 1.49127e+07
cost = 1.49126e+07
cost = 1.49126e+07
cost = 1.49126e+07
cost = 1.49126e+07
cost = 1.49145e+07
cost = 1.49127e+07
cost = 1.49126e+07
cost = 1.49128e+07
cost = 1.49126e+07
cost = 1.49125e+07
cost = 1.49125e+07
cost = 1.49125e+07
cost = 1.49125e+07
cost = 1.49125e+07
cost = 1.49124e+07
cost = 1.49124e+07
cost = 1.49124e+07
cost = 1.49124e+07
cost = 1.49124e+07
cost = 1.49124e+07
cost = 1.49124e+07
cost = 1.49124e+07
cost = 1.49124e+07
cost = 1.49124e+07
cost = 1.49124e+07
cost = 1.49124e+07
cost = 1.49124e+07
cost = 1.49124e+07
cost = 1.49124e+07
cost = 1.49124e+07
cost = 1.49124e+07
cost = 1.49124e+07
cost = 1.49128e+07
cost = 1.49124e+07
cost = 1.49124e+07
cost = 1.49124e+07
cost = 1.49123e+07
cost = 1.49123e+07
cost = 1.49123e+07
cost = 1.49123e+07
cost = 1.49123e+07
cost = 1.49123e+07
cost = 1.49123e+07
cost = 1.49123e+07
cost = 1.49123e+07
cost = 1.49123e+07
cost = 1.49123e+07
cost = 1.49123e+07
cost = 1.49123e+07
cost = 1.49123e+07
cost = 1.49123e+07
cost = 1.49123e+07
cost = 1.49123e+07
cost = 1.49122e+07
cost = 1.49125e+07
cost = 1.49122e+07
cost = 1.49122e+07
cost = 1.49122e+07
cost = 1.49122e+07
cost = 1.49122e+07
cost = 1.49122e+07
cost = 1.49122e+07
cost = 1.49121e+07
cost = 1.49121e+07
cost = 1.49121e+07
cost = 1.49121e+07
cost = 1.49121e+07
cost = 1.49121e+07
cost = 1.49121e+07
cost = 1.49121e+07
cost = 1.49121e+07
cost = 1.49121e+07
cost = 1.49121e+07
cost = 1.49121e+07
cost = 1.49121e+07
cost = 1.49121e+07
cost = 1.4912e+07
cost = 1.4912e+07
cost = 1.4912e+07
cost = 1.4912e+07
cost = 1.49119e+07
cost = 1.49119e+07
cost = 1.49119e+07
cost = 1.49118e+07
cost = 1.49118e+07
cost = 1.49118e+07
cost = 1.49118e+07
cost = 1.49118e+07
cost = 1.49118e+07
cost = 1.49118e+07
cost = 1.49117e+07
cost = 1.49117e+07
cost = 1.49117e+07
cost = 1.49117e+07
cost = 1.49117e+07
cost = 1.49116e+07
cost = 1.49116e+07
cost = 1.49116e+07
cost = 1.49116e+07
cost = 1.49116e+07
cost = 1.49116e+07
cost = 1.49116e+07
cost = 1.49116e+07
cost = 1.49116e+07
cost = 1.49116e+07
cost = 1.49116e+07
cost = 1.49115e+07
cost = 1.49115e+07
cost = 1.49115e+07
cost = 1.49115e+07
cost = 1.49115e+07
cost = 1.49114e+07
cost = 1.49114e+07
cost = 1.49114e+07
cost = 1.49114e+07
cost = 1.49114e+07
cost = 1.49123e+07
cost = 1.49116e+07
cost = 1.49114e+07
cost = 1.49114e+07
cost = 1.49114e+07
cost = 1.49113e+07
cost = 1.49113e+07
cost = 1.49113e+07
cost = 1.49113e+07
cost = 1.49113e+07
cost = 1.49113e+07
cost = 1.49113e+07
cost = 1.49112e+07
cost = 1.49112e+07
cost = 1.49112e+07
cost = 1.49111e+07
cost = 1.49111e+07
cost = 1.4911e+07
cost = 1.4911e+07
cost = 1.4911e+07
cost = 1.49109e+07
cost = 1.49109e+07
cost = 1.49109e+07
cost = 1.49109e+07
cost = 1.49109e+07
cost = 1.49109e+07
cost = 1.49109e+07
cost = 1.49108e+07
cost = 1.49108e+07
cost = 1.49108e+07
cost = 1.49108e+07
cost = 1.49108e+07
cost = 1.49108e+07
cost = 1.49108e+07
cost = 1.49107e+07
cost = 1.49107e+07
cost = 1.49107e+07
cost = 1.49107e+07
cost = 1.49107e+07
cost = 1.49107e+07
cost = 1.49106e+07
cost = 1.49106e+07
cost = 1.49105e+07
cost = 1.49105e+07
cost = 1.49104e+07
cost = 1.49104e+07
cost = 1.49103e+07
cost = 1.49103e+07
cost = 1.49102e+07
cost = 1.49101e+07
cost = 1.491e+07
cost = 1.49099e+07
cost = 1.49098e+07
cost = 1.49097e+07
cost = 1.49096e+07
cost = 1.49095e+07
cost = 1.49095e+07
cost = 1.49094e+07
cost = 1.49093e+07
cost = 1.49093e+07
cost = 1.49093e+07
cost = 1.49092e+07
cost = 1.49092e+07
cost = 1.49091e+07
cost = 1.4909e+07
cost = 1.4909e+07
cost = 1.4909e+07
cost = 1.4909e+07
cost = 1.4909e+07
cost = 1.4909e+07
cost = 1.4909e+07
cost = 1.4909e+07
cost = 1.4909e+07
cost = 1.4909e+07
cost = 1.49089e+07
cost = 1.49089e+07
cost = 1.49089e+07
cost = 1.49089e+07
cost = 1.49089e+07
cost = 1.49088e+07
cost = 1.49088e+07
cost = 1.49088e+07
cost = 1.49088e+07
cost = 1.49088e+07
cost = 1.49088e+07
cost = 1.49087e+07
cost = 1.49087e+07
cost = 1.49087e+07
cost = 1.49086e+07
cost = 1.49086e+07
cost = 1.49086e+07
cost = 1.49086e+07
cost = 1.49086e+07
cost = 1.49085e+07
cost = 1.49085e+07
cost = 1.49085e+07
cost = 1.49085e+07
cost = 1.49085e+07
cost = 1.49085e+07
cost = 1.49085e+07
cost = 1.49084e+07
cost = 1.49084e+07
cost = 1.49084e+07
cost = 1.49084e+07
cost = 1.49084e+07
cost = 1.49084e+07
cost = 1.49083e+07
cost = 1.49083e+07
cost = 1.49083e+07
cost = 1.49083e+07
cost = 1.49083e+07
cost = 1.49083e+07
cost = 1.49083e+07
cost = 1.49082e+07
cost = 1.49082e+07
cost = 1.49082e+07
cost = 1.49082e+07
cost = 1.49082e+07
cost = 1.49082e+07
cost = 1.49082e+07
cost = 1.49082e+07
cost = 1.49082e+07
cost = 1.49082e+07
cost = 1.49082e+07
cost = 1.49082e+07
cost = 1.49081e+07
cost = 1.49081e+07
cost = 1.49081e+07
cost = 1.49081e+07
cost = 1.49081e+07
cost = 1.49081e+07
cost = 1.49081e+07
cost = 1.49081e+07
cost = 1.49081e+07
cost = 1.49081e+07
cost = 1.49081e+07
cost = 1.49081e+07
cost = 1.4908e+07
cost = 1.4908e+07
cost = 1.4908e+07
cost = 1.4908e+07
cost = 1.4908e+07
cost = 1.4908e+07
cost = 1.4908e+07
cost = 1.4908e+07
cost = 1.4908e+07
cost = 1.49079e+07
cost = 1.49079e+07
cost = 1.49079e+07
cost = 1.49246e+07
cost = 1.49094e+07
cost = 1.49079e+07
cost = 1.49078e+07
cost = 1.4908e+07
cost = 1.49078e+07
cost = 1.49078e+07
cost = 1.52417e+07
cost = 1.4909e+07
cost = 1.49078e+07
cost = 1.49077e+07
cost = 1.49076e+07
cost = 1.49074e+07
cost = 1.49073e+07
cost = 1.49072e+07
cost = 1.49073e+07
cost = 1.4907e+07
cost = 1.94343e+07
cost = 1.493e+07
cost = 1.4907e+07
cost = 5.02644e+07
cost = 1.72607e+07
cost = 1.49956e+07
cost = 1.49073e+07
cost = 1.49069e+07
cost = 1.49069e+07
cost = 1.49069e+07
cost = 1.01168e+10
cost = 6.89974e+08
cost = 1.59841e+07
cost = 1.49077e+07
cost = 1.49068e+07
cost = 1.49069e+07
cost = 1.49067e+07
cost = 1.49074e+07
cost = 1.49068e+07
cost = 1.49067e+07
cost = 1.49066e+07
cost = 1.49064e+07
cost = 1.49067e+07
cost = 1.49063e+07
cost = 1.49068e+07
cost = 1.49064e+07
cost = 1.49063e+07
cost = 1.49063e+07
cost = 1.49062e+07
cost = 1.49068e+07
cost = 1.49062e+07
cost = 1.50548e+07
cost = 1.49094e+07
cost = 1.49061e+07
cost = 1.491e+07
cost = 1.49063e+07
cost = 1.49061e+07
cost = 5.98615e+11
cost = 1.31312e+11
cost = 4.18427e+10
cost = 7.33843e+09
cost = 1.60015e+08
cost = 1.61426e+07
cost = 1.49125e+07
cost = 1.49061e+07
cost = 1.4906e+07
cost = 1.49059e+07
cost = 1.49058e+07
cost = 1.49058e+07
cost = 1.49058e+07
cost = 1.49057e+07
cost = 1.49057e+07
cost = 1.49056e+07
cost = 1.49056e+07
cost = 1.49056e+07
cost = 1.49055e+07
cost = 1.49055e+07
cost = 1.49055e+07
cost = 1.49055e+07
cost = 1.49055e+07
cost = 1.49055e+07
cost = 1.49054e+07
cost = 1.49054e+07
cost = 1.49054e+07
cost = 1.49055e+07
cost = 1.49054e+07
cost = 1.49054e+07
cost = 1.49054e+07
cost = 1.49054e+07
cost = 1.49054e+07
cost = 1.49054e+07
cost = 1.49054e+07
cost = 1.49054e+07
cost = 1.49054e+07
cost = 1.49054e+07
cost = 1.49054e+07
cost = 1.49054e+07
cost = 1.49054e+07
cost = 1.49054e+07
cost = 1.49054e+07
cost = 1.49054e+07
cost = 1.49054e+07
cost = 1.49054e+07
cost = 1.49054e+07
cost = 1.49054e+07
cost = 1.49054e+07
cost = 1.49054e+07
cost = 1.49054e+07
cost = 1.49053e+07
cost = 1.49053e+07
cost = 1.49053e+07
cost = 1.49053e+07
cost = 1.49053e+07
cost = 1.49053e+07
cost = 1.49053e+07
cost = 1.49053e+07
cost = 1.49053e+07
cost = 1.49053e+07
cost = 1.49053e+07
cost = 1.49053e+07
cost = 1.49053e+07
cost = 1.49053e+07
cost = 1.49053e+07
cost = 1.49053e+07
cost = 1.49053e+07
cost = 1.49053e+07
cost = 1.49053e+07
cost = 1.49053e+07
cost = 1.49053e+07
cost = 1.49053e+07
cost = 1.49053e+07
cost = 1.49052e+07
cost = 1.49052e+07
cost = 1.49052e+07
cost = 1.49052e+07
cost = 1.49052e+07
cost = 1.49052e+07
cost = 1.49052e+07
cost = 1.49052e+07
cost = 1.49052e+07
cost = 1.49052e+07
cost = 1.49052e+07
cost = 1.49052e+07
cost = 1.49052e+07
cost = 1.49052e+07
cost = 1.49052e+07
cost = 1.49052e+07
cost = 1.49052e+07
cost = 1.49052e+07
cost = 1.49052e+07
cost = 1.49052e+07
cost = 1.49052e+07
cost = 1.49052e+07
cost = 1.49052e+07
cost = 1.49051e+07
cost = 1.49051e+07
cost = 1.49051e+07
cost = 1.49051e+07
cost = 1.49051e+07
cost = 1.49051e+07
cost = 1.49051e+07
cost = 1.49051e+07
cost = 1.4905e+07
cost = 1.4905e+07
cost = 1.4905e+07
cost = 1.4905e+07
cost = 1.4905e+07
cost = 1.4905e+07
cost = 1.49049e+07
cost = 1.49049e+07
cost = 1.49049e+07
cost = 1.49049e+07
cost = 1.49049e+07
cost = 1.49049e+07
cost = 1.49049e+07
cost = 1.49048e+07
cost = 1.49048e+07
cost = 1.49048e+07
cost = 1.49048e+07
cost = 1.49048e+07
cost = 1.49048e+07
cost = 1.49047e+07
cost = 1.49048e+07
cost = 1.49047e+07
cost = 1.49047e+07
cost = 1.49047e+07
cost = 1.49047e+07
cost = 1.49046e+07
cost = 1.49046e+07
cost = 1.49046e+07
cost = 1.49046e+07
cost = 1.49046e+07
cost = 1.49046e+07
cost = 1.49046e+07
cost = 1.49046e+07
cost = 1.49045e+07
cost = 1.49045e+07
cost = 1.49045e+07
cost = 1.49045e+07
cost = 1.49045e+07
cost = 1.49045e+07
cost = 1.49045e+07
cost = 1.49045e+07
cost = 1.49045e+07
cost = 1.49045e+07
cost = 1.49045e+07
cost = 1.49047e+07
cost = 1.49045e+07
cost = 1.49052e+07
cost = 1.49046e+07
cost = 1.49045e+07
cost = 1.49045e+07
cost = 1.49045e+07
cost = 1.49044e+07
cost = 1.49044e+07
cost = 1.49044e+07
cost = 1.49044e+07
cost = 1.49044e+07
cost = 1.49044e+07
cost = 1.49044e+07
cost = 1.49044e+07
cost = 1.49043e+07
cost = 1.49043e+07
cost = 1.49043e+07
cost = 1.49043e+07
cost = 1.49043e+07
cost = 1.49043e+07
cost = 1.49043e+07
cost = 1.49043e+07
cost = 1.49043e+07
cost = 1.49043e+07
cost = 1.49043e+07
cost = 1.49043e+07
cost = 1.49043e+07
cost = 1.49043e+07
cost = 1.49043e+07
cost = 1.49043e+07
cost = 1.49042e+07
cost = 1.49042e+07
cost = 1.49042e+07
cost = 1.49042e+07
cost = 1.49042e+07
cost = 1.49042e+07
cost = 1.49042e+07
cost = 1.49042e+07
cost = 1.49042e+07
cost = 1.49042e+07
cost = 1.49042e+07
cost = 1.49042e+07
cost = 1.49042e+07
cost = 1.49042e+07
cost = 1.49042e+07
cost = 1.49042e+07
cost = 1.49042e+07
cost = 1.49042e+07
cost = 1.49042e+07
cost = 1.49042e+07
cost = 1.49041e+07
cost = 1.49041e+07
cost = 1.49041e+07
cost = 1.49041e+07
cost = 1.49041e+07
cost = 1.49041e+07
cost = 1.49041e+07
cost = 1.49041e+07
cost = 1.49041e+07
cost = 1.49041e+07
cost = 1.49041e+07
cost = 1.49041e+07
cost = 1.49041e+07
cost = 1.4904e+07
cost = 1.4904e+07
cost = 1.4904e+07
cost = 1.4904e+07
cost = 1.4904e+07
cost = 1.4904e+07
cost = 1.49042e+07
cost = 1.4904e+07
cost = 1.49046e+07
cost = 1.4904e+07
cost = 1.4904e+07
cost = 1.49039e+07
cost = 1.49039e+07
cost = 1.49039e+07
cost = 1.49039e+07
cost = 1.49039e+07
cost = 1.49039e+07
cost = 1.49039e+07
cost = 1.49038e+07
cost = 1.49038e+07
cost = 1.49038e+07
cost = 1.49038e+07
cost = 1.49038e+07
cost = 1.49038e+07
cost = 1.49038e+07
cost = 1.49037e+07
cost = 1.49037e+07
cost = 1.49037e+07
cost = 1.49037e+07
cost = 1.49037e+07
cost = 1.49037e+07
cost = 1.49037e+07
cost = 1.49037e+07
cost = 1.49037e+07
cost = 1.49036e+07
cost = 1.49036e+07
cost = 1.49036e+07
cost = 1.49036e+07
cost = 1.49036e+07
cost = 1.49036e+07
cost = 1.49036e+07
cost = 1.49036e+07
cost = 1.49036e+07
cost = 1.49036e+07
cost = 1.49035e+07
cost = 1.49035e+07
cost = 1.49035e+07
cost = 1.49035e+07
cost = 1.49035e+07
cost = 1.49035e+07
cost = 1.49035e+07
cost = 1.49035e+07
cost = 1.49035e+07
cost = 1.49035e+07
cost = 1.49035e+07
cost = 1.49035e+07
cost = 1.49035e+07
cost = 1.49035e+07
cost = 1.49035e+07
cost = 1.49035e+07
cost = 1.49035e+07
cost = 1.49035e+07
cost = 1.49035e+07
cost = 1.49035e+07
cost = 1.49035e+07
cost = 1.49035e+07
cost = 1.49035e+07
cost = 1.49034e+07
cost = 1.49034e+07
cost = 1.49034e+07
cost = 1.49034e+07
cost = 1.49034e+07
cost = 1.49034e+07
cost = 1.49034e+07
cost = 1.49034e+07
cost = 1.49034e+07
cost = 1.49034e+07
cost = 1.49034e+07
cost = 1.49034e+07
cost = 1.49034e+07
cost = 1.49034e+07
cost = 1.49034e+07
cost = 1.49034e+07
cost = 1.49034e+07
cost = 1.49034e+07
cost = 1.49034e+07
cost = 1.49033e+07
cost = 1.49033e+07
cost = 1.49033e+07
cost = 1.49033e+07
cost = 1.49033e+07
cost = 1.49033e+07
cost = 1.49033e+07
cost = 1.49033e+07
cost = 1.49033e+07
cost = 1.49033e+07
cost = 1.49033e+07
cost = 1.49033e+07
cost = 1.49032e+07
cost = 1.49032e+07
cost = 1.49032e+07
cost = 1.49032e+07
cost = 1.49032e+07
cost = 1.49032e+07
cost = 1.49032e+07
cost = 1.49032e+07
cost = 1.49032e+07
cost = 1.49032e+07
cost = 1.49032e+07
cost = 1.49032e+07
cost = 1.49032e+07
cost = 1.49032e+07
cost = 1.49032e+07
cost = 1.49032e+07
cost = 1.49032e+07
cost = 1.49032e+07
cost = 1.49032e+07
cost = 1.49032e+07
cost = 1.49032e+07
cost = 1.49032e+07
cost = 1.49031e+07
cost = 1.49031e+07
cost = 1.49031e+07
cost = 1.49031e+07
cost = 1.49031e+07
cost = 1.49031e+07
cost = 1.49031e+07
cost = 1.4903e+07
cost = 1.4903e+07
cost = 1.4903e+07
cost = 1.4903e+07
cost = 1.4903e+07
cost = 1.4903e+07
cost = 1.49029e+07
cost = 1.49029e+07
cost = 1.49029e+07
cost = 1.49029e+07
cost = 1.49029e+07
cost = 1.49029e+07
cost = 1.49029e+07
cost = 1.49028e+07
cost = 1.49028e+07
cost = 1.49028e+07
cost = 1.49028e+07
cost = 1.49028e+07
cost = 1.49028e+07
cost = 1.49028e+07
cost = 1.49028e+07
cost = 1.49027e+07
cost = 1.49027e+07
cost = 1.49027e+07
cost = 1.49027e+07
cost = 1.49027e+07
cost = 1.49027e+07
cost = 1.49027e+07
cost = 1.49027e+07
cost = 1.49027e+07
cost = 1.49027e+07
cost = 1.49027e+07
cost = 1.49026e+07
cost = 1.49026e+07
cost = 1.49026e+07
cost = 1.49026e+07
cost = 1.49026e+07
cost = 1.49026e+07
cost = 1.49026e+07
cost = 1.49026e+07
cost = 1.49026e+07
cost = 1.49026e+07
cost = 1.49026e+07
cost = 1.49131e+07
cost = 1.49029e+07
cost = 1.49026e+07
cost = 1.49947e+07
cost = 1.49115e+07
cost = 1.49035e+07
cost = 1.49027e+07
cost = 1.49026e+07
cost = 1.49026e+07
cost = 1.49026e+07
cost = 1.49026e+07
cost = 1.49026e+07
cost = 1.49026e+07
cost = 1.49026e+07
cost = 1.49026e+07
cost = 1.49026e+07
cost = 1.49026e+07
cost = 1.49026e+07
cost = 1.49026e+07
cost = 1.49026e+07
cost = 1.49026e+07
cost = 1.49025e+07
cost = 1.49025e+07
cost = 1.49025e+07
cost = 1.49025e+07
cost = 1.49025e+07
cost = 1.49025e+07
cost = 1.49025e+07
cost = 1.49025e+07
cost = 1.49025e+07
cost = 1.49025e+07
cost = 1.49025e+07
cost = 1.49025e+07
cost = 1.49025e+07
cost = 1.49025e+07
cost = 1.49025e+07
cost = 1.49025e+07
cost = 1.49025e+07
cost = 1.49025e+07
cost = 1.49025e+07
cost = 1.49025e+07
cost = 1.49025e+07
cost = 1.49025e+07
cost = 1.49025e+07
cost = 1.49025e+07
cost = 1.49025e+07
cost = 1.49025e+07
cost = 1.49025e+07
cost = 1.49025e+07
cost = 1.49025e+07
cost = 1.49025e+07
cost = 1.49025e+07
cost = 1.49025e+07
cost = 1.49024e+07
cost = 1.49024e+07
cost = 1.49024e+07
cost = 1.49024e+07
cost = 1.49024e+07
cost = 1.49024e+07
cost = 1.49024e+07
cost = 1.49024e+07
cost = 1.49024e+07
cost = 1.49024e+07
cost = 1.49024e+07
cost = 1.49024e+07
cost = 1.49024e+07
cost = 1.49024e+07
cost = 1.49024e+07
cost = 1.49024e+07
cost = 1.49024e+07
cost = 1.49024e+07
cost = 1.49024e+07
cost = 1.49024e+07
cost = 1.49024e+07
cost = 1.49023e+07
cost = 1.49023e+07
cost = 1.49023e+07
cost = 1.49023e+07
cost = 1.49023e+07
cost = 1.49023e+07
cost = 1.49023e+07
cost = 1.49023e+07
cost = 1.49023e+07
cost = 1.49023e+07
cost = 1.49023e+07
cost = 1.49023e+07
cost = 1.49022e+07
cost = 1.49023e+07
cost = 1.49022e+07
cost = 1.49022e+07
cost = 1.49022e+07
cost = 1.49022e+07
cost = 1.49022e+07
cost = 1.49021e+07
cost = 1.49022e+07
cost = 1.49021e+07
cost = 1.49021e+07
cost = 1.49021e+07
cost = 1.4902e+07
cost = 1.49163e+07
cost = 1.4902e+07
cost = 1.67529e+07
cost = 1.4957e+07
cost = 1.4902e+07
cost = 1.4902e+07
cost = 1.58305e+08
cost = 2.67822e+07
cost = 1.56917e+07
cost = 1.49462e+07
cost = 1.49033e+07
cost = 1.4902e+07
cost = 1.49021e+07
cost = 1.4902e+07
cost = 1.4902e+07
cost = 1.4902e+07
cost = 1.49019e+07
cost = 1.49019e+07
cost = 1.49019e+07
cost = 1.49019e+07
cost = 1.49018e+07
cost = 1.49018e+07
cost = 1.49017e+07
cost = 1.49028e+07
cost = 1.49016e+07
cost = 1.49016e+07
cost = 1.49015e+07
cost = 1.49014e+07
cost = 1.49013e+07
cost = 1.49013e+07
cost = 1.49012e+07
cost = 1.49012e+07
cost = 1.49011e+07
cost = 1.49011e+07
cost = 1.49011e+07
cost = 1.49011e+07
cost = 1.4901e+07
cost = 1.49012e+07
cost = 1.4901e+07
cost = 1.4901e+07
cost = 1.4901e+07
cost = 1.4901e+07
cost = 1.49009e+07
cost = 1.49009e+07
cost = 1.49009e+07
cost = 1.49009e+07
cost = 1.49008e+07
cost = 1.49008e+07
cost = 1.49008e+07
cost = 1.49008e+07
cost = 1.49008e+07
cost = 1.49008e+07
cost = 1.49007e+07
cost = 1.49007e+07
cost = 1.49007e+07
cost = 1.49007e+07
cost = 1.49007e+07
cost = 1.49007e+07
cost = 1.49007e+07
cost = 1.49007e+07
cost = 1.49006e+07
cost = 1.49006e+07
cost = 1.49006e+07
cost = 1.49006e+07
cost = 1.49006e+07
cost = 1.49006e+07
cost = 1.49006e+07
cost = 1.49006e+07
cost = 1.49006e+07
cost = 1.49006e+07
cost = 1.49006e+07
cost = 1.49006e+07
cost = 1.49006e+07
cost = 1.49006e+07
cost = 1.49006e+07
cost = 1.49006e+07
cost = 1.49006e+07
cost = 1.49006e+07
cost = 1.49006e+07
cost = 1.49006e+07
cost = 1.49005e+07
cost = 1.49005e+07
cost = 1.49005e+07
cost = 1.49005e+07
cost = 1.49005e+07
cost = 1.49005e+07
cost = 1.49005e+07
cost = 1.49005e+07
cost = 1.49005e+07
cost = 1.49005e+07
cost = 1.49005e+07
cost = 1.49005e+07
cost = 1.49005e+07
cost = 1.49005e+07
cost = 1.49005e+07
cost = 1.49005e+07
cost = 1.49005e+07
cost = 1.49005e+07
cost = 1.49005e+07
cost = 1.49005e+07
cost = 1.49005e+07
cost = 1.49005e+07
cost = 1.49005e+07
cost = 1.49005e+07
cost = 1.49005e+07
cost = 1.49005e+07
cost = 1.49005e+07
cost = 1.49005e+07
cost = 1.49005e+07
cost = 1.49005e+07
cost = 1.49005e+07
cost = 1.49005e+07
cost = 1.49005e+07
cost = 1.49005e+07
cost = 1.49005e+07
cost = 1.49005e+07
cost = 1.49004e+07
cost = 1.49004e+07
cost = 1.49004e+07
cost = 1.49004e+07
cost = 1.49004e+07
cost = 1.49004e+07
cost = 1.49004e+07
cost = 1.49004e+07
cost = 1.49004e+07
cost = 1.49004e+07
cost = 1.49003e+07
cost = 1.49004e+07
cost = 1.49003e+07
cost = 1.49005e+07
cost = 1.49003e+07
cost = 1.49003e+07
cost = 1.49003e+07
cost = 1.49003e+07
cost = 1.49003e+07
cost = 1.49003e+07
cost = 1.49003e+07
cost = 1.49003e+07
cost = 1.49002e+07
cost = 1.49002e+07
cost = 1.49002e+07
cost = 1.49002e+07
cost = 1.49002e+07
cost = 1.49002e+07
cost = 1.49001e+07
cost = 1.49001e+07
cost = 1.49001e+07
cost = 1.49001e+07
cost = 1.49001e+07
cost = 1.49001e+07
cost = 1.49001e+07
cost = 1.49001e+07
cost = 1.49e+07
cost = 1.49e+07
cost = 1.49e+07
cost = 1.49e+07
cost = 1.49e+07
cost = 1.49e+07
cost = 1.49e+07
cost = 1.49e+07
cost = 1.49e+07
cost = 1.49e+07
cost = 1.49e+07
cost = 1.49e+07
cost = 1.48999e+07
cost = 1.48999e+07
cost = 1.48999e+07
cost = 1.48999e+07
cost = 1.48999e+07
cost = 1.48999e+07
cost = 1.48999e+07
cost = 1.48999e+07
cost = 1.48999e+07
cost = 1.48999e+07
cost = 1.48999e+07
cost = 1.48998e+07
cost = 1.48998e+07
cost = 1.48999e+07
cost = 1.48998e+07
cost = 1.48998e+07
cost = 1.48998e+07
cost = 1.48998e+07
cost = 1.48998e+07
cost = 1.48998e+07
cost = 1.48998e+07
cost = 1.48998e+07
cost = 1.48998e+07
cost = 1.48998e+07
cost = 1.48998e+07
cost = 1.48998e+07
cost = 1.48998e+07
cost = 1.48997e+07
cost = 1.48997e+07
cost = 1.48997e+07
cost = 1.48997e+07
cost = 1.49004e+07
cost = 1.48997e+07
cost = 1.48997e+07
cost = 1.48998e+07
cost = 1.48998e+07
cost = 1.48997e+07
cost = 1.48997e+07
cost = 1.48997e+07
cost = 1.48997e+07
cost = 1.48997e+07
cost = 1.48997e+07
cost = 1.48997e+07
cost = 1.48997e+07
cost = 1.49009e+07
cost = 1.48999e+07
cost = 1.48997e+07
cost = 1.48997e+07
cost = 1.48997e+07
cost = 1.48997e+07
cost = 1.48997e+07
cost = 1.48997e+07
cost = 1.48997e+07
cost = 1.48996e+07
cost = 1.48996e+07
cost = 1.48996e+07
cost = 1.48996e+07
cost = 1.48996e+07
cost = 1.48996e+07
cost = 1.48996e+07
cost = 1.48996e+07
cost = 1.48996e+07
cost = 1.48996e+07
cost = 1.48996e+07
cost = 1.48996e+07
cost = 1.48996e+07
cost = 1.48996e+07
cost = 1.48996e+07
cost = 1.48996e+07
cost = 1.48996e+07
cost = 1.48996e+07
cost = 1.48996e+07
cost = 1.48996e+07
cost = 1.48996e+07
cost = 1.48996e+07
cost = 1.48996e+07
cost = 1.48996e+07
cost = 1.48996e+07
cost = 1.48995e+07
cost = 1.48995e+07
cost = 1.48995e+07
cost = 1.48995e+07
cost = 1.48995e+07
cost = 1.48995e+07
cost = 1.48995e+07
cost = 1.48995e+07
cost = 1.48995e+07
cost = 1.48995e+07
cost = 1.48995e+07
cost = 1.48994e+07
cost = 1.48996e+07
cost = 1.48995e+07
cost = 1.48994e+07
cost = 1.48994e+07
cost = 1.48994e+07
cost = 1.48994e+07
cost = 1.48993e+07
cost = 1.48993e+07
cost = 1.48993e+07
cost = 1.48993e+07
cost = 1.48993e+07
cost = 1.48993e+07
cost = 1.48993e+07
cost = 1.48993e+07
cost = 1.48993e+07
cost = 1.48992e+07
cost = 1.48992e+07
cost = 1.48992e+07
cost = 1.48992e+07
cost = 1.48992e+07
cost = 1.48992e+07
cost = 1.48992e+07
cost = 1.48992e+07
cost = 1.48992e+07
cost = 1.48991e+07
cost = 1.48991e+07
cost = 1.48991e+07
cost = 1.48991e+07
cost = 1.48991e+07
cost = 1.48991e+07
cost = 1.48991e+07
cost = 1.48991e+07
cost = 1.4899e+07
cost = 1.4899e+07
cost = 1.4899e+07
cost = 1.4899e+07
cost = 1.4899e+07
cost = 1.4899e+07
cost = 1.4899e+07
cost = 1.4899e+07
cost = 1.48989e+07
cost = 1.48989e+07
cost = 1.48989e+07
cost = 1.48989e+07
cost = 1.48988e+07
cost = 1.48988e+07
cost = 1.48988e+07
cost = 1.48988e+07
cost = 1.48988e+07
cost = 1.48988e+07
cost = 1.48988e+07
cost = 1.48988e+07
cost = 1.48988e+07
cost = 1.48988e+07
cost = 1.48987e+07
cost = 1.48987e+07
cost = 1.48987e+07
cost = 1.48987e+07
cost = 1.48987e+07
cost = 1.48987e+07
cost = 1.48999e+07
cost = 1.48989e+07
cost = 1.48987e+07
cost = 1.48987e+07
cost = 1.48987e+07
cost = 1.48987e+07
cost = 1.48987e+07
cost = 1.48986e+07
cost = 1.48986e+07
cost = 1.48986e+07
cost = 1.48985e+07
cost = 1.48985e+07
cost = 1.48985e+07
cost = 1.48985e+07
cost = 1.48985e+07
cost = 1.48985e+07
cost = 1.48985e+07
cost = 1.48985e+07
cost = 1.48984e+07
cost = 1.48984e+07
cost = 1.48984e+07
cost = 1.48984e+07
cost = 1.48984e+07
cost = 1.48984e+07
cost = 1.48984e+07
cost = 1.48984e+07
cost = 1.48984e+07
cost = 1.48984e+07
cost = 1.48984e+07
cost = 1.48984e+07
cost = 1.48984e+07
cost = 1.48984e+07
cost = 1.48984e+07
cost = 1.48984e+07
cost = 1.48983e+07
cost = 1.48983e+07
cost = 1.48983e+07
cost = 1.48983e+07
cost = 1.48983e+07
cost = 1.48983e+07
cost = 1.48983e+07
cost = 1.48983e+07
cost = 1.48983e+07
cost = 1.48983e+07
cost = 1.48983e+07
cost = 1.48983e+07
cost = 1.48983e+07
cost = 1.48983e+07
cost = 1.48983e+07
cost = 1.48983e+07
cost = 1.48982e+07
cost = 1.48982e+07
cost = 1.48982e+07
cost = 1.48982e+07
cost = 1.48982e+07
cost = 1.48982e+07
cost = 1.48982e+07
cost = 1.48982e+07
cost = 1.48982e+07
cost = 1.48982e+07
cost = 1.48982e+07
cost = 1.48982e+07
cost = 1.48981e+07
cost = 1.48981e+07
cost = 1.48981e+07
cost = 1.48981e+07
cost = 1.48981e+07
cost = 1.48981e+07
cost = 1.48981e+07
cost = 1.48981e+07
cost = 1.4898e+07
cost = 1.4898e+07
cost = 1.4898e+07
cost = 1.4898e+07
cost = 1.4898e+07
cost = 1.4898e+07
cost = 1.4898e+07
cost = 1.4898e+07
cost = 1.4898e+07
cost = 1.4898e+07
cost = 1.4898e+07
cost = 1.4898e+07
cost = 1.48979e+07
cost = 1.48979e+07
cost = 1.48979e+07
cost = 1.48979e+07
cost = 1.48979e+07
cost = 1.48979e+07
cost = 1.48979e+07
cost = 1.48979e+07
cost = 1.48979e+07
cost = 1.48979e+07
cost = 1.48979e+07
cost = 1.48979e+07
cost = 1.48979e+07
cost = 1.48979e+07
cost = 1.48979e+07
cost = 1.48979e+07
cost = 1.48979e+07
cost = 1.48979e+07
cost = 1.48979e+07
cost = 1.48979e+07
cost = 1.48979e+07
cost = 1.48979e+07
cost = 1.48979e+07
cost = 1.48989e+07
cost = 1.4898e+07
cost = 1.48979e+07
cost = 1.48979e+07
cost = 1.48979e+07
cost = 1.48979e+07
cost = 1.48979e+07
cost = 1.48978e+07
cost = 1.48978e+07
cost = 1.48978e+07
cost = 1.48978e+07
cost = 1.48978e+07
cost = 1.48978e+07
cost = 1.48978e+07
cost = 1.48978e+07
cost = 1.48977e+07
cost = 1.48977e+07
cost = 1.48977e+07
cost = 1.48977e+07
cost = 1.48977e+07
cost = 1.48977e+07
cost = 1.48977e+07
cost = 1.48976e+07
cost = 1.48976e+07
cost = 1.48976e+07
cost = 1.48976e+07
cost = 1.48976e+07
cost = 1.48976e+07
cost = 1.48976e+07
cost = 1.48975e+07
cost = 1.48975e+07
cost = 1.48975e+07
cost = 1.48975e+07
cost = 1.48975e+07
cost = 1.48975e+07
cost = 1.48975e+07
cost = 1.48974e+07
cost = 1.48974e+07
cost = 1.48973e+07
cost = 1.48973e+07
cost = 1.48973e+07
cost = 1.48972e+07
cost = 1.48972e+07
cost = 1.48972e+07
cost = 1.48971e+07
cost = 1.48971e+07
cost = 1.48971e+07
cost = 1.48971e+07
cost = 1.48971e+07
cost = 1.48971e+07
cost = 1.48971e+07
cost = 1.48971e+07
cost = 1.4897e+07
cost = 1.4897e+07
cost = 1.4897e+07
cost = 1.4897e+07
cost = 1.4897e+07
cost = 1.4897e+07
cost = 1.4897e+07
cost = 1.4897e+07
cost = 1.4897e+07
cost = 1.4897e+07
cost = 1.4897e+07
cost = 1.4897e+07
cost = 1.48969e+07
cost = 1.48969e+07
cost = 1.48969e+07
cost = 1.48969e+07
cost = 1.48969e+07
cost = 1.48969e+07
cost = 1.48969e+07
cost = 1.48968e+07
cost = 1.48968e+07
cost = 1.48968e+07
cost = 1.48968e+07
cost = 1.48968e+07
cost = 1.48968e+07
cost = 1.48968e+07
cost = 1.48967e+07
cost = 1.48967e+07
cost = 1.48967e+07
cost = 1.48967e+07
cost = 1.48967e+07
cost = 1.48966e+07
cost = 1.48966e+07
cost = 1.48966e+07
cost = 1.48966e+07
cost = 1.48966e+07
cost = 1.48966e+07
cost = 1.48965e+07
cost = 1.48965e+07
cost = 1.48965e+07
cost = 1.48965e+07
cost = 1.48965e+07
cost = 1.49017e+07
cost = 1.48966e+07
cost = 1.48965e+07
cost = 1.48965e+07
cost = 1.48965e+07
cost = 1.49e+07
cost = 1.48973e+07
cost = 1.48967e+07
cost = 1.48965e+07
cost = 1.48965e+07
cost = 1.48965e+07
cost = 1.48964e+07
cost = 1.48964e+07
cost = 1.48964e+07
cost = 1.48964e+07
cost = 1.48964e+07
cost = 1.48964e+07
cost = 1.48964e+07
cost = 1.48964e+07
cost = 1.48964e+07
cost = 1.48964e+07
cost = 1.48964e+07
cost = 1.48964e+07
cost = 1.48964e+07
cost = 1.48964e+07
cost = 1.48964e+07
cost = 1.48963e+07
cost = 1.48963e+07
cost = 1.48963e+07
cost = 1.48963e+07
cost = 1.48963e+07
cost = 1.48963e+07
cost = 1.48963e+07
cost = 1.48963e+07
cost = 1.48963e+07
cost = 1.48963e+07
cost = 1.48963e+07
cost = 1.48963e+07
cost = 1.48963e+07
cost = 1.48963e+07
cost = 1.48963e+07
cost = 1.48963e+07
cost = 1.48963e+07
cost = 1.48962e+07
cost = 1.48962e+07
cost = 1.48962e+07
cost = 1.48962e+07
cost = 1.48962e+07
cost = 1.48962e+07
cost = 1.48962e+07
cost = 1.48962e+07
cost = 1.48962e+07
cost = 1.48962e+07
cost = 1.48962e+07
cost = 1.48962e+07
cost = 1.48962e+07
cost = 1.48962e+07
cost = 1.48962e+07
cost = 1.48962e+07
cost = 1.48961e+07
cost = 1.48961e+07
cost = 1.48961e+07
cost = 1.48961e+07
cost = 1.48961e+07
cost = 1.48961e+07
cost = 1.48961e+07
cost = 1.48961e+07
cost = 1.48961e+07
cost = 1.48961e+07
cost = 1.48961e+07
cost = 1.48961e+07
cost = 1.48961e+07
cost = 1.48961e+07
cost = 1.48961e+07
cost = 1.48961e+07
cost = 1.48961e+07
cost = 1.4896e+07
cost = 1.4896e+07
cost = 1.4896e+07
cost = 1.4896e+07
cost = 1.4896e+07
cost = 1.4896e+07
cost = 1.4896e+07
cost = 1.4896e+07
cost = 1.4896e+07
cost = 1.4896e+07
cost = 1.4896e+07
cost = 1.4896e+07
cost = 1.4896e+07
cost = 1.4896e+07
cost = 1.4896e+07
cost = 1.4896e+07
cost = 1.4896e+07
cost = 1.48959e+07
cost = 1.48959e+07
cost = 1.48959e+07
cost = 1.48959e+07
cost = 1.48959e+07
cost = 1.48959e+07
cost = 1.48959e+07
cost = 1.48959e+07
cost = 1.48959e+07
cost = 1.48959e+07
cost = 1.48959e+07
cost = 1.48959e+07
cost = 1.48959e+07
cost = 1.48959e+07
cost = 1.48959e+07
cost = 1.48959e+07
cost = 1.48959e+07
cost = 1.48959e+07
cost = 1.48958e+07
cost = 1.48958e+07
cost = 1.48958e+07
cost = 1.48958e+07
cost = 1.48958e+07
cost = 1.48958e+07
cost = 1.48958e+07
cost = 1.48958e+07
cost = 1.48958e+07
cost = 1.48958e+07
cost = 1.48958e+07
cost = 1.48958e+07
cost = 1.48958e+07
cost = 1.48958e+07
cost = 1.48958e+07
cost = 1.48958e+07
cost = 1.48958e+07
cost = 1.48958e+07
cost = 1.48958e+07
cost = 1.48958e+07
cost = 1.48958e+07
cost = 1.48957e+07
cost = 1.48957e+07
cost = 1.48957e+07
cost = 1.48957e+07
cost = 1.48957e+07
cost = 1.48957e+07
cost = 1.48957e+07
cost = 1.48957e+07
cost = 1.48957e+07
cost = 1.48956e+07
cost = 1.48956e+07
cost = 1.48956e+07
cost = 1.48955e+07
cost = 1.48955e+07
cost = 1.48955e+07
cost = 1.48955e+07
cost = 1.48954e+07
cost = 1.49047e+07
cost = 1.48954e+07
cost = 7.24234e+10
cost = 2.11349e+10
cost = 1.48963e+07
cost = 1.48956e+07
cost = 1.48954e+07
cost = 1.48954e+07
cost = 1.48954e+07
cost = 1.48953e+07
cost = 1.48953e+07
cost = 1.48953e+07
cost = 1.48952e+07
cost = 1.48952e+07
cost = 1.48952e+07
cost = 1.48952e+07
cost = 1.48952e+07
cost = 1.48952e+07
cost = 1.48952e+07
cost = 1.48952e+07
cost = 1.48952e+07
cost = 1.48952e+07
cost = 1.48951e+07
cost = 1.48951e+07
cost = 1.48951e+07
cost = 1.48951e+07
cost = 1.48951e+07
cost = 1.48951e+07
cost = 1.4895e+07
cost = 1.4895e+07
cost = 1.4895e+07
cost = 1.4895e+07
cost = 1.4895e+07
cost = 1.4895e+07
cost = 1.4895e+07
cost = 1.4895e+07
cost = 1.4895e+07
cost = 1.48949e+07
cost = 1.48949e+07
cost = 1.48949e+07
cost = 1.48949e+07
cost = 1.48949e+07
cost = 1.48949e+07
cost = 1.48949e+07
cost = 1.48949e+07
cost = 1.48949e+07
cost = 1.48949e+07
cost = 1.48948e+07
cost = 2.62196e+07
cost = 1.53455e+07
cost = 1.49036e+07
cost = 1.48948e+07
cost = 1.48955e+07
cost = 1.48949e+07
cost = 1.48948e+07
cost = 1.48949e+07
cost = 1.48948e+07
cost = 1.48948e+07
cost = 1.41618e+09
cost = 1.06799e+08
cost = 1.7755e+07
cost = 1.49041e+07
cost = 1.48948e+07
cost = 1.48948e+07
cost = 1.48948e+07
cost = 1.48948e+07
cost = 1.48948e+07
cost = 1.48948e+07
cost = 1.48948e+07
cost = 1.48947e+07
cost = 1.48949e+07
cost = 1.48947e+07
cost = 1.48978e+07
cost = 1.48949e+07
cost = 1.48947e+07
cost = 1.49019e+07
cost = 1.48958e+07
cost = 1.48949e+07
cost = 1.48947e+07
cost = 1.48947e+07
cost = 1.48947e+07
cost = 1.48947e+07
cost = 1.48947e+07
cost = 1.48947e+07
cost = 1.48947e+07
cost = 1.48947e+07
cost = 1.48947e+07
cost = 1.48947e+07
cost = 1.48946e+07
cost = 1.48946e+07
cost = 1.48946e+07
cost = 1.48946e+07
cost = 1.48946e+07
cost = 1.48946e+07
cost = 1.48946e+07
cost = 1.48957e+07
cost = 1.48948e+07
cost = 1.48946e+07
cost = 1.48946e+07
cost = 1.48946e+07
cost = 1.48946e+07
cost = 1.48946e+07
cost = 1.48946e+07
cost = 1.48946e+07
cost = 1.48946e+07
cost = 1.48966e+07
cost = 1.48946e+07
cost = 1.4972e+07
cost = 1.49023e+07
cost = 1.48953e+07
cost = 1.48946e+07
cost = 1.48946e+07
cost = 1.48946e+07
cost = 1.48946e+07
cost = 1.48946e+07
cost = 1.48945e+07
cost = 1.48946e+07
cost = 1.48946e+07
cost = 1.48945e+07
cost = 1.48945e+07
cost = 1.48945e+07
cost = 1.48945e+07
cost = 1.48945e+07
cost = 1.48945e+07
cost = 1.48945e+07
cost = 1.48945e+07
cost = 1.48945e+07
cost = 1.48945e+07
cost = 1.48945e+07
cost = 1.48945e+07
cost = 1.48945e+07
cost = 1.48945e+07
cost = 1.48944e+07
cost = 1.48944e+07
cost = 1.48944e+07
cost = 1.48944e+07
cost = 1.48944e+07
cost = 1.48944e+07
cost = 1.48943e+07
cost = 1.48943e+07
cost = 1.48943e+07
cost = 1.48943e+07
cost = 1.48943e+07
cost = 1.48943e+07
cost = 1.48943e+07
cost = 1.48943e+07
cost = 1.48943e+07
cost = 1.48943e+07
cost = 1.48943e+07
cost = 1.48943e+07
cost = 1.48943e+07
cost = 1.48943e+07
cost = 1.48943e+07
cost = 1.48942e+07
cost = 1.48942e+07
cost = 1.48942e+07
cost = 1.48942e+07
cost = 1.48942e+07
cost = 1.48942e+07
cost = 1.48942e+07
cost = 1.48942e+07
cost = 1.48942e+07
cost = 1.48942e+07
cost = 1.48941e+07
cost = 1.48941e+07
cost = 1.48941e+07
cost = 1.48942e+07
cost = 1.48941e+07
cost = 1.48941e+07
cost = 1.48941e+07
cost = 1.48941e+07
cost = 1.48941e+07
cost = 1.48941e+07
cost = 1.48941e+07
cost = 1.48941e+07
cost = 1.48941e+07
cost = 1.48941e+07
cost = 1.48941e+07
cost = 1.4894e+07
cost = 1.4894e+07
cost = 1.4894e+07
cost = 1.4894e+07
cost = 1.4894e+07
cost = 1.4894e+07
cost = 1.48939e+07
cost = 1.4894e+07
cost = 1.48939e+07
cost = 1.48941e+07
cost = 1.4894e+07
cost = 1.48939e+07
cost = 1.48939e+07
cost = 1.48939e+07
cost = 1.48939e+07
cost = 1.48939e+07
cost = 1.48938e+07
cost = 1.48938e+07
cost = 1.48938e+07
cost = 1.48938e+07
cost = 1.48938e+07
cost = 1.48938e+07
cost = 1.48938e+07
cost = 1.48939e+07
cost = 1.48938e+07
cost = 1.48938e+07
cost = 1.48938e+07
cost = 1.48938e+07
cost = 1.48938e+07
cost = 1.48938e+07
cost = 1.48938e+07
cost = 1.48937e+07
cost = 1.48937e+07
cost = 1.48937e+07
cost = 1.48937e+07
cost = 1.48937e+07
cost = 1.48936e+07
cost = 1.48936e+07
cost = 1.48936e+07
cost = 1.48936e+07
cost = 1.48936e+07
cost = 1.48935e+07
cost = 1.48935e+07
cost = 1.48935e+07
cost = 1.48934e+07
cost = 1.48934e+07
cost = 1.48933e+07
cost = 1.48933e+07
cost = 1.48932e+07
cost = 1.48932e+07
cost = 1.48931e+07
cost = 1.48937e+07
cost = 1.48931e+07
cost = 1.48931e+07
cost = 1.48931e+07
cost = 1.48931e+07
cost = 1.4893e+07
cost = 1.4893e+07
cost = 1.4893e+07
cost = 1.48929e+07
cost = 1.48929e+07
cost = 1.48929e+07
cost = 1.48928e+07
cost = 1.48928e+07
cost = 1.48928e+07
cost = 1.48928e+07
cost = 1.48927e+07
cost = 1.48928e+07
cost = 1.48927e+07
cost = 1.48927e+07
cost = 1.48927e+07
cost = 1.48927e+07
cost = 1.48927e+07
cost = 1.48927e+07
cost = 1.48927e+07
cost = 1.48927e+07
cost = 1.48926e+07
cost = 1.48927e+07
cost = 1.48926e+07
cost = 1.48926e+07
cost = 1.48927e+07
cost = 1.48926e+07
cost = 1.48926e+07
cost = 1.48926e+07
cost = 1.48926e+07
cost = 1.48926e+07
cost = 1.48926e+07
cost = 1.48926e+07
cost = 1.48926e+07
cost = 1.48926e+07
cost = 1.48926e+07
cost = 1.48925e+07
cost = 1.48926e+07
cost = 1.48925e+07
cost = 1.48925e+07
cost = 1.48925e+07
cost = 1.48925e+07
cost = 1.48925e+07
cost = 1.48925e+07
cost = 1.48925e+07
cost = 1.48925e+07
cost = 1.48925e+07
cost = 1.48925e+07
cost = 1.48925e+07
cost = 1.48925e+07
cost = 1.48925e+07
cost = 1.48925e+07
cost = 1.48925e+07
cost = 1.48925e+07
cost = 1.48925e+07
cost = 1.48924e+07
cost = 1.48924e+07
cost = 1.48924e+07
cost = 1.48924e+07
cost = 1.48924e+07
cost = 1.48924e+07
cost = 1.48924e+07
cost = 1.48924e+07
cost = 1.48924e+07
cost = 1.48924e+07
cost = 1.48924e+07
cost = 1.48924e+07
cost = 1.48924e+07
cost = 1.48924e+07
cost = 1.48924e+07
cost = 1.48924e+07
cost = 1.48924e+07
cost = 1.48924e+07
cost = 1.48923e+07
cost = 1.48923e+07
cost = 1.48923e+07
cost = 1.48923e+07
cost = 1.48923e+07
cost = 1.48923e+07
cost = 1.48923e+07
cost = 1.48923e+07
cost = 1.48923e+07
cost = 1.48923e+07
cost = 1.48923e+07
cost = 1.48923e+07
cost = 1.48922e+07
cost = 1.48922e+07
cost = 1.48922e+07
cost = 1.48922e+07
cost = 1.48922e+07
cost = 1.48922e+07
cost = 1.48922e+07
cost = 1.48922e+07
cost = 1.48922e+07
cost = 1.48922e+07
cost = 1.48922e+07
cost = 1.48922e+07
cost = 1.48922e+07
cost = 1.48922e+07
cost = 1.48921e+07
cost = 1.48921e+07
cost = 1.48921e+07
cost = 1.48921e+07
cost = 1.48921e+07
cost = 1.48921e+07
cost = 1.48921e+07
cost = 1.48921e+07
cost = 1.48921e+07
cost = 1.48921e+07
cost = 1.48921e+07
cost = 1.4892e+07
cost = 1.4892e+07
cost = 1.4892e+07
cost = 1.4892e+07
cost = 1.4892e+07
cost = 1.4892e+07
cost = 1.4892e+07
cost = 1.4892e+07
cost = 1.48922e+07
cost = 1.4892e+07
cost = 1.48928e+07
cost = 1.48922e+07
cost = 1.48921e+07
cost = 1.4892e+07
cost = 1.4892e+07
cost = 1.4892e+07
cost = 1.4892e+07
cost = 1.4892e+07
cost = 1.4892e+07
cost = 1.4892e+07
cost = 1.4892e+07
cost = 1.4892e+07
cost = 1.4892e+07
cost = 1.4892e+07
cost = 1.48919e+07
cost = 1.48919e+07
cost = 1.48921e+07
cost = 1.48919e+07
cost = 1.48919e+07
cost = 1.48919e+07
cost = 1.48919e+07
cost = 1.48919e+07
cost = 1.48919e+07
cost = 1.48919e+07
cost = 1.48919e+07
cost = 1.48919e+07
cost = 1.48918e+07
cost = 1.48918e+07
cost = 1.48918e+07
cost = 1.48923e+07
cost = 1.48919e+07
cost = 1.48918e+07
cost = 1.48918e+07
cost = 1.48918e+07
cost = 1.48918e+07
cost = 1.48918e+07
cost = 1.48918e+07
cost = 1.48918e+07
cost = 1.48918e+07
cost = 1.48918e+07
cost = 1.48918e+07
cost = 1.48918e+07
cost = 1.48917e+07
cost = 1.48917e+07
cost = 1.48917e+07
cost = 1.48917e+07
cost = 1.48917e+07
cost = 1.48917e+07
cost = 1.48917e+07
cost = 1.48917e+07
cost = 1.48917e+07
cost = 1.48917e+07
cost = 1.48917e+07
cost = 1.48917e+07
cost = 1.48917e+07
cost = 1.48917e+07
cost = 1.48917e+07
cost = 1.48917e+07
cost = 1.48917e+07
cost = 1.48917e+07
cost = 1.48917e+07
cost = 1.48917e+07
cost = 1.48917e+07
cost = 1.48917e+07
cost = 1.48917e+07
cost = 1.48917e+07
cost = 1.48917e+07
cost = 1.48916e+07
cost = 1.48916e+07
cost = 1.48916e+07
cost = 1.48917e+07
cost = 1.48916e+07
cost = 1.48916e+07
cost = 1.48916e+07
cost = 1.48916e+07
cost = 1.48916e+07
cost = 1.48916e+07
cost = 1.48916e+07
cost = 1.48916e+07
cost = 1.48916e+07
cost = 1.48916e+07
cost = 1.48916e+07
cost = 1.48916e+07
cost = 1.48916e+07
cost = 1.48916e+07
cost = 1.48916e+07
cost = 1.48916e+07
cost = 1.48916e+07
cost = 1.48916e+07
cost = 1.48916e+07
cost = 1.48916e+07
cost = 1.48915e+07
cost = 1.48915e+07
cost = 1.48915e+07
cost = 1.48915e+07
cost = 1.48915e+07
cost = 1.48915e+07
cost = 1.48915e+07
cost = 1.48915e+07
cost = 1.48915e+07
cost = 1.48915e+07
cost = 1.48915e+07
cost = 1.48915e+07
cost = 1.48915e+07
cost = 1.48915e+07
cost = 1.48915e+07
cost = 1.48914e+07
cost = 1.48914e+07
cost = 1.48914e+07
cost = 1.48914e+07
cost = 1.48914e+07
cost = 1.48914e+07
cost = 1.48914e+07
cost = 1.48914e+07
cost = 1.48914e+07
cost = 1.48914e+07
cost = 1.48914e+07
cost = 1.48914e+07
cost = 1.48914e+07
cost = 1.48914e+07
cost = 1.48914e+07
cost = 1.48914e+07
cost = 1.48914e+07
cost = 1.48913e+07
cost = 1.48913e+07
cost = 1.48913e+07
cost = 1.48913e+07
cost = 1.48913e+07
cost = 1.48913e+07
cost = 1.48913e+07
cost = 1.48913e+07
cost = 1.48913e+07
cost = 1.48912e+07
cost = 1.48912e+07
cost = 1.48912e+07
cost = 1.48912e+07
cost = 1.48912e+07
cost = 1.48912e+07
cost = 1.48911e+07
cost = 1.48911e+07
cost = 1.48911e+07
cost = 1.48911e+07
cost = 1.48911e+07
cost = 1.48911e+07
cost = 1.48911e+07
cost = 1.4891e+07
cost = 1.4891e+07
cost = 1.4891e+07
cost = 1.4891e+07
cost = 1.4891e+07
cost = 1.4891e+07
cost = 1.4891e+07
cost = 1.48909e+07
cost = 1.48909e+07
cost = 1.48909e+07
cost = 1.48909e+07
cost = 1.48909e+07
cost = 1.48909e+07
cost = 1.48909e+07
cost = 1.48909e+07
cost = 1.48908e+07
cost = 1.48908e+07
cost = 1.48908e+07
cost = 1.48908e+07
cost = 1.48908e+07
cost = 1.48908e+07
cost = 1.48908e+07
cost = 1.48908e+07
cost = 1.48908e+07
cost = 1.48908e+07
cost = 1.48908e+07
cost = 1.48908e+07
cost = 1.49153e+07
cost = 1.4891e+07
cost = 1.48908e+07
cost = 1.71142e+07
cost = 1.50712e+07
cost = 1.49035e+07
cost = 1.48914e+07
cost = 1.48908e+07
cost = 1.48908e+07
cost = 1.48908e+07
cost = 1.48919e+07
cost = 1.48909e+07
cost = 1.48908e+07
cost = 1.48907e+07
cost = 1.48907e+07
cost = 1.48907e+07
cost = 1.48907e+07
cost = 1.48907e+07
cost = 1.48907e+07
cost = 1.48907e+07
cost = 1.48907e+07
cost = 1.48907e+07
cost = 1.48906e+07
cost = 1.48906e+07
cost = 1.48906e+07
cost = 1.48906e+07
cost = 1.48906e+07
cost = 1.48906e+07
cost = 1.48906e+07
cost = 1.48906e+07
cost = 1.48906e+07
cost = 1.48906e+07
cost = 1.48906e+07
cost = 1.48906e+07
cost = 1.48906e+07
cost = 1.48906e+07
cost = 1.48906e+07
cost = 1.48906e+07
cost = 1.48905e+07
cost = 1.48905e+07
cost = 1.48905e+07
cost = 1.48905e+07
cost = 1.48905e+07
cost = 1.48905e+07
cost = 1.48905e+07
cost = 1.48905e+07
cost = 1.48905e+07
cost = 1.48905e+07
cost = 1.48905e+07
cost = 1.48905e+07
cost = 1.48905e+07
cost = 1.48905e+07
cost = 1.48905e+07
cost = 1.48905e+07
cost = 1.48905e+07
cost = 1.48904e+07
cost = 1.48904e+07
cost = 1.48904e+07
cost = 1.48904e+07
cost = 1.48904e+07
cost = 1.48904e+07
cost = 1.48904e+07
cost = 1.48904e+07
cost = 1.48903e+07
cost = 1.48903e+07
cost = 1.48903e+07
cost = 1.48903e+07
cost = 1.48903e+07
cost = 1.48902e+07
cost = 1.48902e+07
cost = 1.48902e+07
cost = 1.48902e+07
cost = 1.48901e+07
cost = 1.48901e+07
cost = 1.48901e+07
cost = 1.48927e+07
cost = 1.48903e+07
cost = 1.48901e+07
cost = 1.48901e+07
cost = 1.48904e+07
cost = 1.48901e+07
cost = 1.48901e+07
cost = 1.48901e+07
cost = 1.489e+07
cost = 1.489e+07
cost = 1.489e+07
cost = 1.489e+07
cost = 1.489e+07
cost = 1.489e+07
cost = 1.489e+07
cost = 1.489e+07
cost = 1.489e+07
cost = 1.489e+07
cost = 1.489e+07
cost = 1.489e+07
cost = 1.48899e+07
cost = 1.48899e+07
cost = 1.48899e+07
cost = 1.48899e+07
cost = 1.48899e+07
cost = 1.48899e+07
cost = 1.48899e+07
cost = 1.48899e+07
cost = 1.48899e+07
cost = 1.48899e+07
cost = 1.48899e+07
cost = 1.48899e+07
cost = 1.48899e+07
cost = 1.48898e+07
cost = 1.48898e+07
cost = 1.48898e+07
cost = 1.48898e+07
cost = 1.48898e+07
cost = 1.48897e+07
cost = 1.48897e+07
cost = 1.48897e+07
cost = 1.48897e+07
cost = 1.48897e+07
cost = 1.48897e+07
cost = 1.48897e+07
cost = 1.48897e+07
cost = 1.48896e+07
cost = 1.48896e+07
cost = 1.48896e+07
cost = 1.48896e+07
cost = 1.48896e+07
cost = 1.48896e+07
cost = 1.48896e+07
cost = 1.48896e+07
cost = 1.48896e+07
cost = 1.48896e+07
cost = 1.48896e+07
cost = 1.48896e+07
cost = 1.48896e+07
cost = 1.48896e+07
cost = 1.48896e+07
cost = 1.48895e+07
cost = 1.48895e+07
cost = 1.48895e+07
cost = 1.48895e+07
cost = 1.48895e+07
cost = 1.48895e+07
cost = 1.48895e+07
cost = 1.48895e+07
cost = 1.48895e+07
cost = 1.48895e+07
cost = 1.48895e+07
cost = 1.48895e+07
cost = 1.48895e+07
cost = 1.48895e+07
cost = 1.48895e+07
cost = 1.48895e+07
cost = 1.48895e+07
cost = 1.48895e+07
cost = 1.48895e+07
cost = 1.48895e+07
cost = 1.48895e+07
cost = 1.48895e+07
cost = 1.48894e+07
cost = 1.48894e+07
cost = 1.48894e+07
cost = 1.48894e+07
cost = 1.48894e+07
cost = 1.48894e+07
cost = 1.48894e+07
cost = 1.48894e+07
cost = 1.48894e+07
cost = 1.48894e+07
cost = 1.48894e+07
cost = 1.48894e+07
cost = 1.48894e+07
cost = 1.48894e+07
cost = 1.48894e+07
cost = 1.48894e+07
cost = 1.48893e+07
cost = 1.48893e+07
cost = 1.48893e+07
cost = 1.48893e+07
cost = 1.48893e+07
cost = 1.48893e+07
cost = 1.48893e+07
cost = 1.48893e+07
cost = 1.48893e+07
cost = 1.48893e+07
cost = 1.48893e+07
cost = 1.48893e+07
cost = 1.48893e+07
cost = 1.48893e+07
cost = 1.48893e+07
cost = 1.48893e+07
cost = 1.48893e+07
cost = 1.48892e+07
cost = 1.48892e+07
cost = 1.48892e+07
cost = 1.48892e+07
cost = 1.48892e+07
cost = 1.48892e+07
cost = 1.48892e+07
cost = 1.48892e+07
cost = 1.48892e+07
cost = 1.48892e+07
cost = 1.48892e+07
cost = 1.48891e+07
cost = 1.48892e+07
cost = 1.48892e+07
cost = 1.48891e+07
cost = 1.48891e+07
cost = 1.48891e+07
cost = 1.48891e+07
cost = 1.48891e+07
cost = 1.48891e+07
cost = 1.48891e+07
cost = 1.48891e+07
cost = 1.48891e+07
cost = 1.48891e+07
cost = 1.48891e+07
cost = 1.4889e+07
cost = 1.4889e+07
cost = 1.4889e+07
cost = 1.4889e+07
cost = 1.4889e+07
cost = 1.4889e+07
cost = 1.4889e+07
cost = 1.48889e+07
cost = 1.48889e+07
cost = 1.48889e+07
cost = 1.48889e+07
cost = 1.48889e+07
cost = 1.48889e+07
cost = 1.48889e+07
cost = 1.48889e+07
cost = 1.48889e+07
cost = 1.48889e+07
cost = 1.4889e+07
cost = 1.48889e+07
cost = 1.48889e+07
cost = 1.48888e+07
cost = 1.48888e+07
cost = 1.48888e+07
cost = 1.48888e+07
cost = 1.48888e+07
cost = 1.48888e+07
cost = 1.48888e+07
cost = 1.48888e+07
cost = 1.48888e+07
cost = 1.48888e+07
cost = 1.48888e+07
cost = 1.48887e+07
cost = 1.48887e+07
cost = 1.48887e+07
cost = 1.48887e+07
cost = 1.48886e+07
cost = 1.48886e+07
cost = 1.48885e+07
cost = 1.48885e+07
cost = 1.48885e+07
cost = 1.48885e+07
cost = 1.48885e+07
cost = 1.48885e+07
cost = 1.48885e+07
cost = 1.48885e+07
cost = 1.48885e+07
cost = 1.48884e+07
cost = 1.48884e+07
cost = 1.48884e+07
cost = 1.48884e+07
cost = 1.48884e+07
cost = 1.48884e+07
cost = 1.48884e+07
cost = 1.48884e+07
cost = 1.48883e+07
cost = 1.48883e+07
cost = 1.48883e+07
cost = 1.48883e+07
cost = 1.48883e+07
cost = 1.48883e+07
cost = 1.48883e+07
cost = 1.48883e+07
cost = 1.48883e+07
cost = 1.48883e+07
cost = 1.48883e+07
cost = 1.48883e+07
cost = 1.48883e+07
cost = 1.48883e+07
cost = 1.48883e+07
cost = 1.48882e+07
cost = 1.48882e+07
cost = 1.48882e+07
cost = 1.48882e+07
cost = 1.48882e+07
cost = 1.48882e+07
cost = 1.48882e+07
cost = 1.48882e+07
cost = 1.48882e+07
cost = 1.48882e+07
cost = 1.48881e+07
cost = 1.48881e+07
cost = 1.48881e+07
cost = 1.48881e+07
cost = 1.48881e+07
cost = 1.48881e+07
cost = 1.48881e+07
cost = 1.48881e+07
cost = 1.48881e+07
cost = 1.4888e+07
cost = 1.4888e+07
cost = 1.4888e+07
cost = 1.4888e+07
cost = 1.4888e+07
cost = 1.4888e+07
cost = 1.4888e+07
cost = 1.4888e+07
cost = 1.48879e+07
cost = 1.48879e+07
cost = 1.48879e+07
cost = 1.48879e+07
cost = 1.48879e+07
cost = 1.48879e+07
cost = 1.48878e+07
cost = 1.48878e+07
cost = 1.48878e+07
cost = 1.48878e+07
cost = 1.48878e+07
cost = 1.48878e+07
cost = 1.48878e+07
cost = 1.48877e+07
cost = 1.48877e+07
cost = 1.48877e+07
cost = 1.48877e+07
cost = 1.48877e+07
cost = 1.48876e+07
cost = 1.48876e+07
cost = 1.48876e+07
cost = 1.48875e+07
cost = 1.48875e+07
cost = 1.48875e+07
cost = 1.48874e+07
cost = 1.48874e+07
cost = 1.48874e+07
cost = 1.48873e+07
cost = 1.48873e+07
cost = 1.48873e+07
cost = 1.48923e+07
cost = 1.48878e+07
cost = 1.48873e+07
cost = 1.48873e+07
cost = 1.48873e+07
cost = 1.48873e+07
cost = 1.48873e+07
cost = 1.48873e+07
cost = 1.48872e+07
cost = 1.48872e+07
cost = 1.48872e+07
cost = 1.48872e+07
cost = 1.48872e+07
cost = 1.48872e+07
cost = 1.48872e+07
cost = 1.48871e+07
cost = 1.48871e+07
cost = 1.48871e+07
cost = 1.48871e+07
cost = 1.48871e+07
cost = 1.48871e+07
cost = 1.48871e+07
cost = 1.48871e+07
cost = 1.48871e+07
cost = 1.48871e+07
cost = 1.4887e+07
cost = 1.4887e+07
cost = 1.4887e+07
cost = 1.4887e+07
cost = 1.4887e+07
cost = 1.4887e+07
cost = 1.48869e+07
cost = 1.48869e+07
cost = 1.48869e+07
cost = 1.48869e+07
cost = 1.48869e+07
cost = 1.48869e+07
cost = 1.48869e+07
cost = 1.48868e+07
cost = 1.48868e+07
cost = 1.48868e+07
cost = 1.48867e+07
cost = 1.48867e+07
cost = 1.48866e+07
cost = 1.48866e+07
cost = 1.48866e+07
cost = 1.48865e+07
cost = 1.48865e+07
cost = 1.48864e+07
cost = 1.48864e+07
cost = 1.48863e+07
cost = 1.48862e+07
cost = 1.48869e+07
cost = 1.48863e+07
cost = 1.48862e+07
cost = 1.48866e+07
cost = 1.48863e+07
cost = 1.48862e+07
cost = 1.48862e+07
cost = 1.48862e+07
cost = 1.48861e+07
cost = 1.48861e+07
cost = 1.4886e+07
cost = 1.4886e+07
cost = 1.48859e+07
cost = 1.48859e+07
cost = 1.48858e+07
cost = 1.48858e+07
cost = 1.48857e+07
cost = 1.48857e+07
cost = 1.48857e+07
cost = 1.48857e+07
cost = 1.48856e+07
cost = 1.48856e+07
cost = 1.48856e+07
cost = 1.48855e+07
cost = 1.48855e+07
cost = 1.48854e+07
cost = 1.48854e+07
cost = 1.48854e+07
cost = 1.48854e+07
cost = 1.48853e+07
cost = 1.48853e+07
cost = 1.48853e+07
cost = 1.48852e+07
cost = 1.48852e+07
cost = 1.48852e+07
cost = 1.48852e+07
cost = 1.48851e+07
cost = 1.48851e+07
cost = 1.48851e+07
cost = 1.48851e+07
cost = 1.48851e+07
cost = 1.48851e+07
cost = 1.4885e+07
cost = 1.4885e+07
cost = 1.4885e+07
cost = 1.48849e+07
cost = 1.48849e+07
cost = 1.48849e+07
cost = 1.48848e+07
cost = 1.48848e+07
cost = 1.48851e+07
cost = 1.48848e+07
cost = 1.48856e+07
cost = 1.48849e+07
cost = 1.48847e+07
cost = 1.48847e+07
cost = 1.48847e+07
cost = 1.48846e+07
cost = 1.48846e+07
cost = 1.48846e+07
cost = 1.48846e+07
cost = 1.48846e+07
cost = 1.48846e+07
cost = 1.48845e+07
cost = 1.48845e+07
cost = 1.48845e+07
cost = 1.48844e+07
cost = 1.48844e+07
cost = 1.48844e+07
cost = 1.48844e+07
cost = 1.48843e+07
cost = 1.48843e+07
cost = 1.48843e+07
cost = 1.48843e+07
cost = 1.48843e+07
cost = 1.48842e+07
cost = 1.48842e+07
cost = 1.48842e+07
cost = 1.48842e+07
cost = 1.48841e+07
cost = 1.48841e+07
cost = 1.4884e+07
cost = 1.4884e+07
cost = 1.48839e+07
cost = 1.48839e+07
cost = 1.48839e+07
cost = 1.48838e+07
cost = 1.48838e+07
cost = 1.48838e+07
cost = 1.48838e+07
cost = 1.48837e+07
cost = 1.48837e+07
cost = 1.48836e+07
cost = 1.48836e+07
cost = 1.48836e+07
cost = 1.48835e+07
cost = 1.48835e+07
cost = 1.48834e+07
cost = 1.48834e+07
cost = 1.48834e+07
cost = 1.48834e+07
cost = 1.48833e+07
cost = 1.48833e+07
cost = 1.48833e+07
cost = 1.48839e+07
cost = 1.48832e+07
cost = 1.48832e+07
cost = 1.48832e+07
cost = 1.48832e+07
cost = 1.48831e+07
cost = 1.48831e+07
cost = 1.48831e+07
cost = 1.4883e+07
cost = 1.4883e+07
cost = 1.48829e+07
cost = 1.48829e+07
cost = 1.48828e+07
cost = 1.48827e+07
cost = 1.48827e+07
cost = 1.48826e+07
cost = 1.48825e+07
cost = 1.48824e+07
cost = 1.48824e+07
cost = 1.48823e+07
cost = 1.48823e+07
cost = 1.48822e+07
cost = 1.48822e+07
cost = 1.48822e+07
cost = 1.48824e+07
cost = 1.48822e+07
cost = 1.48821e+07
cost = 1.48821e+07
cost = 1.4882e+07
cost = 1.4882e+07
cost = 1.4882e+07
cost = 1.48819e+07
cost = 1.48818e+07
cost = 1.48818e+07
cost = 1.49833e+07
cost = 1.48845e+07
cost = 1.48818e+07
cost = 1.48819e+07
cost = 1.48817e+07
cost = 1.48817e+07
cost = 1.48865e+07
cost = 1.4882e+07
cost = 1.48817e+07
cost = 1.48817e+07
cost = 1.4882e+07
cost = 1.48817e+07
cost = 1.48816e+07
cost = 1.48816e+07
cost = 1.48816e+07
cost = 1.48816e+07
cost = 1.48815e+07
cost = 1.48815e+07
cost = 1.48815e+07
cost = 1.48815e+07
cost = 1.48815e+07
cost = 1.48814e+07
cost = 1.48814e+07
cost = 1.48814e+07
cost = 1.48814e+07
cost = 1.48813e+07
cost = 1.48813e+07
cost = 1.48813e+07
cost = 1.48813e+07
cost = 1.48813e+07
cost = 1.48813e+07
cost = 1.48812e+07
cost = 1.48812e+07
cost = 1.48812e+07
cost = 1.48811e+07
cost = 1.48811e+07
cost = 1.4881e+07
cost = 1.4881e+07
cost = 1.48809e+07
cost = 1.48808e+07
cost = 1.48807e+07
cost = 1.48806e+07
cost = 1.48806e+07
cost = 1.48807e+07
cost = 1.48806e+07
cost = 1.48812e+07
cost = 1.48806e+07
cost = 1.48805e+07
cost = 1.48805e+07
cost = 1.48805e+07
cost = 1.48805e+07
cost = 1.48804e+07
cost = 1.48804e+07
cost = 1.48804e+07
cost = 1.48803e+07
cost = 1.48803e+07
cost = 1.48802e+07
cost = 1.48802e+07
cost = 1.48802e+07
cost = 1.48801e+07
cost = 1.48801e+07
cost = 1.48801e+07
cost = 1.48801e+07
cost = 1.48801e+07
cost = 1.48801e+07
cost = 1.48801e+07
cost = 1.488e+07
cost = 1.488e+07
cost = 1.488e+07
cost = 1.488e+07
cost = 1.488e+07
cost = 1.48799e+07
cost = 1.48799e+07
cost = 1.48799e+07
cost = 1.48798e+07
cost = 1.48798e+07
cost = 1.48797e+07
cost = 1.49447e+07
cost = 1.48797e+07
cost = 2.45746e+07
cost = 1.56129e+07
cost = 1.49226e+07
cost = 1.48811e+07
cost = 1.48797e+07
cost = 1.48981e+07
cost = 1.48798e+07
cost = 1.48796e+07
cost = 1.48796e+07
cost = 1.48795e+07
cost = 1.48794e+07
cost = 1.48794e+07
cost = 1.48794e+07
cost = 1.48793e+07
cost = 1.48793e+07
cost = 1.48792e+07
cost = 1.48792e+07
cost = 1.48792e+07
cost = 1.48791e+07
cost = 1.48791e+07
cost = 1.48791e+07
cost = 1.4879e+07
cost = 1.4879e+07
cost = 1.48789e+07
cost = 1.48789e+07
cost = 1.48788e+07
cost = 1.48788e+07
cost = 1.48787e+07
cost = 1.48787e+07
cost = 1.48786e+07
cost = 1.48786e+07
cost = 1.48786e+07
cost = 1.48798e+07
cost = 1.48786e+07
cost = 1.48786e+07
cost = 1.48788e+07
cost = 1.48786e+07
cost = 1.48785e+07
cost = 1.48786e+07
cost = 1.48785e+07
cost = 1.48785e+07
cost = 1.48785e+07
cost = 1.48785e+07
cost = 1.48784e+07
cost = 1.48784e+07
cost = 1.48784e+07
cost = 1.48784e+07
cost = 1.48784e+07
cost = 1.48785e+07
cost = 1.48783e+07
cost = 1.48784e+07
cost = 1.48783e+07
cost = 1.48783e+07
cost = 1.48783e+07
cost = 1.48782e+07
cost = 1.48782e+07
cost = 1.48782e+07
cost = 1.48782e+07
cost = 1.48781e+07
cost = 1.48781e+07
cost = 1.48781e+07
cost = 1.48781e+07
cost = 1.4878e+07
cost = 1.4878e+07
cost = 1.4878e+07
cost = 1.4878e+07
cost = 1.4878e+07
cost = 1.48779e+07
cost = 1.48779e+07
cost = 1.48779e+07
cost = 1.48779e+07
cost = 1.48779e+07
cost = 1.48779e+07
cost = 1.48778e+07
cost = 1.48778e+07
cost = 1.48778e+07
cost = 1.48777e+07
cost = 1.48777e+07
cost = 1.48777e+07
cost = 1.48777e+07
cost = 1.48777e+07
cost = 1.48777e+07
cost = 1.48777e+07
cost = 1.48777e+07
cost = 1.48777e+07
cost = 1.48777e+07
cost = 1.48776e+07
cost = 1.48776e+07
cost = 1.48776e+07
cost = 1.48776e+07
cost = 1.48776e+07
cost = 1.48776e+07
cost = 1.48776e+07
cost = 1.48776e+07
cost = 1.48776e+07
cost = 1.48775e+07
cost = 1.48775e+07
cost = 1.48775e+07
cost = 1.48775e+07
cost = 1.48775e+07
cost = 1.48775e+07
cost = 1.48774e+07
cost = 1.48774e+07
cost = 1.48774e+07
cost = 1.48774e+07
cost = 1.48774e+07
cost = 1.48774e+07
cost = 1.48774e+07
cost = 1.48773e+07
cost = 1.48773e+07
cost = 1.48773e+07
cost = 1.48773e+07
cost = 1.48773e+07
cost = 1.48773e+07
cost = 1.48773e+07
cost = 1.48773e+07
cost = 1.48772e+07
cost = 1.48772e+07
cost = 1.48772e+07
cost = 1.48771e+07
cost = 1.48771e+07
cost = 1.4877e+07
cost = 1.48769e+07
cost = 1.48769e+07
cost = 1.48769e+07
cost = 1.48769e+07
cost = 1.4877e+07
cost = 1.48769e+07
cost = 1.48768e+07
cost = 1.48769e+07
cost = 1.48768e+07
cost = 1.48768e+07
cost = 1.48768e+07
cost = 1.48768e+07
cost = 1.48767e+07
cost = 1.48767e+07
cost = 1.48767e+07
cost = 1.48767e+07
cost = 1.48767e+07
cost = 1.48767e+07
cost = 1.48767e+07
cost = 1.48767e+07
cost = 1.48766e+07
cost = 1.48766e+07
cost = 1.48766e+07
cost = 1.48766e+07
cost = 1.48766e+07
cost = 1.48766e+07
cost = 1.48766e+07
cost = 1.48766e+07
cost = 1.48765e+07
cost = 1.48765e+07
cost = 1.48765e+07
cost = 1.48765e+07
cost = 1.48765e+07
cost = 1.48765e+07
cost = 1.48765e+07
cost = 1.48765e+07
cost = 1.48764e+07
cost = 1.48764e+07
cost = 1.48764e+07
cost = 1.48764e+07
cost = 1.48764e+07
cost = 1.48764e+07
cost = 1.48764e+07
cost = 1.48764e+07
cost = 1.48763e+07
cost = 1.48763e+07
cost = 1.48763e+07
cost = 1.48763e+07
cost = 1.48763e+07
cost = 1.48763e+07
cost = 1.48763e+07
cost = 1.48763e+07
cost = 1.48762e+07
cost = 1.48762e+07
cost = 1.48762e+07
cost = 1.48762e+07
cost = 1.48763e+07
cost = 1.48762e+07
cost = 1.48763e+07
cost = 1.48762e+07
cost = 1.48762e+07
cost = 1.48762e+07
cost = 1.48762e+07
cost = 1.48762e+07
cost = 1.48762e+07
cost = 1.48761e+07
cost = 1.48761e+07
cost = 1.48761e+07
cost = 1.48762e+07
cost = 1.48761e+07
cost = 1.48761e+07
cost = 1.48761e+07
cost = 1.48761e+07
cost = 1.48761e+07
cost = 1.48761e+07
cost = 1.48761e+07
cost = 1.48761e+07
cost = 1.48761e+07
cost = 1.48761e+07
cost = 1.48761e+07
cost = 1.48761e+07
cost = 1.48761e+07
cost = 1.48761e+07
cost = 1.4876e+07
cost = 1.4876e+07
cost = 1.4876e+07
cost = 1.4876e+07
cost = 1.4876e+07
cost = 1.4876e+07
cost = 1.4876e+07
cost = 1.4876e+07
cost = 1.4876e+07
cost = 1.48759e+07
cost = 1.48759e+07
cost = 1.48759e+07
cost = 1.48759e+07
cost = 1.48761e+07
cost = 1.48759e+07
cost = 1.48858e+07
cost = 1.48765e+07
cost = 1.48759e+07
cost = 1.48759e+07
cost = 1.49025e+07
cost = 1.48784e+07
cost = 1.48761e+07
cost = 1.48759e+07
cost = 1.48759e+07
cost = 1.48759e+07
cost = 1.48759e+07
cost = 1.48759e+07
cost = 1.48759e+07
cost = 1.48759e+07
cost = 1.48759e+07
cost = 1.48759e+07
cost = 1.48759e+07
cost = 1.48759e+07
cost = 1.48759e+07
cost = 1.48758e+07
cost = 1.48758e+07
cost = 1.48758e+07
cost = 1.48758e+07
cost = 1.48758e+07
cost = 1.48758e+07
cost = 1.48758e+07
cost = 1.48758e+07
cost = 1.48758e+07
cost = 1.48758e+07
cost = 1.48758e+07
cost = 1.48758e+07
cost = 1.48758e+07
cost = 1.48758e+07
cost = 1.48758e+07
cost = 1.48758e+07
cost = 1.48758e+07
cost = 1.48758e+07
cost = 1.48758e+07
cost = 1.48758e+07
cost = 1.48758e+07
cost = 1.48758e+07
cost = 1.48758e+07
cost = 1.48757e+07
cost = 1.48757e+07
cost = 1.48757e+07
cost = 1.48757e+07
cost = 1.48757e+07
cost = 1.48757e+07
cost = 1.48756e+07
cost = 1.48756e+07
cost = 1.48755e+07
cost = 1.48756e+07
cost = 1.48755e+07
cost = 1.48755e+07
cost = 1.48754e+07
cost = 1.48754e+07
cost = 1.48754e+07
cost = 1.48754e+07
cost = 1.48753e+07
cost = 1.50935e+07
cost = 1.48925e+07
cost = 1.48766e+07
cost = 1.48754e+07
cost = 1.48753e+07
cost = 1.48758e+07
cost = 1.48754e+07
cost = 1.48753e+07
cost = 1.48753e+07
cost = 1.48752e+07
cost = 1.48752e+07
cost = 1.48752e+07
cost = 1.48752e+07
cost = 1.48751e+07
cost = 1.48751e+07
cost = 1.4875e+07
cost = 1.4875e+07
cost = 1.4875e+07
cost = 1.4875e+07
cost = 1.48749e+07
cost = 1.48749e+07
cost = 1.48749e+07
cost = 1.48748e+07
cost = 1.48748e+07
cost = 1.48748e+07
cost = 1.48747e+07
cost = 1.48747e+07
cost = 1.48747e+07
cost = 1.48746e+07
cost = 1.48746e+07
cost = 1.48746e+07
cost = 1.48745e+07
cost = 1.48745e+07
cost = 1.48745e+07
cost = 1.48744e+07
cost = 1.48744e+07
cost = 1.48744e+07
cost = 1.48743e+07
cost = 1.48743e+07
cost = 1.48743e+07
cost = 1.48745e+07
cost = 1.48742e+07
cost = 1.48743e+07
cost = 1.48742e+07
cost = 1.48742e+07
cost = 1.48741e+07
cost = 1.48741e+07
cost = 1.48741e+07
cost = 1.48741e+07
cost = 1.48741e+07
cost = 1.48741e+07
cost = 1.4874e+07
cost = 1.4874e+07
cost = 1.4874e+07
cost = 1.4874e+07
cost = 1.4874e+07
cost = 1.48739e+07
cost = 1.48739e+07
cost = 1.48739e+07
cost = 1.48738e+07
cost = 1.48738e+07
cost = 1.48738e+07
cost = 1.48738e+07
cost = 1.48738e+07
cost = 1.48737e+07
cost = 1.48737e+07
cost = 1.48737e+07
cost = 1.48737e+07
cost = 1.48736e+07
cost = 1.48736e+07
cost = 1.48736e+07
cost = 1.48736e+07
cost = 1.48735e+07
cost = 1.48735e+07
cost = 1.48735e+07
cost = 1.48735e+07
cost = 1.48734e+07
cost = 1.48734e+07
cost = 1.48734e+07
cost = 1.48734e+07
cost = 1.48733e+07
cost = 1.48733e+07
cost = 1.48733e+07
cost = 1.48733e+07
cost = 1.48732e+07
cost = 1.48732e+07
cost = 1.48732e+07
cost = 1.48732e+07
cost = 1.48732e+07
cost = 1.48732e+07
cost = 1.48732e+07
cost = 1.48732e+07
cost = 1.48732e+07
cost = 1.48732e+07
cost = 1.48732e+07
cost = 1.48732e+07
cost = 1.48732e+07
cost = 1.48731e+07
cost = 1.48731e+07
cost = 1.48731e+07
cost = 1.48731e+07
cost = 1.48731e+07
cost = 1.48731e+07
cost = 1.48731e+07
cost = 1.48731e+07
cost = 1.4873e+07
cost = 1.4873e+07
cost = 1.4873e+07
cost = 1.4873e+07
cost = 1.4873e+07
cost = 1.4873e+07
cost = 1.48729e+07
cost = 1.48729e+07
cost = 1.48729e+07
cost = 1.48729e+07
cost = 1.48728e+07
cost = 1.48728e+07
cost = 1.48727e+07
cost = 1.48727e+07
cost = 1.48727e+07
cost = 1.48727e+07
cost = 1.48726e+07
cost = 1.48726e+07
cost = 1.48726e+07
cost = 1.48726e+07
cost = 1.48725e+07
cost = 1.48726e+07
cost = 1.48725e+07
cost = 1.48724e+07
cost = 1.48724e+07
cost = 1.48724e+07
cost = 1.48723e+07
cost = 1.48723e+07
cost = 1.48723e+07
cost = 1.48723e+07
cost = 1.48723e+07
cost = 1.48723e+07
cost = 1.48723e+07
cost = 1.48723e+07
cost = 1.48723e+07
cost = 1.48722e+07
cost = 1.48722e+07
cost = 1.48722e+07
cost = 1.48722e+07
cost = 1.48722e+07
cost = 1.48721e+07
cost = 1.48721e+07
cost = 1.48721e+07
cost = 1.48721e+07
cost = 1.48721e+07
cost = 1.4872e+07
cost = 1.4872e+07
cost = 1.4872e+07
cost = 1.48719e+07
cost = 1.48719e+07
cost = 1.48719e+07
cost = 1.48719e+07
cost = 1.48719e+07
cost = 1.48719e+07
cost = 1.48718e+07
cost = 1.48718e+07
cost = 1.48718e+07
cost = 1.48718e+07
cost = 1.48717e+07
cost = 1.48717e+07
cost = 1.48716e+07
cost = 1.48716e+07
cost = 1.48716e+07
cost = 1.48715e+07
cost = 1.48715e+07
cost = 1.48715e+07
cost = 1.48714e+07
cost = 1.48714e+07
cost = 1.48713e+07
cost = 1.48713e+07
cost = 1.48713e+07
cost = 1.48712e+07
cost = 1.48712e+07
cost = 1.48712e+07
cost = 1.48711e+07
cost = 1.48711e+07
cost = 1.48711e+07
cost = 1.48713e+07
cost = 1.48711e+07
cost = 1.49451e+07
cost = 1.4871e+07
cost = 2.49161e+07
cost = 1.56372e+07
cost = 1.49192e+07
cost = 1.4873e+07
cost = 1.4871e+07
cost = 1.4871e+07
cost = 1.4871e+07
cost = 1.4871e+07
cost = 1.48727e+07
cost = 1.48712e+07
cost = 1.4871e+07
cost = 1.48709e+07
cost = 1.48709e+07
cost = 1.48708e+07
cost = 1.48708e+07
cost = 1.48707e+07
cost = 1.48706e+07
cost = 1.48706e+07
cost = 1.48706e+07
cost = 1.48705e+07
cost = 1.48705e+07
cost = 1.48705e+07
cost = 1.48704e+07
cost = 1.48704e+07
cost = 1.48704e+07
cost = 1.48704e+07
cost = 1.48703e+07
cost = 1.48703e+07
cost = 1.48703e+07
cost = 1.48702e+07
cost = 1.48702e+07
cost = 1.48702e+07
cost = 1.48702e+07
cost = 1.48702e+07
cost = 1.48701e+07
cost = 1.48701e+07
cost = 1.48701e+07
cost = 1.487e+07
cost = 1.487e+07
cost = 1.487e+07
cost = 1.48699e+07
cost = 1.48699e+07
cost = 1.48699e+07
cost = 1.48698e+07
cost = 1.48698e+07
cost = 1.48699e+07
cost = 1.48698e+07
cost = 1.48698e+07
cost = 1.48697e+07
cost = 1.48697e+07
cost = 1.48697e+07
cost = 1.48697e+07
cost = 1.48698e+07
cost = 1.48697e+07
cost = 1.48696e+07
cost = 1.48696e+07
cost = 1.48696e+07
cost = 1.48695e+07
cost = 1.48695e+07
cost = 1.48694e+07
cost = 1.48694e+07
cost = 1.48694e+07
cost = 1.48694e+07
cost = 1.48693e+07
cost = 1.48692e+07
cost = 1.48692e+07
cost = 1.48691e+07
cost = 1.48691e+07
cost = 1.4869e+07
cost = 1.4869e+07
cost = 1.4869e+07
cost = 1.4869e+07
cost = 1.48689e+07
cost = 1.48689e+07
cost = 1.48689e+07
cost = 1.48689e+07
cost = 1.48689e+07
cost = 1.48689e+07
cost = 1.48688e+07
cost = 1.48688e+07
cost = 1.48688e+07
cost = 1.48747e+07
cost = 1.48689e+07
cost = 1.48688e+07
cost = 1.48688e+07
cost = 1.48688e+07
cost = 1.48688e+07
cost = 1.48688e+07
cost = 1.48717e+07
cost = 1.48692e+07
cost = 1.48688e+07
cost = 1.48688e+07
cost = 1.48687e+07
cost = 1.48687e+07
cost = 1.48687e+07
cost = 1.48687e+07
cost = 1.48688e+07
cost = 1.48687e+07
cost = 1.48687e+07
cost = 1.48687e+07
cost = 1.48687e+07
cost = 1.48687e+07
cost = 1.48687e+07
cost = 1.48687e+07
cost = 1.48687e+07
cost = 1.48687e+07
cost = 1.48687e+07
cost = 1.48686e+07
cost = 1.48686e+07
cost = 1.48686e+07
cost = 1.48686e+07
cost = 1.48686e+07
cost = 1.48686e+07
cost = 1.48686e+07
cost = 1.48685e+07
cost = 1.48685e+07
cost = 1.48685e+07
cost = 1.48685e+07
cost = 1.48685e+07
cost = 1.48685e+07
cost = 1.48685e+07
cost = 1.48685e+07
cost = 1.48685e+07
cost = 1.48685e+07
cost = 1.48685e+07
cost = 1.48685e+07
cost = 1.48685e+07
cost = 1.48685e+07
cost = 1.48685e+07
cost = 1.48685e+07
cost = 1.48685e+07
cost = 1.48685e+07
cost = 1.48684e+07
cost = 1.48684e+07
cost = 1.48684e+07
cost = 1.48684e+07
cost = 1.48684e+07
cost = 1.48684e+07
cost = 1.48684e+07
cost = 1.48684e+07
cost = 1.48684e+07
cost = 1.48683e+07
cost = 1.48683e+07
cost = 1.48683e+07
cost = 1.48683e+07
cost = 1.48683e+07
cost = 1.48683e+07
cost = 1.48683e+07
cost = 1.48683e+07
cost = 1.48683e+07
cost = 1.48682e+07
cost = 1.48682e+07
cost = 1.48682e+07
cost = 1.89177e+07
cost = 1.48683e+07
cost = 1.48682e+07
cost = 1.28918e+08
cost = 2.02233e+07
cost = 1.49361e+07
cost = 1.48682e+07
cost = 5.34075e+08
cost = 6.1707e+07
cost = 1.86085e+07
cost = 1.51177e+07
cost = 1.48819e+07
cost = 1.48686e+07
cost = 1.48682e+07
cost = 1.48682e+07
cost = 1.48682e+07
cost = 1.48682e+07
cost = 1.48737e+07
cost = 1.48689e+07
cost = 1.48683e+07
cost = 1.48682e+07
cost = 1.48682e+07
cost = 1.48682e+07
cost = 1.48682e+07
cost = 1.48682e+07
cost = 1.48699e+07
cost = 1.48682e+07
cost = 1.83068e+07
cost = 1.51237e+07
cost = 1.48855e+07
cost = 1.48692e+07
cost = 1.48682e+07
cost = 1.48682e+07
cost = 1.48682e+07
cost = 1.48682e+07
cost = 1.48695e+07
cost = 1.48682e+07
cost = 1.48682e+07
cost = 1.48696e+07
cost = 1.48684e+07
cost = 1.48682e+07
cost = 1.48682e+07
cost = 1.48681e+07
cost = 1.48681e+07
cost = 1.48681e+07
cost = 1.48681e+07
cost = 1.48681e+07
cost = 1.48681e+07
cost = 1.48681e+07
cost = 1.48681e+07
cost = 1.48738e+07
cost = 1.4869e+07
cost = 1.48682e+07
cost = 1.48681e+07
cost = 1.4868e+07
cost = 1.4868e+07
cost = 1.48681e+07
cost = 1.4868e+07
cost = 1.4868e+07
cost = 1.4868e+07
cost = 1.4868e+07
cost = 1.4868e+07
cost = 1.4868e+07
cost = 1.4868e+07
cost = 1.48679e+07
cost = 1.48679e+07
cost = 1.48679e+07
cost = 1.48678e+07
cost = 1.48678e+07
cost = 1.48678e+07
cost = 1.48678e+07
cost = 1.48678e+07
cost = 1.48677e+07
cost = 1.48677e+07
cost = 1.48677e+07
cost = 1.48678e+07
cost = 1.48677e+07
cost = 1.48677e+07
cost = 1.48677e+07
cost = 1.48676e+07
cost = 1.48677e+07
cost = 1.48676e+07
cost = 1.48676e+07
cost = 1.48676e+07
cost = 1.48676e+07
cost = 1.48676e+07
cost = 1.48676e+07
cost = 1.48676e+07
cost = 1.48675e+07
cost = 1.48675e+07
cost = 1.48675e+07
cost = 1.48675e+07
cost = 1.48674e+07
cost = 1.48674e+07
cost = 1.48674e+07
cost = 1.48674e+07
cost = 1.48674e+07
cost = 1.48674e+07
cost = 1.48674e+07
cost = 1.48674e+07
cost = 1.48674e+07
cost = 1.48674e+07
cost = 1.48674e+07
cost = 1.48673e+07
cost = 1.48701e+07
cost = 1.48676e+07
cost = 1.48674e+07
cost = 1.48673e+07
cost = 1.48673e+07
cost = 1.48673e+07
cost = 1.48674e+07
cost = 1.48673e+07
cost = 1.48673e+07
cost = 1.48673e+07
cost = 1.48673e+07
cost = 1.48673e+07
cost = 1.48672e+07
cost = 1.48672e+07
cost = 1.48672e+07
cost = 1.48672e+07
cost = 1.48671e+07
cost = 1.48671e+07
cost = 1.48671e+07
cost = 1.48671e+07
cost = 1.4867e+07
cost = 1.4867e+07
cost = 1.4867e+07
cost = 1.4867e+07
cost = 1.48669e+07
cost = 1.48669e+07
cost = 1.48678e+07
cost = 1.48671e+07
cost = 1.48669e+07
cost = 1.48669e+07
cost = 1.48669e+07
cost = 1.48668e+07
cost = 1.48668e+07
cost = 1.48668e+07
cost = 1.48668e+07
cost = 1.48667e+07
cost = 1.48667e+07
cost = 1.48667e+07
cost = 1.48667e+07
cost = 1.48667e+07
cost = 1.48666e+07
cost = 1.48666e+07
cost = 1.48666e+07
cost = 1.48666e+07
cost = 1.48666e+07
cost = 1.48666e+07
cost = 1.48666e+07
cost = 1.48665e+07
cost = 1.48665e+07
cost = 1.48666e+07
cost = 1.48665e+07
cost = 1.48666e+07
cost = 1.48665e+07
cost = 1.48665e+07
cost = 1.48665e+07
cost = 1.48665e+07
cost = 1.48665e+07
cost = 1.48665e+07
cost = 1.48665e+07
cost = 1.48665e+07
cost = 1.48665e+07
cost = 1.48664e+07
cost = 1.48664e+07
cost = 1.48664e+07
cost = 1.48664e+07
cost = 1.48664e+07
cost = 1.48663e+07
cost = 1.48663e+07
cost = 1.49279e+07
cost = 1.48717e+07
cost = 1.48666e+07
cost = 1.48663e+07
cost = 1.48783e+07
cost = 1.48665e+07
cost = 1.48663e+07
cost = 1.48663e+07
cost = 1.48662e+07
cost = 1.48662e+07
cost = 1.48662e+07
cost = 1.48662e+07
cost = 1.48662e+07
cost = 1.48662e+07
cost = 1.48662e+07
cost = 1.48661e+07
cost = 1.48661e+07
cost = 1.48661e+07
cost = 1.48661e+07
cost = 1.48661e+07
cost = 1.48661e+07
cost = 1.48661e+07
cost = 1.48661e+07
cost = 1.48661e+07
cost = 1.4866e+07
cost = 1.4866e+07
cost = 1.48661e+07
cost = 1.4866e+07
cost = 1.4866e+07
cost = 1.4866e+07
cost = 1.4866e+07
cost = 1.4866e+07
cost = 1.4866e+07
cost = 1.4866e+07
cost = 1.48659e+07
cost = 1.48659e+07
cost = 1.48659e+07
cost = 1.48659e+07
cost = 1.48659e+07
cost = 1.48659e+07
cost = 1.48659e+07
cost = 1.48659e+07
cost = 1.48659e+07
cost = 1.48658e+07
cost = 1.48658e+07
cost = 1.48658e+07
cost = 1.48658e+07
cost = 1.49842e+07
cost = 1.48671e+07
cost = 1.48658e+07
cost = 1.52722e+07
cost = 1.48945e+07
cost = 1.48674e+07
cost = 1.48659e+07
cost = 1.48658e+07
cost = 1.48658e+07
cost = 1.48658e+07
cost = 1.54014e+07
cost = 1.48663e+07
cost = 1.48658e+07
cost = 1.48658e+07
cost = 1.48658e+07
cost = 1.48658e+07
cost = 1.48658e+07
cost = 1.48658e+07
cost = 1.48658e+07
cost = 1.48658e+07
cost = 1.48659e+07
cost = 1.48658e+07
cost = 1.48658e+07
cost = 1.48658e+07
cost = 1.48658e+07
cost = 1.48658e+07
cost = 1.48657e+07
cost = 1.48677e+07
cost = 1.48659e+07
cost = 1.48657e+07
cost = 1.4866e+07
cost = 1.48657e+07
cost = 1.48657e+07
cost = 1.48657e+07
cost = 1.48657e+07
cost = 1.48657e+07
cost = 1.48657e+07
cost = 1.48657e+07
cost = 1.48657e+07
cost = 1.48657e+07
cost = 1.48657e+07
cost = 1.48657e+07
cost = 1.48658e+07
cost = 1.48657e+07
cost = 1.48657e+07
cost = 1.48657e+07
cost = 1.48657e+07
cost = 1.48657e+07
cost = 1.48657e+07
cost = 1.48657e+07
cost = 1.48656e+07
cost = 1.48656e+07
cost = 1.48656e+07
cost = 1.48656e+07
cost = 1.48656e+07
cost = 1.48656e+07
cost = 1.48656e+07
cost = 1.48656e+07
cost = 1.48656e+07
cost = 1.48656e+07
cost = 1.48656e+07
cost = 1.48656e+07
cost = 1.48656e+07
cost = 1.48656e+07
cost = 1.48656e+07
cost = 1.48656e+07
cost = 1.48656e+07
cost = 1.48656e+07
cost = 1.48656e+07
cost = 1.48656e+07
cost = 1.48655e+07
cost = 1.48655e+07
cost = 1.48655e+07
cost = 1.48655e+07
cost = 1.48655e+07
cost = 1.48655e+07
cost = 1.48655e+07
cost = 1.48655e+07
cost = 1.48654e+07
cost = 1.48654e+07
cost = 1.48654e+07
cost = 1.48654e+07
cost = 1.48654e+07
cost = 1.48654e+07
cost = 1.48654e+07
cost = 1.48654e+07
cost = 1.48654e+07
cost = 1.48653e+07
cost = 1.48653e+07
cost = 1.48653e+07
cost = 1.48653e+07
cost = 1.48653e+07
cost = 1.48653e+07
cost = 1.48652e+07
cost = 1.48652e+07
cost = 1.48652e+07
cost = 1.48652e+07
cost = 1.48652e+07
cost = 1.48651e+07
cost = 1.48651e+07
cost = 1.48651e+07
cost = 1.48651e+07
cost = 1.48651e+07
cost = 1.48651e+07
cost = 1.4865e+07
cost = 1.4865e+07
cost = 1.4865e+07
cost = 1.4865e+07
cost = 1.4865e+07
cost = 1.4865e+07
cost = 1.4865e+07
cost = 1.4865e+07
cost = 1.4865e+07
cost = 1.4865e+07
cost = 1.4865e+07
cost = 1.48649e+07
cost = 1.48649e+07
cost = 1.48649e+07
cost = 1.4865e+07
cost = 1.48649e+07
cost = 1.48649e+07
cost = 1.48649e+07
cost = 1.48649e+07
cost = 1.48649e+07
cost = 1.48649e+07
cost = 1.48648e+07
cost = 1.48648e+07
cost = 1.48648e+07
cost = 1.48648e+07
cost = 1.48648e+07
cost = 1.48648e+07
cost = 1.48648e+07
cost = 1.48648e+07
cost = 1.48647e+07
cost = 1.48647e+07
cost = 1.48647e+07
cost = 1.48647e+07
cost = 1.48647e+07
cost = 1.48647e+07
cost = 1.48647e+07
cost = 1.48647e+07
cost = 1.48647e+07
cost = 1.48647e+07
cost = 1.48646e+07
cost = 1.48646e+07
cost = 1.48646e+07
cost = 1.48646e+07
cost = 1.48646e+07
cost = 1.48646e+07
cost = 1.48646e+07
cost = 1.48646e+07
cost = 1.48646e+07
cost = 1.48645e+07
cost = 1.48645e+07
cost = 1.48645e+07
cost = 1.48645e+07
cost = 1.48645e+07
cost = 1.48645e+07
cost = 1.48645e+07
cost = 1.48645e+07
cost = 1.48645e+07
cost = 1.48645e+07
cost = 1.48645e+07
cost = 1.48645e+07
cost = 1.48645e+07
cost = 1.48645e+07
cost = 1.48645e+07
cost = 1.48645e+07
cost = 1.48644e+07
cost = 1.48644e+07
cost = 1.48644e+07
cost = 1.48644e+07
cost = 1.48647e+07
cost = 1.48644e+07
cost = 1.48644e+07
cost = 1.48644e+07
cost = 1.48644e+07
cost = 1.48644e+07
cost = 1.48643e+07
cost = 1.48643e+07
cost = 1.48643e+07
cost = 1.48643e+07
cost = 1.48643e+07
cost = 1.48643e+07
cost = 1.48643e+07
cost = 1.48643e+07
cost = 1.48643e+07
cost = 1.48643e+07
cost = 1.48643e+07
cost = 1.48643e+07
cost = 1.48643e+07
cost = 1.48643e+07
cost = 1.48642e+07
cost = 1.48642e+07
cost = 1.48642e+07
cost = 1.48642e+07
cost = 1.48642e+07
cost = 1.48642e+07
cost = 1.48642e+07
cost = 1.48642e+07
cost = 1.48642e+07
cost = 1.48642e+07
cost = 1.48641e+07
cost = 1.48641e+07
cost = 1.48641e+07
cost = 1.48641e+07
cost = 1.48641e+07
cost = 1.48641e+07
cost = 1.48641e+07
cost = 1.48641e+07
cost = 1.4864e+07
cost = 1.4864e+07
cost = 1.4864e+07
cost = 1.4864e+07
cost = 1.4864e+07
cost = 1.48639e+07
cost = 1.48639e+07
cost = 1.48639e+07
cost = 1.48638e+07
cost = 1.48638e+07
cost = 1.48645e+07
cost = 1.48638e+07
cost = 1.48646e+07
cost = 1.48639e+07
cost = 1.48638e+07
cost = 1.48637e+07
cost = 1.48637e+07
cost = 1.48637e+07
cost = 1.48637e+07
cost = 1.48637e+07
cost = 1.48637e+07
cost = 1.4864e+07
cost = 1.48637e+07
cost = 1.48637e+07
cost = 1.48636e+07
cost = 1.48636e+07
cost = 1.48636e+07
cost = 1.48636e+07
cost = 1.48636e+07
cost = 1.48635e+07
cost = 1.48635e+07
cost = 1.48635e+07
cost = 1.48634e+07
cost = 1.48634e+07
cost = 1.48634e+07
cost = 1.48634e+07
cost = 1.48633e+07
cost = 1.48633e+07
cost = 1.48633e+07
cost = 1.48633e+07
cost = 1.48633e+07
cost = 1.48633e+07
cost = 1.48632e+07
cost = 1.48632e+07
cost = 1.48632e+07
cost = 1.49115e+07
cost = 1.48698e+07
cost = 1.48642e+07
cost = 1.48634e+07
cost = 1.48632e+07
cost = 1.48632e+07
cost = 1.48632e+07
cost = 1.48632e+07
cost = 1.48632e+07
cost = 1.48632e+07
cost = 1.48631e+07
cost = 1.48631e+07
cost = 1.48631e+07
cost = 1.48631e+07
cost = 1.48631e+07
cost = 1.48631e+07
cost = 1.48631e+07
cost = 1.48631e+07
cost = 1.4863e+07
cost = 1.4863e+07
cost = 1.4863e+07
cost = 1.4863e+07
cost = 1.4863e+07
cost = 1.4863e+07
cost = 1.4863e+07
cost = 1.4863e+07
cost = 1.48629e+07
cost = 1.48629e+07
cost = 1.48629e+07
cost = 1.48629e+07
cost = 1.48629e+07
cost = 1.48629e+07
cost = 1.48628e+07
cost = 1.48628e+07
cost = 1.48628e+07
cost = 1.48628e+07
cost = 1.48628e+07
cost = 1.48628e+07
cost = 1.48628e+07
cost = 1.48627e+07
cost = 1.48627e+07
cost = 1.48627e+07
cost = 1.48627e+07
cost = 1.48626e+07
cost = 1.48626e+07
cost = 1.48626e+07
cost = 1.48626e+07
cost = 1.48626e+07
cost = 1.48626e+07
cost = 1.49006e+07
cost = 1.48657e+07
cost = 1.48628e+07
cost = 1.48626e+07
cost = 1.48626e+07
cost = 1.48637e+07
cost = 1.48628e+07
cost = 1.48626e+07
cost = 1.48626e+07
cost = 1.48625e+07
cost = 1.48625e+07
cost = 1.48625e+07
cost = 1.48625e+07
cost = 1.48625e+07
cost = 1.48625e+07
cost = 1.48632e+07
cost = 1.48626e+07
cost = 1.48625e+07
cost = 1.48625e+07
cost = 1.48625e+07
cost = 1.48625e+07
cost = 1.48625e+07
cost = 1.48625e+07
cost = 1.48625e+07
cost = 1.48625e+07
cost = 1.48624e+07
cost = 1.48624e+07
cost = 1.48624e+07
cost = 1.48624e+07
cost = 1.48624e+07
cost = 1.48624e+07
cost = 1.48624e+07
cost = 1.48624e+07
cost = 1.48624e+07
cost = 1.48624e+07
cost = 1.48623e+07
cost = 1.48623e+07
cost = 1.48623e+07
cost = 1.48623e+07
cost = 1.48623e+07
cost = 1.48623e+07
cost = 1.48623e+07
cost = 1.48623e+07
cost = 1.48623e+07
cost = 1.48623e+07
cost = 1.48623e+07
cost = 1.48623e+07
cost = 1.48623e+07
cost = 1.48623e+07
cost = 1.48623e+07
cost = 1.48622e+07
cost = 1.48622e+07
cost = 1.48622e+07
cost = 1.48626e+07
cost = 1.48623e+07
cost = 1.48622e+07
cost = 1.48622e+07
cost = 1.48622e+07
cost = 1.48622e+07
cost = 1.48622e+07
cost = 1.48622e+07
cost = 1.48622e+07
cost = 1.48622e+07
cost = 1.48622e+07
cost = 1.48622e+07
cost = 1.48622e+07
cost = 1.48622e+07
cost = 1.48622e+07
cost = 1.48621e+07
cost = 1.48621e+07
cost = 1.48621e+07
cost = 1.48621e+07
cost = 1.48621e+07
cost = 1.48621e+07
cost = 1.48621e+07
cost = 1.48621e+07
cost = 1.48621e+07
cost = 1.48621e+07
cost = 1.4862e+07
cost = 1.4862e+07
cost = 1.4862e+07
cost = 1.4862e+07
cost = 1.4862e+07
cost = 1.4862e+07
cost = 1.4862e+07
cost = 1.4862e+07
cost = 1.48619e+07
cost = 1.4862e+07
cost = 1.48619e+07
cost = 1.48619e+07
cost = 1.48619e+07
cost = 1.48619e+07
cost = 1.48619e+07
cost = 1.48619e+07
cost = 1.48619e+07
cost = 1.48619e+07
cost = 1.48619e+07
cost = 1.48619e+07
cost = 1.48619e+07
cost = 1.48619e+07
cost = 1.48619e+07
cost = 1.48619e+07
cost = 1.48619e+07
cost = 1.48619e+07
cost = 1.48619e+07
cost = 1.48619e+07
cost = 1.48619e+07
cost = 1.48619e+07
cost = 1.48619e+07
cost = 1.48619e+07
cost = 1.48618e+07
cost = 1.48618e+07
cost = 1.48618e+07
cost = 1.48618e+07
cost = 1.48618e+07
cost = 1.48618e+07
cost = 1.48618e+07
cost = 1.48618e+07
cost = 1.48618e+07
cost = 1.48618e+07
cost = 1.48618e+07
cost = 1.48618e+07
cost = 1.48618e+07
cost = 1.48618e+07
cost = 1.48618e+07
cost = 1.48618e+07
cost = 1.48617e+07
cost = 1.48617e+07
cost = 1.48617e+07
cost = 1.48617e+07
cost = 1.48617e+07
cost = 1.48617e+07
cost = 1.48617e+07
cost = 1.48616e+07
cost = 1.48616e+07
cost = 1.48616e+07
cost = 1.48616e+07
cost = 1.48616e+07
cost = 1.48616e+07
cost = 1.48616e+07
cost = 1.48616e+07
cost = 1.48616e+07
cost = 1.4862e+07
cost = 1.48616e+07
cost = 1.48616e+07
cost = 1.48616e+07
cost = 1.48616e+07
cost = 1.48615e+07
cost = 1.48615e+07
cost = 1.48615e+07
cost = 1.48615e+07
cost = 1.48615e+07
cost = 1.48615e+07
cost = 1.48615e+07
cost = 1.48615e+07
cost = 1.48615e+07
cost = 1.48614e+07
cost = 1.48614e+07
cost = 1.48614e+07
cost = 1.48614e+07
cost = 1.48614e+07
cost = 1.48614e+07
cost = 1.48613e+07
cost = 1.48613e+07
cost = 1.48613e+07
cost = 1.48613e+07
cost = 1.48613e+07
cost = 1.48612e+07
cost = 1.48612e+07
cost = 1.48612e+07
cost = 1.48612e+07
cost = 1.48611e+07
cost = 1.48611e+07
cost = 1.48611e+07
cost = 1.48611e+07
cost = 1.4861e+07
cost = 1.4861e+07
cost = 1.4861e+07
cost = 1.4861e+07
cost = 1.48609e+07
cost = 1.48609e+07
cost = 1.48609e+07
cost = 1.48609e+07
cost = 1.48609e+07
cost = 1.48609e+07
cost = 1.48609e+07
cost = 1.48609e+07
cost = 1.48608e+07
cost = 1.48608e+07
cost = 1.48608e+07
cost = 1.48608e+07
cost = 1.48608e+07
cost = 1.48659e+07
cost = 1.48611e+07
cost = 1.48609e+07
cost = 1.48608e+07
cost = 1.48608e+07
cost = 1.48608e+07
cost = 1.48608e+07
cost = 1.48608e+07
cost = 1.48608e+07
cost = 1.48608e+07
cost = 1.48608e+07
cost = 1.48608e+07
cost = 1.48608e+07
cost = 1.48608e+07
cost = 1.48608e+07
cost = 1.48608e+07
cost = 1.48607e+07
cost = 1.48607e+07
cost = 1.48607e+07
cost = 1.48607e+07
cost = 1.48607e+07
cost = 1.48607e+07
cost = 1.48607e+07
cost = 1.48607e+07
cost = 1.48607e+07
cost = 1.48607e+07
cost = 1.48607e+07
cost = 1.48607e+07
cost = 1.48606e+07
cost = 1.48607e+07
cost = 1.48606e+07
cost = 1.48606e+07
cost = 1.48606e+07
cost = 1.48606e+07
cost = 1.48606e+07
cost = 1.48606e+07
cost = 1.48606e+07
cost = 1.48606e+07
cost = 1.48606e+07
cost = 1.48606e+07
cost = 1.48606e+07
cost = 1.48605e+07
cost = 1.48605e+07
cost = 1.48605e+07
cost = 1.48605e+07
cost = 1.48605e+07
cost = 1.48605e+07
cost = 1.48604e+07
cost = 1.48604e+07
cost = 1.48604e+07
cost = 1.48604e+07
cost = 1.48604e+07
cost = 1.48807e+07
cost = 1.48611e+07
cost = 1.48605e+07
cost = 1.48604e+07
cost = 1.48603e+07
cost = 1.48603e+07
cost = 1.48603e+07
cost = 1.48603e+07
cost = 1.48603e+07
cost = 1.48603e+07
cost = 1.48603e+07
cost = 1.48603e+07
cost = 1.48603e+07
cost = 1.48603e+07
cost = 1.48602e+07
cost = 1.48602e+07
cost = 1.48602e+07
cost = 1.48602e+07
cost = 1.48602e+07
cost = 1.48602e+07
cost = 1.48602e+07
cost = 1.48602e+07
cost = 1.48602e+07
cost = 1.48601e+07
cost = 1.48601e+07
cost = 1.48601e+07
cost = 1.48601e+07
cost = 1.48601e+07
cost = 1.48601e+07
cost = 1.48601e+07
cost = 1.48601e+07
cost = 1.48601e+07
cost = 1.486e+07
cost = 1.486e+07
cost = 1.486e+07
cost = 1.486e+07
cost = 1.486e+07
cost = 1.486e+07
cost = 1.48599e+07
cost = 1.48599e+07
cost = 1.48599e+07
cost = 1.48599e+07
cost = 1.48599e+07
cost = 1.48599e+07
cost = 1.48599e+07
cost = 1.48599e+07
cost = 1.48599e+07
cost = 1.48599e+07
cost = 1.48599e+07
cost = 1.48598e+07
cost = 1.48598e+07
cost = 1.48598e+07
cost = 1.48598e+07
cost = 1.48598e+07
cost = 1.48598e+07
cost = 1.48598e+07
cost = 1.48598e+07
cost = 1.48598e+07
cost = 1.48598e+07
cost = 1.48598e+07
cost = 1.48598e+07
cost = 1.48597e+07
cost = 1.48597e+07
cost = 1.48597e+07
cost = 1.48597e+07
cost = 1.48597e+07
cost = 1.48597e+07
cost = 1.48599e+07
cost = 1.48597e+07
cost = 1.48597e+07
cost = 1.48597e+07
cost = 1.48597e+07
cost = 1.48597e+07
cost = 1.48597e+07
cost = 1.48597e+07
cost = 1.48597e+07
cost = 1.48597e+07
cost = 1.48596e+07
cost = 1.48596e+07
cost = 1.48596e+07
cost = 1.48596e+07
cost = 1.48596e+07
cost = 1.48596e+07
cost = 1.48596e+07
cost = 1.48596e+07
cost = 1.48596e+07
cost = 1.48595e+07
cost = 1.48595e+07
cost = 1.48595e+07
cost = 1.48595e+07
cost = 1.48595e+07
cost = 1.48595e+07
cost = 1.48595e+07
cost = 1.48595e+07
cost = 1.48595e+07
cost = 1.48594e+07
cost = 1.48594e+07
cost = 1.48594e+07
cost = 1.48594e+07
cost = 1.48593e+07
cost = 1.48593e+07
cost = 1.48592e+07
cost = 1.48592e+07
cost = 1.48592e+07
cost = 1.48592e+07
cost = 1.48592e+07
cost = 1.48592e+07
cost = 1.48592e+07
cost = 1.48591e+07
cost = 1.48591e+07
cost = 1.48591e+07
cost = 1.48591e+07
cost = 1.48591e+07
cost = 1.48591e+07
cost = 1.48591e+07
cost = 1.4859e+07
cost = 1.4859e+07
cost = 1.4859e+07
cost = 1.4859e+07
cost = 1.4859e+07
cost = 1.48589e+07
cost = 1.48589e+07
cost = 1.48589e+07
cost = 1.48588e+07
cost = 1.48588e+07
cost = 1.48588e+07
cost = 1.48588e+07
cost = 1.48587e+07
cost = 1.48587e+07
cost = 1.48587e+07
cost = 1.48587e+07
cost = 1.48587e+07
cost = 1.48586e+07
cost = 1.48586e+07
cost = 1.48586e+07
cost = 1.48586e+07
cost = 1.48586e+07
cost = 1.48586e+07
cost = 1.48586e+07
cost = 1.48586e+07
cost = 1.48586e+07
cost = 1.48585e+07
cost = 1.48585e+07
cost = 1.48585e+07
cost = 1.48585e+07
cost = 1.48585e+07
cost = 1.48586e+07
cost = 1.48585e+07
cost = 1.48585e+07
cost = 1.48585e+07
cost = 1.48585e+07
cost = 1.48585e+07
cost = 1.48585e+07
cost = 1.48585e+07
cost = 1.48585e+07
cost = 1.48584e+07
cost = 1.48584e+07
cost = 1.48584e+07
cost = 1.48584e+07
cost = 1.48584e+07
cost = 1.48584e+07
cost = 1.48584e+07
cost = 1.48584e+07
cost = 1.48584e+07
cost = 1.48584e+07
cost = 1.48584e+07
cost = 1.48584e+07
cost = 1.48584e+07
cost = 1.48584e+07
cost = 1.48584e+07
cost = 1.48584e+07
cost = 1.48584e+07
cost = 1.48584e+07
cost = 1.48584e+07
cost = 1.48583e+07
cost = 1.48583e+07
cost = 1.48585e+07
cost = 1.48583e+07
cost = 1.48583e+07
cost = 1.48583e+07
cost = 1.48583e+07
cost = 1.48583e+07
cost = 1.48583e+07
cost = 1.48583e+07
cost = 1.48583e+07
cost = 1.48583e+07
cost = 1.48583e+07
cost = 1.48583e+07
cost = 1.48583e+07
cost = 1.48582e+07
cost = 1.48582e+07
cost = 1.48582e+07
cost = 1.48582e+07
cost = 1.48582e+07
cost = 1.48582e+07
cost = 1.48582e+07
cost = 1.48582e+07
cost = 1.48582e+07
cost = 1.48581e+07
cost = 1.48581e+07
cost = 1.48581e+07
cost = 1.48581e+07
cost = 1.48581e+07
cost = 1.48581e+07
cost = 1.48581e+07
cost = 1.48581e+07
cost = 1.48581e+07
cost = 1.48581e+07
cost = 1.48581e+07
cost = 1.48581e+07
cost = 1.4858e+07
cost = 1.4858e+07
cost = 1.4858e+07
cost = 1.4858e+07
cost = 1.4858e+07
cost = 1.4858e+07
cost = 1.4858e+07
cost = 1.4858e+07
cost = 1.4858e+07
cost = 1.4858e+07
cost = 1.4858e+07
cost = 1.4858e+07
cost = 1.4858e+07
cost = 1.4858e+07
cost = 1.4858e+07
cost = 1.4858e+07
cost = 1.4858e+07
cost = 1.4858e+07
cost = 1.4858e+07
cost = 1.4858e+07
cost = 1.48579e+07
cost = 1.48579e+07
cost = 1.48579e+07
cost = 1.48579e+07
cost = 1.48579e+07
cost = 1.48579e+07
cost = 1.48579e+07
cost = 1.48579e+07
cost = 1.48579e+07
cost = 1.48579e+07
cost = 1.48579e+07
cost = 1.48578e+07
cost = 1.48578e+07
cost = 1.48578e+07
cost = 1.48581e+07
cost = 1.48579e+07
cost = 1.48578e+07
cost = 1.48578e+07
cost = 1.48578e+07
cost = 1.48578e+07
cost = 1.48579e+07
cost = 1.48578e+07
cost = 1.48578e+07
cost = 1.48578e+07
cost = 1.48578e+07
cost = 1.48577e+07
cost = 1.48577e+07
cost = 1.48577e+07
cost = 1.48577e+07
cost = 1.48577e+07
cost = 1.48577e+07
cost = 1.48577e+07
cost = 1.48577e+07
cost = 1.48577e+07
cost = 1.48577e+07
cost = 1.48577e+07
cost = 1.48577e+07
cost = 1.48577e+07
cost = 1.48577e+07
cost = 1.48577e+07
cost = 1.48577e+07
cost = 1.48577e+07
cost = 1.48577e+07
cost = 1.48576e+07
cost = 1.48576e+07
cost = 1.48576e+07
cost = 1.48576e+07
cost = 1.48576e+07
cost = 1.48576e+07
cost = 1.48576e+07
cost = 1.48576e+07
cost = 1.48576e+07
cost = 1.48576e+07
cost = 1.48576e+07
cost = 1.48576e+07
cost = 1.48576e+07
cost = 1.48576e+07
cost = 1.48576e+07
cost = 1.48576e+07
cost = 1.48576e+07
cost = 1.48576e+07
cost = 1.48576e+07
cost = 1.48576e+07
cost = 1.48576e+07
cost = 1.48576e+07
cost = 1.48576e+07
cost = 1.48576e+07
cost = 1.48576e+07
cost = 1.48576e+07
cost = 1.48576e+07
cost = 1.48576e+07
cost = 1.48576e+07
cost = 1.48576e+07
cost = 1.48576e+07
cost = 1.48576e+07
cost = 1.48575e+07
cost = 1.48575e+07
cost = 1.48575e+07
cost = 1.48575e+07
cost = 1.48575e+07
cost = 1.48575e+07
cost = 1.48575e+07
cost = 1.48575e+07
cost = 1.48575e+07
cost = 1.48575e+07
cost = 1.48575e+07
cost = 1.48575e+07
cost = 1.48575e+07
cost = 1.48575e+07
cost = 1.48575e+07
cost = 1.48718e+07
cost = 1.48576e+07
cost = 1.48575e+07
cost = 1.98407e+07
cost = 1.52651e+07
cost = 1.4888e+07
cost = 1.48592e+07
cost = 1.48575e+07
cost = 1.48575e+07
cost = 1.48591e+07
cost = 1.48576e+07
cost = 1.48575e+07
cost = 1.48575e+07
cost = 1.48574e+07
cost = 1.48574e+07
cost = 1.48574e+07
cost = 1.48574e+07
cost = 1.48574e+07
cost = 1.48574e+07
cost = 1.48574e+07
cost = 1.48574e+07
cost = 1.48574e+07
cost = 1.48574e+07
cost = 1.48574e+07
cost = 1.48573e+07
cost = 1.48573e+07
cost = 1.48573e+07
cost = 1.48573e+07
cost = 1.48573e+07
cost = 1.48573e+07
cost = 1.48572e+07
cost = 1.48572e+07
cost = 1.48572e+07
cost = 1.48572e+07
cost = 1.48572e+07
cost = 1.48572e+07
cost = 1.48571e+07
cost = 1.48571e+07
cost = 1.48571e+07
cost = 1.48571e+07
cost = 1.48571e+07
cost = 1.48571e+07
cost = 1.4857e+07
cost = 1.4857e+07
cost = 1.4857e+07
cost = 1.4857e+07
cost = 1.4857e+07
cost = 1.4857e+07
cost = 1.4857e+07
cost = 1.4857e+07
cost = 1.4857e+07
cost = 1.4857e+07
cost = 1.4857e+07
cost = 1.48569e+07
cost = 1.48569e+07
cost = 1.48569e+07
cost = 1.48569e+07
cost = 1.48569e+07
cost = 1.48569e+07
cost = 1.48569e+07
cost = 1.48569e+07
cost = 1.48569e+07
cost = 1.48568e+07
cost = 1.48569e+07
cost = 1.48568e+07
cost = 1.48568e+07
cost = 1.48569e+07
cost = 1.48568e+07
cost = 1.48568e+07
cost = 1.48568e+07
cost = 1.48568e+07
cost = 1.48568e+07
cost = 1.48568e+07
cost = 1.48568e+07
cost = 1.48568e+07
cost = 1.48568e+07
cost = 1.48567e+07
cost = 1.48567e+07
cost = 1.48567e+07
cost = 1.48567e+07
cost = 1.48567e+07
cost = 1.48567e+07
cost = 1.48567e+07
cost = 1.48567e+07
cost = 1.48567e+07
cost = 1.48567e+07
cost = 1.48566e+07
cost = 1.48566e+07
cost = 1.48566e+07
cost = 1.48566e+07
cost = 1.48566e+07
cost = 1.48566e+07
cost = 1.48566e+07
cost = 1.48566e+07
cost = 1.48566e+07
cost = 1.48566e+07
cost = 1.48566e+07
cost = 1.48566e+07
cost = 1.48566e+07
cost = 1.48566e+07
cost = 1.48566e+07
cost = 1.48566e+07
cost = 1.48565e+07
cost = 1.48565e+07
cost = 1.48565e+07
cost = 1.48565e+07
cost = 1.48565e+07
cost = 1.48565e+07
cost = 1.48565e+07
cost = 1.48565e+07
cost = 1.48565e+07
cost = 1.48565e+07
cost = 1.48565e+07
cost = 1.48565e+07
cost = 1.48565e+07
cost = 1.48565e+07
cost = 1.48565e+07
cost = 1.48565e+07
cost = 1.48564e+07
cost = 1.48564e+07
cost = 1.48564e+07
cost = 1.48564e+07
cost = 1.48564e+07
cost = 1.48564e+07
cost = 1.48564e+07
cost = 1.48564e+07
cost = 1.48564e+07
cost = 1.48563e+07
cost = 1.48563e+07
cost = 1.48563e+07
cost = 1.48563e+07
cost = 1.48563e+07
cost = 1.48562e+07
cost = 1.48562e+07
cost = 1.48562e+07
cost = 1.48562e+07
cost = 1.48562e+07
cost = 1.48562e+07
cost = 1.48562e+07
cost = 1.48562e+07
cost = 1.48562e+07
cost = 1.48561e+07
cost = 1.48561e+07
cost = 1.48561e+07
cost = 1.48561e+07
cost = 1.48561e+07
cost = 1.48561e+07
cost = 1.48561e+07
cost = 1.4856e+07
cost = 1.4856e+07
cost = 1.4856e+07
cost = 1.4856e+07
cost = 1.4856e+07
cost = 1.4856e+07
cost = 1.4856e+07
cost = 1.4856e+07
cost = 1.4856e+07
cost = 1.4856e+07
cost = 1.4856e+07
cost = 1.4856e+07
cost = 1.4856e+07
cost = 1.4856e+07
cost = 1.48559e+07
cost = 1.48559e+07
cost = 1.48559e+07
cost = 1.48559e+07
cost = 1.48559e+07
cost = 1.48559e+07
cost = 1.48559e+07
cost = 1.48559e+07
cost = 1.48559e+07
cost = 1.48559e+07
cost = 1.48559e+07
cost = 1.48559e+07
cost = 1.48559e+07
cost = 1.48559e+07
cost = 1.48559e+07
cost = 1.48559e+07
cost = 1.48559e+07
cost = 1.48559e+07
cost = 1.48559e+07
cost = 1.48559e+07
cost = 1.48572e+07
cost = 1.48561e+07
cost = 1.48559e+07
cost = 1.48559e+07
cost = 1.48558e+07
cost = 1.48558e+07
cost = 1.48558e+07
cost = 1.48558e+07
cost = 1.48558e+07
cost = 1.48558e+07
cost = 1.48558e+07
cost = 1.48558e+07
cost = 1.48558e+07
cost = 1.48558e+07
cost = 1.48557e+07
cost = 1.48557e+07
cost = 1.48557e+07
cost = 1.48557e+07
cost = 1.48557e+07
cost = 1.48557e+07
cost = 1.48556e+07
cost = 1.48556e+07
cost = 1.48556e+07
cost = 1.48556e+07
cost = 1.48556e+07
cost = 1.48556e+07
cost = 1.48555e+07
cost = 1.48555e+07
cost = 1.48555e+07
cost = 1.48555e+07
cost = 1.48555e+07
cost = 1.48555e+07
cost = 1.48555e+07
cost = 1.48555e+07
cost = 1.48555e+07
cost = 1.48554e+07
cost = 1.48554e+07
cost = 1.48554e+07
cost = 1.48554e+07
cost = 1.48554e+07
cost = 1.48554e+07
cost = 1.48553e+07
cost = 1.48553e+07
cost = 1.48553e+07
cost = 1.48553e+07
cost = 1.48553e+07
cost = 1.48575e+07
cost = 1.48557e+07
cost = 1.48554e+07
cost = 1.48553e+07
cost = 1.48553e+07
cost = 1.48553e+07
cost = 1.48553e+07
cost = 1.48553e+07
cost = 1.48553e+07
cost = 1.48553e+07
cost = 1.48553e+07
cost = 1.48553e+07
cost = 1.48553e+07
cost = 1.48553e+07
cost = 1.48553e+07
cost = 1.48552e+07
cost = 1.48553e+07
cost = 1.48552e+07
cost = 1.48552e+07
cost = 1.48553e+07
cost = 1.48552e+07
cost = 1.48552e+07
cost = 1.48552e+07
cost = 1.48552e+07
cost = 1.48552e+07
cost = 1.48552e+07
cost = 1.48552e+07
cost = 1.48552e+07
cost = 1.48552e+07
cost = 1.48552e+07
cost = 1.48552e+07
cost = 1.48551e+07
cost = 1.48551e+07
cost = 1.48551e+07
cost = 1.48551e+07
cost = 1.48551e+07
cost = 1.48551e+07
cost = 1.48551e+07
cost = 1.4855e+07
cost = 1.4855e+07
cost = 1.4855e+07
cost = 1.4855e+07
cost = 1.4855e+07
cost = 1.4855e+07
cost = 1.4855e+07
cost = 1.4855e+07
cost = 1.4855e+07
cost = 1.48549e+07
cost = 1.48549e+07
cost = 1.48549e+07
cost = 1.48549e+07
cost = 1.48549e+07
cost = 1.48549e+07
cost = 1.48549e+07
cost = 1.48549e+07
cost = 1.48549e+07
cost = 1.48548e+07
cost = 1.48548e+07
cost = 1.48548e+07
cost = 1.48548e+07
cost = 1.48548e+07
cost = 1.48548e+07
cost = 1.48547e+07
cost = 1.48547e+07
cost = 1.48547e+07
cost = 1.48547e+07
cost = 1.48547e+07
cost = 1.48546e+07
cost = 1.48546e+07
cost = 1.48546e+07
cost = 1.48546e+07
cost = 1.48546e+07
cost = 1.48545e+07
cost = 1.48545e+07
cost = 1.48545e+07
cost = 1.48545e+07
cost = 1.48545e+07
cost = 1.48545e+07
cost = 1.48545e+07
cost = 1.48545e+07
cost = 1.48545e+07
cost = 1.48544e+07
cost = 1.48544e+07
cost = 1.48544e+07
cost = 1.48544e+07
cost = 1.4856e+07
cost = 1.48544e+07
cost = 1.48544e+07
cost = 1.52752e+07
cost = 1.48883e+07
cost = 1.48574e+07
cost = 1.48546e+07
cost = 1.48544e+07
cost = 1.48544e+07
cost = 1.48592e+07
cost = 1.4855e+07
cost = 1.48545e+07
cost = 1.48544e+07
cost = 1.48544e+07
cost = 1.48548e+07
cost = 1.48544e+07
cost = 1.48544e+07
cost = 1.48544e+07
cost = 1.48543e+07
cost = 1.48543e+07
cost = 1.48543e+07
cost = 1.48543e+07
cost = 1.48543e+07
cost = 1.48543e+07
cost = 1.48543e+07
cost = 1.48543e+07
cost = 1.48542e+07
cost = 1.48542e+07
cost = 1.48542e+07
cost = 1.48542e+07
cost = 1.48542e+07
cost = 1.48542e+07
cost = 1.48542e+07
cost = 1.48542e+07
cost = 1.48542e+07
cost = 1.48542e+07
cost = 1.48542e+07
cost = 1.48542e+07
cost = 1.48542e+07
cost = 1.48542e+07
cost = 1.48541e+07
cost = 1.48541e+07
cost = 1.48541e+07
cost = 1.48541e+07
cost = 1.48541e+07
cost = 1.48541e+07
cost = 1.48541e+07
cost = 1.48541e+07
cost = 1.48541e+07
cost = 1.48541e+07
cost = 1.48541e+07
cost = 1.48541e+07
cost = 1.4854e+07
cost = 1.4854e+07
cost = 1.4854e+07
cost = 1.4854e+07
cost = 1.4854e+07
cost = 1.4854e+07
cost = 1.4854e+07
cost = 1.4854e+07
cost = 1.4854e+07
cost = 1.4854e+07
cost = 1.4854e+07
cost = 1.4854e+07
cost = 1.4854e+07
cost = 1.4854e+07
cost = 1.4854e+07
cost = 1.4854e+07
cost = 1.48539e+07
cost = 1.48539e+07
cost = 1.48539e+07
cost = 1.48539e+07
cost = 1.48539e+07
cost = 1.48539e+07
cost = 1.48539e+07
cost = 1.48539e+07
cost = 1.48539e+07
cost = 1.48539e+07
cost = 1.48539e+07
cost = 1.48539e+07
cost = 1.48539e+07
cost = 1.48539e+07
cost = 1.48539e+07
cost = 1.48539e+07
cost = 1.48538e+07
cost = 1.48538e+07
cost = 1.48538e+07
cost = 1.48538e+07
cost = 1.48538e+07
cost = 1.48538e+07
cost = 1.48538e+07
cost = 1.48538e+07
cost = 1.48538e+07
cost = 1.48538e+07
cost = 1.48538e+07
cost = 1.48538e+07
cost = 1.48538e+07
cost = 1.48538e+07
cost = 1.48538e+07
cost = 1.48538e+07
cost = 1.48538e+07
cost = 1.48538e+07
cost = 1.48538e+07
cost = 1.48538e+07
cost = 1.48538e+07
cost = 1.48538e+07
cost = 1.48538e+07
cost = 1.48538e+07
cost = 1.48538e+07
cost = 1.48538e+07
cost = 1.48538e+07
cost = 1.48538e+07
cost = 1.48538e+07
cost = 1.48538e+07
cost = 1.48538e+07
cost = 1.48537e+07
cost = 1.48537e+07
cost = 1.48537e+07
cost = 1.48537e+07
cost = 1.48537e+07
cost = 1.48537e+07
cost = 1.48537e+07
cost = 1.48537e+07
cost = 1.48537e+07
cost = 1.48537e+07
cost = 1.48538e+07
cost = 1.48537e+07
cost = 1.48539e+07
cost = 1.48537e+07
cost = 1.48537e+07
cost = 1.48546e+07
cost = 1.48537e+07
cost = 1.48537e+07
cost = 1.48537e+07
cost = 1.48537e+07
cost = 1.48536e+07
cost = 1.48536e+07
cost = 1.48536e+07
cost = 1.48536e+07
cost = 1.48536e+07
cost = 1.48536e+07
cost = 1.48536e+07
cost = 1.48536e+07
cost = 1.48536e+07
cost = 1.48536e+07
cost = 1.48536e+07
cost = 1.48536e+07
cost = 1.48535e+07
cost = 1.48535e+07
cost = 1.48535e+07
cost = 1.48535e+07
cost = 1.48552e+07
cost = 1.48536e+07
cost = 1.48535e+07
cost = 1.48535e+07
cost = 1.48535e+07
cost = 1.48535e+07
cost = 1.48535e+07
cost = 1.48535e+07
cost = 1.48535e+07
cost = 1.48535e+07
cost = 1.48535e+07
cost = 1.48535e+07
cost = 1.48535e+07
cost = 1.48535e+07
cost = 1.48534e+07
cost = 1.48534e+07
cost = 1.48534e+07
cost = 1.48534e+07
cost = 1.48534e+07
cost = 1.48534e+07
cost = 1.48534e+07
cost = 1.48534e+07
cost = 1.48533e+07
cost = 1.48533e+07
cost = 1.48533e+07
cost = 1.48533e+07
cost = 1.48533e+07
cost = 1.48533e+07
cost = 1.48533e+07
cost = 1.48533e+07
cost = 1.48533e+07
cost = 1.48533e+07
cost = 1.48533e+07
cost = 1.48532e+07
cost = 1.48532e+07
cost = 1.48532e+07
cost = 1.48532e+07
cost = 1.48532e+07
cost = 1.48532e+07
cost = 1.48532e+07
cost = 1.48532e+07
cost = 1.48532e+07
cost = 1.48532e+07
cost = 1.48531e+07
cost = 1.48531e+07
cost = 1.48531e+07
cost = 1.48531e+07
cost = 1.48531e+07
cost = 1.48531e+07
cost = 1.48531e+07
cost = 1.4853e+07
cost = 1.4853e+07
cost = 1.4853e+07
cost = 1.4853e+07
cost = 1.4853e+07
cost = 1.4853e+07
cost = 1.4853e+07
cost = 1.4853e+07
cost = 1.48529e+07
cost = 1.48529e+07
cost = 1.48529e+07
cost = 1.48529e+07
cost = 1.48529e+07
cost = 1.48528e+07
cost = 1.48528e+07
cost = 1.48528e+07
cost = 1.48528e+07
cost = 1.48528e+07
cost = 1.48528e+07
cost = 1.48528e+07
cost = 1.48528e+07
cost = 1.48527e+07
cost = 1.48527e+07
cost = 1.48527e+07
cost = 1.48527e+07
cost = 1.48527e+07
cost = 1.48527e+07
cost = 1.48527e+07
cost = 1.48527e+07
cost = 1.48526e+07
cost = 1.48526e+07
cost = 1.48526e+07
cost = 1.48526e+07
cost = 1.48526e+07
cost = 1.48526e+07
cost = 1.48525e+07
cost = 1.48525e+07
cost = 1.48525e+07
cost = 1.48525e+07
cost = 1.48525e+07
cost = 1.48525e+07
cost = 1.48525e+07
cost = 1.48525e+07
cost = 1.48525e+07
cost = 1.48525e+07
cost = 1.48525e+07
cost = 1.48524e+07
cost = 1.48524e+07
cost = 1.48524e+07
cost = 1.48524e+07
cost = 1.48524e+07
cost = 1.48524e+07
cost = 1.48524e+07
cost = 1.48523e+07
cost = 1.48523e+07
cost = 1.48523e+07
cost = 1.48523e+07
cost = 1.48523e+07
cost = 1.48523e+07
cost = 1.48522e+07
cost = 1.48522e+07
cost = 1.48522e+07
cost = 1.48522e+07
cost = 1.48522e+07
cost = 1.48522e+07
cost = 1.48522e+07
cost = 1.48522e+07
cost = 1.48522e+07
cost = 1.48522e+07
cost = 1.48521e+07
cost = 1.48521e+07
cost = 1.48521e+07
cost = 1.48521e+07
cost = 1.48521e+07
cost = 1.48521e+07
cost = 1.4852e+07
cost = 1.4852e+07
cost = 1.4852e+07
cost = 1.4852e+07
cost = 1.48519e+07
cost = 1.4852e+07
cost = 1.48519e+07
cost = 1.48518e+07
cost = 1.48518e+07
cost = 1.48518e+07
cost = 1.48517e+07
cost = 1.48517e+07
cost = 1.48517e+07
cost = 1.48517e+07
cost = 1.48516e+07
cost = 1.48516e+07
cost = 1.48516e+07
cost = 1.48515e+07
cost = 1.48515e+07
cost = 1.48515e+07
cost = 1.48515e+07
cost = 1.48515e+07
cost = 1.48514e+07
cost = 1.48514e+07
cost = 1.48514e+07
cost = 1.48514e+07
cost = 1.48513e+07
cost = 1.48513e+07
cost = 1.48513e+07
cost = 1.48513e+07
cost = 1.48513e+07
cost = 1.48513e+07
cost = 1.48512e+07
cost = 9.64982e+07
cost = 1.48545e+07
cost = 1.48519e+07
cost = 1.48514e+07
cost = 1.48513e+07
cost = 1.48512e+07
cost = 1.48512e+07
cost = 1.48512e+07
cost = 1.48512e+07
cost = 1.48512e+07
cost = 1.48512e+07
cost = 1.48511e+07
cost = 1.48511e+07
cost = 1.48511e+07
cost = 1.48511e+07
cost = 1.48511e+07
cost = 1.48511e+07
cost = 1.48511e+07
cost = 1.48511e+07
cost = 1.48511e+07
cost = 1.48511e+07
cost = 1.4851e+07
cost = 1.48511e+07
cost = 1.4851e+07
cost = 1.4851e+07
cost = 1.4851e+07
cost = 1.4851e+07
cost = 1.4851e+07
cost = 1.4851e+07
cost = 1.4851e+07
cost = 1.4851e+07
cost = 1.4851e+07
cost = 1.4851e+07
cost = 1.4851e+07
cost = 1.48509e+07
cost = 1.48509e+07
cost = 1.48509e+07
cost = 1.48509e+07
cost = 1.48509e+07
cost = 1.48509e+07
cost = 1.49976e+07
cost = 1.48556e+07
cost = 1.48509e+07
cost = 1.48511e+07
cost = 1.48509e+07
cost = 1.48509e+07
cost = 1.48508e+07
cost = 1.48508e+07
cost = 1.48508e+07
cost = 1.48508e+07
cost = 1.48508e+07
cost = 1.48508e+07
cost = 1.48508e+07
cost = 1.48508e+07
cost = 1.48508e+07
cost = 1.48508e+07
cost = 1.48508e+07
cost = 1.48507e+07
cost = 1.48507e+07
cost = 1.48507e+07
cost = 1.48507e+07
cost = 1.48507e+07
cost = 1.48507e+07
cost = 1.48507e+07
cost = 1.48507e+07
cost = 1.48506e+07
cost = 1.48506e+07
cost = 1.48506e+07
cost = 1.48506e+07
cost = 1.48506e+07
cost = 1.48506e+07
cost = 1.48506e+07
cost = 1.48506e+07
cost = 1.48506e+07
cost = 1.48506e+07
cost = 1.48506e+07
cost = 1.48506e+07
cost = 1.48506e+07
cost = 1.48506e+07
cost = 1.48506e+07
cost = 1.48506e+07
cost = 1.48506e+07
cost = 1.48505e+07
cost = 1.48505e+07
cost = 1.48505e+07
cost = 1.48505e+07
cost = 1.48505e+07
cost = 1.48505e+07
cost = 1.48505e+07
cost = 1.48505e+07
cost = 1.48504e+07
cost = 1.48504e+07
cost = 1.48504e+07
cost = 1.48504e+07
cost = 1.48505e+07
cost = 1.48504e+07
cost = 1.4851e+07
cost = 1.48505e+07
cost = 1.48504e+07
cost = 1.48503e+07
cost = 1.48503e+07
cost = 1.48503e+07
cost = 1.48503e+07
cost = 1.48503e+07
cost = 1.48503e+07
cost = 1.48503e+07
cost = 1.48503e+07
cost = 1.48503e+07
cost = 1.48503e+07
cost = 1.48502e+07
cost = 1.48503e+07
cost = 1.48502e+07
cost = 1.48512e+07
cost = 1.48503e+07
cost = 1.48502e+07
cost = 1.48502e+07
cost = 1.48502e+07
cost = 1.48507e+07
cost = 1.48502e+07
cost = 1.48502e+07
cost = 1.48503e+07
cost = 1.48502e+07
cost = 1.48502e+07
cost = 1.48502e+07
cost = 1.48502e+07
cost = 1.48502e+07
cost = 1.48502e+07
cost = 1.48502e+07
cost = 1.48502e+07
cost = 1.48502e+07
cost = 1.48502e+07
cost = 1.48502e+07
cost = 1.48502e+07
cost = 1.48502e+07
cost = 1.48502e+07
cost = 1.48501e+07
cost = 1.48501e+07
cost = 1.48521e+07
cost = 1.48501e+07
cost = 1.48538e+07
cost = 1.48505e+07
cost = 1.48502e+07
cost = 1.48501e+07
cost = 1.48503e+07
cost = 1.48501e+07
cost = 1.48501e+07
cost = 1.48501e+07
cost = 1.48501e+07
cost = 1.48501e+07
cost = 1.48501e+07
cost = 1.48501e+07
cost = 1.48501e+07
cost = 1.48501e+07
cost = 1.48501e+07
cost = 1.485e+07
cost = 1.485e+07
cost = 1.485e+07
cost = 1.485e+07
cost = 1.485e+07
cost = 1.485e+07
cost = 1.48501e+07
cost = 1.485e+07
cost = 1.485e+07
cost = 1.485e+07
cost = 1.485e+07
cost = 1.48499e+07
cost = 1.48499e+07
cost = 1.48499e+07
cost = 1.48499e+07
cost = 1.48499e+07
cost = 1.48499e+07
cost = 1.48499e+07
cost = 1.48499e+07
cost = 1.48499e+07
cost = 1.48499e+07
cost = 1.48499e+07
cost = 1.48499e+07
cost = 1.48499e+07
cost = 1.48499e+07
cost = 1.48499e+07
cost = 1.48499e+07
cost = 1.48499e+07
cost = 1.48499e+07
cost = 1.48499e+07
cost = 1.48499e+07
cost = 1.48499e+07
cost = 1.48499e+07
cost = 1.48498e+07
cost = 1.48498e+07
cost = 1.48498e+07
cost = 1.48498e+07
cost = 1.48498e+07
cost = 1.48498e+07
cost = 1.48497e+07
cost = 1.48497e+07
cost = 1.48497e+07
cost = 1.48497e+07
cost = 1.48497e+07
cost = 1.48497e+07
cost = 1.48496e+07
cost = 1.48496e+07
cost = 1.48496e+07
cost = 1.48496e+07
cost = 1.48496e+07
cost = 1.48496e+07
cost = 1.48496e+07
cost = 1.48496e+07
cost = 1.48495e+07
cost = 1.48495e+07
cost = 1.48495e+07
cost = 1.48495e+07
cost = 1.48495e+07
cost = 1.48496e+07
cost = 1.48495e+07
cost = 1.48496e+07
cost = 1.48495e+07
cost = 1.48495e+07
cost = 1.48495e+07
cost = 1.48495e+07
cost = 1.48495e+07
cost = 1.48494e+07
cost = 1.48494e+07
cost = 1.48494e+07
cost = 1.48494e+07
cost = 1.48494e+07
cost = 1.48494e+07
cost = 1.48493e+07
cost = 1.48493e+07
cost = 1.48493e+07
cost = 1.48493e+07
cost = 1.48493e+07
cost = 1.48493e+07
cost = 1.48493e+07
cost = 1.48492e+07
cost = 1.48492e+07
cost = 1.48492e+07
cost = 1.48492e+07
cost = 1.48492e+07
cost = 1.48492e+07
cost = 1.48492e+07
cost = 1.48492e+07
cost = 1.48491e+07
cost = 1.48491e+07
cost = 1.48491e+07
cost = 1.48491e+07
cost = 1.48491e+07
cost = 1.48491e+07
cost = 1.48491e+07
cost = 1.48491e+07
cost = 1.48491e+07
cost = 1.48491e+07
cost = 1.4849e+07
cost = 1.4849e+07
cost = 1.4849e+07
cost = 1.4849e+07
cost = 1.4849e+07
cost = 1.4849e+07
cost = 1.4849e+07
cost = 1.4849e+07
cost = 1.4849e+07
cost = 1.4849e+07
cost = 1.4849e+07
cost = 1.4849e+07
cost = 1.4849e+07
cost = 1.4849e+07
cost = 1.4849e+07
cost = 1.4849e+07
cost = 1.4849e+07
cost = 1.4849e+07
cost = 1.48489e+07
cost = 1.48489e+07
cost = 1.48489e+07
cost = 1.48497e+07
cost = 1.48489e+07
cost = 1.48489e+07
cost = 1.48979e+07
cost = 1.48536e+07
cost = 1.48494e+07
cost = 1.4849e+07
cost = 1.48489e+07
cost = 1.48489e+07
cost = 1.48489e+07
cost = 1.48489e+07
cost = 1.48489e+07
cost = 1.48489e+07
cost = 1.48489e+07
cost = 1.48488e+07
cost = 1.48488e+07
cost = 1.48488e+07
cost = 1.48488e+07
cost = 1.48488e+07
cost = 1.48488e+07
cost = 1.48488e+07
cost = 1.48488e+07
cost = 1.48488e+07
cost = 1.48488e+07
cost = 1.48488e+07
cost = 1.48488e+07
cost = 1.48488e+07
cost = 1.48488e+07
cost = 1.48488e+07
cost = 1.48488e+07
cost = 1.48488e+07
cost = 1.48488e+07
cost = 1.48488e+07
cost = 1.48488e+07
cost = 1.48488e+07
cost = 1.48487e+07
cost = 1.48487e+07
cost = 1.48487e+07
cost = 1.48487e+07
cost = 1.48487e+07
cost = 1.48487e+07
cost = 1.48487e+07
cost = 1.48487e+07
cost = 1.48487e+07
cost = 1.48487e+07
cost = 1.48487e+07
cost = 1.48487e+07
cost = 1.48487e+07
cost = 1.48487e+07
cost = 1.48487e+07
cost = 1.48487e+07
cost = 1.48487e+07
cost = 1.48487e+07
cost = 1.48487e+07
cost = 1.48486e+07
cost = 1.48486e+07
cost = 1.48486e+07
cost = 1.48486e+07
cost = 1.48486e+07
cost = 1.48486e+07
cost = 1.48486e+07
cost = 1.48486e+07
cost = 1.48485e+07
cost = 1.48485e+07
cost = 1.48485e+07
cost = 1.48485e+07
cost = 1.48485e+07
cost = 1.48485e+07
cost = 1.48485e+07
cost = 1.48485e+07
cost = 1.48485e+07
cost = 1.48485e+07
cost = 1.48485e+07
cost = 1.48484e+07
cost = 1.48484e+07
cost = 1.48484e+07
cost = 1.48484e+07
cost = 1.48484e+07
cost = 1.48484e+07
cost = 1.48484e+07
cost = 1.48484e+07
cost = 1.48484e+07
cost = 1.48484e+07
cost = 1.48484e+07
cost = 1.48484e+07
cost = 1.48484e+07
cost = 1.48484e+07
cost = 1.48483e+07
cost = 1.48483e+07
cost = 1.48483e+07
cost = 1.48483e+07
cost = 1.48483e+07
cost = 1.48483e+07
cost = 1.48483e+07
cost = 1.48483e+07
cost = 1.48483e+07
cost = 1.48483e+07
cost = 1.48483e+07
cost = 1.48483e+07
cost = 1.86725e+07
cost = 1.4849e+07
cost = 1.48484e+07
cost = 1.48483e+07
cost = 1.48483e+07
cost = 1.48482e+07
cost = 1.48482e+07
cost = 1.48482e+07
cost = 1.48482e+07
cost = 1.48482e+07
cost = 1.48482e+07
cost = 1.48482e+07
cost = 1.48482e+07
cost = 1.48482e+07
cost = 1.48485e+07
cost = 1.48482e+07
cost = 1.48482e+07
cost = 1.48482e+07
cost = 1.48481e+07
cost = 1.48481e+07
cost = 1.48481e+07
cost = 1.48481e+07
cost = 1.48481e+07
cost = 1.48481e+07
cost = 1.48481e+07
cost = 1.4848e+07
cost = 1.4848e+07
cost = 1.4864e+07
cost = 1.48487e+07
cost = 1.4848e+07
cost = 1.48481e+07
cost = 1.4848e+07
cost = 1.4848e+07
cost = 1.48479e+07
cost = 1.48479e+07
cost = 1.48488e+07
cost = 1.48479e+07
cost = 1.48479e+07
cost = 1.4848e+07
cost = 1.48479e+07
cost = 1.48479e+07
cost = 1.48701e+07
cost = 1.4848e+07
cost = 1.48479e+07
cost = 1.48479e+07
cost = 1.48479e+07
cost = 1.48479e+07
cost = 1.48479e+07
cost = 1.48479e+07
cost = 1.48479e+07
cost = 1.48479e+07
cost = 1.48479e+07
cost = 1.48478e+07
cost = 1.48478e+07
cost = 1.48478e+07
cost = 1.48478e+07
cost = 1.48478e+07
cost = 1.48478e+07
cost = 1.48478e+07
cost = 1.48478e+07
cost = 1.48477e+07
cost = 1.48477e+07
cost = 1.48477e+07
cost = 1.48477e+07
cost = 1.48477e+07
cost = 1.48477e+07
cost = 1.48477e+07
cost = 1.48477e+07
cost = 1.48477e+07
cost = 1.48476e+07
cost = 1.48476e+07
cost = 1.48476e+07
cost = 1.48476e+07
cost = 1.48476e+07
cost = 1.48476e+07
cost = 1.48476e+07
cost = 1.48476e+07
cost = 1.48476e+07
cost = 1.48476e+07
cost = 1.48476e+07
cost = 1.48476e+07
cost = 1.48476e+07
cost = 1.48475e+07
cost = 1.48475e+07
cost = 1.48475e+07
cost = 1.48475e+07
cost = 1.48475e+07
cost = 1.48475e+07
cost = 1.48475e+07
cost = 1.48475e+07
cost = 1.48475e+07
cost = 1.48475e+07
cost = 1.48474e+07
cost = 1.48474e+07
cost = 1.48474e+07
cost = 1.48474e+07
cost = 1.48474e+07
cost = 1.48474e+07
cost = 1.48474e+07
cost = 1.48474e+07
cost = 1.48474e+07
cost = 1.48473e+07
cost = 1.48473e+07
cost = 1.48473e+07
cost = 1.48473e+07
cost = 1.48473e+07
cost = 1.48473e+07
cost = 1.48473e+07
cost = 1.48473e+07
cost = 1.48473e+07
cost = 1.48473e+07
cost = 1.48472e+07
cost = 1.48473e+07
cost = 1.48472e+07
cost = 1.48472e+07
cost = 1.48472e+07
cost = 1.48472e+07
cost = 1.48472e+07
cost = 1.48472e+07
cost = 1.48472e+07
cost = 1.48472e+07
cost = 1.48472e+07
cost = 1.48471e+07
cost = 1.48471e+07
cost = 1.48471e+07
cost = 1.48471e+07
cost = 1.48471e+07
cost = 1.48471e+07
cost = 1.48471e+07
cost = 1.48471e+07
cost = 1.4847e+07
cost = 1.4847e+07
cost = 1.4847e+07
cost = 1.4847e+07
cost = 1.4847e+07
cost = 1.4847e+07
cost = 1.4847e+07
cost = 1.4847e+07
cost = 1.4847e+07
cost = 1.4847e+07
cost = 1.4847e+07
cost = 1.4847e+07
cost = 1.48469e+07
cost = 1.48469e+07
cost = 1.48469e+07
cost = 1.48469e+07
cost = 1.48468e+07
cost = 1.48468e+07
cost = 1.48468e+07
cost = 1.48468e+07
cost = 1.48468e+07
cost = 1.48467e+07
cost = 1.48467e+07
cost = 1.48467e+07
cost = 1.48467e+07
cost = 1.48467e+07
cost = 1.48467e+07
cost = 1.48466e+07
cost = 1.48466e+07
cost = 1.48466e+07
cost = 1.48466e+07
cost = 1.48465e+07
cost = 1.48465e+07
cost = 1.48465e+07
cost = 1.48465e+07
cost = 1.48472e+07
cost = 1.48466e+07
cost = 1.48465e+07
cost = 1.48465e+07
cost = 1.48465e+07
cost = 1.48464e+07
cost = 1.48464e+07
cost = 1.48464e+07
cost = 1.48464e+07
cost = 1.48464e+07
cost = 1.48464e+07
cost = 1.48464e+07
cost = 1.48463e+07
cost = 1.48463e+07
cost = 1.48463e+07
cost = 1.48463e+07
cost = 1.48463e+07
cost = 1.48463e+07
cost = 1.48463e+07
cost = 1.48463e+07
cost = 1.48463e+07
cost = 1.48462e+07
cost = 1.48462e+07
cost = 1.48463e+07
cost = 1.48462e+07
cost = 1.48462e+07
cost = 1.48462e+07
cost = 1.48462e+07
cost = 1.48462e+07
cost = 1.48462e+07
cost = 1.48462e+07
cost = 1.48462e+07
cost = 1.48461e+07
cost = 1.48461e+07
cost = 1.48461e+07
cost = 1.48461e+07
cost = 1.48461e+07
cost = 1.48461e+07
cost = 1.48461e+07
cost = 1.48461e+07
cost = 1.4846e+07
cost = 1.4846e+07
cost = 1.4846e+07
cost = 1.48461e+07
cost = 1.4846e+07
cost = 1.48461e+07
cost = 1.4846e+07
cost = 1.4846e+07
cost = 1.4846e+07
cost = 1.4846e+07
cost = 1.4846e+07
cost = 1.48459e+07
cost = 1.52456e+07
cost = 1.48459e+07
cost = 1.48459e+07
cost = 1.48459e+07
cost = 1.48459e+07
cost = 1.48459e+07
cost = 1.48459e+07
cost = 1.48459e+07
cost = 1.48459e+07
cost = 1.48459e+07
cost = 1.48459e+07
cost = 1.48458e+07
cost = 1.48458e+07
cost = 1.48458e+07
cost = 1.48458e+07
cost = 1.48459e+07
cost = 1.48458e+07
cost = 1.48458e+07
cost = 1.48458e+07
cost = 1.48458e+07
cost = 1.48458e+07
cost = 1.48458e+07
cost = 1.48458e+07
cost = 1.48457e+07
cost = 1.48457e+07
cost = 1.48457e+07
cost = 1.48459e+07
cost = 1.48457e+07
cost = 1.48457e+07
cost = 1.48457e+07
cost = 1.48458e+07
cost = 1.48457e+07
cost = 1.48457e+07
cost = 1.48457e+07
cost = 1.48457e+07
cost = 1.48456e+07
cost = 1.48456e+07
cost = 1.48456e+07
cost = 1.48457e+07
cost = 1.48456e+07
cost = 1.48456e+07
cost = 1.48456e+07
cost = 1.48456e+07
cost = 1.48456e+07
cost = 1.48456e+07
cost = 1.48456e+07
cost = 1.48456e+07
cost = 1.48456e+07
cost = 1.48456e+07
cost = 1.48455e+07
cost = 1.48455e+07
cost = 1.48455e+07
cost = 1.48455e+07
cost = 1.48455e+07
cost = 1.48455e+07
cost = 1.48455e+07
cost = 1.48455e+07
cost = 1.48455e+07
cost = 1.48455e+07
cost = 1.48455e+07
cost = 1.48455e+07
cost = 1.48455e+07
cost = 1.48455e+07
cost = 1.48455e+07
cost = 1.48455e+07
cost = 1.48454e+07
cost = 1.48454e+07
cost = 1.48454e+07
cost = 1.48454e+07
cost = 1.48454e+07
cost = 1.48454e+07
cost = 1.48454e+07
cost = 1.48454e+07
cost = 1.48454e+07
cost = 1.48454e+07
cost = 1.48454e+07
cost = 1.48454e+07
cost = 1.48454e+07
cost = 1.48454e+07
cost = 1.48454e+07
cost = 1.48454e+07
cost = 1.48454e+07
cost = 1.48454e+07
cost = 1.48454e+07
cost = 1.48454e+07
cost = 1.48454e+07
cost = 1.48453e+07
cost = 1.48453e+07
cost = 1.48453e+07
cost = 1.48453e+07
cost = 1.48453e+07
cost = 1.48453e+07
cost = 1.48453e+07
cost = 1.48453e+07
cost = 1.48462e+07
cost = 1.48453e+07
cost = 1.53376e+07
cost = 1.48785e+07
cost = 1.48469e+07
cost = 1.48453e+07
cost = 1.48453e+07
cost = 4.16292e+07
cost = 1.72441e+07
cost = 1.50549e+07
cost = 1.48632e+07
cost = 1.48468e+07
cost = 1.48454e+07
cost = 1.48453e+07
cost = 1.48453e+07
cost = 1.48458e+07
cost = 1.48454e+07
cost = 1.48453e+07
cost = 1.48453e+07
cost = 1.48452e+07
cost = 1.48452e+07
cost = 1.48452e+07
cost = 1.48452e+07
cost = 1.48452e+07
cost = 1.48452e+07
cost = 1.48452e+07
cost = 1.48452e+07
cost = 1.48452e+07
cost = 1.48452e+07
cost = 1.48452e+07
cost = 1.48452e+07
cost = 1.48452e+07
cost = 1.48452e+07
cost = 1.48452e+07
cost = 1.48452e+07
cost = 1.48452e+07
cost = 1.48452e+07
cost = 1.48452e+07
cost = 1.48452e+07
cost = 1.48452e+07
cost = 1.48452e+07
cost = 1.48452e+07
cost = 1.48545e+07
cost = 1.48459e+07
cost = 1.48452e+07
cost = 1.48452e+07
cost = 1.48653e+07
cost = 1.48469e+07
cost = 1.48452e+07
cost = 1.48451e+07
cost = 1.48451e+07
cost = 1.48451e+07
cost = 1.48451e+07
cost = 1.48451e+07
cost = 1.48451e+07
cost = 1.48451e+07
cost = 1.48451e+07
cost = 1.48451e+07
cost = 1.48451e+07
cost = 1.48451e+07
cost = 1.48452e+07
cost = 1.48451e+07
cost = 1.48451e+07
cost = 1.48451e+07
cost = 1.48451e+07
cost = 1.48451e+07
cost = 1.48451e+07
cost = 1.48451e+07
cost = 1.48451e+07
cost = 1.48451e+07
cost = 1.4845e+07
cost = 1.4845e+07
cost = 1.4845e+07
cost = 1.4845e+07
cost = 1.4845e+07
cost = 1.4845e+07
cost = 1.4845e+07
cost = 1.4845e+07
cost = 1.4845e+07
cost = 1.4845e+07
cost = 1.4845e+07
cost = 1.4845e+07
cost = 1.4845e+07
cost = 1.4845e+07
cost = 1.4845e+07
cost = 1.48449e+07
cost = 1.48449e+07
cost = 1.4845e+07
cost = 1.48449e+07
cost = 1.48449e+07
cost = 1.48449e+07
cost = 1.48449e+07
cost = 1.48449e+07
cost = 1.48449e+07
cost = 1.48449e+07
cost = 1.48449e+07
cost = 1.48449e+07
cost = 1.48448e+07
cost = 1.48448e+07
cost = 1.48448e+07
cost = 1.48448e+07
cost = 1.48448e+07
cost = 1.48448e+07
cost = 1.48448e+07
cost = 1.48447e+07
cost = 1.48447e+07
cost = 1.48447e+07
cost = 1.48447e+07
cost = 1.48447e+07
cost = 1.48447e+07
cost = 1.48447e+07
cost = 1.48447e+07
cost = 1.48447e+07
cost = 1.48447e+07
cost = 1.48447e+07
cost = 1.48446e+07
cost = 1.48447e+07
cost = 1.48446e+07
cost = 1.48446e+07
cost = 1.48446e+07
cost = 1.48446e+07
cost = 1.48446e+07
cost = 1.48446e+07
cost = 1.48446e+07
cost = 1.48446e+07
cost = 1.48446e+07
cost = 1.48446e+07
cost = 1.48446e+07
cost = 1.48446e+07
cost = 1.48446e+07
cost = 1.48446e+07
cost = 1.48446e+07
cost = 1.48446e+07
cost = 1.48446e+07
cost = 1.48446e+07
cost = 1.48446e+07
cost = 1.48446e+07
cost = 1.48446e+07
cost = 1.48445e+07
cost = 1.48445e+07
cost = 1.48445e+07
cost = 1.48445e+07
cost = 1.48445e+07
cost = 1.48445e+07
cost = 1.48445e+07
cost = 1.48445e+07
cost = 1.48445e+07
cost = 1.48445e+07
cost = 1.48444e+07
cost = 1.48444e+07
cost = 1.48444e+07
cost = 1.48444e+07
cost = 1.48444e+07
cost = 1.48444e+07
cost = 1.48444e+07
cost = 1.48444e+07
cost = 1.48444e+07
cost = 1.48444e+07
cost = 1.48444e+07
cost = 1.48444e+07
cost = 1.48444e+07
cost = 1.48443e+07
cost = 1.48443e+07
cost = 1.48443e+07
cost = 1.48443e+07
cost = 1.48443e+07
cost = 1.48443e+07
cost = 1.48443e+07
cost = 1.48442e+07
cost = 1.51562e+07
cost = 1.48449e+07
cost = 1.48443e+07
cost = 1.48442e+07
cost = 1.48442e+07
cost = 1.48442e+07
cost = 1.48442e+07
cost = 1.48442e+07
cost = 1.48442e+07
cost = 1.48454e+07
cost = 1.48442e+07
cost = 1.48442e+07
cost = 1.48442e+07
cost = 1.48442e+07
cost = 1.48442e+07
cost = 1.48442e+07
cost = 1.48448e+07
cost = 1.48442e+07
cost = 1.48442e+07
cost = 1.48522e+07
cost = 1.4845e+07
cost = 1.48443e+07
cost = 1.48442e+07
cost = 1.48442e+07
cost = 1.48442e+07
cost = 1.48442e+07
cost = 1.48442e+07
cost = 1.48442e+07
cost = 1.48442e+07
cost = 1.48441e+07
cost = 1.48441e+07
cost = 1.48441e+07
cost = 1.48442e+07
cost = 1.48441e+07
cost = 1.48441e+07
cost = 1.48441e+07
cost = 1.48441e+07
cost = 1.48441e+07
cost = 1.48441e+07
cost = 1.48441e+07
cost = 1.48441e+07
cost = 1.48441e+07
cost = 1.48441e+07
cost = 1.48441e+07
cost = 1.48441e+07
cost = 1.48441e+07
cost = 1.48441e+07
cost = 1.48441e+07
cost = 1.48441e+07
cost = 1.48441e+07
cost = 1.48441e+07
cost = 1.4844e+07
cost = 1.4844e+07
cost = 1.4844e+07
cost = 1.4844e+07
cost = 1.4844e+07
cost = 1.4844e+07
cost = 1.4844e+07
cost = 1.4844e+07
cost = 1.4844e+07
cost = 1.4844e+07
cost = 1.4844e+07
cost = 1.4844e+07
cost = 1.4844e+07
cost = 1.48439e+07
cost = 1.48439e+07
cost = 1.48439e+07
cost = 1.48439e+07
cost = 1.48439e+07
cost = 1.48439e+07
cost = 1.48439e+07
cost = 1.48439e+07
cost = 1.48439e+07
cost = 1.48439e+07
cost = 1.48439e+07
cost = 1.48439e+07
cost = 1.48439e+07
cost = 1.50647e+07
cost = 1.48445e+07
cost = 1.4844e+07
cost = 1.48439e+07
cost = 1.48439e+07
cost = 1.48439e+07
cost = 1.48438e+07
cost = 1.48438e+07
cost = 1.48439e+07
cost = 1.48438e+07
cost = 1.50733e+07
cost = 1.48465e+07
cost = 1.48438e+07
cost = 1.52177e+07
cost = 1.48736e+07
cost = 1.48451e+07
cost = 1.48438e+07
cost = 1.48438e+07
cost = 3.27431e+07
cost = 1.65758e+07
cost = 1.50315e+07
cost = 1.48618e+07
cost = 1.48451e+07
cost = 1.48439e+07
cost = 1.48438e+07
cost = 1.48438e+07
cost = 1.48438e+07
cost = 1.48438e+07
cost = 1.48437e+07
cost = 1.48437e+07
cost = 1.48437e+07
cost = 1.48438e+07
cost = 1.48437e+07
cost = 1.48437e+07
cost = 1.48437e+07
cost = 1.48437e+07
cost = 1.48437e+07
cost = 1.48437e+07
cost = 1.48437e+07
cost = 1.48437e+07
cost = 1.48437e+07
cost = 1.48437e+07
cost = 1.48436e+07
cost = 1.48436e+07
cost = 1.48436e+07
cost = 1.48436e+07
cost = 1.48436e+07
cost = 1.48436e+07
cost = 1.48436e+07
cost = 1.48436e+07
cost = 1.48436e+07
cost = 1.48436e+07
cost = 1.48436e+07
cost = 1.48436e+07
cost = 1.48435e+07
cost = 1.48435e+07
cost = 1.48435e+07
cost = 1.48435e+07
cost = 1.48435e+07
cost = 1.48435e+07
cost = 1.48435e+07
cost = 1.48435e+07
cost = 1.48435e+07
cost = 1.48435e+07
cost = 1.48435e+07
cost = 1.48435e+07
cost = 1.48435e+07
cost = 1.48435e+07
cost = 1.48434e+07
cost = 1.48434e+07
cost = 1.48434e+07
cost = 1.48434e+07
cost = 1.48434e+07
cost = 1.48434e+07
cost = 1.48434e+07
cost = 1.48434e+07
cost = 1.48434e+07
cost = 1.48434e+07
cost = 1.48434e+07
cost = 1.48434e+07
cost = 1.48433e+07
cost = 1.48433e+07
cost = 1.48433e+07
cost = 1.48433e+07
cost = 1.48433e+07
cost = 1.48434e+07
cost = 1.48433e+07
cost = 1.48433e+07
cost = 1.48433e+07
cost = 1.48433e+07
cost = 1.48433e+07
cost = 1.48433e+07
cost = 1.48433e+07
cost = 1.48433e+07
cost = 1.48432e+07
cost = 1.48432e+07
cost = 1.48432e+07
cost = 1.48432e+07
cost = 1.48432e+07
cost = 1.48433e+07
cost = 1.48432e+07
cost = 1.48432e+07
cost = 1.48432e+07
cost = 1.48432e+07
cost = 1.48432e+07
cost = 1.48432e+07
cost = 1.48431e+07
cost = 1.48431e+07
cost = 1.48431e+07
cost = 1.48431e+07
cost = 1.48431e+07
cost = 1.48431e+07
cost = 1.48431e+07
cost = 1.48431e+07
cost = 1.48431e+07
cost = 1.48431e+07
cost = 1.48431e+07
cost = 1.48431e+07
cost = 1.48431e+07
cost = 1.48431e+07
cost = 1.48431e+07
cost = 1.48431e+07
cost = 1.4843e+07
cost = 1.4843e+07
cost = 1.4843e+07
cost = 1.4843e+07
cost = 1.4843e+07
cost = 1.4843e+07
cost = 1.4843e+07
cost = 1.4843e+07
cost = 1.4843e+07
cost = 1.4843e+07
cost = 1.4843e+07
cost = 1.48429e+07
cost = 1.48429e+07
cost = 1.48429e+07
cost = 1.48429e+07
cost = 1.48429e+07
cost = 1.48429e+07
cost = 1.48429e+07
cost = 1.48429e+07
cost = 1.48429e+07
cost = 1.48428e+07
cost = 1.48429e+07
cost = 1.48428e+07
cost = 1.48428e+07
cost = 1.48428e+07
cost = 1.48428e+07
cost = 1.48435e+07
cost = 1.48429e+07
cost = 1.48428e+07
cost = 1.48428e+07
cost = 1.48428e+07
cost = 1.48428e+07
cost = 1.48428e+07
cost = 1.48428e+07
cost = 1.48428e+07
cost = 1.48428e+07
cost = 1.48428e+07
cost = 1.48428e+07
cost = 1.48428e+07
cost = 1.48429e+07
cost = 1.48428e+07
cost = 1.48428e+07
cost = 1.48427e+07
cost = 1.48427e+07
cost = 1.48427e+07
cost = 1.48427e+07
cost = 1.48427e+07
cost = 1.48427e+07
cost = 1.48427e+07
cost = 1.48427e+07
cost = 1.48427e+07
cost = 1.48427e+07
cost = 1.48426e+07
cost = 1.48426e+07
cost = 1.48426e+07
cost = 1.48426e+07
cost = 1.48426e+07
cost = 1.48426e+07
cost = 1.48426e+07
cost = 1.48426e+07
cost = 1.48426e+07
cost = 1.48426e+07
cost = 1.48426e+07
cost = 1.48426e+07
cost = 1.48426e+07
cost = 1.48426e+07
cost = 1.48426e+07
cost = 1.48426e+07
cost = 1.48426e+07
cost = 1.48426e+07
cost = 1.48426e+07
cost = 1.48426e+07
cost = 1.48426e+07
cost = 1.48425e+07
cost = 1.48462e+07
cost = 1.48425e+07
cost = 1.54134e+07
cost = 1.48645e+07
cost = 1.48426e+07
cost = 1.48425e+07
cost = 1.55011e+07
cost = 1.48914e+07
cost = 1.4845e+07
cost = 1.48426e+07
cost = 1.48425e+07
cost = 1.48425e+07
cost = 1.4843e+07
cost = 1.48426e+07
cost = 1.48425e+07
cost = 1.48425e+07
cost = 1.48425e+07
cost = 1.48425e+07
cost = 1.48425e+07
cost = 1.48425e+07
cost = 1.48425e+07
cost = 1.48425e+07
cost = 1.48425e+07
cost = 1.48425e+07
cost = 1.48425e+07
cost = 1.48425e+07
cost = 1.48425e+07
cost = 1.48425e+07
cost = 1.48425e+07
cost = 1.48425e+07
cost = 1.48425e+07
cost = 1.48425e+07
cost = 1.48425e+07
cost = 1.48425e+07
cost = 1.48425e+07
cost = 1.48425e+07
cost = 1.48425e+07
cost = 1.48425e+07
cost = 1.48425e+07
cost = 1.48425e+07
cost = 1.48425e+07
cost = 1.48425e+07
cost = 1.48424e+07
cost = 1.48424e+07
cost = 1.48425e+07
cost = 1.48424e+07
cost = 1.48424e+07
cost = 1.48424e+07
cost = 1.48424e+07
cost = 1.48424e+07
cost = 1.48424e+07
cost = 1.48424e+07
cost = 1.48424e+07
cost = 1.48424e+07
cost = 1.48424e+07
cost = 1.48424e+07
cost = 1.48424e+07
cost = 1.48424e+07
cost = 1.48424e+07
cost = 1.48424e+07
cost = 1.48424e+07
cost = 1.48424e+07
cost = 1.48424e+07
cost = 1.48424e+07
cost = 1.48424e+07
cost = 1.48424e+07
cost = 1.48424e+07
cost = 1.48424e+07
cost = 1.48423e+07
cost = 1.48423e+07
cost = 1.48423e+07
cost = 1.48423e+07
cost = 1.48423e+07
cost = 1.48423e+07
cost = 1.48423e+07
cost = 1.48423e+07
cost = 1.48423e+07
cost = 1.48423e+07
cost = 1.48423e+07
cost = 1.48423e+07
cost = 1.48423e+07
cost = 1.48423e+07
cost = 1.48423e+07
cost = 1.48423e+07
cost = 1.48423e+07
cost = 1.48423e+07
cost = 1.48423e+07
cost = 1.48423e+07
cost = 1.48423e+07
cost = 1.48423e+07
cost = 1.48423e+07
cost = 1.48422e+07
cost = 1.48422e+07
cost = 1.48422e+07
cost = 1.48422e+07
cost = 1.48422e+07
cost = 1.48422e+07
cost = 1.48422e+07
cost = 1.48422e+07
cost = 1.48422e+07
cost = 1.48422e+07
cost = 1.48422e+07
cost = 1.48422e+07
cost = 1.48422e+07
cost = 1.48422e+07
cost = 1.48421e+07
cost = 1.48421e+07
cost = 1.48421e+07
cost = 1.48421e+07
cost = 1.48421e+07
cost = 1.48421e+07
cost = 1.48421e+07
cost = 1.48421e+07
cost = 1.48421e+07
cost = 1.48421e+07
cost = 1.48421e+07
cost = 1.48421e+07
cost = 1.48421e+07
cost = 1.48421e+07
cost = 1.48421e+07
cost = 1.48421e+07
cost = 1.48421e+07
cost = 1.48421e+07
cost = 1.48421e+07
cost = 1.48421e+07
cost = 1.48421e+07
cost = 1.4842e+07
cost = 1.4842e+07
cost = 1.4842e+07
cost = 1.4842e+07
cost = 1.4842e+07
cost = 1.4842e+07
cost = 1.4842e+07
cost = 1.4842e+07
cost = 1.4842e+07
cost = 1.4842e+07
cost = 1.4842e+07
cost = 1.4842e+07
cost = 1.4842e+07
cost = 1.4842e+07
cost = 1.4842e+07
cost = 1.4842e+07
cost = 1.48419e+07
cost = 1.48419e+07
cost = 1.48419e+07
cost = 1.48419e+07
cost = 1.48419e+07
cost = 1.48419e+07
cost = 1.48419e+07
cost = 1.48419e+07
cost = 1.48419e+07
cost = 1.48419e+07
cost = 1.48418e+07
cost = 1.48418e+07
cost = 1.48418e+07
cost = 1.48418e+07
cost = 1.48418e+07
cost = 1.48418e+07
cost = 1.48417e+07
cost = 1.48417e+07
cost = 1.48417e+07
cost = 1.48417e+07
cost = 1.48429e+07
cost = 1.48419e+07
cost = 1.48417e+07
cost = 1.48417e+07
cost = 1.48417e+07
cost = 1.48417e+07
cost = 1.48416e+07
cost = 1.48416e+07
cost = 1.48416e+07
cost = 1.48416e+07
cost = 1.48416e+07
cost = 1.48416e+07
cost = 1.48416e+07
cost = 1.48415e+07
cost = 1.48416e+07
cost = 1.48415e+07
cost = 1.48415e+07
cost = 1.48415e+07
cost = 1.48415e+07
cost = 1.48415e+07
cost = 1.48415e+07
cost = 1.48415e+07
cost = 1.48415e+07
cost = 1.48415e+07
cost = 1.48415e+07
cost = 1.48415e+07
cost = 1.48415e+07
cost = 1.48415e+07
cost = 1.48415e+07
cost = 1.48415e+07
cost = 1.48414e+07
cost = 1.48414e+07
cost = 1.48414e+07
cost = 1.48414e+07
cost = 1.48414e+07
cost = 1.48414e+07
cost = 1.48414e+07
cost = 1.48414e+07
cost = 1.48414e+07
cost = 1.48414e+07
cost = 1.48414e+07
cost = 1.48414e+07
cost = 1.48414e+07
cost = 1.48414e+07
cost = 1.48413e+07
cost = 1.48413e+07
cost = 1.48413e+07
cost = 1.48413e+07
cost = 1.48413e+07
cost = 1.48413e+07
cost = 1.48412e+07
cost = 1.48412e+07
cost = 1.48412e+07
cost = 1.48412e+07
cost = 1.48412e+07
cost = 1.48412e+07
cost = 1.48412e+07
cost = 1.48412e+07
cost = 1.48412e+07
cost = 1.48411e+07
cost = 1.48411e+07
cost = 1.48411e+07
cost = 1.48411e+07
cost = 1.48411e+07
cost = 1.48411e+07
cost = 1.48411e+07
cost = 1.48411e+07
cost = 1.48411e+07
cost = 1.4841e+07
cost = 1.4841e+07
cost = 1.4841e+07
cost = 1.4841e+07
cost = 1.4841e+07
cost = 1.4841e+07
cost = 1.4841e+07
cost = 1.4841e+07
cost = 1.48409e+07
cost = 1.48409e+07
cost = 1.48409e+07
cost = 1.48409e+07
cost = 1.48408e+07
cost = 1.48408e+07
cost = 1.48414e+07
cost = 1.48409e+07
cost = 1.48408e+07
cost = 1.48408e+07
cost = 1.48407e+07
cost = 1.48407e+07
cost = 1.48407e+07
cost = 1.48407e+07
cost = 1.48407e+07
cost = 1.48406e+07
cost = 1.48406e+07
cost = 1.48406e+07
cost = 1.48406e+07
cost = 1.48406e+07
cost = 1.48406e+07
cost = 1.48405e+07
cost = 1.48405e+07
cost = 1.48405e+07
cost = 1.48405e+07
cost = 1.48405e+07
cost = 1.48404e+07
cost = 1.48404e+07
cost = 1.48404e+07
cost = 1.48404e+07
cost = 1.48404e+07
cost = 1.48404e+07
cost = 1.48404e+07
cost = 1.48403e+07
cost = 1.48403e+07
cost = 1.48403e+07
cost = 1.48403e+07
cost = 1.48403e+07
cost = 1.48402e+07
cost = 1.48402e+07
cost = 1.48402e+07
cost = 1.48402e+07
cost = 1.48402e+07
cost = 1.48401e+07
cost = 1.48401e+07
cost = 1.48401e+07
cost = 1.48401e+07
cost = 1.484e+07
cost = 1.484e+07
cost = 1.484e+07
cost = 1.484e+07
cost = 1.48399e+07
cost = 1.48399e+07
cost = 1.48399e+07
cost = 1.48398e+07
cost = 1.48398e+07
cost = 1.48398e+07
cost = 1.48399e+07
cost = 1.48398e+07
cost = 1.48398e+07
cost = 1.48397e+07
cost = 1.48397e+07
cost = 1.48397e+07
cost = 1.48397e+07
cost = 1.48397e+07
cost = 1.48397e+07
cost = 1.48397e+07
cost = 1.48397e+07
cost = 1.48396e+07
cost = 1.48396e+07
cost = 1.48396e+07
cost = 1.48396e+07
cost = 1.48396e+07
cost = 1.48396e+07
cost = 1.48396e+07
cost = 1.48395e+07
cost = 1.48395e+07
cost = 1.48395e+07
cost = 1.48395e+07
cost = 1.48395e+07
cost = 1.48395e+07
cost = 1.48395e+07
cost = 1.48395e+07
cost = 1.48395e+07
cost = 1.48394e+07
cost = 1.48394e+07
cost = 1.48394e+07
cost = 1.48394e+07
cost = 1.48394e+07
cost = 1.48393e+07
cost = 1.48393e+07
cost = 1.48393e+07
cost = 1.48392e+07
cost = 1.48392e+07
cost = 1.48392e+07
cost = 1.48392e+07
cost = 1.48392e+07
cost = 1.48391e+07
cost = 1.48391e+07
cost = 1.48391e+07
cost = 1.48391e+07
cost = 1.4839e+07
cost = 1.4839e+07
cost = 1.4839e+07
cost = 1.48389e+07
cost = 1.48389e+07
cost = 1.48389e+07
cost = 1.48388e+07
cost = 1.48388e+07
cost = 1.48387e+07
cost = 1.48387e+07
cost = 1.48388e+07
cost = 1.48387e+07
cost = 1.48392e+07
cost = 1.48387e+07
cost = 1.48387e+07
cost = 1.48386e+07
cost = 1.48386e+07
cost = 1.48385e+07
cost = 1.48385e+07
cost = 1.48385e+07
cost = 1.48385e+07
cost = 1.48385e+07
cost = 1.48385e+07
cost = 1.48384e+07
cost = 1.48384e+07
cost = 1.48384e+07
cost = 1.48384e+07
cost = 1.48384e+07
cost = 1.48384e+07
cost = 1.48383e+07
cost = 1.48383e+07
cost = 1.48383e+07
cost = 1.48383e+07
cost = 1.48383e+07
cost = 1.48382e+07
cost = 1.48382e+07
cost = 1.48382e+07
cost = 1.48382e+07
cost = 1.48382e+07
cost = 1.48382e+07
cost = 1.48382e+07
cost = 1.48382e+07
cost = 1.48381e+07
cost = 1.48381e+07
cost = 1.48381e+07
cost = 1.48381e+07
cost = 1.48381e+07
cost = 1.48381e+07
cost = 1.48381e+07
cost = 1.48381e+07
cost = 1.48381e+07
cost = 1.48381e+07
cost = 1.48381e+07
cost = 1.48381e+07
cost = 1.48381e+07
cost = 1.48381e+07
cost = 1.4838e+07
cost = 1.4838e+07
cost = 1.4838e+07
cost = 1.4838e+07
cost = 1.4838e+07
cost = 1.4838e+07
cost = 1.4838e+07
cost = 1.4838e+07
cost = 1.4838e+07
cost = 1.48379e+07
cost = 1.48379e+07
cost = 1.48379e+07
cost = 1.48379e+07
cost = 1.48379e+07
cost = 1.48379e+07
cost = 1.48378e+07
cost = 1.48378e+07
cost = 1.48378e+07
cost = 1.48378e+07
cost = 1.48378e+07
cost = 1.48378e+07
cost = 1.48378e+07
cost = 1.48378e+07
cost = 1.48378e+07
cost = 1.48378e+07
cost = 1.48378e+07
cost = 1.48378e+07
cost = 1.48378e+07
cost = 1.48378e+07
cost = 1.48377e+07
cost = 1.48377e+07
cost = 1.48377e+07
cost = 1.48377e+07
cost = 1.48377e+07
cost = 1.48377e+07
cost = 1.48377e+07
cost = 1.48377e+07
cost = 1.48377e+07
cost = 1.48377e+07
cost = 1.48377e+07
cost = 1.48376e+07
cost = 1.48376e+07
cost = 1.4838e+07
cost = 1.48377e+07
cost = 1.48376e+07
cost = 1.48376e+07
cost = 1.48376e+07
cost = 1.48376e+07
cost = 1.48376e+07
cost = 1.48376e+07
cost = 1.48376e+07
cost = 1.48376e+07
cost = 1.48376e+07
cost = 1.48376e+07
cost = 1.48376e+07
cost = 1.48376e+07
cost = 1.48383e+07
cost = 1.48376e+07
cost = 1.48376e+07
cost = 1.48377e+07
cost = 1.48376e+07
cost = 1.48375e+07
cost = 1.48375e+07
cost = 1.48375e+07
cost = 1.48375e+07
cost = 1.48375e+07
cost = 1.48375e+07
cost = 1.48375e+07
cost = 1.48375e+07
cost = 1.48375e+07
cost = 1.48374e+07
cost = 1.48374e+07
cost = 1.48374e+07
cost = 1.48374e+07
cost = 1.48374e+07
cost = 1.48374e+07
cost = 1.48374e+07
cost = 1.48374e+07
cost = 1.48374e+07
cost = 1.48374e+07
cost = 1.48374e+07
cost = 1.48374e+07
cost = 1.48374e+07
cost = 1.48374e+07
cost = 1.48374e+07
cost = 1.48374e+07
cost = 1.48373e+07
cost = 1.48373e+07
cost = 1.48373e+07
cost = 1.48373e+07
cost = 1.48373e+07
cost = 1.48373e+07
cost = 1.48373e+07
cost = 1.48373e+07
cost = 1.48373e+07
cost = 1.48373e+07
cost = 1.48373e+07
cost = 1.48373e+07
cost = 1.48373e+07
cost = 1.48373e+07
cost = 1.48373e+07
cost = 1.48373e+07
cost = 1.48373e+07
cost = 1.48373e+07
cost = 1.48373e+07
cost = 1.48373e+07
cost = 1.48373e+07
cost = 1.48373e+07
cost = 1.48373e+07
cost = 1.48373e+07
cost = 1.48373e+07
cost = 1.48373e+07
cost = 1.48373e+07
cost = 1.48373e+07
cost = 1.48373e+07
cost = 1.48373e+07
cost = 1.48373e+07
cost = 1.48373e+07
cost = 1.48372e+07
cost = 1.48372e+07
cost = 1.48372e+07
cost = 1.48372e+07
cost = 1.48378e+07
cost = 1.48373e+07
cost = 1.48372e+07
cost = 1.48382e+07
cost = 1.48373e+07
cost = 1.48372e+07
cost = 1.48372e+07
cost = 1.48372e+07
cost = 1.48372e+07
cost = 1.48372e+07
cost = 1.48372e+07
cost = 1.48372e+07
cost = 1.48371e+07
cost = 1.48371e+07
cost = 1.48371e+07
cost = 1.4837e+07
cost = 1.4837e+07
cost = 1.4837e+07
cost = 1.4837e+07
cost = 1.4837e+07
cost = 1.4837e+07
cost = 1.4837e+07
cost = 1.4837e+07
cost = 1.4837e+07
cost = 1.4837e+07
cost = 1.48369e+07
cost = 1.48369e+07
cost = 1.48369e+07
cost = 1.48369e+07
cost = 1.48369e+07
cost = 1.48369e+07
cost = 1.48369e+07
cost = 1.48369e+07
cost = 1.48369e+07
cost = 1.48369e+07
cost = 1.48369e+07
cost = 1.48369e+07
cost = 1.48369e+07
cost = 1.48369e+07
cost = 1.48369e+07
cost = 1.48369e+07
cost = 1.48369e+07
cost = 1.48369e+07
cost = 1.48368e+07
cost = 1.48368e+07
cost = 1.48368e+07
cost = 1.48368e+07
cost = 1.48368e+07
cost = 1.48368e+07
cost = 1.48368e+07
cost = 1.48368e+07
cost = 1.48368e+07
cost = 1.48368e+07
cost = 1.48368e+07
cost = 1.48368e+07
cost = 1.48368e+07
cost = 1.48368e+07
cost = 1.48368e+07
cost = 1.48368e+07
cost = 1.48368e+07
cost = 1.48368e+07
cost = 1.48368e+07
cost = 1.48368e+07
cost = 1.48368e+07
cost = 1.48368e+07
cost = 1.48368e+07
cost = 1.48368e+07
cost = 1.48368e+07
cost = 1.48367e+07
cost = 1.48367e+07
cost = 1.48367e+07
cost = 1.48367e+07
cost = 1.48367e+07
cost = 1.48367e+07
cost = 1.48367e+07
cost = 1.48367e+07
cost = 1.48367e+07
cost = 1.48367e+07
cost = 1.48367e+07
cost = 1.48367e+07
cost = 1.48367e+07
cost = 1.48366e+07
cost = 1.48366e+07
cost = 1.48388e+07
cost = 1.48367e+07
cost = 1.48366e+07
cost = 1.48381e+07
cost = 1.48367e+07
cost = 1.48366e+07
cost = 1.48366e+07
cost = 1.48366e+07
cost = 1.48366e+07
cost = 1.48366e+07
cost = 1.48366e+07
cost = 1.48366e+07
cost = 1.48366e+07
cost = 1.48366e+07
cost = 1.48366e+07
cost = 1.48366e+07
cost = 1.48366e+07
cost = 1.48366e+07
cost = 1.48366e+07
cost = 1.48366e+07
cost = 1.48366e+07
cost = 1.48366e+07
cost = 1.48366e+07
cost = 1.48366e+07
cost = 1.48366e+07
cost = 1.48366e+07
cost = 1.48366e+07
cost = 1.48366e+07
cost = 1.48366e+07
cost = 1.48366e+07
cost = 1.48365e+07
cost = 1.48365e+07
cost = 1.48365e+07
cost = 1.48365e+07
cost = 1.48365e+07
cost = 1.48365e+07
cost = 1.48365e+07
cost = 1.48365e+07
cost = 1.48365e+07
cost = 1.48365e+07
cost = 1.48365e+07
cost = 1.48365e+07
cost = 1.48365e+07
cost = 1.48365e+07
cost = 1.48365e+07
cost = 1.48365e+07
cost = 1.48365e+07
cost = 1.48365e+07
cost = 1.48365e+07
cost = 1.48365e+07
cost = 1.48365e+07
cost = 1.48365e+07
cost = 1.48365e+07
cost = 1.48365e+07
cost = 1.48364e+07
cost = 1.48364e+07
cost = 1.48364e+07
cost = 1.48364e+07
cost = 1.48364e+07
cost = 1.48364e+07
cost = 1.48364e+07
cost = 1.48364e+07
cost = 1.48364e+07
cost = 1.48364e+07
cost = 1.48364e+07
cost = 1.48364e+07
cost = 1.48364e+07
cost = 1.48364e+07
cost = 1.48364e+07
cost = 1.48364e+07
cost = 1.48364e+07
cost = 1.48364e+07
cost = 1.48364e+07
cost = 1.48364e+07
cost = 1.48364e+07
cost = 1.48364e+07
cost = 1.48364e+07
cost = 1.48364e+07
cost = 1.48363e+07
cost = 1.48363e+07
cost = 1.48363e+07
cost = 1.48363e+07
cost = 1.48363e+07
cost = 1.48363e+07
cost = 1.48363e+07
cost = 1.48363e+07
cost = 1.48363e+07
cost = 1.48363e+07
cost = 1.48362e+07
cost = 1.48362e+07
cost = 1.48362e+07
cost = 1.48362e+07
cost = 1.48362e+07
cost = 1.48362e+07
cost = 1.48362e+07
cost = 1.48362e+07
cost = 1.48361e+07
cost = 1.48361e+07
cost = 1.48361e+07
cost = 1.48361e+07
cost = 1.48362e+07
cost = 1.48361e+07
cost = 1.48361e+07
cost = 1.48361e+07
cost = 1.48361e+07
cost = 1.48361e+07
cost = 1.48361e+07
cost = 1.48361e+07
cost = 1.48361e+07
cost = 1.48361e+07
cost = 1.48361e+07
cost = 1.48361e+07
cost = 1.48361e+07
cost = 1.48361e+07
cost = 1.48361e+07
cost = 1.4836e+07
cost = 1.4836e+07
cost = 1.4836e+07
cost = 1.4836e+07
cost = 1.4836e+07
cost = 1.4836e+07
cost = 1.4836e+07
cost = 1.4836e+07
cost = 1.4836e+07
cost = 1.4836e+07
cost = 1.4836e+07
cost = 1.4836e+07
cost = 1.4836e+07
cost = 1.4836e+07
cost = 1.4836e+07
cost = 1.4836e+07
cost = 1.4836e+07
cost = 1.4836e+07
cost = 1.4836e+07
cost = 1.4836e+07
cost = 1.48379e+07
cost = 1.4836e+07
cost = 1.4836e+07
cost = 1.53125e+07
cost = 1.48799e+07
cost = 1.48407e+07
cost = 1.48364e+07
cost = 1.4836e+07
cost = 1.4836e+07
cost = 2.23899e+07
cost = 1.51319e+07
cost = 1.48382e+07
cost = 1.4836e+07
cost = 1.4836e+07
cost = 1.4836e+07
cost = 1.4836e+07
cost = 1.4836e+07
cost = 1.4836e+07
cost = 1.4836e+07
cost = 1.4836e+07
cost = 1.4836e+07
cost = 1.4836e+07
cost = 1.4836e+07
cost = 1.4836e+07
cost = 1.48359e+07
cost = 1.48384e+07
cost = 1.48361e+07
cost = 1.48359e+07
cost = 1.48359e+07
cost = 1.48359e+07
cost = 1.48359e+07
cost = 1.4836e+07
cost = 1.48359e+07
cost = 1.48359e+07
cost = 1.48359e+07
cost = 1.48359e+07
cost = 1.48359e+07
cost = 1.48359e+07
cost = 1.48359e+07
cost = 1.48359e+07
cost = 1.48359e+07
cost = 1.48359e+07
cost = 1.48359e+07
cost = 1.48359e+07
cost = 1.48359e+07
cost = 1.48359e+07
cost = 1.48359e+07
cost = 1.48359e+07
cost = 1.48359e+07
cost = 1.48359e+07
cost = 1.48359e+07
cost = 1.48359e+07
cost = 1.48358e+07
cost = 1.48358e+07
cost = 1.48358e+07
cost = 1.48358e+07
cost = 1.48358e+07
cost = 1.48358e+07
cost = 1.48358e+07
cost = 1.48358e+07
cost = 1.48358e+07
cost = 1.48358e+07
cost = 1.48358e+07
cost = 1.48358e+07
cost = 1.48358e+07
cost = 1.48358e+07
cost = 1.48358e+07
cost = 1.48357e+07
cost = 1.48357e+07
cost = 1.48357e+07
cost = 1.48357e+07
cost = 1.48357e+07
cost = 1.48356e+07
cost = 1.48356e+07
cost = 1.48356e+07
cost = 1.48356e+07
cost = 1.48356e+07
cost = 1.48356e+07
cost = 1.48357e+07
cost = 1.48356e+07
cost = 1.48355e+07
cost = 1.48355e+07
cost = 1.48355e+07
cost = 1.48355e+07
cost = 1.48355e+07
cost = 1.48355e+07
cost = 1.48355e+07
cost = 1.48354e+07
cost = 1.48354e+07
cost = 1.48354e+07
cost = 1.48354e+07
cost = 1.48354e+07
cost = 1.48353e+07
cost = 1.48353e+07
cost = 1.48353e+07
cost = 1.48353e+07
cost = 1.48352e+07
cost = 1.48352e+07
cost = 1.48352e+07
cost = 1.48351e+07
cost = 1.48351e+07
cost = 1.4835e+07
cost = 1.4835e+07
cost = 1.4835e+07
cost = 1.4835e+07
cost = 1.4835e+07
cost = 1.4835e+07
cost = 1.48349e+07
cost = 1.4835e+07
cost = 1.48349e+07
cost = 1.48349e+07
cost = 1.48348e+07
cost = 1.48348e+07
cost = 1.48347e+07
cost = 1.48347e+07
cost = 1.48346e+07
cost = 1.48346e+07
cost = 1.48346e+07
cost = 1.48346e+07
cost = 1.48346e+07
cost = 1.48345e+07
cost = 1.48345e+07
cost = 1.48345e+07
cost = 1.48345e+07
cost = 1.48345e+07
cost = 1.48345e+07
cost = 1.48344e+07
cost = 1.48344e+07
cost = 1.48344e+07
cost = 1.48343e+07
cost = 1.48343e+07
cost = 1.48343e+07
cost = 1.48342e+07
cost = 1.48342e+07
cost = 1.48342e+07
cost = 1.48342e+07
cost = 1.48342e+07
cost = 1.48342e+07
cost = 1.48342e+07
cost = 1.48341e+07
cost = 1.48341e+07
cost = 1.48341e+07
cost = 1.4834e+07
cost = 1.4834e+07
cost = 1.4834e+07
cost = 1.48339e+07
cost = 1.48341e+07
cost = 1.48339e+07
cost = 1.48339e+07
cost = 1.48394e+07
cost = 1.48341e+07
cost = 1.48339e+07
cost = 1.48339e+07
cost = 1.48338e+07
cost = 1.48338e+07
cost = 1.48338e+07
cost = 1.48338e+07
cost = 1.48337e+07
cost = 1.48337e+07
cost = 1.48337e+07
cost = 1.48337e+07
cost = 1.48336e+07
cost = 1.48336e+07
cost = 1.48337e+07
cost = 1.48336e+07
cost = 1.48336e+07
cost = 1.48335e+07
cost = 1.48335e+07
cost = 1.48335e+07
cost = 1.48334e+07
cost = 1.48334e+07
cost = 1.48333e+07
cost = 1.48333e+07
cost = 1.48333e+07
cost = 1.48332e+07
cost = 1.48332e+07
cost = 1.48332e+07
cost = 1.48331e+07
cost = 1.48331e+07
cost = 1.48331e+07
cost = 1.4833e+07
cost = 1.4833e+07
cost = 1.4833e+07
cost = 1.48329e+07
cost = 1.48329e+07
cost = 1.48328e+07
cost = 1.48328e+07
cost = 1.48328e+07
cost = 1.48328e+07
cost = 1.48328e+07
cost = 1.48327e+07
cost = 1.48327e+07
cost = 1.48327e+07
cost = 1.48327e+07
cost = 1.48326e+07
cost = 1.48326e+07
cost = 1.48326e+07
cost = 1.48326e+07
cost = 1.48336e+07
cost = 1.48327e+07
cost = 1.48326e+07
cost = 1.4833e+07
cost = 1.48326e+07
cost = 1.48326e+07
cost = 1.48326e+07
cost = 1.48325e+07
cost = 1.48325e+07
cost = 1.48325e+07
cost = 1.48325e+07
cost = 1.48325e+07
cost = 1.48325e+07
cost = 1.48324e+07
cost = 1.48324e+07
cost = 1.48335e+07
cost = 1.48323e+07
cost = 8.03908e+07
cost = 1.58132e+07
cost = 1.48323e+07
cost = 7.3375e+08
cost = 7.19206e+07
cost = 1.87024e+07
cost = 1.50844e+07
cost = 1.48391e+07
cost = 1.48323e+07
cost = 4.2171e+09
cost = 4.8512e+08
cost = 5.52618e+07
cost = 1.83109e+07
cost = 1.52048e+07
cost = 1.48716e+07
cost = 1.48363e+07
cost = 1.48328e+07
cost = 1.48324e+07
cost = 1.48323e+07
cost = 1.48323e+07
cost = 1.48323e+07
cost = 1.48323e+07
cost = 1.48323e+07
cost = 1.48323e+07
cost = 1.48323e+07
cost = 1.48323e+07
cost = 1.48323e+07
cost = 1.48323e+07
cost = 1.48323e+07
cost = 1.48323e+07
cost = 1.48323e+07
cost = 1.48323e+07
cost = 1.48323e+07
cost = 1.48323e+07
cost = 1.48323e+07
cost = 1.48323e+07
cost = 1.48323e+07
cost = 1.48323e+07
cost = 1.48323e+07
cost = 1.48323e+07
cost = 1.48323e+07
cost = 1.48323e+07
cost = 1.48323e+07
cost = 1.48323e+07
cost = 1.48323e+07
cost = 1.48323e+07
cost = 1.48323e+07
cost = 1.48323e+07
cost = 1.48323e+07
cost = 1.48323e+07
cost = 1.48323e+07
cost = 1.48323e+07
cost = 1.48323e+07
cost = 1.48323e+07
cost = 1.48323e+07
cost = 1.48323e+07
cost = 1.48323e+07
cost = 1.48323e+07
cost = 1.48323e+07
cost = 1.48323e+07
cost = 1.48323e+07
cost = 1.48323e+07
cost = 1.48323e+07
cost = 1.48323e+07
cost = 1.48323e+07
cost = 1.48323e+07
cost = 1.48323e+07
cost = 1.48323e+07
cost = 1.48323e+07
[32mFinish optimization![0m
Optimization time usage: 433607 ms
Final cost: 1.48323e+07
Total Duration: 10.4005
Maximum Vel: 1.60571
Maximum Acc: 4.83769
Arm Maximum Vel: 0.151395
Max Z: -0.060, Min Z: -0.240
Max X: 0.077, Min X: -0.113
Max Y: 0.039, Min Y: -0.079
[MANAGE]: Published cost 14832314.041 to /finish_simulation topic.
[31m[ERROR] [1785701006.535207532]: [MANAGE]: No logs to publish![0m
[0m[INFO] [1785701006.535397528]: [1;32m[MANAGE]: The trajectory is published![0m[0m
... logging to /home/amplanner/am-planner-r7r3-r1-ws/runs/write_r7r3_r1_gpu_run_02/ros_home/log/32747c0e-8eac-11f1-933a-00155dca07d1/roslaunch-SC-202607101733-85492.log
Checking log directory for disk usage. This may take a while.
Press Ctrl-C to interrupt
Done checking log file disk usage. Usage is <1GB.
]2;/home/amplanner/am-planner-r7r3-r1-ws/src/src/plan/plan_manage/launch/run_in_sim_other.launch
[1mstarted roslaunch server http://SC-202607101733:34075/[0m

SUMMARY
========

PARAMETERS
 * /debug: False
 * /debug_endEffector: False
 * /dynar: 0.025
 * /jps/allocate_num: 10000000.0
 * /jps/lambda_heu: 1.0
 * /jps/resolution: 0.03
 * /lift/end_pt: [1.0, 0.0, 1.5]
 * /lift/inter_points: [[2.0, 0.0, 0.0, ...
 * /lift/num_points: 1
 * /lift/object/position: [0.0, 0.0, 0.6]
 * /lift/object/quaternion: [1.0, 0.0, 0.0, 0.0]
 * /lift/start_pt: [-3.0, 0.0, 1.2]
 * /lower_arm: 0.16
 * /map/origin_x: -4
 * /map/origin_y: -5
 * /map/origin_z: 0
 * /map/resolution: 0.03
 * /map/world_frame_id: world
 * /map/x_size: 14
 * /map/y_size: 10
 * /map/z_size: 4
 * /mass: 0.98
 * /mode: 2
 * /num_post_point: 0
 * /num_pre_point: 0
 * /object_height: 0.1
 * /press/end_pt: [2.0, 0.0, 1.2]
 * /press/inter_points: [[2.0, 0.0, 0.0, ...
 * /press/num_points: 1
 * /press/object/position: [0.0, 0.0, 0.6]
 * /press/object/quaternion: [1.0, 0.0, 0.0, 0.0]
 * /press/start_pt: [-2.0, 0.0, 1.2]
 * /pull/end_pt: [3.0, 0.0, 1.2]
 * /pull/inter_points: [[2.0, -0.4, 0.2,...
 * /pull/num_points: 4
 * /pull/object/position: [0.0, 0.0, 0.63]
 * /pull/object/quaternion: [1.0, 0.0, 0.0, 0.0]
 * /pull/start_pt: [-3.0, 0.0, 1.2]
 * /push/end_pt: [2.0, 0.0, 1.2]
 * /push/inter_points: [[2.0, -0.3, 1.0,...
 * /push/num_points: 2
 * /push/object/position: [0.0, 1.0, 0.6]
 * /push/object/quaternion: [1.0, 0.0, 0.0, 0.0]
 * /push/start_pt: [-2.0, 0.0, 1.2]
 * /rate: 100.0
 * /rosdistro: noetic
 * /rosversion: 1.17.4
 * /scale: 1.0
 * /se3_node/ArmVelMax: 0.15
 * /se3_node/BiasArmToBody: 0.04
 * /se3_node/BodyRateMax: 1.5
 * /se3_node/BoundArmZ: 0.06
 * /se3_node/CollectData: False
 * /se3_node/CoordinateNum: 10
 * /se3_node/EEDownVel: 0.05
 * /se3_node/EEEllipsoidVizRGBA: [0.753, 0.886, 0....
 * /se3_node/EllipsoidPath: /misc/data/sphere...
 * /se3_node/EndEffectorRadius: 0.025
 * /se3_node/GraspR: 0.1
 * /se3_node/GravAcc: 9.81
 * /se3_node/HorizHalfLen: 0.17
 * /se3_node/InitVel: 1.5
 * /se3_node/LowerArm: 0.16
 * /se3_node/MapHeight: 4.0
 * /se3_node/MapTopic: /random_complex/g...
 * /se3_node/MaxLengthLine: 1.5
 * /se3_node/MultiLayerOpt: False
 * /se3_node/ObjectHeight: 0.0
 * /se3_node/OdomFrame: world
 * /se3_node/OptRelTol1: 1e-08
 * /se3_node/OptRelTol2: 1e-10
 * /se3_node/OrientationR: 0.1
 * /se3_node/PenaltyArm: [1000000.0, 10000...
 * /se3_node/PenaltyGraspWeight: [5000000000.0, 10...
 * /se3_node/PenaltyPVTB: [100000000.0, 100...
 * /se3_node/PlatformR: 1
 * /se3_node/PolyhedronBox: [1.5, 1.5, 1.0]
 * /se3_node/PrintCost: True
 * /se3_node/QdIntervals: 96
 * /se3_node/QuadEllipsoidVizRGBA: [0.682, 0.824, 0....
 * /se3_node/QuadrotorPath: /misc/data/quadco...
 * /se3_node/Restart: False
 * /se3_node/Rho: 0.001
 * /se3_node/S_CurvCoeff: 0.9
 * /se3_node/SafeMargin: 0.02
 * /se3_node/SmoothR: 3
 * /se3_node/StaticRadius: 0.08
 * /se3_node/TargetTopic: /move_base_simple...
 * /se3_node/TaskArmZ: 0.22
 * /se3_node/ThrustAccMax: 15.0
 * /se3_node/ThrustAccMin: 3.0
 * /se3_node/TotalT: 20
 * /se3_node/TrajVizRGB: [0.8, 0.79, 0.0]
 * /se3_node/TrajVizWidth: 1.0
 * /se3_node/UpperArm: 0.1
 * /se3_node/UseC2Diffeo: True
 * /se3_node/VelMax: 1.5
 * /se3_node/VertHalfLen: 0.12
 * /se3_node/overlap: 5
 * /se3_node/use_object_odom: False
 * /se3_node/use_quadrotor_odom: False
 * /staticR: 0.08
 * /task: write
 * /upper_arm: 0.1
 * /world_frame_id: world
 * /write/end_pt: [3.0, 0.0, 1.5]
 * /write/inter_points: [[2.0, -0.2, 0.18...
 * /write/num_points: 6
 * /write/object/position: [0.0, 0.0, 0.62]
 * /write/object/quaternion: [1.0, 0.0, 0.0, 0.0]
 * /write/start_pt: [-3.0, 0.0, 1.5]

NODES
  /
    se3_node (plan_manage/se3_node)

[1mROS_MASTER_URI=http://localhost:11311[0m
]2;/home/amplanner/am-planner-r7r3-r1-ws/src/src/plan/plan_manage/launch/run_in_sim_other.launch http://localhost:11311
[1mprocess[se3_node-1]: started with pid [85559][0m
[se3_node-1] killing on exit
shutting down processing monitor...
... shutting down processing monitor complete
[1mdone[0m
