time,segment_id,segment_local_time,u,position_x,position_y,position_z,velocity_x,velocity_y,velocity_z,acceleration_x,acceleration_y,acceleration_z
0.0,0,0.0,0.0,-1.5,0.0,1.5,0.0,0.0,0.0,0.0,0.0,0.0
0.005,0,0.005,0.003611421459692082,-1.5000000669862654,-2.633634512769745e-09,1.4999999864940485,-4.003641073045233e-05,-1.556733785890385e-06,-8.145171288864947e-06,-0.01589039742284842,-0.0006039569333517594,-0.0032913013559905595
0.01,0,0.01,0.007222842919384164,-1.5000005296873784,-2.0133294872576973e-08,1.4999998902931178,-0.0001576679038228882,-5.853251344112395e-06,-3.324296981092806e-05,-0.031039152602339224,-0.0010961230730603998,-0.006780576462594597
0.015,0,0.015,0.010834264379076244,-1.5000017668362142,-6.480575412373455e-08,1.4999996241712603,-0.0003492030629237066,-1.2333742168366679e-05,-7.627614785898668e-05,-0.045452983483747246,-0.0014777558038924195,-0.010464978735704102
0.02,0,0.02,0.014445685838768327,-1.5000041387925407,-1.461944500886399e-07,1.49999909602435,-0.0006109840614056809,-2.044868267618639e-05,-0.00013821322480529817,-0.05913860801234735,-0.0017501125106143185,-0.014341661591211067
0.025,0,0.025,0.01805710729846041,-1.5000079877109664,-2.7111091998693727e-07,1.499998208941246,-0.0009393866623679584,-2.9654836208937164e-05,-0.00022000848710157983,-0.07210274413341436,-0.001914450577992594,-0.01840777844500748
0.03,0,0.03,0.021668528758152488,-1.5000136377088904,-4.436662350546804e-07,1.499996861274957,-0.0013308202186360606,-3.941525303181711e-05,-0.00032260198827900865,-0.08435210979222312,-0.0019720273907937453,-0.02266048271298533
0.035,0,0.035,0.025279950217844575,-1.5000213950344496,-6.653024351634954e-07,1.4999949467138067,-0.0017817276727618845,-4.919927033385691e-05,-0.0004469195489482222,-0.09589342293404853,-0.0019241003337842713,-0.027096927811036613
0.04,0,0.04,0.028891371677536654,-1.5000315482344688,-9.348239634397415e-07,1.4999923543525981,-0.002288585557023698,-5.8482512227919626e-05,-0.0005938727567993172,-0.10673340150416534,-0.001771926791730671,-0.031714267155053315
0.045,0,0.045,0.03250279313722873,-1.5000443683224074,-1.2484291008836755e-06,1.4999889687637782,-0.0028479039934261466,-6.674688975070088e-05,-0.0007643589666018507,-0.11687876344784845,-0.0015167641493994428,-0.03650965416092741
0.05,0,0.05,0.03611421459692082,-1.5000601089463101,-1.5997414009886153e-06,1.4999846700686017,-0.0034562266937002515,-7.348060086272886e-05,-0.0009592613002048405,-0.12633622671037273,-0.001159869791557084,-0.041480242244550936
0.055,0,0.055,0.0397256360566129,-1.500079006556754,-1.9798411243600968e-06,1.4999793340082974,-0.004110130959303401,-7.8178130448364e-05,-0.0011794486465367625,-0.13511250923701298,-0.0007025011029700945,-0.04662318482181583
0.06,0,0.06,0.043337057516304976,-1.5001012805747977,-2.3772966733350424e-06,1.499972832015231,-0.004806227681419366,-8.034025031579955e-05,-0.001425775661605554,-0.14321432897304404,-0.00014591546840497446,-0.051935635308614114
0.065,0,0.065,0.04694847897599706,-1.500127133559931,-2.7781960266009226e-06,1.4999650312840709,-0.005541161340958285,-7.947401919706099e-05,-0.0016990827684986126,-0.15064840386374084,0.0005086297273717796,-0.05741474712083776
0.07,0,0.07,0.05055990043568915,-1.5001567513780214,-3.166178173814914e-06,1.499955794842952,-0.0063116100085566776,-7.509278274800653e-05,-0.002000196157382795,-0.15742145185437814,0.00125987709959367,-0.06305767367437878
0.075,0,0.075,0.05417132189538122,-1.5001903033692645,-3.5224645502230645e-06,1.499944981624641,-0.007114285344577424,-6.671617354832655e-05,-0.0023299277855044157,-0.16354019089023078,0.002106569263494192,-0.06886156838512913
0.08,0,0.08,0.05778274335507331,-1.500227942516132,-3.825890471279463e-06,1.4999324465377004,-0.007945932599109801,-5.387011110154428e-05,-0.002689075377189255,-0.16901133891657363,0.0030474488343068566,-0.07482358466898086
0.085,0,0.085,0.06139416481476539,-1.5002698056113202,-4.052936567265385e-06,1.4999180405376535,-0.008803330611969439,-3.608680183501532e-05,-0.0030784224238425465,-0.1738416138786816,0.004081258427265156,-0.08094087594182588
0.09,0,0.09,0.06500558627445746,-1.5003160134256988,-4.17776021790847e-06,1.4999016106981489,-0.009683291812698346,-1.29047390999275e-05,-0.003498738183948988,-0.1780377337218294,0.0052067406576025935,-0.08721059561955623
0.095,0,0.095,0.06861700773414955,-1.5003666708762595,-4.172226987001882e-06,1.4998830002821248,-0.010582662220564922,1.6131296828698497e-05,-0.003950777683072738,-0.18160641639129194,0.00642263814055268,-0.09362989711806394
0.1,0,0.1,0.07222842919384163,-1.500421867194065,-4.005942057023464e-06,1.4998620488129746,-0.011498321444563918,5.147023875200946e-05,-0.004435281713857412,-0.18455437983234416,0.007727693491348902,-0.10019593385324088
0.105,0,0.105,0.07583985065353371,-1.500481676092197,-3.6462816637549065e-06,1.49983859214571,-0.012427182683416473,9.355473254732013e-05,-0.004952976836026082,-0.18688834199026078,0.009120649325224774,-0.10690585924097916
0.11,0,0.11,0.0794512721132258,-1.5005461559337054,-3.0584245309009153e-06,1.4998124625381266,-0.013366192725570089,0.0001428211371681126,-0.005504575376381289,-0.18861502081031667,0.010600248257413784,-0.1137568266971707
0.115,0,0.115,0.08306269357291789,-1.5006153498995558,-2.2053833047083437e-06,1.4997834887219688,-0.014312331949198665,0.00019969952464403586,-0.006090775428805033,-0.1897411342377867,0.012165232903149447,-0.12074598963770757
0.12,0,0.12,0.08667411503260995,-1.5006892861565801,-1.0480359885854307e-06,1.4997514959740927,-0.015262614322202437,0.0002646136800809071,-0.006712260854258761,-0.19027340021794564,0.013814345877665252,-0.1278705014784816
0.125,0,0.125,0.09028553649230205,-1.5007679780254235,4.54842622279161e-07,1.4997163061876335,-0.016214087402208064,0.0003379811016607112,-0.007369701280783398,-0.19021853669606847,0.015546329796194717,-0.13512751563538497
0.13,0,0.13,0.09389695795199413,-1.5008514241484934,2.34654950629704e-06,1.4996777379431674,-0.017163832336568523,0.0004202130006415998,-0.008063752103499314,-0.18958326161743003,0.017359927273971315,-0.14251418552430956
0.135,0,0.135,0.0975083794116862,-1.5009396086579088,4.672421980861046e-06,1.4996356065798773,-0.018108963862363214,0.0005117143013578923,-0.008795054484606348,-0.188374292927305,0.019253880926228577,-0.15002766456114736
0.14,0,0.14,0.1011198008713783,-1.501032501343448,7.479806267726012e-06,1.4995897242667178,-0.01904663030639789,0.0006128836412200761,-0.009564235353383799,-0.18659834857096838,0.02122693336819999,-0.15766510616179047
0.145,0,0.145,0.10473122233107036,-1.501130057820498,1.081802605838958e-05,1.4995399000735792,-0.01997401358520467,0.0007241133707148049,-0.010371907406190413,-0.1842621464936949,0.023277827215119052,-0.16542366374213066
0.15,0,0.15,0.10834264379076244,-1.5012322196980024,1.4738351079473199e-05,1.4994859400424527,-0.02088832920504206,0.0008457895534049014,-0.011218669106464414,-0.18137240464075952,0.025405305082219273,-0.1733004907180601
0.155,0,0.155,0.11195406525045452,-1.5013389147464107,1.929396565810275e-05,1.499427647258594,-0.021786826261894952,0.0009782919659293548,-0.012105104684723481,-0.17793584095743697,0.02760810958473415,-0.18129274050547078
0.16,0,0.16,0.11556548671014662,-1.5014500570656264,2.4539937287289493e-05,1.4993648219216889,-0.022666787441474587,0.0011219940980033238,-0.01303178413856475,-0.17395917338900224,0.029884983337897197,-0.18939756652025466
0.165,0,0.165,0.1191769081698387,-1.5015655472529563,3.053318519131092e-05,1.499297261417017,-0.02352552901921858,0.0012772631524181303,-0.013999263232664805,-0.16944911988073008,0.032234668956941895,-0.19761212217830365
0.17,0,0.17,0.12278832962953078,-1.501685272571058,3.733244889109156e-05,1.499224760386618,-0.02436040086029095,0.0014444600450412672,-0.015008083498779712,-0.16441239837789537,0.034655909057101746,-0.20593356089550982
0.17500000000000002,0,0.17500000000000002,0.12639975108922286,-1.50180910711589,4.499825676958379e-05,1.499147110800454,-0.025168786419582062,0.0016239394048163953,-0.016058772235744985,-0.15885572682577276,0.037147446253610265,-0.21435903608776521
0.18,0,0.18,0.13001117254891492,-1.5019369119846593,5.3592894637148744e-05,1.4990641020275752,-0.025948102741708647,0.0018160495737633401,-0.017151842509475594,-0.15278582316963757,0.039708023161700925,-0.2228857011709616
0.185,0,0.185,0.13362259400860702,-1.5020685354437697,6.318037429693711e-05,1.4989755209072855,-0.02669580046101387,0.0020211326069780973,-0.01828779315296599,-0.14620940535476404,0.04233638239660731,-0.23151070956099132
0.19,0,0.19,0.1372340154682991,-1.502203813096772,7.382640211026995e-05,1.4988811518203051,-0.027409363801567187,0.002239524272632829,-0.019467108766290056,-0.13913319132642737,0.04503126657356282,-0.24023121467374609
0.195,0,0.195,0.14084543692799117,-1.502342568052311,8.559834756201944e-05,1.4987807767599368,-0.028086310577164496,0.002471554051975863,-0.020690259716601146,-0.13156389902990256,0.047791418307800995,-0.24904436992511794
0.2,0,0.2,0.14445685838768327,-1.502484611092075,9.85652118259901e-05,1.4986741754032298,-0.02872419219132803,0.002717545139331698,-0.021957702138132085,-0.12350824641046411,0.050615580214555346,-0.25794732873099896
0.20500000000000002,0,0.20500000000000002,0.14806827984737536,-1.5026297408387446,0.00011279759633029914,1.498561125182144,-0.029320593637306408,0.0029778144421010004,-0.023269877932195142,-0.11497295141338702,0.053502494909059374,-0.266937244507281
0.21,0,0.21,0.15167970130706743,-1.50277774392394,0.0001283676713227575,1.4984414013547156,-0.029873133498074633,0.0032526725807605983,-0.02462721476718205,-0.10596473198394622,0.056450905006546565,-0.27601127066985615
0.215,0,0.215,0.1552911227667595,-1.5029283951561716,0.00014534914443625066,1.4983147770762206,-0.030379463946334048,0.0035424238888634913,-0.026030126078564003,-0.09649030606741626,0.05945955312225041,-0.2851665606346163
0.22,0,0.22,0.1589025442264516,-1.5030814576887872,0.00016381722925412,1.498181023470341,-0.030837270744512427,0.003847366413038853,-0.02747901106889167,-0.08655639160907237,0.06252718187140446,-0.2944002678174537
0.225,0,0.225,0.16251396568614368,-1.503236683187921,0.00018384861387554254,1.4980399097003267,-0.031244273244763875,0.004167791912992011,-0.02897425470779516,-0.07616970655418906,0.06565253386924218,-0.3037095456342601
0.23,0,0.23,0.16612538714583577,-1.503393812000442,0.00020552142948091276,1.4978912030401634,-0.03159822438896889,0.004503985861504471,-0.03051622773198405,-0.06533696884804135,0.06883435173099707,-0.31309154750092755
0.23500000000000001,0,0.23500000000000001,0.16973680860552784,-1.5035525733219037,0.00022891521889722245,1.4977346689457345,-0.0318969107087343,0.0048562274444339,-0.03210528664524736,-0.05406489643590411,0.07207137807190263,-0.32254342683334797
0.24,0,0.24,0.1733482300652199,-1.5037126853644913,0.000254110905163443,1.497570071125987,-0.0321381523253934,0.005224789560714135,-0.03374177371845359,-0.04236020726305212,0.07536235550719238,-0.3320623370474134
0.245,0,0.245,0.176959651524912,-1.5038738555249715,0.00028119076009590533,1.4973971716140961,-0.03231980295000577,0.005609938822355187,-0.03542601698955072,-0.030229619274760238,0.0787060266520998,-0.3416454315590159
0.25,0,0.25,0.1805710729846041,-1.5040357805526399,0.00031023837285368023,1.4972157308386291,-0.03243974988335741,0.006011935554443222,-0.037158330263566144,-0.017679850416303128,0.08210113412185845,-0.3512898637840476
0.255,0,0.255,0.18418249444429616,-1.5041981467172711,0.00034133861850395986,1.4970255076947112,-0.03249591401596065,0.006431033795140577,-0.038939013112606724,-0.004717618632956016,0.08554642053170171,-0.36099278713840005
0.26,0,0.26,0.18779391590398825,-1.504360629977066,0.00037457762658743934,1.4968262596151887,-0.03248624982805426,0.006867481295685768,-0.04076835087585883,0.008650358130006449,0.0890406284968632,-0.3707513550379655
0.265,0,0.265,0.19140533736368034,-1.5045228961466013,0.00041004274968369555,1.4966177426417946,-0.032408745389603325,0.0073215195203934665,-0.04264661465958824,0.022417361927309382,0.09258250063257635,-0.3805627208986361
0.27,0,0.27,0.1950167588233724,-1.5046846010647779,0.0004478225319765698,1.4963997114963126,-0.032261422360299385,0.007793383646654506,-0.04457406133714018,0.03657667481367814,0.0961707795540747,-0.39042403813630355
0.275,0,0.275,0.1986281802830645,-1.504845390762769,0.0004880066778195481,1.496171919651742,-0.03204233598956025,0.008283302564935912,-0.04655093354893941,0.05112157884383784,0.09980420787659174,-0.4003324601668599
0.28,0,0.28,0.2022396017427566,-1.5050049016319702,0.0005306860203011419,1.4959341194034628,-0.03174957511653017,0.008791498878780847,-0.048577459702490104,0.06604535607251324,0.103481528215361,-0.41028514040619735
0.28500000000000003,0,0.28500000000000003,0.20585102320244866,-1.505162760591946,0.0005759524898102681,1.495686061940399,-0.03138126217007971,0.009318188904808664,-0.05065385397237585,0.08134128855442972,0.1072014831856159,-0.4202792322702075
0.29,0,0.29,0.20946244466214073,-1.5053185852583801,0.0006238990826016323,1.495427497416185,-0.030935553168805918,0.009863582672714869,-0.05278031630025977,0.09700265834431249,0.11096281540258998,-0.43031188917478275
0.295,0,0.295,0.2130738661218328,-1.5054719841110238,0.0006746198293611067,1.495158175020328,-0.03041063772103213,0.010427883925271145,-0.05495703239488442,0.11302274749688679,0.11476426748151682,-0.44038026453581497
0.3,0,0.3,0.2166852875815249,-1.5056225566616437,0.0007282097637711136,1.4948778430493745,-0.029804739024808007,0.011011290118325346,-0.05718417373207182,0.129394838066878,0.11860458203762979,-0.45048151176919604
0.305,0,0.305,0.22029670904121698,-1.5057698936219712,0.0007847648910760041,1.4945862489780741,-0.029116113867909767,0.011613992420801479,-0.059461897554723454,0.1461122121090107,0.12248250168616252,-0.46061278429081814
0.31,0,0.31,0.22390813050090905,-1.5059135770716514,0.000844382156647439,1.494283139530544,-0.028343052627839812,0.012236175714699723,-0.06179034687282023,0.1631681516780102,0.1263967690423484,-0.470771235516573
0.315,0,0.315,0.22751955196060114,-1.5060531806261903,0.0009071594145497724,1.4939682607514344,-0.027483879271827008,0.01287801859509644,-0.06416965046342256,0.18055593882860194,0.130346126721421,-0.4809540188623528
0.32,0,0.32,0.23113097342029323,-1.5061882696049051,0.0009731953961054288,1.4936413580770913,-0.026536951356826592,0.013539693370144145,-0.06659992287067029,0.1982688556155109,0.1343293173386138,-0.49115828774404946
0.325,0,0.325,0.2347423948799853,-1.506318401198872,0.0010425896784602862,1.4933021764067238,-0.02550066002952016,0.014221366061071501,-0.06908126440578273,0.2163001840934619,0.1383450835091603,-0.5013811955775548
0.33,0,0.33,0.2383538163396774,-1.5064431246388745,0.0011154426531490582,1.492950460173566,-0.024373430026315673,0.01492319640218339,-0.07161376114705868,0.23464320631718072,0.142392167848294,-0.5116198957787613
0.335,0,0.335,0.2419652377993695,-1.5065619813633528,0.00119185549466067,1.4925859534160433,-0.023153719673347527,0.015645337840860817,-0.07419748493987635,0.25329120434139224,0.14646931297124843,-0.5218715417635604
0.34,0,0.34,0.24557665925906155,-1.506674505186352,0.0012719301290036442,1.4922083998489364,-0.02184002088647641,0.016387937537560963,-0.07683249339669342,0.2722374602208214,0.150575261493257,-0.5321332869478446
0.34500000000000003,0,0.34500000000000003,0.24918808071875365,-1.506780222465471,0.0013557692022714799,1.4918175429345464,-0.02043085917128938,0.0171511363658172,-0.0795188298970471,0.2914752560101935,0.15470875602955333,-0.5424022847475054
0.35000000000000003,0,0.35000000000000003,0.2527995021784457,-1.5068786522698105,0.0014434760492080324,1.4914131259538583,-0.018924793623100053,0.01793506891223903,-0.08225652358755392,0.3109978737642341,0.15886853919537086,-0.5526756885784351
0.355,0,0.355,0.2564109236381378,-1.5069693065479226,0.001535154661772896,1.490994892077707,-0.01732041692694814,0.018739863476512148,-0.08504558938191001,0.33079859553766766,0.16305335360594309,-0.5629506518565255
0.36,0,0.36,0.26002234509782984,-1.5070516902957585,0.0016309096577067823,1.4905625844379409,-0.015616355357599811,0.019565642071398437,-0.0878860279608909,0.35087070338521936,0.16726194187650345,-0.5732243279976686
0.365,0,0.365,0.26363376655752196,-1.507125301724618,0.0017308462490969064,1.4901159461985867,-0.013811268779547857,0.020412520422735902,-0.09077782577235162,0.3712074793616158,0.1714930466222857,-0.5834938704177569
0.37,0,0.37,0.26724518801721403,-1.507189632429097,0.0018350702109423576,1.4896547206270143,-0.011903850647011088,0.02128060796943872,-0.09372095503122656,0.3918022055215801,0.17574541045852307,-0.5937564325326817
0.375,0,0.375,0.2708566094769061,-1.5072441675550377,0.0019436878497194922,1.4891786511651013,-0.009892828003934864,0.022170007863497276,-0.09671537371952965,0.4126481639198384,0.18001777600044908,-0.6040091677583354
0.38,0,0.38,0.2744680309365982,-1.5072883859674755,0.0020568059719473083,1.4886874815003974,-0.007776961483990955,0.023080816969978088,-0.09976102558635429,0.43373863661111633,0.18430888586329744,-0.6142492295106098
0.385,0,0.385,0.2780794523962903,-1.5073217604185891,0.0021745318527528227,1.4881809556372891,-0.005555045310577447,0.02401312586702385,-0.10285784014787326,0.4550669056501377,0.18861748266230147,-0.6244737712053968
0.39,0,0.39,0.28169087385598235,-1.507343757715648,0.002296973204436459,1.4876588179681647,-0.0032259072968188335,0.024967018845853412,-0.10600573268733891,0.47662625309162904,0.19294230901269468,-0.6346799462585887
0.395,0,0.395,0.28530229531567447,-1.507353838888962,0.002424238145037429,1.487120813344578,-0.000788408845565804,0.025942573910761834,-0.109204604255083,0.4984099609903145,0.19728210752971068,-0.6448649080860772
0.4,0,0.4,0.28891371677536654,-1.5073514593598294,0.0025564351668991014,1.4865666871484136,0.0017585550506042267,0.026939862779120274,-0.1124543416685167,0.5204113114009199,0.20163562082858283,-0.6550258101037547
0.405,0,0.405,0.2925251382350586,-1.5073360691084856,0.0026936731052343995,1.4859961853630517,0.004416055809387723,0.027958950881376142,-0.11575481751213068,0.5426235863781697,0.20600159152454475,-0.6651598057275125
0.41000000000000003,0,0.41000000000000003,0.2961365596947507,-1.5073071128420517,0.0028360611066911724,1.485409054644532,0.007185131258754867,0.028999897361052938,-0.11910589013749512,0.5650400679767904,0.21037876223282986,-0.6752640483732434
0.41500000000000004,0,0.41500000000000004,0.2997479811544428,-1.5072640301624838,0.002983708597917572,1.4848050423927188,0.010066785636949162,0.030062755074750366,-0.12250740366325955,0.5876540382515054,0.21476587556867166,-0.6853356914568387
0.42,0,0.42,0.30335940261413485,-1.5072062557345205,0.003136725254127443,1.4841838968224652,0.013061989592487902,0.031147570592144312,-0.12595918797515307,0.6104587792570412,0.2191616741473038,-0.6953718883941907
0.425,0,0.425,0.3069708240738269,-1.5071332194536327,0.003295220967665701,1.4835453670347782,0.01617168018416207,0.03225438419598678,-0.12946105872598418,0.6334475730481225,0.22356490058395953,-0.7053697926011914
0.43,0,0.43,0.310582245533519,-1.507044346613971,0.00345930581657371,1.4828892030879832,0.019396760881036236,0.03338322988210598,-0.13301281733564085,0.6566137016794737,0.22797429749387252,-0.7153265574937328
0.435,0,0.435,0.3141936669932111,-1.5069390580763153,0.00362909003315467,1.482215156068888,0.022738101562448536,0.034534135359406325,-0.1366142509910906,0.6799504472058212,0.2323886074922764,-0.7252393364877069
0.44,0,0.44,0.3178050884529032,-1.5068167704360234,0.0038046839725389844,1.4815229781639485,0.0261965385180107,0.03570712204986829,-0.14026513264638016,0.7034510916818892,0.23680657319440432,-0.7351052829990056
0.445,0,0.445,0.3214165099125953,-1.506676896190979,0.003986198081249659,1.480812422730432,0.02977287444760814,0.036902205088548634,-0.14396522102263604,0.7271089171624043,0.24122693721549016,-0.744921550443521
0.45,0,0.45,0.32502793137228736,-1.506518843909541,0.004173742865767664,1.4800832443675829,0.033467878461400064,0.0381193933235802,-0.1477142606080639,0.7509172057020902,0.24564844217076706,-0.7546852922371449
0.455,0,0.455,0.3286393528319794,-1.5063420183984912,0.004367428861097334,1.4793351989877865,0.03728228607981888,0.039358689316172,-0.1515119816579491,0.7748692393556724,0.25006983067546873,-0.7643936617957694
0.46,0,0.46,0.33225077429167155,-1.5061458208709844,0.004567366599331737,1.4785680438877347,0.041216799233571105,0.04062008934060931,-0.15535810019465643,0.798958300177876,0.2544898453448287,-0.7740438125352868
0.465,0,0.465,0.3358621957513636,-1.5059296491144956,0.004773666578218046,1.4777815378195889,0.04527208626363651,0.041903583384253464,-0.15925231800762996,0.8231776702234264,0.2589072287940804,-0.7836328978715883
0.47000000000000003,0,0.47000000000000003,0.3394736172110557,-1.5056928976587693,0.0049864392297229495,1.4769754410621463,0.04944878192126885,0.04320915514754199,-0.16319432265339343,0.8475206315470486,0.26332072363845727,-0.7931580712205665
0.47500000000000003,0,0.47500000000000003,0.3430850386707478,-1.5054349579437682,0.005205794888598006,1.4761495154920035,0.05374748736799513,0.044536782043988636,-0.16718378745554993,0.8719804662034684,0.267729072493193,-0.8026164859981136
0.48,0,0.48,0.3466964601304398,-1.5051552184876218,0.005431843760945019,1.4753035246547215,0.05816877017561598,0.045886435200183213,-0.17122037150478195,0.8965504562474091,0.27213101797352074,-0.812005295620121
0.485,0,0.485,0.35030788159013193,-1.5048530650545744,0.005664695892781464,1.4744372338359901,0.0627131643262062,0.047258079455791864,-0.17530371965885172,0.9212238837335982,0.27652530269467446,-0.8213216535024811
0.49,0,0.49,0.353919303049824,-1.5045278808229348,0.005904461138605806,1.4735504101327928,0.06738117021211362,0.04865167336355675,-0.1794334625426005,0.945994030716759,0.2809106692718873,-0.8305627130610854
0.495,0,0.495,0.35753072450951606,-1.5041790465530238,0.006151249129962928,1.472642822524571,0.07217325463596008,0.05006716918929623,-0.18360921654794943,0.9708541792516173,0.28528586032039294,-0.8397256277118265
0.5,0,0.5,0.3611421459692082,-1.5038059407551243,0.006405169244009493,1.4717142419443883,0.07708985081064053,0.051504512911904894,-0.18783058383389886,0.9957976113928999,0.2896496184554249,-0.8488075508705965
0.505,0,0.505,0.36475356742890025,-1.503407939857428,0.006666330572079318,1.4707644413500967,0.08213135835932422,0.05296364422335343,-0.1920971523265286,1.0208176091953287,0.29400068629221643,-0.8578056359532864
0.51,0,0.51,0.3683649888885923,-1.502984418373986,0.006934841888248777,1.4697931957954993,0.08729814331545356,0.054444496528688706,-0.19640849571899807,1.0459074547136316,0.2983378064460014,-0.8667170363757891
0.515,0,0.515,0.37197641034828444,-1.5025347490726555,0.0072108116179021645,1.4688002825015158,0.09259053812274493,0.05594699694603381,-0.20076417347154604,1.0710604300025333,0.302659721532013,-0.8755389055539962
0.52,0,0.52,0.3755878318079765,-1.5020583031430506,0.0074943478062970735,1.4677854809273474,0.09800884163518782,0.057471066306587944,-0.2051637308114907,1.0962698171167569,0.30696517416548486,-0.8842683969037997
0.525,0,0.525,0.37919925326766857,-1.5015544503644884,0.007785558087129789,1.4667485728416405,0.10355331911704581,0.05901661915462648,-0.20960669873322982,1.1215288981110303,0.3112529069616506,-0.8929026638410918
0.53,0,0.53,0.3828106747273607,-1.5010225592739406,0.008084549651100673,1.4656893423936523,0.10922420224285626,0.060583563747501006,-0.21409259399824065,1.146830955040076,0.3155216625357433,-0.9014388597817643
0.535,0,0.535,0.38642209618705275,-1.5004619973339792,0.008391429214479513,1.4646075761844144,0.1150216890974292,0.062171802055639186,-0.21862091913507958,1.172169269958622,0.31977018350299713,-0.9098741381417097
0.54,0,0.54,0.3900335176467448,-1.4998721311007273,0.00870630298767095,1.4635030633378983,0.12094594417584935,0.06378122976254495,-0.22319116243938295,1.1975371249213913,0.323997212478645,-0.9182056523368188
0.545,0,0.545,0.39364493910643694,-1.499252326391806,0.00902927664377982,1.4623755955721796,0.12699709838347475,0.06541173626479835,-0.22780279797386624,1.2229278019831098,0.3282014920779206,-0.9264305557829847
0.55,0,0.55,0.397256360566129,-1.498601948454285,0.009360455287176547,1.4612249672706024,0.13317524903593658,0.06706320467205562,-0.2324552855683244,1.2483345831985035,0.3323817649160575,-0.9345460018960992
0.555,0,0.555,0.4008677820258211,-1.4979203621326294,0.009699943422062538,1.460050975552944,0.13948045985914023,0.06873551180704908,-0.23714807081963196,1.2737507506222954,0.33653677360828915,-0.9425491440920535
0.56,0,0.56,0.4044792034855132,-1.4972069320366492,0.010047844921035555,1.4588534203465806,0.14591276098926467,0.07042852820558738,-0.24188058509174284,1.299169586309213,0.3406652607698492,-0.9504371357867409
0.5650000000000001,0,0.5650000000000001,0.40809062494520526,-1.4964610227094481,0.010404262993655072,1.4576321044576497,0.15247214897276223,0.0721421181165552,-0.24665224551569045,1.3245843723139799,0.344765969015971,-0.9582071303960522
0.5700000000000001,0,0.5700000000000001,0.4117020464048973,-1.495681998795372,0.010769300155007693,1.4563868336422163,0.15915858676635888,0.07387613950191342,-0.2514624549895876,1.3499883906913213,0.3488376409618878,-0.96585628133588
0.5750000000000001,0,0.5750000000000001,0.41531346786458945,-1.4948692252079567,0.011143058194272528,1.4551174166774379,0.16597200373705429,0.07563044403669913,-0.2563106021786266,1.3753749234959636,0.3528790192228337,-0.9733817420221166
0.58,0,0.58,0.41892488932428146,-1.4940220672978781,0.011525638143286523,1.453823665432727,0.17291229566212174,0.07740487710902552,-0.2611960615150792,1.4007372527826294,0.35688884641404156,-0.9807806658706529
0.585,0,0.585,0.4225363107839735,-1.4931398910208995,0.01191714024510993,1.4525053949409183,0.17997932472910824,0.07919927782008199,-0.2661181931982966,1.4260686606060475,0.3608658651507453,-0.9880502062973822
0.59,0,0.59,0.4261477322436656,-1.4922220631058214,0.012317663922591605,1.4511624234694314,0.18717291953583443,0.08101347898413416,-0.2710763431947097,1.4513624290209406,0.3648088180481785,-0.9951875167181955
0.595,0,0.595,0.4297591537033577,-1.4912679512224287,0.012727307746934445,1.449794572591436,0.19449287509039484,0.08284730712852376,-0.2760698432378286,1.4766118400820345,0.3687164477215742,-1.0021897505489852
0.6,0,0.6,0.4333705751630498,-1.490276924149441,0.013146169406260712,1.4484016672570168,0.2019389528111566,0.08470058249366857,-0.2810980108282427,1.5018101758440547,0.3725874967861663,-1.0090540612056431
0.605,0,0.605,0.43698199662274184,-1.4892483519424597,0.013574345674177483,1.446983535864338,0.20951088052676145,0.08657311903306276,-0.28616014923362126,1.5269507183617257,0.37642070785718823,-1.0157776021040614
0.61,0,0.61,0.44059341808243396,-1.4881816061019175,0.014011932378341986,1.4455400103308071,0.21720835247612444,0.08846472441327656,-0.29125554748871274,1.5520267496897737,0.3802148235498735,-1.0223575266601324
0.615,0,0.615,0.44420483954212603,-1.4870760597410273,0.01445902436902697,1.4440709261642408,0.22503102930843435,0.09037520001395634,-0.2963834803953452,1.5770315518829208,0.38396858647945536,-1.028790988289747
0.62,0,0.62,0.4478162610018181,-1.48593108775373,0.014915715487686134,1.4425761225340288,0.23297853808315322,0.09230434092782465,-0.30154320852242594,1.6019584069958963,0.3876807392611675,-1.0350751404087983
0.625,0,0.625,0.4514276824615102,-1.4847460669826429,0.01538209853551947,1.4410554423422985,0.24105047227001766,0.0942519359606803,-0.3067339782059421,1.6268005970834225,0.39135002451024353,-1.0412071364331779
0.63,0,0.63,0.4550391039212023,-1.48352037638701,0.01585826524203865,1.4395087322950795,0.2492463917490363,0.0962177676313981,-0.3119550215489598,1.6515514042002262,0.3949751848419169,-1.0471841297787778
0.635,0,0.635,0.45865052538089435,-1.482253397210649,0.016344306233632408,1.4379358429734688,0.257565822810493,0.09820161217192917,-0.31720555642162496,1.6762041104010308,0.3985549628714209,-1.0530032738614898
0.64,0,0.64,0.46226194684058647,-1.4809445131499006,0.016840311002131948,1.4363366289047945,0.2660082581549446,0.10020323952730079,-0.32248478646116313,1.7007519977405636,0.40208810121398925,-1.0586617220972059
0.645,0,0.645,0.46587336830027853,-1.4795931105215772,0.017346367873376265,1.434710948633781,0.27457315689322115,0.10222241335561624,-0.32779190107187856,1.7251883482735486,0.40557334248485527,-1.0641566279018184
0.65,0,0.65,0.4694847897599706,-1.4781985784309108,0.01786256397577758,1.433058664793714,0.283259944546427,0.10425889102805518,-0.3331260754251558,1.7495064440547103,0.40900942929925277,-1.069485144691219
0.655,0,0.655,0.4730962112196627,-1.476760308939503,0.018388985208886724,1.4313796441776039,0.29206801304594004,0.1063124236288734,-0.33848647045945857,1.7736995671387747,0.41239510427241505,-1.0746444258813002
0.66,0,0.66,0.4767076326793548,-1.475277697233272,0.01892571621195845,1.429673757809351,0.30099672073341094,0.1083827559554027,-0.3438722328803299,1.7977609995804673,0.4157291100195754,-1.0796316248879536
0.665,0,0.665,0.48031905413904685,-1.4737501417904029,0.019472840332516887,1.4279408810149112,0.310045392360765,0.11046962651805116,-0.3492824951603922,1.821684023434513,0.41901018915596777,-1.084443895127071
0.67,0,0.67,0.483930475598739,-1.4721770445492948,0.020030439594920905,1.4261808934934583,0.3192133190902012,0.11257276754030317,-0.3547163755393479,1.8454619207556364,0.42223708429682527,-1.0890783900145444
0.675,0,0.675,0.48754189705843104,-1.4705578110765105,0.02059859466892947,1.4243936793885508,0.3284997584941911,0.11469190495871893,-0.3601729780239782,1.8690879735985628,0.4254085380573817,-1.0935322629662663
0.68,0,0.68,0.4911533185181231,-1.4688918507347246,0.021177384838267033,1.4225791273592951,0.33790393455548084,0.11682675842293516,-0.365651392388144,1.8925554640180176,0.42852329305287035,-1.0978026673981283
0.685,0,0.685,0.4947647399778152,-1.4671785768506724,0.02176688796918896,1.420737130651511,0.3474250376670901,0.1189770412956646,-0.37115069417278623,1.9158576740687263,0.431580091898525,-1.1018867567260224
0.6900000000000001,0,0.6900000000000001,0.4983761614375073,-1.4654174068830983,0.022367180479046796,1.4188675871688958,0.35706222463231174,0.12114246065269613,-0.3766699446859243,1.938987885805412,0.4345776772095786,-1.1057816843658408
0.6950000000000001,0,0.6950000000000001,0.5019875828971994,-1.4636077625907045,0.022978337304853796,1.4169703995441885,0.36681461866471216,0.12332271728289475,-0.38220819100265757,1.9619393812828034,0.4375147916012651,-1.1094846037334751
0.7000000000000001,0,0.7000000000000001,0.5055990043568914,-1.4617490702001001,0.023600431871850187,1.4150454752103356,0.37668130938813177,0.12551750568820183,-0.38776446596516506,1.9847054425556245,0.44039017768881805,-1.1129926682448177
0.705,0,0.705,0.5092104258165835,-1.4598407605737487,0.024233536062068625,1.4130927264716544,0.3866613528366853,0.12772651408363478,-0.393337788182705,2.007279351678597,0.4432025780874704,-1.1163030313157598
0.71,0,0.71,0.5128218472762756,-1.4578822693779179,0.02487772018289951,1.4111120705749989,0.39675377145475904,0.12994942439728704,-0.39892716203161505,2.029654390706451,0.44595073541245667,-1.1194128463621953
0.715,0,0.715,0.5164332687359676,-1.4558730372506279,0.02553305293565641,1.409103429780923,0.4069575540970154,0.13218591227032858,-0.40453157765531256,2.051823841693908,0.4486333922790093,-1.1223192668000137
0.72,0,0.72,0.5200446901956597,-1.4538125099695998,0.026199601384141458,1.4070667314348462,0.4172716560283886,0.13443564705700517,-0.4101500109642939,2.0737809866956947,0.4512492913023622,-1.1250194460451086
0.725,0,0.725,0.5236561116553519,-1.451700138620204,0.02687743092321069,1.405001908038218,0.4276949989240878,0.136698291824639,-0.41578142363613574,2.095519107766538,0.4537971750977492,-1.1275105375133714
0.73,0,0.73,0.5272675331150439,-1.4495353797634098,0.027566605247339393,1.4029088973196817,0.4382264708695938,0.13897350335362815,-0.4214247631154929,2.11703148696116,0.4562757862804036,-1.1297896946206953
0.735,0,0.735,0.530878954574736,-1.4473176956037328,0.028267186319187617,1.4007876423062402,0.44886492636066355,0.14126093213744717,-0.4270789626141008,2.1383114063342865,0.4586838674655582,-1.1318540707829703
0.74,0,0.74,0.5344903760344281,-1.4450465541571844,0.02897923433816543,1.3986380913944199,0.4596091863033254,0.1435602223826466,-0.43274294111077405,2.159352147940645,0.46102016126844797,-1.1337008194160896
0.745,0,0.745,0.5381017974941201,-1.4427214294192203,0.029702807708998358,1.396460198421435,0.4704580380138833,0.14587101200885325,-0.4384156033514062,2.180146993834958,0.46328341030430475,-1.1353270939359446
0.75,0,0.75,0.5417132189538122,-1.4403418015326888,0.03043796301029274,1.3942539227363535,0.481410235218913,0.14819293264876998,-0.44409583984897116,2.2006892260719497,0.4654723571883632,-1.1367300477584283
0.755,0,0.755,0.5453246404135044,-1.4379071569557795,0.031184754963101163,1.3920192292712597,0.4924644980552653,0.15052560964817602,-0.44978252688352155,2.220972126706349,0.4675857445358565,-1.1379068342994314
0.76,0,0.76,0.5489360618731964,-1.4354169886299726,0.03194323639948771,1.3897560886124207,0.5036195130700635,0.1528686620659264,-0.4554745265021895,2.240988977792879,0.46962231496201806,-1.1388546069748466
0.765,0,0.765,0.5525474833328885,-1.4328707961479863,0.03271345823109349,1.38746447707145,0.5148739332207054,0.15522170267395266,-0.4611706865191872,2.260733061386264,0.4715808110820814,-1.139570519200566
0.77,0,0.77,0.5561589047925806,-1.430268085921727,0.03349546941770197,1.385144376756472,0.5262263778748619,0.1575843379572624,-0.46686984051580543,2.2801976595412303,0.47345997551128016,-1.1400517243924815
0.775,0,0.775,0.5597703262522726,-1.4276083713502359,0.03428931693580433,1.3827957756432878,0.5376754328104781,0.1599561681139393,-0.4725708078404153,2.2993760543125044,0.4752585508648477,-1.1402953759664853
0.78,0,0.78,0.5633817477119647,-1.42489117298764,0.03509504574716484,1.3804186676465382,0.5492196502157716,0.1623367870551435,-0.4782723936084669,2.318261527754809,0.4769752797580175,-1.140298627338469
0.785,0,0.785,0.5669931691716569,-1.4221160187110984,0.035912698767386314,1.3780130526908692,0.5608575486892358,0.16472578240511093,-0.4839733887024899,2.336847361922872,0.4786089048060232,-1.1400586319243238
0.79,0,0.79,0.5706045906313489,-1.419282443888753,0.036742316834475375,1.3755789367820965,0.5725876132396353,0.1671227355011539,-0.48967256977209317,2.3551268388714117,0.4801581686240981,-1.139572543139943
0.795,0,0.795,0.574216012091041,-1.416389991547676,0.037583938677407905,1.3731163320783704,0.5844082952860086,0.1695272213936607,-0.49536869923396526,2.373093240655162,0.48162181382747593,-1.1388375144012184
0.8,0,0.8,0.5778274335507331,-1.4134382125418181,0.03843760088469445,1.3706252569613393,0.5963180126576697,0.17193880884609616,-0.5010605252718745,2.3907398493288445,0.48299858303139,-1.1378506991240414
0.805,0,0.805,0.5814388550104251,-1.4104266657199585,0.03930333787294558,1.3681057361073161,0.6083151495942046,0.17435706033500104,-0.5067467818366682,2.4080599469471817,0.48428721885107384,-1.1366092507243044
0.81,0,0.81,0.5850502764701172,-1.4073549180936522,0.04018118185543722,1.3655578005584408,0.6203980567454733,0.17678153204999197,-0.5124261886462732,2.425046815564903,0.4854864639017614,-1.1351103226178996
0.8150000000000001,0,0.8150000000000001,0.5886616979298094,-1.4042225450051795,0.04107116281067609,1.3629814877938462,0.6325650511716108,0.1792117738937623,-0.518097451185696,2.441693737236735,0.4865950607986854,-1.1333510682207184
0.8200000000000001,0,0.8200000000000001,0.5922731193895014,-1.4010291302954945,0.04197330845096504,1.360376841800823,0.6448144163430224,0.18164732948208123,-0.5237592607070223,2.457993994017395,0.48761175215707997,-1.1313286409486534
0.8250000000000001,0,0.8250000000000001,0.5958845408491935,-1.3977742664721733,0.0428876441909685,1.3577439131459834,0.6571444021403903,0.18408773614379434,-0.5294102942294174,2.4739408679616157,0.48853528059217816,-1.1290401942175958
0.8300000000000001,0,0.8300000000000001,0.5994959623088856,-1.3944575548773628,0.04381419311627778,1.355082759046426,0.6695532248546692,0.18653252492082292,-0.5350492145391265,2.4895276411241167,0.4893643887192137,-1.1264828814434384
0.835,0,0.835,0.6031073837685776,-1.39107860585573,0.04475297595197652,1.3523934434409004,0.682039067187087,0.18898122056816505,-0.5406746701894732,2.5047475955596283,0.4900978191534202,-1.1236538560420726
0.84,0,0.84,0.6067188052282697,-1.38763703892241,0.045704011031206006,1.3496760370609722,0.6946000782491446,0.1914333415538945,-0.5462852955008615,2.5195940133228714,0.4907343145100311,-1.1205502714293916
0.845,0,0.845,0.6103302266879618,-1.3841324829309536,0.04666731426373062,1.346930617502187,0.7072343735626192,0.19388840005916133,-0.5518797105607746,2.534060176468575,0.4912726174042796,-1.1171692810212852
0.85,0,0.85,0.6139416481476538,-1.3805645762412784,0.04764289910450316,1.3441572692952353,0.719940035059559,0.19634590197819204,-0.557456521223775,2.5481393670514607,0.49171147045139957,-1.1135080382336475
0.855,0,0.855,0.6175530696073459,-1.3769329668876158,0.048630776522230246,1.3413560839771173,0.7327151110822872,0.1988053469182889,-0.5630143191115052,2.561824867126254,0.49204961626662425,-1.1095636964823692
0.86,0,0.86,0.621164491067038,-1.373237312746459,0.0496309549679377,1.338527160162307,0.7455576163833993,0.20126622819983048,-0.5685516816126859,2.575109958747684,0.49228579746518747,-1.105333409183343
0.865,0,0.865,0.6247759125267301,-1.3694772817045135,0.050643440343535996,1.3356706036139177,0.7584655321257662,0.20372803285627172,-0.5740671718831187,2.5879879239704717,0.4924187566623226,-1.1008143297524604
0.87,0,0.87,0.6283873339864222,-1.3656525518266445,0.05166823597038543,1.332786527314865,0.7714368058825309,0.20619024163414348,-0.579559338845684,2.600452044849343,0.49244723647326294,-1.0960036116056135
0.875,0,0.875,0.6319987554461143,-1.3617628115238258,0.05270534255786177,1.3298750515390332,0.7844693516371113,0.2086523289930528,-0.5850267171903414,2.6124956034390263,0.4923699795132421,-1.0908984081586952
0.88,0,0.88,0.6356101769058063,-1.357807759721088,0.053754758171921435,1.3269363039224389,0.7975610497831973,0.21111376310568297,-0.5904678273741306,2.624111881794239,0.4921857283974936,-1.0854958728275952
0.885,0,0.885,0.6392215983654984,-1.3537871060254685,0.05481647820366699,1.3239704195343958,0.8107097471247541,0.2135740058577936,-0.5958811756211703,2.6352941619697168,0.4918932257412508,-1.079793159028208
0.89,0,0.89,0.6428330198251906,-1.3497005708939582,0.055890495337912516,1.320977540948679,0.8239132568760191,0.21603251284822006,-0.6012652539226586,2.6460357260201777,0.4914912141597477,-1.0737874201764248
0.895,0,0.895,0.6464444412848827,-1.3455478858014518,0.05697679952174889,1.3179578183146905,0.8371693586615052,0.21848873338887434,-0.6066185400368735,2.656329856000347,0.49097843626821736,-1.0674758096881363
0.9,0,0.9,0.6500558627445747,-1.3413287934086955,0.05807537793310924,1.3149114094286227,0.8504757985159969,0.22094211050474427,-0.6119394974891723,2.666169833964953,0.49035363468189325,-1.0608554809792368
0.905,0,0.905,0.6536672842042668,-1.3370430477302357,0.05918621494933438,1.3118384798046239,0.8638302888845536,0.2233920809338939,-0.6172265755719915,2.6755489419687195,0.48961555201600904,-1.0539235874656159
0.91,0,0.91,0.6572787056639589,-1.3326904143023683,0.06030929211573814,1.3087392027459621,0.877230508622507,0.22583807512746376,-0.6224782093448471,2.6844604620663715,0.4887629308857982,-1.0466772825631676
0.915,0,0.915,0.6608901271236509,-1.3282706703510863,0.06144458811417267,1.3056137594161905,0.8906741029954647,0.22827951724967016,-0.6276928196343349,2.692897676312633,0.487794513906494,-1.0391137196877829
0.92,0,0.92,0.6645015485833431,-1.3237836049600291,0.06259207873159403,1.3024623389103107,0.9041586836793055,0.23071582517780564,-0.6328688130341298,2.7008538667622313,0.4867090436933303,-1.0312300522553535
0.925,0,0.925,0.6681129700430352,-1.319229019238432,0.0637517368286272,1.2992851383259398,0.9176818287601841,0.2331464105022391,-0.6380045819049867,2.70832231546989,0.4855052628615407,-1.0230234336817718
0.93,0,0.93,0.6717243915027272,-1.3146067264890722,0.06492353230813191,1.296082362834472,0.9312410827345257,0.23557067852641542,-0.6430985043747388,2.715296304490335,0.4841819140263583,-1.0144910173829298
0.935,0,0.935,0.6753358129624193,-1.3099165523762202,0.06610743208376774,1.2928542257522455,0.9448339565090332,0.23798802826685572,-0.6481489443383004,2.721769115878292,0.4827377398030168,-1.00562995677472
0.9400000000000001,0,0.9400000000000001,0.6789472344221114,-1.3051583350935871,0.06730340004855952,1.2896009486117053,0.9584579274006795,0.24039785245315737,-0.6531542514576636,2.7277340316884824,0.4811714828067494,-0.9964374052730328
0.9450000000000001,0,0.9450000000000001,0.6825586558818034,-1.3003319255322734,0.06851139704346278,1.28632276123257,0.9721104391367128,0.2427995375279937,-0.6581127611619011,2.733184333975638,0.47948188565279004,-0.9869105162937621
0.9500000000000001,0,0.9500000000000001,0.6861700773414956,-1.2954371874487174,0.06973138082592922,1.283019901792994,0.9857889018546555,0.24519246364711447,-0.663022794647165,2.738113304794479,0.47766769095637207,-0.9770464432527989
0.9550000000000001,0,0.9550000000000001,0.6897814988011877,-1.2904739976326447,0.07096330603847173,1.2796926169007339,0.9994906921023017,0.24757600467934548,-0.6678826588766864,2.74251422619973,0.4757276413327288,-0.9668423395660352
0.96,0,0.96,0.6933929202608796,-1.2854422460750154,0.07220712417723026,1.276341161664312,1.0132131528377208,0.24994952820658836,-0.6726906465807755,2.7463803802461215,0.4736604793970942,-0.9562953586493638
0.965,0,0.965,0.6970043417205717,-1.2803418361359746,0.07346278356053684,1.2729657997641821,1.0269535934292553,0.25231239552382173,-0.677445036256823,2.7497050489883725,0.47146494776470144,-0.9454026539186755
0.97,0,0.97,0.7006157631802639,-1.2751726847127989,0.07473022929748116,1.2695668035238925,1.0407092896555223,0.2546639616390996,-0.6821440921692988,2.7524815144812127,0.4691397890507838,-0.9341613787898627
0.975,0,0.975,0.7042271846399559,-1.269934722407847,0.07600940325647577,1.2661444539812519,1.0544774837054103,0.25700357527355244,-0.6867860643497516,2.7547030587793624,0.4666837458705753,-0.9225686866788171
0.98,0,0.98,0.707838606099648,-1.2646278936965074,0.0773002440338216,1.2626990409594931,1.0682553841780824,0.25933057886138694,-0.6913691885968095,2.756362963937552,0.4640955608393088,-0.9106217310014316
0.985,0,0.985,0.7114500275593401,-1.2592521570951467,0.07860268692227333,1.259230863138439,1.0820401660829773,0.2616443085498858,-0.6958916864761816,2.757454512010505,0.4613739765722184,-0.8983176651735973
0.99,0,0.99,0.7150614490190321,-1.2538074853290582,0.07991666387960475,1.2557402281256655,1.095828970839804,0.2639440941994082,-0.7003517653206547,2.757970985052944,0.45851773568453763,-0.8856536426112072
0.995,0,0.995,0.7186728704787242,-1.2482938655004125,0.0812421034971741,1.2522274525276669,1.1096189062785462,0.26622925938338887,-0.7047476182300959,2.7579056651195986,0.4555255807914995,-0.872626816730153
1.0,0,1.0,0.7222842919384164,-1.2427112992562028,0.08257893096848956,1.2486928620210205,1.1234070466394643,0.2684991213883396,-0.7090774240714517,2.7572518342651917,0.4523962545083378,-0.8592343409463253
1.0050000000000001,0,1.0050000000000001,0.7258957133981084,-1.2370598029561972,0.08392706805777439,1.2451367914235516,1.1371904325730886,0.27075299121384755,-0.7133393474787478,2.7560027745444438,0.4491284994502858,-0.845473368675617
1.01,0,1.01,0.7295071348578005,-1.2313394078408837,0.08528643306853265,1.2415595847654974,1.150966071140223,0.2729901735725764,-0.7175315388530895,2.754151768012086,0.44572105823257724,-0.8313410533339209
1.0150000000000001,0,1.0150000000000001,0.7331185563174927,-1.225550160199421,0.08665694081211442,1.2379615953606713,1.164730935811947,0.2752099668902659,-0.7216521343626618,2.7516920967228473,0.4421726734704458,-0.8168345483371285
1.02,0,1.02,0.7367299777771846,-1.2196921215375882,0.08803850257628087,1.2343431858776293,1.1784819664696142,0.2774116633057322,-0.7256992559427288,2.7486170427314423,0.4384820877791246,-0.801951007101132
1.025,0,1.025,0.7403413992368767,-1.2137653687457297,0.08943102609377039,1.2307047284108321,1.1922160694048494,0.2795945486708673,-0.7296710112956342,2.7449198880926033,0.43464804377384736,-0.7866875830418213
1.03,0,1.03,0.7439528206965689,-1.2077699942667075,0.09083441551086326,1.2270466045518116,1.205930117319553,0.28175790255063937,-0.7335654938908014,2.740593914861051,0.4306692840698472,-0.7710414295750911
1.035,0,1.035,0.7475642421562608,-1.201706106263849,0.09224857135594718,1.2233692054603353,1.2196209493258967,0.2839009982230933,-0.7373807829647326,2.735632405091513,0.42654455128235813,-0.755009700116833
1.04,0,1.04,0.751175663615953,-1.1955738287888926,0.09367339050808313,1.2196729319355697,1.2332853709463287,0.2860231026793493,-0.7411149435210103,2.730028640838717,0.4222725880266134,-0.7385895480829371
1.045,0,1.045,0.754787085075645,-1.1893733019499415,0.09510876616556996,1.2159581944872464,1.246920154113569,0.2881234766236043,-0.7447660263302958,2.7237759041573866,0.41785213691784684,-0.7217781268892977
1.05,0,1.05,0.7583985065353371,-1.1831046820794078,0.09655458781451055,1.2122254134068249,1.2605220371706127,0.2902013744731315,-0.74833206793033,2.7168674771022436,0.4132819405712917,-0.7045725899518056
1.055,0,1.055,0.7620099279950292,-1.176768141901964,0.09801074119737659,1.2084750188386595,1.2740877248707265,0.2922560443582796,-0.7518110906259335,2.7092966417280135,0.4085607416021809,-0.6869700906863521
1.06,0,1.06,0.7656213494547214,-1.17036387070249,0.09947710828157441,1.2047074508511622,1.2876138883774535,0.2942867281224744,-0.7552011024890071,2.701056680089426,0.40368728262574827,-0.6689677825088306
1.065,0,1.065,0.7692327709144133,-1.1638920744940229,0.10095356722800979,1.2009231595079681,1.3010971652646053,0.29629266132221704,-0.7585000973585285,2.6921408742412036,0.39866030625722904,-0.6505628188351332
1.07,0,1.07,0.7728441923741055,-1.1573529761857038,0.10243999235965437,1.1971226049390988,1.3145341595162738,0.2982730732270852,-0.7617060548405578,2.682542506238073,0.393478555111854,-0.631752353081151
1.075,0,1.075,0.7764556138337975,-1.150746815750729,0.10393625413010958,1.1933062574121291,1.3279214415268181,0.3002271868197328,-0.7648169403082328,2.6722548581347607,0.3881407718048581,-0.6125335386627758
1.08,0,1.08,0.7800670352934896,-1.1440738503942969,0.1054422190921735,1.1894745974033494,1.3412555481008788,0.3021542187958899,-0.7678307049017714,2.661271211985982,0.3826456989514745,-0.5929035289958997
1.085,0,1.085,0.7836784567531817,-1.1373343547215566,0.10695774986640502,1.185628115668932,1.3545329824533618,0.30405337956436235,-0.7707452855284708,2.649584849846472,0.3769920791669363,-0.5728594774964146
1.09,0,1.09,0.7872898782128739,-1.1305286209055574,0.10848270510969009,1.1817673133160946,1.3677502142094502,0.3059238732470326,-0.7735586048627073,2.637189053770952,0.3711786550664782,-0.5523985375802132
1.095,0,1.095,0.7909012996725658,-1.123656958855198,0.11001693948380646,1.1778927018742658,1.3809036794046015,0.30776489767885923,-0.7762685713459379,2.624077105814153,0.36520416926533333,-0.5315178626631885
1.1,0,1.1,0.794512721132258,-1.116719696383171,0.11156030362398989,1.1740048033662487,1.3939897804845474,0.309575644407877,-0.7788730791866977,2.610242288030793,0.35906736437873393,-0.5102146061612295
1.105,0,1.105,0.79812414259195,-1.1097171793739182,0.11311264410749838,1.1701041503793863,1.4070048863052895,0.3113552986951962,-0.7813700083606021,2.595677882475598,0.3527669830219151,-0.48848592149023096
1.11,0,1.11,0.8017355640516421,-1.1026497719515733,0.1146738034221786,1.1661912861367254,1.419945332133107,0.3131030395150044,-0.7837572246103451,2.5803771712032932,0.3463017678101094,-0.46632896206608204
1.115,0,1.115,0.8053469855113342,-1.095517856647915,0.11624361993503066,1.1622667645681828,1.4328074196445517,0.31481803955456455,-0.7860325794457006,2.564333436268608,0.33967046135855056,-0.44374088130467765
1.12,0,1.12,0.8089584069710264,-1.088321834570311,0.11782192786077371,1.1583311503817069,1.445587416926447,0.31649946521421574,-0.7881939101435229,2.547539959726265,0.33287180628247265,-0.42071883262190934
1.125,0,1.125,0.8125698284307183,-1.0810621255696717,0.11940855723041122,1.154385019134446,1.4582815584758928,0.3181464766073737,-0.790239039747744,2.529990023630987,0.3259045451971083,-0.39725996943366654
1.1300000000000001,0,1.1300000000000001,0.8161812498904105,-1.0737391684083941,0.1210033338597967,1.1504289573039097,1.4708860452002601,0.3197582275605301,-0.792165777069377,2.511676910037505,0.31876742071769165,-0.37336144515584385
1.135,0,1.135,0.8197926713501025,-1.0663534209283156,0.12260607931819839,1.146463562359136,1.4833970444171958,0.32133386561325256,-0.793971916686513,2.4925939010005393,0.3114591754594559,-0.3490204132043343
1.1400000000000001,0,1.1400000000000001,0.8234040928097947,-1.0589053602186556,0.1242166108968655,1.1424894428318528,1.4958106898546184,0.32287253201818533,-0.795655238944324,2.4727342785748094,0.3039785520376336,-0.3242340269950248
1.145,0,1.145,0.8270155142694867,-1.0513954827839722,0.12583474157759272,1.138507218387647,1.5081230816507198,0.32437336174104836,-0.79721350995506,2.4520913248150547,0.2963242930674602,-0.2989994399438134
1.1500000000000001,0,1.1500000000000001,0.8306269357291789,-1.0438243047121034,0.12746028000128656,1.1345175198971242,1.52033028635397,0.3258354834606381,-0.7986444815980519,2.4306583217759896,0.2884951411641677,-0.27331380546658685
1.155,0,1.155,0.8342383571888708,-1.0361923618421232,0.12909303043652945,1.1305209895070778,1.5324283369231055,0.32725801956882683,-0.799945891519709,2.408428551512344,0.2804898389429904,-0.24717427697924194
1.16,0,1.16,0.8378497786485629,-1.0285002099322822,0.13073279274814656,1.1265182807116498,1.5444132327271434,0.32864008617056367,-0.8011154631335208,2.3853952960788396,0.27230712901916165,-0.22057800789766585
1.165,0,1.165,0.8414612001082551,-1.020748424827962,0.1323793623657703,1.1225100584234973,1.5562809395453707,0.3299807930838728,-0.8021509056200553,2.3615518375302083,0.2639457540079145,-0.19352215163775469
1.17,0,1.17,0.845072621567947,-1.0129376026296226,0.1340325302524057,1.1184969990449578,1.5680273895673436,0.3312792438398556,-0.8030499139269603,2.336891457921167,0.25540445652448307,-0.16600386161539957
1.175,0,1.175,0.8486840430276392,-1.0050683598607497,0.1356920828729962,1.1144797905392119,1.5796484813929061,0.33253453568268965,-0.8038101687689652,2.3114074393064414,0.24668197918409995,-0.13802029124648868
1.18,0,1.18,0.8522954644873312,-0.9971413336358047,0.13735780216298865,1.1104591325014495,1.591140080032156,0.3337457595696271,-0.8044293366278742,2.2850930637407685,0.2377770646020008,-0.10956859394692062
1.185,0,1.185,0.8559068859470234,-0.9891571818281719,0.13902946549689915,1.1064357362300328,1.6024980169054857,0.33491200017099876,-0.8049050697525761,2.2579416132788546,0.22868845539341534,-0.08064592313258054
1.19,0,1.19,0.8595183074067154,-0.9811165832381092,0.14070684565687772,1.1024103247976633,1.6137180898435441,0.3360323358702094,-0.8052350061590359,2.229946369975441,0.2194148941735806,-0.05124943221936432
1.195,0,1.195,0.8631297288664076,-0.973020237760694,0.14238971080127438,1.0983836331225438,1.624796063087263,0.3371058387637411,-0.8054167696302985,2.2011006158852457,0.2099551235577287,-0.02137627462316368
1.2,0,1.2,0.8667411503260996,-0.9648688665537756,0.14407782443320413,1.0943564080395447,1.635727667287843,0.33813157466115185,-0.8054479697164888,2.171397633062997,0.2003078861610933,0.008976396240128425
1.205,0,1.205,0.8703525717857917,-0.9566632122059187,0.14577094536911278,1.090329408371368,1.646508599506761,0.33910860308507584,-0.8053262017348113,2.140830703563412,0.19047192459890797,0.03981142695462284
1.21,0,1.21,0.8739639932454837,-0.9484040389043584,0.14746882770734124,1.0863034049997118,1.6571345232157724,0.3400359772712237,-0.8050490467695501,2.109393109441228,0.18044598148640595,0.0711316641044258
1.215,0,1.215,0.8775754147051759,-0.9400921326029416,0.1491712207966926,1.0822791809364354,1.6676010682968956,0.34091274416838163,-0.8046140716720681,2.07707813275116,0.17022879943882033,0.10293995427364627
1.22,0,1.22,0.8811868361648679,-0.9317283011900823,0.15087786920499585,1.0782575313947234,1.6779038310424277,0.3417379444384121,-0.8040188290608078,2.0438790555479396,0.15981912107138616,0.13523914404639037
1.225,0,1.225,0.8847982576245601,-0.9233133746567064,0.15258851268767237,1.07423926386025,1.6880383741549445,0.3425106124562547,-0.8032608573212916,2.009789159886283,0.14921568899933424,0.1680320800067701
1.23,0,1.23,0.8884096790842521,-0.9148482052642009,0.15430288615630067,1.0702251981623458,1.6980002267472851,0.34322977630992335,-0.8023376806061209,1.9748017278209284,0.13841724583790146,0.20132160873888685
1.235,0,1.235,0.8920211005439442,-0.9063336677123621,0.1560207196471824,1.0662161665451584,1.7077848843425711,0.3438944578005097,-0.8012468088349761,1.938910041406593,0.12742253420231914,0.23511057682685538
1.24,0,1.24,0.8956325220036362,-0.8977706593073482,0.15774173828990687,1.0622130137388206,1.7173878088741932,0.3445036724421815,-0.7999857376946188,1.9021073826980068,0.11623029670782085,0.26940183085477803
1.245,0,1.245,0.8992439434633284,-0.8891601001296214,0.15946566227591732,1.0582165970306137,1.7268044286858204,0.3450564294621819,-0.7985519486388885,1.8643870337498856,0.10483927596964117,0.30419821740676856
1.25,0,1.25,0.9028553649230204,-0.880502933201901,0.16119220682707572,1.0542277863361318,1.7360301385313863,0.34555173180083054,-0.7969429088887043,1.825742276616959,0.09324821460301183,0.3395025830669311
1.2550000000000001,0,1.2550000000000001,0.9064667863827126,-0.8718001246571105,0.1629210821642284,1.0502474642704467,1.7450602995751063,0.34598857611152367,-0.7951560714320652,1.7861663933539544,0.08145585522316788,0.3753177744193749
1.26,0,1.26,0.9100782078424046,-0.8630526639063294,0.16465199347577109,1.0462765262192728,1.7538902393914646,0.34636595276073234,-0.7931888750240496,1.7456526660156046,0.06946094044534389,0.4116466380482052
1.2650000000000001,0,1.2650000000000001,0.9136896293020967,-0.8542615638067341,0.1663846408862151,1.0423158804101307,1.7625152519652256,0.34668284582800546,-0.7910387441868153,1.704194376656617,0.05726221288476969,0.4484920205375365
1.27,0,1.27,0.9173010507617887,-0.8454278608295567,0.16811871942475154,1.0383664479835137,1.7709305976914216,0.3469382331059675,-0.7887030892096001,1.6617848073317292,0.044858415156682686,0.48585676847146847
1.2750000000000001,0,1.2750000000000001,0.9209124722214809,-0.8365526152280249,0.1698539189938179,1.0344291630640503,1.7791315033753596,0.34713108610031884,-0.7861793061487202,1.618417240095663,0.03224828987631272,0.5237437284341169
1.28,0,1.28,0.9245238936811729,-0.827636911205315,0.1715899243376626,1.0305049728316698,1.7871131622326168,0.34726037002983573,-0.7834647768275711,1.5740849570031437,0.019430579658896698,0.5621557470095855
1.285,0,1.285,0.9281353151408649,-0.8186818570825007,0.17332641501091056,1.026594837592767,1.7948707338890537,0.3473250438263712,-0.7805568688366293,1.5287812401089,0.006404027119666893,0.6010956707819806
1.29,0,1.29,0.9317467366005571,-0.809688585466499,0.17506306534712887,1.0226997308513663,1.8023993443807953,0.34732406013485456,-0.7774529355334492,1.4824993714676507,-0.006832625126145066,0.6405663463354164
1.295,0,1.295,0.9353581580602491,-0.8006582534180235,0.17679954442739168,1.0188206393802877,1.8096940861542428,0.34725636531329085,-0.7741503160426669,1.4352326331341216,-0.020280634463302638,0.6805706202539947
1.3,0,1.3,0.9389695795199412,-0.7915920426195271,0.178535516048846,1.014958563292309,1.8167500180660732,0.3471208994327613,-0.7706463352559941,1.3869743071630427,-0.03394125827657414,0.7211113391218275
1.305,0,1.305,0.9425810009796333,-0.7824911595431543,0.1802706386932772,1.0111145161113322,1.823562165383236,0.34691659627742366,-0.7669383038322257,1.3377176756091327,-0.0478157539507259,0.7621913495230205
1.31,0,1.31,0.9461924224393254,-0.7733568356186906,0.1820045654956736,1.0072895248435478,1.830125519782952,0.3466423833445116,-0.7630235181972344,1.287456020527121,-0.06190537887052436,0.803813498041685
1.315,0,1.315,0.9498038438990174,-0.7641903274015092,0.18373694421279274,1.0034846300485998,1.8364350393527167,0.3462971818443346,-0.7588992605439729,1.2361826239717377,-0.07621139042073491,0.8459806312619214
1.32,0,1.32,0.9534152653587096,-0.7549929167405178,0.1854674171917265,0.9997008859107478,1.842485648590305,0.34587990670027885,-0.7545627988324729,1.1838907679976978,-0.09073504598612676,0.8886955957678472
1.325,0,1.325,0.9570266868184016,-0.745765910946113,0.18719562133846585,0.9959393603100359,1.848272238403757,0.34538946654880676,-0.750011386789845,1.1305737346597307,-0.1054776029514635,0.9319612381435656
1.33,0,1.33,0.9606381082780937,-0.7365106429581241,0.18892118808646735,0.9922011348934536,1.8537896661113866,0.34482476373945625,-0.7452422639102803,1.07622480601257,-0.1204403187015124,0.9757804049731824
1.335,0,1.335,0.9642495297377858,-0.727228471513762,0.19064374336521756,0.988487305146102,1.8590327554417896,0.34418469433484233,-0.7402526554550495,1.0208372641109271,-0.1356244506210408,1.0201559428408107
1.34,0,1.34,0.967860951197478,-0.7179207813155708,0.192362907568799,0.984798980462358,1.8639962965338288,0.3434681481106555,-0.7350397724525024,0.9644043910095315,-0.15103125609481557,1.065090698330558
1.345,0,1.345,0.9714723726571699,-0.7085889831993732,0.19407829552445538,0.9811372842170394,1.8686750459366444,0.3426740085556626,-0.729600811698067,0.906919468763113,-0.16666199250760025,1.1105875180265252
1.35,0,1.35,0.9750837941168621,-0.6992345143022203,0.19578951646115675,0.9775033538365687,1.8730637266096426,0.34180115287170626,-0.7239329557542534,0.8483757794263903,-0.18251791724416544,1.15664924851283
1.355,0,1.355,0.9786952155765541,-0.6898588382303439,0.19749617397816496,0.973898340870139,1.8771570279225147,0.34084845197370667,-0.7180333729506482,0.7887666050540896,-0.1986002876892752,1.2032787363735724
1.36,0,1.36,0.9823066370362462,-0.680463445227097,0.19919786601359957,0.9703234110608767,1.8809496056552157,0.3398147704896581,-0.7118992173839197,0.7280852277009477,-0.21491036122769538,1.2504788281928667
1.365,0,1.365,0.9859180584959383,-0.671049852340909,0.20089418481300259,0.9667797444170081,1.884436081997981,0.3386989667606328,-0.7055276289178156,0.6663249294216761,-0.23144939524419433,1.2982523705548166
1.37,0,1.37,0.9895294799556305,-0.6616196035932325,0.20258471689790394,0.963268535283022,1.8876110455513135,0.337499892840778,-0.6989157331831602,0.6034789922710007,-0.24821864712353836,1.346602210043533
1.375,0,1.375,0.9931409014153224,-0.6521742701464943,0.20426904303438692,0.9597909924108368,1.8904690513259965,0.33621639449731827,-0.6920606415778617,0.5395406983036514,-0.2652193742504929,1.3955311932431207
1.3800000000000001,0,1.3800000000000001,0.9967523228750146,-0.6427154504720369,0.2059467382016541,0.9563483390309624,1.8930046207430822,0.3348473112105529,-0.6849594512669048,0.4745033295743504,-0.28245283400982535,1.4450421667376923
1.385,1,0.0005036027209319727,0.0024279989633904115,-0.6332447705180692,0.20761737156059154,0.952941812923666,1.8952122416352881,0.33339147617347226,-0.6776092451851963,0.40836017907733796,-0.29992028685320904,1.4951379545453265
1.3900000000000001,1,0.005503602720932088,0.02653429210351867,-0.6237638838560098,0.2092805064162736,0.9495726664455323,1.8970863878854711,0.33184771078605607,-0.6700071325479947,0.34111877427144843,-0.31762698389228805,1.5457920177753326
1.395,1,0.010503602720931982,0.05064058524364586,-0.614274471409011,0.2109357000633415,0.9462421656942439,1.8986216818444062,0.33021477912115627,-0.6621505838867696,0.2728288493076414,-0.33559000896725555,1.5968907534093348
1.4000000000000001,1,0.015503602720932097,0.07474687838377411,-0.6047782403053621,0.21258250338602958,0.9429515878680572,1.899813024712244,0.32849135137178437,-0.6540377000006837,0.20354792456182236,-0.35382862880168675,1.6483044969739598
1.405,1,0.02050360272093199,0.0988531715239013,-0.5952769224483482,0.21422046037870277,0.9397022180404272,1.9006556052910144,0.3266760013973343,-0.6456672300112679,0.13333352040990912,-0.3723621101191537,1.6999035839958239
1.41,1,0.025503602720931884,0.12295946466402849,-0.5857722730782388,0.21584910766418922,0.936495345918395,1.901144899984626,0.32476720672358195,-0.6370385713624194,0.06224315722781015,-0.3912097196432308,1.7515583500015521
1.415,1,0.030503602720932,0.14706575780415676,-0.5762660693342787,0.21746797401211188,0.9333322626009762,1.9012766727988686,0.322763348542685,-0.6281517698204017,-0.009665644608566224,-0.41039072409749255,1.8031391305177678
1.42,1,0.03550360272093189,0.17117205094428395,-0.5667601088166808,0.21907657985722026,0.9302142573375498,1.9010469753414099,0.3206627117131841,-0.6190075194738465,-0.08233536472330184,-0.429924390205511,1.854516261071089
1.425,1,0.04050360272093201,0.1952783440844122,-0.5572562081486128,0.22067443681772278,0.9271426142862449,1.900452146821798,0.318463484760001,-0.6096071627337512,-0.1557084827404916,-0.4498299846908614,1.9055600771881416
1.43,1,0.0455036027209319,0.21938463722453938,-0.5477562015381919,0.22226104721361817,0.9241186092723305,1.899488814051461,0.31616375987444056,-0.5999526903334811,-0.2297274782842175,-0.4701267742771157,1.9561409143955428
1.435,1,0.05050360272093202,0.24349093036466765,-0.5382619393404717,0.22383590358502792,0.921143506546602,1.8981538914437048,0.3137615329141891,-0.5900467413287674,-0.30433483097857433,-0.4908340256878493,2.006129108219919
1.44,1,0.05550360272093191,0.26759722350479487,-0.5287752866194364,0.22539848821052758,0.9182185555437713,1.8964445810137172,0.31125470340331535,-0.5798926030977093,-0.3794730204476442,-0.5119710056466341,2.055394994187888
1.445,1,0.060503602720932026,0.2917035166449231,-0.5192981217099877,0.2269482726254793,0.9153449876408527,1.8943583723785637,0.30864107453227,-0.5694942113407714,-0.4550845263155216,-0.5335569808770455,2.1038089078260755
1.45,1,0.06550360272093192,0.3158098097850503,-0.5098323347799391,0.22848471714036325,0.9125240129155532,1.8918930427571905,0.30591835315788624,-0.5588561500807872,-0.5311118282062887,-0.5556112181026553,2.151241184661099
1.455,1,0.07050360272093203,0.33991610292517854,-0.5003798263920026,0.23000727035910984,0.9097568169046591,1.8890466569704225,0.3030841498033789,-0.5479836516629547,-0.6074974057440405,-0.5781529840470392,2.197562160219585
1.46,1,0.07550360272093193,0.36402239606530573,-0.4909425060657838,0.23151536869743136,0.9070445573624254,1.8858175674409652,0.30013597865834524,-0.5368825967548412,-0.6841837385528585,-0.6012015454337685,2.2426421700281507
1.465,1,0.08050360272093204,0.388128689205434,-0.4815222908397677,0.23300843590115425,0.9043883610189626,1.882204414193402,0.2970712575787646,-0.5255595143463786,-0.761113306256838,-0.6247761689864193,2.2863515496134226
1.47,1,0.08550360272093194,0.41223498234556116,-0.47212110383331374,0.23448588256455055,0.9017893203386262,1.878206124854198,0.2938873080869986,-0.514021581749868,-0.8382285884800608,-0.648896121428563,2.3285606345020176
1.475,1,0.09050360272093205,0.43634127548568946,-0.4627408728086424,0.23594710564867039,0.899248490278404,1.873821914651696,0.29058135537179053,-0.5022766245999751,-0.9154720648466221,-0.6735806694837754,2.369139760220562
1.48,1,0.09550360272093195,0.46044756862581665,-0.4533835287328297,0.23739148799967316,0.896766885046305,1.8690512864161193,0.2871505282882664,-0.4903331168537348,-0.9927862149806029,-0.6988490798756277,2.4079592622956745
1.485,1,0.10050360272093206,0.4845538617659449,-0.44405100433979405,0.23881839786716022,0.8943454748597461,1.8638940305795706,0.2835918593579339,-0.4782001807905464,-1.070113518506099,-0.724720619327696,2.444889476253979
1.49,1,0.10550360272093195,0.5086601549060721,-0.43474523269229026,0.24022718842250618,0.8919851827039427,1.8583502251760322,0.2799022847686832,-0.46588758701217864,-1.1473964550471916,-0.7512145545635519,2.4798007376220945
1.495,1,0.11050360272093207,0.5327664480462003,-0.4254681457438968,0.24161719727719116,0.889686881090294,1.8524202358413657,0.2760786443747861,-0.4534057544427647,-1.2245775042279758,-0.778350152306771,2.512563381926647
1.5,1,0.11550360272093196,0.5568727411863276,-0.4162216729010101,0.24298774600113257,0.8874513888147738,1.846104715813313,0.2721176816968972,-0.440765750328807,-1.3015991456725342,-0.8061466792809246,2.5430477446942534
1.5050000000000001,1,0.12050360272093208,0.5809790343264558,-0.40700773958483116,0.2443381396410171,0.8852794677163167,1.8394046059314941,0.26801604392205264,-0.42797929023917264,-1.3784038590049608,-0.8346234022095893,2.5711241614515403
1.51,1,0.12550360272093197,0.605085327466583,-0.39782826579336017,0.2456676662386324,0.8831718194352074,1.8323211346374102,0.2637702819036712,-0.4150587380650978,-1.454934123849338,-0.8637995878163353,2.596662967725126
1.5150000000000001,1,0.1305036027209321,0.6291916206067112,-0.3886851646633831,0.24697559634919947,0.8811290821714683,1.8248558179744405,0.25937685016155315,-0.40201710602018315,-1.53113241982976,-0.8936945028247396,2.619534499041635
1.52,1,0.13550360272093198,0.6532979137468384,-0.37958034103246624,0.2482611825597039,0.8791518274432483,1.8170104595878456,0.25483210688188174,-0.3888680546403988,-1.6069412265703098,-0.9243274139583731,2.639609090927687
1.5250000000000001,1,0.1405036027209321,0.6774042068869667,-0.3705156900009433,0.2495236590072285,0.8772405568452099,1.8087871507247635,0.2501323139172214,-0.3756258927840794,-1.6823030236950818,-0.9557175879408116,2.6567570789099046
1.53,1,0.145503602720932,0.7015105000270939,-0.36149309549390896,0.2507622408972846,0.8753956988069185,1.8001882702342142,0.24527363678651964,-0.3623055776319285,-1.7571602908281574,-0.9878842914956268,2.670848798514909
1.5350000000000001,1,0.1505036027209321,0.7256167931672222,-0.3525144288232066,0.25197612402214437,0.8736176053512297,1.7912164845670946,0.2402521446751052,-0.3489227146870145,-1.831455507593632,-1.0208467913463946,2.6817545852693234
1.54,1,0.155503602720932,0.7497230863073493,-0.3435815472494222,0.2531644842791725,0.8719065488526784,1.7818747477761838,0.23506381043468982,-0.33549355777477513,-1.9051311536155873,-1.0546243542166855,2.6893447746997685
1.545,1,0.1605036027209319,0.7738293794474765,-0.3346962925438716,0.25432647718915824,0.8702627187958658,1.7721663015161384,0.22970451058336672,-0.322035009043013,-1.9781297085181155,-1.0892362468300758,2.6934897023328666
1.55,1,0.165503602720932,0.7979356725876048,-0.325860489550593,0.2554612374146473,0.8686862185338484,1.7620946750434947,0.22417002530561128,-0.3085646189618977,-2.0503936519253076,-1.1247017359101392,2.694059703695239
1.555,1,0.1705036027209319,0.8220419657277319,-0.31707594474833817,0.2565678782782736,0.8671770620465261,1.7516636852166707,0.21845603845228162,-0.29510058632396746,-2.1218654634612455,-1.161040088180447,2.6909251143135084
1.56,1,0.17550360272093202,0.8461482588678603,-0.3083444448125606,0.25764549128109143,0.8657351706990298,1.740877436495961,0.21255813754061706,-0.281661758244125,-2.1924876227500247,-1.1982705703645764,2.683956269714296
1.565,1,0.1805036027209319,0.8702545520079874,-0.2996677551774093,0.2586931456209071,0.8643603700001106,1.7297403209435422,0.20647181375424017,-0.2682676301596425,-2.262202609415726,-1.2364124491860973,2.673023505424224
1.57,1,0.18550360272093203,0.8943608451481156,-0.29104761859771583,0.2597098877106112,0.8630523863605264,1.7182570182234687,0.2001924619431545,-0.2549383458301565,-2.3309529030824456,-1.2754849913685862,2.6579971569699135
1.575,1,0.19050360272093192,0.9184671382882429,-0.2824857537109886,0.26069474069651,0.8618108438514318,1.7064324956016759,0.19371538062374674,-0.24169469733767268,-2.398680983374265,-1.315507463635614,2.638747559877987
1.58,1,0.19550360272093203,0.9425734314283711,-0.27398385359940014,0.26164670397665796,0.8606352609627652,1.6942720079459774,0.1870357719787848,-0.22855812508656162,-2.465329329915278,-1.356499132710758,2.6151450496750654
1.585,1,0.20050360272093193,0.9666797245684983,-0.26554358435178044,0.26256475271918905,0.8595250473616373,1.6817810977260677,0.1801487418574197,-0.21555071780356266,-2.5308404223295677,-1.398479265317588,2.587059961887773
1.59,1,0.20550360272093204,0.9907860177086265,-0.25716658362560507,0.2634478373806492,0.8584795006507189,1.6689655950135194,0.1730492997751835,-0.20269521253778014,-2.595156740241229,-1.4414671281796811,2.5543626320427277
1.595,2,0.0030888844589638254,0.04458175293314078,-0.2488544592098833,0.26429488323632816,0.8574978031380995,1.6558316160326036,0.16573237833872234,-0.19001497609480464,-2.658222639915322,-1.4854568336586977,2.516947437841251
1.6,2,0.00808888445896394,0.11674656441349134,-0.24060878769292385,0.2651047913164099,0.8565790199508049,1.642385502255433,0.15819364961015045,-0.17753322476750966,-2.7200086719997136,-1.5300913864769623,2.4750443405796103
1.605,2,0.013088884458963834,0.1889113758938387,-0.2324311137051077,0.26587644704945557,0.8557221045148731,1.6286336794382443,0.1504314145746619,-0.1652712184102506,-2.780504628701408,-1.5747558788697158,2.4291298105727224
1.61,2,0.01808888445896395,0.26107618737418925,-0.2243229496250114,0.26660873511662486,0.8549259099715635,1.614582622366271,0.1424470756977202,-0.15324780877556798,-2.8397007466918796,-1.6188294455023116,2.3796860122944823
1.615,2,0.023088884458963843,0.33324099885453656,-0.21628577533524518,0.2673005549722213,0.8541892012304283,1.6002388546413917,0.13424513977146346,-0.14147943679363484,-2.897587262642592,-1.6616912210400945,2.3271951102187947
1.62,2,0.02808888445896396,0.40540581033488715,-0.20832103797836682,0.267950836365326,0.8535106670234249,1.5856089486821254,0.12583321791470167,-0.1299801325722526,-2.9541544132250177,-1.7027203401484183,2.2721392688195543
1.625,2,0.03308888445896385,0.47757062181523446,-0.20043015171280132,0.2685585548614307,0.8528889319590278,1.5706995257236362,0.11722202557291947,-0.11876151539685535,-3.009392435110622,-1.7412959374926278,2.215000652570665
1.6300000000000001,2,0.03808888445896397,0.549735433295585,-0.19261449746875484,0.2691227473640712,0.85232256857634,1.5555172558177282,0.1084253825182733,-0.10783279373050554,-3.063291564970878,-1.7767971477380762,2.1562614259460218
1.635,2,0.04308888445896386,0.6219002447759324,-0.18487542270413432,0.2696425276364608,0.8518101093992053,1.5400688578328505,0.09946021284959437,-0.09720076521389819,-3.1158420394772492,-1.8086031055501088,2.09640375341953
1.6400000000000001,2,0.048088884458963976,0.6940650562562829,-0.1772142411604615,0.27011710182312365,0.8513500589903198,1.524361099454093,0.09034654499238563,-0.08686981666535684,-3.16703409530121,-1.8360929455940778,2.0359097994650828
1.645,2,0.05308888445896387,0.7662298677366303,-0.16963223261879234,0.2705457839715281,0.8509409060053438,1.50840079718319,0.0811075116988248,-0.07684192408083743,-3.2168579691142245,-1.8586458025353305,1.975261728556586
1.6500000000000001,2,0.058088884458963985,0.8383946792169809,-0.16213064265563124,0.27092801155372015,0.8505811352470141,1.4921948163385164,0.07176935004776125,-0.06711665263392456,-3.2653038975877653,-1.8756408110392173,1.914941705167934
1.655,2,0.06308888445896388,0.9105594906973282,-0.15471068239885044,0.27126336098795656,0.8502692397192553,1.4757500710550924,0.0623614014447193,-0.05769115667583512,-3.312362117393297,-1.8864571057710864,1.855431893773031
1.6600000000000001,2,0.068088884458964,0.9827243021776787,-0.14737352828360417,0.27155156316033846,0.8500037326812917,1.4590735242845778,0.05291611162189483,-0.04856017973541483,-3.3580228652022925,-1.8904738213962877,1.7972144588457721
1.665,3,0.003803038664694114,0.035721821203742773,-0.14012032180636178,0.2717925188892086,0.8497831596726955,1.4421721902752096,0.04346895538761179,-0.03971609273092504,-3.402273769317725,-1.887149240391911,1.7407313740684691
1.67,3,0.008803038664694007,0.08268666215496565,-0.13295216916490768,0.2719863109294974,0.8496061087814402,1.4250531933667576,0.03405665256378184,-0.03114979990646485,-3.4450805414967136,-1.8766066765182892,1.6860869141634824
1.675,3,0.013803038664694123,0.12965150310619059,-0.12587014043411532,0.27213320189058354,0.8494712137589211,1.4077238671605488,0.024714158790634273,-0.022852266883568315,-3.4863979334918267,-1.8593020117214396,1.6332164776916314
1.68,3,0.018803038664694016,0.17661634405741347,-0.11887526845434858,0.27223362343419183,0.8493771527070296,1.3901917718814312,0.015474138698746354,-0.014814788181338882,-3.526180615731933,-1.835693595617236,1.5820542101455586
1.685,3,0.02380303866469413,0.2235811850086384,-0.11196854769822623,0.2722881648158299,0.8493226464318802,1.3724646944021064,0.006366965170614377,-0.007028987591415373,-3.564383258645908,-1.8062397778215484,1.532534257017897
1.69,3,0.028803038664694025,0.27054602595986127,-0.10515093313738513,0.2722975614260476,0.8493064567974477,1.3545506482431342,-0.002579280659343129,0.0005131818220251949,-3.6009605326626213,-1.7713989079502515,1.484590763801289
1.695,3,0.03380303866469414,0.31751086691108626,-0.09842333910923848,0.2722626833316967,0.8493273850792047,1.3364578735729273,-0.011338809404788586,0.007819437722270341,-3.6358671082109493,-1.731629335619214,1.4381578759883678
1.7,3,0.038803038664694034,0.3644757078623091,-0.091786638183739,0.2721845238171903,0.8493842703177592,1.3181948372077572,-0.019888123427462188,0.014897168500069433,-3.6690576557197603,-1.6873894104443117,1.3931697390717752
1.705,3,0.04380303866469415,0.4114405488135341,-0.0852416600301372,0.272064187925763,0.8494759876724912,1.2997702326117475,-0.028206016837185054,0.021753433273636363,-3.700486845617932,-1.6391374820414124,1.3495604985441454
1.71,3,0.04880303866469404,0.4584053897647569,-0.07878919028374448,0.27190288100072957,0.8496014467751909,1.2811929798968809,-0.03627357549185613,0.028394961888646927,-3.7301093483343317,-1.587331900026393,1.3072642998981194
1.715,3,0.05380303866469416,0.5053702307159819,-0.07242996941269163,0.27170189722674554,0.849759590083695,1.2624722258229921,-0.04407417699745523,0.03482815491824128,-3.7578798342978366,-1.53243101401512,1.2662152886263311
1.72,3,0.05880303866469405,0.5523350716672047,-0.06616469158469165,0.27146260817106604,0.8499493912355248,1.2436173437977758,-0.05159349070804005,0.0410590836630217,-3.783752973937317,-1.4748931736234712,1.2263476102214226
1.725,3,0.06380303866469417,0.5992999126184297,-0.05999400353379837,0.27118645132480595,0.8501698534015235,1.2246379338767777,-0.05881947772574909,0.04709349015105471,-3.807683437681646,-1.415176728467313,1.1875954101760273
1.73,3,0.06880303866469406,0.6462647535696526,-0.05391850342716936,0.270874918644199,0.8504200076394929,1.2055438227634032,-0.06574239090079882,0.052936787137868924,-3.829625895959696,-1.3537400281625225,1.1498928339827863
1.735,3,0.07380303866469418,0.6932295945208775,-0.047938739731824415,0.2705295450918579,0.8506989112478314,1.1863450638089097,-0.07235477483148638,0.058594058106457216,-3.8495350192003412,-1.2910414223249669,1.1131740271343344
1.74,3,0.07880303866469407,0.7401944354721004,-0.04205521008140847,0.27015189717803345,0.8510056461191707,1.167051937012414,-0.07865146586418703,0.06407005726727466,-3.867365477832452,-1.2275392605705235,1.0773731351233125
1.745,3,0.08380303866469418,0.7871592764233254,-0.03626836014295019,0.26974356150187456,0.851339317094014,1.1476749490208844,-0.08462959209335659,0.06936920955824047,-3.883071942284903,-1.1636918925150586,1.0424243034423548
1.75,3,0.08880303866469408,0.8341241173745483,-0.030578582483624828,0.26930613329268754,0.851699050314372,1.1282248331291493,-0.09028857336152907,0.07449561064473609,-3.8966090829865654,-1.0999576677744494,1.0082616775841025
1.7550000000000001,3,0.0938030386646942,0.8810889583257732,-0.024986215437512796,0.2688412049511959,0.8520839915774016,1.1087125492798886,-0.09563012125931894,0.07945302691960707,-3.907931570366313,-1.0367949359645636,0.97481940304119
1.76,3,0.09880303866469409,0.928053799276996,-0.01949154197236247,0.26835035459079987,0.8524933046890422,1.0891492840636412,-0.10065823912541905,0.08424489550316129,-3.9169940748530183,-0.9746620467012777,0.9420316253062581
1.7650000000000001,3,0.1038030386646942,0.975018640228221,-0.014094788556348908,0.2678351345788359,0.8529261698176535,1.0695464507187988,-0.10537922204660252,0.08887432424317065,-3.9237512668755534,-0.9140173496004588,0.9098324898719412
1.77,4,0.0023404189958053934,0.004936041044002672,-0.008796124025269619,0.26729706008010895,0.8533817818479293,1.049915688206298,-0.10980165200306398,0.09334409230542524,-3.9281593983116063,-0.8553108972044082,0.8781571515471247
1.7750000000000001,4,0.007340418995805509,0.015481249087625172,-0.003595658578584347,0.2667375982764234,0.8538593488170445,1.0302687763001774,-0.11393595239092766,0.0976567043648499,-3.9302171859210597,-0.7987699499873632,0.8469678671847387
1.78,4,0.012340418995805402,0.026026457131247203,0.0015065562415236804,0.26615816274352155,0.8543580909781865,1.0106173588038945,-0.11779293587620805,0.10181456725508595,-3.9299694994461363,-0.7443796267325796,0.8162563495103287
1.7850000000000001,4,0.017340418995805518,0.0365716651748697,0.006510526528903417,0.26556011329585283,0.854877240529234,0.9909728451118313,-0.12138328793713798,0.10582005279415206,-3.92746352930214,-0.6921128708085199,0.7860157923552515
1.79,4,0.02234041899580541,0.047116873218491735,0.011416314834494668,0.2649447566586833,0.8554160414420786,0.9713464086662962,-0.12471755876879193,0.10967549876922297,-3.9227464659043725,-0.6419426255836557,0.7562393895508693
1.795,4,0.027340418995805305,0.057662081262113765,0.016224038986569222,0.26431334714451143,0.8559737492924707,0.9517489869575191,-0.12780616328308717,0.11338320893663069,-3.915865499668136,-0.5938418344264521,0.7269203349285402
1.8,4,0.03234041899580542,0.06820728930573626,0.020933870910969828,0.2636670873294843,0.8565496310898653,0.9321912815236534,-0.1306593811087833,0.11694545302186406,-3.906867821008732,-0.5477834407053744,0.6980518223196222
1.805,4,0.03734041899580531,0.0787524973493583,0.025546035451349196,0.2630071287298129,0.8571429651072674,0.9126837579507782,-0.13328735659148191,0.1203644667195682,-3.895800620341465,-0.5037403877888936,0.6696270455554776
1.81,4,0.04234041899580543,0.08929770539298079,0.03006080918941105,0.26233457247818803,0.8577530407110786,0.893236645872893,-0.13570009879362735,0.12364245169354572,-3.8827110880816345,-0.4616856190454733,0.6416391984674632
1.815,4,0.04734041899580532,0.09984291343660283,0.03447851926514812,0.2616504700001963,0.8583791581909421,0.8738599389719239,-0.1379074814945059,0.12678157557675535,-3.867646414644545,-0.42159207784358416,0.6140814748869408
1.82,4,0.05234041899580544,0.11038812148022532,0.03879954219708335,0.2609558236907358,0.859020628589589,0.8545633949777175,-0.1399192431902465,0.1297839719713132,-3.850653790445498,-0.3834327075516902,0.5869470686452677
1.825,4,0.05734041899580533,0.12093332952384736,0.043024302702507976,0.26025158759043177,0.8596767735326836,0.8353565356680467,-0.14174498709382025,0.1326517404484917,-3.8317804058997957,-0.3471804515382616,0.5602291735738057
1.83,4,0.06234041899580545,0.13147853756746986,0.047153272517722646,0.25953866806205245,0.8603469250586696,0.816248646868605,-0.14339418113504068,0.13538694654872055,-3.8110734514227405,-0.3128082531717628,0.533920983503912
1.835,4,0.06734041899580534,0.14202374561109188,0.051186969218275556,0.2588179244669251,0.8610304254486157,0.7972487784530126,-0.14487615796056355,0.13799162178158572,-3.7885801174296354,-0.2802890558206637,0.5080156922669483
1.84,4,0.07234041899580546,0.15256895365471437,0.05512595503920355,0.2580901698413514,0.8617266270560617,0.7783657443428099,-0.1462001149338871,0.1404677636258305,-3.7643475943357805,-0.24959580285342903,0.4825064936942716
1.845,4,0.07734041899580535,0.16311416169833642,0.05897083569527023,0.2573561715730236,0.8624348921368635,0.759608122507464,-0.14737511413535173,0.1428173355293545,-3.7384230725564813,-0.2207014376385282,0.4573865816172438
1.85,4,0.08234041899580546,0.17365936974195892,0.06272225920120704,0.25661665207743994,0.8631545926790397,0.7409842549643619,-0.14841008236214037,0.14504226690921462,-3.7108537425070374,-0.1935789035444263,0.43264914986722214
1.855,4,0.08734041899580536,0.18420457778558094,0.06638091469195155,0.2558722894743209,0.8638851102326172,0.7225022477788182,-0.1493138111282781,0.14714445315162406,-3.6816867946027534,-0.168201143939593,0.40828739227556843
1.86,4,0.09234041899580547,0.19474978582920344,0.06994753124288833,0.2551237182640244,0.8646258357394765,0.7041699710640669,-0.1500949566646325,0.14912575561195315,-3.6509694192589293,-0.14454110219249297,0.38429450267363974
1.865,4,0.09734041899580537,0.2052949938728255,0.07342287669008729,0.2543715300039623,0.8653761693631981,0.6859950589812692,-0.1507620399189134,0.1509880016147289,-3.6187488068908693,-0.1225717216715956,0.36066367489279766
1.87,4,0.10234041899580548,0.21584020191644798,0.07680775645054454,0.2536162739850154,0.866135520318908,0.6679849097395065,-0.15132344655567292,0.15273298445363526,-3.5850721479138743,-0.10226594574536618,0.33738810276439973
1.875,4,0.10734041899580538,0.22638540996007,0.08010301234242087,0.25285845790795003,0.8669033067031233,0.6501466855957866,-0.15178742695630562,0.15436246339151258,-3.5499866327432477,-0.08359671778227376,0.3144609801198074
1.8800000000000001,4,0.11234041899580549,0.2369306180036925,0.08330952140528246,0.2520985485598331,0.8676789553235986,0.6324873128550378,-0.15216209621904833,0.15587816366035856,-3.5135394517942906,-0.06653698115078423,0.2918755007903781
1.885,4,0.11734041899580538,0.24747582604731455,0.08642819472033941,0.2513369724904485,0.868461901529171,0.6150134818701152,-0.15245543415898025,0.15728177646132727,-3.475777795482307,-0.051059679219365633,0.26962485860747337
1.8900000000000001,4,0.1223404189958055,0.258021034090937,0.0894599762306864,0.2505741166887124,0.8692515890396065,0.5977316470417944,-0.15267528530802288,0.15857495896472978,-3.436748854222597,-0.03713775535648452,0.24770224740245064
1.895,4,0.1273404189958054,0.2685662421345591,0.0924058415615413,0.24981032925908941,0.8700474697754454,0.5806480268187767,-0.15282935891494007,0.1597593343100338,-3.396499818430465,-0.024744152930608776,0.22610086100667132
1.9000000000000001,4,0.1323404189958055,0.27911145017818156,0.09526679684048585,0.24904592009800813,0.8708490036878483,0.5637686036976849,-0.15292522894533805,0.16083649160586416,-3.355077878521212,-0.013851815310204964,0.20481389325149305
1.905,4,0.1373404189958054,0.2896566582218036,0.09804387751770409,0.24828116157027708,0.8716556585884419,0.5470991242230676,-0.15297033408166538,0.16180798593000204,-3.312530224910142,-0.0044336858637408555,0.18383453796827706
1.9100000000000001,4,0.14234041899580552,0.3002018662654261,0.10073814718622322,0.24751628918550037,0.8724669099791644,0.5306450989873942,-0.15297197772321286,0.1626753383293858,-3.268904048012554,0.0035372920403171277,0.16315598898838093
1.915,4,0.1473404189958054,0.31074707430904813,0.10335069640215205,0.24675150227449363,0.8732822408821119,0.5144118026310607,-0.15293732798611367,0.16344003582011032,-3.2242465382437544,0.010088175033500589,0.14277144014316628
1.92,4,0.1523404189958053,0.32129228235267016,0.10588264150492158,0.24598696466569964,0.8741011416693837,0.49840427384238395,-0.15287341770334342,0.1641035313874275,-3.1786048860190435,0.015246019747342986,0.12267408526399141
1.925,4,0.15734041899580542,0.3318374903962927,0.10833512343752416,0.24522280536160423,0.8749231098929284,0.4826273153576045,-0.15278714442471994,0.16466724398574592,-3.1320262817537214,0.019037882813377153,0.10285711818221484
1.93,4,0.1623404189958053,0.3423826984399147,0.11070930656675285,0.24445911921515204,0.8757476501143894,0.4670854939608889,-0.15268527041690344,0.1651325585386309,-3.084557915863095,0.021490820863135682,0.08331373272919781
1.935,4,0.16734041899580543,0.35292790648353717,0.11300637750344175,0.24369596760616227,0.8765742737349508,0.45178314048432366,-0.15257442266339646,0.16550082593880475,-3.036246978762462,0.022631890528151535,0.0640371227362984
1.94,4,0.17234041899580532,0.36347311452715925,0.11522754392270482,0.2429333791177446,0.8774024988251833,0.4367243498079221,-0.1524610928645439,0.16577336304814635,-2.9871406608671287,0.02248814843995718,0.04502048203487735
1.945,4,0.17734041899580544,0.3740183225707817,0.11737403338417624,0.2421713502127147,0.8782318499548899,0.4219129808596179,-0.15235163743753305,0.16595145269769154,-2.9372861525923937,0.02108665123008558,0.0262570044562927
1.95,4,0.18234041899580533,0.38456353061440374,0.11944709215224938,0.2414098459100104,0.8790618580229514,0.40735265661527154,-0.1522522775163933,0.16603634368763298,-2.8867306443535634,0.01845445553006994,0.00773988383190558
1.955,4,0.18734041899580545,0.39510873865802626,0.12144798401631701,0.24064880046110712,0.879892060087173,0.39304676409866357,-0.15216909895199668,0.1660292507873199,-2.8355213265659356,0.014618617971442234,-0.010537686006926332
1.96,4,0.19234041899580534,0.4056539467016483,0.12337798911101022,0.23988811802643395,0.8807219991941291,0.3789984543815013,-0.15210805231205737,0.16593135473525858,-2.7837053896448176,0.009606195185735921,-0.02858251122884191
1.965,4,0.19734041899580546,0.4161991547452708,0.1252384027364389,0.23912767335178914,0.8815512242090094,0.3652106425834124,-0.1520749528811319,0.16574380223911195,-2.7313300240055067,0.0034442438044829716,-0.04640139800248311
1.97,4,0.20234041899580535,0.42674436278889283,0.12703053417843052,0.2383673124447562,0.8823792896454653,0.35168600787195103,-0.15207548066061918,0.16546770597569976,-2.6784424200633086,-0.003840179540782911,-0.06400115249648904
1.975,4,0.20734041899580546,0.4372895708325153,0.12875570552877036,0.23760685325111944,0.8832057554954549,0.338426993462592,-0.15211518036876054,0.16510414459099867,-2.6250897682335235,-0.012220018218529506,-0.08138858087950179
1.98,4,0.21234041899580536,0.4478347788761374,0.13041525050544073,0.23684608633127996,0.884030187059089,0.32543580661873617,-0.1521994614406394,0.16465416270014202,-2.5713192589314566,-0.02166821559722336,-0.09857048932016037
1.985,4,0.21734041899580547,0.45837998691975984,0.13201051327286087,0.23608477553667123,0.8848521547744771,0.3127144186517057,-0.15233359802818178,0.1641187708874199,-2.517178082572406,-0.03215771504533274,-0.11555368398710658
1.99,4,0.22234041899580537,0.46892519496338186,0.13354284726212634,0.23532265868617502,0.8856712340475731,0.3002645649207483,-0.15252272900015587,0.16349894570627943,-2.46271342957168,-0.043661459931323955,-0.1323449710489798
1.995,4,0.22734041899580548,0.4794704030070044,0.13501361399124887,0.2345594482425372,0.8864870050820208,0.28808774483303284,-0.1527718579421723,0.16279562967932418,-2.407972490344573,-0.05615239362366502,-0.14895115667442188
2.0,4,0.23234041899580538,0.4900156110506264,0.13642418188539573,0.23379483198878342,0.8872990527090002,0.2761852218436541,-0.15308585315668388,0.16200973129831484,-2.3530024553063953,-0.06960345949082249,-0.1653790470320719
2.005,4,0.23734041899580527,0.5005608190942484,0.13777592509712938,0.233028473704635,0.8881069662170726,0.264558023455629,-0.15346944766298592,0.16114212502416872,-2.297850514872445,-0.08398760090126388,-0.1816354482905711
2.0100000000000002,4,0.2423404189958056,0.5111060271378715,0.13907022232664765,0.23226001384292458,0.8889103391820274,0.2532069412198967,-0.1539272391972161,0.16019365128695992,-2.2425638594580195,-0.09927776122345748,-0.19772716661856146
2.015,4,0.2473404189958055,0.5216512351814935,0.14030845564202216,0.23148907020601223,0.8897087692967265,0.24213253073532356,-0.15446369021235426,0.15916511648591958,-2.1871896794784327,-0.11544688382586786,-0.2136610081846808
2.02,4,0.2523404189958054,0.5321964432251155,0.14149200929943917,0.23071523862220078,0.8905018582009514,0.23133511164869597,-0.1550831278782226,0.15805729298943522,-2.131775165348979,-0.13246791207696426,-0.22944377915757053
2.025,4,0.2573404189958053,0.5427416512687375,0.14262226856343863,0.22993809362215198,0.8912892113112483,0.2208147676547251,-0.15578974408148577,0.15687091913505158,-2.0763675074849637,-0.1503137893452125,-0.24508228570587207
2.0300000000000002,4,0.2623404189958056,0.5532868593123604,0.14370061852715374,0.229157189115302,0.8920704376507739,0.21057134649604467,-0.15658759542565076,0.15560669922946968,-2.021013896301682,-0.16895745899908335,-0.26058333399822636
2.035,4,0.2673404189958055,0.5638320673559825,0.14472844293255066,0.2283720590662776,0.8928451496791414,0.20060445996321452,-0.15748060323106677,0.15426530354854806,-1.9657615222144487,-0.1883718644070391,-0.27595373020327185
2.04,4,0.2723404189958054,0.5743772753996045,0.14570712299066818,0.22758221817131158,0.8936129631222661,0.19091348389471516,-0.1584725535349254,0.15284736833730145,-1.9106575756385578,-0.20852994893754953,-0.29120028048965035
2.045,4,0.2773404189958053,0.5849224834432266,0.14663803620185745,0.22678716253465853,0.8943734968022113,0.18149755817695154,-0.1595670970912606,0.15135349580990165,-1.855749246989313,-0.22940465595908194,-0.30632979102600216
2.05,4,0.2823404189958052,0.5954676914868486,0.1475225551760212,0.225986370345011,0.8951263724670343,0.17235558674425236,-0.16076774937094868,0.14978425414967717,-1.8010837266820174,-0.25096892884010263,-0.32134906798096774
2.055,4,0.28734041899580554,0.6060128995304715,0.14836204645285397,0.22517930255191485,0.8958712146206316,0.163486237578869,-0.1620778905617083,0.1481401775091132,-1.7467082051319691,-0.2731957109490813,-0.33626491752318954
2.06,4,0.29234041899580543,0.6165581075740936,0.14915786932208086,0.22436540354218543,0.8966076503525849,0.1548879427109781,-0.1635007655681002,0.14642176600985204,-1.6926698727544773,-0.29605794565448135,-0.35108414582130476
2.065,4,0.2973404189958053,0.6271033156177156,0.14991137464369816,0.22354410181632306,0.8973353091680075,0.14655889821867815,-0.1650394840115279,0.14462948574269263,-1.6390159199648422,-0.31952857632477205,-0.3658135590439555
2.07,4,0.3023404189958052,0.6376485236613376,0.1506239036682121,0.22271481066492899,0.8980538228173892,0.1384970642279914,-0.16669702023023686,0.1427637687675906,-1.5857935371783638,-0.3435805463284206,-0.3804599633597823
2.075,4,0.30734041899580555,0.6481937317049606,0.15129678685687914,0.221876928845121,0.8987628251264427,0.1307001649128635,-0.16847621327931536,0.14082501311365836,-1.533049914810341,-0.36818679903389634,-0.3950301649374276
2.08,4,0.31234041899580545,0.6587389397485827,0.15193134270194494,0.22102984125694958,0.8994619518259488,0.12316568849516452,-0.17037976693069298,0.13881358277916553,-1.4808322432760852,-0.39332027780966206,-0.4095309699455277
2.085,4,0.31734041899580534,0.6692841477922047,0.15252887654688455,0.22017291961981325,0.900150840381603,0.11589088724468748,-0.17241024967314292,0.13672980773153798,-1.4291877129908954,-0.4189539260241876,-0.42396918455272614
2.09,4,0.32234041899580523,0.6798293558358267,0.1530906794066418,0.21930552314887464,0.9008291298238605,0.10887277747914853,-0.17457009471228008,0.13457398390735875,-1.3781635143700717,-0.4450606870459396,-0.43835161492766256
2.095,4,0.32734041899580557,0.6903745638794497,0.15361802678786882,0.2184269992314761,0.9014964605777825,0.1021081395641871,-0.176861599970562,0.13234637321236728,-1.3278068378289134,-0.47161350424338644,-0.4526850672389794
2.1,4,0.33234041899580546,0.7009197719230718,0.15411217750916575,0.21753668410355584,0.9021524742928816,0.0955935179133674,-0.1792869280872878,0.13004720352146049,-1.2781648737827307,-0.4985853209849925,-0.4669763476553139
2.105,4,0.33734041899580536,0.7114649799666938,0.15457437252132028,0.2166339035260632,0.9027968136729679,0.08932522098817637,-0.1818481064185996,0.12767666867869149,-1.229284812646823,-0.5259490806392269,-0.4812322623453082
2.11,4,0.34234041899580525,0.7220101880103158,0.15500583372754767,0.21571797346137486,0.9034291223059947,0.08329932129802355,-0.18454702703748177,0.12523492849727033,-1.1812138448364904,-0.5536777265745579,-0.49545961747760286
2.115,4,0.3473404189958056,0.7325553960539387,0.15540776280372962,0.2147882007497103,0.9040490444939041,0.0775116554002431,-0.1873854467337612,0.12272210875956378,-1.133999160767033,-0.581744202159453,-0.5096652192208395
2.12,4,0.3523404189958055,0.7431006040975607,0.15578134001865462,0.21384388378554803,0.904656225082473,0.07195782390009267,-0.19036498701410653,0.1201383012170959,-1.0876879508537605,-0.6101214507623763,-0.5238558737436564
2.125,4,0.3573404189958054,0.7536458121411828,0.15612772305425704,0.21288431319404091,0.9052503092911588,0.06663319145075325,-0.19348713410202908,0.11748356359054694,-1.042327405511971,-0.6387824157517963,-0.5380383872146948
2.13,4,0.36234041899580527,0.7641910201848049,0.15644804582585708,0.21190877250743217,0.9058309425429453,0.06153288675332865,-0.19675323893788263,0.11475791956975426,-0.997964715156967,-0.6677000404961815,-0.5522195658025966
2.1350000000000002,4,0.3673404189958056,0.7747362282284278,0.15674341730240035,0.2109165388414711,0.9063977702941882,0.05665180255684647,-0.20016451717886335,0.1119613588137117,-0.9546470702040482,-0.6968472683640003,-0.5664062156760017
2.14,4,0.3723404189958055,0.7852814362720498,0.15701492032669714,0.20990688357182916,0.9069504378644613,0.05198459565825897,-0.2037220491990092,0.10909383695057052,-0.912421661068521,-0.7261970427237157,-0.5806051430035494
2.145,4,0.3773404189958054,0.7958266443156718,0.15726361043566264,0.20887907301051525,0.9074885902664016,0.04752568690244042,-0.20742678008920098,0.10615527557763835,-0.8713356781656892,-0.7557223069437966,-0.5948231539538811
2.15,4,0.3823404189958053,0.8063718523592939,0.15749051468055594,0.20783236908229186,0.908011872035556,0.04326926118218905,-0.2112795196571618,0.10314556226137955,-0.8314363119108503,-0.7853960043927101,-0.6090670546956374
2.1550000000000002,4,0.3873404189958056,0.8169170604029169,0.15769663044722015,0.20676603000109064,0.9085199270602264,0.03920926743822631,-0.2152809424274572,0.10006455053741514,-0.792770752719306,-0.8151910784389272,-0.6233436513974603
2.16,4,0.3923404189958055,0.8274622684465389,0.15788292427632156,0.2056793109464286,0.9090123984113159,0.03533941865919805,-0.21943158764149429,0.09691205991052355,-0.7553861910063641,-0.8450804724509106,-0.6376597502279869
2.165,4,0.3973404189958054,0.8380074764901609,0.15805033068358976,0.20457146473982332,0.909488928172174,0.03165319188167285,-0.22373185925752304,0.09368787585463971,-0.7193298171873216,-0.8750371297971277,-0.65202215735586
2.17,4,0.4023404189958053,0.848552684533783,0.15819975098005679,0.2034417425212092,0.909949157268443,0.02814382819014281,-0.2281820259506364,0.09039174981285514,-0.6846488216774858,-0.905033993846047,-0.66643767894972
2.1750000000000003,4,0.40734041899580564,0.859097892577406,0.15833205209229695,0.20228939442535282,0.9103927252979037,0.024804332717023887,-0.23278222111276914,0.08702339919741803,-0.6513903948921526,-0.9350440079661396,-0.6809131211782083
2.18,4,0.41234041899580554,0.869643100621028,0.15844806538266676,0.2011136702582694,0.9108192703603207,0.021627474642654975,-0.23753244285269728,0.08358250738973408,-0.6196017272466314,-0.965040115525865,-0.695455290209963
2.185,4,0.41734041899580543,0.88018830866465,0.15854858546954365,0.19991382017363782,0.9112284288872888,0.018605787195298963,-0.24243255399604116,0.08006872374036532,-0.5893300091562205,-0.9949952598936943,-0.7100709922136259
2.19,4,0.4223404189958053,0.890733516708272,0.15863436904756678,0.19868909534921686,0.9116198354720784,0.015731567651142364,-0.24748228208526185,0.07648166356903047,-0.5606224310362227,-1.024882384438095,-0.724767033357838
2.195,4,0.4273404189958052,0.9012787247518941,0.15870613370787567,0.19743874866326092,0.9119931226994813,0.012996877334294164,-0.2526812193796634,0.07282090816460518,-0.5335261833019407,-1.0546744325275341,-0.7395502198112388
2.2,4,0.43234041899580555,0.911823932795517,0.15876455675835038,0.19616203537093554,0.9123479209756566,0.010393541616787337,-0.258028822855393,0.06908600478512147,-0.5080884563686735,-1.084344347530481,-0.7544273577424714
2.205,4,0.43734041899580545,0.922369140839139,0.15881027404385084,0.19485821378073398,0.9126838583579766,0.007913149918579894,-0.2635244142054387,0.06527646665776955,-0.48435644065172967,-1.1138650728153974,-0.7694052533201723
2.21,4,0.44234041899580534,0.932914348882761,0.15884387876645667,0.19352654593089189,0.9130005603848723,0.005547055707550907,-0.26916717983963084,0.0613917729788948,-0.4623773265664081,-1.143209551750755,-0.7844907127129845
2.215,4,0.44734041899580523,0.9434595569263832,0.1588659203057064,0.19216629826580395,0.9132976499056794,0.0032863764995044896,-0.27495617088464414,0.05743136891400024,-0.4421983045280115,-1.1723507277050194,-0.7996905420895488
2.22,4,0.45234041899580557,0.9540047649700061,0.15887690303883795,0.19077674231243913,0.913574746910484,0.001121993858167103,-0.2808903031839938,0.05339466559774516,-0.4238665649518408,-1.2012615440466596,-0.8150115476185054
2.225,4,0.45734041899580546,0.9645499730136281,0.15887728516102717,0.18935715535675707,0.9138314683599683,-0.0009554466048098668,-0.28696835729803744,0.04928104013394667,-0.40742929825319857,-1.2299149441441402,-0.8304605354684934
2.23,4,0.46234041899580536,0.9750951810572501,0.15886747750562813,0.1879068211201233,0.9140674280152565,-0.0029555352298529214,-0.2931889785039756,0.04508983559557751,-0.3929336948473899,-1.2582838713659292,-0.846044311808155
2.235,4,0.46734041899580525,0.9856403891008721,0.1588478423644128,0.1864250304357251,0.9142822362677606,-0.004888098309463989,-0.2995506767958511,0.04082036102476807,-0.3804269451497142,-1.2863412690804943,-0.8617696828061298
2.24,4,0.4723404189958056,0.9961855971444952,0.1588186923078101,0.18491108192498756,0.9144754999690262,-0.0067631980882225315,-0.30605182688454957,0.03647189143280453,-0.36995623957547463,-1.3140600806563054,-0.8776434546310601
2.245,5,0.003191404645728202,0.02533995802194869,0.15878028901000202,0.18336428267619007,0.9146468222649777,-0.008591125154455613,-0.31269066475036766,0.03204367469303543,-0.3615592325165018,-1.341408928567859,-0.8936637941157487
2.25,5,0.008191404645728095,0.06504027940843676,0.15873284258586587,0.18178394915500512,0.9147958028938797,-0.010382106268076254,-0.3194651552560762,0.027535196239615256,-0.35515047353160234,-1.3683006549184307,-0.9097173390056416
2.255,5,0.013191404645727989,0.10474060079492485,0.15867651361417573,0.18016940933221892,0.9149220409179666,-0.012145658462336156,-0.3263726994821831,0.022946764230897716,-0.3505588580854613,-1.3946092908478809,-0.9256131271444293
2.2600000000000002,5,0.018191404645728326,0.14444092218141646,0.15861141724540131,0.17852000575600657,0.9150251393436483,-0.013890435354628096,-0.3334100650883936,0.018279648786991908,-0.3476115460576091,-1.4202080810802877,-0.9411586239905186
2.265,5,0.02319140464572822,0.18414124356790454,0.15853762752242692,0.17683509872068606,0.9151047099346175,-0.015624226361742028,-0.3405733859580314,0.013536082700716144,-0.34613569732757676,-1.4449702703397238,-0.9561612950023121
2.27,5,0.028191404645728113,0.2238415649543926,0.1584551817015544,0.17511406943559923,0.9151603780252122,-0.01735395669986604,-0.3478581621980424,0.008719261437595473,-0.34595847177489447,-1.4687691033502677,-0.9704286056382163
2.275,5,0.033191404645728007,0.26354188634088066,0.15836408457350612,0.17335632319399435,0.9151917873337805,-0.019085687384585697,-0.3552592601389924,0.0038333431358633335,-0.34690702927909267,-1.4914778248359961,-0.9837680213566365
2.2800000000000002,5,0.038191404645728344,0.3032422077273723,0.1582643127844281,0.17156129254190755,0.915198604776043,-0.020824615230884396,-0.36277091233506814,-0.0011165513935393258,-0.3488085297197022,-1.5129696795209875,-0.9959870076159794
2.285,5,0.04319140464572824,0.34294252911386036,0.15815581915689286,0.16972844044704558,0.9151805252784566,-0.022575072853142704,-0.37038671756407476,-0.00612433866696223,-0.35149013297625314,-1.5331179121293148,-1.006893029874648
2.29,5,0.04819140464572813,0.38264285050034846,0.15803853701090262,0.1678572634676665,0.9151372765915787,-0.02434052866513931,-0.37809964082743996,-0.011182972528048476,-0.3547789989282762,-1.5517957673850562,-1.0162935535910478
2.295,5,0.053191404645728024,0.4223431718868365,0.15791238448489214,0.16594729492146243,0.91506862410343,-0.02612358688005039,-0.38590201335021085,-0.016284444147732724,-0.3585022874553019,-1.5688764900122885,-1.0239960442235854
2.3000000000000003,5,0.05819140464572836,0.4620434932733281,0.15777726885673182,0.16399810805444104,0.9149743756528582,-0.027925987510449963,-0.39378553258105586,-0.021419782024242134,-0.36248715843686097,-1.5842333247350897,-1.029807967230666
2.305,5,0.06319140464572826,0.5017438146598162,0.15763309086473073,0.16200931920980804,0.9148543863429018,-0.029748606368309193,-0.40174126219226153,-0.026579051983094525,-0.36656077175248336,-1.5977395162775339,-1.0335367880706936
2.31,5,0.06819140464572815,0.5414441360463043,0.15747974902863954,0.15998059099684825,0.9147085633541535,-0.03159145506499737,-0.40975963207973704,-0.0317513571771011,-0.37055028728169986,-1.6092683093636986,-1.0349899722020743
2.315,5,0.07319140464572804,0.5811444574327924,0.15731714397065363,0.15791163545980796,0.9145368707581236,-0.03345368101128132,-0.41783043836301115,-0.03692483808636467,-0.37428286490404106,-1.6186929487176607,-1.0339749850832134
2.32,5,0.07819140464572794,0.6208447788192805,0.15714518273641598,0.15580221724677687,0.9143393343306037,-0.03533356741732546,-0.4259428433852331,-0.04208667251827996,-0.3775856644990374,-1.6258866790634965,-1.0302992921725165
2.325,5,0.08319140464572827,0.6605451002057721,0.15696378311602033,0.15365215677856955,0.9141160463650301,-0.03722853329269209,-0.43408537571317307,-0.04722307560753432,-0.38028584594621967,-1.6307227451252833,-1.0237703589283875
2.33,5,0.08819140464572817,0.7002454215922601,0.1567728779650141,0.1514613334176084,0.9138671704858476,-0.039135133446340606,-0.4422459301372197,-0.0523192998161057,-0.38221056912511775,-1.6330743916270969,-1.0141956508092334
2.335,5,0.09319140464572806,0.7399457429787482,0.1565724195254014,0.14922968863680414,0.9135929464618728,-0.04104905848662859,-0.45041176767138386,-0.05735963493326541,-0.3831869939152626,-1.6328148632930142,-1.001382633273459
2.34,5,0.09819140464572795,0.7796460643652363,0.15636238374664604,0.1469572291884386,0.9132936950196578,-0.04296513482131111,-0.45856951555329645,-0.062327408075576386,-0.38304228019618464,-1.6298174048471117,-0.9851387717794691
2.345,5,0.10319140464572829,0.8193463857517279,0.15614277460667456,0.14464403027304623,0.9129698226568536,-0.04487732465754104,-0.4667051672442092,-0.06720498368689397,-0.38160358784741427,-1.6239552610134658,-0.9652715317856675
2.35,5,0.10819140464572818,0.859046707138216,0.15591362843287931,0.14229023870829682,0.9126218264555735,-0.04677872600186841,-0.47480408242899197,-0.07197376353836428,-0.37869807674848216,-1.6151016765161537,-0.9415883787504631
2.355,5,0.11319140464572808,0.898747028524704,0.15567501822312133,0.13989607609787602,0.9122502988957572,-0.048661572660241396,-0.48285098701613766,-0.07661418672842672,-0.37415290677891894,-1.603129896079252,-0.9138967781322592
2.36,5,0.11819140464572797,0.9384473499111922,0.15542705796673345,0.1374618420003683,0.9118559326685336,-0.050517234238005686,-0.49082997313775834,-0.08110572968281235,-0.36779523781825485,-1.5879131644268367,-0.8820041953894614
2.365,5,0.12319140464572831,0.9781476712976838,0.1551699069655232,0.13498791709813818,0.911439525489585,-0.052336216139904745,-0.49872449914958733,-0.08542690615454455,-0.3594522297460196,-1.569324726282983,-0.8457180959804714
2.37,6,0.002247839823564579,0.012907318047247247,0.1549037741534722,0.13247476636529731,0.911001984910533,-0.0541081624704732,-0.5065173916682274,-0.08955527162168544,-0.34895620365326924,-1.5472414516324302,-0.8048537710956422
2.375,6,0.0072478398235644725,0.04161781136607013,0.1546289219698267,0.12992294192196946,0.9105443324531524,-0.05582215502657176,-0.5141910555849989,-0.09346787663737205,-0.336291849820419,-1.5216472353367982,-0.75945754303622
2.38,6,0.012247839823564366,0.07032830468489301,0.15434566667707544,0.127333083391428,0.9100677023531112,-0.057467731256868305,-0.5217281890857424,-0.09714281031974914,-0.32161766890216054,-1.492648057529581,-0.7098392755977948
2.3850000000000002,6,0.017247839823564703,0.09903879800371844,0.15405437477979675,0.12470591551846402,0.9095733343916226,-0.05903526195948139,-0.5291120489475252,-0.10055977303931142,-0.3051016343166749,-1.4603565520604873,-0.6563231957361267
2.39,6,0.022247839823564597,0.12774929132254131,0.1537554588289107,0.12204224535606088,0.9090625657952104,-0.06051595779962006,-0.5363264551166607,-0.10370008630133147,-0.2869117194821477,-1.4248853527792347,-0.5992335304069903
2.395,6,0.02724783982356449,0.1564597846413642,0.15344937322234348,0.11934295944954652,0.9085368231300348,-0.0619018693095847,-0.5433557907087132,-0.10654669274586168,-0.26721589781676014,-1.3863470935355318,-0.538894506566146
2.4,6,0.032247839823564384,0.1851702779601871,0.15313661000569212,0.11660902102074816,0.9079976141962193,-0.06318588688876647,-0.5501850020084945,-0.1090841561477329,-0.2461821427386947,-1.3448544081790907,-0.47563035116935903
2.4050000000000002,6,0.03724783982356472,0.21388077127901253,0.15281769467288892,0.11384146715214565,0.9074465199221756,-0.06436174080364754,-0.556799598470066,-0.11129866141655505,-0.22397842766613196,-1.3005199305596193,-0.4097652911723883
2.41,6,0.042247839823564615,0.2425912645978354,0.15249318196686612,0.11104140597102607,0.9068851862589311,-0.06542400118780066,-0.5631856527167356,-0.11317801459671623,-0.2007727260172586,-1.2534562945268375,-0.3416235535310107
2.415,6,0.04724783982356451,0.2713017579166583,0.1521636516802203,0.10821001383363615,0.906315316074454,-0.06636807804188986,-0.5693298005410614,-0.11471164286738401,-0.17673301121025517,-1.2037761339304527,-0.2715293652009854
2.42,6,0.0522478398235644,0.30001225123548114,0.15182970445587704,0.10534853250933698,0.9057386610479796,-0.06719022123366994,-0.57521924090485,-0.11589059454250455,-0.15202725666330427,-1.151592082620177,-0.19980695313807778
2.4250000000000003,6,0.05724783982356474,0.3287227445543066,0.1514919575877553,0.10245826636475718,0.9051570135643366,-0.06788752049798666,-0.5808417359391564,-0.11670753907080293,-0.1268234357945862,-1.0970167744457173,-0.12678054429804594
2.43,6,0.06224783982356463,0.3574332378731295,0.1511510408214323,0.09954057954794776,0.9045721986082734,-0.06845790543677654,-0.5861856109442833,-0.11715676703578283,-0.10128952202228814,-1.0401628432567949,-0.05277436563666826
2.435,6,0.06724783982356453,0.3861437311919524,0.15080759215480768,0.09659689317253436,0.9039860656587836,-0.06890014551906719,-0.5912397543897829,-0.11723419015572695,-0.07559348876459034,-0.9811429229031172,0.02188735589029687
2.44,6,0.07224783982356442,0.41485422451077525,0.15046225363876825,0.09362868250187195,0.9034004805834326,-0.06921385008097707,-0.5959936179144558,-0.11693734128369683,-0.04990330943967556,-0.9200696472343957,0.09688039332708397
2.445,6,0.07724783982356431,0.4435647178295981,0.1501156671778525,0.0906374741331984,0.9028173175326832,-0.06939946832571553,-0.600437216326351,-0.11626537440753269,-0.0243869574657262,-0.8570556501003426,0.17188051971792856
2.45,6,0.08224783982356465,0.4722752111484236,0.14976847033091514,0.08762484318178795,0.9022384508342227,-0.06945828932358289,-0.6045611276027667,-0.11521906464985364,0.0007875937390773331,-0.7922135653506631,0.24656350810707178
2.455,6,0.08724783982356454,0.5009857044672464,0.14942129211179173,0.084592410465106,0.901665746887288,-0.06939244201197033,-0.6083564928902482,-0.11380080826805773,0.02545237075654789,-0.7256560268350812,0.32060513153873554
2.46,6,0.09224783982356444,0.5296961977860694,0.14907474878996305,0.08154183968696134,0.9011010560569919,-0.06920489519535994,-0.6118150165045904,-0.11201462265432173,0.04943940016850512,-0.6574956684033029,0.3936811630571612
2.465,6,0.09724783982356433,0.5584066911048922,0.1487294396912198,0.07847483462166091,0.9005462045686494,-0.06889945754532477,-0.6149289659308369,-0.10986614633560125,0.0725807085567665,-0.5878451239050401,0.4654673757065836
2.47,6,0.10224783982356467,0.5871171844237176,0.14838594299832703,0.07539313629816302,0.9000029864021042,-0.06848077760052872,-0.6176911718232797,-0.10736263897363038,0.09470832250315137,-0.516817027189998,0.5356395425312441
2.475,6,0.10724783982356456,0.6158276777425405,0.1480448115516888,0.07229852018423225,0.8994731551860541,-0.06795434376672668,-0.6200950280054586,-0.1045129813649229,0.11565426858947321,-0.4445240121079009,0.6038734365753656
2.48,6,0.11224783982356445,0.6445381710613634,0.14770656865001264,0.06919279337059153,0.8989584160923771,-0.06732648431676441,-0.622134491470163,-0.10132767544077068,0.13525057339755125,-0.3710787125084548,0.6698448308831881
2.485,6,0.11724783982356435,0.6732486643801863,0.14737170385097415,0.066077791755077,0.8984604177304584,-0.06660436739057857,-0.6238040823794304,-0.0978188442672446,0.1533292635092033,-0.2965937622413711,0.733229498498948
2.49,6,0.12224783982356469,0.7019591576990117,0.14704066877188146,0.06295537722679119,0.8979807440415153,-0.0657960009951967,-0.6250988840645468,-0.09400023204519406,0.1697223655062477,-0.22118179515635528,0.7937032124668845
2.495,6,0.12724783982356458,0.7306696510178347,0.1467138728903399,0.05982743485025792,0.8975209061929242,-0.06491023300473739,-0.626014543026047,-0.08988720411024825,0.18426190597049932,-0.1449554451031317,0.8509417458312221
2.5,6,0.13224783982356447,0.7593801443366575,0.14639167934491648,0.05669587004957441,0.8970823344725467,-0.06395675116041002,-0.6265472689337139,-0.08549674693281428,0.19677991148377683,-0.06802734593140701,0.904620871636201
2.505,6,0.13724783982356437,0.7880906376554804,0.14607440073580438,0.05356260579256611,0.8966663701830547,-0.06294608307051493,-0.6266938346265797,-0.08084746811807832,0.20710840862789748,0.009489868509108313,0.954416362926056
2.5100000000000002,6,0.1422478398235647,0.8168011309743058,0.14576229492548756,0.05042957977493985,0.8962742575362578,-0.06188959621044323,-0.6264515761129243,-0.07595959640600497,0.21507942398468,0.08748356436870923,1.0000039927450268
2.515,6,0.1472478398235646,0.8455116242931286,0.1454555608394054,0.04729874160443888,0.8959071355474286,-0.06079949792267729,-0.6258183925702769,-0.07085498167133895,0.2205249841359396,0.16584110779766897,1.0410595341373394
2.52,6,0.1522478398235645,0.8742221176119516,0.14515433426661695,0.04417204998499477,0.8955660299296293,-0.05968883541679005,-0.6247927463454149,-0.06555709492360248,0.2232771156634951,0.24444986494628437,1.0772587601472334
2.525,6,0.15724783982356438,0.9029326109307745,0.14485868366046586,0.04105146990088235,0.895251844988037,-0.05857149576944552,-0.6233736629543642,-0.060091028307097116,0.2231678451491632,0.32319720196484236,1.1082774438189429
2.5300000000000002,6,0.16224783982356472,0.9316431042495998,0.14456860593924462,0.03793896980087301,0.8949653555142708,-0.0574622059243985,-0.6215607310823994,-0.05448349510090268,0.22002919917476185,0.40197048500363836,1.1337913581967065
2.535,6,0.16724783982356461,0.9603535975684228,0.14428402228685924,0.034836518782389386,0.8947071986807174,-0.05637653269249494,-0.6193541025840437,-0.048762829718879325,0.21369320432210784,0.48065708021294684,1.1534762763247528
2.54,6,0.1722478398235645,0.9890640908872457,0.14400477395349381,0.031746083775657574,0.894477865934857,-0.05533088275167151,-0.6167544924830687,-0.04295898770966452,0.20399188717301978,0.5591443537430634,1.1670079712473207
2.545,7,0.0030954856833504962,0.017046440063873135,0.1437306180629534,0.028669626727037417,0.894277694905996,-0.054342491859558514,-0.6137631803042295,-0.03710352571771277,0.190771213830846,0.6373179508705012,1.1740881104422005
2.5500000000000003,7,0.008095485683350834,0.04458079461695822,0.14346122419698154,0.025609101686431893,0.8941068627553276,-0.053428974160411334,-0.6103820657126126,-0.031228764263618664,0.17407073130235054,0.7150396187559355,1.1747779625276709
2.555,7,0.013095485683350727,0.07211514917004086,0.1431961752272951,0.02256645137030431,0.893965387416668,-0.05260728214425258,-0.6066137969096526,-0.02536585573598965,0.15407169014328664,0.7921536108518744,1.169402028480828
2.56,7,0.01809548568335062,0.09964950372312349,0.14293497156223398,0.019543603303149852,0.8938531351802738,-0.05189344736161832,-0.6024618026426366,-0.019544302736119894,0.13095858740032867,0.86850377982226,1.1582908400484286
2.565,7,0.023095485683350514,0.12718385827620612,0.1426770357585984,0.016542465913885817,0.8937698289550419,-0.05130257887781135,-0.5979302923955327,-0.013791955206570276,0.10491592012015218,0.9439339783310278,1.1417749289772288
2.57,7,0.028095485683350407,0.15471821282928877,0.1424217171340752,0.013564924632167977,0.8937150565318034,-0.05084886327290106,-0.5930242563889893,-0.008135010431167926,0.07612818534943282,1.0182880590421128,1.1201848270139836
2.575,7,0.033095485683350745,0.18225256738237386,0.14216829637966397,0.0106128379847069,0.8936882788466171,-0.05054556464172347,-0.5877494655803343,-0.0025980130350056717,0.04477988013484339,1.0914098746194574,1.0938510659054475
2.58,7,0.03809548568335064,0.2097869219354565,0.1419159901721032,0.007688033691585591,0.893688838244063,-0.05040502459388125,-0.5821124716635776,0.0027961450155559245,0.011055501523065052,1.1631432777269828,1.0631041773983803
2.585,7,0.04309548568335053,0.23732127648853912,0.14166395578629648,0.004792304762574532,0.8937159667405362,-0.050438662253743674,-0.5761206070694078,0.008026224412891603,-0.02486045343922916,1.2333321210286312,1.0282746932395361
2.59,7,0.048095485683350425,0.2648556310416218,0.14141129570773855,0.0019274055934493002,0.8937687942875406,-0.05065697426044661,-0.5697819849651947,0.013072638508109373,-0.06278348770536372,1.3018202571883386,0.989693145175671
2.595,7,0.05309548568335076,0.29238998559470686,0.1411570622449416,-0.0009049519376932991,0.8938463570349825,-0.05106953476789262,-0.5631054992549874,0.01791745331105141,-0.10252910422866648,1.368451538870045,0.947690064953537
2.6,7,0.058095485683350656,0.3199243401477895,0.1409002621418614,-0.003703102374117674,0.893947605594464,-0.05168499544475076,-0.5561008245795175,0.022544387490292455,-0.1439128059624547,1.4330698187376743,0.9025959843198975
2.605,7,0.06309548568335055,0.34745869470087215,0.14063986119032348,-0.006465430584134339,0.8940714133025771,-0.05251108547445682,-0.5487784163161946,0.026938812373142284,-0.1867500958600564,1.4955189494551684,0.8547414350215048
2.61,7,0.06809548568335044,0.37499304925395477,0.14037478884244925,-0.009190375664782306,0.8942165844841972,-0.05355461155521318,-0.5411495105791098,0.031087751945643997,-0.2308564768747957,1.555642783686461,0.8044569488051148
2.615,7,0.07309548568335078,0.40252740380703983,0.14010394282308214,-0.011876434845512977,0.8943818627157766,-0.054821457899988955,-0.5332261242190334,0.03497988285257485,-0.2760474519600012,1.613285174095494,0.7520730574174789
2.62,7,0.07809548568335067,0.4300617583601225,0.13982619374221392,-0.014522167391872606,0.8945659390886384,-0.05631658623651955,-0.5250210548234183,0.038605534397444845,-0.32213852406898913,1.668289973346192,0.6979202926053619
2.625,7,0.08309548568335057,0.4575961129132051,0.13954038970741067,-0.01712619850918711,0.8947674604722702,-0.0580440358073073,-0.5165478807163958,0.041956688542498774,-0.3689451961550878,1.7205010341024947,0.6423291861155159
2.63,7,0.08809548568335046,0.4851304674662878,0.13924536093623913,-0.019687223246244535,0.8949850377776176,-0.06000692336962107,-0.5078209609587779,0.0450269799087149,-0.41628297117162166,1.7697622090283383,0.5856302696946963
2.6350000000000002,7,0.0930954856833508,0.5126648220193728,0.13893992436869268,-0.0222040103989789,0.8952172542203778,-0.06220744319549656,-0.4988554353480562,0.04781169577580548,-0.4639673520719192,1.8159173507876616,0.5281540750896543
2.64,7,0.09809548568335069,0.5401991765724555,0.1386228882796177,-0.024675406414152744,0.8954626735842934,-0.06464686707173549,-0.48966722441840516,0.05030777608221583,-0.5118138418092963,1.8588103120443917,0.47023113404715544
2.645,7,0.10309548568335059,0.5677335311255381,0.1382930568911396,-0.027100339293041807,0.8957198484844464,-0.06732554429990677,-0.4802730294406771,0.05251381342512577,-0.559637943337082,1.8982849454624682,0.4121919783139509
2.65,7,0.10809548568335048,0.5952678856786208,0.13794923498508901,-0.02947782249511758,0.8959873286305511,-0.07024290169634574,-0.47069033242240543,0.05443005306044867,-0.6072551596085997,1.934185103705826,0.3543671396367969
2.6550000000000002,7,0.11309548568335082,0.6228022402317058,0.13759023251542798,-0.03180695884173114,0.8962636690902483,-0.07339744359215468,-0.46093739610780304,0.05605839290283181,-0.6544809935771788,1.9663546394384037,0.29708714976244405
2.66,7,0.11809548568335071,0.6503365947847884,0.13721486922067622,-0.034086944419795734,0.896547438552399,-0.07678675183320162,-0.4510332639777658,0.05740238352565581,-0.7011309481961348,1.9946374053241303,0.2406825404376589
2.665,7,0.1230954856833506,0.6778709493378712,0.13682197923633702,-0.03631707248547136,0.8968372275903781,-0.08040748578012208,-0.440997760249867,0.05846722816103553,-0.7470205264187968,2.0188772540269446,0.1854838434091913
2.67,7,0.1280954856833505,0.7054053038909538,0.1364104157073237,-0.03849673736784738,0.8971316569253673,-0.08425538230831783,-0.43085148987836164,0.059259782699819484,-0.7919652311984885,2.038918038210781,0.13182159042379854
2.6750000000000003,7,0.13309548568335083,0.7329396584440389,0.13597905540038557,-0.04062543837262633,0.8974293856896502,-0.08832525580795773,-0.42061583855418383,0.059788555691589924,-0.8357805654885385,2.0546036105395773,0.08002631322823058
2.68,7,0.13809548568335073,0.7604740129971215,0.1355268033165343,-0.04270278368580663,0.8977291196899044,-0.09261099818397617,-0.4103129727049506,0.060063708344662806,-0.878282032242263,2.0657778236772644,0.030428543569253712
2.685,7,0.14309548568335062,0.7880083675502041,0.13505259730346986,-0.0447284942773669,0.8980296196704963,-0.09710557885607517,-0.3999658394949569,0.060097054526088024,-0.9192851344129908,2.07228453028778,-0.016641186806380846
2.69,7,0.14809548568335051,0.8155427221032868,0.1345554126680068,-0.04670240780494889,0.8983297095767745,-0.10180104475872312,-0.3895981668251786,0.05990206076164917,-0.9586053749540459,2.07396758303506,-0.06085234615191834
2.695,7,0.1530954856833504,0.8430770766563694,0.13403426678850047,-0.0486244825175408,0.8986282848183629,-0.10668852034115486,-0.37923446333327215,0.05949384623586361,-0.9960582568187528,2.0706708345830385,-0.1018744027206015
2.7,7,0.15809548568335074,0.8706114312094545,0.13348822372727306,-0.05049480115916111,0.8989243205324553,-0.11175820756737251,-0.36890001839357334,0.05888918279198244,-1.031459282960439,2.0622381375956502,-0.13937682476567784
2.705,7,0.16309548568335064,0.8981457857625371,0.13291639884303996,-0.05231357487254107,0.8992168798471082,-0.11699938591614333,-0.3586209021171009,0.05810649493199073,-1.0646239563324225,2.048513344736832,-0.17302908054038568
2.71,7,0.16809548568335053,0.9256801403156197,0.13231796340333568,-0.05408114710280931,0.8995051221445352,-0.12240041238100254,-0.34842396535155135,0.0571658598166072,-1.0953677798880306,2.0293403086705193,-0.20250063829797132
2.715,7,0.17309548568335043,0.9532144948687024,0.13169214919694014,-0.05579799750117442,0.8997883113244,-0.1279487214702516,-0.3383368396813021,0.0560890072652842,-1.1235062565805882,2.004562882060646,-0.22746096629167933
2.72,7,0.17809548568335076,0.9807488494217875,0.13103825314630485,-0.05746474582860875,0.9000658240671107,-0.13363082520695915,-0.32838793742741046,0.054899319756208056,-1.1488548893634218,1.9740249175711446,-0.2475795327747552
2.725,8,0.0015041580072088223,0.014780791537396936,0.13035564191989904,-0.059082155859155584,0.9003371580967604,-0.1394323133953477,-0.3186064503992146,0.05362183125433658,-1.171229889596551,1.9375735877360662,-0.2625289225937945
2.73,8,0.006504158007208716,0.06391389945078851,0.1296437564238851,-0.06065113871772966,0.9006019399131865,-0.14533794542250195,-0.3090219196757299,0.05228282333523076,-1.1905019113890514,1.8953112050463756,-0.27222123824774735
2.735,8,0.01150415800720861,0.11304700736418011,0.1289021149222674,-0.06217274979040574,0.900859926490078,-0.15133209876443587,-0.2996621337312804,0.05090785200914734,-1.2066336863003069,1.8477715928391738,-0.27697367152879643
2.74,8,0.016504158007208947,0.16218011527757606,0.12813031417978826,-0.06364817636853017,0.9011109982742761,-0.1573990012486221,-0.2905520399626949,0.04952072589579126,-1.2195968390816398,1.7955302514176814,-0.2771425393007263
2.745,8,0.02150415800720884,0.21131322319096763,0.12732803017674335,-0.06507872328667925,0.9013551503017596,-0.16352273882628823,-0.28171370826528824,0.0481434720305489,-1.2293629944843694,1.7391626810851317,-0.27308415842732175
2.75,8,0.026504158007208733,0.2604463311043592,0.12649501881836261,-0.06646579853515247,0.9015924832897237,-0.16968725557242004,-0.273166331032857,0.04679633586448735,-1.2359037772598183,1.6792443821447456,-0.2651548457723676
2.755,8,0.03150415800720863,0.3095794390177508,0.12563111664419183,-0.06781089887246439,0.9018231947286579,-0.17587635368575955,-0.2649262231576822,0.045497781264354886,-1.2391908121593078,1.6163508548997474,-0.25371091819964864
2.7600000000000002,8,0.036504158007208964,0.35871254693114674,0.12473624153747345,-0.06911559543783725,0.9020475699744248,-0.18207369348880567,-0.25700682203052816,0.04426449051258078,-1.239195723934159,1.551057599653356,-0.23910869257294817
2.765,8,0.04150415800720886,0.40784565484453833,0.12381039343452843,-0.07038151936369304,0.9022659733403381,-0.18826279342781252,-0.24941868754064517,0.043111364307275676,-1.2358901373356936,1.4839401167088078,-0.22170448575605353
2.77,8,0.04650415800720875,0.4569787627579299,0.12285365503413674,-0.07161034738814652,0.9024788391892415,-0.19442703007279238,-0.2421695020757653,0.04205152176223098,-1.229245677115233,1.4155739063693218,-0.20185461461274823
2.775,8,0.051504158007208645,0.5061118706713215,0.12186619250691898,-0.0728037874674972,0.9026866630255869,-0.20054963811751347,-0.23526407052210516,0.04109630040691928,-1.2192339680240987,1.346534468938123,-0.17991539600681697
2.7800000000000002,8,0.05650415800720898,0.5552449785847174,0.12084825620471742,-0.07396356438872202,0.9028899925875125,-0.20661371037950138,-0.22870432026436463,0.04025525618649418,-1.2058266348136104,1.2773973047184295,-0.1562431468020424
2.785,8,0.061504158007208876,0.6043780864981091,0.11980018136997765,-0.07509140538196728,0.9030894189389216,-0.2126021978000365,-0.22248930118572927,0.03953616346179057,-1.188995302235092,1.2087379140134784,-0.13119418386221335
2.79,8,0.06650415800720877,0.6535111944115006,0.11872238884512912,-0.07618902573304175,0.903285567561561,-0.21849790944415753,-0.2166151856678668,0.038945015009324194,-1.1687115950398643,1.1411317971264887,-0.10512482405111268
2.795,8,0.07150415800720866,0.7026443023248922,0.11761538578196681,-0.07725811439590863,0.9034790894470992,-0.22428351250065925,-0.21107526859092934,0.03848602202129194,-1.1449471379792482,1.075154454360685,-0.07839138423252492
2.8000000000000003,8,0.076504158007209,0.7517774102382881,0.11647976635103224,-0.07830031960517822,0.9036706521892047,-0.2299415322820935,-0.20585996733355238,0.03816161410557177,-1.1176735558045627,1.011381386019286,-0.05135018127023246
2.805,8,0.0815041580072089,0.8009105181516798,0.11531621245099508,-0.07931723448859987,0.9038609310756249,-0.23545435222476724,-0.20095682177285681,0.03797243928572279,-1.0868624732671337,0.9503880924055281,-0.024357532028024882
2.81,8,0.08650415800720879,0.8500436260650713,0.11412549441803377,-0.08031038267955508,0.9040506001802641,-0.24080421388874554,-0.19635049428444587,0.03791736400098509,-1.0524855151182808,0.8927500738226304,0.0022302466303156
2.815,8,0.09150415800720868,0.8991767339784629,0.11290847173521712,-0.08128120392954943,0.9042403234552617,-0.24597321695784966,-0.19202276974240723,0.03799347310627985,-1.0145143061093251,0.8390428305738176,0.028056837841004
2.82,8,0.09650415800720857,0.9483098418918545,0.11166609374188546,-0.08223103972070521,0.9044307458230715,-0.2509433192396573,-0.18795255551931236,0.03819606987220939,-0.9729204709915882,0.7898418629623142,0.0527659247402558
2.825,8,0.10150415800720891,0.9974429498052505,0.11039940034303174,-0.08316111887825381,0.9046224842685389,-0.2556963366655033,-0.18411588148621638,0.03851867598505707,-0.927675634516387,0.7457226712913412,0.07600119046428837
2.83,9,0.0047397833860562955,0.04068203097874158,0.10910952267232446,-0.08407254331367722,0.9048161189800757,-0.26021399219427843,-0.18048603783475115,0.038953083337445696,-0.878792692351153,0.7071444449860479,0.09745002534366666
2.835,9,0.009739783386056189,0.08359752696788415,0.10779768233470517,-0.08496627777093121,0.905012185995107,-0.264478543272031,-0.17703534340174049,0.0394900185277293,-0.8264775665584486,0.6740223809549513,0.1170042407144886
2.84,9,0.014739783386056082,0.12651302295702674,0.10646518666182991,-0.08584315080938776,0.905211174068044,-0.26847348473346133,-0.17373712660633525,0.040119887254719676,-0.7709925649248737,0.6461127682437753,0.13461536216278083
2.845,9,0.01973978338605642,0.1694285189461731,0.10511342223225065,-0.08670386067713595,0.9054135233759493,-0.27218362298590487,-0.17056593451743723,0.04083285288085031,-0.7126000020662822,0.6231718766518218,0.1502349225069737
2.85,9,0.024739783386056313,0.21234401493531568,0.10374384831355027,-0.0875489814042367,0.9056196243068584,-0.2755950760097758,-0.16749753285495267,0.041618836432646654,-0.6515621925985442,0.6049559759783989,0.1638144545654936
2.855,9,0.029739783386056207,0.25525951092445825,0.10235799030447658,-0.08837896889597815,0.9058298162480993,-0.27869527335856803,-0.16450890598979032,0.04246751660072647,-0.5881414511375146,0.591221336022808,0.17530549115677105
2.86,9,0.0347397833860561,0.2981750069136008,0.10095743317707732,-0.08919416702613045,0.9060443863746137,-0.28147295615885504,-0.16157825694386282,0.043368329739799635,-0.5226000922990528,0.5817242265843529,0.18465956509923526
2.865,9,0.03973978338605644,0.34109050290274723,0.09954381491883456,-0.08999481373020089,0.9062635684372767,-0.2839181771102894,-0.1586850073900859,0.04431046986866823,-0.45520043069901267,0.5762209174623372,0.1918282092113158
2.87,9,0.04473978338605633,0.3840059988918898,0.09811881997479974,-0.09078104709868864,0.9064875415512179,-0.28602230048560245,-0.15580979765237973,0.04528288867022625,-0.38620478095326566,0.5744676784560658,0.1967629563114405
2.875,9,0.049739783386056224,0.42692149488103237,0.09668417268972761,-0.09155291147034016,0.9067164289841415,-0.2877780021306055,-0.15293448670566695,0.04627429549146005,-0.3158754576776656,0.5762207793648417,0.1994153392180392
2.88,9,0.05473978338605612,0.46983699087017494,0.09524163075021128,-0.09231036352540398,0.9069502969446469,-0.28917926946418904,-0.15004215217587416,0.0472731573434481,-0.24447477548807225,0.5812364899879687,0.199736890749541
2.8850000000000002,9,0.059739783386056455,0.5127524868593213,0.09379297862681657,-0.09305327837888584,0.9071891533705491,-0.29022140147832276,-0.14711709033993106,0.04826769890136106,-0.1722650490003388,0.5892710801247517,0.1976791437243748
2.89,9,0.06473978338605635,0.5556679828484639,0.09234002101621716,-0.09378145567380346,0.907432946717199,-0.29090100873805536,-0.1441448161257716,0.049245902504461495,-0.0995085928303377,0.6000808195744929,0.19319363096097
2.895,9,0.06973978338605624,0.5985834788376065,0.09088457628332837,-0.09449462567444189,0.9076815647458043,-0.2912160133815154,-0.1411120631123325,0.05019550815610437,-0.026467721593921956,0.6134219781364968,0.1862318852777556
2.9,9,0.07473978338605614,0.6414989748267491,0.08942846990344235,-0.09519245535960835,0.9079348333117497,-0.29116564911991033,-0.13800678352955414,0.05110401352373672,0.04659525009304813,0.6290508256100672,0.1767454394931608
2.9050000000000002,9,0.07973978338605647,0.6844144708158955,0.08797352790436233,-0.0958745545158873,0.9081925151529173,-0.290750461237527,-0.1348181482583802,0.05195867393889777,0.11941800761471968,0.6467236317945096,0.16468582642561344
2.91,9,0.08473978338605637,0.727329966805038,0.08652157030853787,-0.09654048183089528,0.9084543086780071,-0.2899723065917318,-0.13153654683075863,0.05274650239721869,0.1917382363552199,0.6661966664891249,0.15000457889354482
2.915,9,0.08973978338605626,0.7702454627941806,0.08507440457519853,-0.0971897509865362,0.9087198467548574,-0.28883435361296994,-0.12815358742963998,0.05345426955842303,0.2632936216986959,0.6872261994932178,0.13265322971538301
2.92,9,0.09473978338605615,0.8131609587833232,0.08363381904248914,-0.09782183675225624,0.9089886954987656,-0.28734108230476635,-0.12466209688897863,0.054068503746326387,0.33382184902928774,0.7095685006060928,0.11258331170955722
2.9250000000000003,9,0.09973978338605649,0.8560764547724695,0.08220157636960404,-0.09843618107829888,0.9092603530608082,-0.28549828424372486,-0.12105612069373207,0.054575490948836555,0.40306060373114205,0.7329798396270556,0.08974635769449439
2.93,9,0.10473978338605638,0.8989919507616121,0.08077940697892225,-0.09903219918895972,0.9095342484161614,-0.2833130625795292,-0.11733092297986226,0.05496127481795335,0.47074757118838684,0.7572164863554057,0.06409390048862766
2.935,9,0.10973978338605628,0.9419074467507547,0.0793690024981413,-0.09960928567584187,0.909809740152422,-0.2807938320349419,-0.11348298653433367,0.055211656669768856,0.5366204367851681,0.7820347105904492,0.03557747291038426
2.94,9,0.11473978338605617,0.9848229427398972,0.07797200920241232,-0.1001668205911107,0.910086115257927,-0.2779503189058048,-0.10951001279511462,0.05531219548446727,0.6004168859056269,0.8071907821314899,0.004148607778193155
2.945,10,0.003231750920000831,0.02916429059793153,0.07659002145950863,-0.10070417553526617,0.9103625879204128,-0.2747935563667316,-0.10541091336844623,0.05524822390050255,0.6618804141685317,0.8324514700158083,-0.030221365789562946
2.95,10,0.008231750920001168,0.07428579179011809,0.07522457548210996,-0.10122071918994999,0.9106382993720586,-0.2713357103417453,-0.10118549537277052,0.055005441498225095,0.720827295146012,0.8577150548462046,-0.06731315378370097
2.955,10,0.013231750920001062,0.11940729298230064,0.073877144664571,-0.10171581998755021,0.9109123231330954,-0.26758970143052213,-0.09683377825008012,0.054571202951221545,0.7771233669729929,0.8829693816189162,-0.10673858864423034
2.96,10,0.018231750920000955,0.16452879417448318,0.07254913613116616,-0.10218884659163761,0.9111836743830899,-0.2635691167041706,-0.09235583437870695,0.05393481855069664,0.8306354195069414,0.9082040151163829,-0.1481062601564678
2.965,10,0.02323175092000085,0.20965029536666574,0.07124188740568768,-0.10263916815811482,0.9114513197456919,-0.2592882092845122,-0.08775178831307116,0.05308755563892854,0.8812302426053192,0.9334085201210427,-0.19102475810572697
2.97,10,0.028231750920001186,0.2547717965588523,0.06995666308119175,-0.10306615459609675,0.911714187073891,-0.2547618983440807,-0.08302181678368026,0.05202263860926875,0.9287746261255921,0.9585724614153353,-0.23510267227732545
2.975,10,0.03323175092000108,0.29989329775103485,0.0686946514897455,-0.10346917682879103,0.9119711752352705,-0.2500057691061238,-0.07816614869713082,0.0507352489061425,0.9731353599252134,0.9836854037816941,-0.27994859245656883
2.98,10,0.03823175092000097,0.3450147989432174,0.06745696137217266,-0.10384760705437858,0.912221163897264,-0.24503607284460074,-0.07318506513610601,0.049222525025048175,1.0141792338616487,1.008736912002559,-0.3251711084287747
2.985,10,0.043231750920000867,0.39013630013539996,0.06624461854780052,-0.1042008190068939,0.9124630233124102,-0.23986972688418373,-0.06807889935937719,0.04748356251255769,1.05177303779236,1.033716550860368,-0.37037880997925665
2.99,10,0.048231750920001204,0.4352578013275865,0.06505856258420611,-0.10452818821710562,0.9126956241036084,-0.2345243146002573,-0.0628480368018031,0.045519413966316195,1.0857835615748117,1.0586138851375608,-0.4151802868933321
2.995,10,0.0532317509200011,0.48037930251976907,0.06389964346696306,-0.10482909227339679,0.9129178470493733,-0.22901808541892005,-0.05749291507433166,0.04333308903504279,1.1160775950664594,1.0834184796165707,-0.45918412895630684
3.0,10,0.05823175092000099,0.5255008037119516,0.06276861826938744,-0.10510291108264548,0.9131285928690916,-0.22336995481698185,-0.0520140239639972,0.040929554418529523,1.1425219281247678,1.1081198990798378,-0.5019989259534983
3.005,10,0.06323175092000088,0.5706223049041341,0.06166614782228458,-0.10534902713110517,0.9133267920082763,-0.21759950432196573,-0.04641190543392236,0.038315733867642025,1.164983350607199,1.1327077083097996,-0.5432332676702201
3.0100000000000002,10,0.06823175092000122,0.6157438060963207,0.06059279338369529,-0.10556682574528516,0.9135114144238222,-0.21172698151210695,-0.04068715362331705,0.0355005081843191,1.1833286523712154,1.1571714720888964,-0.5824957438917894
3.015,10,0.07323175092000112,0.6608653072885032,0.05954901330864276,-0.10575569535283097,0.913681479369262,-0.20577330001635494,-0.03484041484748053,0.03249471522157376,1.197424623274276,1.1815007551995613,-0.6193949444035124
3.02,10,0.07823175092000101,0.7059868084806858,0.05853515971887832,-0.10591502774340487,0.9138360651800207,-0.19976003951437024,-0.028872387597798324,0.029311149883491656,1.2071380531738438,1.2056851224242342,-0.6535394589907066
3.025,10,0.0832317509200009,0.7511083096728683,0.05755147517262835,-0.10604421832956631,0.9139743190586715,-0.19370944573652676,-0.02278382254174436,0.025964564125232188,1.212335731927381,1.229714138545353,-0.6845378774386858
3.0300000000000002,10,0.08823175092000124,0.796229810865055,0.05659808933434045,-0.1061426664076523,0.9140954668601914,-0.18764443046391047,-0.016575522522879707,0.022471666953027804,1.2128844493923487,1.2535773683453575,-0.7119987895327653
3.035,10,0.09323175092000113,0.8413513120572375,0.0556750156444303,-0.10620977541865785,0.9141988228772158,-0.18158857152832153,-0.010248342560854967,0.01885112442418536,1.2086509954262086,1.2772643766066811,-0.735530785058254
3.04,10,0.09823175092000103,0.88647281324942,0.05478214798902753,-0.10624495320911648,0.9142837996252944,-0.1755661128122714,-0.0038031898514069083,0.015123559647084218,1.1995021598864222,1.3007647281117636,-0.7547424538004683
3.045,10,0.10323175092000092,0.9315943144416026,0.0539192573697225,-0.10624761229198058,0.9143499176281469,-0.16960196424898455,0.0027589762336393763,0.011311552781177441,1.1853047326304518,1.324067987643043,-0.7692423855447217
3.0500000000000003,10,0.10823175092000126,0.9767158156337891,0.053085988573312634,-0.10621717010750192,0.9143968152029174,-0.1637217018223978,0.009437144146371548,0.0074396410369912255,1.1659255035157565,1.347163719982959,-0.7786391700763281
3.055,11,0.0024198349178323753,0.015044785350705282,0.05228185684402265,-0.10615304928434725,0.9144242582415566,-0.15795156245605343,0.01623024967679898,0.0035343106715498107,1.1412397110895802,1.3700406865717978,-0.782554628787954
3.06,11,0.007419834917832269,0.046131173186164914,0.05150624521134342,-0.10605467796305336,0.9144321489654292,-0.15231801776562298,0.023137135423191454,-0.0003766705635608159,1.1113323641366386,1.3926677028845587,-0.7809391070789103
3.065,11,0.012419834917832162,0.07721756102162454,0.05075840664231956,-0.10592149057821396,0.9144205271242872,-0.1468464351731281,0.03015642348436393,-0.004266350269325306,1.0765072021192068,1.4149927864291147,-0.774085507421575
3.0700000000000003,11,0.0174198349178325,0.10830394885708694,0.0500374711620281,-0.10575292911306608,0.9143895634144924,-0.14156061880083312,0.037286471805655745,-0.008109310411583677,1.0370782062603168,1.4369629808773605,-0.7623027720484
3.075,11,0.022419834917832393,0.13939033669254658,0.049342453699700264,-0.10554844442307428,0.9143395517607995,-0.1364828028648887,0.04452537355076383,-0.011881677667337179,0.9933593577830109,1.4585253299011858,-0.7458998431918404
3.08,11,0.027419834917832286,0.1704767245280062,0.048672261938251596,-0.10530749755983858,0.9142709015928002,-0.13163365167532884,0.05187095710174641,-0.015561123424750365,0.9456646379103215,1.479626877172485,-0.7251856630843485
3.085,11,0.03241983491783218,0.20156311236346583,0.04802570416381283,-0.1050295610950029,0.9141841301213677,-0.12703225963607293,0.059320786059020636,-0.01912686378314971,0.894308027865284,1.5002146663631517,-0.7004691739583775
3.09,11,0.03741983491783207,0.23264950019892547,0.04740149711526037,-0.10471412044416317,0.9140798546151002,-0.12269615124492507,0.06687215924136306,-0.02255965955302395,0.8396035088709339,1.5202357411450789,-0.6720593180463805
3.095,11,0.04241983491783241,0.26373588803438786,0.04679827383374688,-0.10436067519077549,0.9139587846767662,-0.11864128109357387,0.07452211068591037,-0.02584181625602437,0.7818650621503016,1.5396371451901614,-0.6402650375808076
3.1,11,0.047419834917832304,0.2948222758698475,0.04621459151223198,-0.10396874041006447,0.9138217145197474,-0.11488203386759391,0.08226740964815676,-0.028957184124963654,0.7214066689264327,1.5583659221702888,-0.6053952747941175
3.105,11,0.0524198349178322,0.32590866370530713,0.045648939345012574,-0.10353784799293125,0.9136695152444839,-0.1114312243464434,0.09010456060195783,-0.03189115810381764,0.6585423104223578,1.5763691157573565,-0.5677589719187608
3.11,11,0.05741983491783209,0.3569950515407668,0.045099746377253606,-0.10306754796986187,0.9135031271149181,-0.10830009740346576,0.09802980323952805,-0.03463067784772412,0.5935859678611123,1.5935937696232567,-0.5276650711871903
3.115,11,0.06241983491783243,0.38808143937622913,0.04456538935451855,-0.10255740983483529,0.9133235518349384,-0.10549832800588904,0.10603911247144199,-0.037164227722983376,0.526851622465726,1.6099869274398846,-0.4854225148318557
3.12,11,0.06741983491783232,0.41916782721168877,0.044044200572300164,-0.10200702386923188,0.9131318448248241,-0.10303402121482684,0.11412819842663162,-0.03948183680705729,0.458653255459246,1.62549563287913,-0.44134024508521713
3.125,11,0.07241983491783222,0.4502542150471484,0.043534475725550775,-0.10141600246574128,0.9129291074976894,-0.10091371218527681,0.12229250645239044,-0.0415750788885707,0.38930484806470184,1.6400669296128876,-0.3957272041797245
3.13,11,0.07741983491783211,0.48134060288260805,0.04303448175821309,-0.10078398145227087,0.912716479535927,-0.09914236616612163,0.13052721711437082,-0.04343707246731045,0.31912038150512945,1.6536478613130507,-0.3488923343478306
3.1350000000000002,11,0.08241983491783245,0.5124269907180704,0.0425424647127506,-0.10011062141585374,0.9124951311676532,-0.09772337850012879,0.13882724619658518,-0.04506248075422581,0.24841383700355765,1.6661854716515136,-0.30114457782198456
3.14,11,0.08741983491783234,0.5435133785535301,0.042056657579678414,-0.09939560902655722,0.9122662554431515,-0.0966585746239509,0.14718724470140332,-0.0464475116714279,0.17749919578303486,1.6776268043001668,-0.2527928768346475
3.145,11,0.09241983491783223,0.5745997663889897,0.04157528814709352,-0.09863865836139075,0.912031060511317,-0.095948210068125,0.15560159884955665,-0.04758991785219051,0.10669043906659004,1.6879189029309047,-0.20414617361826867
3.15,11,0.09741983491783213,0.6056861542244493,0.041096586850205556,-0.09783951222821423,0.9117907618961003,-0.09559097045707317,0.16406443008013527,-0.048488996640949564,0.03630154807725883,1.6970088112156207,-0.15551341040530142
3.1550000000000002,11,0.10241983491783246,0.6367725420599117,0.04061879462086729,-0.09699794348964613,0.9115465747729521,-0.09558397150910218,0.1725695950505897,-0.049145590093303305,-0.03335349596192953,1.7048435728262081,-0.10720352942819406
3.16,11,0.10741983491783236,0.6678589298953713,0.04014017073710538,-0.09611375638697206,0.9112997062452673,-0.09592275903640379,0.18111068563672736,-0.04956208497601209,-0.10196071182792704,1.7113702314345591,-0.059525472919408684
3.165,11,0.11241983491783225,0.698945317730831,0.039659000672650685,-0.0951867878640524,0.9110513476208288,-0.09660130894505442,0.18968102893271768,-0.049742412766998666,-0.16920611829770393,1.716535830712567,-0.01278818311139349
3.17,11,0.11741983491783214,0.7300317055662906,0.039173603946469,-0.09421690889123087,0.9108026666882524,-0.09761202723501537,0.1982736872510886,-0.049692049655348056,-0.2347757341482259,1.7202874143321254,0.032699397763397614
3.1750000000000003,11,0.12241983491783248,0.761118093401753,0.03868234197229157,-0.09320402578924258,0.9105547999934299,-0.09894575000013292,0.20688145812272837,-0.04941801654130746,-0.2983555781564618,1.7225720259651272,0.07662832747251566
3.18,11,0.12741983491783238,0.7922044812372127,0.03818362590814583,-0.0921480815531226,0.9103088451159749,-0.10059174342813783,0.2154968742968825,-0.04892887903628645,-0.3596316690993653,1.7233367092834655,0.11868966378350015
3.185,11,0.13241983491783227,0.8232908690726722,0.03767592450588571,-0.09104905717611352,0.9100658529456651,-0.1025377038006459,0.2241122037411581,-0.04823474746285679,-0.41829002575390684,1.7225285079590333,0.15857446446390094
3.19,11,0.13741983491783216,0.8543772569081319,0.037157771960722376,-0.08990697297357415,0.909826819958888,-0.10476975749315781,0.23271944964152105,-0.04734727685475253,-0.47401666689705074,1.7200944656637238,0.1959737872812661
3.1950000000000003,11,0.1424198349178325,0.8854636447435943,0.03662777576075478,-0.08872188990688747,0.9095926804950845,-0.10727246097505914,0.2413103504022974,-0.046279666956869865,-0.5264976113057658,1.71598162606943,0.23057869000314493
3.2,11,0.1474198349178324,0.9165500325790539,0.036084624536500326,-0.08749391090736922,0.9093642990331928,-0.11002880080961977,0.24987637964617052,-0.04504666222526761,-0.575418877757007,1.7101370328480454,0.262080230397078
3.205,11,0.1524198349178323,0.9476364204145136,0.035527095910425244,-0.08622318220017548,0.9091424624680933,-0.11302019365399495,0.2584087462141855,-0.04366455182716648,-0.6204664850277447,1.702507729671463,0.2901694662306157
3.21,11,0.15741983491783218,0.9787228082499732,0.0349540643464753,-0.08490989462821141,0.908927872387052,-0.11622648625922455,0.26689839416574596,-0.042151169640949594,-0.6613264518949419,1.6930407602115753,0.3145374552713046
3.215,12,0.0015777317289731307,0.006770428014483466,0.034364508999287065,-0.08355428497597751,0.9087211373464625,-0.11962595648207347,0.2753360029737446,-0.04052589331431058,-0.697687362438463,1.6816836628479666,0.334877643149529
3.22,12,0.006577731728973468,0.028226635968450604,0.03375752116316317,-0.08215663721623274,0.9085227655211393,-0.1231956139176454,0.2837120455002758,-0.03880936442616934,-0.7294134344987266,1.668417846179655,0.3510469608020126
3.225,12,0.011577731728973362,0.049682843922415836,0.03313230733515251,-0.08071728291085625,0.9083331614361368,-0.12691261564654366,0.2920170610174188,-0.037022170665670984,-0.7566543982486528,1.6532797786376836,0.36316810282613443
3.23,12,0.016577731728973255,0.07113905187638107,0.03248818612468028,-0.07923660042504216,0.90815262842639,-0.1307549759044099,0.30024179206397594,-0.03518418524995171,-0.7795861645654548,1.6363109774899232,0.3713881336240749
3.235,12,0.02157773172897315,0.0925952598303463,0.03182458387110758,-0.07771501389232487,0.907981372299053,-0.13470158848127153,0.30837718876508785,-0.03331454607413698,-0.7983846443263426,1.6175529600042462,0.3758541175980127
3.24,12,0.026577731728973486,0.11405146778431344,0.031141030245959316,-0.07615299217664706,0.9078195050101091,-0.13873222672154234,0.3164144088322353,-0.03143165571134121,-0.8132257484085278,1.597047243448523,0.3767131191501262
3.245,12,0.03157773172897338,0.13550767573827868,0.030437153855152575,-0.07455104783442859,0.9076670483409814,-0.14282754352402116,0.3243448175632365,-0.02955318141266838,-0.8242853876892176,1.5748353450906294,0.37411220268259393
3.25,12,0.03657773172897327,0.1569638836922439,0.029712677841224278,-0.07290973607663398,0.9075239375751425,-0.14696907134189388,0.3321599878422508,-0.027696055107211123,-0.8317394730456238,1.5509587821984359,0.368198432597595
3.255,12,0.041577731728973166,0.17842009164620914,0.028967415485559523,-0.07122965373084121,0.9073900251747242,-0.1511392221827321,0.3398517001397765,-0.02587647340205132,-0.8357639153549565,1.5254590720398147,0.35911887329730774
3.2600000000000002,12,0.046577731728973504,0.19987629960017628,0.028201265810619516,-0.0695114382033098,0.9072650844571285,-0.15532128760849384,0.34741194251265173,-0.02410989758225982,-0.8365346254944258,1.4983777318826357,0.34702058918390966
3.265,12,0.0515777317289734,0.22133250755414152,0.027414209182169906,-0.06775576644104965,0.9071488132716364,-0.15949943873552214,0.35483291060405203,-0.022411053610897024,-0.8342275143412419,1.4697562789947753,0.33205064465958156
3.27,12,0.05657773172897329,0.24278871550810674,0.026606302911508464,-0.06596335389388852,0.9070408376760192,-0.16365872623454703,0.3621070076434944,-0.020793932129011993,-0.8290184927726149,1.4396362306441042,0.3143561041265012
3.275,12,0.061577731728973184,0.26424492346207196,0.025777676857693416,-0.06413495347654086,0.9069407156131475,-0.16778508033068437,0.3692268444468345,-0.01927178845564304,-0.8210834716657552,1.4080591040984942,0.29408403198684724
3.2800000000000002,12,0.06657773172897352,0.2857011314160391,0.024928529029771357,-0.062271354530675845,0.9068479405876022,-0.1718653108034364,0.37618523941626797,-0.017857142587817457,-0.8105983618978718,1.3750664166258149,0.27138149264279604
3.285,12,0.07157773172897341,0.30715733937000433,0.024059121189005644,-0.0603733817869863,0.9067619453422838,-0.17588710698669024,0.3829752185403277,-0.016561779200552032,-0.7977390743461766,1.3406996854939437,0.2463955504965304
3.29,12,0.07657773172897331,0.3286135473239696,0.023169774451104,-0.05844189432725605,0.9066821055350229,-0.1798390377687203,0.3895900153938882,-0.015396747646852268,-0.7826815198878794,1.3050004279707506,0.21927326995022692
3.295,12,0.0815777317289732,0.3500697552779348,0.022260864888446884,-0.056477784546428884,0.9066077434151898,-0.18371055159218658,0.3960230711381625,-0.014372361957712904,-0.7656016094001898,1.2680101613241075,0.19016171540606436
3.3000000000000003,12,0.08657773172897354,0.37152596323190196,0.02133281913231542,-0.054481977114676464,0.9065381315003053,-0.18749197645413543,0.4022680345207036,-0.013498200842117725,-0.7466752537603164,1.2297704028218832,0.15920795126621856
3.305,12,0.09157773172897343,0.3929821711858672,0.020386109975119762,-0.0524554279394674,0.9064724962526499,-0.1911745199059983,0.4083187618754021,-0.012783107687039844,-0.7260783638454728,1.1903226697319569,0.12655904193287332
3.31,12,0.09657773172897333,0.4144383791398324,0.019421251972626723,-0.05039912312763446,0.9064100217558746,-0.19475026905359372,0.41416931712248983,-0.012235190557441227,-0.7039868505328676,1.1497084793221972,0.09236205180820517
3.315,12,0.10157773172897322,0.43589458709379764,0.01843879704618811,-0.048314077947443565,0.9063498533916102,-0.1982121905571259,0.4198139717685373,-0.011861822196273051,-0.6805766246997108,1.1079693488604767,0.0567640452943924
3.3200000000000003,12,0.10657773172897356,0.45735079504776477,0.017439330084968667,-0.046201335790661775,0.9062911015160783,-0.20155413063118538,0.42524720490645473,-0.011669640024475588,-0.6560235972232102,1.0651467956146634,0.019912086793610263
3.325,12,0.11157773172897345,0.47880700300173,0.0164234645481745,-0.044061967134626304,0.9062328451367004,-0.20477081504474792,0.4304637032154905,-0.011664546140978237,-0.6305036789805807,1.0212823368526371,-0.018046759291956118
3.33,12,0.11657773172897334,0.5002632109556953,0.015391838067280589,-0.04189706850431169,0.9061741355887086,-0.2078578491211762,0.43545836096123364,-0.0118517073226995,-0.6041927808490304,0.9764174898422666,-0.05696542856013077
3.335,12,0.12157773172897324,0.5217194189096604,0.014345108048259225,-0.03970776143439891,0.9061140002117554,-0.21081171773821858,0.4402262799956121,-0.012235555024546922,-0.5772668137057689,0.9305937718514241,-0.0966968566087358
3.34,12,0.12657773172897313,0.5431756268636257,0.013283947273807998,-0.0374951914313434,0.9060514460265235,-0.2136297853280096,0.4447627697568934,-0.012819785379417244,-0.5499016884280066,0.8838527001479813,-0.13709397903559203
3.345,12,0.13157773172897347,0.5646318348175928,0.012209039505577765,-0.035260526935443265,0.9059854634113368,-0.21631029587706996,0.4490633472696842,-0.013607359198196348,-0.5222733158929516,0.8362357919998068,-0.1780097314385248
3.35,12,0.13657773172897336,0.5860880427715581,0.011121075086401089,-0.03300495828290827,0.905915029778769,-0.2188523729263058,0.4531237371449302,-0.014600501969759004,-0.4945576069778182,0.7877845646747808,-0.21929704941534825
3.355,12,0.14157773172897326,0.6075442507255233,0.01002074654251977,-0.03072969666792706,0.9058391132522552,-0.2212560195710099,0.4569398715799169,-0.0158007038609693,-0.4669304725598153,0.7385405354407719,-0.26080886856388674
3.36,12,0.14657773172897315,0.6290004586794885,0.008908744185813264,-0.028435973104736167,0.9057566763427006,-0.22352211846086106,0.4605078903582692,-0.01720871971668037,-0.4395678235161516,0.6885452215656519,-0.30239812448196246
3.365,12,0.15157773172897349,0.6504566666334557,0.007785751716026551,-0.026125037389687945,0.9056666796250916,-0.22565243179992414,0.4638241408499515,-0.01882456905973463,-0.4126455707240358,0.6378401403172883,-0.34391775276739994
3.37,12,0.15657773172897338,0.6719128745874209,0.006652441822998664,-0.02379815706331974,0.9055680854151051,-0.2276496013466495,0.46688517801126667,-0.02064753609096307,-0.3863396250606825,0.5864668089635628,-0.38522068901801315
3.375,12,0.16157773172897327,0.6933690825413862,0.005509471788890073,-0.021456616372420828,0.9054598614457191,-0.22951714841387413,0.4696877643848578,-0.022676169689186346,-0.36082589740330023,0.5344667447723428,-0.4261598688316279
3.38,12,0.16657773172897317,0.7148252904953514,0.0043574790904112315,-0.019101715232101732,0.9053409845438224,-0.23125947386882098,0.4722288700997072,-0.02490828341121397,-0.33628029862909803,0.48188146501150103,-0.46658822780606396
3.3850000000000002,12,0.1715777317289735,0.7362814984493186,0.0031970770010503885,-0.016734768187861918,0.9052104443068247,-0.2328818581330992,0.47450567287113665,-0.02734095549184485,-0.31287873961528445,0.4287524869489037,-0.5063587015391484
3.39,12,0.1765777317289734,0.7577377064032838,0.002028850193302109,-0.014357103377659095,0.905067246779267,-0.2343904611827033,0.47651555800080664,-0.029970528843866296,-0.2907971312390746,0.3751213278524341,-0.5453242256286936
3.395,12,0.1815777317289733,0.779193914357249,0.0008533503408946902,-0.011970061493976128,0.9049104181294312,-0.23579232254801452,0.47825611837671766,-0.03279261105805549,-0.27021138437767506,0.32102950498995886,-0.5833377356725253
3.4,12,0.18657773172897318,0.8006501223112142,-0.00032890827898131303,-0.009574994745890297,0.9047390083259503,-0.23709536131380002,0.47972515447320924,-0.03580207440317831,-0.25129740990829663,0.2665185356293502,-0.6202521672684647
3.4050000000000002,12,0.19157773172897352,0.8221063302651813,-0.0015174531834452679,-0.00717326582114107,0.9045520948144187,-0.23830837611921293,0.4809206743509607,-0.03899305582599017,-0.23423111870814878,0.21162993703847616,-0.6559204560143366
3.41,12,0.19657773172897341,0.8435625382191466,-0.0027118580816979793,-0.004766246848199346,0.9043487861940018,-0.2394410451577923,0.4818408936569902,-0.042358956951234726,-0.21918842165444324,0.15640522648521776,-0.6901955375079559
3.415,12,0.2015777317289733,0.8650187461731118,-0.003911747272794162,-0.0023553183583344683,0.9041282258940465,-0.24050392617746338,0.4824842356246554,-0.04589244408164553,-0.2063452296243903,0.10088592123744312,-0.7229303473471462
3.42,12,0.2065777317289732,0.8864749541270771,-0.0051168000434140964,5.813175231675349e-05,0.9038895958506911,-0.2415084564805376,0.4828493310736534,-0.04958544819794501,-0.19587745349519836,0.04511353856302344,-0.7539778211297304
3.4250000000000003,12,0.21157773172897354,0.9079311620810442,-0.006326755065635625,0.00247270926068191,0.9036321201834748,-0.2424669529237122,0.48293501841002096,-0.053429164958845025,-0.18796100414407824,-0.010870404270173132,-0.7831908944535318
3.43,12,0.21657773172897343,0.9293873700350095,-0.007541414794705784,0.00488701465468408,0.9033550688719492,-0.24339261191807057,0.48274034362613355,-0.05741405470104554,-0.1827717924482411,-0.06702438999426441,-0.8104225029163667
3.435,12,0.22157773172897333,0.9508435779889747,-0.008760649866813242,0.007299644171174666,0.9030577614322866,-0.24429950942908207,0.4822645603007066,-0.06152984243923665,-0.18048572928489728,-0.12330690134138352,-0.835525582116058
3.44,12,0.22657773172897322,0.9722997859429399,-0.009984403496859931,0.009709190833864303,0.9027395705938911,-0.24520260097660232,0.4815071295987945,-0.06576551786609706,-0.18127872553125357,-0.17967642104365797,-0.8583530676504281
3.4450000000000003,12,0.23157773172897356,0.993755993896907,-0.011212695876233109,0.01211424549125499,0.9023999259760088,-0.24611772163487286,0.4804677202717911,-0.07010933535229533,-0.18532669206452546,-0.23609143183322065,-0.8787578951173007
3.45,13,0.0035449418376978237,0.016241440902429426,-0.012445628557419626,0.014513397853271284,0.9020383177562866,-0.2470615674746512,0.4791462068245456,-0.07454882530141295,-0.1927845996493535,-0.29251248461079093,-0.8966058126525529
3.455,13,0.008544941837697717,0.03914934975683349,-0.013683387846866263,0.0169052374299426,0.9016542997325113,-0.24805116184239528,0.4775426168019568,-0.07907112071544412,-0.2035979018269712,-0.34892082342964215,-0.911890764808917
3.46,13,0.01354494183769761,0.06205725861123756,-0.014926243709295805,0.019288354026767672,0.9012474896379624,-0.24910284684270567,0.47565703118185176,-0.08366357427216424,-0.2175914138754698,-0.40530960728701937,-0.9246805105626708
3.465,13,0.018544941837697504,0.08496516746564163,-0.016174545614524458,0.021661337938104208,0.9008175675859857,-0.25023208194293056,0.4734895644839922,-0.08831388155207831,-0.23458850299235628,-0.4616721382011204,-0.935043694921031
3.47,13,0.02354494183769784,0.10787307632004772,-0.01742871812179525,0.024022780114633678,0.9003642743539618,-0.25145344344640574,0.4710403647180489,-0.0930100813607278,-0.2544125363751396,-0.5180017181901477,-0.9430489628912152
3.475,13,0.028544941837697735,0.1307809851744518,-0.01868925646395753,0.026371272330810082,0.899887409667181,-0.25278062449245436,0.46830961338360205,-0.09774055572868907,-0.2768868812213232,-0.5742916492722893,-0.9487649594804387
3.48,13,0.03354494183769763,0.15368889402885585,-0.01995672213164755,0.028705407352310693,0.8993868304827182,-0.25422643505638715,0.4652975254701405,-0.10249402991157575,-0.3018349047284158,-0.6305352334657477,-0.9522603296959189
3.485,13,0.03854494183769752,0.17659680288325993,-0.021231738457467987,0.031023779103484812,0.8988624492733074,-0.25580280194950245,0.4620043494570622,-0.10725957239003718,-0.32907997409392437,-0.6867257727887205,-0.9536037185448728
3.49,13,0.04354494183769786,0.199504711737666,-0.02251498620016808,0.03332498283480369,0.898314232311217,-0.2575207688190863,0.45843036731367365,-0.11202659486975919,-0.35844545651535864,-0.7428565692594102,-0.9528637710345168
3.495,13,0.04854494183769775,0.2224126205920701,-0.023807199128823144,0.03560761529030928,0.8977421979521245,-0.25939049614841186,0.45457589449919145,-0.11678485228146242,-0.3897547191902206,-0.798920924896005,-0.950109132172068
3.5,13,0.053544941837697646,0.24532052944647417,-0.025109159607015152,0.03787027487506501,0.8971464149189909,-0.26142126125674003,0.45044127996274025,-0.12152444278090486,-0.4228311293160195,-0.8549121417167073,-0.9454084469647432
3.505,13,0.05854494183769754,0.2682284383008782,-0.02642169417701224,0.040111561822604475,0.8965270005859359,-0.2636214582993194,0.44602690614335405,-0.1262358077488802,-0.45749805409026256,-0.9108235217397147,-0.938830360419759
3.5100000000000002,13,0.06354494183769788,0.2911363471552843,-0.027745669143948885,0.04233007836238144,0.8958841192621129,-0.26599859826738603,0.44133318896997537,-0.1309097317912186,-0.49357886071045987,-0.9666483669832296,-0.9304435175443316
3.515,13,0.06854494183769777,0.3140442560096884,-0.029081986160005346,0.04452442888721855,0.8952179804755831,-0.26855930898816316,0.4363605778614571,-0.13553734273878504,-0.5308969163741123,-1.0223799794654405,-0.920316563345679
3.52,13,0.07354494183769766,0.33695216486409246,-0.03043157780858833,0.04669322012075808,0.8945288372571912,-0.271309335124862,0.43110955572655973,-0.14011011164748186,-0.5692755882787299,-1.0780116612045494,-0.9085181428310176
3.525,13,0.07854494183769756,0.35986007371849654,-0.03179540318851044,0.04883506128491066,0.8938169844244396,-0.27425353817668113,0.4255806389639533,-0.14461985279824702,-0.6085382436218195,-1.1335367142187542,-0.8951169010075638
3.5300000000000002,13,0.0835449418376979,0.3827679825729026,-0.033174443498170385,0.05094856426730526,0.8930827568653633,-0.27739589647880697,0.41977437746221635,-0.14905872369705508,-0.6485082496008922,-1.1889484405262574,-0.8801814828825333
3.535,13,0.08854494183769779,0.4056758914273067,-0.03456969761973238,0.053032343788737966,0.8923265278224053,-0.28073950520241264,0.41369135459983797,-0.15341922507491534,-0.6890089734134475,-1.2442401421452471,-0.8637805334631455
3.54,13,0.09354494183769768,0.4285838002817108,-0.035982177703306854,0.055085017570622605,0.8915487071762904,-0.2842865763546596,0.4073321872452147,-0.15769420088787442,-0.729863782256996,-1.2994051210939257,-0.8459826977566157
3.545,13,0.09854494183769757,0.4514917091361148,-0.03741290475112989,0.057105206502439575,0.890749739729901,-0.28803843877869656,0.4006975257566525,-0.16187683831701474,-0.7708960433290448,-1.3544366793904903,-0.8268566207701609
3.5500000000000003,13,0.10354494183769791,0.47439961799052094,-0.03886290420174343,0.059091534809185796,0.8899301034921512,-0.2919955381536603,0.393788053982366,-0.16596066776845503,-0.8119291238271046,-1.4093281190531448,-0.806470947510996
3.555,13,0.1085449418376978,0.497307526844925,-0.040333201514174646,0.06104263021882345,0.8890903079618621,-0.2961574369946737,0.3866044892604803,-0.16993956287334908,-0.852786390948675,-1.4640727421000759,-0.7848943229863413
3.56,13,0.1135449418376977,0.520215435699329,-0.04182481775211671,0.06295712412973069,0.8882308924116363,-0.3005228146528485,0.3791475824190281,-0.17380774048788783,-0.8932912118912668,-1.5186638505494865,-0.7621953922034118
3.565,13,0.11854494183769759,0.5431233445537331,-0.04333876516810817,0.0648336517781504,0.8873524241717332,-0.3050894673152837,0.3714181177759513,-0.17755976069329796,-0.933266953852387,-1.5730947464195746,-0.7384428001694241
3.5700000000000003,13,0.12354494183769793,0.5660312534081392,-0.04487604278771319,0.06667085240564011,0.8864554969139429,-0.309854308005066,0.36341691313910046,-0.1811905267958425,-0.9725369840295462,-1.6273587317285425,-0.7137051918915934
3.575,13,0.12854494183769782,0.5889391622625433,-0.046437631993700934,0.0684673694265209,0.885540728935462,-0.3148133665812686,0.3551448198062371,-0.1846952853268197,-1.010924669620244,-1.6814491084945782,-0.6880512123771403
3.58,13,0.13354494183769772,0.6118470711169474,-0.04802449211022629,0.07022185059532796,0.8846087614427681,-0.31996178973895334,0.34660272256502955,-0.18806962604256475,-1.0482533778219916,-1.7353591787358842,-0.6615495066332795
3.585,13,0.1385449418376976,0.6347549799713514,-0.04963755598700929,0.07193294817425931,0.8836602568354942,-0.32529384100916925,0.33779153969305614,-0.1913094819244487,-1.0843464758322954,-1.7890822444706582,-0.6342687196672276
3.59,13,0.1435449418376975,0.6576628888257555,-0.05127772558351519,0.07359931910062575,0.8826958969903042,-0.3308029007589528,0.32871222295780395,-0.1944111291788786,-1.1190273308486627,-1.8426116077170982,-0.606277496486202
3.595,13,0.14854494183769784,0.6805707976801616,-0.052945867553134546,0.07521962515430039,0.8817163815447668,-0.33648146619132874,0.31936575761666824,-0.1973711872372979,-1.1521193100686038,-1.8959405704934056,-0.577644482097416
3.6,13,0.15354494183769773,0.7034787065345657,-0.05464280882736256,0.07679253312516766,0.8807224261812318,-0.3423211513453076,0.30975316241695605,-0.20018661875618535,-1.1834457806896193,-1.9490624348177699,-0.5484383215080926
3.605,13,0.15854494183769763,0.7263866153889698,-0.05636933219997989,0.07831671498057373,0.8797147609107031,-0.348312687095889,0.2998754895958805,-0.2028547296170565,-1.2128301099092191,-2.0019705027083927,-0.5187276597254448
3.61,13,0.16354494183769752,0.7492945242433738,-0.05812617191123203,0.07979084803277546,0.878694128356715,-0.3544459211540597,0.28973382488056504,-0.20537316892646285,-1.2400956649249106,-2.0546580761834714,-0.4885811417566905
3.615,13,0.16854494183769786,0.7722024330977799,-0.05991400923200951,0.08121361510639022,0.8776612820392062,-0.3607098180667944,0.2793292874880409,-0.20773992901599203,-1.2650658129342027,-2.1071184572612096,-0.45806741260904316
3.62,13,0.17354494183769775,0.795110341952184,-0.06173346804802726,0.08258370470584495,0.8766169846583952,-0.3670924592170538,0.2686630301252511,-0.20995334544226726,-1.2875639211345984,-2.159344947959794,-0.42725511728972493
3.625,13,0.17854494183769765,0.8180182508065881,-0.06358511044400543,0.08389981118282643,0.8755620063786543,-0.3735810428237878,0.257736238989045,-0.2120120969869484,-1.307413356723607,-2.2113308502974287,-0.39621290080595023
3.63,13,0.18354494183769754,0.840926159660992,-0.06546943228784874,0.08516063490373035,0.8744971231123854,-0.38016188394193307,0.24655013376618193,-0.21391520565673128,-1.3244374868987348,-2.26306946629231,-0.36500940816493554
3.6350000000000002,13,0.18854494183769788,0.8638340685153982,-0.06738685881482676,0.0863648824171111,0.8734231148038937,-0.38682041446241483,0.23510596763332897,-0.21566203668334788,-1.3384596788574903,-2.3145540979626404,-0.333713284373895
3.64,13,0.19354494183769777,0.8867419773698023,-0.06933774021175307,0.08751126662113082,0.8723407637132639,-0.3935411831121436,0.22340502725706554,-0.21725229852356565,-1.3493032997973788,-2.365778047326609,-0.3023931744400507
3.645,13,0.19854494183769766,0.9096498862242063,-0.07132234720116634,0.08859850693100961,0.8712508527002338,-0.40030785545401937,0.21144863279387702,-0.21868604285918894,-1.3567917169159076,-2.4167346164024175,-0.2711177233706172
3.65,13,0.20354494183769756,0.9325577950786104,-0.07334086662550955,0.08962532944647476,0.8701541635080697,-0.4071032138869292,0.19923813789015854,-0.21996366459705777,-1.3607482974105842,-2.467417107208264,-0.23995557617281071
3.6550000000000002,13,0.2085449418376979,0.9554657039330164,-0.07539339703131023,0.09059046711921032,0.869051475047441,-0.41390915764574826,0.18677492968221343,-0.2210859018690485,-1.3609964084789155,-2.5178188217623503,-0.20897537785384573
3.66,13,0.2135449418376978,0.9783736127874205,-0.07747994425335974,0.09149265992030638,0.8679435616802955,-0.4207067028013373,0.17406042879625708,-0.22205383603207307,-1.3573594173184094,-2.567933062082865,-0.17824577342094375
3.665,14,0.0002797116161867841,0.0020009163210468923,-0.0796004169988943,0.09233065500770919,0.8668311915037334,-0.4274759822611418,0.16109608934852682,-0.2228688916678174,-1.34966069963212,-2.6177531285292264,-0.1478354041284655
3.67,14,0.0052797116161866775,0.03776840335509789,-0.08175462251149844,0.09310320690921835,0.8657151246690593,-0.43419632126704105,0.1478834136691628,-0.22353280327127437,-1.337780797821711,-2.66726117259523,-0.11778768790979134
3.6750000000000003,14,0.010279711616187015,0.07353589038915206,-0.08394226398738586,0.0938090780472398,0.8645961124740227,-0.44084694490938553,0.13442409028426636,-0.22404730307855192,-1.32179369802709,-2.7164016196457426,-0.08806069067304906
3.68,14,0.015279711616186908,0.10930337742320306,-0.086162941988359,0.09444704004298586,0.8634748982184921,-0.44740760435550964,0.12072011604535708,-0.22441384475980522,-1.3018142631509135,-2.7651109231048574,-0.05859444251649462
3.685,14,0.020279711616186802,0.14507086445725406,-0.08841615726784387,0.09501587529625882,0.8623522186836087,-0.4538586250872629,0.10677380553683052,-0.2246335821356809,-1.2779573560958344,-2.8133255363966816,-0.029328973538376046
3.69,14,0.025279711616186695,0.18083835149130506,-0.09070131364246181,0.09551437857411509,0.8612288056310341,-0.4601809069010074,0.09258779107596285,-0.22470736917731676,-1.2503378397645069,-2.860981912945318,-0.00020431383694401636
3.6950000000000003,14,0.030279711616187033,0.21660583852535922,-0.09301772086360247,0.09594135859952967,0.8601053873021982,-0.4663559239076189,0.07816502271290848,-0.22463576000634192,-1.2190705770595816,-2.908016506174872,0.02883950648955336
3.7,14,0.035279711616186926,0.2523733255594102,-0.0953645974889955,0.09629563964006045,0.8589826899175464,-0.47236572453248526,0.06350876823070513,-0.22441900889487656,-1.1842704308837182,-2.954365769509439,0.057862457342860246
3.705,14,0.04027971161618682,0.2881408125934612,-0.09774107375428445,0.09657606309651282,0.8578614391757876,-0.4781929315155087,0.048622613145266176,-0.22405707026553234,-1.1460522641395683,-2.999966156373125,0.0869245086247284
3.71,14,0.04527971161618671,0.3239082996275122,-0.10014619444459842,0.09678148909160388,0.8567423617531409,-0.48382074191110463,0.03351046070538578,-0.22354959869141214,-1.1045309397297853,-3.0447541201900323,0.1160856302369074
3.715,14,0.050279711616186606,0.3596757866615632,-0.10257892176612488,0.09691079805862689,0.8556261868025838,-0.4892329270882014,0.01817653189273766,-0.2228959488961099,-1.059821320557024,-3.0886661143842638,0.1454057920811463
3.72,14,0.055279711616186944,0.3954432736956174,-0.10503813821768242,0.09696289233011572,0.8545136474530999,-0.4944138327302412,0.0026253654218733953,-0.2220951757537109,-1.0120382695239332,-3.1316385923799253,0.17494496405919718
3.725,14,0.06027971161618684,0.43121076072966835,-0.10752264946229254,0.09693669772650917,0.853405482308926,-0.49934837883517813,-0.013138182259771515,-0.22114603428879195,-0.9612966495331756,-3.173608007601112,0.2047631160728041
3.73,14,0.06527971161618673,0.4669782477637194,-0.11003118719875335,0.0968311651448154,0.8523024369487995,-0.5040220597154811,-0.029108936971886427,-0.22004697967642076,-0.9077113234874011,-3.214510813471929,0.23492021802371896
3.735,14,0.07027971161618662,0.5027457347977704,-0.11256241203321146,0.09664527214727636,0.8512052654252066,-0.5084209439981314,-0.045281406801279706,-0.2187961672421564,-0.8513971542892638,-3.2542834634164812,0.265476239813691
3.74,14,0.07527971161618696,0.5385132218318246,-0.11511491635073483,0.09637802455003208,0.8501147317636293,-0.5125316746246245,-0.06164978210188176,-0.21739145246204908,-0.7924690048414123,-3.292862410858872,0.29649115134447257
3.745,14,0.08027971161618686,0.5742807088658756,-0.11768722718688454,0.09602845801178528,0.8490316114617933,-0.5163414688509673,-0.0782079354947391,-0.21583039096264067,-0.7310417380465108,-3.330184109223198,0.3280249225178072
3.75,14,0.08527971161618675,0.6100481958999265,-0.12027780909928865,0.0955956396224655,0.8479566929889151,-0.519838118247682,-0.09494942186802308,-0.21411023852096392,-0.6672302168072084,-3.366185011933565,0.3601375232354468
3.755,14,0.09027971161618664,0.6458156829339775,-0.1228850670392139,0.09507866949189371,0.8468907792849499,-0.523009988699803,-0.11186747837702422,-0.21222795106454284,-0.6011493040261588,-3.4008015724140757,0.39288892339914117
3.7600000000000002,14,0.09527971161618698,0.6815831699680317,-0.1255073492231387,0.09447668233844653,0.8458346892598392,-0.5258460204068784,-0.12895502444415508,-0.2101801846713927,-0.53291386260601,-3.433970244088835,0.42633909291064226
3.765,14,0.10027971161618687,0.7173506570020827,-0.1281429500043248,0.09378884907772088,0.844789259292758,-0.5283357278829692,-0.14620466175894392,-0.2079632955700204,-0.4626387554494282,-3.4656274803819396,0.46054800167169346
3.77,14,0.10527971161618677,0.7531181440361338,-0.13079011274439123,0.09301437841119811,0.8437553447313627,-0.5304691999566498,-0.16360867427804449,-0.20557334013942372,-0.3904388454590609,-3.495709734717495,0.4955756195840472
3.775,14,0.11027971161618666,0.7888856310701847,-0.13344703268488595,0.0921525184149085,0.8427338213910385,-0.5322370997710079,-0.1811590282252291,-0.20300607490909162,-0.3164289955375625,-3.524153460519604,0.5314819165494528
3.7800000000000002,14,0.115279711616187,0.8246531181042389,-0.13611185981885887,0.09120255812809563,0.8417255870541465,-0.5336306647836446,-0.1988473720913924,-0.20025695655900436,-0.24072406858758041,-3.55089511121237,0.5683268624696626
3.785,14,0.12027971161618689,0.8604206051382899,-0.13878270176243346,0.09016382914188106,0.8407315629692722,-0.534641706766674,-0.21666503663454484,-0.19732114191963399,-0.1634389275117814,-3.5758711402198915,0.6061704272464196
3.79,14,0.12527971161618678,0.8961880921723409,-0.14145762662638084,0.0890357071879282,0.8397526953504724,-0.5352626118067237,-0.23460303487982195,-0.19419348797194314,-0.08468843521281316,-3.5990180009662747,0.6450725807814762
3.795,14,0.13027971161618668,0.9319555792063918,-0.14413466588769117,0.0878176137271071,0.8387899568765226,-0.5354863403049346,-0.2526520621194784,-0.19086855184738594,-0.004587454593329738,-3.6202721468756196,0.6850932929765818
3.8000000000000003,14,0.13527971161618702,0.967723066240446,-0.14681181726114695,0.0865090175381586,0.837844348190165,-0.5353064269769605,-0.2708024959128908,-0.18734059082790747,0.07674915144402245,-3.6395700313720325,0.7262925337334896
3.805,15,0.00048795058920036993,0.0026882468962671803,-0.14948704757089443,0.08510943630635907,0.8369168993973559,-0.5347169808524777,-0.28904439608840277,-0.18360356234819677,0.15920652402362367,-3.6568481230582055,0.7687302544940464
3.81,15,0.005487950589200263,0.030234549285946568,-0.1521582956133905,0.08361843817966683,0.8360086715269656,-0.5337126774173228,-0.30736753436088105,-0.17965116001593598,0.24267551730786183,-3.672064423896695,0.8124402182697421
3.815,15,0.010487950589200157,0.05778085167562596,-0.15482347485218184,0.08203564269102792,0.8351207572196145,-0.5322886930617551,-0.3257616414067579,-0.17547711409940764,0.3270640811785204,-3.685241372368552,0.8573778217005825
3.8200000000000003,15,0.015487950589200494,0.08532715406530779,-0.1574804757583095,0.08036072034498103,0.8342542797920574,-0.530440652097995,-0.34421660656346525,-0.17107543439784254,0.41228334957463086,-3.6964134081791395,0.9034838657838496
3.825,15,0.020487950589200388,0.11287345645498718,-0.16012716803520077,0.0785933917688818,0.8334103917720649,-0.5281646231685679,-0.362722491366957,-0.16644042670548612,0.4982444564352024,-3.7056149710338193,0.9506991515168136
3.83,15,0.02548795058920028,0.14041975884466656,-0.162761402840322,0.07673342685190934,0.8325902734184492,-0.525457119246304,-0.38126952955171844,-0.1615666928115963,0.5848585356992664,-3.712880500637954,0.9989644798967562
3.835,15,0.030487950589200175,0.16796606123434596,-0.1653810150068292,0.07478064388407414,0.8317951312410885,-0.5223150976343379,-0.3998481270507604,-0.156449130500445,0.6720367213058471,-3.718244436696907,1.0482206519209554
3.84,15,0.03548795058920007,0.19551236362402535,-0.16798382526521982,0.07273490869522538,0.8310261965209522,-0.5187359599661097,-0.41844886199562037,-0.15108293355131774,0.7596901471939685,-3.72174121891604,1.0984084685866893
3.845,15,0.040487950589200405,0.2230586660137072,-0.17056764246498451,0.07059613379405795,0.8302847238301256,-0.5147175522053637,-0.4370624847163643,-0.14546359173851314,0.8477299473026626,-3.7234052870007157,1.1494687308912404
3.85,15,0.0454879505892003,0.2506049684033866,-0.1731302657962578,0.06836427750712076,0.8295719895518352,-0.5102581646461503,-0.45567991774157995,-0.13958689083134493,0.9360672555709377,-3.7232710806562967,1.2013422398318776
3.855,15,0.05048795058920019,0.27815127079306595,-0.1756694870114707,0.06603934311782285,0.8288892904004731,-0.5053565319128235,-0.4742922557983868,-0.13344891259413902,1.0246132059378257,-3.721373039588146,1.2539697964058836
3.86,15,0.055487950589200086,0.3056975731827453,-0.1781830926470018,0.06362137800544153,0.8282379419416225,-0.5000118329600428,-0.49289076581242997,-0.12704603478623533,1.1132789323423509,-3.7177456035016254,1.307292201610536
3.865,15,0.06048795058920042,0.3332438755724272,-0.18066886624482875,0.06111047278412933,0.8276192771120822,-0.494223691072772,-0.5114668869078822,-0.12037493116198679,1.201975568723545,-3.7124232121020975,1.3612502564431181
3.87,15,0.06548795058920032,0.36079017796210655,-0.18312459057417924,0.05850676044192234,0.8270346447398917,-0.487992173866281,-0.5300122304074391,-0.11343257147076181,1.290614249020416,-3.7054403050949256,1.4157847619008983
3.875,15,0.07048795058920021,0.388336480351786,-0.18554804985318368,0.05581041547974609,0.8264854080643563,-0.4813177932861435,-0.548518579832327,-0.10621622145694064,1.3791061071719968,-3.6968313221854716,1.4708365189811587
3.88,15,0.0754879505892001,0.41588278274146534,-0.18793703197052594,0.05302165305042396,0.8259729432560718,-0.4742015056082384,-0.5669778909022981,-0.09872344285991762,1.4673622771173107,-3.6866307030790977,1.526346328681178
3.8850000000000002,15,0.08048795058920044,0.44342908513114715,-0.1902893307070952,0.050140728097683954,0.8254986379369493,-0.4666447114387488,-0.5853822915356328,-0.0909520934141001,1.5552938927953899,-3.6748728874811665,1.5822549919982387
3.89,15,0.08548795058920033,0.47097538752082657,-0.1926027479576367,0.04716793449516714,0.8250638897002406,-0.45864925571416454,-0.6037240818491337,-0.08290032684891104,1.6428120881452426,-3.661592315097042,1.6385033099296091
3.895,15,0.09048795058920023,0.49852168991050594,-0.19487509595240454,0.04410360418543349,0.8246701046305627,-0.4502174277012787,-0.6219957341581345,-0.07456659288878502,1.7298279971059007,-3.6468234256320855,1.6950320834725723
3.9,15,0.09548795058920012,0.5260679923001853,-0.19710419947881236,0.04094810631897025,0.8243186958239228,-0.44135196099718954,-0.6401898929764945,-0.06594963725317089,1.8162527536163888,-3.6306006587916593,1.7517821136244058
3.9050000000000002,15,0.10048795058920046,0.5536142946898672,-0.1992878981030852,0.03770184639319873,0.8240110819077434,-0.4320560335292996,-0.6582993750166017,-0.05704850165653027,1.9019974916157387,-3.6129584542811255,1.8086942013823935
3.91,15,0.10548795058920035,0.5811605970795466,-0.2014240483919103,0.03436526539148291,0.8237486855608875,-0.42233326755531864,-0.6763171691893655,-0.04786252380834084,1.9869733450429574,-3.5939312518058486,1.8657091477438021
3.915,15,0.11048795058920025,0.608706899469226,-0.20351052613408982,0.030938838922134976,0.8235329320336827,-0.41218772966325895,-0.6942364366042272,-0.03839133741309147,2.0710914478370785,-3.5735534910711904,1.922767753705916
3.92,15,0.11548795058920014,0.6362532018589053,-0.2055452285621915,0.02742307635742393,0.8233652476679467,-0.4016239307714384,-0.7120505105691534,-0.028634872170285472,2.154262933937126,-3.5518596117825125,1.9798108202660123
3.9250000000000003,15,0.12048795058920048,0.6637995042485871,-0.20752607657420072,0.023818519972582268,0.8232470584170124,-0.3906468261284789,-0.7297528965906386,-0.018593353774438805,2.23639893728213,-3.5288840536451764,2.0367791484213735
3.93,15,0.12548795058920037,0.6913458066382666,-0.20945101695517104,0.020125744084814656,0.8231797883657523,-0.37926181531331,-0.7473372723737004,-0.008267303915083691,2.3174105918111025,-3.5046612563645483,2.093613539169269
3.935,15,0.13048795058920026,0.718892109027946,-0.21131802459887708,0.016345354192303457,0.823164858250604,-0.3674747422351634,-0.764797487821887,0.002342459723236501,2.3972090314630714,-3.479225659645988,2.150254793506981
3.94,15,0.13548795058920016,0.7464384114176253,-0.21312510472946516,0.01247798611321721,0.8232036839795945,-0.3552918951335764,-0.7821275650372719,0.01323482346096413,2.4757053901770627,-3.4526117031948593,2.206643712431787
3.9450000000000003,15,0.1404879505892005,0.7739847138073072,-0.21487029512310524,0.008524305124717468,0.8232976751523658,-0.3427200065783904,-0.7993216983204575,0.024408377623528852,2.552810801892107,-3.4248538267165216,2.2627210969409712
3.95,15,0.1454879505892004,0.8015310161969865,-0.21655166832964173,0.004485005101967504,0.8234482335801994,-0.3297662534697547,-0.8163742541705681,0.03586141654134374,2.6284364005472156,-3.395986469916343,2.3184277480318007
3.955,15,0.15048795058920028,0.829077318586666,-0.21816733389424603,0.0003608076571375851,0.8236567518060413,-0.31643825703812034,-0.8332797712852595,0.04759193854981126,2.7024933200814187,-3.366044072499682,2.3737044667015588
3.96,15,0.15548795058920017,0.8566236209763454,-0.21971544057906744,-0.0038475387215862744,0.8239246116245268,-0.3027440828442442,-0.8500329605607124,0.05959764598931916,2.7748926944337398,-3.335061074171903,2.428492053947523
3.9650000000000003,15,0.1604879505892005,0.8841699233660272,-0.22119417858488488,-0.008139259530995605,0.824253182602006,-0.288692240779187,-0.8666287050916363,0.07187594520524289,2.8455456575432096,-3.303071914638364,2.4827313107669773
3.97,15,0.1654879505892004,0.9117162257557065,-0.22260178177275802,-0.012513555113850744,0.8246438205965679,-0.2742916850643179,-0.8830620601712628,0.08442394654794079,2.91436334334884,-3.2701110336044343,2.536363038157188
3.975,15,0.1704879505892003,0.9392625281453859,-0.22393652988567941,-0.01696960151987556,0.8250978662780664,-0.25955181425130724,-0.8993282532913549,0.09723846437276092,2.9812568857896613,-3.2362128707754736,2.5893280371154406
3.98,15,0.1754879505892002,0.9668088305350654,-0.22519675077022575,-0.021506551366748783,0.8256166436481438,-0.24448247122213151,-0.9154226841422007,0.11031601704003682,3.046137418804698,-3.2014118658568442,2.6415671086390113
3.985,15,0.18048795058920009,0.9943551329247448,-0.22638082259820919,-0.02612353470109674,0.8262014585602572,-0.2290939431890722,-0.9313409246126155,0.12365282691508815,3.1089160763329726,-3.1657424585539085,2.6930210537251784
3.99,16,0.003975385698705036,0.022043334726562617,-0.22748717608133848,-0.030819659857737245,0.8268535972402979,-0.21339695290201038,-0.9470787165892994,0.137244821117324,3.1695128394579832,-3.129236874302865,2.743631427110582
3.995,16,0.00897538569870493,0.0497681096254393,-0.22851429631771353,-0.03559401422677522,0.827574324838579,-0.19740247414793935,-0.9626319257799242,0.15108764723889925,3.2279141187100855,-3.091910712534088,2.793345443040264
4.0,16,0.013975385698704823,0.07749288452431599,-0.22946072324046704,-0.040445664670848716,0.8283648841009121,-0.1811214431918701,-0.9779964694923874,0.16517669792874018,3.2841365117862464,-3.053772017413949,2.8421128875784287
4.005,16,0.018975385698704716,0.10521765942319268,-0.23032505125487798,-0.04537365773925946,0.8292264941088255,-0.16456471259174765,-0.9931683050755685,0.1795071148273127,3.3381967678603752,-3.014828795197071,2.889883559694471
4.01,16,0.02397538569870461,0.13294243432206937,-0.2311059288196504,-0.05037701986813169,0.8301603490245367,-0.14774305115964728,-1.0081434299096206,0.19407378856992974,3.3901116361063792,-2.9750890521380797,2.9366072583577867
4.015,16,0.028975385698704503,0.16066720922094604,-0.23180205802818402,-0.05545475758056864,0.8311676168359265,-0.13066714396177492,-1.0229178814059694,0.2088713587867511,3.439897865698166,-2.9345607944915995,2.982233782537771
4.0200000000000005,16,0.033975385698705285,0.18839198411982766,-0.23241219418984504,-0.06060585768680979,0.8322494381015144,-0.1133475923184638,-1.037487737007317,0.2238942141027863,3.4875722058096517,-2.893252028512247,3.0267129312038272
4.025,16,0.03897538569870518,0.21611675901870434,-0.23293514541123636,-0.06582928748438349,0.8334069246954311,-0.09579491380418677,-1.0518491141876303,0.23913649213788377,3.5331514056147273,-2.8511707604546626,3.0699945033253355
4.03,16,0.04397538569870507,0.24384153391758104,-0.23336977217746882,-0.07112399495826893,0.8346411585523943,-0.07801954224753808,-1.065998170452157,0.25459207950674706,3.5766522142873094,-2.8083249965734622,3.112028297871698
4.035,16,0.048975385698704965,0.2715663088164577,-0.2337149869334315,-0.07648890898104876,0.8359531904126821,-0.060031827731245414,-1.079931103337416,0.27025461181892385,3.618091381001306,-2.7647227431232717,3.152764113812312
4.04,16,0.05397538569870486,0.2992910837153344,-0.2339697536650625,-0.08192293951306644,0.8373440385671077,-0.04184203659216693,-1.0936441504111984,0.2861174736788089,3.657485654930624,-2.720372006358715,3.192151750116571
4.045,16,0.05897538569870475,0.32701585861421106,-0.2341330874806194,-0.08742497780258253,0.8388146876019931,-0.02346035142129126,-1.1071335892725696,0.3021737986856439,3.6948517852491727,-2.675280792534416,3.230141005753871
4.05,16,0.06397538569870465,0.35474063351308777,-0.23420405419195015,-0.09299389658593114,0.8403660871441438,-0.00489687106373744,-1.120395737551867,0.31841646943351765,3.7302065211308584,-2.6294571079050013,3.2666816796936082
4.055,16,0.06897538569870454,0.38246540841196447,-0.23418176989576361,-0.09862855028767623,0.8419991506058229,0.013838389381244983,-1.1334269529107015,0.3348381175113657,3.76356661174959,-2.5829089587250933,3.3017235709051773
4.0600000000000005,16,0.07397538569870532,0.41019018331084606,-0.23406540055490016,-0.10432777522076901,0.8437147539297254,0.03273549856027925,-1.14622363304196,0.3514311235029738,3.794948806279281,-2.535644351249309,3.3352164783579794
4.065,16,0.07897538569870521,0.43791495820972276,-0.23385416157960245,-0.11009038978670027,0.8455137343339516,0.05178460886584839,-1.1587822156697942,0.36818761698696545,3.824369853893827,-2.48767129173229,3.367110201021399
4.07,16,0.08397538569870511,0.4656397331085994,-0.23354731740878606,-0.11591519467566275,0.8473968890569828,0.07097595643631466,-1.1710991785496376,0.3850994765368203,3.851846503767142,-2.4389977864286525,3.397354537864836
4.075,16,0.088975385698705,0.4933645080074761,-0.23314418109131,-0.12180097306670362,0.8493649741026548,0.09029986115590677,-1.1831710394681936,0.40215832972086213,3.877395505073135,-2.3896318415930207,3.4258992878576877
4.08,16,0.0939753856987049,0.5210892829063528,-0.23264411386724754,-0.12774649082788164,0.8514187029851317,0.10974672665472283,-1.1949943562434384,0.41935555310226114,3.901033606985712,-2.339581463480019,3.452694249969348
4.085,16,0.09897538569870479,0.5488140578052295,-0.23204652474915669,-0.1337504967164237,0.8535587454738809,0.12930704030873055,-1.2065657267246221,0.4366822722390352,3.922777558678781,-2.288854658344273,3.4776892231692127
4.09,16,0.10397538569870468,0.5765388327041062,-0.2313508701033511,-0.13981172257888108,0.855785726338647,0.14897137323976714,-1.2178817887922673,0.4541293616840486,3.9426441093262516,-2.2374594324404065,3.5008340064266776
4.095,16,0.10897538569870457,0.6042636076029828,-0.2305566532311704,-0.1459288835512859,0.858100224094426,0.16873038031553933,-1.22893922035817,0.47168744498501286,3.9606500081020304,-2.185403792023044,3.522078398711138
4.1,16,0.11397538569870447,0.6319883825018595,-0.22966342395025108,-0.15210067825930743,0.8605027697464394,0.1885748001496236,-1.239734739365399,0.4893468946844865,3.9768120041800255,-2.13269574334681,3.5413721989919886
4.105,16,0.11897538569870525,0.6597131574007411,-0.22867077817579695,-0.15832578901840955,0.862993845535109,0.2084954551014692,-1.250265103788299,0.507097832319878,3.991146846734146,-2.0793432926663207,3.5586652062386284
4.11,16,0.12397538569870514,0.6874379322996178,-0.22757835750185035,-0.16460288203400278,0.86557388368103,0.22848325127638447,-1.260527111632481,0.5249301284234338,4.003671284938297,-2.0253544462362174,3.5739072194204473
4.115,16,0.12897538569870504,0.7151627071984945,-0.22638584878256193,-0.17093060760160708,0.8682432651299469,0.24852917852555784,-1.2705176009348356,0.5428334025222561,4.014402067966387,-1.9707372103111178,3.5870480375068423
4.12,16,0.13397538569870493,0.7428874820973712,-0.22509298371346187,-0.1773076003070041,0.871002318297726,0.2686243104460439,-1.2802334497635246,0.5607970231382915,4.023355944992324,-1.915499591145645,3.598037459467211
4.125,16,0.13897538569870482,0.7706122569962479,-0.22369953841273038,-0.1837324792263944,0.8738513178153311,0.2887598043807665,-1.2896715762179822,0.5788101077883331,4.0305496651900174,-1.8596495949944234,3.6068252842709465
4.13,16,0.14397538569870472,0.7983370318951246,-0.22220533300246842,-0.19020384812655386,0.8767904832737967,0.3089269014185194,-1.2988289384289164,0.5968615229840214,4.035999977733373,-1.8031952281120784,3.613361310887446
4.135,16,0.1489753856987046,0.8260618067940013,-0.2206102311899683,-0.19672029566499008,0.8798199779692027,0.3291169263939654,-1.3077025345583084,0.6149398842318438,4.039723631796301,-1.746144496753234,3.6175953382861032
4.14,16,0.1539753856987045,0.8537865816928779,-0.21891413984898433,-0.20328039559009883,0.8829399076476487,0.34932128788763717,-1.3162894027994119,0.6330335560331343,4.041737376552707,-1.6885054071725154,3.619477165436315
4.1450000000000005,16,0.15897538569870528,0.8815113565917596,-0.2171170086010032,-0.20988270694132152,0.8861503192502287,0.36953147822594085,-1.3245866213767559,0.6511306518840776,4.0420579611765,-1.6302859656245356,3.618956591307476
4.15,16,0.16397538569870518,0.9092361314906362,-0.21521882939651577,-0.21652577424929673,0.8894511996580026,0.38973907348114045,-1.3325913085461374,0.6692190342756953,4.040702134841587,-1.5714941783639413,3.6159834148689822
4.155,16,0.16897538569870507,0.9369609063895129,-0.213219636096286,-0.22320812773602383,0.8928424744369745,0.40993573347138107,-1.3403006225946315,0.687286314693866,4.037686646721877,-1.512138051645346,3.610507435090228
4.16,16,0.17397538569870497,0.9646856812883896,-0.21111950405262284,-0.22992828351501457,0.8963240065830645,0.4301132017606736,-1.347711761840585,0.705319853619312,4.033028245991276,-1.4522255917233744,3.6024784509406103
4.165,16,0.17897538569870486,0.9924104561872663,-0.20891854969065035,-0.2366847437914506,0.8998955952670836,0.450263305658898,-1.354821964633617,0.7233067605276023,4.026743681823694,-1.3917648048526507,3.5918462613895232
4.17,17,0.0036312704358438808,0.01124726336535658,-0.2066169300889778,-0.24347599706303777,0.9035569745842292,0.4703779570491,-1.3616285103153196,0.7412339001154071,4.01885061469345,-1.330764755538101,3.578567523891391
4.175,17,0.008631270435843774,0.02673394160107239,-0.20421484251838862,-0.25030051836960965,0.9073078126195312,0.49044917465835525,-1.368128745081367,0.7590880599119889,4.00937529785936,-1.2692444866811132,3.5626635655563677
4.18,17,0.013631270435843668,0.0422206198367882,-0.20171252379717647,-0.2571567697556524,0.9111477118932176,0.5104691245688802,-1.374320129025159,0.7768562551674739,3.9983487057377607,-1.2072285236412277,3.5441912451236557
4.1850000000000005,17,0.01863127043584445,0.05770729807250677,-0.1991102495255122,-0.2640432008733037,0.9150762107164995,0.5304301279622871,-1.3802002451308604,0.7945257871364418,3.9858018615471087,-1.1447414484495864,3.5232077886192847
4.19,17,0.023631270435844343,0.07319397630822258,-0.19640833330986984,-0.27095824959689396,0.9190927846221835,0.5503246611362697,-1.385766799292788,0.8120842432035931,3.9717657885058704,-1.0818078431373643,3.499770422069295
4.195,17,0.028631270435844236,0.08868065454393839,-0.19360712598744326,-0.2779003426375041,0.9231968477953275,0.5701453555046248,-1.391017620315418,0.8295194968837679,3.956271509832503,-1.0184522897357036,3.473936371499717
4.2,17,0.03363127043584413,0.1041673327796542,-0.1907070148505675,-0.28486789615751174,0.9273877545038882,0.5898849975972378,-1.395950659913381,0.8468197078219335,3.939350048745467,-0.9546993702757572,3.4457628629365837
4.205,17,0.03863127043584402,0.11965401101537002,-0.18770842287113818,-0.29185931638514284,0.9316648005293724,0.6095365290600865,-1.4005639927114637,0.8639733217931873,3.9210324284632225,-0.8905736667886782,3.4153071224059293
4.21,17,0.043631270435843916,0.13514068925108583,-0.1846118079250305,-0.2988730002290228,0.9360272245974877,0.6290930466552412,-1.4048558162446079,0.8809690707027563,3.9013496722042293,-0.8260997613056196,3.3826263759337865
4.215,17,0.04863127043584381,0.15062736748680164,-0.18141766201651932,-0.3059073358927272,0.940474209808793,0.6485478022608642,-1.4088244509579118,0.8977959725859985,3.8803328031869477,-0.7613022358577343,3.3477778495461887
4.22,17,0.0536312704358437,0.16611404572251745,-0.17812651050269837,-0.3129607034893323,0.9450048850693499,0.6678942028712102,-1.4124683402066287,0.9144433316084019,3.858012844629839,-0.6962056724761755,3.3108187692691695
4.225,17,0.0586312704358436,0.18160072395823326,-0.17473891131789981,-0.32003147565596624,0.949618326521372,0.6871258105966261,-1.4157860502561692,0.9309007380655839,3.8344208197513616,-0.6308346531920961,3.2718063611287627
4.23,17,0.06363127043584438,0.19708740219395182,-0.17125545419811333,-0.3271180181683606,0.9543135589738778,0.7062363426635548,-1.4187762702820979,0.947158068383296,3.8095877517699726,-0.5652137600366377,3.2307978511509936
4.235,17,0.06863127043584427,0.21257408042966763,-0.16767675990540798,-0.33421869055539666,0.9590895573333369,0.725219671414521,-1.4214378123701354,0.9632054851174107,3.78354466390414,-0.4993675750409763,3.1878504653619113
4.24,17,0.07363127043584416,0.22806075866538345,-0.16400347945234806,-0.3413318467136633,0.9639452480343262,0.7440698243081522,-1.423769611516159,0.979033436953939,3.7563225793723207,-0.4333206802362535,3.1430214297875407
4.245,17,0.07863127043584406,0.24354743690109926,-0.1602362933264152,-0.348455835522003,0.9688795104701775,0.7627809839191643,-1.4257707256262013,0.99463265870902,3.727952521392974,-0.36709765765362223,3.096367970453916
4.25,17,0.08363127043584395,0.25903411513681507,-0.15637591071442716,-0.35558900145606365,0.9738911784236282,0.781347487938366,-1.4274403355164507,1.0099941713289222,3.69846551318456,-0.3007230893242356,3.0479473133870707
4.255,17,0.08863127043584385,0.2745207933725309,-0.15242306872695746,-0.36272968520284976,0.9789790414974724,0.799763829172658,-1.428777744913251,1.0251092818900447,3.66789257796554,-0.23422155727924657,2.997816684613037
4.26,17,0.09363127043584374,0.2900074716082467,-0.14837853162275483,-0.36987622427527256,0.9841418465452119,0.8180246555450337,-1.4297823804531022,1.0399695835989164,3.6362647389543725,-0.16761764354980815,2.9460333101578504
4.265,17,0.09863127043584363,0.3054941498439625,-0.1442430900331629,-0.3770269536267016,0.9893782991017059,0.8361247700945782,-1.4304537916826603,1.0545669557921973,3.6036130193695195,-0.10093593016707358,2.892654416047543
4.2700000000000005,17,0.10363127043584441,0.3209808280796811,-0.14001756018653877,-0.384180206265516,0.9946870648138237,0.8540591309764725,-1.4307916510587362,1.068893563936679,3.569968442429434,-0.03420099916218373,2.8377372283081383
4.275,17,0.10863127043584431,0.3364675063153969,-0.1357027831326758,-0.3913343138696508,1.0000667708710909,0.8718228514619802,-1.4307957539482972,1.0829418596292757,3.5353620313525878,0.03256256743368456,2.78133897296569
4.28,17,0.1136312704358442,0.3519541845511127,-0.13129962396721842,-0.39848760740115474,1.0055160074363454,0.8894111999384672,-1.4304660186284663,1.09670458059704,3.4998248093574365,0.09933018758938983,2.7235168760462214
4.285,17,0.1186312704358441,0.3674408627868285,-0.12680897105608482,-0.4056384177207366,1.0110333290763855,0.9068195999093877,-1.4298024862865222,1.1101747506971522,3.4633877996624394,0.16607727927377972,2.664328163575766
4.29,17,0.12363127043584399,0.38292754102254434,-0.12223173525988568,-0.41278507620231686,1.0166172561926201,0.9240436299942885,-1.4288053210198992,1.1233456799169221,3.4260820254860564,0.23277926045570027,2.603830061580357
4.295,17,0.12863127043584388,0.39841421925826015,-0.11756884915834367,-0.41992591534757845,1.02226627645172,0.9410790239288092,-1.427474809836188,1.1362109643737903,3.387938510046749,0.29941154910399914,2.542079796086028
4.3,17,0.13363127043584377,0.41390089749397596,-0.11282126627471309,-0.4270592694005178,1.0279788462162693,0.9579216705646811,-1.4258113626531341,1.1487644863153272,3.3489882765629755,0.3659495631875231,2.479134593118812
4.305,17,0.13863127043584367,0.4293875757296918,-0.10798996030019933,-0.4341834749619954,1.0337533919754143,0.9745676138697282,-1.4238155122986393,1.1610004141192334,3.3092623482531973,0.43236872067511933,2.415051678704743
4.3100000000000005,17,0.14363127043584445,0.4448742539654103,-0.10307592431837756,-0.4412968716042879,1.0395883117755167,0.9910130529278695,-1.421487914510761,1.1729132022933415,3.2687917483358677,0.49864443953564586,2.3498882788698428
4.315,17,0.14863127043584434,0.4603609322011261,-0.09808017002961572,-0.44839780248563366,1.0454819766507994,1.0072543419391073,-1.418829347937713,1.1844975914756086,3.2276075000294604,0.5647521377379273,2.283701619640168
4.32,17,0.15363127043584424,0.47584761043684193,-0.09300372697548892,-0.45548461496479165,1.0514327320540036,1.0232879902195455,-1.4158407141378642,1.1957486084341282,3.185740626552428,0.6306672332508211,2.21654892704174
4.325,17,0.15863127043584413,0.49133428867255774,-0.0878476417632024,-0.46255566121558656,1.0574388992870352,1.0391106622013773,-1.4125230375797393,1.2066615660671212,3.1432221511232328,0.6963651440431755,2.148487427100592
4.33,17,0.16363127043584402,0.5068209669082736,-0.08261297729001013,-0.4696092988414611,1.0634987769316164,1.0547191774328877,-1.4088774656420187,1.2172320634029392,3.100083096960333,0.7618212880838368,2.0795743458427585
4.335,17,0.16863127043584392,0.5223076451439894,-0.07730081196763453,-0.47664389149002684,1.069610642279937,1.0701105105784547,-1.404905268613539,1.2274559856000637,3.056354487282189,0.827011083341652,2.009866909294272
4.34,17,0.1736312704358438,0.5377943233797052,-0.07191223894668583,-0.4836578094676149,1.0757727527653038,1.0852817914185477,-1.4006078396932924,1.237329503947107,3.0120673453072615,0.8919099477854676,1.9394223434811668
4.345,17,0.1786312704358437,0.553281001615421,-0.06644836534108167,-0.4906494303538268,1.0819833473927927,1.1002303048497295,-1.3959866949904263,1.2468490758628106,2.9672526942540105,0.9564932993841315,1.8682978744294756
4.3500000000000005,17,0.18363127043584448,0.5687676798511396,-0.060910311452465754,-0.4976171396160862,1.0882406481698992,1.1149534908846568,-1.391043473524244,1.2560114448960489,2.921941557340888,1.0207365561065014,1.7965507281652193
4.355,17,0.18863127043584438,0.5842543580868554,-0.05529920999463114,-0.5045593312241854,1.0945428615371855,1.1294489446520712,-1.3857799372242066,1.26481364072582,2.876164957786371,1.0846151359214018,1.7242381307144565
4.36,17,0.19363127043584427,0.5997410363225713,-0.049616205317933954,-0.5114744082648426,1.1008881797989372,1.1437144163968151,-1.380197970929928,1.2732529791612588,2.8299539188089105,1.1481044567976906,1.6514173081032082
4.365,17,0.19863127043584416,0.6152277145582871,-0.04386245263371699,-0.5183607835562486,1.1072747825538098,1.157747811479819,-1.3742995823911794,1.2813270621416275,2.783339463626967,1.2111799367042155,1.5781454863575082
4.37,17,0.20363127043584406,0.6307143927940029,-0.038039117238728104,-0.5252168802626181,1.113700838125481,1.1715471903781072,-1.3680869022678877,1.2890337777363197,2.736352615459002,1.2738169936098231,1.5044798915033888
4.375,17,0.20863127043584395,0.6462010710297187,-0.03214737373953974,-0.5320411325087414,1.1201645049932998,1.1851107686847957,-1.361562184130135,1.2963713001448571,2.6890243975234736,1.33599104548336,1.4304777495668846
4.38,17,0.21363127043584385,0.6616877492654345,-0.026188405276968613,-0.5388319859945339,1.126663933222939,1.198436917109093,-1.3547278044581597,1.303338089696894,2.6413858330388433,1.3976775102936745,1.3561962865740287
4.385,17,0.21863127043584374,0.6771744275011503,-0.020163402750495107,-0.545587898609588,1.1331972658970444,1.2115241614762995,-1.3475862626423558,1.3099328928522131,2.593467945223572,1.4588518060096116,1.2816927285508537
4.39,17,0.22363127043584363,0.6926611057368661,-0.014073564042682923,-0.5523073410477233,1.1397626405458867,1.2243711827278076,-1.3401401809832731,1.3161547422007285,2.5453017572961176,1.5194893506000198,1.2070243015233948
4.3950000000000005,17,0.2286312704358444,0.7081477839725846,-0.007920093243597465,-0.558988797421539,1.1463581905780118,1.236976816921106,-1.3323923046916157,1.3220029564624842,2.496918292474933,1.5795655620337563,1.13224823151767
4.4,17,0.2336312704358443,0.7236344622083004,-0.0017041998752297116,-0.5656307658769592,1.1529820467108887,1.2493400552297667,-1.3243455018882477,1.3274771404876524,2.4483485739784965,1.6390558582796462,1.057421744559741
4.405,17,0.2386312704358442,0.7391211404440162,0.004572901884090791,-0.5722317592077917,1.1596323384015648,1.2614600439434625,-1.3160027636041847,1.3325771852565376,2.3996236250252574,1.6979356573065485,0.9826020666756268
4.41,17,0.2436312704358441,0.754607818679732,0.010909993975271759,-0.5787903054702732,1.1663071952773145,1.273336084467955,-1.3073672037805995,1.3373032678795749,2.350774468833678,1.7561803770833082,0.9078464238913618
4.415,17,0.248631270435844,0.7700944969154478,0.01730585523404024,-0.585304948597622,1.1730047485662887,1.2849676333250988,-1.2984420592688208,1.3416558515973278,2.3018321286222174,1.8137654355787736,0.8332120422329782
4.42,17,0.2536312704358439,0.7855811751511637,0.023759262166522577,-0.5917742490145883,1.1797231325281672,1.2963543021528408,-1.289230689830333,1.345635685780491,2.252827627609337,1.870666250761792,0.7587561477265111
4.425,17,0.2586312704358438,0.8010678533868795,0.030268989724825196,-0.598196784252005,1.1864604858848076,1.3074958577052203,-1.279736578136776,1.3492438059298892,2.203791989013495,1.9268582406012096,0.6845359663979922
4.43,17,0.26363127043584367,0.8165545316225953,0.03683381208261491,-0.6045711495613386,1.1932149532508982,1.318392221852368,-1.2699633297699457,1.3524815336764773,2.1547562360531525,1.9823168230658734,0.6106087242734551
4.4350000000000005,17,0.26863127043584445,0.8320412098583139,0.04345250341070059,-0.6108959585292414,1.1999846865646078,1.3290434715805095,-1.2599146732217923,1.3553504767813407,2.1057513919467614,2.0370174161246406,0.5370316473789217
4.44,17,0.27363127043584434,0.8475278880940297,0.050123838652608804,-0.617169843692097,1.206767846518232,1.3394498389919578,-1.2495944598944264,1.3578525291356938,2.0568084799127986,2.090935437746338,0.46386196174044986
4.445,17,0.27863127043584424,0.8630145663297455,0.05684659430017178,-0.6233914571505788,1.213562603988853,1.349611711305122,-1.2390066641001096,1.3599898707608822,2.007958523169717,2.1440463058998223,0.3911568933840617
4.45,17,0.28363127043584413,0.8785012445654613,0.06361954916910259,-0.6295594711841953,1.2203671414689818,1.3595296308545033,-1.2281553830612608,1.361764967808381,1.9592325449359749,2.1963254385539415,0.31897366833578855
4.455,17,0.288631270435844,0.8939879228011771,0.07044148517457702,-0.6356725788658428,1.2271796544972136,1.3692042950906944,-1.217044836910455,1.363180572559797,1.9106615684300332,2.247748253677542,0.24736951262166595
4.46,17,0.2936312704358439,0.9094746010368929,0.07731118810681412,-0.6417294946763559,1.233998353088876,1.3786365565803804,-1.2056793686904221,1.3642397234268648,1.862276616870353,2.29829016923947,0.1764016522677252
4.465,17,0.2986312704358438,0.9249612792726087,0.08422744840665672,-0.6477289551190579,1.2408214631666816,1.3878274230063388,-1.1940634443540488,1.364945744951451,1.8141087134753935,2.347926603208574,0.10612731330000072
4.47,17,0.3036312704358437,0.9404479575083246,0.09118906194115159,-0.6536697193343123,1.2476472279913768,1.3967780571674393,-1.1822016527643768,1.3653022478055519,1.7661888814636144,2.3966329735536998,0.036603721744527015
4.4750000000000005,17,0.3086312704358445,0.9559346357440431,0.09819483077913135,-0.659550569714074,1.2544739095923947,1.4054897769786454,-1.170098705694602,1.3653131287912934,1.7185481440534687,2.4443846982437036,-0.03211189637267691
4.48,17,0.3136312704358444,0.971421313979759,0.10524356396679,-0.6653703125164362,1.261299790198501,1.4139640554710087,-1.157759437828082,1.3649825708409322,1.6712175244634329,2.491157195247414,-0.09996231502555049
4.485,17,0.31863127043584427,0.9869079922154748,0.11233407830327077,-0.6711277784801875,1.2681231736684513,1.422202520791677,-1.1451888067583242,1.3643150430168551,1.6242280459119587,2.536925882533688,-0.16689030818807415
4.49,18,0.0007731388276885909,0.0004561885985425934,0.11946519911624083,-0.6768218234393575,1.2749423869216365,1.4302069562000348,-1.1323918929852832,1.3633153005040934,1.5776107116740998,2.581666197267728,-0.23283868857049841
4.495,18,0.005773138827688484,0.0034064258793840224,0.12663576102363902,-0.6824513289244533,1.2817557813418632,1.4379792881026159,-1.119373888398466,1.3619883613704018,1.5313883012657612,2.6253614923236523,-0.29776624197587315
4.5,18,0.010773138827688378,0.006356663160225452,0.13384460846531906,-0.6880152025422098,1.2885617337342032,1.445521500612836,-1.106140014037135,1.3603393406147497,1.4855627309436006,2.668015202327044,-0.3616722771323353
4.505,18,0.01577313882768827,0.00930690044106688,0.14109059579922553,-0.6935123779361864,1.295358646436031,1.4528355745743335,-1.0926954613977455,1.3583733317317157,1.440132657990596,2.7096338988006803,-0.42456243270644284
4.51,18,0.020773138827688165,0.01225713772190831,0.14837258727073727,-0.6989418146252804,1.3021449471817097,1.4599234841171618,-1.0790453891191403,1.356095400022545,1.395096739689727,2.7502241532673377,-0.48644234736475317
4.515,18,0.025773138827688058,0.015207375002749738,0.15568945697909947,-0.7043024978394397,1.3089190889616253,1.4667871966577888,-1.0651949229825466,1.3535105825951503,1.3504536333239714,2.7897925372497943,-0.5473176597738242
4.5200000000000005,18,0.03077313882768884,0.018157612283591692,0.16304008884385696,-0.7095934383553747,1.3156795498812222,1.473428672899099,-1.051149155911576,1.3506238883641108,1.3062019961763005,2.8283456222708327,-0.6071940086002243
4.525,18,0.03577313882768873,0.02110784956443312,0.17042337657128107,-0.7148136723322676,1.3224248330200297,1.4798498668303879,-1.0369131479722342,1.3474402980506743,1.262340485529709,2.8658899798532187,-0.66607703251049
4.53,18,0.040773138827688626,0.02405808684527455,0.17783822362080964,-0.719962261147489,1.329153466290704,1.4860527257273695,-1.0224919263729044,1.3439647641827552,1.2188677586671672,2.9024321815197345,-0.7239723701711895
4.535,18,0.04577313882768852,0.02700832412611598,0.18528354317147377,-0.7250382912323065,1.3358640022980568,1.492039190152171,-1.0078904854643593,1.3402022110949345,1.175782472871654,2.9379787987931576,-0.7808856602488807
4.54,18,0.05077313882768841,0.029958561406957407,0.19275825808833127,-0.7300408739075976,1.3425550181980885,1.4978111939533356,-0.9931137867397574,1.336157534928461,1.1330832854261483,2.972536403196266,-0.8368225414101215
4.545,18,0.05577313882768831,0.032908798687798835,0.20026130088889865,-0.7349691452195617,1.349225115557023,1.5033706642658207,-0.9781667588346431,1.3318356036312498,1.0907688536136289,3.0061115662518367,-0.8917886523214692
4.55,18,0.0607731388276882,0.03585903596864027,0.2077916137095833,-0.7398222657754316,1.3558729202103401,1.5087195215109983,-0.9630542975269475,1.3272412569578853,1.048837834717074,3.038710859482647,-0.9457896316494823
4.555,18,0.0657731388276881,0.0388092732494817,0.21534814827211546,-0.744599420579186,1.3624970821218096,1.513859679396656,-0.9477812657369872,1.3223793064696165,1.0072888860194626,3.070340854411474,-0.9988311180607178
4.5600000000000005,18,0.07077313882768888,0.041759510530323646,0.22292986584998165,-0.7492998188672617,1.369096275242525,1.5187930449169968,-0.9323524935274626,1.317254535534361,0.9661206648037663,3.1010081225610997,-1.0509187502217425
4.565,18,0.07577313882768877,0.04470974781116508,0.23053573723485155,-0.7539226939442626,1.375669197369933,1.5235215183526358,-0.9167727781034682,1.3118716993267048,0.9253318283529784,3.130719235454291,-1.1020581667990967
4.57,18,0.08077313882768866,0.04765998509200651,0.2381647427030179,-0.7584673030186766,1.3822145700068729,1.5280469932706062,-0.9010468838124764,1.3062355248278987,0.88492103395007,3.1594807646138316,-1.1522550064593464
4.575,18,0.08577313882768856,0.050610222372847936,0.24581587198182325,-0.7629329270385841,1.388731138220606,1.5323713565243544,-0.8851795421443487,1.3003507108258623,0.84488693887802,3.187299281562497,-1.20151490786905
4.58,18,0.09077313882768845,0.053560459653689364,0.25348812421609346,-0.7673188705273705,1.3952176705018497,1.5364964882537426,-0.8691754517313324,1.2942219279151819,0.8052282004198072,3.214181357823066,-1.2498435096947647
4.585,18,0.09577313882768834,0.05651069693453079,0.2611805079345698,-0.7716244614194387,1.4016729586238115,1.540424261885047,-0.8530392783480609,1.2878538184971107,0.7659434758584102,3.240133564918315,-1.2972464506030488
4.59,18,0.10077313882768824,0.05946093421537223,0.26889204101634095,-0.7758490508959209,1.4080958175012213,1.5441565441309595,-0.836775654911554,1.2812509967795696,0.7270314224768076,3.265162474371021,-1.3437293692604597
4.595,18,0.10577313882768813,0.062411171496213655,0.27662175065727496,-0.7799920132203899,1.414485085049365,1.5476951949905864,-0.8203891814812176,1.2744180487771468,0.6884906975579784,3.2892746577039618,-1.3892979043335554
4.6000000000000005,18,0.11077313882768891,0.06536140877705561,0.2843686733364529,-0.7840527455745724,1.4208396220431203,1.5510420677494492,-0.8038844252588405,1.2673595323110962,0.6503199583848943,3.312476686439918,-1.433957694488901
4.605,18,0.1157731388276888,0.06831164605789704,0.2921318547825954,-0.7880306678940578,1.4271583119759836,1.5541990089794835,-0.7872659205886067,1.2600799770093423,0.6125178622405477,3.3347751321016594,-1.4777143783930389
4.61,18,0.1207731388276887,0.07126188333873847,0.2999103499405029,-0.7919252227040149,1.4334400609191114,1.5571678585390407,-0.770538168957077,1.2525838843064736,0.5750830664079106,3.3561765662119676,-1.5205735947125345
4.615,18,0.1257731388276886,0.0742121206195799,0.3077032229374823,-0.7957358749549,1.439683797380348,1.5599504495728869,-0.7537056389932021,1.2448757274437472,0.5380142281699616,3.376687560293618,-1.562540982113946
4.62,18,0.13077313882768848,0.07716235790042132,0.3155095470497802,-0.7994621118581704,1.4458884721632617,1.5625486085122031,-0.7367727664683181,1.2369599514690872,0.5013100048096794,3.3963146858693904,-1.6036221792638308
4.625,18,0.13577313882768838,0.08011259518126275,0.3233284046690154,-0.8031034427219963,1.4520530582261761,1.5649641550745848,-0.7197439542961475,1.2288409732370844,0.46496905361004254,3.415064514462061,-1.6438228248287463
4.63,18,0.14077313882768827,0.08306283246210418,0.33115888726861054,-0.8066593987869719,1.458176550541205,1.567198902264043,-0.7026235725327988,1.2205231814089974,0.4289900318540302,3.4329436175944053,-1.683148557475251
4.635,18,0.14577313882768816,0.0860130697429456,0.33900009537022424,-0.8101295330618283,1.464257965953285,1.5692546563710026,-0.6854159583767667,1.2120109364527518,0.3933715968246206,3.4499585667892037,-1.7216050158699023
4.64,18,0.15077313882768806,0.08896330702378703,0.34685113851018373,-0.8135134201591452,1.4702963430392093,1.571133216972305,-0.6681254161689322,1.203308570642941,0.35811240580479275,3.4661159335692315,-1.759197838679258
4.6450000000000005,18,0.15577313882768884,0.09191354430462899,0.35471113520591735,-0.8168106561310626,1.476290741966661,1.5728363769312053,-0.6507562173925587,1.1944203880608226,0.32321111607751907,3.481422289457268,-1.7959326645698819
4.65,18,0.16077313882768873,0.09486378158547042,0.36257921292238193,-0.8200208583049918,1.4822402443532439,1.574365922397373,-0.6333126006733057,1.185350664594328,0.2886663849257907,3.4958842059760866,-1.8318151322083194
4.655,18,0.16577313882768863,0.09781401886631184,0.37045450803850266,-0.8231436651193296,1.4881439531255207,1.5757236328068938,-0.6157987717792093,1.1761036479380493,0.25447686963258015,3.5095082546484666,-1.8668508802611345
4.66,18,0.17077313882768852,0.10076425614715329,0.37833616581359997,-0.8261787359591686,1.494000992378043,1.5769112808822678,-0.5982189036206945,1.1666835575932486,0.22064122748086631,3.5223010069971856,-1.9010455473948846
4.665,18,0.1757731388276884,0.10371449342799471,0.38622334035382255,-0.8291257509920091,1.499810507232385,1.5779306326324098,-0.580577136250573,1.1570945848678549,0.18715811575362748,3.534269034545021,-1.9344047722761282
4.67,18,0.1807731388276883,0.10666473070883614,0.39411519457858013,-0.8319844110034722,1.5055716636961776,1.5787834473526496,-0.562877576864042,1.1473408928764643,0.1540261917338427,3.545418908814749,-1.966934193571422
4.675,18,0.1857731388276882,0.10961496798967757,0.40201090018697483,-0.8347544372330102,1.511283648522141,1.5794714776247323,-0.5451242997986852,1.1374266165403402,0.12124411270449069,3.555757201329147,-1.9986394499473243
4.68,18,0.1907731388276881,0.112565205270519,0.4099096376242335,-0.8374355712096195,1.516945669067119,1.579996469316817,-0.5273213465344722,1.127355862587413,0.0888105359485501,3.5652904836109927,-2.0295261800703934
4.6850000000000005,18,0.19577313882768888,0.11551544255136095,0.4178105960481413,-0.8400275745875532,1.522556953151112,1.5803601615834784,-0.5094727256937558,1.1171327095522787,0.05672411874899397,3.5740253271830644,-2.0596000226071918
4.69,18,0.20077313882768877,0.11846567983220238,0.4257129732954683,-0.84253022898203,1.5281167489163074,1.580564286865706,-0.49158241304128414,1.106761207776206,0.024983518388812354,3.581968303568138,-2.0888666162242666
4.695,18,0.20577313882768866,0.12141591711304381,0.4336159758484094,-0.8449433358049503,1.5336243246861185,1.580610570890904,-0.47365435148418217,1.0962453794071252,-0.006412607849022013,3.58912598428899,-2.1173315995881805
4.7,18,0.21077313882768856,0.12436615439388524,0.4415188188010112,-0.8472667161006053,1.539078968824214,1.5805007326728915,-0.4556924510719641,1.0855892183996356,-0.0374656026815299,3.595504940868399,-2.145000611365492
4.705,18,0.21577313882768845,0.12731639167472666,0.4494207258256059,-0.8495002103813899,1.5444799895935524,1.5802364845119024,-0.4377005889965301,1.074796690515004,-0.0681768088257327,3.601111744829141,-2.1718792902227584
4.71,18,0.22077313882768834,0.1302666289555681,0.4573209291392424,-0.8516436784635144,1.5498267150154148,1.579819531994586,-0.4196826095921667,1.0638717333211642,-0.09854756899865211,3.6059529676939945,-2.1979732748265377
4.715,18,0.22577313882768824,0.13321686623640952,0.4652186694701189,-0.8536969993027165,1.555118492728439,1.5792515739940063,-0.40164232433554614,1.0528182561927173,-0.12857922591730858,3.610035180985737,-2.2232882038433877
4.72,18,0.23077313882768813,0.13616710351725095,0.47311319602401536,-0.8556600708299732,1.5603546898476524,1.578534302669642,-0.3835835118457272,1.0416401403109314,-0.15827312229872445,3.6133649562271444,-2.2478297159398655
4.7250000000000005,18,0.2357731388276889,0.1391173407980929,0.4810037664507263,-0.8575328097872131,1.5655346928235063,1.577669403467386,-0.36550991788415155,1.03034123866374,-0.18763060085992572,3.615948864940995,-2.2716034497825333
4.73,18,0.2407731388276888,0.14206757807893433,0.4888896468104874,-0.8593151515630272,1.5706579073009055,1.5766585551195478,-0.3474252553546561,1.01892537604575,-0.21665300431792295,3.617793478650065,-2.2946150440379407
4.735,18,0.2457731388276887,0.14501781535977576,0.4967701115404163,-0.8610070500283822,1.5757237579782473,1.5755034296448505,-0.3293332043034549,1.007396349058229,-0.24534167538974283,3.6189053688771327,-2.31687013737265
4.74,18,0.2507731388276886,0.1479680526406172,0.504644443420939,-0.8626084773723319,1.580731688466451,1.5742056923484322,-0.31123741191915105,0.9957579261091144,-0.2736979567924067,3.619291107144975,-2.338374368453218
4.745,18,0.2557731388276885,0.15091828992145861,0.512511933542223,-0.8641194239377289,1.5856811611479928,1.5727670018218467,-0.29314149253273347,0.98401384741301,-0.301723191242936,3.618957264976369,-2.3591333759462034
4.75,18,0.2607731388276884,0.15386852720230004,0.5203718812706097,-0.8655398980569367,1.5905716570359378,1.5711890099430614,-0.27504902761757755,0.9721678249911878,-0.32941872145835205,3.6179104138940916,-2.3791527985181635
4.755,18,0.26577313882768827,0.15681876448314147,0.5282235942150465,-0.8668699258875416,1.5954026756329744,1.56947336187646,-0.2569635657894447,0.9602235426715864,-0.35678589015567597,3.61615712542092,-2.3984382748356556
4.76,18,0.27077313882768816,0.1597690017639829,0.5360663881935186,-0.8681095512480651,1.6001737347904479,1.56762169607284,-0.23888862280648263,0.9481846560888116,-0.38382604005192916,3.6137039710796337,-2.4169954435652388
4.765,18,0.27577313882768806,0.16271923904482433,0.5438995871994812,-0.8692588354536748,1.6048843705673923,1.5656356442694144,-0.22082768156922478,0.9360547926841367,-0.4105405138641327,3.6105575223930058,-2.4348299433734693
4.7700000000000005,18,0.28077313882768884,0.16566947632566628,0.5517225233682932,-0.8703178571518972,1.6095341370895662,1.56351683148981,-0.20278419212058765,0.9238375517055,-0.43693065430931227,3.606724350883817,-2.451947412926908
4.775,18,0.28577313882768873,0.1686197136065077,0.5595345369436432,-0.8712867121583294,1.614122606408482,1.5612668760440709,-0.18476157164588394,0.9115365042075131,-0.4629978041044806,3.602211028074843,-2.4683534908921083
4.78,18,0.2907731388276886,0.17156995088734914,0.5673349762439904,-0.8721655132923509,1.618649368360444,1.558887389528654,-0.16676320447280193,0.8991551930514489,-0.48874330596666316,3.5970241254888613,-2.484053815935629
4.785,18,0.2957731388276885,0.17452018816819057,0.575123197628991,-0.8729543902128356,1.623114030425579,1.5563799768264308,-0.1487924420714198,0.8866971329052492,-0.5141685026128813,3.59117021464865,-2.499054026724029
4.79,18,0.3007731388276884,0.17747042544903202,0.5828985654659316,-0.8736534892538641,1.62751621758687,1.5537462361066898,-0.1308526030542016,0.8741658102435231,-0.5392747367601567,3.584655867076985,-2.513359761923865
4.795,18,0.3057731388276883,0.18042066272987345,0.5906604520961609,-0.8742629732604348,1.6318555721891899,1.5509877588251326,-0.1129469731759983,0.8615646833475477,-0.5640633511255095,3.5774876542966445,-2.526976660201696
4.8,18,0.3107731388276882,0.18337090001071488,0.5984082378015226,-0.8747830214241765,1.6361317537983344,1.5481061297238763,-0.09507880533404589,0.8488971823052658,-0.5885356884259618,3.5696721478304054,-2.5399103602240793
4.805,18,0.3157731388276881,0.1863211372915563,0.606141310770787,-0.8752138291190604,1.640344439060056,1.5451029268314531,-0.0772513195679669,0.8361667090112889,-0.6126930913785354,3.5612159192010444,-2.5521665006575716
4.8100000000000005,18,0.3207731388276889,0.18927137457239826,0.6138590670660842,-0.8755556077371115,1.6444933215590969,1.5419797214628088,-0.05946770305976696,0.8233766371668926,-0.6365369027002551,3.5521255399313376,-2.563750720168735
4.815,18,0.32577313882768877,0.1922216118532397,0.621560910589331,-0.8758085845241207,1.648578111678221,1.5387380782193065,-0.0417311101338471,0.8105303122800261,-0.6600684651081337,3.5424075815440657,-2.5746686574241204
4.82,18,0.33077313882768866,0.19517184913408112,0.6292462530486714,-0.8759730024153571,1.65259853645725,1.5353795549887221,-0.024044662256984997,0.7976310516653005,-0.6832891213191966,3.5320686155620047,-2.5849259510902898
4.825,18,0.33577313882768856,0.19812208641492254,0.6369145139249027,-0.8760491198712796,1.6565543394520956,1.5319057029452476,-0.006411448038347699,0.7846821444439949,-0.706200214050466,3.5211152135079304,-2.5945282398337994
4.83,18,0.34077313882768845,0.20107232369576397,0.6445651204379094,-0.876037210713249,1.660445280593792,1.528318066549489,0.011165476770511518,0.7716868515440565,-0.7288030860189618,3.5095539469046217,-2.603481162321208
4.835,18,0.34577313882768834,0.2040225609766054,0.6521975075130948,-0.8759375639592395,1.664271136047529,1.5246181835484678,0.028683089275653557,0.7586484057000994,-0.7510990799417071,3.497391387274855,-2.6117903572190735
4.84,18,0.35077313882768824,0.20697279825744683,0.6598111177478138,-0.8757504836595513,1.6680316980716876,1.5208075849756202,0.046138399440753354,0.7455700114534046,-0.7730895385357212,3.484634106141407,-2.619461463193952
4.845,18,0.35577313882768813,0.20992303553828826,0.6674054013778038,-0.875476288732522,1.6717267748768712,1.5168877951507966,0.06352845008709884,0.7324548451519209,-0.7947758045180268,3.471288675027055,-2.626500118912403
4.8500000000000005,18,0.3607731388276889,0.2128732728191302,0.6749798162436195,-0.8751153128002387,1.67535619048494,1.5128603316802636,0.08085031689359592,0.7193060549502619,-0.8161592206056479,3.457361665454575,-2.6329119630409843
4.855,18,0.3657731388276888,0.21582351009997164,0.6825338277570586,-0.8746679040242503,1.6789197845880426,1.5087267054567026,0.0981011083967547,0.7061267608097149,-0.8372411295155997,3.4428596489467487,-2.6387026342462527
4.86,18,0.3707731388276887,0.21877374738081307,0.6900669088676026,-0.8741344249412787,1.6824174124076519,1.5044884206592088,0.11527796599070812,0.692920054498228,-0.8580228739649054,3.4277891970263505,-2.6438777711947656
4.865,18,0.3757731388276886,0.2217239846616545,0.6975785400288428,-0.8735152522989311,1.6858489445535971,1.5001469747532932,0.13237806392720092,0.6796889995904182,-0.878505796670588,3.4121568812161582,-2.648443012553081
4.87,18,0.3807731388276885,0.22467422194249592,0.705068209164914,-0.8728107768914123,1.6892142668830972,1.4957038584908808,0.1493986093155907,0.6664366314675704,-0.8986912403496676,3.395969273038948,-2.6524039969877573
4.875,18,0.3857731388276884,0.22762445922333735,0.7125354116369272,-0.8720214033952358,1.6925132803597938,1.4911605559103125,0.16633684212284924,0.6531659573176364,-0.9185805477191665,3.379232944017498,-2.6557663631653528
4.88,18,0.39077313882768827,0.23057469650417878,0.7199796502094008,-0.8711475502049368,1.6957459009127855,1.4865185443363438,0.1831900351735625,0.6398799561352351,-0.9381750614961047,3.361954465674584,-2.658535749752423
4.885,18,0.39577313882768816,0.2335249337850202,0.7274004350166929,-0.870189649268783,1.6989120592956604,1.4817792943801444,0.19995549414993005,0.6265815787216527,-0.9574761243975043,3.344140409532986,-2.660717795415528
4.89,18,0.40077313882768806,0.23647517106586163,0.7347972835294339,-0.8691481459244872,1.7020117009455293,1.4769442699392996,0.2166305575917654,0.6132737476848428,-0.9764850791403871,3.325797347115479,-2.6623181388212243
4.8950000000000005,18,0.40577313882768884,0.2394254083467036,0.7421697205209588,-0.8680234987349191,1.7050447858420612,1.4720149281978088,0.23321259689649831,0.5999593574394234,-0.9952032684417766,3.3069318499448386,-2.66334241863607
4.9,18,0.41077313882768873,0.24237564562754502,0.7495172780337356,-0.8668161793238176,1.7080112883665115,1.4669927196260886,0.24969901631916538,0.5866412742066873,-1.0136320350186878,3.2875504895438468,-2.6637962735266223
4.905,18,0.4157731388276886,0.24532588290838644,0.7568394953458034,-0.8655266722115019,1.7109111971607618,1.461879087980968,0.2660872529724237,0.5733223360145873,-1.0317727215881454,3.267659837435278,-2.6636853421594395
4.91,18,0.4207731388276885,0.24827612018922787,0.7641359189372009,-0.8641554746505842,1.7137445149863488,1.4566754703056917,0.28237477682654266,0.5600053526977455,-1.049626670867171,3.2472664651419096,-2.6630152632010793
4.915,18,0.4257731388276884,0.25122635747006933,0.7714061024563988,-0.8627030964616806,1.7165112585834996,1.451383296929919,0.29855909070940523,0.5466931058974515,-1.0671952255727857,3.2263769441865207,-2.6617916753180992
4.92,18,0.4307731388276883,0.25417659475091076,0.7786496066867322,-0.8611700598691252,1.7192114585301639,1.4460039914697245,0.3146377303065085,0.5333883490616618,-1.08447972842201,3.204997846091885,-2.660020217177059
4.925,18,0.4357731388276882,0.2571268320317522,0.7858659995128322,-0.8595568993366789,1.7218451591010477,1.440538970827598,0.3306082641609627,0.5200938074450006,-1.1014815221318672,3.1831357423807827,-2.657706527444512
4.93,18,0.4407731388276881,0.2600770693125936,0.793054855887059,-0.8578641614032442,1.7244124181266474,1.4349896451924433,0.34646829367349263,0.5068121781087587,-1.1182019494193762,3.1607972045759896,-2.654856244787019
4.9350000000000005,18,0.4457731388276889,0.26302730659343554,0.8002157577959345,-0.8560924045185752,1.7269133068522826,1.429357418039579,0.36221545310243985,0.49354612992089236,-1.1346423530015621,3.1379888042002797,-2.6514750078711375
4.94,18,0.45077313882768877,0.26597754387427697,0.8073482942265687,-0.854242198878991,1.729347909797128,1.423643686130741,0.3778474095637507,0.4802983035560322,-1.1508040755954414,3.114717112776438,-2.647568455363425
4.945,18,0.45577313882768866,0.2689277811551184,0.8144520611331013,-0.8523141262630867,1.7317163246132496,1.417849839514077,0.39336186303099446,0.46707131149546793,-1.1666884599180367,3.0909887018272375,-2.6431422259304407
4.95,18,0.46077313882768856,0.2718780184359598,0.8215266614031268,-0.8503087798674447,1.7340186619446358,1.4119772615241513,0.4087565463353516,0.4538677380271593,-1.1822968486863707,3.066810142875455,-2.638201958238738
4.955,18,0.46577313882768845,0.27482825571680125,0.8285717048241285,-0.8482267641423488,1.7362550452862322,1.4060273287819423,0.42402922516561514,0.4406901392457346,-1.1976305846174633,3.0421880074438685,-2.63275329095488
4.96,18,0.47077313882768834,0.2777784929976427,0.8355868080499106,-0.8460686946274936,1.7384256108429732,1.4000014111948438,0.43917769806819457,0.4275410430524872,-1.2126910104283368,3.0171288670552543,-2.626801862745421
4.965,18,0.47577313882768824,0.2807287302784841,0.8425715945670311,-0.8438351977876983,1.7405305073888169,1.3939008719566641,0.4541997964471102,0.41442294915537914,-1.2274794688360118,2.991639293232391,-2.6203533122769205
4.97,18,0.48077313882768813,0.28367896755932553,0.849525694661232,-0.8415269108486181,1.7425698961257778,1.3877270675476276,0.4690933845639987,0.4013383290690395,-1.2419973025575102,2.9657258574980556,-2.613413278215936
4.9750000000000005,18,0.4857731388276889,0.2866292048401675,0.8564487453838744,-0.8391444816324547,1.7445439505429605,1.3814813477343704,0.4838563595381116,0.38828962611476114,-1.2562458543098556,2.939395131375019,-2.605987399229021
4.98,18,0.4907731388276888,0.28957944212100895,0.8633403905183644,-0.8366885683936719,1.7464528562755919,1.3751650555699484,0.49848665134630776,0.37527925542051305,-1.2702264668100647,2.912653686386071,-2.5980813139827403
4.985,18,0.4957731388276887,0.2925296794018504,0.8702002805465936,-0.834159839654703,1.7482968109640562,1.3687795273938288,0.5129822228230664,0.3623096039209227,-1.2839404827751604,2.885508094053981,-2.589700661143647
4.99,18,0.5007731388276886,0.2954799166826918,0.8770280726153658,-0.8315589740416657,1.7500760241129272,1.3623260928318937,0.5273410696604794,0.3493830303572874,-1.2973892449221638,2.8579649259015274,-2.580851079378301
4.995,18,0.5057731388276885,0.29843015396353323,0.8838234305028294,-0.8288866601200732,1.751790716950002,1.3558060747964424,0.541561220408252,0.33650186527757253,-1.3105740959680972,2.8300307534514877,-2.571538207353259
5.0,18,0.5107731388276884,0.30138039124437466,0.8905860245849114,-0.8261435962305458,1.7534411222853334,1.3492207894861865,0.5556407364737023,0.32366841103641053,-1.3234963786299814,2.801712148226639,-2.5617676837350793
5.005,18,0.5157731388276883,0.3043306285252161,0.8973155318017478,-0.823330490324524,1.7550274843702653,1.3425715463862544,0.5695777121217644,0.3108849417951002,-1.336157435624838,2.7730156817497584,-2.5515451471903186
5.01,18,0.5207731388276882,0.3072808658060575,0.9040116356241165,-0.8204480597999786,1.7565500587564638,1.3358596482681886,0.5833702744749841,0.298153703521608,-1.348558609669688,2.743947925543623,-2.5408762363855346
5.015,18,0.5257731388276881,0.31023110308689894,0.9106740260198687,-0.8174970313371241,1.7580091121549517,1.3290863911899462,0.5970165835135222,0.28547691399056796,-1.3607012434815522,2.714515451131011,-2.5297665899872888
5.0200000000000005,18,0.5307731388276888,0.31318134036774087,0.9173023994203634,-0.8144781407341297,1.7594049222951422,1.3222530644958987,0.6105148320751564,0.2728567627832783,-1.372586679777454,2.684724830034693,-2.518221846662131
5.025,18,0.5357731388276887,0.3161315776485823,0.9238964586868932,-0.8113921327428335,1.7607377777838706,1.3153609508168358,0.6238632458552693,0.26029541128771205,-1.3842162612744127,2.6545826337774576,-2.5062476450766273
5.03,18,0.5407731388276886,0.3190818149294237,0.9304559130771247,-0.8082397609044503,1.7620079779644295,1.3084113260699581,0.6370600834068667,0.24779499269850272,-1.395591330689449,2.6240954338820752,-2.493849623897332
5.035,18,0.5457731388276885,0.32203205221026515,0.9369804782115252,-0.805021787385287,1.7632158327756011,1.301405459458883,0.650103636140564,0.23535761201695185,-1.4067132307395853,2.5932698018713274,-2.4810334217908037
5.04,18,0.5507731388276884,0.32498228949110664,0.943469876039796,-0.8017389828124528,1.7643616626106913,1.2943446134736423,0.6629922283245923,0.22298534605102907,-1.417583304141843,2.562112309267985,-2.4678046774235973
5.045,18,0.5557731388276883,0.32793252677194806,0.9499238348073049,-0.7983921261095729,1.7654457981765617,1.2872300438906827,0.6757242170847942,0.2106802434153727,-1.4282028936132423,2.5306295275948307,-2.454169029462272
5.05,18,0.5607731388276882,0.3308827640527895,0.9563420890215175,-0.7949820043324978,1.7664685803526639,1.2800629997728665,0.688297992404628,0.19844432453128638,-1.438573341870806,2.498828028374639,-2.440132116573388
5.055,18,0.5657731388276881,0.3338330013336309,0.9627243794184303,-0.7915094125050176,1.7674303600500734,1.27284472346947,0.700711977125166,0.1862795816267412,-1.448695991631555,2.4667143831301876,-2.4256995774235013
5.0600000000000005,18,0.5707731388276889,0.33678323861447285,0.9690704529290028,-0.7879751534545721,1.7683314980705214,1.2655764506161833,0.7129646269450954,0.17418797873637407,-1.4585721856125113,2.4342951633842493,-2.410877050679167
5.065,18,0.5757731388276888,0.3397334758953143,0.9753800626455862,-0.7843800376479655,1.7691723649654292,1.2582594101351152,0.7250544304207123,0.16217145170149438,-1.4682032665306932,2.4015769406596097,-2.3956701750069462
5.07,18,0.5807731388276887,0.3426837131761557,0.9816529677883612,-0.7807248830270747,1.7699533408949417,1.2508948242347862,0.7369799089659311,0.1502319081700737,-1.4775905771031252,2.3685662864790453,-2.3800845890733964
5.075,18,0.5857731388276886,0.34563395045699713,0.9878889336717663,-0.7770105148445632,1.7706748154869598,1.243483908410132,0.7487396168522806,0.13837122759675202,-1.4867354600468254,2.335269772365328,-2.3641259315450744
5.08,18,0.5907731388276884,0.34858418773783856,0.9940877316709303,-0.7732377654995936,1.7713371876961745,1.2360278714425041,0.7603321412089002,0.12659126124283718,-1.4956392580788187,2.3016939698412395,-2.3477998410885386
5.085,18,0.5957731388276883,0.35153442501868,1.0002491391881052,-0.769407474373538,1.7719408656631,1.2285279153996684,0.771756102022546,0.11489383217630338,-1.5043033139161244,2.267845450429553,-2.3311119563703477
5.09,18,0.6007731388276882,0.3544846622995214,1.006372939619098,-0.7655204876656914,1.772486266573107,1.2209852356358062,0.783010152137587,0.10328073527179261,-1.5127289702757636,2.2337307856530497,-2.314067916057058
5.095,18,0.6057731388276881,0.35743489958036284,1.012458922319702,-0.7615776582289822,1.7729738165154565,1.2134010207915125,0.794092977256006,0.09175373721061475,-1.5209175698747588,2.1993565470345047,-2.296673358815226
5.1000000000000005,18,0.6107731388276889,0.3603851368612048,1.0185068825721313,-0.7575798454056845,1.773403950342332,1.2057764527937966,0.8050032959374018,0.08031457648074151,-1.5288704554301304,2.1647293060966857,-2.2789339233114076
5.105,18,0.6157731388276888,0.36333537414204625,1.0245166215514472,-0.7535279148631328,1.7737771115278735,1.1981127068560877,0.8157398595989803,0.06896496337682452,-1.5365889696588997,2.1298556343623907,-2.2608552482121693
5.11,18,0.6207731388276887,0.3662856114228877,1.0304879462919978,-0.7494227384294286,1.7740937520272118,1.190410951478224,0.8263014525155692,0.057706580000168844,-1.5440744552780885,2.0947421033543816,-2.2424429721840604
5.115,18,0.6257731388276886,0.3692358487037291,1.0364206696538456,-0.7452651939291568,1.7743543321355002,1.1826723484464616,0.8366868918196056,0.04654108025875473,-1.551328255004717,2.0593952845954426,-2.223702733893643
5.12,18,0.6307731388276885,0.37218608598457054,1.0423146102891998,-0.7410561650190955,1.774559320346949,1.1748980528334694,0.8468950275011428,0.0354700898672256,-1.558351711555807,2.0238217496083473,-2.2046401720074726
5.125,18,0.6357731388276884,0.37513632326541196,1.0481695926088495,-0.7367965410239291,1.7747091932138574,1.1670892129983346,0.8569247424078467,0.024495206346895858,-1.5651461676483804,1.9880280699158752,-2.185260925192109
5.13,18,0.6407731388276883,0.3780865605462534,1.053985446748595,-0.7324872167719588,1.7748044352056493,1.1592469705865558,0.8667749522449966,0.013617999025743049,-1.5717129659994575,1.952020817040802,-2.16557063211411
5.135,18,0.6457731388276882,0.3810367978270948,1.0597620085356798,-0.7281290924308159,1.774845538567904,1.1513724605300477,0.8764446055754874,0.0028400090384154667,-1.5780534493260616,1.9158065625059044,-2.1455749314400294
5.14,18,0.6507731388276881,0.38398703510793625,1.0654991194552241,-0.723723073343173,1.7748330031813917,1.143466811047141,0.8859326838198267,-0.007837250673774407,-1.5841689603452107,1.8793918778339596,-2.125279461836427
5.1450000000000005,18,0.6557731388276888,0.3869372723887782,1.0711966266166555,-0.7192700698624558,1.7747673364211045,1.1355311436425786,0.8952382012561381,-0.018412295362845447,-1.5900608417739301,1.842783334547739,-2.1046898619698604
5.15,18,0.6607731388276887,0.3898875096696196,1.0768543827201393,-0.7147709971885571,1.7746490530152923,1.127566573107523,0.9043602050201531,-0.02888366847414683,-1.5957304363292382,1.8059875041700344,-2.0838117705068893
5.155,18,0.6657731388276886,0.39283774695046103,1.0824722460230152,-0.7102267752035448,1.7744786749044945,1.1195742075195478,0.9132977751052233,-0.03924994164636355,-1.6011790867281568,1.7690109582236149,-2.062650826114074
5.16,18,0.6707731388276885,0.39578798423130246,1.088050080306226,-0.705638328307377,1.7742567311005735,1.1115551482426407,0.9220500243623123,-0.0495097147115151,-1.6064081356877056,1.7318602682312574,-2.0412126674579634
5.165,18,0.6757731388276884,0.3987382215121439,1.0935877548407502,-0.701006585253613,1.7739837575457487,1.103510489927208,0.9306160984999967,-0.059661615694948655,-1.611418925924909,1.694542005715741,-2.0195029332051226
5.17,18,0.6807731388276883,0.4016884587929853,1.0990851443540346,-0.6963324789851247,1.7736602969716286,1.0954413205100677,0.9389951760844688,-0.06970430081534904,-1.6162128001567866,1.65706274219984,-1.9975272620221067
5.175,18,0.6857731388276882,0.40463869607382674,1.1045421289964263,-0.6916169464698095,1.7732868987582464,1.0873487212144544,0.9471864685395323,-0.07963645448473032,-1.620791101100362,1.619429049206335,-1.975291292575475
5.18,18,0.6907731388276881,0.40758893335466817,1.109958594307604,-0.6868609285363018,1.7728641187930907,1.0792337665500165,0.9551892201466068,-0.08945678930844109,-1.625155171472653,1.581647498258,-1.9528006635317825
5.1850000000000005,18,0.6957731388276889,0.41053917063551015,1.1153344311830122,-0.6820653697096832,1.77239251933014,1.071097524312817,0.9630027080447264,-0.0991640460851652,-1.6293063539906827,1.5437246608776083,-1.9300610135575866
5.19,18,0.7007731388276888,0.4134894079163516,1.1206695358402887,-0.6772312180471997,1.7718726688488968,1.0629410555853371,0.9706262422305353,-0.10875699380691187,-1.6332459913714712,1.5056671085879474,-1.907077981319448
5.195,18,0.7057731388276887,0.416439645197193,1.1259638097857028,-0.672359424973967,1.7713051419134198,1.0547654147364696,0.9780591655582951,-0.11823442965903028,-1.6369754263320426,1.4674814129117908,-1.8838572054839255
5.2,18,0.7107731388276886,0.41938988247803444,1.1312171597805825,-0.6674509451186859,1.7706905190313575,1.0465716494215227,0.9853008537398799,-0.12759517902019912,-1.640496001589414,1.429174145371915,-1.8604043247175759
5.205,18,0.7157731388276884,0.42234011975887586,1.13642949780775,-0.6625067361493547,1.7700293865129824,1.038360800582219,0.9923507153447789,-0.13683809546243195,-1.64380905986061,1.3907518774910965,-1.8367249776869532
5.21,18,0.7207731388276883,0.4252903570397173,1.1416007410379507,-0.6575277586089798,1.7693223363302224,1.030133902446699,0.9992081918000937,-0.14596206075107218,-1.6469159438626502,1.3522211807921123,-1.8128248030586194
5.215,18,0.7257731388276882,0.4282405943205587,1.1467308117962869,-0.6525149757512877,1.7685699659756962,1.0218919825295134,1.0058727573905408,-0.15496598484479923,-1.6498179963125572,1.313588626797743,-1.7887094394991296
5.22,18,0.7307731388276881,0.43119083160140015,1.1518196375286507,-0.6474693533764375,1.7677728783217457,1.0136360616316318,1.0123439192584505,-0.16384880589562273,-1.652516559927352,1.274860787030759,-1.7643845256750406
5.2250000000000005,18,0.7357731388276889,0.43414106888224213,1.156867150768155,-0.6423918596667322,1.7669316814794687,1.0053671538404356,1.0186212174037663,-0.1726094902488873,-1.6550129774240558,1.2360442330139378,-1.7398557002529125
5.23,18,0.7407731388276888,0.43709130616308356,1.1618732891015628,-0.637283465022333,1.7660469886577546,0.9970862665297254,1.0247042246840452,-0.18124703244326693,-1.6573085915196883,1.197145536270067,-1.7151286018993048
5.235,18,0.7457731388276887,0.440041543443925,1.166837995135726,-0.6321451418969671,1.7651194180223135,0.9887944003597127,1.0305925468144592,-0.18976045521077153,-1.659404744931272,1.1581712683219163,-1.6902088692807737
5.24,18,0.7507731388276886,0.4429917807247664,1.1717612164640117,-0.6269778646336425,1.7641495925547155,0.9804925492770244,1.0362858223677949,-0.19814880947674385,-1.6613027803758296,1.1191280006922628,-1.6651021410638727
5.245,18,0.7557731388276885,0.44594201800560784,1.176642905632736,-0.6217826093003593,1.7631381399114174,0.9721817005147045,1.0417837227744504,-0.20641117435985679,-1.6630040405703796,1.0800223049038882,-1.6398140559151666
5.25,18,0.7607731388276884,0.44889225528644927,1.1814830201075976,-0.6165603535258214,1.7620856922828014,0.9638628345922094,1.04708595232244,-0.21454665717211915,-1.6645098682319448,1.0408607524795643,-1.61435025250121
5.255,18,0.7657731388276883,0.4518424925672907,1.1862815222401075,-0.611312076335149,1.760992886252205,0.955536925315412,1.0521922481573907,-0.22255439341887107,-1.6658216060775468,1.0016499149420726,-1.5887163694885578
5.26,18,0.7707731388276882,0.4547927298481321,1.1910383792340213,-0.6060387579855895,1.7598603626549574,0.9472049397765989,1.057102380282544,-0.2304335467987848,-1.6669405968242057,0.962396363814185,-1.5629180455437697
5.265,18,0.7757731388276881,0.45774296712897355,1.195753563111774,-0.6007413798022309,1.7586887664374082,0.9388678383544734,1.0618161515587532,-0.23818330920386613,-1.6678681831889464,0.9231066706186882,-1.5369609193334068
5.2700000000000005,18,0.7807731388276888,0.4606932044098155,1.2004270506809094,-0.5954209240137108,1.7574787465159671,0.9305265747141507,1.0663333977044893,-0.2458029007194544,-1.6686057078887846,0.8837874068783391,-1.5108506295240212
5.275,18,0.7857731388276887,0.4636434416906569,1.2050588235005113,-0.5900783735879345,1.756230955636131,0.9221820958071645,1.0706539872958338,-0.25329156962421917,-1.6691545136407449,0.8444451441159404,-1.4845928147821768
5.28,18,0.7907731388276886,0.46659367897149834,1.2096488678476391,-0.5847147120677794,1.7549460502315224,0.9138353418714616,1.074777821766483,-0.26064859239016624,-1.6695159431618491,0.8050864538542564,-1.4581931137744262
5.285,18,0.7957731388276885,0.46954391625233977,1.2141971746837579,-0.5793309234068109,1.7536246902829185,0.9054872464314025,1.0787048354077489,-0.267873273682631,-1.6696913391691164,0.7657179076160652,-1.431657165167328
5.29,18,0.8007731388276884,0.4724941535331812,1.21870373962117,-0.5739279918049948,1.7522675391772875,0.8971387362977654,1.082434995368554,-0.2749649463602842,-1.6696820443795692,0.7263460769241459,-1.4049906076274443
5.295,18,0.8057731388276883,0.4754443908140226,1.223168562889448,-0.5685069015444079,1.75087526356682,0.8887907315677404,1.0859683016554385,-0.2819229714751281,-1.6694894015102286,0.6869775333012753,-1.3781990798213275
5.3,18,0.8107731388276882,0.47839462809486405,1.2275916493018657,-0.5630686368249491,1.7494485332279648,0.8804441456249346,1.0893047871325534,-0.2887467382724975,-1.6691147532781156,0.6476188482702289,-1.3512882204155388
5.305,18,0.8157731388276881,0.4813448653757055,1.2319730082218319,-0.5576141816000543,1.7479880209204595,0.8720998851393691,1.0924445175216648,-0.2954356641910615,-1.668559442400253,0.6082765933537847,-1.3242636680766309
5.3100000000000005,18,0.8207731388276889,0.48429510265654746,1.2363126535293223,-0.5521445194124047,1.7464944022463649,0.8637588500674789,1.0953875914021538,-0.3019891948628212,-1.6678248115936603,0.5689573400747143,-1.2971310614711635
5.315,18,0.8257731388276888,0.4872453399373889,1.2406106035873081,-0.5466606332296435,1.7449683555090998,0.8554219336521179,1.0981341402110123,-0.30840680411310767,-1.666912203575359,0.5296676599558071,-1.2698960392657002
5.32,18,0.8307731388276887,0.4901955772182303,1.2448668812081927,-0.541163505280082,1.7434105615724715,0.8470900224225499,1.10068432824285,-0.3146879939605889,-1.665822961062371,0.49041412451983224,-1.2425642401267942
5.325,18,0.8357731388276886,0.49314581449907174,1.249081513620242,-0.5356541168884152,1.7418217037197112,0.8387639961944569,1.1030383526498866,-0.32083229461726376,-1.6645584267717188,0.4512033052895702,-1.2151413027210034
5.33,18,0.8407731388276884,0.49609605177991317,1.2532545324340159,-0.5301334483114338,1.7402024675125078,0.8304447280699343,1.1051964434419597,-0.3268392644884649,-1.6631199434204202,0.41204177378779766,-1.1876328657148878
5.335,18,0.8457731388276883,0.4990462890607546,1.257385973608801,-0.5246024785737341,1.7385535406500379,0.8221330844374923,1.1071588634865168,-0.3327084901728565,-1.6615088537254992,0.37293610153729023,-1.1600445677749998
5.34,18,0.8507731388276882,0.501996526341596,1.261475877419042,-0.519062185303432,1.7368756128280038,0.813829924972057,1.1089259085086227,-0.33843958646243544,-1.6597265004039765,0.33389286006082824,-1.1323820475679014
5.345,18,0.8557731388276881,0.5049467636224374,1.2655242884207751,-0.5135135445678733,1.7351693755976627,0.8055361026349691,1.1104979070909535,-0.3440321963425329,-1.6577742261728752,0.29491862088118603,-1.104650943760151
5.3500000000000005,18,0.8607731388276889,0.5078970009032794,1.2695312554180587,-0.5079575307093458,1.733435522224862,0.7972524636739818,1.1118752206738003,-0.34948599099181393,-1.6556533737492107,0.25601995552113294,-1.0768568950182977
5.355,18,0.8657731388276888,0.5108472381841208,1.2734968314294053,-0.5023951161807959,1.7316747475490752,0.7889798476232688,1.113058243555069,-0.35480066978227187,-1.6533652858500123,0.21720343550346297,-1.0490055400089144
5.36,18,0.8707731388276887,0.5137974754649622,1.2774210736542158,-0.49682727138153115,1.7298877478424284,0.7807190873034133,1.1140474028902767,-0.359975960279234,-1.6509113051922957,0.17847563235094543,-1.0211025173985488
5.365,18,0.8757731388276886,0.5167477127458037,1.2813040434392085,-0.49125496449294015,1.7280752206687404,0.7724710088214145,1.114843158692558,-0.36501161824136674,-1.6482927744930826,0.13984311758635337,-0.9931534658537591
5.37,18,0.8807731388276885,0.5196979500266451,1.2851458062448546,-0.4856791613142015,1.726237864742553,0.7642364315706893,1.1154460038326584,-0.36990742762066,-1.6455110364693972,0.10131246273246969,-0.9651640240411041
5.375,18,0.8857731388276884,0.5226481873074865,1.2889464316118069,-0.48010082509799523,1.7243763797881626,0.756016168231067,1.1158564640389388,-0.3746632005624412,-1.6425674338382574,0.06289023931207363,-0.9371398306271432
5.38,18,0.8907731388276883,0.525598424588328,1.2927059931273337,-0.47452091638621763,1.7224914663986595,0.7478110247687916,1.1160750978973735,-0.3792787774053724,-1.6394633093166875,0.024583018847934485,-0.9090865242784341
5.385,18,0.8957731388276882,0.5285486618691694,1.2964245683917508,-0.4689403928456879,1.7205838258949535,0.739621800436523,1.116102496851549,-0.38375402668144487,-1.6362000056217079,-0.013602627137164813,-0.8810097436615335
5.39,18,0.9007731388276881,0.5314988991500108,1.3001022389848536,-0.463360209103866,1.7186541601848138,0.7314492877733356,1.1159392852026702,-0.3880888451159849,-1.632778865470339,-0.051660127120447534,-0.8529151274429956
5.3950000000000005,18,0.9057731388276888,0.5344491364308528,1.3037390904323491,-0.4577813165845599,1.716703171621898,0.7232942726047177,1.1155861201095534,-0.39228315762765037,-1.6292012315796018,-0.0895829095791456,-0.8248083142893795
5.4,18,0.9107731388276887,0.5373993737116942,1.307335212172285,-0.45220466334364184,1.7147315628647886,0.7151575340425759,1.1150436915886255,-0.3963369173284319,-1.6254684466665181,-0.12736440299046867,-0.7966949428672505
5.405,18,0.9157731388276886,0.5403496109925356,1.3108906975214885,-0.44663119390475536,1.7127400367360226,0.7070398444852288,1.114312722513931,-0.40025010552365214,-1.6215818534481092,-0.16499803583163875,-0.7685806518431628
5.41,18,0.9207731388276885,0.5432998482733771,1.3144056436419926,-0.4410618490950313,1.7107292960811296,0.6989419696174084,1.1133939686171312,-0.40402273171197123,-1.6175427946413978,-0.2024772365798915,-0.7404710798836632
5.415,18,0.9257731388276884,0.5462500855542185,1.31788015150747,-0.4354975658807976,1.7087000436276607,0.6908646684102665,1.1122882184874925,-0.40765483358537535,-1.613352612963403,-0.2397954337124378,-0.7123718656553232
5.42,18,0.9307731388276883,0.5492003228350599,1.3213143258696651,-0.4299392772032924,1.7066529818442246,0.6828086931213659,1.110996293571903,-0.41114647702918583,-1.609012651131148,-0.2769460557065059,-0.6842886478246992
5.425,18,0.9357731388276882,0.5521505601159014,1.324708275224827,-0.4243879118143732,1.70458881279952,0.6747747892946839,1.109519048174863,-0.4144977561220619,-1.6045242518616514,-0.313922531039319,-0.6562270650583408
5.43,18,0.9407731388276881,0.5551007973967428,1.3280621117801392,-0.4188443941122346,1.7025082380213687,0.6667636957606157,1.1078573694584837,-0.4177087931359898,-1.5998887578719365,-0.35071828818810036,-0.6281927560228118
5.4350000000000005,18,0.9457731388276889,0.5580510346775848,1.3313759514201555,-0.4133096439771129,1.7004119583557489,0.6587761446359691,1.1060121774424925,-0.420779738536286,-1.5951075118790252,-0.38732675563007085,-0.6001913593846641
5.44,18,0.9507731388276888,0.5610012719584262,1.3346499136732268,-0.40778457660700473,1.6983006738258302,0.6508128613239684,1.1039844250042317,-0.42371077098160814,-1.590181856599938,-0.42374136184245365,-0.572228513810464
5.445,18,0.9557731388276887,0.5639515092392676,1.3378841216779387,-0.4022701023533748,1.696175083491004,0.6428745645142517,1.1017750978786551,-0.4265020973239414,-1.5851131347516945,-0.45995553530246835,-0.5443098579667683
5.45,18,0.9607731388276886,0.566901746520109,1.3410787021495396,-0.39676712655686863,1.69403588530592,0.634961966182872,1.099385214658332,-0.42915395260860406,-1.579902689051319,-0.4959627044873382,-0.5164410305201288
5.455,18,0.9657731388276884,0.5698519838009505,1.3442337853463748,-0.3912765493830248,1.6918837759795164,0.6270757715922977,1.0968158267934454,-0.43166660007424884,-1.5745518622158314,-0.5317562978742915,-0.48862767013710445
5.46,18,0.9707731388276883,0.5728022210817919,1.3473495050363182,-0.38579926565798783,1.6897194508340558,0.6192166792914102,1.0940680185917913,-0.43404033115285984,-1.5690619969622535,-0.5673297439405514,-0.4608754154842594
5.465,18,0.9757731388276882,0.5757524583626333,1.3504259984632034,-0.3803361647042185,1.6875436036641571,0.6113853811155109,1.0911429072187793,-0.4362754654697516,-1.5634344360076047,-0.6026764711633287,-0.4331899052281429
5.47,18,0.9807731388276881,0.5787026956434748,1.3534634063132573,-0.37488813017620615,1.6853569265958295,0.6035825621863088,1.0880416426974353,-0.43837235084357923,-1.5576705220689062,-0.6377899080198592,-0.4055767780353165
5.4750000000000005,18,0.9857731388276889,0.5816529329243167,1.3564618726815312,-0.36945603989618103,1.6831601099455054,0.595808900911932,1.0847654079083955,-0.44033136328632233,-1.5517715978631819,-0.6726634829873699,-0.37804167257233434
5.48,18,0.9907731388276888,0.5846031702051582,1.3594215450383322,-0.36404076568982924,1.6809538420790753,0.5880650689869253,1.0813154185899136,-0.44215290700329724,-1.545739006107453,-0.7072906245430667,-0.3505902275057606
5.485,18,0.9957731388276887,0.5875534074859996,1.3623425741956574,-0.3586431732219968,1.6787388092709177,0.5803517313922458,1.0776929233378567,-0.44383741439315244,-1.5395740895187378,-0.741664761164179,-0.3232280815021519
5.49,18,1.0007731388276886,0.590503644766841,1.3652251142736238,-0.3532641218324102,1.6765156955629354,0.5726695463952649,1.0738992036057016,-0.44538534604786856,-1.5332781908140605,-0.77577932132793,-0.29596087322806475
5.495,18,1.0057731388276885,0.5934538820476825,1.3680693226669018,-0.3479044643713809,1.6742851826235885,0.5650191655497712,1.0699355737045433,-0.44679719075275764,-1.526852652710442,-0.8096277335115433,-0.268794241350056
5.5,18,1.0107731388276884,0.5964041193285239,1.3708753600111472,-0.34256504703552393,1.672047949606926,0.5574012336959646,1.065803380803091,-0.4480734654864714,-1.520298817924902,-0.8432034261922442,-0.24173382453468215
5.505,18,1.0157731388276883,0.5993543566093653,1.3736433901494316,-0.33724670920346567,1.6698046730116223,0.5498163889604641,1.0615040049276638,-0.4492147154209867,-1.5136180291744634,-0.8764998278472537,-0.21478526144850488
5.51,18,1.0207731388276882,0.6023045938902067,1.3763735800986767,-0.33195028327155596,1.667556026540006,0.5422652627562998,1.057038858962199,-0.45022151392161686,-1.506811629176146,-0.9095103669537925,-0.1879541907580734
5.515,18,1.025773138827688,0.6052548311710482,1.3790661000160858,-0.3266765944895831,1.6653026809570979,0.5347484797829206,1.0524093886482448,-0.45109446254700564,-1.4998809606469705,-0.9422284719890865,-0.1612462511299592
5.5200000000000005,18,1.0307731388276888,0.60820506845189,1.3817211231655737,-0.32142646079648096,1.663045303949641,0.527266658026186,1.0476170725849645,-0.45183419104913125,-1.4928273663039602,-0.9746475714303614,-0.1346670812307016
5.525,18,1.0357731388276887,0.6111553057327315,1.3843388258842018,-0.3162006926560459,1.6607845599851354,0.519820408758375,1.0426634222291349,-0.45244135737330426,-1.485652188864138,-1.0067610937548255,-0.10822231972687953
5.53,18,1.0407731388276886,0.6141055430135729,1.3869193875486099,-0.3110000928926453,1.6585211101708728,0.5124103365381776,1.0375499818951477,-0.45291664765816986,-1.4783567710445205,-1.0385624674397145,-0.08191760528503726
5.535,18,1.0457731388276885,0.6170557802944143,1.3894629905414444,-0.3058254565269307,1.6562556121129661,0.5050370392107015,1.0322783287550097,-0.4532607762357024,-1.4709424555621327,-1.0700451209622517,-0.05575857657173888
5.54,18,1.0507731388276884,0.6200060175752558,1.3919698202177966,-0.30067757061154876,1.6539887197753853,0.4977011079074665,1.0268500728383347,-0.4534744856312128,-1.4634105851339942,-1.1012024827996478,-0.02975087225353608
5.545,18,1.0557731388276883,0.6229562548560973,1.394440064871629,-0.29555721406685476,1.6517210833389921,0.4904031270464102,1.0212668570323586,-0.45355854656333944,-1.4557625024771261,-1.1320279814291412,-0.0039001309969879765
5.55,18,1.0607731388276882,0.6259064921369387,1.3968739157022114,-0.2904651575166246,1.649453349060571,0.483143674331881,1.0155303570819292,-0.4535137579440629,-1.44799955030855,-1.1625150453279476,0.02178800853134877
5.555,18,1.065773138827688,0.6288567294177801,1.3992715667805495,-0.2854021631237642,1.6471861591318615,0.47592332075464966,1.0096422815895023,-0.45334094687868526,-1.4401230713452897,-1.1926571029732853,0.04730790766490762
5.5600000000000005,18,1.0707731388276889,0.631806966698622,1.4016332150158217,-0.2803689844260242,1.6449201515385958,0.4687426305918914,1.0036043720151555,-0.4530409686658482,-1.4321344083043606,-1.2224475828423838,0.07265392773714181
5.565,18,1.0757731388276888,0.6347572039794634,1.4039590601218053,-0.2753663661717114,1.642655959919528,0.46160216140720595,0.9974184026765752,-0.452614706797526,-1.4240349039027895,-1.2518799134124663,0.09782043008148729
5.57,18,1.0807731388276887,0.6377074412603049,1.4062493045833138,-0.2703950441553986,1.6403942134254703,0.45450246405060146,0.9910861807490667,-0.4520630729590256,-1.4158259008575953,-1.2809475231607548,0.12280177603138986
5.575,18,1.0857731388276886,0.6406576785411463,1.4085041536226253,-0.26545574505363967,1.6381355365783237,0.44744408265850655,0.9846095462655441,-0.45138700702898193,-1.4075087418858008,-1.3096438405644615,0.14759232692028545
5.58,18,1.0907731388276884,0.6436079158219877,1.4107238151659172,-0.2605491862606786,1.6358805491301132,0.4404275546537599,0.9779903721165347,-0.45058747707936936,-1.3990847697044269,-1.3379622941008171,0.17218644408162487
5.585,18,1.0957731388276883,0.6465581531028292,1.4129084998096966,-0.2556760757241623,1.6336298659220203,0.4334534107456168,0.9712305640501864,-0.44966547937548945,-1.3905553270304916,-1.365896312247051,0.19657848884884152
5.59,18,1.1007731388276882,0.6495083903836706,1.4150584207872332,-0.2508371117808543,1.6313840967434172,0.42652217492974853,0.964332060672254,-0.4486220383759803,-1.3819217565810198,-1.3934393234803766,0.22076282255538374
5.595,18,1.1057731388276881,0.652458627664512,1.4171737939349909,-0.24603298299234577,1.6291438461908994,0.419634364488239,0.9572968334461082,-0.44745820673281467,-1.3731854010730333,-1.4205847562780172,0.24473380653468987
5.6000000000000005,18,1.110773138827689,0.655408864945354,1.4192548376590601,-0.24126436798076356,1.626909713527319,0.412790489989586,0.9501268866927344,-0.44617506529128914,-1.3643476032235493,-1.4473260391172047,0.2684858021202133
5.605,18,1.1157731388276888,0.6583591022261954,1.4213017729015898,-0.23653193526449057,1.6246822925408189,0.4059910552887102,0.9428242575907378,-0.44477372309004326,-1.3554097057495946,-1.4736566004751523,0.29201317064537985
5.61,18,1.1207731388276887,0.6613093395070369,1.423314823107219,-0.23183634309386947,1.6224621714038643,0.3992365575269367,0.9353910161763245,-0.44325531736104795,-1.3463730513681853,-1.4995698688290846,0.31531027344364543
5.615,18,1.1257731388276886,0.6642595767878783,1.4252942141895097,-0.22717823928691772,1.6202499325322788,0.39252748713201213,0.9278292653433253,-0.441621013529596,-1.3372389827963467,-1.525059272656225,0.3383714718484409
5.62,18,1.1307731388276885,0.6672098140687197,1.4272401744973802,-0.22255826106504029,1.6180461524442744,0.38586432781809543,0.9201411408431789,-0.4398720052143305,-1.3280088427510948,-1.5501182404338016,0.3611911271932171
5.625,18,1.1357731388276884,0.6701600513495611,1.4291529347815335,-0.21797703488874154,1.6158514016194894,0.3792475565857621,0.9123288112849421,-0.4380095142272112,-1.3186839739494578,-1.5747402006390279,0.38376360081141736
5.63,18,1.1407731388276883,0.6731102886304026,1.4310327281608917,-0.21343517629333553,1.6136662443580134,0.37267764372199996,0.9043944781352795,-0.4360347905735365,-1.3092657191084542,-1.5989185817491345,0.40608325403647266
5.635,18,1.1457731388276882,0.676060525911244,1.4328797900890298,-0.20893328972465963,1.6114912386394327,0.36615505280021526,0.8963403757184802,-0.4339491124519445,-1.2997554209451032,-1.622646812241337,0.4281444482018313
5.64,18,1.150773138827688,0.6790107631920854,1.4346943583206033,-0.20447196837478554,1.609326935981853,0.35968024068022575,0.8881687712164356,-0.43175378625439564,-1.290154422176427,-1.645918320592864,0.44994154464094155
5.6450000000000005,18,1.1557731388276888,0.6819610004729274,1.4364766728777847,-0.20005179401772932,1.607173881300939,0.35325365750826365,0.8798819646686549,-0.4294501465661892,-1.2804640655194475,-1.6687265352809397,0.47146890468724184
5.65,18,1.1607731388276887,0.6849112377537688,1.4382269760166935,-0.19567333684517108,1.6050326127689438,0.34687574671698185,0.8714822889722699,-0.4270395561659565,-1.2706856936911854,-1.69106488478278,0.49272088967417055
5.655,18,1.1657731388276886,0.6878614750346103,1.4399455121938274,-0.1913371553021559,1.6029036616737462,0.3405469450254428,0.8629721098820099,-0.42452340602565813,-1.2608206494086631,-1.712926797575612,0.5136918609351736
5.66,18,1.1707731388276885,0.6908117123154517,1.441632528032496,-0.18704379592281217,1.6007875522778787,0.334267682439124,0.8543538260102314,-0.4219031153105913,-1.2508702753889034,-1.734305702136654,0.5343761798036917
5.665,18,1.1757731388276884,0.6937619495962931,1.443288272289253,-0.1827937931660648,1.5986848016775668,0.32803838224992077,0.8456298688269002,-0.41918013137938503,-1.2408359143489236,-1.7551950269431318,0.5547682076131684
5.67,18,1.1807731388276883,0.6967121868771345,1.4449129958203275,-0.17858766925134262,1.596595919661758,0.3218594610361409,0.836802702659598,-0.41635592978400343,-1.2307189090057458,-1.7755882004722756,0.5748623056970443
5.675,18,1.1857731388276882,0.699662424157976,1.4465069515480546,-0.17442593399429263,1.5945214085711585,0.31573132866250675,0.8278748246935124,-0.4134320142697376,-1.2205206020763966,-1.7954786512012957,0.5946528353887655
5.68,18,1.190773138827688,0.7026126614388174,1.4480703944273103,-0.17030908464249217,1.5924617631572606,0.3096543882801588,0.8188487649714569,-0.41040991677521416,-1.2102423362778896,-1.8148598076074176,0.6141341580217604
5.6850000000000005,18,1.1957731388276889,0.7055628987196594,1.449603581411944,-0.16623760571116142,1.5904174704413856,0.30362903632664756,0.8097270863938463,-0.4072911974323932,-1.199885454327248,-1.8337250981678805,0.6333006349294945
5.69,18,1.2007731388276888,0.7085131360005008,1.4511067714212056,-0.16221196881887545,1.5883890095737088,0.2976556625259441,0.8005123847187259,-0.40407744456657263,-1.1894512989414963,-1.8520679513598794,0.6521466274453965
5.695,18,1.2057731388276887,0.7114633732813422,1.4525802253061812,-0.1582326325232697,1.5863768516922927,0.29173464988843056,0.7912072885617328,-0.4007702746963688,-1.1789412128376564,-1.8698817956606548,0.6706664969029048
5.7,18,1.2107731388276886,0.7144136105621837,1.4540242058162287,-0.15430004215676418,1.5843814597821315,0.28586637471090265,0.7818144593961402,-0.39737133253375057,-1.1683565387327441,-1.8871600595474263,0.6888546046354724
5.705,18,1.2157731388276884,0.7173638478430251,1.4554389775654026,-0.15041462966226415,1.5824032885341681,0.2800512065765749,0.7723365915528232,-0.3938822909840014,-1.1576986193437842,-1.9038961714974243,0.7067053119765355
5.71,18,1.2207731388276883,0.7203140851238665,1.456824806998889,-0.14657681342887696,1.5804427842043383,0.2742895083550773,0.7627764122202683,-0.3903048511457497,-1.1469687973877984,-1.9200835599878527,0.7242129802595324
5.715,18,1.2257731388276882,0.723264322404708,1.4581819623594408,-0.14278699812762485,1.5785003844726035,0.2685816362024475,0.7531366814445806,-0.38664074231094786,-1.1361684155818077,-1.935715653495947,0.7413719708179164
5.72,18,1.2307731388276881,0.7262145596855494,1.4595107136538052,-0.13904557454715571,1.5765765183019813,0.26292793956114796,0.7434201921294818,-0.38289172196488913,-1.125298816642835,-1.9507858804989278,0.7581766449851134
5.7250000000000005,18,1.235773138827689,0.7291647969663912,1.4608113326191587,-0.13535291942945227,1.574671605797576,0.25732876116004705,0.7336297700363014,-0.379059575786191,-1.1143613432878938,-1.9652876694740198,0.7746213640945792
5.73,18,1.2407731388276888,0.7321150342472328,1.4620840926895384,-0.1317093953055497,1.5727860580656199,0.25178443701443215,0.7237682737839933,-0.3751461176468151,-1.1033573382340138,-1.9792144488984462,0.7907004894797596
5.735,18,1.2457731388276887,0.7350652715280742,1.4633292689622717,-0.12811535033124088,1.570920277072499,0.2462952964260095,0.7138385948491075,-0.37115318961204374,-1.0922881441982166,-1.9925596472494216,0.8064083824740832
5.74,18,1.2507731388276886,0.7380155088089156,1.464547138164413,-0.12457111812279731,1.5690746555037933,0.2408616619828919,0.7038436575658243,-0.367082661940504,-1.0811551038975147,-2.0053166930041844,0.821739404411003
5.745,18,1.2557731388276885,0.7409657460897571,1.4657379786191733,-0.12107701759267075,1.5672495766233019,0.2354838495596129,0.693786419125933,-0.36293643308414264,-1.0699595600489409,-2.0174790146399424,0.8366879166239553
5.75,18,1.2607731388276884,0.7439159833705985,1.4669020702123503,-0.11763335278520937,1.5654454141320837,0.23016216831712177,0.6836698695788286,-0.35871642968824946,-1.0587028553695088,-2.0290400406339155,0.8512482804463758
5.755,18,1.2657731388276883,0.7468662206514399,1.4680396943587641,-0.11424041271237506,1.5636625320274875,0.22489692070277567,0.6734970318315328,-0.3544246065914395,-1.0473863325762451,-2.039993199463338,0.8654148572117176
5.76,18,1.2707731388276882,0.7498164579322814,1.4691511339686874,-0.11089847118944629,1.5619012844621842,0.2196884024503541,0.6632709616486749,-0.3500629468256709,-1.036011334386162,-2.0503319196054357,0.8791820082534244
5.765,18,1.275773138827688,0.7527666952131228,1.4702366734142778,-0.1076077866707359,1.5601620156032037,0.21453690258004676,0.6529947476524961,-0.3456334616162257,-1.024579203516288,-2.060049629537422,0.8925440949049394
5.7700000000000005,18,1.2807731388276888,0.7557169324939647,1.4712965984960091,-0.10436860208530185,1.5584450594909636,0.209442703398462,0.6426715113228544,-0.3411381903817148,-1.0130912826836422,-2.069139757736523,0.9054954784996935
5.775,18,1.2857731388276887,0.7586671697748061,1.472331196409105,-0.10118114467265893,1.5567507398983078,0.20440608049862047,0.6323044069972245,-0.3365792007340994,-1.0015489146052454,-2.077595732679964,0.918030520371135
5.78,18,1.2907731388276886,0.7616174070556475,1.47334075570997,-0.09804562581848919,1.5550793701895351,0.1994273027599563,0.6218966218706871,-0.3319585884786553,-0.9899534419981237,-2.0854109828449605,0.9301435818527074
5.785,18,1.2957731388276885,0.7645676443364889,1.4743255662826227,-0.0949622408903581,1.5534312531794363,0.19450663234832374,0.6114513759959431,-0.327278477614,-0.9783062075792914,-2.0925789367087386,0.9418290242778489
5.79,18,1.3007731388276884,0.7675178816173304,1.4752859193051253,-0.09193116907341903,1.5518066809923237,0.18964432471598996,0.6009719222833049,-0.3225410203320783,-0.9666085540657755,-2.099093022748522,0.9530812089800055
5.795,18,1.3057731388276883,0.7704681188981718,1.4762221072160187,-0.08895257320613337,1.5502059349210684,0.18484062860162995,0.5904615465007035,-0.31774839701818214,-0.9548618241745931,-2.104946669441538,0.9638944972926229
5.8,18,1.3107731388276882,0.7734183561790132,1.477134423680753,-0.08602659961597925,1.548629285286131,0.18009578603034399,0.5799235672736757,-0.31290281625091465,-0.9430673606227685,-2.1101333052650038,0.9742632505491372
5.805,18,1.315773138827688,0.7763685934598547,1.478023163558119,-0.08315337795515743,1.5470769912945945,0.17541003231364272,0.5693613360853719,-0.3080065148022263,-0.9312265061273203,-2.1146463586961413,0.9841818300829891
5.8100000000000005,18,1.3207731388276889,0.7793188307406966,1.478888622866683,-0.0803330210363169,1.5455493008992012,0.17078359604944715,0.5587782372765685,-0.3030617576374,-0.919340603405269,-2.118479258212179,0.9936445972276319
5.815,18,1.3257731388276888,0.7822690680215381,1.479731098751215,-0.07756562466825412,1.5440464506573817,0.16621669912210393,0.5481776880456461,-0.29807083791504424,-0.907410995173643,-2.1216254322903283,1.002645913316494
5.82,18,1.3307731388276887,0.7852193053023795,1.4805508894491235,-0.07485126749162929,1.5425686655902933,0.16170955670236556,0.5375631384485989,-0.2930360769871025,-0.8954390241494554,-2.1240783094078246,1.011180139683024
5.825,18,1.3357731388276886,0.7881695425832209,1.4813482942568859,-0.07219001081468068,1.5411161590418447,0.15726237724740286,0.5269380713990396,-0.28795982439886325,-0.8834260330497322,-2.1258313180418833,1.0192416376606699
5.83,18,1.3407731388276884,0.7911197798640623,1.4821236134964841,-0.06958189844893425,1.5396891325377398,0.15287536250079922,0.5163060026681927,-0.28284445788892626,-0.8713733645914952,-2.1268778866697335,1.0268247685828604
5.835,18,1.3457731388276883,0.7940700171449038,1.4828771484818308,-0.0670269565449122,1.5382877756445053,0.14854870749255805,0.5056704808848934,-0.2776923833892363,-0.8592823614917615,-2.1272114437685903,1.033923893783051
5.84,18,1.3507731388276882,0.7970202544257452,1.4836092014852074,-0.06452519342785368,1.5369122658285217,0.14428260053908956,0.4950350875355937,-0.27250603502507686,-0.8471543664675533,-2.126825417815685,1.0405333745946779
5.845,18,1.3557731388276881,0.7999704917065866,1.4843200757036907,-0.06207659943341759,1.535562768315064,0.14007722324322758,0.48440343696435917,-0.267287875115047,-0.834990722235896,-2.1257132372882226,1.0466475723511768
5.8500000000000005,18,1.360773138827689,0.8029207289874286,1.485010075225591,-0.05968114674340197,1.5342394359473281,0.13593275049421327,0.4737791763728737,-0.26204039417110153,-0.8227927715137995,-2.1238683306634543,1.0522608483860134
5.855,18,1.3657731388276888,0.80587096626827,1.4856795049968765,-0.05733878922144897,1.5329424090454662,0.13184935046771196,0.4631659858204271,-0.25676611089850176,-0.8105618570183054,-2.121284126418579,1.0573675640326015
5.86,18,1.3707731388276887,0.8088212035491115,1.486328670787615,-0.055049462248763836,1.531671815265625,0.12782718462579057,0.4525675782239248,-0.2514675721958653,-0.7982993214664148,-2.117954053030831,1.061962080624399
5.865,18,1.3757731388276886,0.8117714408299529,1.4869578791583962,-0.05281308255981898,1.530427769458971,0.12386640771694618,0.44198769935789123,-0.24614735315512917,-0.7860065075751609,-2.113871538977425,1.0660387594948397
5.87,18,1.3807731388276885,0.8147216781107943,1.4875674374267698,-0.05062954807807163,1.5292103735307283,0.11996716777607798,0.4314301278544654,-0.24080805706156289,-0.773684758061563,-2.109030012735591,1.0695919619773717
5.875,18,1.3857731388276884,0.8176719153916358,1.488157653633679,-0.04849873775167857,1.528019716299211,0.11612960612450668,0.42089867520339014,-0.23545231539377884,-0.7613354156426396,-2.10342290278255,1.0726160494054382
5.88,18,1.3907731388276883,0.8206221526724772,1.4887288365098843,-0.04642051138919823,1.526855873354861,0.11235385736996611,0.41039718575203227,-0.23008278782371344,-0.7489598230354114,-2.097043637595523,1.0751053831124804
5.885,18,1.3957731388276882,0.8235723899533186,1.489281295442403,-0.04439470949530899,1.5257189069192691,0.10864004940660563,0.3999295367053618,-0.2247021622166313,-0.7365593229569042,-2.089885645651728,1.0770543244319415
5.89,18,1.400773138827688,0.82652262723416,1.4898153404409424,-0.04242115310652439,1.5246088657042245,0.10498830341498791,0.3894996381259746,-0.21931315463114623,-0.7241352581241375,-2.081942355428403,1.0784572346972598
5.8950000000000005,18,1.4057731388276888,0.829472864515002,1.4903312821043244,-0.04049964362689651,1.5235257847707366,0.10139873386209038,0.37911143293408156,-0.21391850931919837,-0.7116889712541244,-2.073207195402761,1.0793084752418862
5.9,18,1.4107731388276887,0.8324231017958434,1.4908294315869233,-0.03862996266373275,1.5224696853880686,0.09787144850131171,0.36876889690749054,-0.20852099872604274,-0.6992218050638996,-2.0636735940520214,1.0796024073992492
5.905,18,1.4157731388276886,0.8353733390766849,1.4913101005650973,-0.03681187186331236,1.521440574892779,0.09440654837245767,0.3584760386816409,-0.20312342349029064,-0.6867351022704788,-2.0533349798534095,1.0793333925027946
5.91,18,1.4207731388276885,0.8383235763575263,1.4917736012036173,-0.035045112746586504,1.5204384465477492,0.09100412780175213,0.34823689974957656,-0.19772861244388124,-0.6742302055908804,-2.042184781284151,1.078495791885973
5.915,18,1.4257731388276884,0.8412738136383677,1.4922202461221048,-0.03332940654489991,1.5194632794012155,0.08766427440182997,0.33805555446195745,-0.19233942261207776,-0.6617084577421299,-2.030216426821466,1.0770839668822207
5.92,18,1.4307731388276883,0.8442240509192092,1.4926503483614588,-0.03166445403570406,1.5185150381458061,0.08438706907175104,0.3279361100270569,-0.18695873921348008,-0.6491712014412433,-2.0174233449425816,1.0750922788249881
5.925,18,1.4357731388276882,0.8471742882000506,1.4930642213502878,-0.030049935378258175,1.5175936729775714,0.081172585996977,0.31788270651075995,-0.18158947566002875,-0.6366197794052512,-2.003798964124717,1.072515089047709
5.93,18,1.440773138827688,0.850124525480892,1.493462178871346,-0.028485509949351062,1.5166991194550212,0.07802089264939553,0.3078995168365778,-0.17623457355698216,-0.6240555343511645,-1.9893367128450896,1.0693467588838241
5.9350000000000005,18,1.4457731388276889,0.853074762761734,1.4938445350279639,-0.026970816179011203,1.515831298358152,0.07493204978729953,0.29799074678561643,-0.1708970027029418,-0.6114798089960064,-1.974030019580929,1.0655816496667792
5.94,18,1.4507731388276888,0.8560250000425754,1.4942116042104765,-0.025505471386217282,1.5149901155474879,0.0719061114554084,0.2881606349966139,-0.16557976108984285,-0.5988939460568076,-1.957872312809459,1.0612141227300151
5.945,18,1.4557731388276887,0.8589752373234169,1.4945637010626602,-0.02408907161460938,1.5141754618231105,0.06894312498484341,0.2784134529659049,-0.1602858749029537,-0.5862992882505814,-1.9408570210078977,1.056238539406978
5.95,18,1.4607731388276886,0.8619254746042583,1.494901140448163,-0.022721191468197954,1.5133872127836847,0.06604313099315127,0.2687535050474559,-0.15501839852086655,-0.5736971782943486,-1.922977572653471,1.0506492610311058
5.955,18,1.4657731388276884,0.8648757118850997,1.4952242374169356,-0.021401383947085906,1.5126252286855062,0.0632061633842887,0.259185128452829,-0.14978041451550797,-0.5610889589051326,-1.9042273962234044,1.044440648935842
5.96,18,1.4707731388276883,0.8678259491659411,1.4955333071716677,-0.02012918028317201,1.511889354301526,0.06043224934862784,0.2497126932512204,-0.14457503365214966,-0.5484759727999539,-1.8845999201949137,1.0376070644546327
5.965,18,1.4757731388276882,0.8707761864467826,1.495828665034212,-0.018904089775866106,1.5111794187803846,0.05772140936295639,0.240340602369418,-0.13940539488938095,-0.5358595626958333,-1.8640885730452152,1.0301428689209111
5.97,18,1.4807731388276881,0.873726423727624,1.496110626412024,-0.01772559962779674,1.5104952355054437,0.05507365719047225,0.23107329159183906,-0.13427466537913618,-0.5232410713097919,-1.8426867832515539,1.0220424236681231
5.9750000000000005,18,1.485773138827689,0.8766766610084659,1.496379506764594,-0.016593174780529463,1.50983660195383,0.052488999880798234,0.221915229560515,-0.12918604046667606,-0.5106218413588526,-1.8203879792911386,1.013300090029712
5.98,18,1.4907731388276888,0.8796268982893073,1.4966356215698708,-0.01550625775027381,1.5092032995554499,0.04996743776996351,0.21287091777507824,-0.12414274369059715,-0.49800321556003624,-1.79718558964119,1.003910229339131
5.985,18,1.4957731388276887,0.8825771355701487,1.4968792862907023,-0.014464268463597163,1.508595093552043,0.0475089644804169,0.20394489059279067,-0.11914802678281865,-0.4853865366303637,-1.773073042778941,0.9938672029298138
5.99,18,1.5007731388276886,0.8855273728509901,1.4971108163412643,-0.013466604093139933,1.5080117328561988,0.04511356692101615,0.1951417152285115,-0.11420516966860453,-0.4727731472868581,-1.7480437671815978,0.9831653721351887
5.995,18,1.5057731388276885,0.8884776101318316,1.4973305270534938,-0.012512638893320105,1.5074529499104004,0.0427812252870429,0.18646599175473463,-0.10931748046655324,-0.46016439024653777,-1.7220911913264059,0.9717990982887238
6.0,18,1.5107731388276884,0.891427847412673,1.4975387336435204,-0.01160172403605264,1.5069184605460624,0.040511913060183785,0.17792235310155183,-0.10448829548858725,-0.4475616082264285,-1.6952087436905712,0.9597627427238377
6.005,18,1.5157731388276883,0.8943780846935144,1.4977357511780942,-0.010733187446450465,1.5064079638425336,0.03830559700854931,0.16951546505666903,-0.09972097923995724,-0.434966143943546,-1.6673898527513145,0.9470506667739862
6.01,18,1.5207731388276882,0.8973283219743559,1.4979218945410273,-0.00990633363855431,1.5059211419861807,0.036162237186658126,0.16125002626541424,-0.09501892441926098,-0.4223793401149136,-1.6386279469858713,0.9336572317726027
6.015000000000001,18,1.525773138827689,0.9002785592551978,1.4980974783996193,-0.00912044355102859,1.5054576601293759,0.034081786935445946,0.15313076823072594,-0.09038555191842679,-0.4098025394575496,-1.6089164548714503,0.9195767990531504
6.0200000000000005,18,1.5307731388276888,0.9032287965360393,1.4982628171710863,-0.00837477438287726,1.5050171662495524,0.03206419288226869,0.1451624553131552,-0.08582431082270414,-0.39723708468848457,-1.5782488048852847,0.9048037299490429
6.025,18,1.5357731388276887,0.9061790338168807,1.4984182249890003,-0.007668559429162114,1.50459929100824,0.030109394940886748,0.13734988473086102,-0.08133867841068618,-0.38468431852473195,-1.5466184255045898,0.8893323857937409
6.03,18,1.5407731388276886,0.9091292710977221,1.4985640156697215,-0.007001007916710433,1.5042036476100877,0.028217326311483867,0.12969788655963693,-0.07693216015430025,-0.37214558368331496,-1.5140187452066018,0.8731571279206828
6.035,18,1.5457731388276885,0.9120795083785636,1.4987005026788192,-0.0063713048398181815,1.5038298316618957,0.026387913480655084,0.12221132373286292,-0.07260828971878938,-0.3596222228812544,-1.480443192468524,0.8562723176633019
6.04,18,1.5507731388276884,0.915029745659405,1.4988279990975188,-0.005778610795979855,1.5034774210316666,0.02462107622141092,0.11489509204155672,-0.06837062896275203,-0.3471155788355685,-1.4458851957675993,0.8386723163550518
6.045,18,1.5557731388276883,0.9179799829402464,1.4989468175891252,-0.005222061821586799,1.5031459757076135,0.022916727593176336,0.10775412013432979,-0.06422276793810022,-0.33462699426328796,-1.410338183581034,0.8203514853293706
6.05,18,1.5607731388276882,0.9209302202210878,1.4990572703654523,-0.004700769227645507,1.502835037657221,0.021274773941792825,0.10079336951742611,-0.06016832489009721,-0.32215781188142856,-1.3737955843860634,0.8013041859197018
6.055,18,1.565773138827688,0.9238804575019293,1.4991596691532634,-0.004213819435481048,1.5025441306862537,0.019695114899517367,0.09401783455469068,-0.05621094625732192,-0.3097093744070062,-1.3362508266599034,0.7815247794594911
6.0600000000000005,18,1.5707731388276889,0.9268306947827712,1.4992543251606993,-0.003760273812462689,1.5022727602978032,0.018177643385018757,0.08743254246757907,-0.0523543066716901,-0.297283024557049,-1.2976973388797648,0.7610076272821695
6.065,18,1.5757731388276888,0.9297809320636127,1.499341549043709,-0.003339168507707102,1.5020204135513169,0.016722245603376568,0.08104255333518667,-0.048602108958470114,-0.28488010504857536,-1.2581285495229009,0.7397470907211879
6.07,18,1.5807731388276887,0.9327311693444541,1.4994216508724816,-0.0029495142877846714,1.5017865589216353,0.0153288010461,0.07485296009418739,-0.04495808413623414,-0.27250195859860843,-1.21753788706651,0.717737531109992
6.075,18,1.5857731388276886,0.9356814066252955,1.4994949400978812,-0.0025902963724473427,1.5015706461580187,0.013997182491099592,0.06886888853889397,-0.04142599141690328,-0.2601499279241714,-1.1759187799878275,0.6949733097820153
6.08,18,1.5907731388276884,0.938631643906137,1.4995617255178766,-0.002260474270327162,1.501372106143186,0.012727256002705559,0.06309549732121601,-0.03800961820572056,-0.24782535574228026,-1.1332646567640596,0.6714487880707012
6.085,18,1.5957731388276883,0.9415818811869784,1.4996223152439747,-0.0019589816146483585,1.5011903507523492,0.011518880931660463,0.05753797795069876,-0.03471278010127607,-0.23552958476995814,-1.089568945872452,0.647158327309498
6.09,18,1.6007731388276882,0.9445321184678198,1.499677016667657,-0.00168472599895364,1.5010247727122414,0.010371909915125493,0.052201554794474414,-0.031539320895486035,-0.22326395772422827,-1.0448250757902153,0.6220962888318489
6.095,18,1.6057731388276881,0.9474823557486612,1.4997261364267962,-0.0014365888127978454,1.5008747454601528,0.00928618887667837,0.04709148507731604,-0.028493112573596966,-0.21102981732211396,-0.9990264749945705,0.5962570339711875
6.1000000000000005,18,1.610773138827689,0.9504325930295032,1.4997699803721096,-0.0012134250774704647,1.500739623002968,0.008261557026303396,0.04221305888159255,-0.025578055314188053,-0.19882850628062607,-0.9521665719627209,0.5696349240609521
6.105,18,1.6157731388276888,0.9533828303103447,1.499808853533574,-0.0010140632817023931,1.5006187397761857,0.007297846860409266,0.037571599147285445,-0.02279807748917639,-0.1866613673167977,-0.9042387951719345,0.542224320434601
6.11,18,1.6207731388276887,0.9563330675911861,1.4998430600868657,-0.0008373052173900053,1.500511410502976,0.0063948841618123,0.03317246167200927,-0.02015713566381435,-0.17452974314764222,-0.8552365730993972,0.5140195844255676
6.115,18,1.6257731388276886,0.9592833048720275,1.4998729033197924,-0.0006819258152852559,1.5004169300531855,0.0055524879997458755,0.029021035110971764,-0.017659214596675972,-0.16243497649019029,-0.8051533342223596,0.48501507736730015
6.12,18,1.6307731388276885,0.9622335421528689,1.499898685598722,-0.0005466729807279691,1.500334573302392,0.004770470729863051,0.02512274097699643,-0.015308327239665603,-0.15037841006145528,-0.7539825070180177,0.4552051605932223
6.125,18,1.6357731388276884,0.9651837794337104,1.499920708335021,-0.00043026742934637596,1.5002635949909298,0.004048637994221886,0.021483033640541365,-0.013108514738045146,-0.13836138657845795,-0.7017175199636072,0.42458419543680703
6.13,18,1.6407731388276883,0.9681340167145518,1.4999392719514757,-0.00033140252277319426,1.500203229582921,0.0033867887213053626,0.018107400329652117,-0.011063846430381654,-0.12638524875822152,-0.6483518015363539,0.39314654323147297
6.135,18,1.6457731388276882,0.9710842539953932,1.4999546758487365,-0.0002487441043552696,1.500152691125313,0.0027847151260056574,0.01500136112999888,-0.00917841984858926,-0.11445133931776927,-0.5938787802134784,0.3608865653106734
6.140000000000001,18,1.650773138827689,0.9740344912762352,1.4999672183717403,-0.00018093033487298626,1.5001111731069146,0.002242202709634103,0.012170468984876502,-0.007456360717908474,-0.10256100097412195,-0.5382918844721869,0.3277986230078194
6.1450000000000005,18,1.6557731388276888,0.9769847285570766,1.4999771967761502,-0.00012657152824169238,1.5000778483174169,0.0017590302599107047,0.00962030969517776,-0.005901822956926097,-0.09071557644430034,-0.4815845427897222,0.2938770776564015
6.15,18,1.6607731388276887,0.9799349658379181,1.4999849071947804,-8.424998722467159e-05,1.5000518687064446,0.0013349698509735736,0.007356501919419551,-0.004518988677539057,-0.07891640844532025,-0.4237501836433175,0.25911629058984553
6.155,18,1.6657731388276886,0.9828852031187595,1.4999906446040348,-5.2519839155218406e-05,1.500032365242567,0.0009697868433768312,0.005384697173724564,-0.0033120681849952943,-0.06716483969420987,-0.3647822355101616,0.22351062314157769
6.16,18,1.6707731388276885,0.9858354403996009,1.499994702790335,-2.9906871639617805e-05,1.5000184477723515,0.0006632398840890368,0.0037105798318359455,-0.0022852999778709567,-0.055462212907992456,-0.30467412686750234,0.18705443664506105
6.165,18,1.6757731388276884,0.9887856776804423,1.4999973743165518,-1.49083682687845e-05,1.5000092048793898,0.0004150809064942359,0.002339867125100006,-0.0014429507480662126,-0.04380987080367888,-0.2434192861925606,0.1497420924337142
6.17,18,1.6807731388276883,0.9917359149612838,1.4999989504884412,-5.992944339672235e-06,1.5000037037433311,0.00022505513038671878,0.0012783091425008113,-0.000789315380834595,-0.0322091560982998,-0.1810111419625472,0.11156795184101023
6.175,18,1.6857731388276882,0.9946861522421252,1.4999997213210758,-1.600382552480184e-06,1.500000989998913,9.290106198359883e-05,0.0005316888306098698,-0.00032871695474107803,-0.02066141150887352,-0.11744312265469783,0.07252637620037267
6.18,18,1.690773138827688,0.9976363895229666,1.4999999755052686,-1.414687325063113e-07,1.5000000875949953,1.8350493911186634e-05,0.00010582199362072148,-6.550674168513545e-05,-0.009167979752425755,-0.052708656746223374,0.032611726845234966
6.184005797249569,18,1.6947789360772558,1.0,1.5000000000000007,-2.220446049250313e-16,1.5000000000000013,-5.240674171676381e-16,-5.63372473455211e-15,4.716606754508744e-15,-6.184492927209107e-16,-9.27673939081366e-15,2.1259194437281307e-15
