time_s,q1_rad,q2_rad,q3_rad,qdot1_rad_s,qdot2_rad_s,qdot3_rad_s,qddot1_rad_s2,qddot2_rad_s2,qddot3_rad_s2
0,0.157989852165,0.157989852165,0.157989852165,2.07269383878e-06,-1.00397740042e-05,-2.52595616956e-06,-0.00373576288268,0.0181012538434,0.00454950457538
0.00125,0.157989850868,0.157989858451,0.157989853745,-4.14827336925e-06,2.00969990871e-05,5.05354567082e-06,-0.00621778465018,0.0301175831027,0.00757769836923
0.0025,0.157989841794,0.157989902407,0.157989864799,-1.34717677867e-05,6.52541837525e-05,1.64182897535e-05,-0.00993733298174,0.0481211511186,0.0121180061541
0.00375,0.157989817188,0.157990021586,0.15798989479,-2.89916058236e-05,0.000140399876884,3.5348561056e-05,-0.0148874254791,0.0720701121509,0.0181664449514
0.005,0.157989769315,0.157990253407,0.15798995317,-5.06903314843e-05,0.00024542946413,6.18344021319e-05,-0.0198235214185,0.095935390371,0.0242068837167
0.00625,0.157989690462,0.15799063516,0.157990049376,-7.85504093699e-05,0.000380238352811,9.58657703478e-05,-0.0247455527017,0.119716994291,0.030239254761
0.0075,0.157989572939,0.157991204003,0.157990192835,-0.000112554213239,0.000544721949858,0.000137432539034,-0.029653444858,0.143414916383,0.0362634922965
0.00875,0.157989409077,0.157991996965,0.157990392958,-0.000152684021515,0.000738775643768,0.000186524501089,-0.0345471171329,0.167029134525,0.0422795320901
0.01,0.157989191229,0.157993050942,0.157990659146,-0.000198922006071,0.00096229478617,0.00024313136926,-0.0394264803219,0.190559610937,0.0482873100083
0.01125,0.157988911772,0.157994402702,0.157991000786,-0.00025125022232,0.00121517467111,0.00030724277611,-0.0442914379988,0.214006293183,0.0542867631736
0.0125,0.157988563104,0.157996088879,0.157991427253,-0.000309650601068,0.00149731051913,0.000378848277194,-0.049141888033,0.237369114373,0.0602778297321
0.01375,0.157988137645,0.157998145978,0.157991947907,-0.000374104942402,0.00180859745704,0.00045793735044,-0.0539777215295,0.260647992326,0.066260448898
0.015,0.157987627841,0.158000610372,0.157992572096,-0.000444594904891,0.00214893049994,0.000544499399439,-0.0587988214903,0.283842831124,0.0722345611933
0.01625,0.157987026158,0.158003518304,0.157993309155,-0.000521101996128,0.00251820453485,0.000638523753423,-0.0636050649632,0.306953520629,0.0782001076885
0.0175,0.157986325086,0.158006905884,0.157994168406,-0.000603607567299,0.00291631430152,0.00073999966866,-0.0683963228141,0.329979935677,0.0841570303947
0.01875,0.157985517139,0.15801080909,0.157995159155,-0.000692092803163,0.00334315437404,0.00084891632941,-0.0731724586387,0.352921938466,0.0901052717552
0.02,0.157984594854,0.15801526377,0.157996290696,-0.000786538713896,0.00379861914768,0.000965262848048,-0.07793332951,0.375779377788,0.0960447761855
0.02125,0.157983550792,0.158020305638,0.157997572312,-0.000886926126938,0.00428260281851,0.00108902826987,-0.0826787869812,0.398552087614,0.101975488676
0.0225,0.157982377539,0.158025970277,0.157999013267,-0.000993235681349,0.00479499936672,0.00122020156974,-0.087408676103,0.421239889616,0.107897353382
0.02375,0.157981067703,0.158032293136,0.158000622816,-0.0011054478172,0.00533570254255,0.00135877165333,-0.0921228344424,0.443842592725,0.113810317049
0.025,0.157979613919,0.158039309533,0.158002410196,-0.00122354276746,0.00590460584853,0.00150472736236,-0.0968210950703,0.466359991972,0.119714327693
0.02625,0.157978008846,0.158047054651,0.158004384634,-0.00134750055487,0.00650160252248,0.00165805747256,-0.101503284569,0.488791870339,0.125609331965
0.0275,0.157976245168,0.158055563539,0.15800655534,-0.00147730097888,0.00712658552438,0.00181875069227,-0.10616922296,0.511137998811,0.131495278029
0.02875,0.157974315594,0.158064871115,0.158008931511,-0.00161292361227,0.00777944751951,0.00198679566763,-0.11081872515,0.533398134976,0.137372115992
0.03,0.157972212859,0.158075012158,0.158011522329,-0.00175434779175,0.00846008086182,0.00216218098225,-0.115451599143,0.55557202451,0.143239795312
0.03125,0.157969929724,0.158086021317,0.158014336963,-0.00190155261013,0.00916837758079,0.00234489515591,-0.12006764816,0.577659402376,0.149098265894
0.0325,0.157967458977,0.158097933102,0.158017384567,-0.00205451691215,0.00990422936776,0.00253492664699,-0.124666669876,0.599659990851,0.154947479487
0.03375,0.157964793432,0.15811078189,0.15802067428,-0.00221321928482,0.0106675275579,0.00273226385463,-0.129248455812,0.621573499907,0.160787387961
0.035,0.157961925929,0.158124601921,0.158024215227,-0.00237763805168,0.0114581631175,0.00293689511689,-0.133812792245,0.643399629644,0.166617942727
0.03625,0.157958849337,0.158139427298,0.158028016518,-0.00254775126543,0.012276026632,0.00314880871145,-0.138359459856,0.665138068567,0.17243909688
0.0375,0.157955556551,0.158155291988,0.158032087248,-0.00272353670132,0.0131210082889,0.00336799285909,-0.14288823397,0.686788493636,0.178250804379
0.03875,0.157952040495,0.158172229819,0.1580364365,-0.00290497185036,0.0139929978661,0.0035944357224,-0.147398884883,0.708350571728,0.184053018552
0.04,0.157948294121,0.158190274482,0.158041073338,-0.00309203391353,0.0148918847183,0.00382812540547,-0.151891177646,0.729823959097,0.189845693868
0.04125,0.15794431041,0.158209459531,0.158046006813,-0.00328469979447,0.0158175577639,0.00406904995707,-0.156364872623,0.751208301145,0.195628785173
0.0425,0.157940082372,0.158229818377,0.158051245963,-0.00348294609509,0.0167699054711,0.0043171973684,-0.160819724363,0.772503232903,0.201402247453
0.04375,0.157935603045,0.158251384294,0.158056799807,-0.00368674910538,0.0177488158461,0.0045725555757,-0.165255482261,0.793708380655,0.207166037137
0.045,0.157930865499,0.158274190416,0.158062677352,-0.00389608480074,0.0187541764228,0.00483511246124,-0.169671892075,0.814823360392,0.212920109877
0.04625,0.157925862833,0.158298269735,0.158068887588,-0.00411092883557,0.0197858742471,0.00510485585039,-0.174068694281,0.835847777054,0.218664422113
0.0475,0.157920588177,0.158323655102,0.158075439491,-0.00433125653645,0.0208437958654,0.00538177351653,-0.178445624286,0.856781228151,0.224398931186
0.04875,0.157915034692,0.158350379225,0.158082342022,-0.00455704289628,0.0219278273175,0.00566585317836,-0.18280241257,0.877623301926,0.23012359392
0.05,0.15790919557,0.15837847467,0.158089604124,-0.00478826256787,0.0230378541202,0.00595708250133,-0.187138786066,0.898373575924,0.235838368181
0.05125,0.157903064035,0.15840797386,0.158097234728,-0.00502488986145,0.0241737612573,0.00625544909881,-0.191454466895,0.919031620154,0.241543211814
0.0525,0.157896633345,0.158438909073,0.158105242747,-0.00526689873511,0.0253354331706,0.00656094053086,-0.195749172039,0.939596996329,0.247238082662
0.05375,0.157889896789,0.158471312443,0.158113637079,-0.00551426279154,0.0265227537481,0.00687354430546,-0.200022615286,0.960069257235,0.252922939694
0.055,0.157882847688,0.158505215958,0.158122426608,-0.00576695527332,0.0277356063137,0.0071932478801,-0.204274505612,0.980447947825,0.25859774162
0.05625,0.1578754794,0.158540651459,0.158131620199,-0.00602494905557,0.0289738736177,0.00752003865951,-0.208504547672,1.0007326042,0.264262446737
0.0575,0.157867785316,0.158577650642,0.158141226704,-0.0062882166425,0.0302374378242,0.00785390399694,-0.212712442644,1.02092275505,0.269917015285
0.05875,0.157859758859,0.158616245054,0.158151254959,-0.00655673016218,0.0315261805053,0.00819483119773,-0.216897887032,1.04101792288,0.27556140615
0.06,0.15785139349,0.158656466093,0.158161713782,-0.00683046136008,0.0328399826314,0.00854280751231,-0.221060573688,1.06101762156,0.281195578248
0.06125,0.157842682705,0.15869834501,0.158172611978,-0.0071093815964,0.0341787245592,0.00889782014335,-0.225200192429,1.08092135765,0.28681949257
0.0625,0.157833620036,0.158741912904,0.158183958333,-0.00739346184115,0.0355422860255,0.00925985624374,-0.229316428212,1.10072863144,0.29243310845
0.06375,0.157824199051,0.158787200725,0.158195761618,-0.00768267266693,0.0369305461378,0.00962890291447,-0.233408962131,1.12043893591,0.298036385757
0.065,0.157814413355,0.15883423927,0.15820803059,-0.00797698424648,0.0383433833653,0.0100049472081,-0.237477472959,1.14005175842,0.303629284454
0.06625,0.15780425659,0.158883059184,0.158220773986,-0.00827636634933,0.0397806755339,0.0103879761256,-0.241521635721,1.15956657982,0.30921176517
0.0675,0.157793722439,0.158933690959,0.15823400053,-0.00858078833578,0.0412422998148,0.0107779766211,-0.245541120768,1.1789828736,0.314783788863
0.06875,0.157782804619,0.158986164933,0.158247718928,-0.00889021915125,0.0427281327179,0.0111749355978,-0.249535596063,1.19830010842,0.320345315112
0.07,0.157771496891,0.15904051129,0.158261937869,-0.00920462732594,0.0442380500859,0.0115788399088,-0.253504726646,1.21751774799,0.3258963044
0.07125,0.157759793051,0.159096760058,0.158276666028,-0.00952398096786,0.0457719270878,0.0119896763588,-0.257448173397,1.23663524981,0.331436717286
0.0725,0.157747686938,0.159154941108,0.15829191206,-0.00984824775944,0.0473296382104,0.0124074317021,-0.261365594702,1.25565206552,0.33696651453
0.07375,0.157735172432,0.159215084154,0.158307684607,-0.0101773949546,0.0489110572516,0.0128320926451,-0.26525664619,1.27456764308,0.342485656904
0.075,0.157722243451,0.159277218751,0.158323992292,-0.0105113893749,0.0505160573181,0.0132636458443,-0.269120980218,1.29338142518,0.34799410418
0.07625,0.157708893958,0.159341374297,0.158340843721,-0.0108501974052,0.0521445108146,0.0137020779055,-0.272958245517,1.3120928488,0.353491817219
0.0775,0.157695117957,0.159407580028,0.158358247486,-0.0111937849887,0.0537962894401,0.0141473753874,-0.276768089373,1.33070134854,0.358978757225
0.07875,0.157680909496,0.159475865021,0.15837621216,-0.0115421176286,0.0554712641859,0.0145995247986,-0.280550155765,1.34920635432,0.364454883484
0.08,0.157666262663,0.159546258189,0.158394746298,-0.0118951603781,0.0571693053259,0.0150585125961,-0.284304085591,1.3676072907,0.36992015641
0.08125,0.157651171595,0.159618788284,0.158413858441,-0.0122528778426,0.0588902824127,0.0155243251896,-0.288029518529,1.38590357991,0.375374537319
0.0825,0.157635630469,0.159693483895,0.158433557111,-0.0126152341744,0.0606340642757,0.0159969489394,-0.291726090359,1.4040946412,0.38081798568
0.08375,0.157619633509,0.159770373445,0.158453850814,-0.0129821930685,0.0624005190157,0.0164763701538,-0.295393434939,1.4221798897,0.38625046148
0.085,0.157603174986,0.159849485192,0.158474748037,-0.0133537177618,0.0641895139999,0.0169625750931,-0.299031184488,1.44015873726,0.391671924652
0.08625,0.157586249215,0.15993084723,0.158496257252,-0.0137297710297,0.0660009158588,0.0174555499655,-0.30263896864,1.45803059358,0.397082335158
0.0875,0.157568850559,0.160014487482,0.158518386912,-0.0141103151834,0.0678345904839,0.017955280931,-0.306216414361,1.47579486608,0.402481652981
0.08875,0.157550973427,0.160100433706,0.158541145454,-0.0144953120656,0.069690403024,0.0184617540979,-0.309763146763,1.49345095927,0.407869837068
0.09,0.157532612278,0.16018871349,0.158564541297,-0.0148847230503,0.0715682178821,0.0189749555236,-0.313278789716,1.51099827523,0.413246847233
0.09125,0.157513761619,0.160279354251,0.158588582843,-0.0152785090399,0.0734678987121,0.019494871216,-0.316762964763,1.52843621532,0.41861264254
0.0925,0.157494416006,0.160372383236,0.158613278475,-0.0156766304622,0.0753893084204,0.02002148713,-0.320215291475,1.5457641787,0.423967181504
0.09375,0.157474570043,0.160467827522,0.15863863656,-0.0160790472686,0.0773323091589,0.0205547891698,-0.323635388071,1.56298156234,0.429310422876
0.095,0.157454218388,0.160565714009,0.158664665448,-0.0164857189324,0.0792967623262,0.0210947631872,-0.327022870792,1.58008776318,0.43464232597
0.09625,0.157433355746,0.160666069428,0.158691373468,-0.0168966044455,0.0812825285668,0.0216413949847,-0.330377353848,1.59708217687,0.439962849154
0.0975,0.157411976876,0.160768920331,0.158718768935,-0.017311662317,0.0832894677684,0.0221946703101,-0.333698450987,1.61396419798,0.445271949019
0.09875,0.15739007659,0.160874293097,0.158746860144,-0.017730850573,0.0853174390618,0.0227545748572,-0.336985774857,1.63073322067,0.450569584524
0.1,0.15736764975,0.160982213928,0.158775655373,-0.0181541267541,0.0873663008201,0.0233210942714,-0.34023893555,1.64738863933,0.45585571371
0.10125,0.157344691273,0.161092708849,0.15880516288,-0.0185814479119,0.0894359106601,0.0238942141415,-0.343457541982,1.66392984785,0.461130292351
0.1025,0.15732119613,0.161205803705,0.158835390908,-0.0190127706091,0.0915261254397,0.0244739200022,-0.346641203242,1.68035623997,0.466393278276
0.10375,0.157297159347,0.161321524163,0.15886634768,-0.01944805092,0.09363680126,0.0250601973372,-0.349789526518,1.69666721085,0.471644628703
0.105,0.157272576003,0.161439895708,0.158898041401,-0.0198872444254,0.0957677934668,0.025653031574,-0.352902117379,1.71286215558,0.476884299263
0.10625,0.157247441236,0.161560943646,0.158930480259,-0.0203303062134,0.097918956649,0.0262524080854,-0.355978581862,1.72894047001,0.482112246374
0.1075,0.157221750237,0.1616846931,0.158963672421,-0.02077719088,0.100090144642,0.0268583121899,-0.359018524492,1.74490155153,0.48732842551
0.10875,0.157195498258,0.161811169008,0.158997626039,-0.0212278525247,0.102281210528,0.0274707291491,-0.362021548705,1.76074479864,0.49253279208
0.11,0.157168680606,0.161940396126,0.159032349244,-0.0216822447518,0.104492006638,0.0280896441701,-0.36498725791,1.77646961135,0.497725301648
0.11125,0.157141292647,0.162072399024,0.15906785015,-0.0221403206695,0.106722384556,0.0287150424032,-0.367915254708,1.79207539187,0.502905908598
0.1125,0.157113329804,0.162207202087,0.15910413685,-0.0226020328886,0.108972195118,0.0293469089416,-0.370805141543,1.80756154385,0.508074567378
0.11375,0.157084787564,0.162344829512,0.159141217422,-0.0230673335233,0.111241288416,0.0299852288217,-0.373656519946,1.82292747315,0.513231232372
0.115,0.157055661471,0.162485305308,0.159179099922,-0.0235361741884,0.113529513801,0.0306299870226,-0.376468990842,1.83817258907,0.518375856905
0.11625,0.157025947129,0.162628653297,0.15921779239,-0.0240085060004,0.115836719888,0.031281168464,-0.379242156149,1.85329630245,0.523508393545
0.1175,0.156995640206,0.162774897108,0.159257302844,-0.0244842795788,0.118162754557,0.0319387580064,-0.381975617216,1.86829802761,0.528628796101
0.11875,0.15696473643,0.162924060183,0.159297639285,-0.0249634450435,0.120507464958,0.0326027404542,-0.3846689738,1.8831771822,0.533737017281
0.12,0.156933231593,0.163076165771,0.159338809695,-0.0254459520133,0.122870697513,0.0332731005496,-0.387321827588,1.89793318618,0.538833008397
0.12125,0.15690112155,0.163231236927,0.159380822036,-0.0259317496124,0.125252297923,0.0339498229752,-0.389933780443,1.91256546454,0.54391672187
0.1225,0.156868402219,0.163389296515,0.159423684252,-0.0264207864644,0.127652111174,0.0346328923543,-0.392504432548,1.92707344581,0.548988108483
0.12375,0.156835069584,0.163550367205,0.159467404267,-0.0269130106938,0.130069981538,0.0353222932464,-0.395033385843,1.94145656164,0.554047118618
0.125,0.156801119692,0.163714471469,0.159511989985,-0.027408369929,0.132505752578,0.0360180101508,-0.397520242112,1.9557142484,0.559093703706
0.12625,0.156766548659,0.163881631586,0.159557449292,-0.0279068112991,0.134959267159,0.0367200275057,-0.399964603622,1.96984594747,0.564127813229
0.1275,0.156731352664,0.164051869637,0.159603790054,-0.0284082814381,0.137430367447,0.0374283296839,-0.40236607411,1.98385110415,0.56914939652
0.12875,0.156695527955,0.164225207505,0.159651020117,-0.0289127264844,0.139918894919,0.038142900997,-0.404724256103,1.99772916886,0.57415840331
0.13,0.156659070848,0.164401666874,0.159699147306,-0.0294200920783,0.142424690369,0.0388637256922,-0.407038753212,2.01147959818,0.579154781803
0.13125,0.156621977725,0.164581269231,0.159748179431,-0.0299303233674,0.144947593914,0.0395907879515,-0.409309171266,2.02510185247,0.584138480164
0.1325,0.156584245039,0.164764035859,0.159798124276,-0.0304433650065,0.147487445,0.0403240718926,-0.411535116064,2.03859539806,0.589109446452
0.13375,0.156545869313,0.164949987843,0.15984898961,-0.0309591611575,0.150044082409,0.0410635615676,-0.413716193535,2.05195970793,0.594067627659
0.135,0.156506847137,0.165139146065,0.15990078318,-0.0314776554903,0.15261734427,0.0418092409618,-0.415852011278,2.0651942604,0.599012970463
0.13625,0.156467175174,0.165331531204,0.159953512713,-0.0319987911857,0.15520706806,0.0425610939938,-0.417942178677,2.07829854006,0.603945421744
0.1375,0.156426850159,0.165527163735,0.160007185915,-0.032522510937,0.15781309062,0.0433191045161,-0.419986305221,2.09127203767,0.608864927364
0.13875,0.156385868897,0.165726063931,0.160061810474,-0.0330487569488,0.160435248155,0.0440832563122,-0.42198400177,2.10411425094,0.613771431972
0.14,0.156344228266,0.165928251856,0.160117394056,-0.0335774709415,0.163073376247,0.044853533096,-0.42393488101,2.11682468407,0.618664880784
0.14125,0.156301925219,0.166133747371,0.160173944307,-0.0341085941513,0.165727309865,0.0456299185141,-0.425838556487,2.12940284869,0.623545218906
0.1425,0.156258956781,0.16634257013,0.160231468852,-0.0346420673327,0.168396883369,0.0464123961433,-0.427694644182,2.14184826394,0.62841239
0.14375,0.156215320051,0.16655473958,0.160289975297,-0.0351778307618,0.171081930525,0.0472009494891,-0.429502760758,2.15416045545,0.633266336968
0.145,0.156171012204,0.166770274957,0.160349471226,-0.0357158242346,0.173782284508,0.0479955619857,-0.431262524216,2.16633895654,0.638107003005
0.14625,0.15612603049,0.166989195291,0.160409964202,-0.0362559870723,0.176497777916,0.0487962169966,-0.432973555067,2.17838330886,0.642934330807
0.1475,0.156080372236,0.167211519402,0.160471461769,-0.0367982581222,0.17922824278,0.0496028978127,-0.434635475486,2.19029306248,0.647748262213
0.14875,0.156034034845,0.167437265898,0.160533971447,-0.037342575761,0.181973510572,0.0504155876522,-0.436247910045,2.20206777495,0.65254873885
0.15,0.155987015797,0.167666453178,0.160597500738,-0.0378888778974,0.184733412217,0.0512342696599,-0.437810483794,2.21370701169,0.657335701851
0.15125,0.15593931265,0.167899099428,0.160662057121,-0.0384371019705,0.187507778101,0.0520589269068,-0.43932282459,2.22521034779,0.662109091394
0.1525,0.155890923042,0.168135222623,0.160727648055,-0.0389871849588,0.190296438087,0.0528895423884,-0.440784563341,2.23657736697,0.666868847111
0.15375,0.155841844688,0.168374840524,0.160794280977,-0.0395390633789,0.193099221519,0.0537260990246,-0.442195332047,2.24780766139,0.67161490918
0.155,0.155792075383,0.168617970677,0.160861963303,-0.0400926732889,0.19591595724,0.0545685796613,-0.443554765323,2.25890083212,0.676347216699
0.15625,0.155741613005,0.168864630417,0.160930702426,-0.0406479502922,0.198746473599,0.0554169670663,-0.444862499657,2.26985649004,0.681065707369
0.1575,0.155690455508,0.169114836861,0.16100050572,-0.0412048295381,0.201590598465,0.0562712439297,-0.446118174867,2.28067425571,0.685770319791
0.15875,0.155638600931,0.169368606913,0.161071380536,-0.0417632457293,0.204448159238,0.0571313928658,-0.44732143337,2.29135375832,0.690460991598
0.16,0.155586047393,0.169625957259,0.161143334202,-0.0423231331215,0.207318982861,0.0579973964087,-0.448471918835,2.30189463817,0.695137658897
0.16125,0.155532793098,0.16988690437,0.161216374027,-0.0428844255264,0.210202895834,0.0588692370131,-0.449569278587,2.31229654514,0.699800259059
0.1625,0.15547883633,0.170151464499,0.161290507295,-0.043447056318,0.213099724224,0.0597468970564,-0.450613162855,2.32255913755,0.704448728084
0.16375,0.155424175457,0.170419653681,0.16136574127,-0.0440109584336,0.216009293678,0.0606303588333,-0.451603224542,2.33268208618,0.709083000851
0.165,0.155368808933,0.170691487733,0.161442083192,-0.0445760643793,0.218931429439,0.0615196045585,-0.452539119209,2.34266507231,0.713703012701
0.16625,0.155312735296,0.170966982254,0.161519540281,-0.0451423062316,0.221865956359,0.062414616365,-0.453420504766,2.35250778597,0.718308698208
0.1675,0.155255953168,0.171246152624,0.161598119733,-0.0457096156413,0.224812698904,0.063315376304,-0.45424704382,2.36220992911,0.722899991746
0.16875,0.155198461257,0.171529014001,0.161677828722,-0.0462779238411,0.227771481181,0.0642218663444,-0.455018401377,2.37177121456,0.727476826228
0.17,0.155140258358,0.171815581327,0.161758674399,-0.0468471616447,0.230742126941,0.0651340683696,-0.455734244474,2.38119136636,0.73203913459
0.17125,0.155081343353,0.172105869319,0.161840663893,-0.0474172594523,0.233724459597,0.0660519641809,-0.4563942451,2.39047011917,0.736586850252
0.1725,0.15502171521,0.172399892476,0.161923804309,-0.0479881472574,0.236718302239,0.0669755354952,-0.456998078457,2.39960721892,0.741119904825
0.17375,0.154961372985,0.172697665074,0.162008102731,-0.0485597546485,0.239723477644,0.0679047639429,-0.457545421742,2.4086024239,0.745638229489
0.175,0.154900315823,0.17299920117,0.162093566219,-0.0491320108118,0.242739808298,0.0688396310689,-0.458035956544,2.4174555028,0.750141756066
0.17625,0.154838542958,0.173304514595,0.162180201809,-0.0497048445398,0.245767116401,0.0697801183331,-0.458469368854,2.42616623697,0.754630415184
0.1775,0.154776053712,0.173613618961,0.162268016515,-0.0502781842339,0.248805223891,0.0707262071069,-0.458845346782,2.43473441942,0.759104136529
0.17875,0.154712847497,0.173926527655,0.162357017327,-0.0508519579068,0.25185395245,0.0716778786744,-0.459163583065,2.44315985452,0.763562850108
0.18,0.154648923817,0.174243253842,0.162447211212,-0.0514260931916,0.254913123527,0.0726351142322,-0.459423774757,2.45144235929,0.768006485538
0.18125,0.154584282264,0.174563810464,0.162538605112,-0.0520005173437,0.257982558348,0.0735978948883,-0.459625621298,2.45958176255,0.772434971555
0.1825,0.154518922524,0.174888210238,0.162631205949,-0.0525751572448,0.261062077933,0.0745662016611,-0.459768826957,2.46757790606,0.77684823591
0.18375,0.154452844371,0.175216465659,0.162725020617,-0.0531499394111,0.264151503113,0.075540015478,-0.459853100239,2.47543064329,0.781246206753
0.185,0.154386047675,0.175548588996,0.162820055987,-0.0537247899954,0.267250654542,0.0765193171779,-0.459878153052,2.48313983992,0.785628812247
0.18625,0.154318532396,0.175884592295,0.162916318909,-0.0542996347937,0.270359352713,0.0775040875086,-0.459843701748,2.49070537557,0.789995978784
0.1875,0.154250298588,0.176224487377,0.163013816206,-0.0548743992498,0.273477417981,0.0784943071249,-0.459749467439,2.49812714169,0.794347633217
0.18875,0.154181346398,0.17656828584,0.163112554677,-0.0554490084623,0.276604670567,0.0794899565917,-0.459595174826,2.50540504222,0.798683702038
0.19,0.154111676067,0.176915999054,0.163212541098,-0.0560233871869,0.279740930586,0.08049101638,-0.459380552726,2.5125389946,0.803004110492
0.19125,0.15404128793,0.177267638166,0.163313782218,-0.0565974598441,0.282886018054,0.0814974668679,-0.45910533515,2.51952892864,0.80730878405
0.1925,0.153970182417,0.177623214099,0.163416284765,-0.0571711505247,0.286039752908,0.0825092883401,-0.458769260447,2.52637478745,0.811597647686
0.19375,0.153898360054,0.177982737549,0.163520055439,-0.0577443829952,0.289201955023,0.0835264609871,-0.458372071145,2.53307652791,0.815870626388
0.195,0.15382582146,0.178346218987,0.163625100917,-0.0583170807026,0.292372444228,0.0845489649061,-0.457913514148,2.5396341189,0.820127644266
0.19625,0.153752567352,0.178713668659,0.163731427851,-0.0588891667806,0.29555104032,0.0855767800978,-0.457393342117,2.54604754296,0.824368624598
0.1975,0.153678598543,0.179085096587,0.163839042868,-0.0594605640579,0.298737563085,0.0866098864676,-0.456811311903,2.55231679666,0.82859349103
0.19875,0.153603915942,0.179460512567,0.163947952568,-0.0600311950603,0.301931832311,0.0876482638254,-0.456167184453,2.55844188889,0.832802166673
0.2,0.153528520555,0.179839926168,0.164058163527,-0.060600982019,0.305133667807,0.0886918918843,-0.455460726559,2.56442284254,0.836994574269
0.20125,0.153452413487,0.180223346736,0.164169682297,-0.0611698468767,0.308342889418,0.089740750261,-0.454691709564,2.570259694,0.841170636329
0.2025,0.153375595938,0.180610783392,0.164282515403,-0.0617377112929,0.311559317042,0.0907948184751,-0.453859909973,2.57595249277,0.845330274223
0.20375,0.153298069209,0.181002245029,0.164396669343,-0.0623044966517,0.31478277065,0.0918540759466,-0.452965109332,2.58150130222,0.849473409625
0.205,0.153219834696,0.181397740318,0.164512150593,-0.0628701240663,0.318013070298,0.0929185019992,-0.452007093799,2.58690619947,0.853599964478
0.20625,0.153140893898,0.181797277705,0.164628965598,-0.0634345143862,0.321250036148,0.0939880758578,-0.450985655718,2.59216727493,0.857709859298
0.2075,0.15306124841,0.182200865409,0.164747120782,-0.0639975882056,0.324493488485,0.0950627766474,-0.449900591985,2.59728463249,0.861803014726
0.20875,0.152980899928,0.182608511426,0.16486662254,-0.0645592658661,0.32774324773,0.0961425833946,-0.44875170442,2.60225839064,0.865879351221
0.21,0.152899850246,0.183020223528,0.164987477241,-0.0651194674666,0.330999134462,0.0972274750254,-0.447538801427,2.60708868076,0.86993878856
0.21125,0.152818101259,0.183436009262,0.165109691228,-0.0656781128697,0.334260969432,0.098317430366,-0.446261695754,2.61177564792,0.873981246809
0.2125,0.152735654964,0.183855875952,0.165233270817,-0.066235121706,0.337528573581,0.0994124281425,-0.444920205709,2.61631945151,0.878006645382
0.21375,0.152652513455,0.184279830696,0.165358222298,-0.066790413384,0.34080176806,0.100512446979,-0.443514156177,2.62072026409,0.882014903277
0.215,0.15256867893,0.184707880372,0.165484551934,-0.0673439070964,0.344080374242,0.101617465401,-0.44204337666,2.62497827229,0.886005939407
0.21625,0.152484153687,0.185140031632,0.165612265961,-0.0678955218256,0.347364213741,0.102727461828,-0.440507701958,2.62909367652,0.889979672718
0.2175,0.152398940126,0.185576290906,0.165741370589,-0.0684451763513,0.350653108433,0.103842414582,-0.438906973554,2.63306669102,0.893936021595
0.21875,0.152313040746,0.186016664403,0.165871871998,-0.0689927892595,0.353946880469,0.104962301882,-0.437241038219,2.63689754344,0.897874903563
0.22,0.152226458152,0.186461158107,0.166003776343,-0.0695382789469,0.357245352292,0.106087101841,-0.435509748445,2.64058647496,0.901796237258
0.22125,0.152139195049,0.186909777783,0.166137089753,-0.0700815636306,0.360548346656,0.107216792475,-0.433712963076,2.64413374161,0.905699940682
0.2225,0.152051254243,0.187362528974,0.166271818325,-0.0706225613546,0.363855686646,0.108351351693,-0.431850546431,2.64753961214,0.909585930737
0.22375,0.151962638646,0.187819417,0.166407968132,-0.0711611899967,0.367167195686,0.109490757302,-0.429922368565,2.65080436833,0.91345412464
0.225,0.151873351268,0.188280446963,0.166545545218,-0.071697367276,0.370482697566,0.110634987005,-0.427928305521,2.65392830748,0.917304439906
0.22625,0.151783395227,0.188745623744,0.166684555599,-0.0722310107605,0.373802016455,0.111784018402,-0.425868240407,2.65691173972,0.921136793897
0.2275,0.151692773741,0.189214952004,0.166825005264,-0.072762037877,0.377124976916,0.112937828989,-0.423742061707,2.65975498752,0.924951102633
0.22875,0.151601490133,0.189688436186,0.166966900172,-0.0732903659148,0.380451403924,0.114096396158,-0.421549663338,2.66245838816,0.928747282711
0.23,0.151509547827,0.190166080514,0.167110246254,-0.0738159120354,0.383781122886,0.115259697196,-0.419290946743,2.66502229255,0.932525251466
0.23125,0.151416950353,0.190647888993,0.167255049415,-0.0743385932816,0.387113959655,0.116427709287,-0.416965819096,2.66744706472,0.936284925001
0.2325,0.151323701343,0.191133865413,0.167401315528,-0.0748583265831,0.390449740548,0.117600409509,-0.414574193215,2.66973308179,0.940026219143
0.23375,0.151229804536,0.191624013345,0.167549050439,-0.0753750287647,0.39378829236,0.118777774835,-0.412115989124,2.67188073426,0.943749050396
0.235,0.151135263772,0.192118336144,0.167698259965,-0.0758886165559,0.397129442384,0.119959782135,-0.409591133311,2.67389042637,0.947453334663
0.23625,0.151040082995,0.192616836951,0.167848949894,-0.0763990065979,0.400473018426,0.121146408171,-0.406999557504,2.67576257528,0.951138987659
0.2375,0.150944266255,0.19311951869,0.168001125985,-0.0769061154497,0.403818848822,0.122337629604,-0.404341200414,2.6774976114,0.954805925602
0.23875,0.150847817706,0.193626384073,0.168154793968,-0.077409859599,0.407166762454,0.123533422985,-0.401616008506,2.67909597799,0.958454064306
0.24,0.150750741606,0.194137435596,0.168309959543,-0.0779101554709,0.410516588767,0.124733764765,-0.398823933455,2.68055813169,0.962083319109
0.24125,0.150653042317,0.194652675545,0.16846662838,-0.0784069194326,0.413868157783,0.125938631283,-0.395964932909,2.68188454182,0.96569360615
0.2425,0.150554724307,0.195172105991,0.168624806121,-0.0789000678032,0.417221300121,0.12714799878,-0.393038972285,2.68307569037,0.96928484129
0.24375,0.150455792148,0.195695728795,0.168784498377,-0.0793895168633,0.420575847009,0.128361843386,-0.390046023855,2.68413207266,0.972856939364
0.245,0.150356250515,0.196223545608,0.168945710729,-0.0798751828628,0.423931630303,0.129580141128,-0.386986065945,2.68505419591,0.976409816434
0.24625,0.150256104191,0.196755557871,0.16910844873,-0.0803569820282,0.427288482499,0.130802867928,-0.383859083149,2.6858425807,0.979943388512
0.2475,0.15015535806,0.197291766815,0.169272717899,-0.0808348305707,0.430646236755,0.1320299996,-0.380665067505,2.68649775996,0.983457570669
0.24875,0.150054017114,0.197832173463,0.169438523729,-0.081308644697,0.434004726899,0.133261511854,-0.37740401819,2.68702027789,0.986952278799
0.25,0.149952086448,0.198376778632,0.169605871679,-0.0817783406162,0.437363787449,0.134497380297,-0.374075939928,2.68741069249,0.990427428786
0.25125,0.149849571263,0.198925582931,0.169774767179,-0.0822438345468,0.44072325363,0.135737580426,-0.370680844773,2.68766957358,0.993882935916
0.2525,0.149746476862,0.199478586766,0.16994521563,-0.0827050427281,0.444082961383,0.136982087636,-0.367218752476,2.68779750222,0.997318716458
0.25375,0.149642808656,0.200035790335,0.170117222398,-0.083161881428,0.447442747386,0.138230877217,-0.363689688857,2.6877950722,1.00073468648
0.255,0.149538572159,0.200597193634,0.170290792823,-0.0836142669503,0.450802449064,0.139483924353,-0.360093686567,2.68766288879,1.00413076127
0.25625,0.149433772989,0.201162796457,0.170465932209,-0.0840621156444,0.454161904608,0.140741204121,-0.356430785686,2.68740156937,1.00750685731
0.2575,0.149328416869,0.201732598396,0.170642645833,-0.0845053439145,0.457520952987,0.142002691496,-0.352701032827,2.68701174264,1.01086289127
0.25875,0.149222509629,0.20230659884,0.170820938938,-0.0849438682264,0.460879433964,0.143268361349,-0.348904481694,2.68649404841,1.01419877855
0.26,0.149116057199,0.202884796981,0.171000816736,-0.0853776051187,0.464237188108,0.144538188442,-0.34504119341,2.68584913879,1.01751443591
0.26125,0.149009065616,0.20346719181,0.171182284409,-0.08580647121,0.467594056811,0.145812147438,-0.34111123519,2.68507767661,1.02080978021
0.2625,0.148901541021,0.204053782123,0.171365347105,-0.0862303832067,0.4709498823,0.147090212893,-0.337114682162,2.68418033482,1.02408472777
0.26375,0.148793489658,0.204644566516,0.171550009941,-0.0866492579154,0.474304507648,0.148372359258,-0.333051616397,2.68315779877,1.02733919604
0.265,0.148684917876,0.205239543392,0.171736278003,-0.0870630122477,0.477657776797,0.149658560883,-0.328922126474,2.6820107647,1.03057310188
0.26625,0.148575832127,0.205838710958,0.171924156344,-0.0874715632316,0.48100953456,0.150948792013,-0.324726308847,2.68073993809,1.03378636222
0.2675,0.148466238968,0.206442067228,0.172113649983,-0.0878748280198,0.484359626642,0.152243026788,-0.320464266431,2.6793460357,1.03697889483
0.26875,0.148356145057,0.207049610025,0.172304763911,-0.0882727238976,0.487707899649,0.15354123925,-0.316136109433,2.67782978526,1.04015061758
0.27,0.148245557158,0.207661336977,0.172497503081,-0.0886651682934,0.491054201105,0.154843403332,-0.311741955309,2.67619192404,1.04330144819
0.27125,0.148134482137,0.208277245527,0.172691872419,-0.0890520787859,0.494398379459,0.15614949287,-0.307281928718,2.67443319938,1.04643130499
0.2725,0.148022926961,0.208897332926,0.172887876813,-0.0894333731152,0.497740284104,0.157459481595,-0.302756161756,2.67255436874,1.04954010634
0.27375,0.147910898704,0.209521596238,0.173085521123,-0.0898089691903,0.501079765381,0.158773343136,-0.298164792804,2.67055619929,1.05262777076
0.275,0.147798404538,0.21015003234,0.173284810171,-0.0901787850972,0.504416674602,0.160091051022,-0.293507967518,2.668439468,1.05569421742
0.27625,0.147685451741,0.210782637924,0.17348574875,-0.0905427391091,0.507750864051,0.16141257868,-0.288785839936,2.66620496095,1.05873936562
0.2775,0.147572047691,0.2114194095,0.173688341618,-0.090900749697,0.511082187004,0.162737899436,-0.283998570436,2.6638534739,1.06176313487
0.27875,0.147458199867,0.212060343392,0.173892593499,-0.0912527355352,0.514410497736,0.164066986517,-0.279146325897,2.66138581171,1.06476544499
0.28,0.147343915852,0.212705435744,0.174098509084,-0.0915986155118,0.517735651533,0.165399813048,-0.274229281629,2.65880278764,1.06774621631
0.28125,0.147229203328,0.21335468252,0.174306093032,-0.0919383087393,0.521057504705,0.166736352057,-0.269247619894,2.65610522422,1.07070536912
0.2825,0.14711407008,0.214008079506,0.174515349964,-0.0922717345615,0.524375914594,0.168076576471,-0.264201529168,2.65329395266,1.07364282431
0.28375,0.146998523992,0.214665622307,0.174726284473,-0.0925988125622,0.527690739587,0.169420459118,-0.259091205982,2.65036981265,1.07655850336
0.285,0.146882573048,0.215327306355,0.174938901112,-0.0929194625765,0.531001839126,0.17076797273,-0.253916854442,2.6473336521,1.07945232813
0.28625,0.146766225335,0.215993126905,0.175153204405,-0.0932336046983,0.534309073717,0.172119089939,-0.248678684864,2.6441863266,1.08232422004
0.2875,0.146649489037,0.216663079039,0.175369198837,-0.0935411592886,0.537612304942,0.17347378328,-0.243376915029,2.64092870019,1.0851741014
0.28875,0.146532372437,0.217337157667,0.175586888863,-0.0938420469859,0.540911395468,0.174832025192,-0.238011770008,2.63756164443,1.08800189569
0.29,0.146414883919,0.218015357528,0.1758062789,-0.0941361887136,0.544206209053,0.176193788019,-0.232583482287,2.63408603864,1.09080752552
0.29125,0.146297031965,0.21869767319,0.176027373333,-0.0944235056916,0.547496610564,0.177559044006,-0.227092291354,2.63050276999,1.09359091482
0.2925,0.146178825155,0.219384099054,0.17625017651,-0.094703919442,0.550782465978,0.178927765306,-0.221538443483,2.62681273181,1.09635198775
0.29375,0.146060272167,0.220074629355,0.176474692746,-0.0949773518003,0.554063642394,0.180299923975,-0.215922192481,2.62301682476,1.09909066815
0.295,0.145941381775,0.22076925816,0.17670092632,-0.0952437249232,0.55734000804,0.181675491976,-0.210243798978,2.61911595704,1.10180688164
0.29625,0.145822162854,0.221467979375,0.176928881476,-0.0955029612977,0.560611432286,0.183054441179,-0.204503530944,2.61511104334,1.10450055381
0.2975,0.145702624372,0.222170786741,0.177158562423,-0.0957549837506,0.563877785648,0.184436743361,-0.19870166355,2.61100300442,1.10717160975
0.29875,0.145582775395,0.222877673839,0.177389973334,-0.0959997154566,0.567138939797,0.185822370204,-0.192838478947,2.60679276714,1.10981997668
0.3,0.145462625084,0.22358863409,0.177623118348,-0.0962370799479,0.570394767566,0.187211293303,-0.186914266143,2.60248126551,1.11244558165
0.30125,0.145342182695,0.224303660758,0.177858001568,-0.096467001122,0.573645142961,0.188603484158,-0.180929321161,2.59806943866,1.11504835114
0.3025,0.145221457581,0.225022746948,0.178094627059,-0.0966894032508,0.576889941163,0.18999891418,-0.17488394729,2.59355823143,1.11762821366
0.30375,0.145100459187,0.225745885611,0.178332998853,-0.0969042109902,0.58012903854,0.191397554692,-0.168778454608,2.58894859499,1.12018509786
0.305,0.144979197053,0.226473069544,0.178573120946,-0.0971113493874,0.58336231265,0.192799376925,-0.162613160555,2.58424148509,1.12271893244
0.30625,0.144857680813,0.227204291392,0.178814997295,-0.0973107438916,0.586589642252,0.194204352023,-0.156388389243,2.57943786294,1.12522964702
0.3075,0.144735920194,0.22793954365,0.179058631826,-0.0975023203605,0.589810907308,0.195612451043,-0.150104471464,2.57453869484,1.12771717202
0.30875,0.144613925013,0.228678818661,0.179304028423,-0.0976860050702,0.593025988989,0.197023644953,-0.143761745477,2.569544952,1.130181438
0.31,0.144491705181,0.229422108622,0.179551190938,-0.0978617247242,0.596234769688,0.198437904638,-0.137360555462,2.56445761007,1.13262237584
0.31125,0.144369270701,0.230169405585,0.179800123185,-0.0980294064589,0.599437133015,0.199855200893,-0.130901253357,2.55927764886,1.13503991784
0.3125,0.144246631665,0.230920701455,0.18005082894,-0.0981889778576,0.60263296381,0.201275504432,-0.124384198338,2.55400605297,1.13743399669
0.31375,0.144123798256,0.231675987994,0.180303311946,-0.0983403669547,0.605822148147,0.202698785885,-0.117809754593,2.54864381101,1.13980454504
0.315,0.144000780747,0.232435256825,0.180557575905,-0.098483502244,0.609004573337,0.204125015795,-0.111178294517,2.54319191509,1.14215149648
0.31625,0.1438775895,0.233198499428,0.180813624485,-0.098618312691,0.612180127935,0.205554164626,-0.104490197046,2.53765136119,1.14447478552
0.3175,0.143754234966,0.233965707145,0.181071461317,-0.0987447277367,0.61534870174,0.206986202759,-0.0977458466537,2.53202314905,1.14677434759
0.31875,0.143630727681,0.234736871182,0.181331089992,-0.0988626773077,0.618510185807,0.208421100495,-0.0909456360858,2.52630828109,1.14905011791
0.32,0.143507078272,0.235511982609,0.181592514068,-0.0989720918269,0.621664472443,0.209858828053,-0.0840899641105,2.52050776304,1.15130203237
0.32125,0.143383297452,0.236291032363,0.181855737062,-0.0990729022179,0.624811455215,0.211299355576,-0.0771792349525,2.51462260457,1.15353002805
0.3225,0.143259396017,0.237074011247,0.182120762457,-0.0991650399143,0.627951028955,0.212742653123,-0.0702138605391,2.50865381677,1.15573404269
0.32375,0.143135384852,0.237860909936,0.182387593695,-0.0992484368693,0.631083089757,0.214188690682,-0.0631942597096,2.50260241348,1.15791401501
0.325,0.143011274925,0.238651718972,0.182656234183,-0.0993230255635,0.634207534988,0.215637438161,-0.0561208562658,2.49646941193,1.16006988307
0.32625,0.142887077288,0.239446428773,0.18292668729,-0.0993887390099,0.637324263287,0.21708886539,-0.0489940807569,2.49025583034,1.16220158664
0.3275,0.142762803077,0.24024502963,0.183198956347,-0.0994455107654,0.640433174564,0.218542942128,-0.0418143711301,2.48396268937,1.16430906662
0.32875,0.142638463511,0.241047511709,0.183473044646,-0.0994932749378,0.64353417001,0.219999638057,-0.0345821707612,2.47759101189,1.16639226352
0.33,0.14251406989,0.241853865055,0.183748955442,-0.0995319661923,0.646627152094,0.221458922786,-0.0272979293925,2.47114182191,1.16845111943
0.33125,0.142389633595,0.24266407959,0.184026691953,-0.0995615197613,0.649712024565,0.222920765855,-0.0199621027633,2.46461614495,1.1704855764
0.3325,0.14226516609,0.243478145116,0.184306257357,-0.0995818714492,0.652788692456,0.224385136727,-0.0125751527207,2.45801500803,1.1724955775
0.33375,0.142140678917,0.244296051321,0.184587654795,-0.0995929576431,0.655857062085,0.225852004799,-0.00513754798703,2.45133943914,1.17448106732
0.335,0.142016183696,0.245117787772,0.184870887369,-0.0995947153192,0.658917041054,0.227321339396,0.00235023729829,2.44459046719,1.17644198998
0.33625,0.141891692129,0.245943343923,0.185155958143,-0.0995870820498,0.661968538253,0.228793109774,0.00988772360131,2.43776912175,1.1783782908
0.3375,0.141767215991,0.246772709117,0.185442870143,-0.0995699960102,0.665011463858,0.230267285123,0.0174744245044,2.43087643316,1.18028991643
0.33875,0.141642767139,0.247605872583,0.185731626356,-0.0995433959885,0.668045729336,0.231743834565,0.0251098475673,2.42391343192,1.18217681319
0.34,0.141518357501,0.248442823441,0.18602222973,-0.0995072213913,0.671071247438,0.233222727156,0.0327934959557,2.41688114897,1.18403892898
0.34125,0.141393999085,0.249283550702,0.186314683174,-0.0994614122487,0.674087932208,0.234703931887,0.0405248660627,2.40978061502,1.18587621241
0.3425,0.141269703971,0.250128043271,0.186608989559,-0.0994059092261,0.677095698976,0.236187417687,0.0483034482471,2.40261286035,1.1876886122
0.34375,0.141145484312,0.250976289949,0.186905151718,-0.099340653628,0.680094464359,0.237673153418,0.0561287281187,2.39537891612,1.18947607877
0.345,0.141021352337,0.251828279432,0.187203172443,-0.0992655874058,0.683084146266,0.239161107884,0.0640001853441,2.38807981202,1.19123856255
0.34625,0.140897320343,0.252684000315,0.187503054488,-0.0991806531647,0.686064663889,0.240651249824,0.0719172944827,2.38071657702,1.19297601511
0.3475,0.140773400704,0.253543441092,0.187804800567,-0.0990857941696,0.689035937709,0.242143547921,0.0798795237955,2.37329023995,1.19468838892
0.34875,0.140649605858,0.254406590159,0.188108413357,-0.0989809543552,0.691997889489,0.243637970797,0.0878863366779,2.36580182805,1.19637563689
0.35,0.140525948318,0.255273435816,0.188413895494,-0.0988660783279,0.694950442279,0.245134487014,0.0959371920572,2.3582523679,1.19803771352
0.35125,0.140402440662,0.256143966265,0.188721249575,-0.098741111375,0.697893520409,0.24663306508,0.104031542458,2.35064288447,1.19967457285
0.3525,0.140279095539,0.257018169617,0.189030478157,-0.0986059994718,0.70082704949,0.248133673446,0.112168835713,2.34297440108,1.20128617024
0.35375,0.140155925664,0.257896033888,0.189341583759,-0.0984606892858,0.703750956412,0.249636280506,0.120348514477,2.33524794019,1.20287246261
0.355,0.140032943816,0.258777547008,0.189654568858,-0.0983051281856,0.70666516934,0.251140854602,0.128570016534,2.32746452185,1.20443340705
0.35625,0.139910162843,0.259662696812,0.189969435895,-0.0981392642444,0.709569617716,0.252647364024,0.136832775121,2.31962516416,1.20596896156
0.3575,0.139787595655,0.260551471052,0.190286187268,-0.0979630462478,0.712464232251,0.254155777006,0.145136217716,2.31173088337,1.20747908422
0.35875,0.139665255227,0.261443857392,0.190604825338,-0.0977764237001,0.715348944925,0.255666061734,0.153479767633,2.30378269362,1.2089637352
0.36,0.139543154596,0.262339843414,0.190925352423,-0.0975793468287,0.718223688985,0.257178186344,0.161862843731,2.29578160649,1.21042287543
0.36125,0.13942130686,0.263239416615,0.191247770804,-0.0973717665908,0.721088398941,0.258692118923,0.170284859564,2.28772863078,1.21185646517
0.3625,0.13929972518,0.264142564412,0.19157208272,-0.0971536346798,0.723943010562,0.260207827507,0.178745224557,2.27962477311,1.21326446682
0.36375,0.139178422774,0.265049274141,0.191898290372,-0.0969249035294,0.726787460874,0.26172528009,0.18724334378,2.27147103697,1.2146468438
0.365,0.139057412921,0.265959533064,0.19222639592,-0.0966855263203,0.729621688154,0.263244444617,0.195778617496,2.26326842292,1.21600355936
0.36625,0.138936708958,0.266873328362,0.192556401484,-0.0964354569857,0.732445631931,0.264765288988,0.204350442203,2.25501792851,1.21733457796
0.3675,0.138816324278,0.267790647144,0.192888309143,-0.0961746502148,0.735259232976,0.266287781062,0.21295820986,2.24672054784,1.21863986546
0.36875,0.138696272332,0.268711476444,0.193222120936,-0.095903061461,0.738062433301,0.267811888652,0.221601308007,2.23837727187,1.21991938791
0.37,0.138576566625,0.269635803227,0.193557838864,-0.0956206469448,0.740855176155,0.269337579531,0.230279120822,2.229989088,1.22117311224
0.37125,0.138457220715,0.270563614385,0.193895464885,-0.095327363659,0.743637406021,0.270864821432,0.238991028178,2.2215569798,1.22240100677
0.3725,0.138338248216,0.271494896742,0.194235000918,-0.0950231693744,0.746409068605,0.272393582048,0.247736406001,2.21308192756,1.22360304006
0.37375,0.138219662792,0.272429637056,0.19457644884,-0.094708022644,0.749170110839,0.273923829033,0.256514626642,2.20456490722,1.22477918154
0.375,0.138101478159,0.273367822019,0.194919810491,-0.0943818828078,0.751920480873,0.275455530002,0.265325058419,2.19600689025,1.22592940173
0.37625,0.137983708085,0.274309438258,0.195265087665,-0.0940447099979,0.754660128065,0.276988652537,0.274167066078,2.18740884486,1.22705367222
0.3775,0.137866366384,0.275254472339,0.195612282122,-0.0936964651426,0.757389002985,0.278523164183,0.283040011269,2.17877173512,1.22815196533
0.37875,0.137749466922,0.276202910766,0.195961395576,-0.0933371099698,0.760107057403,0.28005903245,0.29194325208,2.1700965199,1.22922425326
0.38,0.137633023609,0.277154739983,0.196312429703,-0.0929666070124,0.762814244285,0.281596224816,0.300876142916,2.16138415337,1.23027050982
0.38125,0.137517050404,0.278109946376,0.196665386138,-0.0925849196125,0.765510517786,0.283134708725,0.30983803523,2.15263558612,1.2312907106
0.3825,0.13740156131,0.279068516277,0.197020266475,-0.0921920119243,0.76819583325,0.284674451592,0.318828277028,2.14385176342,1.23228483063
0.38375,0.137286570374,0.28003043596,0.197377072267,-0.0917878489199,0.770870147195,0.286215420801,0.327846213287,2.13503362552,1.23325284569
0.385,0.137172091688,0.280995691645,0.197735805027,-0.0913723963911,0.773533417314,0.287757583706,0.336891186944,2.12618210835,1.23419473372
0.38625,0.137058139383,0.281964269503,0.198096466226,-0.0909456209525,0.776185602466,0.289300907636,0.345962536841,2.117298142,1.23511047242
0.3875,0.136944727635,0.282936155651,0.198459057296,-0.090507490049,0.778826662669,0.290845359888,0.355059599073,2.10838265186,1.23600004052
0.38875,0.136831870658,0.283911336159,0.198823579626,-0.0900579719548,0.781456559095,0.292390907737,0.36418170815,2.09943655801,1.23686341802
0.39,0.136719582705,0.284889797049,0.199190034565,-0.0895970357786,0.784075254064,0.293937518433,0.373328195096,2.0904607748,1.23770058484
0.39125,0.136607878069,0.285871524295,0.199558423422,-0.0891246514671,0.786682711032,0.295485159199,0.38249838845,2.08145621161,1.23851152246
0.3925,0.136496771077,0.286856503827,0.199928747463,-0.0886407898075,0.789278894593,0.297033797239,0.391691614718,2.07242377211,1.23929621353
0.39375,0.136386276094,0.287844721531,0.200301007915,-0.0881454224303,0.791863770463,0.298583399733,0.400907197928,2.06336435394,1.24005464073
0.395,0.136276407521,0.288836163253,0.200675205963,-0.0876385218127,0.794437305478,0.300133933841,0.410144460048,2.05427884953,1.2407867873
0.39625,0.13616717979,0.289830814795,0.20105134275,-0.0871200612802,0.796999467586,0.301685366701,0.419402720766,2.04516814549,1.24149263837
0.3975,0.136058607368,0.290828661922,0.201429419379,-0.0865900150107,0.799550225841,0.303237665436,0.428681297711,2.0360331218,1.2421721797
0.39875,0.135950704752,0.291829690359,0.201809436913,-0.0860483580359,0.802089550391,0.30479079715,0.437979506776,2.02687465276,1.24282539684
0.4,0.135843486472,0.292833885798,0.202191396372,-0.0854950662438,0.804617412473,0.306344728929,0.447296662145,2.01769360686,1.24345227689
0.40125,0.135736967087,0.293841233891,0.202575298736,-0.0849301163806,0.807133784408,0.307899427843,0.456632076293,2.00849084653,1.24405280804
0.4025,0.135631161182,0.294851720259,0.202961144942,-0.0843534860531,0.80963863959,0.309454860949,0.465985059429,1.99926722761,1.24462697862
0.40375,0.135526083371,0.29586533049,0.203348935888,-0.083765153732,0.812131952477,0.311010995289,0.475354920866,1.99002359906,1.24517477811
0.405,0.135421748297,0.29688205014,0.20373867243,-0.0831650987509,0.814613698587,0.312567797894,0.484740969071,1.98076080441,1.24569619704
0.40625,0.135318170625,0.297901864736,0.204130355383,-0.0825533013093,0.817083854488,0.314125235782,0.494142510198,1.9714796807,1.24619122602
0.4075,0.135215365044,0.298924759776,0.204523985519,-0.0819297424754,0.819542397789,0.315683275959,0.503558849337,1.96218105742,1.2466598567
0.40875,0.135113346268,0.299950720731,0.204919563573,-0.081294404186,0.821989307132,0.317241885423,0.512989290939,1.95286575842,1.24710208198
0.41,0.135012129033,0.300979733044,0.205317090233,-0.0806472692481,0.824424562185,0.318801031164,0.522433138173,1.94353460103,1.24751789535
0.41125,0.134911728095,0.302011782136,0.205716566151,-0.0799883213405,0.826848143634,0.320360680162,0.531889693713,1.93418839465,1.24790729064
0.4125,0.13481215823,0.303046853403,0.206117991933,-0.0793175450138,0.829260033172,0.321920799391,0.54135825888,1.92482794247,1.24827026259
0.41375,0.134713434233,0.304084932219,0.206521368149,-0.0786349256933,0.83166021349,0.323481355818,0.550838134075,1.91545404136,1.24860680696
0.415,0.134615570916,0.305126003937,0.206926695323,-0.0779404496786,0.834048668275,0.325042316408,0.560328620301,1.90606748093,1.24891692021
0.41625,0.134518583109,0.30617005389,0.20733397394,-0.0772341041426,0.836425382193,0.326603648119,0.569829017289,1.89666904369,1.24920059952
0.4175,0.134422485656,0.307217067392,0.207743204443,-0.0765158771354,0.838790340884,0.328165317907,0.579338624007,1.88725950504,1.24945784258
0.41875,0.134327293416,0.308267029742,0.208154387235,-0.0757857575826,0.841143530955,0.329727292725,0.588856739938,1.87783963348,1.2496886481
0.42,0.134233021262,0.30931992622,0.208567522675,-0.0750437352855,0.843484939968,0.331289539527,0.598382663952,1.86841019033,1.24989301547
0.42125,0.134139684078,0.310375742092,0.208982611084,-0.0742898009227,0.845814556431,0.332852025264,0.607915694707,1.85897192978,1.2500709445
0.4225,0.134047296759,0.311434462611,0.209399652738,-0.0735239460488,0.848132369792,0.334414716888,0.617455131504,1.84952559909,1.25022243615
0.42375,0.133955874212,0.312496073016,0.209818647876,-0.0727461630939,0.850438370429,0.335977581354,0.627000273246,1.8400719377,1.25034749215
0.425,0.133865431352,0.313560558537,0.210239596692,-0.0719564453656,0.852732549637,0.337540585619,0.636550418989,1.83061167778,1.25044611437
0.42625,0.133775983099,0.31462790439,0.21066249934,-0.0711547870464,0.855014899623,0.33910369664,0.646104868844,1.8211455449,1.25051830573
0.4275,0.133687544384,0.315698095786,0.211087355933,-0.0703411831935,0.857285413499,0.340666881383,0.655662922463,1.81167425677,1.25056406997
0.42875,0.133600130141,0.316771117924,0.211514166543,-0.0695156297403,0.859544085265,0.342230106815,0.66522388021,1.80219852326,1.25058341112
0.43,0.13351375531,0.317846955999,0.2119429312,-0.068678123493,0.861790909807,0.343793339911,0.674787043664,1.79271904732,1.25057633443
0.43125,0.133428434832,0.318925595199,0.212373649893,-0.0678286621311,0.864025882884,0.345356547651,0.68435171496,1.7832365249,1.25054284559
0.4325,0.133344183654,0.320007020706,0.212806322569,-0.0669672442056,0.866249001119,0.346919697025,0.693917196628,1.77375164347,1.25048295061
0.43375,0.133261016722,0.321091217701,0.213240949136,-0.0660938691396,0.868460261992,0.348482755028,0.703482792161,1.7642650833,1.25039665637
0.435,0.133178948981,0.322178171361,0.213677529457,-0.0652085372252,0.870659663828,0.350045688666,0.713047806792,1.75477751771,1.25028397068
0.43625,0.133097995379,0.323267866861,0.214116063357,-0.0643112496226,0.872847205787,0.351608464954,0.722611546351,1.74528961138,1.25014490205
0.4375,0.133018170857,0.324360289376,0.214556550619,-0.0634020083593,0.875022887856,0.353171050921,0.732173317738,1.7358020224,1.24997945907
0.43875,0.132939490358,0.325455424081,0.214998990985,-0.0624808163282,0.877186710843,0.354733413602,0.741732429611,1.726315401,1.24978765105
0.44,0.132861968816,0.326553256153,0.215443384153,-0.0615476772853,0.879338676359,0.356295520048,0.751288192052,1.71683038894,1.24956948824
0.44125,0.132785621165,0.327653770771,0.215889729785,-0.0606025958481,0.881478786815,0.357857337323,0.760839916296,1.70734762132,1.2493249816
0.4425,0.132710462327,0.32875695312,0.216338027497,-0.0596455774946,0.883607045412,0.359418832502,0.770386915366,1.6978677255,1.24905414239
0.44375,0.132636507221,0.329862788385,0.216788276866,-0.0586766285597,0.885723456129,0.360979972679,0.779928504392,1.68839132095,1.24875698265
0.445,0.132563770755,0.33097126176,0.217240477428,-0.0576957562336,0.887828023714,0.362540724959,0.789463999914,1.6789190191,1.24843351465
0.44625,0.13249226783,0.332082358444,0.217694628678,-0.0567029685599,0.889920753676,0.364101056465,0.798992720448,1.66945142404,1.24808375134
0.4475,0.132422013334,0.333196063644,0.21815073007,-0.0556982744325,0.892001652274,0.365660934337,0.808513986817,1.65998913218,1.24770770701
0.44875,0.132353022144,0.334312362575,0.218608781014,-0.0546816835929,0.894070726507,0.367220325733,0.81802712142,1.65053273228,1.24730539575
0.45,0.132285309125,0.335431240461,0.219068780884,-0.0536532066289,0.896127984105,0.368779197827,0.827531449198,1.64108280551,1.24687683193
0.45125,0.132218889128,0.336552682535,0.219530729009,-0.0526128549699,0.898173433521,0.370337517813,0.837026297657,1.63163992461,1.24642203101
0.4525,0.132153776988,0.337676674044,0.219994624678,-0.0515606408848,0.900207083917,0.371895252904,0.846510996266,1.6222046552,1.24594100928
0.45375,0.132089987525,0.338803200245,0.220460467141,-0.0504965774792,0.902228945159,0.373452370336,0.855984876796,1.61277755519,1.24543378288
0.455,0.132027535544,0.339932246407,0.220928255604,-0.0494206786928,0.904239027805,0.375008837361,0.865447274307,1.60335917469,1.24490036868
0.45625,0.131966435829,0.341063797815,0.221397989234,-0.0483329592934,0.906237343095,0.376564621258,0.87489752637,1.59395005608,1.24434078433
0.4575,0.131906703146,0.342197839765,0.221869667157,-0.0472334348769,0.908223902945,0.378119689322,0.884334972292,1.58455073387,1.2437550474
0.45875,0.131848352241,0.343334357572,0.222343288458,-0.0461221218627,0.91019871993,0.379674008876,0.893758955519,1.57516173508,1.24314317666
0.46,0.131791397841,0.344473336565,0.22281885218,-0.0449990374881,0.912161807282,0.381227547264,0.903168822325,1.56578357877,1.24250519107
0.46125,0.131735854648,0.34561476209,0.223296357326,-0.0438641998069,0.914113178877,0.382780271854,0.912563920895,1.55641677688,1.24184110974
0.4625,0.131681737342,0.346758619512,0.223775802859,-0.0427176276858,0.916052849225,0.384332150038,0.921943603311,1.54706183321,1.24115095286
0.46375,0.131629060579,0.347904894213,0.224257187701,-0.0415593407986,0.91798083346,0.385883149236,0.931307225292,1.53771924363,1.24043474048
0.465,0.13157783899,0.349053571596,0.224740510732,-0.0403893596226,0.919897147334,0.387433236889,0.940654145046,1.52838949692,1.23969249329
0.46625,0.131528087179,0.350204637082,0.225225770793,-0.039207705436,0.921801807202,0.388982380469,0.949983724078,1.51907307409,1.23892423287
0.4675,0.131479819726,0.351358076114,0.225712966683,-0.0380144003124,0.923694830019,0.390530547472,0.959295328224,1.50977044864,1.23812998052
0.46875,0.131433051179,0.352513874157,0.226202097162,-0.0368094671154,0.925576233324,0.39207770542,0.968588326273,1.5004820861,1.23730975833
0.47,0.131387796058,0.353672016697,0.226693160947,-0.0355929294967,0.927446035234,0.393623821867,0.977862090144,1.49120844427,1.236463589
0.47125,0.131344068855,0.354832489245,0.227186156717,-0.0343648118901,0.929304254435,0.395168864393,0.987115996409,1.48194997387,1.23559149507
0.4725,0.131301884028,0.355995277333,0.227681083108,-0.0331251395057,0.931150910169,0.396712800605,0.99634942508,1.47270711823,1.23469349983
0.47375,0.131261256006,0.35716036652,0.228177938718,-0.0318739383274,0.93298602223,0.398255598142,1.00556175955,1.46348031258,1.23376962719
0.475,0.131222199183,0.358327742389,0.228676722103,-0.0306112351068,0.93480961095,0.399797224673,1.01475238768,1.4542699847,1.23281990096
0.47625,0.131184727918,0.359497390547,0.22917743178,-0.0293370573582,0.936621697192,0.401337647895,1.02392070122,1.44507655527,1.23184434529
0.4775,0.131148856539,0.360669296632,0.229680066223,-0.0280514333538,0.938422302338,0.402876835536,1.0330660956,1.43590043739,1.23084298501
0.47875,0.131114599335,0.361843446303,0.230184623869,-0.0267543921192,0.940211448285,0.404414755357,1.04218797098,1.42674203647,1.22981584539
0.48,0.131081970559,0.363019825252,0.230691103111,-0.0254459634263,0.94198915743,0.40595137515,1.05128573168,1.41760175072,1.22876295169
0.48125,0.131050984426,0.364198419197,0.231199502307,-0.02412617779,0.943755452662,0.407486662737,1.06035878567,1.4084799712,1.22768432949
0.4825,0.131021655114,0.365379213884,0.231709819768,-0.0227950664621,0.945510357358,0.409020585974,1.06940654607,1.39937708104,1.22658000478
0.48375,0.13099399676,0.36656219509,0.232222053771,-0.0214526614248,0.947253895365,0.410553112749,1.07842843018,1.39029345636,1.22545000402
0.485,0.130968023461,0.367747348622,0.23273620255,-0.0200989953867,0.948986090999,0.412084210984,1.08742385944,1.38122946631,1.22429435386
0.48625,0.130943749272,0.368934660318,0.233252264299,-0.0187341017762,0.950706969031,0.413613848633,1.0963922604,1.37218547223,1.223113081
0.4875,0.130921188206,0.370124116045,0.233770237172,-0.0173580147357,0.952416554679,0.415141993686,1.10533306373,1.36316182857,1.22190621258
0.48875,0.130900354235,0.371315701704,0.234290119283,-0.0159707691169,0.954114873602,0.416668614165,1.1142457052,1.35415888263,1.22067377625
0.49,0.130881261284,0.372509403229,0.234811908707,-0.0145724004727,0.955801951886,0.418193678127,1.12312962564,1.34517697419,1.21941579952
0.49125,0.130863923234,0.373705206584,0.235335603478,-0.0131629450528,0.957477816037,0.419717153664,1.13198426984,1.3362164362,1.21813231019
0.4925,0.130848353921,0.374903097769,0.235861201591,-0.0117424397981,0.959142492976,0.421239008902,1.14080908766,1.32727759457,1.21682333677
0.49375,0.130834567134,0.376103062817,0.236388701001,-0.0103109223336,0.960796010024,0.422759212005,1.14960353464,1.31836076796,1.21548890742
0.495,0.130822576615,0.377305087794,0.236918099621,-0.00886843096151,0.962438394896,0.424277731171,1.1583670711,1.30946626824,1.21412905042
0.49625,0.130812396057,0.378509158804,0.237449395329,-0.00741500465588,0.964069675694,0.425794534631,1.16709916174,1.30059440017,1.21274379503
0.4975,0.130804039104,0.379715261983,0.237982585958,-0.00595068305716,0.965689880897,0.427309590658,1.17579927679,1.29174546142,1.21133317013
0.49875,0.130797519349,0.380923383506,0.238517669305,-0.00447550646392,0.967299039348,0.428822867557,1.18446689204,1.28291974289,1.20989720447
0.5,0.130792850337,0.382133509582,0.239054643127,-0.00298951582707,0.968897180254,0.430334333669,1.19310148804,1.2741175287,1.20843592775
0.50125,0.13079004556,0.383345626457,0.239593505139,-0.00149275274381,0.97048433317,0.431843957376,1.20170255072,1.26533909645,1.20694936963
0.5025,0.130789118456,0.384559720415,0.24013425302,1.47405497444e-05,0.972060527995,0.433351707094,1.21026957142,1.25658471644,1.20543755945
0.50375,0.130790082411,0.385775777777,0.240676884407,0.00153292118475,0.973625794961,0.434857551275,1.21880204663,1.24785465196,1.20390052695
0.505,0.130792950759,0.386993784902,0.241221396898,0.00306174566633,0.975180164625,0.436361458411,1.22729947883,1.23914916045,1.20233830209
0.50625,0.130797736775,0.388213728188,0.241767788053,0.00460116988182,0.976723667862,0.43786339703,1.23576137554,1.23046849268,1.20075091507
0.5075,0.130804453683,0.389435594072,0.242316055391,0.00615114910517,0.978256335856,0.439363335699,1.24418724947,1.22181289204,1.19913839602
0.50875,0.130813114648,0.390659369028,0.242866196392,0.0077116380055,0.979778200092,0.44086124302,1.25257661978,1.21318259567,1.197500775
0.51,0.130823732778,0.391885039572,0.243418208499,0.00928259065463,0.981289292346,0.442357087636,1.26092901066,1.20457783451,1.19583808253
0.51125,0.130836321125,0.393112592259,0.243972089112,0.0108639605322,0.982789644678,0.443850838226,1.2692439519,1.1959988328,1.19415034898
0.5125,0.13085089268,0.394342013684,0.244527835594,0.0124557005344,0.984279289428,0.445342463509,1.27752097935,1.18744580849,1.19243760486
0.51375,0.130867460376,0.395573290482,0.24508544527,0.0140577629805,0.9857582592,0.446831932239,1.28575963433,1.17891897301,1.19069988074
0.515,0.130886037087,0.396806409332,0.245644915425,0.0156700996202,0.98722658686,0.44831921321,1.29395946385,1.17041853144,1.18893720722
0.51625,0.130906635625,0.398041356949,0.246206243303,0.0172926616401,0.988684305528,0.449804275257,1.30212002084,1.16194468251,1.18714961502
0.5175,0.130929268741,0.399278120095,0.246769426113,0.0189253996723,0.990131448566,0.451287087248,1.31024086439,1.15349761882,1.18533713481
0.51875,0.130953949124,0.400516685571,0.247334461021,0.0205682638011,0.991568049575,0.452767618094,1.31832155908,1.1450775272,1.18349979736
0.52,0.130980689401,0.401757040219,0.247901345158,0.02222120357,0.992994142384,0.454245836741,1.32636167543,1.1366845878,1.18163763316
0.52125,0.131009502133,0.402999170927,0.248470075613,0.0238841679897,0.994409761045,0.455721712177,1.33436078986,1.12831897446,1.17975067323
0.5225,0.131040399821,0.404243064622,0.249040649439,0.0255571055447,0.995814939821,0.457195213424,1.34231848477,1.11998085565,1.17783894842
0.52375,0.131073394897,0.405488708276,0.249613063647,0.0272399642016,0.997209713184,0.458666309548,1.35023434897,1.11167039367,1.17590248909
0.525,0.131108499731,0.406736088905,0.250187315212,0.0289326914171,0.998594115805,0.460134969647,1.35810797698,1.10338774432,1.17394132614
0.52625,0.131145726626,0.407985193566,0.250763401071,0.0306352341441,0.999968182545,0.461601162863,1.36593896905,1.09513305822,1.1719554902
0.5275,0.131185087816,0.409236009361,0.25134131812,0.0323475388397,1.00133194845,0.463064858373,1.37372693167,1.08690647996,1.16994501171
0.52875,0.131226595473,0.410488523437,0.251921063217,0.0340695514732,1.00268544874,0.464526025392,1.3814714779,1.07870814793,1.16790992163
0.53,0.131270261695,0.411742722983,0.252502633183,0.0358012175345,1.00402871882,0.465984633177,1.38917222667,1.07053819521,1.16585025042
0.53125,0.131316098516,0.412998595234,0.2530860248,0.0375424820399,1.00536179423,0.467440651018,1.3968288026,1.06239674909,1.16376602818
0.5325,0.1313641179,0.414256127469,0.253671234811,0.039293289541,1.00668471069,0.468894048247,1.40444083687,1.05428393121,1.16165728541
0.53375,0.13141433174,0.415515307011,0.25425825992,0.0410535841321,1.00799750406,0.470344794232,1.4120079669,1.04619985751,1.15952405257
0.535,0.131466751861,0.416776121229,0.254847096796,0.0428233094582,1.00930021034,0.471792858379,1.41952983601,1.03814463849,1.15736635971
0.53625,0.131521390014,0.418038557537,0.255437742066,0.0446024087221,1.01059286566,0.473238210131,1.42700609391,1.03011837907,1.15518423684
0.5375,0.131578257882,0.419302603393,0.256030192322,0.046390824693,1.01187550628,0.474680818971,1.43443639658,1.02212117903,1.15297771375
0.53875,0.131637367076,0.420568246302,0.256624444114,0.0481884997136,1.0131481686,0.476120654415,1.44182040614,1.01415313261,1.15074682064
0.54,0.131698729132,0.421835473815,0.257220493958,0.0499953757084,1.01441088912,0.477557686022,1.44915779096,1.00621432828,1.14849158729
0.54125,0.131762355515,0.423104273525,0.257818338329,0.051811394191,1.01566370443,0.478991883384,1.45644822535,0.998304849702,1.14621204268
0.5425,0.131828257617,0.424374633076,0.258417973666,0.0536364962717,1.01690665124,0.480423216129,1.46369139017,0.990424775512,1.14390821641
0.54375,0.131896446756,0.425646540153,0.259019396369,0.0554706226664,1.01813976636,0.481851653925,1.47088697289,0.982574178795,1.14158013794
0.545,0.131966934174,0.426919982492,0.259622602801,0.057313713704,1.01936308669,0.483277166474,1.47803466682,0.97475312723,1.13922783618
0.54625,0.13203973104,0.42819494787,0.260227589285,0.0591657093334,1.02057664918,0.484699723515,1.48513417134,0.966961684014,1.13685134
0.5475,0.132114848447,0.429471424114,0.26083435211,0.0610265491323,1.0217804909,0.486119294824,1.49218519248,0.959199907345,1.13445067821
0.54875,0.132192297413,0.430749399097,0.261442887522,0.0628961723146,1.02297464895,0.487535850211,1.49918744245,0.951467849905,1.1320258791
0.55,0.132272088878,0.432028860737,0.262053191735,0.0647745177384,1.02415916052,0.488949359522,1.50614063958,0.943765559714,1.12957697102
0.55125,0.132354233707,0.433309796999,0.262665260921,0.0666615239136,1.02533406285,0.490359792638,1.51304450871,0.936093080134,1.12710398221
0.5525,0.132438742688,0.434592195894,0.263279091217,0.0685571290102,1.02649939322,0.491767119477,1.51989878117,0.928450449533,1.12460694041
0.55375,0.13252562653,0.435876045482,0.26389467872,0.0704612708665,1.02765518897,0.493171309989,1.5267031938,0.920837701449,1.12208587315
0.555,0.132614895865,0.437161333866,0.264512019492,0.0723738869947,1.02880148748,0.49457233416,1.53345748998,0.91325486494,1.11954080797
0.55625,0.132706561247,0.4384480492,0.265131109555,0.0742949145915,1.02993832614,0.495970162009,1.54016141995,0.905701964268,1.11697177188
0.5575,0.132800633151,0.439736179682,0.265751944897,0.0762242905446,1.03106574239,0.49736476359,1.54681473952,0.898179019191,1.11437879194
0.55875,0.132897121973,0.441025713556,0.266374521464,0.0781619514402,1.03218377368,0.498756108989,1.55341721101,0.890686044522,1.11176189473
0.56,0.13299603803,0.442316639116,0.266998835169,0.0801078335721,1.0332924575,0.500144168326,1.55996860307,0.883223050891,1.10912110632
0.56125,0.133097391557,0.4436089447,0.267624881885,0.0820618729479,1.03439183131,0.501528911755,1.56646869019,0.875790044961,1.10645645308
0.5625,0.133201192712,0.444902618694,0.268252657449,0.0840240052976,1.03548193261,0.502910309459,1.57291725341,0.868387028231,1.10376796076
0.56375,0.133307451571,0.446197649532,0.268882157659,0.0859941660814,1.03656279888,0.504288331657,1.5793140798,0.861013997849,1.10105565474
0.565,0.133416178128,0.447494025691,0.269513378278,0.0879722904971,1.0376344676,0.505662948596,1.58565896285,0.853670947458,1.09831956032
0.56625,0.133527382297,0.448791735701,0.27014631503,0.0899583134886,1.03869697625,0.507034130557,1.59195170224,0.846357865828,1.09555970229
0.5675,0.133641073911,0.450090768132,0.270780963604,0.0919521697527,1.03975036227,0.508401847852,1.598192103,0.839074737246,1.09277610502
0.56875,0.133757262721,0.451391111606,0.27141731965,0.0939537937461,1.04079466309,0.50976607082,1.60437997724,0.83182154284,1.08996879314
0.57,0.133875958396,0.45269275479,0.272055378781,0.0959631196958,1.04182991613,0.511126769835,1.61051514307,0.824598259169,1.08713779045
0.57125,0.133997170521,0.453995686397,0.272695136575,0.0979800816038,1.04285615874,0.512483915296,1.61659742404,0.817404858356,1.08428312005
0.5725,0.1341209086,0.455299895187,0.273336588569,0.100004613256,1.04387342827,0.513837477635,1.62262665061,0.810241308705,1.0814048056
0.57375,0.134247182054,0.456605369967,0.273979730269,0.10203664823,1.04488176201,0.51518742731,1.62860265877,0.803107575075,1.07850286996
0.575,0.13437600022,0.457912099592,0.274624557138,0.104076119903,1.04588119721,0.51653373481,1.63452529048,0.796003618518,1.07557733529
0.57625,0.134507372353,0.45922007296,0.275271064606,0.106122961456,1.04687177106,0.517876370648,1.64039439412,0.788929395208,1.07262822384
0.5775,0.134641307624,0.460529279019,0.275919248064,0.108177105888,1.0478535207,0.519215305369,1.64620982378,0.781884858145,1.06965555755
0.57875,0.134777815118,0.461839706762,0.276569102869,0.110238486016,1.0488264832,0.520550509542,1.65197143954,0.774869957229,1.06665935746
0.58,0.134916903839,0.463151345227,0.277220624338,0.112307034487,1.04979069559,0.521881953763,1.6576791074,0.767884637742,1.06363964451
0.58125,0.135058582704,0.464464183501,0.277873807753,0.114382683784,1.0507461948,0.523209608654,1.66333269931,0.760928841623,1.06059643962
0.5825,0.135202860548,0.465778210714,0.27852864836,0.116465366235,1.0516930177,0.524533444862,1.66893209308,0.754002507244,1.05752976255
0.58375,0.13534974612,0.467093416045,0.279185141366,0.118555014017,1.05263120107,0.52585343306,1.67447717257,0.747105569542,1.05443963316
0.585,0.135499248083,0.468409788717,0.279843281942,0.120651559167,1.05356078162,0.527169543945,1.6799678271,0.740237960258,1.05132607098
0.58625,0.135651375018,0.469727317999,0.280503065225,0.122754933585,1.05448179597,0.528481748237,1.6854039518,0.733399606929,1.04818909443
0.5875,0.135806135417,0.471045993207,0.281164486313,0.124865069046,1.05539428064,0.529790016681,1.6907854477,0.726590433919,1.04502872214
0.58875,0.13596353769,0.472365803701,0.281827540267,0.126981897204,1.05629827205,0.531094320043,1.69611222187,0.719810362637,1.04184497239
0.59,0.13612359016,0.473686738887,0.282492222113,0.129105349601,1.05719380654,0.532394629112,1.7013841866,0.713059311124,1.03863786252
0.59125,0.136286301064,0.475008788217,0.28315852684,0.131235357671,1.05808092033,0.533690914699,1.7066012596,0.706337194037,1.03540740955
0.5925,0.136451678555,0.476331941188,0.2838264494,0.13337185275,1.05895964953,0.534983147636,1.71176336516,0.699643922599,1.03215363024
0.59375,0.136619730696,0.477656187341,0.284495984709,0.135514766083,1.05983003014,0.536271298775,1.71687043231,0.692979405187,1.02887654066
0.595,0.13679046547,0.478981516263,0.285167127647,0.137664028831,1.06069209804,0.537555338987,1.72192239567,0.686343546943,1.02557615664
0.59625,0.136963890768,0.480307917586,0.285839873057,0.139819572073,1.061545889,0.538835239166,1.72691919591,0.679736250129,1.02225249357
0.5975,0.1371400144,0.481635380986,0.286514215745,0.14198132682,1.06239143867,0.540110970221,1.73186077878,0.673157413758,1.01890556584
0.59875,0.137318844085,0.482963896183,0.287190150482,0.14414922402,1.06322878254,0.541382503081,1.73674709544,0.666606933839,1.01553538773
0.6,0.13750038746,0.484293452942,0.287867672002,0.146323194559,1.064057956,0.542649808691,1.74157810249,0.660084703736,1.01214197321
0.60125,0.137684652072,0.485624041073,0.288546775004,0.148503169276,1.0648789943,0.543912858014,1.74635376208,0.653590613638,1.00872533544
0.6025,0.137871645383,0.486955650428,0.289227454148,0.150689078964,1.06569193254,0.545171622029,1.75107404161,0.647124551062,1.00528548708
0.60375,0.138061374769,0.488288270904,0.289909704059,0.15288085438,1.06649680568,0.546426071732,1.75573891337,0.640686400698,1.00182244047
0.605,0.138253847519,0.489621892442,0.290593519327,0.155078426248,1.06729364854,0.54767617813,1.76034835526,0.634276044707,0.998336207289
0.60625,0.138449070835,0.490956505025,0.291278894504,0.157281725268,1.06808249579,0.54892191225,1.76490235056,0.627893362071,0.994826798609
0.6075,0.138647051832,0.492292098682,0.291965824107,0.159490682124,1.06886338194,0.550163245127,1.76940088715,0.621538229223,0.991294225281
0.60875,0.13884779754,0.49362866348,0.292654302617,0.161705227486,1.06963634136,0.551400147813,1.77384395826,0.615210520391,0.987738497253
0.61,0.139051314901,0.494966189535,0.293344324477,0.16392529202,1.07040140824,0.55263259137,1.77823156228,0.608910106871,0.984159623943
0.61125,0.13925761077,0.496304667001,0.294035884095,0.166150806392,1.07115861663,0.553860546873,1.78256370254,0.602636857479,0.980557614611
0.6125,0.139466691917,0.497644086076,0.294728975844,0.168381701276,1.07190800039,0.555083985407,1.78684038747,0.596390638566,0.976932477744
0.61375,0.139678565023,0.498984437002,0.295423594059,0.17061790736,1.07264959322,0.556302878067,1.79106163,0.590171313979,0.973284221163
0.615,0.139893236685,0.50032571006,0.296119733039,0.172859355351,1.07338342867,0.55751719596,1.79522744816,0.583978745317,0.969612852055
0.61625,0.140110713412,0.501667895574,0.296817387049,0.175105975981,1.07410954009,0.558726910197,1.79933786522,0.577812791698,0.965918377403
0.6175,0.140331001625,0.50301098391,0.297516550315,0.177357700014,1.07482796065,0.559931991903,1.80339290868,0.571673309798,0.962200803406
0.61875,0.140554107662,0.504354965475,0.298217217029,0.179614458252,1.07553872336,0.561132412206,1.80739261073,0.5655601542,0.958460135314
0.62,0.140780037771,0.505699830718,0.298919381345,0.181876181541,1.07624186104,0.562328142241,1.81133700888,0.559473177293,0.954696378693
0.62125,0.141008798116,0.507045570128,0.299623037384,0.184142800775,1.07693740631,0.563519153153,1.81522614493,0.553412228976,0.950909537795
0.6225,0.141240394773,0.508392174234,0.300328179228,0.186414246903,1.07762539161,0.564705416086,1.81906006464,0.547377157181,0.947099616093
0.62375,0.141474833733,0.509739633607,0.301034800924,0.188690450936,1.0783058492,0.565886902193,1.82283881909,0.541367807682,0.943266617225
0.625,0.1417121209,0.511087938857,0.301742896484,0.190971343951,1.07897881113,0.567063582629,1.82656246395,0.535384024124,0.939410543697
0.62625,0.141952262093,0.512437080635,0.302452459881,0.193256857096,1.07964430926,0.568235428552,1.83023105886,0.52942564829,0.935531397613
0.6275,0.142195263043,0.51378704963,0.303163485055,0.195546921598,1.08030237525,0.569402411123,1.83384466826,0.523492519596,0.931629180485
0.62875,0.142441129397,0.515137836573,0.303875965909,0.197841468767,1.08095304056,0.570564501503,1.8374033601,0.517584475779,0.927703892853
0.63,0.142689866715,0.516489432231,0.304589896309,0.200140429998,1.08159633644,0.571721670855,1.84090720722,0.511701352684,0.923755535035
0.63125,0.142941480472,0.517841827414,0.305305270086,0.202443736785,1.08223229394,0.572873890341,1.84435628735,0.505842983796,0.919784106532
0.6325,0.143195976057,0.519195012966,0.306022081035,0.204751320717,1.0828609439,0.574021131121,1.84775068135,0.500009201119,0.915789606211
0.63375,0.143453358774,0.520548979774,0.306740322914,0.207063113488,1.08348231694,0.575163364356,1.85109047458,0.494199835111,0.911772032543
0.635,0.143713633841,0.521903718759,0.307459989446,0.209379046903,1.08409644349,0.576300561203,1.85437575645,0.488414713823,0.907731383109
0.63625,0.143976806391,0.523259220882,0.308181074317,0.211699052879,1.08470335373,0.577432692814,1.85760662041,0.482653663732,0.903667654779
0.6375,0.144242881473,0.524615477143,0.308903571178,0.214023063454,1.08530307764,0.57855973034,1.86078316428,0.476916509945,0.899580843946
0.63875,0.14451186405,0.525972478576,0.309627473643,0.21635101079,1.085895645,0.579681644924,1.86390548909,0.471203075347,0.895470946443
0.64,0.144783759,0.527330216255,0.31035277529,0.218682827177,1.08648108533,0.580798407706,1.86697370019,0.465513181575,0.891337957262
0.64125,0.145058571117,0.52868868129,0.311079469662,0.22101844504,1.08705942796,0.581909989817,1.86998790695,0.459846648619,0.887181870542
0.6425,0.145336305112,0.530047864825,0.311807550264,0.223357796944,1.08763070195,0.583016362382,1.87294822193,0.454203294521,0.883002680234
0.64375,0.14561696561,0.531407758045,0.312537010568,0.225700815595,1.08819493619,0.584117496518,1.87585476187,0.448582936303,0.878800379564
0.645,0.145900557151,0.532768352166,0.313267844006,0.228047433849,1.0887521593,0.585213363331,1.87870764706,0.4429853891,0.874574960631
0.64625,0.146187084194,0.534129638443,0.314000043976,0.230397584713,1.08930239966,0.586303933919,1.88150700126,0.4374104666,0.870326415134
0.6475,0.146476551113,0.535491608165,0.314733603841,0.232751201352,1.08984568546,0.587389179369,1.88425295192,0.431857981175,0.866054734047
0.64875,0.146768962198,0.536854252657,0.315468516925,0.235108217093,1.09038204462,0.588469070754,1.88694563001,0.426327743685,0.861759907985
0.65,0.147064321656,0.538217563277,0.316204776517,0.237468565427,1.09091150482,0.589543579139,1.88958517001,0.420819563612,0.857441926541
0.65125,0.147362633611,0.539581531419,0.316942375872,0.239832180018,1.09143409353,0.590612675571,1.89217170959,0.415333249123,0.853100778392
0.6525,0.147663902106,0.54094614851,0.317681308206,0.242198994701,1.09194983794,0.591676331085,1.8947053898,0.409868607039,0.848736452093
0.65375,0.147968131098,0.542311406013,0.3184215667,0.244568943492,1.09245876504,0.592734516701,1.89718635532,0.40442544273,0.844348935163
0.655,0.148275324465,0.543677295423,0.319163144498,0.246941960589,1.09296090155,0.593787203423,1.89961475386,0.399003560619,0.83993821442
0.65625,0.148585486,0.545043808267,0.319906034709,0.249317980377,1.09345627395,0.594834362237,1.901990736,0.393602763677,0.835504276148
0.6575,0.148898619416,0.546410936108,0.320650230404,0.251696937429,1.09394490846,0.595875964113,1.9043144558,0.388222853542,0.831047105532
0.65875,0.149214728343,0.547778670538,0.321395724619,0.254078766516,1.09442683108,0.596911980001,1.9065860706,0.382863631182,0.826566687584
0.66,0.149533816332,0.549147003186,0.322142510354,0.256463402606,1.09490206754,0.597942380832,1.90880574043,0.377524895816,0.822063006524
0.66125,0.14985588685,0.550515925707,0.322890580571,0.258850780867,1.09537064332,0.598967137517,1.91097362812,0.372206445638,0.817536045258
0.6625,0.150180943284,0.551885429794,0.323639928198,0.261240836676,1.09583258365,0.599986220945,1.91308989993,0.366908078331,0.812985786479
0.66375,0.150508988941,0.553255507166,0.324390546123,0.263633505617,1.09628791351,0.600999601983,1.91515472494,0.361629589861,0.808412212314
0.665,0.150840027048,0.554626149578,0.325142427202,0.266028723489,1.09673665763,0.602007251476,1.91716827452,0.35637077533,0.803815303823
0.66625,0.15117406075,0.555997348811,0.325895564252,0.268426426304,1.09717884045,0.603009140243,1.91913072331,0.351131429204,0.799195041418
0.6675,0.151511093114,0.557369096679,0.326649950053,0.270826550297,1.0976144862,0.60400523908,1.92104224865,0.345911344471,0.79455140467
0.66875,0.151851127126,0.558741385026,0.32740557735,0.273229031925,1.09804361881,0.604995518755,1.92290303019,0.340710313151,0.789884372659
0.67,0.152194165694,0.560114205726,0.32816243885,0.275633807872,1.09846626198,0.605979950011,1.92471325058,0.335528126743,0.785193923775
0.67125,0.152540211646,0.561487550681,0.328920527225,0.278040815052,1.09888243913,0.606958503564,1.92647309476,0.330364575746,0.780480035269
0.6725,0.152889267731,0.562861411824,0.329679835109,0.280449990609,1.09929217342,0.607931150099,1.92818275032,0.325219449451,0.775742684061
0.67375,0.153241336622,0.564235781115,0.3304403551,0.282861271927,1.09969548775,0.608897860274,1.92984240747,0.320092536583,0.77098184621
0.675,0.153596420911,0.565610650543,0.33120207976,0.285274596628,1.10009240476,0.609858604715,1.93145225844,0.314983625105,0.766197496705
0.67625,0.153954523114,0.566986012126,0.331965001612,0.287689902574,1.10048294682,0.610813354016,1.93301249795,0.309892501798,0.761389610182
0.6775,0.154315645668,0.56836185791,0.332729113145,0.290107127873,1.10086713602,0.61176207874,1.93452332329,0.304818953055,0.75655816064
0.67875,0.154679790933,0.569738179966,0.333494406809,0.292526210882,1.1012449942,0.612704749418,1.93598493381,0.299762764325,0.751703120909
0.68,0.155046961195,0.571114970396,0.334260875018,0.294947090207,1.10161654293,0.613641336543,1.93739753097,0.29472372039,0.746824463249
0.68125,0.155417158659,0.572492221324,0.33502851015,0.297369704709,1.1019818035,0.614571810576,1.93876131854,0.289701605425,0.741922159125
0.6825,0.155790385456,0.573869924904,0.335797304545,0.299793993504,1.10234079694,0.61549614194,1.9400765024,0.284696202493,0.736996179205
0.68375,0.156166643643,0.575248073316,0.336567250505,0.302219895965,1.10269354401,0.616414301024,1.94134329031,0.279707294351,0.732046493624
0.685,0.156545935196,0.576626658764,0.337338340297,0.304647351729,1.10304006518,0.617326258175,1.94256189232,0.274734663299,0.72707307171
0.68625,0.156928262022,0.578005673479,0.33811056615,0.307076300696,1.10338038067,0.618231983703,1.94373252033,0.269778090637,0.722075881799
0.6875,0.157313625948,0.579385109716,0.338883920256,0.30950668303,1.1037145104,0.619131447879,1.94485538792,0.264837357122,0.7170548913
0.68875,0.157702028729,0.580764959755,0.33965839477,0.311938439166,1.10404247406,0.620024620931,1.94593071085,0.25991224303,0.712010067241
0.69,0.158093472046,0.582145215901,0.340433981809,0.314371509807,1.10436429101,0.620911473047,1.94695870665,0.255002528115,0.706941376075
0.69125,0.158487957504,0.583525870483,0.341210673453,0.316805835932,1.10467998038,0.621791974371,1.94793959442,0.250107991599,0.701848783035
0.6925,0.158885486636,0.584906915852,0.341988461745,0.319241358793,1.10498956099,0.622666095005,1.94887359513,0.245228412086,0.696732252447
0.69375,0.159286060901,0.586288344385,0.34276733869,0.32167801992,1.10529305141,0.623533805003,1.94976093165,0.240363567684,0.691591748114
0.695,0.159689681686,0.587670148481,0.343547296257,0.324115761123,1.10559046991,0.624395074375,1.95060182815,0.235513236089,0.686427233313
0.69625,0.160096350304,0.58905232056,0.344328326376,0.326554524491,1.1058818345,0.625249873086,1.95139651013,0.23067719452,0.681238670359
0.6975,0.160506067997,0.590434853067,0.34511042094,0.328994252398,1.1061671629,0.626098171051,1.95214520527,0.225855219992,0.676026020585
0.69875,0.160918835935,0.591817738467,0.345893571804,0.331434887504,1.10644647255,0.626939938137,1.95284814264,0.221047088735,0.670789244498
0.7,0.161334655216,0.593200969248,0.346677770785,0.333876372754,1.10671978062,0.627775144162,1.95350555234,0.216252576365,0.665528302011
0.70125,0.161753526867,0.594584537919,0.347463009664,0.336318651385,1.10698710399,0.628603758892,1.95411766612,0.211471459033,0.660243152481
0.7025,0.162175451844,0.595968437008,0.348249280182,0.33876166692,1.10724845927,0.629425752043,1.95468471716,0.206703511901,0.654933754072
0.70375,0.162600431034,0.597352659067,0.349036574044,0.341205363178,1.10750386277,0.630241093278,1.95520693978,0.201948509527,0.64960006423
0.705,0.163028465252,0.598737196665,0.349824882916,0.343649684269,1.10775333054,0.631049752204,1.95568456969,0.197206226767,0.644242039698
0.70625,0.163459555245,0.600122042393,0.350614198425,0.346094574602,1.10799687834,0.631851698377,1.95611784396,0.192476437792,0.638859636547
0.7075,0.163893701689,0.601507188861,0.351404512162,0.348539978879,1.10823452163,0.632646901295,1.95650700051,0.187758916513,0.633452809848
0.70875,0.164330905192,0.602892628697,0.352195815678,0.350985842103,1.10846627563,0.633435330401,1.95685227865,0.183053436831,0.628021513785
0.71,0.164771166294,0.60427835455,0.352988100488,0.353432109576,1.10869215523,0.63421695508,1.95715391885,0.178359771985,0.622565702122
0.71125,0.165214485466,0.605664359085,0.353781358066,0.3558787269,1.10891217506,0.634991744657,1.95741216246,0.17367769517,0.617085327678
0.7125,0.165660863111,0.607050634988,0.354575579849,0.358325639982,1.10912634946,0.635759668399,1.95762725189,0.169006979479,0.61158034207
0.71375,0.166110299566,0.608437174959,0.355370757237,0.36077279503,1.10933469251,0.636520695512,1.95779943056,0.164347397561,0.60605069641
0.715,0.166562795099,0.609823971719,0.356166881588,0.363220138558,1.10953721796,0.63727479514,1.95792894274,0.159698721916,0.600496341428
0.71625,0.167018349912,0.611211018004,0.356963944225,0.365667617387,1.10973393931,0.638021936365,1.958016034,0.155060725217,0.594917226522
0.7175,0.167476964142,0.612598306567,0.357761936429,0.368115178643,1.10992486977,0.638762088206,1.95806095044,0.150433179567,0.589313300247
0.71875,0.167938637859,0.613985830178,0.358560849445,0.370562769763,1.11011002226,0.639495219616,1.95806393864,0.145815856763,0.583684510673
0.72,0.168403371067,0.615373581623,0.359360674478,0.37301033849,1.11028940941,0.640221299483,1.95802524664,0.141208528908,0.57803080482
0.72125,0.168871163705,0.616761553702,0.360161402694,0.375457832879,1.11046304358,0.640940296628,1.95794512281,0.136610967957,0.572352129075
0.7225,0.169342015649,0.618149739232,0.36096302522,0.377905201297,1.11063093683,0.641652179806,1.95782381642,0.132022945638,0.566648429037
0.72375,0.169815926708,0.619538131044,0.361765533143,0.38035239242,1.11079310095,0.642356917701,1.95766157744,0.127444233271,0.560919649286
0.725,0.17029289663,0.620926721984,0.362568917514,0.38279935524,1.11094954742,0.643054478929,1.95745865617,0.122874602437,0.555165733601
0.72625,0.170772925096,0.622315504913,0.363373169341,0.385246039061,1.11110028745,0.643744832035,1.95721530389,0.118313824885,0.549386625187
0.7275,0.171256011727,0.623704472703,0.364178279594,0.3876923935,1.11124533198,0.644427945492,1.9569317722,0.113761671855,0.543582266323
0.72875,0.17174215608,0.625093618242,0.364984239204,0.390138368491,1.11138469163,0.6451037877,1.95660831323,0.109217914701,0.537752598393
0.73,0.172231357649,0.626482934432,0.365791039063,0.392583914283,1.11151837677,0.645772326988,1.95624517977,0.104682324718,0.531897562109
0.73125,0.172723615866,0.627872414184,0.366598670022,0.395028981441,1.11164639744,0.646433531606,1.95584262503,0.100154673203,0.526017097229
0.7325,0.173218930102,0.629262050426,0.367407122892,0.397473520846,1.11176876345,0.647087369731,1.95540090259,0.0956347318265,0.520111142748
0.73375,0.173717299668,0.630651836093,0.368216388446,0.399917483697,1.11188548427,0.647733809463,1.95492026621,0.0911222717036,0.514179636968
0.735,0.174218723812,0.632041764136,0.369026457416,0.402360821511,1.11199656913,0.648372818823,1.95440097044,0.0866170639938,0.508222517306
0.73625,0.174723201722,0.633431827516,0.369837320493,0.404803486123,1.11210202693,0.649004365756,1.95384327013,0.0821188801297,0.502239720049
0.7375,0.175230732527,0.634822019204,0.37064896833,0.407245429687,1.11220186633,0.649628418123,1.95324741995,0.0776274917598,0.496231181125
0.73875,0.175741315296,0.636212332182,0.371461391539,0.409686604673,1.11229609566,0.650244943709,1.9526136751,0.0731426704874,0.490196835608
0.74,0.176254949039,0.637602759443,0.372274580689,0.412126963874,1.112384723,0.650853910212,1.95194229129,0.0686641875291,0.484136617513
0.74125,0.176771632706,0.638993293989,0.373088526314,0.414566460401,1.11246775613,0.651455285252,1.95123352411,0.064191814488,0.478050460094
0.7425,0.17729136519,0.640383928833,0.373903218903,0.417005047685,1.11254520254,0.652049036363,1.95048762926,0.0597253234445,0.471938295834
0.74375,0.177814145325,0.641774656995,0.374718648905,0.419442679475,1.11261706944,0.652635130992,1.94970486288,0.0552644858999,0.46580005652
0.745,0.178339971888,0.643165471507,0.37553480673,0.421879309842,1.11268336376,0.653213536504,1.94888548126,0.0508090738094,0.459635672962
0.74625,0.178868843599,0.644556365405,0.376351682746,0.424314893178,1.11274409212,0.653784220174,1.94802974032,0.0463588594812,0.453445075163
0.7475,0.179400759121,0.645947331737,0.377169267281,0.426749384193,1.1127992609,0.654347149192,1.94713789629,0.0419136147001,0.447228192365
0.74875,0.17993571706,0.647338363557,0.377987550619,0.429182737919,1.11284887616,0.654902290655,1.94621020556,0.0374731120473,0.440984952968
0.75,0.180473715966,0.648729453927,0.378806523007,0.431614909707,1.11289294368,0.655449611574,1.94524692446,0.0330371239215,0.434715284632
0.75125,0.181014754334,0.650120595916,0.379626174648,0.43404585523,1.11293146897,0.655989078867,1.94424830936,0.0286054226081,0.428419114064
0.7525,0.181558830604,0.6515117826,0.380446495704,0.43647553048,1.11296445724,0.656520659359,1.94321461628,0.0241777814153,0.422096367356
0.75375,0.18210594316,0.652903007059,0.381267476297,0.43890389177,1.11299191343,0.657044319785,1.9421461013,0.0197539731744,0.415746969634
0.755,0.182656090333,0.654294262383,0.382089106504,0.441330895733,1.11301384217,0.657560026784,1.94104302057,0.0153337707843,0.409370844909
0.75625,0.1832092704,0.655685541665,0.382911376363,0.443756499322,1.11303024785,0.658067746898,1.93990563018,0.0109169476673,0.402967917012
0.7575,0.183765481582,0.657076838003,0.383734275871,0.446180659809,1.11304113454,0.658567446576,1.93873418596,0.00650327733632,0.396538108669
0.75875,0.184324722049,0.658468144501,0.38455779498,0.448603334787,1.11304650605,0.659059092169,1.93752894317,0.00209253360026,0.390081341607
0.76,0.184886989919,0.659859454268,0.385381923601,0.451024482167,1.11304636588,0.65954264993,1.93629015722,-0.0023155095505,0.383597537132
0.76125,0.185452283255,0.661250760416,0.386206651605,0.45344406018,1.11304071727,0.660018086012,1.93501808353,-0.00672107817076,0.377086615174
0.7625,0.186020600069,0.662642056061,0.387031968816,0.455862027376,1.11302956318,0.660485366468,1.93371297698,-0.011124397679,0.370548495323
0.76375,0.186591938323,0.664033334324,0.387857865021,0.458278342622,1.11301290628,0.66094445725,1.93237509223,-0.0155256931748,0.363983096452
0.765,0.187166295926,0.665424588327,0.38868432996,0.460692965106,1.11299074895,0.661395324209,1.93100468376,-0.0199251900312,0.357390336092
0.76625,0.187743670736,0.666815811196,0.389511353331,0.463105854332,1.1129630933,0.661837933091,1.92960200556,-0.0243231132571,0.350770131433
0.7675,0.188324060562,0.66820699606,0.390338924792,0.46551697012,1.11292994117,0.662272249538,1.92816731129,-0.0287196872251,0.344122398485
0.76875,0.188907463161,0.669598136049,0.391167033955,0.46792627261,1.11289129408,0.662698239087,1.92670085463,-0.0331151358978,0.337447052686
0.77,0.189493876243,0.670989224295,0.39199567039,0.470333722257,1.11284715333,0.663115867169,1.92520288852,-0.0375096838297,0.330744008829
0.77125,0.190083297467,0.672380253932,0.392824823623,0.472739279831,1.11279751987,0.663525099109,1.92367366551,-0.0419035546656,0.32401318058
0.7725,0.190675724443,0.673771218095,0.393654483138,0.47514290642,1.11274239444,0.663925900121,1.92211343808,-0.0462969714817,0.317254480979
0.77375,0.191271154733,0.675162109919,0.394484638374,0.477544563426,1.11268177745,0.664318235311,1.92052245798,-0.0506901578775,0.31046782201
0.775,0.191869585851,0.676552922539,0.395315278726,0.479944212565,1.11261566904,0.664702069676,1.91890097644,-0.0550833363832,0.303653115077
0.77625,0.192471015264,0.677943649091,0.396146393548,0.482341815867,1.1125440691,0.665077368099,1.91724924448,-0.0594767295752,0.296810270936
0.7775,0.193075440391,0.679334282711,0.396977972146,0.484737335676,1.11246697722,0.665444095353,1.91556751288,-0.0638705599612,0.289939199195
0.77875,0.193682858603,0.680724816534,0.397810003786,0.48713073465,1.1123843927,0.665802216097,1.91385603146,-0.0682650489352,0.283039808767
0.78,0.194293267228,0.682115243693,0.398642477687,0.489521975755,1.1122963146,0.666151694875,1.91211504931,-0.0726604183228,0.276112007919
0.78125,0.194906663543,0.683505557321,0.399475383023,0.491911022273,1.11220274166,0.666492496117,1.91034481574,-0.0770568893358,0.269155704132
0.7825,0.195523044783,0.684895750547,0.400308708927,0.494297837794,1.11210367237,0.666824584135,1.90854557924,-0.0814546827541,0.262170803615
0.78375,0.196142408137,0.686285816502,0.401142444484,0.496682386221,1.11199910495,0.667147923126,1.90671758737,-0.0858540191076,0.255157212223
0.785,0.196764750749,0.68767574831,0.401976578735,0.499064631763,1.11188903733,0.667462477166,1.90486108754,-0.0902551187664,0.248114835267
0.78625,0.197390069717,0.689065539095,0.402811100677,0.50144453894,1.11177346716,0.667768210214,1.90297632663,-0.0946582013967,0.241043576671
0.7875,0.198018362096,0.690455181978,0.40364599926,0.503822072579,1.11165239182,0.668065086108,1.90106355048,-0.0990634860727,0.233943339776
0.78875,0.198649624898,0.691844670075,0.404481263392,0.506197197816,1.11152580844,0.668353068564,1.89912300468,-0.103471192347,0.226814027269
0.79,0.199283855091,0.693233996499,0.405316881932,0.508569880091,1.11139371384,0.668632121176,1.89715493432,-0.107881538815,0.219655540957
0.79125,0.199921049598,0.694623154359,0.406152843695,0.510940085152,1.11125610459,0.668902207416,1.89515958332,-0.11229474369,0.212467781841
0.7925,0.200561205304,0.69601213676,0.40698913745,0.513307779049,1.11111297698,0.669163290631,1.89313719541,-0.116711024907,0.205250650151
0.79375,0.201204319046,0.697400936802,0.407825751921,0.51567292814,1.11096432703,0.669415334041,1.89108801366,-0.121130599791,0.198004045455
0.795,0.201850387624,0.698789547578,0.408662675785,0.518035499084,1.11081015048,0.669658300744,1.88901228022,-0.125553685712,0.190727866345
0.79625,0.202499407794,0.700177962178,0.409499897673,0.520395458841,1.11065044282,0.669892153707,1.88691023683,-0.129980499355,0.183422010696
0.7975,0.203151376271,0.701566173685,0.41033740617,0.522752774676,1.11048519924,0.670116855771,1.88478212428,-0.134411256909,0.176086375745
0.79875,0.20380628973,0.702954175176,0.411175189813,0.525107414152,1.11031441467,0.670332369647,1.88262818267,-0.138846174286,0.168720857732
0.8,0.204464144806,0.704341959722,0.412013237094,0.527459345132,1.1101380838,0.670538657915,1.88044865174,-0.143285467084,0.161325352155
0.80125,0.205124938093,0.705729520385,0.412851536457,0.529808535781,1.10995620101,0.670735683027,1.87824377028,-0.147729350306,0.153899754025
0.8025,0.205788666146,0.707116850224,0.413690076301,0.532154954558,1.10976876042,0.6709234073,1.87601377627,-0.152178038343,0.146443957317
0.80375,0.20645532548,0.708503942286,0.414528844976,0.534498570222,1.10957575591,0.67110179292,1.87375890706,-0.156631745676,0.138957855234
0.805,0.207124912571,0.709890789614,0.415367830784,0.536839351826,1.10937718106,0.671270801938,1.87147939923,-0.161090685947,0.131441340488
0.80625,0.207797423859,0.711277385239,0.41620702198,0.53917726872,1.1091730292,0.671430396271,1.86917548868,-0.165555072317,0.123894304647
0.8075,0.208472855743,0.712663722187,0.417046406774,0.541512290547,1.10896329338,0.6715805377,1.86684741055,-0.170025117745,0.116316638741
0.80875,0.209151204586,0.714049793473,0.417885973325,0.543844387246,1.1087479664,0.671721187868,1.86449539909,-0.174501034667,0.108708232995
0.81,0.209832466711,0.715435592103,0.418725709744,0.546173529045,1.10852704079,0.671852308282,1.86211968789,-0.178983035107,0.101068976903
0.81125,0.210516638408,0.716821111075,0.419565604095,0.548499686466,1.10830050881,0.671973860311,1.8597205098,-0.18347133032,0.0933987593385
0.8125,0.211203715927,0.718206343375,0.420405644395,0.55082283032,1.10806836247,0.672085805181,1.85729809672,-0.187966131307,0.0856974682506
0.81375,0.211893695484,0.719591281981,0.421245818608,0.553142931708,1.10783059349,0.672188103981,1.85485267997,-0.19246764889,0.0779649908054
0.815,0.212586573257,0.720975919859,0.422086114655,0.55545996202,1.10758719334,0.672280717658,1.85238449014,-0.196976092934,0.0702012135093
0.81625,0.213282345389,0.722360249964,0.422926520403,0.557773892933,1.10733815325,0.672363607015,1.84989375656,-0.201491672965,0.0624060222435
0.8175,0.213981007989,0.723744265242,0.423767023672,0.560084696411,1.10708346416,0.672436732713,1.8473807081,-0.206014598234,0.0545793020137
0.81875,0.21468255713,0.725127958624,0.424607612234,0.562392344703,1.10682311676,0.67250005527,1.84484557325,-0.210545077334,0.0467209370982
0.82,0.215386988851,0.726511323034,0.42544827381,0.564696810344,1.10655710147,0.672553535056,1.84228857898,-0.215083318381,0.0388308110927
0.82125,0.216094299156,0.727894351378,0.426288996072,0.566998066151,1.10628540846,0.672597132298,1.83970995158,-0.21962952892,0.0309088068889
0.8225,0.216804484016,0.729277036555,0.427129766641,0.569296085223,1.10600802765,0.672630807073,1.83710991685,-0.224183916043,0.0229548067296
0.82375,0.217517539369,0.730659371447,0.42797057309,0.571590840943,1.10572494867,0.672654519315,1.83448869963,-0.228746686389,0.0149686918235
0.825,0.218233461119,0.732041348926,0.428811402939,0.573882306972,1.10543616093,0.672668228803,1.83184652383,-0.233318046344,0.00695034294716
0.82625,0.218952245136,0.73342296185,0.429652243662,0.576170457252,1.10514165356,0.672671895172,1.8291836126,-0.237898201226,-0.00110035974785
0.8275,0.219673887262,0.73480420306,0.430493082677,0.578455266004,1.10484141543,0.672665477904,1.82650018867,-0.242487355808,-0.0091835371677
0.82875,0.220398383301,0.736185065388,0.431333907356,0.580736707724,1.10453543517,0.672648936329,1.82379647326,-0.247085715318,-0.017299310582
0.83,0.221125729031,0.737565541648,0.432174705018,0.583014757187,1.10422370114,0.672622229627,1.82107268704,-0.251693483369,-0.025447801977
0.83125,0.221855920194,0.738945624641,0.43301546293,0.585289389442,1.10390620146,0.672585316824,1.8183290503,-0.256310863301,-0.0336291343046
0.8325,0.222588952505,0.740325307152,0.43385616831,0.587560579813,1.10358292398,0.672538156791,1.8155657818,-0.260938058432,-0.0418434311428
0.83375,0.223324821644,0.741704581951,0.434696808322,0.589828303896,1.10325385631,0.672480708246,1.81278309988,-0.265575270964,-0.0500908165122
0.835,0.224063523264,0.743083441793,0.435537370081,0.592092537562,1.1029189858,0.67241292975,1.80998122217,-0.270222702807,-0.0583714153208
0.83625,0.224805052988,0.744461879415,0.436377840647,0.594353256952,1.10257829955,0.672334779708,1.80716036532,-0.274880555139,-0.0666853529879
0.8375,0.225549406407,0.745839887542,0.43721820703,0.596610438476,1.10223178442,0.672246216368,1.80432074506,-0.279549028846,-0.0750327556602
0.83875,0.226296579084,0.747217458876,0.438058456188,0.598864058814,1.10187942698,0.672147197819,1.80146257633,-0.284228324267,-0.0834137504285
0.84,0.227046566554,0.748594586109,0.438898575025,0.601114094916,1.1015212136,0.672037681992,1.79858607341,-0.288918640945,-0.0918284647128
0.84125,0.227799364321,0.749971261911,0.439738550393,0.603360523998,1.10115713038,0.671917626657,1.79569144977,-0.293620177581,-0.100277026547
0.8425,0.228554967864,0.751347478935,0.440578369091,0.605603323541,1.10078716316,0.671786989425,1.79277891816,-0.298333132901,-0.108759564864
0.84375,0.22931337263,0.752723229818,0.441418017866,0.607842471293,1.10041129755,0.671645727745,1.78984869026,-0.303057705105,-0.117276209141
0.845,0.230074574042,0.754098507179,0.442257483411,0.610077945266,1.1000295189,0.671493798902,1.78690097682,-0.307794091373,-0.125827089528
0.84625,0.230838567493,0.755473303616,0.443096752364,0.612309723735,1.09964181232,0.671331160021,1.78393598806,-0.312542488268,-0.134412336831
0.8475,0.231605348351,0.75684761171,0.443935811311,0.614537785237,1.09924816268,0.67115776806,1.78095393375,-0.317303091902,-0.143032082269
0.84875,0.232374911956,0.758221424022,0.444774646784,0.61676210857,1.09884855459,0.670973579815,1.77795502253,-0.322076097996,-0.151686457752
0.85,0.233147253623,0.759594733096,0.44561324526,0.618982672793,1.09844297243,0.670778551916,1.77493946177,-0.326861701524,-0.160375596192
0.85125,0.233922368638,0.760967531453,0.446451593163,0.621199457224,1.09803140034,0.670572640825,1.77190745874,-0.331660096936,-0.169099630909
0.8525,0.234700252266,0.762339811597,0.447289676862,0.62341244144,1.09761382219,0.670355802839,1.76885921994,-0.336471477681,-0.177858695338
0.85375,0.235480899742,0.763711566009,0.448127482671,0.625621605274,1.09719022164,0.670127994086,1.7657949506,-0.3412960368,-0.186652923901
0.855,0.236264306279,0.765082787151,0.448964996847,0.627826928816,1.0967605821,0.669889170529,1.76271485552,-0.346133967218,-0.195482452114
0.85625,0.237050467064,0.766453467464,0.449802205597,0.630028392413,1.09632488672,0.669639287956,1.75961913883,-0.350985460659,-0.204347415581
0.8575,0.23783937726,0.767823599368,0.450639095067,0.632225976663,1.09588311845,0.66937830199,1.75650800378,-0.355850708002,-0.213247950001
0.85875,0.238631032006,0.76919317526,0.451475651352,0.634419662422,1.09543525995,0.669106168081,1.75338165263,-0.360729900126,-0.222184192501
0.86,0.239425426416,0.770562187518,0.452311860488,0.636609430795,1.0949812937,0.668822841509,1.75024028729,-0.36562322714,-0.231156280631
0.86125,0.240222555583,0.771930628494,0.453147708456,0.63879526314,1.09452120189,0.66852827738,1.74708410879,-0.370530878058,-0.24016435184
0.8625,0.241022414574,0.773298490522,0.453983181181,0.640977141067,1.0940549665,0.668222430629,1.74391331731,-0.375453041647,-0.249208544972
0.86375,0.241824998435,0.774665765911,0.454818264532,0.643155046434,1.09358256928,0.667905256017,1.74072811269,-0.380389905968,-0.258288999134
0.865,0.24263030219,0.776032446946,0.455652944321,0.645328961349,1.09310399174,0.667576708131,1.73752869358,-0.385341658057,-0.267405853526
0.86625,0.243438320839,0.77739852589,0.456487206303,0.647498868168,1.09261921514,0.667236741383,1.73431525807,-0.390308484862,-0.276559248584
0.8675,0.24424904936,0.778763994983,0.457321036175,0.649664749494,1.09212822052,0.66688531001,1.73108800387,-0.395290572351,-0.285749324894
0.86875,0.245062482712,0.780128846441,0.458154419578,0.651826588177,1.09163098871,0.666522368071,1.72784712779,-0.400288105561,-0.294976223347
0.87,0.245878615831,0.781493072455,0.458987342095,0.653984367313,1.09112750026,0.666147869451,1.72459282576,-0.405301269302,-0.304240085927
0.87125,0.246697443631,0.782856665192,0.459819789251,0.656138070242,1.09061773553,0.665761767856,1.72132529316,-0.410330247519,-0.313541054868
0.8725,0.247518961006,0.784219616794,0.460651746514,0.658287680546,1.09010167464,0.665364016814,1.71804472502,-0.415375223088,-0.32287927254
0.87375,0.248343162832,0.785581919379,0.461483199293,0.660433182054,1.08957929747,0.664954569675,1.71475131536,-0.42043637859,-0.332254882289
0.875,0.249170043962,0.786943565038,0.462314132939,0.662574558835,1.08905058369,0.664533379608,1.71144525772,-0.425513896244,-0.341668027909
0.87625,0.249999599229,0.788304545838,0.463144532742,0.664711795198,1.08851551273,0.664100399605,1.70812674496,-0.430607956605,-0.351118853234
0.8775,0.25083182345,0.78966485382,0.463974383938,0.666844875697,1.0879740638,0.663655582475,1.70479596925,-0.435718739846,-0.360607502796
0.87875,0.251666711418,0.791024480997,0.464803671698,0.668973785122,1.08742621588,0.663198880848,1.70145312238,-0.440846426295,-0.370134122113
0.88,0.252504257912,0.792383419359,0.46563238114,0.671098508503,1.08687194774,0.66273024717,1.69809839534,-0.445991194238,-0.379698856432
0.88125,0.25334445769,0.793741660867,0.466460497316,0.67321903111,1.0863112379,0.662249633707,1.69473197838,-0.451153221593,-0.389301851544
0.8825,0.25418730549,0.795099197454,0.467288005224,0.675335338449,1.08574406468,0.661756992541,1.69135406157,-0.456332686076,-0.39894325389
0.88375,0.255032796036,0.796456021028,0.468114889798,0.677447416264,1.08517040618,0.661252275572,1.68796483451,-0.461529764038,-0.408623210024
0.885,0.255880924031,0.79781212347,0.468941135913,0.679555250535,1.08459024027,0.660735434516,1.68456448573,-0.466744631376,-0.418341867748
0.88625,0.256731684162,0.799167496629,0.469766728384,0.681658827478,1.08400354461,0.660206420903,1.68115320312,-0.471977463098,-0.428099374415
0.8875,0.2575850711,0.800522132331,0.470591651965,0.683758133543,1.08341029662,0.65966518608,1.67773117454,-0.477228433283,-0.437895877644
0.88875,0.258441079496,0.801876022371,0.471415891349,0.685853155415,1.08281047352,0.659111681209,1.67429858754,-0.482497715348,-0.447731526106
0.89,0.259299703988,0.803229158515,0.472239431168,0.687943880012,1.08220405233,0.658545857265,1.67085562864,-0.487785482233,-0.457606468478
0.89125,0.260160939196,0.804581532501,0.473062255992,0.690030294486,1.08159100982,0.657967665038,1.6674024838,-0.493091905378,-0.467520854033
0.8925,0.261024779724,0.805933136039,0.473884350331,0.692112386221,1.08097132256,0.65737705513,1.66393933882,-0.498417155609,-0.477474831973
0.89375,0.261891220162,0.807283960808,0.47470569863,0.694190142833,1.08034496693,0.656773977958,1.66046637899,-0.503761403502,-0.487468552069
0.895,0.262760255081,0.808633998457,0.475526285276,0.696263552169,1.07971191905,0.65615838375,1.65698378908,-0.5091248182,-0.497502164978
0.89625,0.263631879042,0.809983240606,0.47634609459,0.698332602306,1.07907215488,0.655530222545,1.6534917534,-0.514507568073,-0.507575820734
0.8975,0.264506086587,0.811331678844,0.477165110832,0.700397281552,1.07842565013,0.654889444198,1.64999045589,-0.519909820855,-0.517689669857
0.89875,0.265382872246,0.812679304731,0.4779833182,0.702457578446,1.07777238033,0.654235998371,1.6464800801,-0.52533174312,-0.527843863802
0.9,0.266262230533,0.814026109795,0.478800700828,0.704513481753,1.07711232078,0.653569834538,1.64296080912,-0.530773500645,-0.538038553805
0.90125,0.26714415595,0.815372085533,0.479617242786,0.706564980468,1.07644544658,0.652890901986,1.63943282568,-0.536235258619,-0.548273891604
0.9025,0.268028642984,0.816717223411,0.480432928083,0.708612063817,1.07577173263,0.652199149809,1.63589631208,-0.541717181159,-0.558550029155
0.90375,0.26891568611,0.818061514864,0.481247740661,0.710654721249,1.07509115363,0.651494526913,1.63235145028,-0.547219431132,-0.568867118147
0.905,0.269805279788,0.819404951295,0.4820616644,0.712692942442,1.07440368405,0.650776982014,1.62879842217,-0.552742170817,-0.579225311321
0.90625,0.270697418466,0.820747524075,0.482874683116,0.714726717304,1.0737092982,0.650046463635,1.62523740925,-0.558285561624,-0.58962476121
0.9075,0.271592096581,0.822089224541,0.483686780559,0.716756035966,1.07300797015,0.649302920111,1.621668592,-0.563849764126,-0.60006562054
0.90875,0.272489308556,0.823430044,0.484497940416,0.718780888784,1.07229967379,0.648546299584,1.61809215119,-0.569434937574,-0.61054804263
0.91,0.273389048803,0.824769973725,0.485308146308,0.720801266344,1.0715843828,0.647776550004,1.61450826793,-0.575041240177,-0.62107218057
0.91125,0.274291311722,0.826109004957,0.486117381791,0.722817159454,1.07086207069,0.646993619132,1.61091712218,-0.580668829843,-0.631638187656
0.9125,0.275196091701,0.827447128902,0.486925630356,0.724828559149,1.07013271073,0.646197454535,1.60731889368,-0.586317862803,-0.642246217262
0.91375,0.27610338312,0.828784336734,0.487732875428,0.726835456688,1.06939627603,0.645388003589,1.60371376218,-0.591988494693,-0.652896423708
0.915,0.277013180343,0.830120619592,0.488539100365,0.728837843554,1.06865273949,0.644565213476,1.60010190738,-0.597680880173,-0.663588960549
0.91625,0.277925477728,0.831455968582,0.489344288461,0.730835711456,1.06790207383,0.643729031188,1.59648350876,-0.603395172266,-0.674323981161
0.9175,0.278840269622,0.832790374777,0.490148422943,0.732829052326,1.06714425156,0.642879403523,1.59285874508,-0.609131523947,-0.685101640647
0.91875,0.279757550359,0.834123829211,0.49095148697,0.734817858319,1.06637924502,0.642016277086,1.58922779559,-0.614890086467,-0.695922092757
0.92,0.280677314268,0.835456322889,0.491753463636,0.736802121815,1.06560702635,0.641139598291,1.58559083941,-0.62067100996,-0.706785491377
0.92125,0.281599555664,0.836787846777,0.492554335966,0.738781835418,1.0648275675,0.640249313358,1.58194805476,-0.626474444039,-0.71769199152
0.9225,0.282524268856,0.838118391808,0.493354086919,0.740756991952,1.06404084024,0.639345368312,1.57829962037,-0.63230053679,-0.728641747139
0.92375,0.283451448144,0.839447948878,0.494152699387,0.742727584469,1.06324681615,0.63842770899,1.57464571529,-0.638149435304,-0.739634912748
0.925,0.284381087817,0.840776508848,0.494950156192,0.74469360624,1.06244546665,0.63749628103,1.57098651767,-0.644021285575,-0.750671642788
0.92625,0.285313182159,0.842104062544,0.495746440089,0.746655050763,1.06163676294,0.636551029883,1.5673222056,-0.649916232646,-0.761752091694
0.9275,0.286247725444,0.843430600756,0.496541533766,0.748611911754,1.06082067607,0.635591900801,1.56365295787,-0.655834420149,-0.772876414192
0.92875,0.287184711939,0.844756114235,0.497335419841,0.750564183157,1.05999717689,0.634618838847,1.55997895296,-0.661775990716,-0.784044764384
0.93,0.288124135902,0.846080593698,0.498128080863,0.752511859137,1.05916623609,0.63363178889,1.55630036912,-0.667741085636,-0.795257296591
0.93125,0.289065991586,0.847404029825,0.498919499313,0.75445493408,1.05832782417,0.632630695606,1.55261738454,-0.673729845312,-0.806514165447
0.9325,0.290010273237,0.848726413258,0.499709657602,0.756393402598,1.05748191148,0.631615503477,1.54893017789,-0.679742408966,-0.81781552517
0.93375,0.290956975093,0.850047734604,0.500498538072,0.758327259525,1.05662846815,0.630586156793,1.54523892766,-0.685778914021,-0.829161529566
0.935,0.291906091386,0.851367984429,0.501286122994,0.760256499917,1.05576746419,0.629542599653,1.54154381239,-0.691839497404,-0.840552332977
0.93625,0.292857616343,0.852687153264,0.502072394571,0.762181119056,1.05489886941,0.62848477596,1.5378450109,-0.697924294559,-0.85198808963
0.9375,0.293811544184,0.854005231602,0.502857334934,0.764101112445,1.05402265345,0.627412629429,1.53414270212,-0.704033439274,-0.863468952809
0.93875,0.294767869124,0.855322209898,0.503640926145,0.766016475811,1.05313878581,0.626326103578,1.53043706466,-0.710167064767,-0.874995076163
0.94,0.295726585373,0.856638078567,0.504423150193,0.767927205106,1.05224723579,0.625225141738,1.52672827771,-0.716325302437,-0.88656661369
0.94125,0.296687687137,0.857952827987,0.505203988999,0.769833296506,1.05134797255,0.624109687044,1.52301652109,-0.722508282274,-0.898183718346
0.9425,0.297651168614,0.859266448498,0.505983424411,0.771734746409,1.05044096509,0.622979682442,1.51930197393,-0.72871613354,-0.909846542879
0.94375,0.298617024003,0.8605789304,0.506761438205,0.77363155144,1.04952618222,0.621835070687,1.51558481582,-0.73494898395,-0.921555240529
0.945,0.299585247493,0.861890263954,0.507538012088,0.775523708449,1.04860359263,0.620675794341,1.51186522697,-0.74120695931,-0.933309963853
0.94625,0.300555833274,0.863200439381,0.508313127691,0.777411214508,1.04767316482,0.619501795777,1.50814338768,-0.747490184563,-0.94511086503
0.9475,0.301528775529,0.864509446866,0.509086766577,0.779294066918,1.04673486717,0.618313017178,1.50441947863,-0.753798783285,-0.956958096231
0.94875,0.302504068441,0.865817276549,0.509858910234,0.781172263204,1.04578866786,0.617109400537,1.5006936806,-0.760132877258,-0.96885180908
0.95,0.303481706187,0.867123918535,0.510629540078,0.783045801119,1.04483453497,0.615890887656,1.49696617456,-0.7664925874,-0.980792154803
0.95125,0.304461682944,0.868429362887,0.511398637453,0.784914678641,1.0438724364,0.61465742015,1.49323714223,-0.77287803274,-0.992779284582
0.9525,0.305443992884,0.869733599626,0.512166183629,0.786778893975,1.04290233989,0.613408939444,1.48950676581,-0.779289330717,-1.00481334936
0.95375,0.306428630179,0.871036618736,0.512932159802,0.788638445555,1.04192421307,0.612145386776,1.48577522735,-0.785726597587,-1.0168944994
0.955,0.307415588998,0.872338410159,0.513696547096,0.790493332043,1.0409380234,0.610866703196,1.48204270968,-0.792189948174,-1.02902288407
0.95625,0.308404863509,0.873638963795,0.51445932656,0.792343552329,1.0399437382,0.609572829566,1.47830939623,-0.798679495529,-1.04119865302
0.9575,0.309396447879,0.874938269504,0.51522047917,0.794189105534,1.03894132466,0.608263706563,1.47457547044,-0.805195351063,-1.0534219559
0.95875,0.310390336273,0.876236317107,0.515979985826,0.796029991006,1.03793074982,0.606939274677,1.47084111659,-0.811737624826,-1.06569294072
0.96,0.311386522856,0.877533096379,0.516737827356,0.797866208325,1.0369119806,0.605599474211,1.46710651941,-0.818306425253,-1.07801175524
0.96125,0.312385001794,0.878828597058,0.517493984512,0.799697757304,1.03588498376,0.604244245288,1.46337186419,-0.824901859073,-1.0903785475
0.9625,0.313385767249,0.880122808838,0.51824843797,0.801524637986,1.03484972595,0.602873527843,1.45963733681,-0.8315240314,-1.10279346451
0.96375,0.314388813389,0.881415721373,0.519001168331,0.803346850646,1.03380617368,0.601487261627,1.45590312356,-0.838173045736,-1.11525665251
0.965,0.315394134376,0.882707324273,0.519752156124,0.805164395795,1.03275429333,0.600085386211,1.45216941129,-0.844849003965,-1.12776825744
0.96625,0.316401724378,0.883997607106,0.520501381797,0.806977274174,1.03169405117,0.598667840984,1.44843638798,-0.851552005747,-1.14032842446
0.9675,0.317411577562,0.885286559401,0.521248825726,0.808785486765,1.03062541332,0.59723456515,1.44470424212,-0.85828214942,-1.15293729817
0.96875,0.318423688095,0.88657417064,0.52199446821,0.81058903478,1.0295483458,0.595785497738,1.44097316232,-0.865039532096,-1.16559502274
0.97,0.319438050148,0.887860430265,0.52273828947,0.81238791967,1.02846281449,0.594320577593,1.43724333833,-0.871824248406,-1.17830174157
0.97125,0.320454657894,0.889145327676,0.523480269654,0.814182143126,1.02736878517,0.592839743384,1.43351496079,-0.878636390871,-1.19105759702
0.9725,0.321473505506,0.890428852228,0.524220388829,0.815971707072,1.02626622351,0.591342933601,1.42978822086,-0.885476050917,-1.20386273104
0.97375,0.322494587162,0.891710993235,0.524958626988,0.817756613678,1.02515509505,0.589830086557,1.4260633107,-0.892343317969,-1.21671728483
0.975,0.32351789704,0.892991739966,0.525694964045,0.819536865349,1.02403536522,0.588301140389,1.4223404233,-0.899238279271,-1.22962139875
0.97625,0.324543429325,0.894271081648,0.526429379839,0.821312464736,1.02290699935,0.58675603306,1.41861975193,-0.906161020134,-1.24257521232
0.9775,0.325571178202,0.895549007464,0.527161854128,0.823083414729,1.02176996267,0.585194702358,1.41490149118,-0.913111624322,-1.25557886433
0.97875,0.326601137862,0.896825506554,0.527892366595,0.824849718464,1.02062422029,0.583617085899,1.41118583679,-0.920090173781,-1.26863249285
0.98,0.327633302498,0.898100568015,0.528620896843,0.826611379321,1.01946973723,0.582023121126,1.40747298489,-0.92709674766,-1.28173623457
0.98125,0.32866766631,0.899374180897,0.529347424397,0.828368400926,1.01830647842,0.580412745312,1.40376313306,-0.934131423378,-1.2948902259
0.9825,0.329704223501,0.900646334211,0.530071928706,0.830120787154,1.01713440867,0.578785895561,1.40005647955,-0.941194276993,-1.30809460222
0.98375,0.330742968278,0.901917016919,0.530794389136,0.831868542125,1.01595349273,0.577142508807,1.3963532234,-0.948285381833,-1.32134949723
0.985,0.331783894856,0.903186217943,0.531514784978,0.833611670212,1.01476369522,0.575482521818,1.39265356514,-0.955404809065,-1.33465504464
0.98625,0.332826997454,0.904453926157,0.532233095441,0.835350176038,1.0135649807,0.573805871195,1.38895770623,-0.962552628198,-1.34801137681
0.9875,0.333872270296,0.905720130394,0.532949299656,0.837084064478,1.01235731365,0.572112493376,1.38526584894,-0.969728906171,-1.36141862457
0.98875,0.334919707615,0.906984819441,0.533663376674,0.83881334066,1.01114065844,0.570402324634,1.38157819695,-0.976933707784,-1.3748769184
0.99,0.335969303648,0.90824798204,0.534375305467,0.84053800997,1.00991497938,0.56867530108,1.377894955,-0.984167096067,-1.3883863875
0.99125,0.33702105264,0.90950960689,0.535085064927,0.842258078048,1.0086802407,0.566931358665,1.37421632901,-0.991429131273,-1.40194715965
0.9925,0.338074948843,0.910769682642,0.535792633864,0.843973550793,1.00743640655,0.565170433181,1.37054252616,-0.9987198712,-1.41555936165
0.99375,0.339130986517,0.912028197906,0.53649799101,0.845684434363,1.00618344102,0.563392460261,1.36687375468,-1.00603937233,-1.42922311937
0.995,0.340189159929,0.913285141245,0.537201115015,0.847390735179,1.00492130812,0.561597375382,1.36321022429,-1.01338768786,-1.44293855718
0.99625,0.341249463355,0.914540501176,0.537901984448,0.849092459924,1.0036499718,0.559785113868,1.35955214562,-1.02076486876,-1.45670579814
0.9975,0.342311891079,0.915794266174,0.538600577799,0.850789615543,1.00236939595,0.557955610887,1.35589973092,-1.02817096395,-1.47052496449
0.99875,0.343376437394,0.917046424666,0.539296873476,0.852482209251,1.00107954439,0.556108801457,1.35225319392,-1.0356060197,-1.48439617694
1,0.344443096602,0.918296965035,0.539990849803,0.854170248528,0.999780380899,0.554244620445,1.3486127494,-1.04307007987,-1.49831955451
1.00125,0.345511863015,0.919545875619,0.540682485027,0.855853741125,0.998471869192,0.552363002571,1.34497861375,-1.05056318548,-1.51229521553
1.0025,0.346582730955,0.920793144708,0.54137175731,0.857532695062,0.997153972936,0.550463882406,1.34135100462,-1.05808537548,-1.52632327657
1.00375,0.347655694753,0.922038760551,0.542058644733,0.859207118636,0.995826655753,0.548547194379,1.33773014113,-1.06563668619,-1.54040385271
1.005,0.348730748751,0.923282711348,0.542743125295,0.860877020415,0.99448988122,0.546612872774,1.33411624425,-1.073217151,-1.55453705798
1.00625,0.349807887304,0.924524985254,0.543425176915,0.862542409247,0.993143612875,0.544660851734,1.3305095364,-1.08082680078,-1.56872300443
1.0075,0.350887104774,0.92576557038,0.544104777425,0.864203294256,0.991787814218,0.542691065263,1.32691024086,-1.08846566388,-1.58296180285
1.00875,0.351968395539,0.927004454789,0.544781904578,0.865859684849,0.990422448716,0.540703447227,1.32331858309,-1.09613376596,-1.59725356286
1.01,0.353051753986,0.928241626502,0.545456536043,0.867511590714,0.989047479803,0.538697931356,1.31973479049,-1.1038311296,-1.61159839197
1.01125,0.354137174516,0.929477073489,0.546128649406,0.869159021825,0.987662870892,0.536674451247,1.31615909156,-1.11155777465,-1.62599639606
1.0125,0.355224651541,0.930710783679,0.546798222171,0.870801988443,0.986268585367,0.534632940366,1.31259171661,-1.11931371839,-1.6404476796
1.01375,0.356314179487,0.931942744952,0.547465231757,0.872440501117,0.984864586596,0.532573332048,1.30903289772,-1.1270989753,-1.65495234573
1.015,0.357405752794,0.933172945145,0.548129655501,0.874074570687,0.983450837929,0.530495559502,1.30548286878,-1.13491355669,-1.66951049562
1.01625,0.358499365914,0.934401372047,0.548791470656,0.875704208289,0.982027302704,0.528399555809,1.30194186514,-1.14275747073,-1.6841222279
1.0175,0.359595013315,0.935628013402,0.549450654391,0.87732942535,0.980593944252,0.526285253932,1.29841012438,-1.15063072303,-1.69878764074
1.01875,0.360692689477,0.936852856908,0.550107183791,0.8789502336,0.979150725896,0.524152586707,1.29488788619,-1.15853331608,-1.71350683017
1.02,0.361792388899,0.938075890217,0.550761035857,0.880566645066,0.977697610961,0.522001486856,1.29137539116,-1.16646524918,-1.72827988947
1.02125,0.36289410609,0.939297100935,0.551412187508,0.882178672078,0.976234562773,0.519831886984,1.28787288246,-1.17442651854,-1.74310691106
1.0225,0.363997835579,0.940516476624,0.552060615575,0.883786327272,0.974761544665,0.517643719579,1.28438060545,-1.18241711734,-1.7579879853
1.02375,0.365103571908,0.941734004797,0.552706296807,0.885389623591,0.97327851998,0.51543691702,1.28089880654,-1.19043703562,-1.77292320036
1.025,0.366211309638,0.942949672924,0.553349207867,0.886988574288,0.971785452076,0.513211411578,1.27742773504,-1.1984862598,-1.78791264245
1.02625,0.367321043344,0.944163468427,0.553989325336,0.888583192929,0.970282304331,0.510967135414,1.27396764245,-1.20656477347,-1.80295639583
1.0275,0.36843276762,0.945375378684,0.554626625706,0.890173493394,0.968769040142,0.508704020588,1.27051878148,-1.21467255685,-1.81805454274
1.02875,0.369546477077,0.946585391027,0.555261085387,0.891759489882,0.967245622938,0.506421999057,1.26708140731,-1.22280958662,-1.8332071634
1.03,0.370662166345,0.947793492742,0.555892680704,0.893341196912,0.965712016176,0.50412100268,1.26365577739,-1.23097583617,-1.84841433593
1.03125,0.37177983007,0.948999671068,0.556521387894,0.894918629326,0.964168183348,0.501800963218,1.26024215156,-1.23917127521,-1.86367613608
1.0325,0.372899462918,0.9502039132,0.557147183112,0.896491802291,0.962614087988,0.49946181234,1.25684079176,-1.24739587041,-1.87899263765
1.03375,0.374021059575,0.951406206288,0.557770042425,0.898060731305,0.961049693672,0.497103481623,1.25345196179,-1.25564958471,-1.8943639122
1.035,0.375144614746,0.952606537434,0.558389941816,0.899625432196,0.959474964026,0.494725902559,1.25007592818,-1.26393237736,-1.90979002882
1.03625,0.376270123156,0.953804893698,0.559006857181,0.901185921126,0.957889862729,0.492329006551,1.2467129597,-1.27224420396,-1.92527105449
1.0375,0.377397579549,0.955001262091,0.559620764332,0.902742214595,0.956294353516,0.489912724923,1.24336332747,-1.28058501659,-1.94080705382
1.03875,0.378526978692,0.956195629582,0.560231638993,0.904294329444,0.954688400187,0.487476988917,1.24002730502,-1.28895476362,-1.95639808913
1.04,0.379658315373,0.957387983092,0.560839456804,0.905842282858,0.953071966607,0.4850217297,1.23670516821,-1.29735338958,-1.97204422026
1.04125,0.380791584399,0.958578309498,0.561444193318,0.907386092365,0.951445016713,0.482546878366,1.23339719561,-1.30578083531,-1.98774550452
1.0425,0.381926780604,0.959766595633,0.562045824,0.908925775847,0.949807514519,0.480052365939,1.23010366809,-1.31423703763,-2.00350199694
1.04375,0.383063898839,0.960952828285,0.562644324233,0.910461351535,0.948159424119,0.477538123374,1.22682486923,-1.3227219293,-2.01931374979
1.045,0.384202933982,0.962136994194,0.563239669309,0.91199283802,0.946500709696,0.475004081564,1.2235610851,-1.33123543958,-2.03518081291
1.04625,0.385343880934,0.963319080059,0.563831834436,0.913520254248,0.94483133552,0.472450171341,1.22031260433,-1.3397774936,-2.05110323367
1.0475,0.386486734618,0.964499072533,0.564420794737,0.915043619531,0.943151265962,0.46987632348,1.21707971857,-1.34834801206,-2.06708105667
1.04875,0.387631489983,0.965676958224,0.565006525245,0.916562953544,0.94146046549,0.4672824687,1.21386272192,-1.35694691189,-2.0831143238
1.05,0.388778142002,0.966852723696,0.565589000909,0.918078276335,0.939758898682,0.464668537671,1.21066191109,-1.36557410574,-2.09920307412
1.05125,0.389926685674,0.96802635547,0.566168196589,0.919589608322,0.938046530226,0.462034461014,1.20747758558,-1.37422950236,-2.11534734452
1.0525,0.391077116023,0.969197840022,0.566744087061,0.921096970299,0.936323324926,0.459380169309,1.20431004816,-1.38291300589,-2.13154716856
1.05375,0.3922294281,0.970367163783,0.567316647013,0.922600383443,0.934589247711,0.456705593093,1.20115960432,-1.3916245159,-2.14780257667
1.055,0.393383616981,0.971534313141,0.567885851044,0.92409986931,0.932844263636,0.454010662868,1.19802656177,-1.40036392836,-2.1641135975
1.05625,0.394539677773,0.972699274442,0.56845167367,0.925595449847,0.93108833789,0.451295309099,1.19491123202,-1.40913113439,-2.18048025597
1.0575,0.395697605606,0.973862033986,0.569014089317,0.92708714739,0.9293214358,0.448559462228,1.19181392924,-1.41792602055,-2.19690257404
1.05875,0.396857395641,0.975022578031,0.569573072325,0.92857498467,0.927543522839,0.445803052664,1.18873497036,-1.42674846909,-2.21338057121
1.06,0.398019043068,0.976180892793,0.570128596949,0.930058984816,0.925754564627,0.4430260108,1.18567467595,-1.43559835753,-2.22991426332
1.06125,0.399182543103,0.977336964443,0.570680637352,0.93153917136,0.923954526945,0.440228267006,1.1826333693,-1.44447555888,-2.24650366373
1.0625,0.400347890996,0.97849077911,0.571229167616,0.933015568239,0.92214337573,0.43740975164,1.17961137677,-1.45337994124,-2.26314878225
1.06375,0.401515082024,0.979642322882,0.571774161731,0.934488199802,0.920321077092,0.43457039505,1.17660902813,-1.46231136837,-2.27984962573
1.065,0.402684111496,0.980791581803,0.572315593604,0.93595709081,0.918487597309,0.431710127576,1.17362665611,-1.47126969923,-2.29660619825
1.06625,0.403854974751,0.981938541875,0.57285343705,0.937422266442,0.916642902844,0.428828879555,1.17066459712,-1.48025478732,-2.31341849988
1.0675,0.405027667162,0.98308318906,0.573387665803,0.938883752302,0.914786960341,0.425926581326,1.16772319083,-1.48926648142,-2.33028652782
1.06875,0.406202184132,0.984225509276,0.573918253504,0.940341574419,0.91291973664,0.423003163235,1.16480277945,-1.49830462612,-2.34721027643
1.07,0.407378521098,0.985365488402,0.574445173711,0.941795759251,0.911041198776,0.420058555635,1.16190370946,-1.50736906051,-2.36418973608
1.07125,0.40855667353,0.986503112273,0.574968399893,0.943246333693,0.909151313989,0.417092688895,1.15902633094,-1.51645961789,-2.38122489354
1.0725,0.409736636932,0.987638366687,0.575487905433,0.944693325078,0.907250049731,0.414105493401,1.15617099671,-1.52557612719,-2.39831573283
1.07375,0.410918406843,0.988771237398,0.576003663626,0.946136761185,0.905337373671,0.411096899563,1.15333806325,-1.53471841236,-2.4154622346
1.075,0.412101978835,0.989901710121,0.576515647682,0.947576670237,0.9034132537,0.408066837815,1.15052789108,-1.54388629155,-2.43266437552
1.07625,0.413287348518,0.991029770532,0.577023830721,0.949013080912,0.901477657942,0.405015238624,1.14774084412,-1.55307957784,-2.44992212868
1.0775,0.414474511537,0.992155404266,0.577528185778,0.950446022347,0.899530554756,0.401942032493,1.14497728952,-1.56229807899,-2.46723546403
1.07875,0.415663463574,0.993278596919,0.578028685802,0.951875524136,0.897571912744,0.398847149964,1.14223759869,-1.5715415969,-2.4846043476
1.08,0.416854200348,0.994399334048,0.578525303653,0.953301616344,0.895601700763,0.395730521624,1.13952214665,-1.58080992851,-2.50202874171
1.08125,0.418046717615,0.995517601171,0.579018012106,0.954724329503,0.893619887923,0.39259207811,1.13683131183,-1.59010286511,-2.51950860539
1.0825,0.419241011171,0.996633383767,0.579506783849,0.956143694623,0.891626443601,0.389431750111,1.13416547691,-1.59942019204,-2.53704389336
1.08375,0.420437076851,0.99774666728,0.579991591481,0.957559743195,0.889621337443,0.386249468376,1.13152502845,-1.60876168934,-2.55463455694
1.085,0.421634910529,0.998857437111,0.580472407519,0.958972507194,0.887604539377,0.383045163718,1.1289103567,-1.61812713134,-2.57228054392
1.08625,0.422834508119,0.999965678628,0.580949204391,0.960382019087,0.885576019615,0.379818767017,1.12632185577,-1.62751628618,-2.58998179746
1.0875,0.424035865577,1.00107137716,0.581421954437,0.961788311834,0.883535748662,0.376570209225,1.12375992404,-1.63692891635,-2.60773825732
1.08875,0.425238978899,1.002174518,0.581890629914,0.963191418897,0.881483697324,0.373299421373,1.12122496417,-1.64636477873,-2.62554985936
1.09,0.426443844124,1.0032750864,0.58235520299,0.964591374244,0.879419836715,0.370006334576,1.11871738227,-1.65582362372,-2.64341653548
1.09125,0.427650457335,1.00437306759,0.58281564575,0.965988212353,0.877344138265,0.366690880035,1.11623758914,-1.66530519573,-2.66133821332
1.0925,0.428858814655,1.00546844675,0.583271930191,0.967381968217,0.875256573726,0.363352989043,1.11378599944,-1.67480923344,-2.67931481656
1.09375,0.430068912255,1.00656120903,0.583724028223,0.968772677351,0.873157115181,0.359992592993,1.11136303201,-1.68433546924,-2.69734626501
1.095,0.431280746348,1.00765133954,0.584171911673,0.970160375797,0.871045735052,0.35660962338,1.10896911091,-1.69388362895,-2.71543247405
1.09625,0.432494313195,1.00873882336,0.584615552281,0.971545100128,0.868922406109,0.353204011808,1.10660466298,-1.70345343224,-2.73357335502
1.0975,0.433709609099,1.00982364555,0.585054921703,0.972926887454,0.866787101472,0.349775689993,1.1042700908,-1.71304458763,-2.75176877409
1.09875,0.434926630413,1.01090579112,0.585489991506,0.974305775355,0.86463979464,0.346324589873,1.10196553339,-1.72265674946,-2.77001821678
1.1,0.436145373537,1.01198524504,0.585920733177,0.975681801288,0.862480459598,0.342850644451,1.09969047001,-1.73228944868,-2.78832023508
1.10125,0.437365834916,1.01306199227,0.586347118117,0.97705500153,0.860309071018,0.339353789285,1.0974437187,-1.7419420938,-2.80667244404
1.1025,0.438588011041,1.01413601772,0.58676911765,0.978425410585,0.858125604364,0.335833963341,1.09522383286,-1.75161404104,-2.82507207761
1.10375,0.439811898443,1.01520730628,0.587186703026,0.979793061113,0.855930035915,0.332291109091,1.09302934625,-1.76130463772,-2.843516334
1.105,0.441037493694,1.01627584281,0.587599845423,0.98115798395,0.853722342769,0.328725172506,1.09085880472,-1.77101322806,-2.86200241814
1.10625,0.442264793403,1.01734161213,0.588008515957,0.982520208124,0.851502502845,0.325136103046,1.08871076644,-1.78073915351,-2.880527542
1.1075,0.443493794214,1.01840459906,0.588412685681,0.983879760866,0.849270494886,0.321523853651,1.08658380074,-1.79048175298,-2.89908892565
1.10875,0.444724492805,1.01946478837,0.588812325591,0.985236667626,0.847026298463,0.317888380732,1.08447648814,-1.80024036219,-2.91768379601
1.11,0.445956885883,1.02052216481,0.589207406633,0.986590952087,0.84476989398,0.314229644161,1.08238742033,-1.81001431424,-2.93630938698
1.11125,0.447190970185,1.02157671311,0.589597899702,0.987942636177,0.842501262677,0.310547607264,1.08031519957,-1.8198029401,-2.95496293935
1.1125,0.448426742474,1.02262841797,0.589983775651,0.989291740086,0.84022038663,0.306842236812,1.07825843867,-1.82960556799,-2.97364170091
1.11375,0.449664199535,1.02367726407,0.590365005294,0.990638282274,0.837927248757,0.303113503012,1.07621576077,-1.83942152378,-2.99234292637
1.115,0.450903338179,1.02472323609,0.590741559408,0.991982279488,0.83562183282,0.299361379496,1.07418579873,-1.84925013125,-3.01106387683
1.11625,0.452144155234,1.02576631865,0.591113408742,0.993323746771,0.833304123429,0.29558584332,1.07216719493,-1.85909071197,-3.02980182008
1.1175,0.453386647546,1.0268064964,0.591480524017,0.994662697475,0.830974106041,0.291786874946,1.07015860148,-1.86894258532,-3.04855403026
1.11875,0.454630811978,1.02784375392,0.59184287593,0.995999143274,0.828631766966,0.287964458244,1.06815867948,-1.87880506878,-3.06731778824
1.12,0.455876645404,1.02887807581,0.592200435162,0.997333094174,0.826277093369,0.284118580476,1.06616609852,-1.88867747845,-3.08609038135
1.12125,0.457124144713,1.02990944665,0.592553172381,0.998664558521,0.823910073269,0.280249232291,1.06417953701,-1.89855912836,-3.10486910263
1.1225,0.458373306801,1.030937851,0.592901058243,0.999993543016,0.821530695548,0.276356407719,1.06219768203,-1.90844933068,-3.12365125137
1.12375,0.459624128571,1.03196327339,0.5932440634,1.00132005273,0.819138949943,0.272440104162,1.06021922815,-1.91834739683,-3.14243413341
1.125,0.460876606933,1.03298569837,0.593582158503,1.00264409109,0.816734827056,0.268500322386,1.05824287747,-1.92825263669,-3.16121506069
1.12625,0.462130738798,1.03400511046,0.593915314206,1.00396565992,0.814318318351,0.264537066511,1.05626734022,-1.93816435849,-3.17999135073
1.1275,0.463386521082,1.03502149417,0.59424350117,1.00528475944,0.811889416159,0.260550344009,1.05429133359,-1.94808186973,-3.19876032676
1.12875,0.464643950697,1.036034834,0.594566690066,1.00660138825,0.809448113677,0.256540165694,1.05231358151,-1.958004477,-3.21751931867
1.13,0.465903024553,1.03704511445,0.594884851584,1.00791554339,0.806994404967,0.252506545712,1.05033281457,-1.96793148621,-3.23626566197
1.13125,0.467163739556,1.03805232001,0.59519795643,1.00922722029,0.804528284961,0.248449501539,1.04834776971,-1.97786220238,-3.25499669732
1.1325,0.468426092604,1.03905643516,0.595505975338,1.01053641282,0.802049749461,0.244369053969,1.04635719034,-1.98779592974,-3.27370977171
1.13375,0.469690080588,1.04005744439,0.595808879065,1.01184311327,0.799558795137,0.240265227109,1.04435982536,-1.99773197266,-3.29240223779
1.135,0.470955700387,1.04105533215,0.596106638405,1.01314731238,0.797055419529,0.236138048374,1.04235442913,-2.00766963542,-3.31107145347
1.13625,0.472222948869,1.04205008294,0.596399224186,1.01444899934,0.794539621048,0.231987548476,1.04033976136,-2.01760822149,-3.32971478264
1.1375,0.473491822885,1.0430416812,0.596686607277,1.01574816178,0.792011398976,0.227813761418,1.03831458673,-2.02754703482,-3.34832959493
1.13875,0.474762319273,1.04403011143,0.59696875859,1.01704478581,0.789470753461,0.223616724488,1.03627767502,-2.03748537972,-3.36691326485
1.14,0.47603443485,1.04501535809,0.597245649088,1.01833885597,0.786917685526,0.219396478256,1.03422780012,-2.04742256046,-3.38546317273
1.14125,0.477308166413,1.04599740565,0.597517249785,1.01963035531,0.78435219706,0.215153066557,1.03216373965,-2.05735788238,-3.4039767052
1.1425,0.478583510738,1.04697623858,0.597783531754,1.02091926532,0.78177429082,0.210886536493,1.03008427553,-2.06729065133,-3.42245125343
1.14375,0.479860464576,1.04795184137,0.598044466127,1.02220556599,0.779183970432,0.206596938423,1.02798819358,-2.07722017383,-3.44088421389
1.145,0.481139024653,1.04892419851,0.5983000241,1.0234892358,0.776581240386,0.202284325958,1.02587428238,-2.08714575756,-3.45927298953
1.14625,0.482419187666,1.04989329447,0.598550176942,1.0247702517,0.773966106038,0.197948755949,1.02374133388,-2.09706671149,-3.47761498804
1.1475,0.483700950282,1.05085911377,0.59879489599,1.02604858914,0.771338573607,0.193590288488,1.02158814286,-2.10698234605,-3.49590762249
1.14875,0.484984309139,1.05182164091,0.599034152663,1.02732422206,0.768698650173,0.189208986893,1.01941350589,-2.11689197315,-3.51414831208
1.15,0.486269260837,1.0527808604,0.599267918457,1.0285971229,0.766046343674,0.184804917708,1.01721622248,-2.12679490633,-3.53233448085
1.15125,0.487555801946,1.05373675677,0.599496164957,1.02986726261,0.763381662907,0.180378150691,1.01499509419,-2.13669046116,-3.55046355835
1.1525,0.488843928994,1.05468931456,0.599718863834,1.03113461064,0.760704617521,0.175928758812,1.01274892354,-2.14657795555,-3.56853297994
1.15375,0.490133638472,1.05563851831,0.599935986854,1.03239913492,0.758015218018,0.171456818241,1.01047651449,-2.15645670946,-3.58654018622
1.155,0.491424926831,1.0565843526,0.60014750588,1.03366080192,0.755313475748,0.166962408346,1.00817667239,-2.16632604536,-3.60448262338
1.15625,0.492717790477,1.057526802,0.600353392875,1.0349195766,0.752599402905,0.162445611683,1.00584820341,-2.17618528884,-3.62235774335
1.1575,0.494012225773,1.05846585111,0.600553619909,1.03617542243,0.749873012525,0.157906513988,1.003489914,-2.18603376786,-3.64016300313
1.15875,0.495308229033,1.05940148453,0.60074815916,1.03742830139,0.747134318485,0.153345204175,1.00110061097,-2.19587081356,-3.65789586557
1.16,0.496605796526,1.0603336869,0.600936982919,1.03867817396,0.744383335492,0.148761774324,0.998679100974,-2.20569576102,-3.67555379936
1.16125,0.497904924468,1.06126244287,0.601120063596,1.03992499914,0.741620079083,0.144156319676,0.996224190044,-2.21550794809,-3.69313427843
1.1625,0.499205609024,1.0621877371,0.601297373719,1.04116873443,0.738844565621,0.139528938628,0.993734684369,-2.22530671642,-3.71063478269
1.16375,0.500507846304,1.06310955428,0.601468885942,1.04240933585,0.736056812291,0.13487973272,0.991209388712,-2.23509141217,-3.72805279786
1.165,0.501811632364,1.06402787913,0.60163457305,1.04364675791,0.733256837091,0.130208806633,0.988647106146,-2.24486138525,-3.74538581514
1.16625,0.503116963199,1.06494269638,0.601794407959,1.04488095362,0.730444658828,0.125516268182,0.986046639059,-2.25461599016,-3.76263133163
1.1675,0.504423834748,1.06585399078,0.601948363721,1.0461118745,0.727620297116,0.120802228304,0.983406788123,-2.26435458585,-3.77978685042
1.16875,0.505732242885,1.06676174712,0.60209641353,1.04733947059,0.724783772364,0.116066801056,0.980726351361,-2.27407653588,-3.79684988068
1.17,0.507042183424,1.06766595021,0.602238530723,1.04856369038,0.721935105776,0.111310103602,0.978004124511,-2.28378120933,-3.8138179374
1.17125,0.508353652111,1.06856658488,0.602374688789,1.0497844809,0.71907431934,0.106532256212,0.975238901196,-2.29346798037,-3.83068854134
1.1725,0.509666644626,1.06946363601,0.602504861364,1.05100178764,0.716201435825,0.101733382249,0.972429471938,-2.30313622878,-3.8474592199
1.17375,0.51098115658,1.07035708847,0.602629022244,1.05221555458,0.713316478768,0.0969136081625,0.96957462398,-2.31278533993,-3.86412750646
1.175,0.512297183513,1.07124692721,0.602747145384,1.0534257242,0.710419472475,0.0920730634829,0.966673140761,-2.32241470526,-3.88069094078
1.17625,0.513614720891,1.07213313716,0.602859204903,1.05463223743,0.707510442005,0.0872118808106,0.963723802477,-2.33202372258,-3.89714706874
1.1775,0.514933764106,1.07301570331,0.602965175086,1.0558350337,0.704589413169,0.082330195811,0.960725385335,-2.34161179583,-3.91349344253
1.17875,0.516254308475,1.07389461069,0.603065030393,1.05703405089,0.701656412516,0.0774281472043,0.957676660505,-2.35117833618,-3.92972762168
1.18,0.517576349234,1.07476984434,0.603158745454,1.05822922535,0.698711467328,0.0725058767568,0.954576395304,-2.36072276166,-3.94584717139
1.18125,0.518899881538,1.07564138936,0.603246295084,1.05942049188,0.695754605612,0.0675635292758,0.951423352114,-2.37024449721,-3.96184966362
1.1825,0.520224900463,1.07650923086,0.603327654278,1.06060778373,0.692785856085,0.0626012525978,0.948216287577,-2.3797429752,-3.97773267771
1.18375,0.521551400998,1.077373354,0.603402798216,1.0617910326,0.689805248174,0.0576191975815,0.944953953058,-2.38921763626,-3.99349379941
1.185,0.522879378045,1.07823374398,0.603471702272,1.06297016862,0.686812811995,0.0526175180993,0.941635094375,-2.39866792901,-4.00913062163
1.18625,0.524208826419,1.07909038603,0.603534342011,1.06414512034,0.683808578351,0.0475963710275,0.938258451379,-2.40809330962,-4.02464074427
1.1875,0.525539740846,1.07994326542,0.603590693199,1.06531581474,0.680792578721,0.0425559162386,0.934822757506,-2.41749324339,-4.04002177421
1.18875,0.526872115956,1.08079236747,0.603640731802,1.06648217723,0.677764845243,0.0374963165919,0.931326739351,-2.42686720449,-4.05527132579
1.19,0.528205946289,1.08163767754,0.603684433991,1.06764413159,0.674725410709,0.0324177379241,0.927769116652,-2.43621467571,-4.07038702085
1.19125,0.529541226285,1.082479181,0.603721776147,1.06880160002,0.671674308553,0.0273203490398,0.924148602451,-2.44553514931,-4.08536648863
1.1925,0.530877950289,1.08331686331,0.603752734863,1.0699545031,0.668611572836,0.0222043217025,0.920463901934,-2.45482812743,-4.10020736599
1.19375,0.532216112543,1.08415070993,0.603777286951,1.07110275978,0.665537238235,0.0170698306248,0.916713712263,-2.46409312194,-4.11490729746
1.195,0.533555707188,1.0849807064,0.60379540944,1.07224628738,0.662451340031,0.0119170534589,0.912896723548,-2.47332965459,-4.12946393516
1.19625,0.534896728261,1.08580683828,0.603807079584,1.07338500159,0.659353914098,0.00674617078693,0.909011616909,-2.48253725786,-4.14387493965
1.1975,0.536239169692,1.08662909119,0.603812274867,1.07451881642,0.656244996887,0.00155736610975,0.905057064381,-2.4917154748,-4.1581379798
1.19875,0.537583025302,1.08744745077,0.603810973,1.07564764425,0.653124625411,-0.00364917416258,0.901031730336,-2.50086385977,-4.17225073196
1.2,0.538928288803,1.08826190275,0.603803151931,1.07677139575,0.649992837237,-0.00887326072015,0.896934269463,-2.50998197812,-4.18621088098
1.20125,0.540274953792,1.08907243287,0.603788789848,1.07788997992,0.646849670466,-0.014114701365,0.892763326613,-2.51906940657,-4.20001612056
1.2025,0.541623013753,1.08987902693,0.603767865178,1.07900330406,0.643695163721,-0.0193733010215,0.888517537419,-2.52812573408,-4.21366415301
1.20375,0.542972462052,1.09068167078,0.603740356595,1.08011127376,0.640529356131,-0.0246488617476,0.884195527613,-2.5371505616,-4.22715268924
1.205,0.544323291937,1.09148035032,0.603706243024,1.08121379288,0.637352287317,-0.0299411827446,0.879795912431,-2.54614350251,-4.24047944878
1.20625,0.545675496534,1.0922750515,0.603665503639,1.08231076355,0.634163997374,-0.0352500603695,0.875317296652,-2.5551041829,-4.25364216046
1.2075,0.547029068846,1.09306576031,0.603618117873,1.08340208612,0.630964526859,-0.0405752881458,0.8707582743,-2.56403224193,-4.26663856246
1.20875,0.54838400175,1.09385246281,0.603564065418,1.08448765923,0.62775391677,-0.0459166567756,0.86611742812,-2.57292733218,-4.27946640204
1.21,0.549740287994,1.0946351451,0.603503326231,1.0855673797,0.624532208529,-0.0512739541509,0.861393329888,-2.58178911949,-4.29212343587
1.21125,0.551097920199,1.09541379333,0.603435880533,1.08664114256,0.621299443971,-0.0566469653653,0.856584539383,-2.59061728379,-4.30460743041
1.2125,0.55245689085,1.09618839371,0.603361708817,1.08770884104,0.61805566532,-0.0620354727269,0.851689604599,-2.59941151951,-4.31691616177
1.21375,0.553817192301,1.0969589325,0.603280791851,1.08877036657,0.614800915172,-0.0674392557697,0.846707061714,-2.60817153523,-4.329047416
1.215,0.555178816767,1.097725396,0.603193110678,1.0898256087,0.611535236481,-0.0728580912669,0.84163543396,-2.6168970543,-4.34099898926
1.21625,0.556541756323,1.09848777059,0.603098646623,1.09087445515,0.608258672536,-0.0782917532429,0.836473231914,-2.62558781542,-4.35276868772
1.2175,0.557906002905,1.09924604268,0.602997381295,1.09191679178,0.604971266943,-0.0837400129862,0.831218953363,-2.6342435727,-4.36435432816
1.21875,0.559271548303,1.10000019876,0.60288929659,1.09295250254,0.601673063605,-0.0892026390633,0.825871083259,-2.64286409565,-4.37575373761
1.22,0.560638384161,1.10075022534,0.602774374697,1.09398146949,0.598364106704,-0.0946793973303,0.820428092652,-2.65144917009,-4.38696475402
1.22125,0.562006501976,1.10149610902,0.602652598097,1.09500357277,0.595044440679,-0.100170050948,0.814888438049,-2.65999859837,-4.39798522625
1.2225,0.563375893093,1.10223783644,0.60252394957,1.09601869058,0.591714110208,-0.105674360396,0.809250562941,-2.66851219885,-4.4088130139
1.22375,0.564746548703,1.1029753943,0.602388412196,1.09702669917,0.588373160182,-0.111192083483,0.803512896925,-2.67698980713,-4.41944598774
1.225,0.566118459841,1.10370876934,0.602245969361,1.09802747282,0.58502163569,-0.116722975365,0.797673854049,-2.68543127634,-4.42988202987
1.22625,0.567491617385,1.10443794839,0.602096604758,1.09902088381,0.581659581991,-0.122266788558,0.791731833567,-2.69383647678,-4.44011903414
1.2275,0.56886601205,1.1051629183,0.60194030239,1.10000680241,0.578287044498,-0.127823272951,0.785685220262,-2.70220529681,-4.45015490577
1.22875,0.570241634391,1.105883666,0.601777046575,1.10098509686,0.574904068749,-0.133392175822,0.779532383524,-2.71053764295,-4.45998756154
1.23,0.571618474793,1.10660017847,0.60160682195,1.10195563337,0.571510700391,-0.138973241854,0.773271676985,-2.71883343987,-4.46961493061
1.23125,0.572996523474,1.10731244275,0.601429613471,1.10291827605,0.56810698515,-0.144566213149,0.766901438317,-2.7270926312,-4.47903495434
1.2325,0.574375770483,1.10802044593,0.601245406417,1.10387288696,0.564692968813,-0.15017082924,0.760419989263,-2.73531518001,-4.4882455859
1.23375,0.575756205692,1.10872417517,0.601054186398,1.10481932603,0.5612686972,-0.155786827113,0.753825635593,-2.74350106849,-4.49724479092
1.235,0.577137818798,1.10942361768,0.600855939349,1.10575745105,0.557834216141,-0.161413941218,0.747116666162,-2.75165029823,-4.5060305481
1.23625,0.578520599319,1.11011876071,0.600650651544,1.10668711769,0.554389571454,-0.167051903484,0.740291352747,-2.7597628912,-4.51460084882
1.2375,0.579904536592,1.1108095916,0.600438309591,1.10760817943,0.550934808913,-0.17270044334,0.733347950677,-2.76783888962,-4.52295369688
1.23875,0.581289619768,1.11149609773,0.600218900436,1.10852048757,0.54746997423,-0.178359287726,0.726284697885,-2.77587835601,-4.53108710943
1.24,0.582675837811,1.11217826654,0.599992411371,1.10942389118,0.543995113023,-0.184028161113,0.719099814421,-2.78388137426,-4.53899911716
1.24125,0.584063179496,1.11285608552,0.599758830033,1.1103182371,0.540510270794,-0.189706785519,0.711791502965,-2.79184804913,-4.54668776381
1.2425,0.585451633404,1.11352954222,0.599518144408,1.11120336993,0.537015492901,-0.195394880523,0.704357948177,-2.79977850691,-4.55415110673
1.24375,0.586841187921,1.11419862425,0.599270342832,1.11207913197,0.533510824527,-0.201092163286,0.696797316016,-2.80767289623,-4.56138721714
1.245,0.588231831234,1.11486331928,0.599015413999,1.11294536322,0.52999631066,-0.206798348566,0.689107754624,-2.81553138709,-4.56839417997
1.24625,0.589623551329,1.11552361503,0.598753346961,1.11380190136,0.526471996059,-0.212513148736,0.681287393445,-2.82335417194,-4.5751700942
1.2475,0.591016335987,1.11617949927,0.598484131128,1.11464858171,0.52293792523,-0.218236273801,0.673334342559,-2.83114146641,-4.58171307312
1.24875,0.592410172783,1.11683095984,0.598207756276,1.11548523722,0.519394142393,-0.223967431418,0.665246693495,-2.83889350894,-4.58802124398
1.25,0.59380504908,1.11747798462,0.597924212549,1.11631169844,0.515840691458,-0.229706326911,0.657022518067,-2.84661056128,-4.59409274913
1.25125,0.595200952029,1.11812056157,0.597633490459,1.11712779351,0.51227761599,-0.235452663291,0.648659868534,-2.85429290886,-4.59992574528
1.2525,0.596597868564,1.11875867866,0.597335580891,1.11793334811,0.508704959186,-0.241206141274,0.64015677782,-2.86194086043,-4.60551840338
1.25375,0.597995785399,1.11939232397,0.597030475106,1.11872818546,0.505122763839,-0.2469664593,0.631511258689,-2.86955474926,-4.61086891011
1.255,0.599394689028,1.12002148557,0.596718164743,1.11951212626,0.501531072313,-0.25273331355,0.622721303591,-2.87713493333,-4.61597546703
1.25625,0.600794565715,1.12064615165,0.596398641822,1.12028498872,0.497929926506,-0.258506397967,0.613784884888,-2.88468179492,-4.62083629041
1.2575,0.602195401499,1.12126631039,0.596071898748,1.12104658847,0.494319367825,-0.264285404276,0.604699954363,-2.89219574165,-4.62544961216
1.25875,0.603597182186,1.12188195007,0.595737928311,1.1217967386,0.490699437152,-0.270070021998,0.595464442711,-2.89967720614,-4.62981368011
1.26,0.604999893346,1.12249305898,0.595396723693,1.12253524958,0.48707017481,-0.275859938476,0.586076259947,-2.90712664637,-4.63392675709
1.26125,0.60640352031,1.1230996255,0.595048278465,1.12326192925,0.483431620536,-0.28165483889,0.576533295248,-2.91454454666,-4.63778712178
1.2625,0.607808048169,1.12370163803,0.594692586595,1.12397658282,0.479783813443,-0.28745440628,0.56683341611,-2.92193141734,-4.64139306922
1.26375,0.609213461767,1.12429908504,0.594329642449,1.12467901279,0.476126791992,-0.293258321563,0.556974468509,-2.92928779463,-4.64474290989
1.265,0.610619745701,1.12489195501,0.593959440791,1.12536901899,0.472460593957,-0.299066263555,0.546954276956,-2.93661424173,-4.64783497041
1.26625,0.612026884315,1.12548023652,0.59358197679,1.12604639848,0.468785256388,-0.304877908989,0.536770644146,-2.94391134871,-4.65066759408
1.2675,0.613434861697,1.12606391816,0.593197246019,1.1267109456,0.465100815585,-0.31069293254,0.526421350719,-2.95117973249,-4.65323914016
1.26875,0.614843661679,1.12664298856,0.592805244459,1.12736245186,0.461407307057,-0.31651100684,0.515904154929,-2.95842003761,-4.65554798443
1.27,0.616253267827,1.12721743642,0.592405968502,1.12800070599,0.457704765491,-0.322331802501,0.505216792953,-2.96563293634,-4.65759251946
1.27125,0.617663663444,1.12778725047,0.591999414953,1.12862549384,0.453993224716,-0.328154988138,0.494356978538,-2.97281912858,-4.65937115424
1.2725,0.619074831561,1.12835241948,0.591585581032,1.12923659843,0.450272717669,-0.333980230387,0.483322402533,-2.97997934242,-4.66088231465
1.27375,0.62048675494,1.12891293227,0.591164464377,1.12983379985,0.44654327636,-0.339807193925,0.472110733199,-2.98711433427,-4.66212444359
1.275,0.621899416061,1.12946877768,0.590736063047,1.13041687527,0.442804931834,-0.345635541496,0.46071961591,-2.99422488902,-4.66309600051
1.27625,0.623312797128,1.1300199446,0.590300375523,1.13098559889,0.439057714137,-0.351464933926,0.449146672793,-3.00131182062,-4.66379546211
1.2775,0.624726880058,1.13056642196,0.589857400712,1.13153974195,0.435301652282,-0.357295030151,0.437389502588,-3.00837597197,-4.66422132268
1.27875,0.626141646483,1.13110819873,0.589407137948,1.13207907265,0.431536774207,-0.363125487233,0.425445681185,-3.01541821484,-4.66437209304
1.28,0.62755707774,1.1316452639,0.588949586994,1.13260335615,0.427763106745,-0.368955960384,0.413312761054,-3.0224394508,-4.66424630134
1.28125,0.628973154873,1.1321776065,0.588484748047,1.13311235455,0.42398067558,-0.374786102986,0.400988270394,-3.02944061127,-4.66384249361
1.2825,0.630389858626,1.13270521559,0.588012621736,1.13360582683,0.420189505217,-0.380615566618,0.388469714289,-3.03642265703,-4.663159233
1.28375,0.63180716944,1.13322808026,0.58753320913,1.13408352883,0.416389618938,-0.386444001069,0.375754573815,-3.04338657918,-4.66219509985
1.285,0.633225067448,1.13374618963,0.587046511734,1.13454521326,0.412581038769,-0.392271054367,0.36284030607,-3.05033339921,-4.66094869253
1.28625,0.634643532473,1.13425953286,0.586552531494,1.1349906296,0.40876378544,-0.3980963728,0.349724344596,-3.05726416871,-4.65941862667
1.2875,0.636062544022,1.1347680991,0.586051270802,1.13541952412,0.404937878347,-0.403919600934,0.336404098164,-3.06417996987,-4.65760353526
1.28875,0.637482081284,1.13527187755,0.585542732492,1.13583163985,0.401103335515,-0.409740381638,0.322876951611,-3.07108191594,-4.65550206956
1.29,0.638902123122,1.13577085744,0.585026919848,1.1362267165,0.397260173557,-0.415558356108,0.309140265711,-3.07797115138,-4.65311289825
1.29125,0.640322648075,1.13626502799,0.584503836602,1.13660449051,0.393408407637,-0.421373163884,0.295191376483,-3.08484885115,-4.6504347074
1.2925,0.641743634348,1.13675437845,0.583973486938,1.13696469494,0.389548051429,-0.427184442876,0.281027595793,-3.09171622139,-4.64746620103
1.29375,0.643165059812,1.13723889811,0.583435875494,1.1373070595,0.385679117083,-0.432991829387,0.266646211116,-3.09857450038,-4.64420610106
1.295,0.644586901997,1.13771857625,0.582891007364,1.13763131047,0.381801615178,-0.438794958129,0.252044485092,-3.10542495756,-4.64065314675
1.29625,0.646009138088,1.13819340215,0.582338888099,1.13793717071,0.377915554689,-0.444593462253,0.237219655628,-3.11226889389,-4.63680609514
1.2975,0.647431744924,1.13866336513,0.581779523709,1.13822435961,0.374020942944,-0.450386973367,0.222168936125,-3.11910764246,-4.63266372154
1.29875,0.648854698987,1.13912845451,0.581212920666,1.13849259305,0.370117785583,-0.456175121557,0.206889515403,-3.12594256814,-4.62822481846
1.3,0.650277976406,1.1395886596,0.580639085905,1.1387415834,0.366206086523,-0.461957535413,0.191378557565,-3.13277506787,-4.62348819574
1.30125,0.651701552946,1.14004396973,0.580058026827,1.13897103945,0.362285847914,-0.467733842047,0.175633201547,-3.1396065707,-4.61845268147
1.3025,0.653125404005,1.14049437422,0.5794697513,1.1391806664,0.358357070097,-0.473503667117,0.159650561659,-3.14643853799,-4.61311712126
1.30375,0.654549504612,1.1409398624,0.578874267659,1.13937016585,0.354419751569,-0.47926663485,0.143427727562,-3.15327246367,-4.60748037792
1.305,0.65597382942,1.1413804236,0.578271584713,1.13953923572,0.350473888937,-0.485022368062,0.126961763999,-3.16010987376,-4.60154133208
1.30625,0.657398352701,1.14181604712,0.577661711739,1.13968757026,0.346519476884,-0.49077048818,0.110249710724,-3.16695232675,-4.59529888157
1.3075,0.658823048345,1.14224672229,0.577044658492,1.13981486,0.342556508121,-0.496510615265,0.0932885822976,-3.17380141419,-4.58875194182
1.30875,0.660247889851,1.14267243839,0.576420435201,1.13992079172,0.338584973349,-0.502242368035,0.0760753693612,-3.18065875977,-4.58189944552
1.31,0.661672850325,1.14309318472,0.575789052572,1.14000504842,0.334604861221,-0.507965363879,0.0586070373856,-3.18752601981,-4.57474034203
1.31125,0.663097902472,1.14350895055,0.575150521791,1.14006730931,0.330616158299,-0.51367921889,0.0408805263305,-3.19440488383,-4.56727359833
1.3125,0.664523018598,1.14391972512,0.574504854525,1.14010724974,0.326618849012,-0.519383547875,0.0228927522357,-3.20129707375,-4.55949819849
1.31375,0.665948170597,1.14432549767,0.573852062922,1.14012454119,0.322612915615,-0.525077964386,0.00464060613012,-3.20820434438,-4.55141314288
1.315,0.667373329951,1.14472625741,0.573192159614,1.14011885125,0.318598338151,-0.530762080732,-0.0138790459459,-3.21512848336,-4.54301744923
1.31625,0.668798467725,1.14512199351,0.57252515772,1.14008984358,0.314575094406,-0.536435508009,-0.032669362031,-3.22207131067,-4.53431015168
1.3175,0.67022355456,1.14551269514,0.571851070844,1.14003717785,0.310543159874,-0.542097856112,-0.0517335251288,-3.22903467952,-4.52529030052
1.31875,0.671648560669,1.14589835141,0.57116991308,1.13996050976,0.306502507708,-0.54774873376,-0.0710747428457,-3.23602047613,-4.51595696271
1.32,0.673073455834,1.14627895141,0.57048169901,1.13985949099,0.302453108684,-0.553387748518,-0.0906962468207,-3.2430306188,-4.5063092211
1.32125,0.674498209397,1.14665448419,0.569786443708,1.13973376915,0.298394931161,-0.559014506813,-0.110601293545,-3.25006705896,-4.49634617489
1.3225,0.675922790257,1.14702493874,0.569084162743,1.13958298776,0.294327941036,-0.564628613956,-0.130793163635,-3.25713178065,-4.48606693911
1.32375,0.677347166866,1.14739030404,0.568374872173,1.13940678624,0.290252101709,-0.570229674161,-0.151275161488,-3.26422680023,-4.47547064375
1.325,0.678771307223,1.14775056899,0.567658588557,1.13920479985,0.286167374036,-0.575817290565,-0.172050616015,-3.27135416683,-4.46455643481
1.32625,0.680195178866,1.14810572247,0.566935328947,1.1389766597,0.282073716292,-0.581391065248,-0.193122880137,-3.27851596207,-4.45332347338
1.3275,0.681618748872,1.14845575329,0.566205110894,1.13872199265,0.277971084131,-0.586950599248,-0.214495330238,-3.28571430005,-4.44177093531
1.32875,0.683041983847,1.14880065018,0.565467952449,1.13844042137,0.273859430542,-0.592495492586,-0.23617136676,-3.29295132669,-4.42989801157
1.33,0.684464849925,1.14914040186,0.564723872163,1.13813156424,0.269738705814,-0.598025344277,-0.258154413768,-3.3002292203,-4.41770390743
1.33125,0.685887312758,1.14947499695,0.563972889088,1.13779503534,0.265608857491,-0.603539752355,-0.280447918317,-3.30755019149,-4.4051878422
1.3325,0.687309337514,1.14980442401,0.563215022782,1.13743044444,0.261469830335,-0.609038313883,-0.303055350992,-3.3149164823,-4.39234904902
1.33375,0.688730888869,1.15012867152,0.562450293303,1.13703739696,0.257321566285,-0.614520624977,-0.325980205639,-3.32233036668,-4.37918677529
1.335,0.690151931006,1.15044772792,0.561678721219,1.13661549393,0.253164004418,-0.619986280821,-0.349225998957,-3.3297941503,-4.36570028184
1.33625,0.691572427604,1.15076158153,0.560900327601,1.13616433196,0.24899708091,-0.625434875682,-0.372796270426,-3.33731017017,-4.35188884206
1.3375,0.692992341836,1.15107022062,0.56011513403,1.13568350325,0.244820728993,-0.630866002926,-0.396694581991,-3.34488079463,-4.33775174222
1.33875,0.694411636362,1.15137363336,0.559323162594,1.13517259551,0.240634878923,-0.636279255037,-0.420924517857,-3.35250842261,-4.32328828116
1.34,0.695830273325,1.15167180782,0.558524435892,1.13463119195,0.236439457936,-0.641674223629,-0.445489684625,-3.36019548427,-4.30849776985
1.34125,0.697248214342,1.151964732,0.557718977035,1.13405887129,0.232234390212,-0.647050499462,-0.470393711043,-3.36794444052,-4.29337953116
1.3425,0.698665420503,1.1522523938,0.556906809644,1.13345520768,0.228019596835,-0.652407672457,-0.495640247277,-3.37575778226,-4.27793289899
1.34375,0.700081852361,1.15253478099,0.556087957854,1.13281977068,0.223794995757,-0.657745331709,-0.521232964957,-3.38363803075,-4.26215721831
1.345,0.70149746993,1.15281188129,0.555262446314,1.13215212526,0.219560501758,-0.663063065503,-0.547175557108,-3.39158773691,-4.2460518452
1.34625,0.702912232674,1.15308368225,0.55443030019,1.13145183178,0.215316026414,-0.668360461322,-0.573471737721,-3.39960948118,-4.22961614534
1.3475,0.704326099509,1.15335017135,0.553591545161,1.13071844592,0.211061478055,-0.673637105866,-0.600125241704,-3.40770587375,-4.21284949437
1.34875,0.705739028789,1.15361133594,0.552746207425,1.12995151868,0.20679676173,-0.678892585058,-0.627139824201,-3.41587955359,-4.19575127756
1.35,0.707150978306,1.15386716326,0.551894313699,1.12915059636,0.202521779171,-0.68412648406,-0.654519260638,-3.42413318797,-4.17832088876
1.35125,0.70856190528,1.15411764039,0.551035891215,1.12831522053,0.19823642876,-0.68933838728,-0.682267346292,-3.43246947282,-4.16055773037
1.3525,0.709971766357,1.15436275433,0.55017096773,1.12744492799,0.193940605489,-0.694527878386,-0.710387896129,-3.44089113216,-4.14246121286
1.35375,0.7113805176,1.15460249191,0.549299571519,1.12653925079,0.18963420093,-0.699694540312,-0.738884744442,-3.44940091738,-4.12403075392
1.355,0.712788114484,1.15483683983,0.54842173138,1.12559771613,0.185317103196,-0.704837955271,-0.767761744214,-3.45800160728,-4.10526577851
1.35625,0.71419451189,1.15506578466,0.547537476631,1.12461984643,0.180989196911,-0.709957704759,-0.797022767688,-3.46669600756,-4.08616571825
1.3575,0.7155996641,1.15528931282,0.546646837118,1.12360515921,0.176650363177,-0.715053369566,-0.826671705045,-3.47548695017,-4.06673000982
1.35875,0.717003524788,1.15550741057,0.545749843207,1.12255316716,0.172300479536,-0.720124529783,-0.856712464088,-3.48437729326,-4.04695809614
1.36,0.718406047018,1.15572006402,0.544846525793,1.12146337805,0.167939419944,-0.725170764807,-0.887148970833,-3.49336992042,-4.02684942467
1.36125,0.719807183234,1.15592725912,0.543936916295,1.12033529474,0.163567054735,-0.730191653345,-0.917985168371,-3.50246774049,-4.00640344661
1.3625,0.721206885255,1.15612898166,0.54302104666,1.11916841513,0.159183250593,-0.735186773423,-0.949225016439,-3.51167368708,-3.98561961774
1.36375,0.722605104271,1.15632521725,0.542098949362,1.1179622322,0.154787870517,-0.740155702389,-0.980872491618,-3.52099071772,-3.96449739615
1.365,0.724001790835,1.15651595133,0.541170657404,1.1167162339,0.150380773798,-0.745098016914,-1.01293158646,-3.53042181357,-3.94303624219
1.36625,0.725396894856,1.15670116918,0.540236204319,1.11542990323,0.145961815983,-0.750013292995,-1.04540630891,-3.53996997915,-3.92123561853
1.3675,0.726790365593,1.15688085587,0.539295624171,1.11410271813,0.14153084885,-0.75490110596,-1.07830068255,-3.54963824166,-3.89909498865
1.36875,0.728182151651,1.1570549963,0.538348951554,1.11273415152,0.137087720379,-0.759761030466,-1.11161874572,-3.55942965007,-3.87661381604
1.37,0.729572200972,1.15722357518,0.537396221595,1.11132367127,0.132632274725,-0.7645926405,-1.14536455105,-3.56934727479,-3.85379156422
1.37125,0.73096046083,1.15738657699,0.536437469953,1.10987074015,0.128164352192,-0.769395509377,-1.17954216546,-3.57939420746,-3.83062769587
1.3725,0.732346877823,1.15754398606,0.535472732822,1.10837481585,0.123683789207,-0.77416920974,-1.21415566912,-3.58957355988,-3.80712167164
1.37375,0.733731397869,1.15769578646,0.534502046929,1.10683535097,0.119190418293,-0.778913313556,-1.24920915507,-3.59988846315,-3.78327294981
1.375,0.7351139662,1.1578419621,0.533525449538,1.10525179297,0.114684068049,-0.783627392114,-1.28470672944,-3.61034206776,-3.75908098513
1.37625,0.736494527352,1.15798249663,0.532542978449,1.10362358415,0.110164563123,-0.788311016019,-1.32065251014,-3.62093754234,-3.73454522809
1.3775,0.73787302516,1.15811737351,0.531554671998,1.10195016169,0.105631724193,-0.792963755184,-1.35705062662,-3.6316780732,-3.70966512495
1.37875,0.739249402756,1.15824657594,0.530560569061,1.10023095758,0.10108536794,-0.797585178831,-1.39390521983,-3.64256686387,-3.68444011597
1.38,0.740623602554,1.15837008693,0.529560709051,1.09846539864,0.0965253070332,-0.802174855474,-1.43122044083,-3.65360713363,-3.6588696343
1.38125,0.741995566252,1.15848788921,0.528555131922,1.09665290648,0.0919513501061,-0.806732352917,-1.46900045086,-3.66480211746,-3.63295310656
1.3825,0.743365234821,1.1585999653,0.527543878168,1.09479289751,0.0873633017395,-0.811257238241,-1.50724942105,-3.67615506493,-3.6066899506
1.38375,0.744732548496,1.15870629747,0.526526988826,1.09288478293,0.0827609624437,-0.815749077793,-1.54597153119,-3.6876692398,-3.58007957454
1.385,0.746097446778,1.15880686771,0.525504505474,1.09092796869,0.07814412864,-0.820207437177,-1.58517096952,-3.69934791911,-3.55312137737
1.38625,0.747459868418,1.15890165779,0.524476470233,1.0889218555,0.073512592646,-0.824631881237,-1.62485193241,-3.71119439176,-3.52581474623
1.3875,0.748819751417,1.15899064919,0.523442925771,1.08686583885,0.0688661426606,-0.829021974043,-1.66501862343,-3.72321195841,-3.49815905626
1.38875,0.750177033015,1.15907382315,0.522403915298,1.08475930895,0.0642045627499,-0.833377278877,-1.70567525263,-3.73540393016,-3.47015366996
1.39,0.751531649689,1.1591511606,0.521359482574,1.08260165072,0.0595276328352,-0.837697358218,-1.74682603663,-3.7477736277,-3.44179793511
1.39125,0.752883537142,1.15922264223,0.520309671903,1.08039224385,0.0548351286807,-0.841981773715,-1.78847519749,-3.76032438121,-3.41309118485
1.3925,0.754232630299,1.15928824842,0.519254528139,1.07813046273,0.0501268218822,-0.84623008618,-1.83062696196,-3.7730595282,-3.38403273602
1.39375,0.755578863299,1.15934795928,0.518194096687,1.07581567645,0.0454024798602,-0.850441855555,-1.87328556153,-3.78598241309,-3.35462188808
1.395,0.75692216949,1.15940175462,0.5171284235,1.07344724883,0.0406618658495,-0.8546166409,-1.91645523114,-3.79909638666,-3.32485792221
1.39625,0.758262481421,1.15944961395,0.516057555085,1.07102453837,0.0359047388935,-0.858754000361,-1.96014020885,-3.81240480431,-3.29474010001
1.3975,0.759599730836,1.15949151647,0.5149815385,1.0685468983,0.0311308538387,-0.86285349115,-2.00434473536,-3.82591102568,-3.26426766268
1.39875,0.760933848667,1.15952744108,0.513900421357,1.06601367653,0.0263399613293,-0.866914669517,-2.04907305294,-3.8396184133,-3.2334398295
1.4,0.762264765027,1.15955736637,0.512814251826,1.06342421567,0.0215318078054,-0.870937090724,-2.0943294051,-3.85353033134,-3.20225579653
1.40125,0.763592409206,1.1595812706,0.51172307863,1.06077785302,0.016706135501,-0.874920309009,-2.14011803571,-3.867650145,-3.17071473556
1.4025,0.76491670966,1.15959913171,0.510626951053,1.05807392058,0.0118626824429,-0.878863877563,-2.18644318868,-3.88198121907,-3.1388157932
1.40375,0.766237594007,1.15961092731,0.509525918936,1.05531174505,0.00700118245328,-0.882767348492,-2.23330910712,-3.89652691695,-3.10655808937
1.405,0.767554989022,1.15961663467,0.508420032682,1.05249064781,0.00212136515057,-0.886630272786,-2.28072003217,-3.91129059947,-3.07394071559
1.40625,0.768868820627,1.15961623072,0.507309343254,1.04960994497,-0.00277704404539,-0.890452200281,-2.32868020289,-3.92627562353,-3.04096273372
1.4075,0.770179013885,1.15960969206,0.506193902181,1.04666894731,-0.00769432390825,-0.89423267962,-2.37719385552,-3.94148534122,-3.00762317556
1.40875,0.771485492995,1.15959699491,0.505073761555,1.04366696033,-0.0126307573984,-0.89797125822,-2.42626522263,-3.95692309833,-2.97392104065
1.41,0.772788181285,1.15957811516,0.503948974036,1.04060328425,-0.0175866316541,-0.901667482222,-2.47589853236,-3.97259223305,-2.93985529444
1.41125,0.774087001206,1.15955302833,0.50281959285,1.037477214,-0.022562237981,-0.905320896456,-2.5260980078,-3.98849607529,-2.90542486798
1.4125,0.77538187432,1.15952170957,0.501685671795,1.03428803923,-0.0275578718423,-0.908931044392,-2.57686786599,-4.00463794463,-2.87062865571
1.41375,0.776672721304,1.15948413365,0.500547265239,1.03103504433,-0.0325738328426,-0.912497468095,-2.62821231768,-4.02102114901,-2.83546551385
1.415,0.777959461931,1.15944027498,0.499404428124,1.02771750844,-0.0376104247148,-0.916019708177,-2.68013556645,-4.03764898419,-2.79993425969
1.41625,0.779242015075,1.15939010759,0.498257215968,1.02433470542,-0.0426679553031,-0.919497303744,-2.73264180721,-4.05452473137,-2.76403366927
1.4175,0.780520298695,1.1593336051,0.497105684865,1.02088590392,-0.0477467365433,-0.92292979235,-2.78573522671,-4.07165165661,-2.72776247584
1.41875,0.781794229835,1.15927074075,0.495949891488,1.01737036735,-0.0528470844446,-0.926316709934,-2.83942000221,-4.08903300913,-2.69111936875
1.42,0.783063724613,1.15920148739,0.49478989309,1.01378735391,-0.0579693190661,-0.929657590772,-2.89370030014,-4.10667201941,-2.65410299136
1.42125,0.784328698219,1.15912581745,0.493625747511,1.0101361166,-0.0631137644932,-0.932951967412,-2.94858027614,-4.124571898,-2.61671193953
1.4225,0.785589064905,1.15904370297,0.492457513172,1.00641590322,-0.0682807488111,-0.93619937062,-3.00406407409,-4.14273583451,-2.57894476015
1.42375,0.786844737977,1.15895511558,0.491285249084,1.00262595642,-0.0734706040794,-0.939399329313,-3.06015582537,-4.16116699553,-2.54079994893
1.425,0.788095629796,1.15886002646,0.490109014848,0.998765513659,-0.0786836662999,-0.942551370493,-3.11685964768,-4.17986852278,-2.50227594851
1.42625,0.789341651762,1.15875840641,0.488928870658,0.994833807296,-0.0839202753864,-0.945655019184,-3.1741796445,-4.19884353241,-2.46337114748
1.4275,0.790582714314,1.15865022578,0.4877448773,0.990830064548,-0.089180775131,-0.948709798361,-3.23211990494,-4.21809511267,-2.42408387837
1.42875,0.791818726923,1.15853545447,0.486557096162,0.986753507534,-0.0944655131681,-0.95171522888,-3.29068450221,-4.23762632245,-2.38441241472
1.43,0.793049598083,1.15841406199,0.485365589228,0.982603353292,-0.0997748409371,-0.954670829398,-3.34987749259,-4.25744018974,-2.34435497022
1.43125,0.794275235306,1.15828601737,0.484170419088,0.978378813802,-0.105109113642,-0.957576116305,-3.40970291538,-4.27753970962,-2.30390969672
1.4325,0.795495545117,1.15815128921,0.482971648937,0.974079096004,-0.110468690211,-0.96043060364,-3.47016479197,-4.29792784282,-2.26307468149
1.43375,0.796710433046,1.15800984565,0.481769342579,0.969703401822,-0.115853933249,-0.963233803009,-3.53126706204,-4.31860749304,-2.22184798643
1.435,0.797919803622,1.15786165438,0.48056356443,0.965250928349,-0.121265208944,-0.965985223606,-3.5930118305,-4.33958091032,-2.18022876854
1.43625,0.799123560367,1.15770668262,0.47935437952,0.960720872246,-0.126702885525,-0.96868437493,-3.65539336826,-4.36084764513,-2.1382211048
1.4375,0.800321605803,1.15754489716,0.478141853493,0.956112444928,-0.132167328057,-0.971330776368,-3.71839371494,-4.38240300898,-2.09583674593
1.43875,0.801513841479,1.1573762643,0.476926052579,0.951424887959,-0.137658893048,-0.973923966795,-3.78198686742,-4.40423942757,-2.05309234838
1.44,0.802700168022,1.15720074993,0.475707043576,0.94665747776,-0.143177926625,-0.976463507239,-3.84614480643,-4.42634844692,-2.01000556636
1.44125,0.803880485174,1.15701831949,0.474484893811,0.941809525943,-0.148724764165,-0.978948980711,-3.91083931402,-4.44872134087,-1.96659387817
1.4425,0.805054691837,1.15682893802,0.473259671124,0.936880379475,-0.154299729978,-0.981379991934,-3.97604204154,-4.47134913422,-1.92287454347
1.44375,0.806222686122,1.15663257016,0.472031443831,0.931869420839,-0.159903137001,-0.98375616707,-4.04172451024,-4.49422260283,-1.87886460388
1.445,0.807384365389,1.15642918018,0.470800280706,0.926776068199,-0.165535286485,-0.986077153444,-4.10785811082,-4.51733227283,-1.83458088428
1.44625,0.808539626293,1.15621873195,0.469566250948,0.921599775562,-0.171196467683,-0.988342619281,-4.17441410334,-4.54066842112,-1.79003999394
1.4475,0.809688364828,1.15600118901,0.468329424158,0.916340032941,-0.176886957538,-0.990552253429,-4.24136361848,-4.56422107577,-1.74525832795
1.44875,0.810830476375,1.15577651455,0.467089870314,0.910996366516,-0.182607020372,-0.9927057651,-4.30867765722,-4.58798001569,-1.70025206896
1.45,0.811965855745,1.15554467146,0.465847659745,0.905568338798,-0.188356907577,-0.994802883601,-4.37632709074,-4.61193477145,-1.655037188
1.45125,0.813094397222,1.15530562228,0.464602863105,0.900055548789,-0.194136857301,-0.99684335807,-4.44428266207,-4.63607462648,-1.60962944669
1.4525,0.814215994617,1.15505932931,0.46335555135,0.894457632142,-0.199947094143,-0.998826957218,-4.51251498614,-4.66038861678,-1.56404439938
1.45375,0.815330541303,1.15480575455,0.462105795712,0.888774261323,-0.205787828843,-1.00075346907,-4.58099455054,-4.68486553225,-1.51829739447
1.455,0.81643793027,1.15454485974,0.460853667677,0.883005145766,-0.211659257974,-1.0026227007,-4.64969171669,-4.70949391815,-1.47240357659
1.45625,0.817538054167,1.1542766064,0.45959923896,0.877150032032,-0.217561563638,-1.00443447801,-4.71857672071,-4.73426207559,-1.42637788927
1.4575,0.81863080535,1.15400095583,0.458342581482,0.871208703964,-0.223494913163,-1.00618864543,-4.78761967456,-4.75915806335,-1.38023507657
1.45875,0.819716075927,1.15371786912,0.457083767347,0.865180982845,-0.229459458796,-1.0078850657,-4.8567905671,-4.78416969927,-1.33398968583
1.46,0.820793757807,1.15342730718,0.455822868818,0.859066727546,-0.235455337411,-1.00952361964,-4.92605926579,-4.80928456179,-1.28765607054
1.46125,0.821863742746,1.15312923078,0.454559958298,0.852865834681,-0.241482670201,-1.01110420588,-4.99539551781,-4.83448999184,-1.2412483926
1.4625,0.822925922394,1.15282360051,0.453295108303,0.846578238752,-0.24754156239,-1.01262674062,-5.06476895166,-4.85977309486,-1.19478062545
1.46375,0.823980188343,1.15251037687,0.452028391446,0.840203912302,-0.253632102938,-1.01409115744,-5.13414907878,-4.88512074244,-1.14826655671
1.465,0.825026432174,1.15218952025,0.45075988041,0.833742866055,-0.259754364246,-1.01549740702,-5.20350529553,-4.91051957517,-1.10171979142
1.46625,0.826064545508,1.15186099096,0.449489647929,0.827195149063,-0.265908401876,-1.01684545692,-5.27280688498,-4.9359560051,-1.05515375581
1.4675,0.827094420047,1.15152474925,0.448217766768,0.820560848843,-0.272094254259,-1.0181352914,-5.3420230186,-4.9614162172,-1.00858170014
1.46875,0.82811594763,1.15118075532,0.4469443097,0.813840091516,-0.278311942419,-1.01936691117,-5.41112275873,-4.9868861732,-0.962016701794
1.47,0.829129020276,1.15082896939,0.44566934949,0.807033041946,-0.284561469692,-1.02054033316,-5.48007506011,-5.01235161416,-0.915471669646
1.47125,0.830133530235,1.15046935165,0.444392958867,0.800139903866,-0.290842821454,-1.02165559034,-5.54884877297,-5.03779806338,-0.868959348168
1.4725,0.831129370036,1.15010186234,0.443115210514,0.793160920013,-0.297155964851,-1.02271273153,-5.61741264505,-5.06321082937,-0.822492320503
1.47375,0.832116432535,1.14972646174,0.441836177038,0.786096372253,-0.303500848528,-1.02371182115,-5.68573532334,-5.08857500902,-0.776083012397
1.475,0.833094610966,1.14934311022,0.440555930961,0.778946581705,-0.309877402373,-1.02465293906,-5.75378535768,-5.11387549186,-0.72974369748
1.47625,0.834063798989,1.14895176823,0.439274544691,0.771711908859,-0.316285537257,-1.02553618039,-5.82153120301,-5.13909696272,-0.683486501168
1.4775,0.835023890738,1.14855239637,0.43799209051,0.764392753697,-0.32272514478,-1.02636165531,-5.8889412217,-5.16422390567,-0.637323404533
1.47875,0.835974780873,1.14814495537,0.436708640553,0.756989555805,-0.329196097022,-1.0271294889,-5.95598368657,-5.1892406083,-0.59126624933
1.48,0.836916364628,1.14772940613,0.435424266788,0.749502794481,-0.335698246301,-1.02783982094,-6.02262678408,-5.21413116517,-0.545326743259
1.48125,0.83784853786,1.14730570975,0.434139041,0.741932988845,-0.342231424935,-1.02849280576,-6.08883861676,-5.23887948241,-0.499516464424
1.4825,0.8387711971,1.14687382757,0.432853034773,0.734280697939,-0.348795445007,-1.0290886121,-6.15458720638,-5.26346928164,-0.45384686598
1.48375,0.839684239604,1.14643372114,0.43156631947,0.726546520829,-0.355390098139,-1.02962742292,-6.21984049758,-5.28788410434,-0.408329282311
1.485,0.840587563402,1.14598535232,0.430278966216,0.718731096695,-0.362015155268,-1.0301094353,-6.28456635986,-5.31210731692,-0.362974933523
1.48625,0.841481067346,1.14552868325,0.428991045882,0.710835104929,-0.368670366431,-1.03053486026,-6.34873259173,-5.33612211486,-0.31779493072
1.4875,0.842364651164,1.14506367641,0.427702629065,0.702859265216,-0.375355460555,-1.03090392263,-6.41230692404,-5.35991152688,-0.272800282528
1.48875,0.843238215509,1.1445902946,0.426413786075,0.694804337619,-0.382070145248,-1.03121686096,-6.47525702243,-5.38345842126,-0.228001900348
1.49,0.844101662008,1.14410850104,0.425124586913,0.68667112266,-0.388814106608,-1.03147392738,-6.53755049166,-5.4067455105,-0.183410604063
1.49125,0.844954893316,1.14361825934,0.423835101257,0.67846046139,-0.395587009024,-1.03167538747,-6.59915487863,-5.42975535514,-0.139037128042
1.4925,0.845797813162,1.14311953352,0.422545398444,0.670173235463,-0.402388494996,-1.0318215202,-6.66003767551,-5.4524703703,-0.0948921274016
1.49375,0.846630326405,1.1426122881,0.421255547456,0.661810367201,-0.40921818495,-1.03191261779,-6.72016632368,-5.47487283081,-0.0509861842716
1.495,0.84745233908,1.14209648806,0.4199656169,0.653372819654,-0.416075677073,-1.03194898566,-6.77950821748,-5.49694487643,-0.00732981416149
1.49625,0.848263758454,1.14157209891,0.418675674992,0.644861596657,-0.422960547141,-1.03193094233,-6.83803070733,-5.51866851717,0.0360665277526
1.4975,0.849064493072,1.14103908669,0.417385789544,0.636277742886,-0.429872348366,-1.03185881934,-6.89570110346,-5.54002563922,0.0791924398754
1.49875,0.849854452811,1.14049741804,0.416096027944,0.627622343899,-0.436810611239,-1.03173296123,-6.95248667955,-5.56099801108,0.122037567144
1.5,0.850633548931,1.13994706016,0.414806457141,0.618896526187,-0.443774843393,-1.03155372543,-7.00835467621,-5.58156728823,0.164591594546
1.50125,0.851401694126,1.13938798093,0.41351714363,0.610101457208,-0.45076452946,-1.03132148224,-7.06327230525,-5.60171501993,0.206844240086
1.5025,0.852158802574,1.13882014884,0.412228153435,0.601238345424,-0.457779130943,-1.03103661482,-7.11720675249,-5.62142265503,0.248785247857
1.50375,0.85290478999,1.1382435331,0.410939552093,0.592308440327,-0.464818086097,-1.03069951912,-7.17012518169,-5.64067154753,0.290404380371
1.505,0.853639573675,1.13765810362,0.409651404637,0.583313032469,-0.471880809812,-1.03031060387,-7.22199473903,-5.65944296345,0.331691411202
1.50625,0.854363072571,1.13706383107,0.408363775583,0.574253453479,-0.478966693506,-1.02987029059,-7.27278255567,-5.67771808619,0.372636118323
1.5075,0.855075207309,1.13646068689,0.407076728911,0.56513107608,-0.486075105028,-1.02937901358,-7.32245575157,-5.69547802286,0.413228276057
1.50875,0.855775900261,1.13584864331,0.405790328049,0.5559473141,-0.493205388563,-1.0288372199,-7.37098143952,-5.71270381113,0.45345764712
1.51,0.856465075594,1.13522767342,0.404504635861,0.546703622481,-0.500356864555,-1.02824536946,-7.41832672873,-5.72937642476,0.493313975653
1.51125,0.857142659317,1.13459775115,0.403219714626,0.537401497279,-0.507528829625,-1.02760393497,-7.46445872815,-5.74547678007,0.532786979011
1.5125,0.857808579337,1.13395885134,0.401935626024,0.528042475661,-0.514720556505,-1.02691340201,-7.50934454979,-5.76098574288,0.571866339521
1.51375,0.858462765507,1.13331094976,0.400652431121,0.518628135904,-0.521931293982,-1.02617426912,-7.55295131291,-5.77588413405,0.610541697336
1.515,0.859105149677,1.13265402311,0.399370190351,0.509160097379,-0.529160266841,-1.02538704777,-7.59524614702,-5.79015273618,0.648802641672
1.51625,0.85973566575,1.13198804909,0.398088963501,0.499640020537,-0.536406675823,-1.02455226251,-7.63619619515,-5.80377230044,0.686638702348
1.5175,0.860354249728,1.13131300642,0.396808809695,0.490069606891,-0.543669697592,-1.02367045101,-7.67576861781,-5.81672355229,0.72403934264
1.51875,0.860960839767,1.13062887485,0.395529787374,0.480450598992,-0.550948484703,-1.02274216416,-7.71393059529,-5.8289871979,0.760993950769
1.52,0.861555376226,1.12993563521,0.394251954284,0.470784780403,-0.558242165586,-1.02176796614,-7.75064933152,-5.84054393098,0.797491830087
1.52125,0.862137801718,1.12923326943,0.392975367458,0.461073975663,-0.565549844531,-1.02074843458,-7.78589205804,-5.85137443898,0.833522192181
1.5225,0.862708061165,1.1285217606,0.391700083198,0.451320050258,-0.572870601684,-1.01968416066,-7.81962603533,-5.86145940938,0.86907414875
1.52375,0.863266101844,1.12780109293,0.390426157057,0.441524910575,-0.580203493054,-1.01857574921,-7.8518185567,-5.87077953603,0.904136700967
1.525,0.863811873441,1.12707125186,0.389153643825,0.431690503866,-0.587547550524,-1.0174238189,-7.88243695188,-5.87931552488,0.938698732648
1.52625,0.864345328104,1.12633222405,0.38788259751,0.421818818195,-0.594901781867,-1.01622900238,-7.91144858852,-5.88704810086,0.972749001744
1.5275,0.864866420487,1.12558399741,0.386613071319,0.411911882395,-0.602265170776,-1.0149919464,-7.93882087582,-5.89395801435,1.00627613023
1.52875,0.86537510781,1.12482656113,0.385345117644,0.401971766006,-0.609636676902,-1.01371331205,-7.96452126683,-5.90002604638,1.03926859672
1.53,0.865871349902,1.12405990572,0.384078788039,0.392000579227,-0.617015235892,-1.01239377491,-7.98851726074,-5.90523301485,1.07171472771
1.53125,0.866355109258,1.12328402304,0.382814133206,0.382000472854,-0.62439975944,-1.01103402523,-8.01077640631,-5.90955978098,1.10360268768
1.5325,0.866826351084,1.12249890632,0.381551202976,0.371973638212,-0.631789135345,-1.00963476819,-8.03126630285,-5.91298725494,1.13492047126
1.53375,0.867285043353,1.1217045502,0.380290046286,0.361922307097,-0.639182227577,-1.00819672405,-8.04995460257,-5.91549640135,1.16565589498
1.535,0.867731156852,1.12090095075,0.379030711166,0.351848751705,-0.646577876348,-1.00672062845,-8.06680901392,-5.91706824571,1.19579658726
1.53625,0.868164665232,1.12008810551,0.377773244715,0.341755284562,-0.653974898191,-1.00520723259,-8.081797302,-5.91768387899,1.22532998059
1.5375,0.868585545063,1.1192660135,0.376517693084,0.33164425845,-0.661372086045,-1.0036573035,-8.09488729076,-5.91732446337,1.25424330258
1.53875,0.868993775879,1.11843467529,0.375264101456,0.321518066335,-0.66876820935,-1.00207162433,-8.10604686537,-5.9159712386,1.28252356669
1.54,0.869389340229,1.11759409298,0.374012514023,0.311379141287,-0.676162014142,-1.00045099458,-8.11524397266,-5.91360552594,1.31015756444
1.54125,0.869772223732,1.11674427026,0.372762973969,0.301229956403,-0.683552223164,-0.998796230418,-8.12244662304,-5.91020873346,1.33713185642
1.5425,0.87014241512,1.11588521242,0.371515523447,0.291073024729,-0.690937535976,-0.997108164942,-8.12762289158,-5.90576236145,1.36343276363
1.54375,0.870499906294,1.11501692642,0.370270203557,0.280910899174,-0.698316629068,-0.995387648509,-8.13074091921,-5.90024800713,1.38904635846
1.545,0.870844692368,1.11413942085,0.369027054326,0.270746172431,-0.705688155993,-0.993635549046,-8.13176891336,-5.8936473687,1.41395845717
1.54625,0.871176771725,1.11325270603,0.367786114684,0.260581476891,-0.71305074749,-0.991852752366,-8.13067514871,-5.88594225035,1.43815461105
1.5475,0.87149614606,1.11235679398,0.366547422445,0.250419484559,-0.720403011619,-0.990040162518,-8.12742810181,-5.87711462915,1.46162016247
1.54875,0.871802820436,1.1114516985,0.365311014278,0.240262906637,-0.727743534063,-0.98819870196,-8.12199984862,-5.86714825572,1.48434188726
1.55,0.872096803327,1.11053743515,0.36407692569,0.230114484938,-0.735070882259,-0.9863293078,-8.11437716266,-5.85603388547,1.506313369
1.55125,0.872378106648,1.10961402129,0.362845191009,0.21997696373,-0.742383618776,-0.984432918538,-8.10456911327,-5.84377289244,1.52753866655
1.5525,0.872646745736,1.1086814761,0.361615843394,0.209853062155,-0.74968031449,-0.982510461133,-8.09259898836,-5.83037352692,1.5480283712
1.55375,0.872902739304,1.10773982051,0.360388914856,0.199745466259,-0.756959552594,-0.98056284761,-8.0784934413,-5.81584584288,1.56779432999
1.555,0.873146109402,1.10678907722,0.359164436275,0.189656828551,-0.764219929097,-0.978590975308,-8.06227936866,-5.80020023242,1.58684813427
1.55625,0.873376881375,1.10582927068,0.357942437418,0.179589767837,-0.771460053175,-0.976595727274,-8.04398379678,-5.78344736805,1.60520107125
1.5575,0.873595083821,1.10486042709,0.356722946957,0.16954686906,-0.778678547517,-0.97457797263,-8.02363387743,-5.76559819797,1.62286412981
1.55875,0.873800748548,1.10388257432,0.355505992486,0.159530683144,-0.78587404867,-0.97253856695,-8.00125688299,-5.74666394032,1.63984800555
1.56,0.873993910529,1.10289574196,0.354291600539,0.149543726852,-0.793045207368,-0.970478352616,-7.97688020182,-5.72665607656,1.65616310617
1.56125,0.874174607865,1.1018999613,0.353079796604,0.139588482639,-0.800190688861,-0.968398159184,-7.9505313345,-5.70558634583,1.67181955682
1.5625,0.874342881736,1.10089526524,0.351870605141,0.129667398516,-0.807309173232,-0.966298803724,-7.92223788853,-5.68346673829,1.68682720539
1.56375,0.874498776361,1.09988168836,0.350664049595,0.119782887918,-0.814399355707,-0.964181091171,-7.89202757312,-5.66030948896,1.70119562899
1.565,0.874642338956,1.09885926685,0.349460152413,0.109937329583,-0.821459946955,-0.962045814652,-7.85992819526,-5.63612707183,1.71493413961
1.56625,0.874773619685,1.0978280385,0.348258935059,0.10013306743,-0.828489673386,-0.959893755822,-7.82596765491,-5.61093219262,1.72805178959
1.5675,0.874892671624,1.09678804267,0.347060418024,0.0903724104457,-0.835487277436,-0.957725685178,-7.79017393959,-5.58473778265,1.74055737838
1.56875,0.874999550711,1.0957393203,0.345864620846,0.0806576325808,-0.842451517843,-0.955542362376,-7.75257511996,-5.55755699238,1.75245945851
1.57,0.875094315706,1.09468191387,0.344671562118,0.0709909726458,-0.849381169917,-0.953344536532,-7.71319934524,-5.52940318403,1.7637663413
1.57125,0.875177028143,1.09361586738,0.343481259504,0.0613746342177,-0.856275025803,-0.951132946522,-7.67207483823,-5.50028992575,1.77448610397
1.5725,0.875247752291,1.09254122631,0.342293729751,0.0518107855502,-0.863131894732,-0.948908321272,-7.62922989047,-5.47023098466,1.78462659608
1.57375,0.875306555107,1.09145803764,0.341108988701,0.0423015594915,-0.869950603265,-0.946671380032,-7.58469285738,-5.43924031945,1.79419544538
1.575,0.87535350619,1.0903663498,0.339927051301,0.0328490534068,-0.87672999553,-0.944422832658,-7.53849215375,-5.40733207461,1.80320006468
1.57625,0.87538867774,1.08926621265,0.338747931619,0.0234553291071,-0.883468933451,-0.94216337987,-7.49065624911,-5.3745205729,1.81164765929
1.5775,0.875412144513,1.08815767747,0.337571642852,0.014122412784,-0.890166296962,-0.93989371351,-7.44121366306,-5.34082030874,1.81954523267
1.57875,0.875423983772,1.08704079691,0.336398197336,0.00485229494944,-0.896820984223,-0.937614516789,-7.39019296034,-5.30624594164,1.82689959343
1.58,0.87542427525,1.08591562501,0.33522760656,-0.00435306961685,-0.903431911817,-0.935326464526,-7.33762274629,-5.27081228909,1.83371736298
1.58125,0.875413101098,1.08478221713,0.334059881174,-0.0134917619163,-0.909998014946,-0.933030223381,-7.28353166303,-5.23453432049,1.84000498151
1.5825,0.875390545845,1.08364062997,0.332895031001,-0.0225618987744,-0.916518247618,-0.930726452073,-7.22794838405,-5.19742714944,1.84576871526
1.58375,0.875356696351,1.08249092151,0.331733065044,-0.0315616328764,-0.922991582819,-0.928415801593,-7.17090160992,-5.1595060271,1.85101466366
1.585,0.875311641763,1.08133315101,0.330573991497,-0.0404891527992,-0.929417012686,-0.926098915414,-7.11242006525,-5.12078633712,1.85574876589
1.58625,0.875255473469,1.08016737898,0.329417817756,-0.0493426830395,-0.935793548662,-0.923776429678,-7.05253249307,-5.08128358745,1.85997680837
1.5875,0.875188285056,1.07899366714,0.328264550423,-0.0581204840319,-0.942120221654,-0.921448973393,-6.99126765041,-5.04101340346,1.86370443192
1.58875,0.875110172259,1.07781207843,0.327114195322,-0.0668208521656,-0.948396082171,-0.919117168599,-6.92865430576,-4.99999152303,1.86693713836
1.59,0.875021232925,1.07662267694,0.325966757502,-0.0754421197963,-0.954620200462,-0.916781630547,-6.86472123386,-4.95823378919,1.86968029798
1.59125,0.87492156696,1.07542552792,0.324822241246,-0.0839826552502,-0.960791666644,-0.914442967854,-6.79949721177,-4.91575614342,1.87193915647
1.5925,0.874811276287,1.07422069777,0.323680650082,-0.0924408628258,-0.96690959082,-0.912101782656,-6.73301101608,-4.87257462021,1.87371884216
1.59375,0.874690464803,1.07300825395,0.322541986789,-0.10081518279,-0.972973103194,-0.909758670748,-6.66529141813,-4.82870534051,1.87502437341
1.595,0.87455923833,1.07178826501,0.321406253405,-0.109104091371,-0.978981354172,-0.907414221722,-6.59636718035,-4.78416450487,1.87586066523
1.59625,0.874417704574,1.07056080056,0.320273451235,-0.117306100741,-0.984933514456,-0.905069019085,-6.52626705364,-4.73896838821,1.87623253702
1.5975,0.874265973078,1.06932593122,0.319143580857,-0.125419759005,-0.990828775142,-0.90272364038,-6.45501977353,-4.69313333444,1.8761447193
1.59875,0.874104155177,1.06808372862,0.318016642134,-0.133443650175,-0.996666347793,-0.900378657287,-6.38265405662,-4.64667574943,1.8756018606
1.6,0.873932363953,1.06683426536,0.316892634214,-0.141376394147,-1.00244546452,-0.898034635728,-6.30919859764,-4.59961209538,1.8746085355
1.60125,0.873750714191,1.06557761496,0.315771555545,-0.149216646669,-1.00816537803,-0.895692135948,-6.23468206627,-4.5519588858,1.87316925096
1.6025,0.873559322336,1.06431385191,0.314653403874,-0.156963099312,-1.01382536173,-0.893351712601,-6.15913310392,-4.50373267956,1.87128845365
1.60375,0.873358306443,1.06304305156,0.313538176263,-0.164614479429,-1.01942470973,-0.891013914814,-6.08258032159,-4.454950076,1.86897053723
1.605,0.873147786137,1.06176529014,0.312425869087,-0.172169550116,-1.02496273692,-0.888679286258,-6.00505229729,-4.40562770918,1.86621984849
1.60625,0.872927882568,1.06048064472,0.311316478047,-0.179627110172,-1.030438779,-0.886348365193,-5.92657757181,-4.35578224228,1.86304069575
1.6075,0.872698718362,1.05918919319,0.310209998174,-0.186985994046,-1.03585219253,-0.884021684518,-5.84718464763,-4.30543036323,1.85943735495
1.60875,0.872460417583,1.05789101423,0.309106423836,-0.194245071791,-1.04120235491,-0.881699771806,-5.76690198682,-4.25458877987,1.8554140764
1.61,0.872213105683,1.0565861873,0.308005748745,-0.201403249013,-1.04648866448,-0.879383149327,-5.68575800751,-4.20327421484,1.85097509274
1.61125,0.87195690946,1.05527479257,0.306907965963,-0.20845946681,-1.05171054045,-0.877072334074,-5.60378108294,-4.1515034007,1.84612462455
1.6125,0.871691957016,1.05395691095,0.30581306791,-0.21541270172,-1.05686742298,-0.874767837766,-5.52099953914,-4.09929307566,1.84086688787
1.61375,0.871418377706,1.05263262402,0.304721046368,-0.222261965658,-1.06195877314,-0.872470166854,-5.43744165259,-4.04665997919,1.8352061009
1.615,0.871136302101,1.05130201402,0.303631892492,-0.229006305852,-1.06698407293,-0.870179822514,-5.35313564915,-3.99362084781,1.82914649042
1.61625,0.870845861941,1.04996516383,0.302545596812,-0.235644804781,-1.07194282526,-0.867897300628,-5.268109702,-3.94019241094,1.82269229899
1.6175,0.870547190089,1.04862215695,0.301462149241,-0.242176580107,-1.07683455395,-0.865623091766,-5.18239193038,-3.8863913865,1.81584779123
1.61875,0.870240420491,1.04727307745,0.300381539083,-0.248600784607,-1.08165880372,-0.86335768115,-5.09601039826,-3.83223447764,1.80861726016
1.62,0.869925688128,1.04591800994,0.299303755038,-0.254916606102,-1.08641514015,-0.861101548616,-5.00899311285,-3.77773836883,1.80100503379
1.62125,0.869603128976,1.0445570396,0.298228785211,-0.261123267389,-1.09110314965,-0.858855168565,-4.92136802361,-3.72291972228,1.7930154819
1.6225,0.869272879959,1.04319025207,0.297156617117,-0.267220026161,-1.09572243945,-0.856619009911,-4.83316302157,-3.6677951746,1.78465302202
1.62375,0.86893507891,1.0418177335,0.296087237686,-0.273206174943,-1.10027263758,-0.85439353601,-4.74440593812,-3.61238133326,1.77592212563
1.625,0.868589864522,1.04043957048,0.295020633277,-0.279081041007,-1.10475339279,-0.852179204597,-4.65512454387,-3.55669477365,1.7668273248
1.62625,0.868237376308,1.03905585002,0.293956789675,-0.284843986302,-1.10916437452,-0.849976467698,-4.56534654872,-3.50075203646,1.75737321792
1.6275,0.867877754556,1.03766665954,0.292895692107,-0.290494407379,-1.11350527288,-0.847785771552,-4.47509960156,-3.44456962439,1.74756447566
1.62875,0.867511140289,1.03627208684,0.291837325246,-0.296031735306,-1.11777579858,-0.845607556509,-4.3844112889,-3.38816399944,1.73740584733
1.63,0.867137675218,1.03487222004,0.290781673216,-0.301455435601,-1.12197568288,-0.843442256934,-4.29330913469,-3.3315515808,1.72690216644
1.63125,0.8667575017,1.03346714763,0.289728719604,-0.306765008143,-1.12610467753,-0.841290301093,-4.2018206012,-3.27474874196,1.71605835696
1.6325,0.866370762698,1.03205695835,0.288678447463,-0.311959987104,-1.13016255473,-0.839152111041,-4.10997308841,-3.21777180898,1.70487943827
1.63375,0.865977601733,1.03064174124,0.287630839326,-0.317039940864,-1.13414910705,-0.837028102497,-4.01779393339,-3.16063705816,1.69337053084
1.635,0.865578162846,1.02922158558,0.286585877207,-0.322004471937,-1.13806414738,-0.834918684714,-3.92531041086,-3.10336071373,1.68153686282
1.63625,0.865172590553,1.02779658087,0.285543542614,-0.326853216891,-1.14190750884,-0.83282426034,-3.83254973406,-3.04595894675,1.66938377465
1.6375,0.864761029803,1.02636681681,0.284503816556,-0.331585846272,-1.14567904474,-0.830745225278,-3.73953905466,-2.98844787321,1.65691672375
1.63875,0.864343625937,1.02493238326,0.283466679551,-0.336202064528,-1.14937862852,-0.828681968531,-3.64630546285,-2.93084355214,1.6441412907
1.64,0.863920524642,1.02349337024,0.282432111635,-0.34070160993,-1.15300615362,-0.826634872051,-3.5528759882,-2.8731619846,1.63106318454
1.64125,0.863491871912,1.02204986788,0.281400092371,-0.345084254498,-1.15656153348,-0.82460431057,-3.45927760018,-2.81541911259,1.61768824708
1.6425,0.863057814006,1.02060196641,0.280370600858,-0.34934980393,-1.1600447014,-0.822590651433,-3.36553720945,-2.75763081772,1.60402245789
1.64375,0.862618497402,1.01914975612,0.279343615742,-0.353498097522,-1.16345561052,-0.820594254425,-3.27168166809,-2.6998129201,1.59007193943
1.645,0.862174068762,1.01769332738,0.278319115222,-0.3575290081,-1.1667942337,-0.818615471585,-3.17773777033,-2.64198117798,1.57584296148
1.64625,0.861724674882,1.01623277054,0.277297077063,-0.361442441948,-1.17006056347,-0.816654647021,-3.08373225441,-2.58415128706,1.5613419458
1.6475,0.861270462657,1.01476817597,0.276277478605,-0.365238338736,-1.17325461192,-0.81471211672,-2.98969180258,-2.52633887935,1.54657547102
1.64875,0.860811579035,1.01329963401,0.275260296772,-0.368916671454,-1.17637641067,-0.812788208344,-2.89564304294,-2.46855952359,1.53155027636
1.65,0.860348170978,1.01182723494,0.274245508084,-0.372477446344,-1.17942601073,-0.810883241029,-2.80161255089,-2.41082872474,1.51627326578
1.65125,0.859880385419,1.01035106898,0.273233088669,-0.375920702832,-1.18240348248,-0.808997525179,-2.70762684936,-2.35316192313,1.50075151282
1.6525,0.859408369221,1.00887122624,0.272223014271,-0.379246513467,-1.18530891554,-0.807131362247,-2.61371241131,-2.29557449568,1.48499226405
1.65375,0.858932269136,1.00738779669,0.271215260263,-0.38245498386,-1.18814241872,-0.805285044519,-2.51989566057,-2.23808175558,1.46900294312
1.655,0.858452231762,1.00590087019,0.27020980166,-0.385546252618,-1.19090411993,-0.803458854889,-2.42620297317,-2.18069895166,1.45279115462
1.65625,0.857968403504,1.00441053639,0.269206613126,-0.388520491293,-1.1935941661,-0.801653066633,-2.33266067944,-2.12344126999,1.4363646872
1.6575,0.857480930533,1.00291688478,0.268205668993,-0.391377904317,-1.1962127231,-0.799867943171,-2.23929506503,-2.06632383422,1.4197315178
1.65875,0.856989958743,1.00142000459,0.267206943268,-0.394118728955,-1.19875997568,-0.798103737838,-2.14613237292,-2.00936170568,1.40289981462
1.66,0.856495633711,0.999919984836,0.266210409649,-0.396743235249,-1.20123612737,-0.796360693635,-2.0531988052,-1.95256988436,1.38587794024
1.66125,0.855998100655,0.998416914268,0.265216041534,-0.399251725968,-1.20364140039,-0.794639042987,-1.96052052443,-1.89596330979,1.36867445485
1.6625,0.855497504396,0.996910881335,0.264223812041,-0.40164453656,-1.20597603564,-0.792939007498,-1.86812365546,-1.83955686225,1.35129811948
1.66375,0.854993989314,0.995401974179,0.263233694015,-0.403922035107,-1.20824029255,-0.791260797689,-1.77603428749,-1.78336536358,1.33375789904
1.665,0.854487699308,0.993890280604,0.262245660047,-0.406084622279,-1.21043444905,-0.78960461275,-1.68427847589,-1.72740357862,1.31606296403
1.66625,0.853978777758,0.992375888056,0.261259682484,-0.408132731297,-1.2125588015,-0.787970640279,-1.59288224415,-1.67168621622,1.29822269382
1.6675,0.85346736748,0.9908588836,0.260275733446,-0.41006682789,-1.21461366459,-0.786359056016,-1.50187158545,-1.61622793089,1.28024667962
1.66875,0.852953610689,0.989339353895,0.259293784844,-0.41188741026,-1.21659937132,-0.78477002358,-1.41127246463,-1.56104332473,1.26214472597
1.67,0.852437648955,0.987817385172,0.258313808387,-0.413595009051,-1.2185162729,-0.783203694201,-1.32111082069,-1.50614694819,1.24392685307
1.67125,0.851919623166,0.986293063213,0.257335775608,-0.415190187312,-1.22036473869,-0.781660206447,-1.23141256818,-1.45155330219,1.22560329914
1.6725,0.851399673486,0.984766473325,0.256359657871,-0.416673540472,-1.22214515616,-0.780139685953,-1.14220359947,-1.39727684043,1.20718452227
1.67375,0.850877939315,0.983237700322,0.255385426393,-0.418045696311,-1.2238579308,-0.778642245141,-1.05350978679,-1.34333197086,1.18868120197
1.675,0.850354559245,0.981706828498,0.254413052258,-0.419307314939,-1.22550348609,-0.777167982948,-0.965356984057,-1.28973305752,1.17010424102
1.67625,0.849829671027,0.980173941607,0.253442506436,-0.420459088771,-1.22708226344,-0.775716984539,-0.877771028422,-1.23649442271,1.15146476684
1.6775,0.849303411524,0.97863912284,0.252473759797,-0.42150174251,-1.22859472214,-0.774289321031,-0.790777431644,-1.18363017539,1.13277399191
1.67875,0.848775916671,0.977102454802,0.251506783133,-0.42243603235,-1.23004133888,-0.772885049559,-0.704398274138,-1.13115247311,1.11404180174
1.68,0.848247321443,0.975564019492,0.250541547173,-0.423262738195,-1.23142260333,-0.771504216526,-0.618646329644,-1.07906823216,1.09527406855
1.68125,0.847717759826,0.974023898293,0.249578022592,-0.423982648174,-1.23273900946,-0.770146864388,-0.533524186017,-1.02737862962,1.07647220375
1.6825,0.847187364822,0.972482171969,0.248616180012,-0.42459654866,-1.2339910499,-0.768813036017,-0.449029829429,-0.976082223087,1.05763564595
1.68375,0.846656268454,0.970938920669,0.247655990002,-0.425105222748,-1.23517921502,-0.767502775273,-0.365160630668,-0.925177180625,1.03876365231
1.685,0.846124601765,0.969394223931,0.246697423074,-0.425509450237,-1.23630399285,-0.766216126886,-0.281913952426,-0.87466162172,1.01985556967
1.68625,0.845592494828,0.967848160686,0.245740449685,-0.425810007629,-1.23736586907,-0.764953136349,-0.199287155033,-0.824533621585,1.00091083574
1.6875,0.845060076746,0.966300809259,0.244785040233,-0.426007668124,-1.2383653269,-0.763713849797,-0.117277597565,-0.774791212461,0.981928977342
1.68875,0.844527475658,0.964752247369,0.24383116506,-0.426103201623,-1.2393028471,-0.762498313905,-0.0358826399861,-0.725432386071,0.962909609211
1.69,0.843994818742,0.963202552141,0.242878794448,-0.426097374724,-1.24017890787,-0.761306575774,0.0449003561698,-0.676455095504,0.943852433079
1.69125,0.843462232221,0.9616518001,0.241927898621,-0.425990950732,-1.24099398484,-0.760138682823,0.125074026391,-0.627857256268,0.924757235879
1.6925,0.842929841365,0.960100067179,0.240978447741,-0.425784689658,-1.24174855101,-0.758994682684,0.204641001892,-0.579636748307,0.905623888701
1.69375,0.842397770497,0.958547428722,0.240030411914,-0.425479348227,-1.24244307671,-0.757874623101,0.283603908792,-0.531791417961,0.886452345418
1.695,0.841866142995,0.956993959487,0.239083761183,-0.425075679886,-1.24307802956,-0.756778551821,0.361965366164,-0.48431907926,0.867242641544
1.69625,0.841335081297,0.955439733648,0.238138465534,-0.424574434812,-1.24365387441,-0.755706516497,0.439727985781,-0.437217515469,0.847994892865
1.6975,0.840804706908,0.953884824801,0.237194494892,-0.423976359922,-1.24417107334,-0.754658564588,0.516894370799,-0.390484480886,0.828709294319
1.69875,0.840275140398,0.952329305965,0.236251819123,-0.423282198885,-1.24463008561,-0.753634743261,0.593467113799,-0.344117702275,0.80938611876
1.7,0.839746501411,0.950773249587,0.235310408034,-0.422492692137,-1.2450313676,-0.752635099292,0.669448797635,-0.298114880047,0.79002571585
1.70125,0.839218908667,0.949216727546,0.234370231375,-0.421608576891,-1.24537537281,-0.751659678971,0.744841993128,-0.252473690148,0.770628510509
1.7025,0.838692479968,0.947659811155,0.233431258837,-0.420630587154,-1.24566255183,-0.750708528015,0.819649257301,-0.207191785557,0.751195002027
1.70375,0.838167332199,0.946102571166,0.232493460055,-0.419559453748,-1.24589335227,-0.749781691466,0.89387313476,-0.162266797179,0.731725763086
1.705,0.837643581334,0.944545077774,0.231556804608,-0.418395904318,-1.24606821882,-0.748879213608,0.967516155424,-0.117696335474,0.712221438027
1.70625,0.837121342439,0.942987400619,0.230621262021,-0.417140663359,-1.24618759311,-0.748001137871,1.04058083286,-0.0734779917593,0.692682742459
1.7075,0.836600729676,0.941429608791,0.229686801763,-0.415794452235,-1.2462519138,-0.747147506751,1.11306966526,-0.0296093397765,0.673110461582
1.70875,0.836081856308,0.939871770835,0.228753393254,-0.414357989196,-1.24626161646,-0.746318361717,1.18498513398,0.0139120634458,0.653505448963
1.71,0.835564834703,0.93831395475,0.227821005859,-0.4128319894,-1.24621713364,-0.745513743129,1.25632970187,0.0570886764081,0.633868625988
1.71125,0.835049776334,0.936756228001,0.226889608896,-0.411217164941,-1.24611889477,-0.744733690152,1.32710581342,0.0999229709805,0.614200980414
1.7125,0.83453679179,0.935198657513,0.225959171634,-0.409514224867,-1.24596732621,-0.743978240678,1.39731589431,0.142417432494,0.594503564969
1.71375,0.834025990772,0.933641309685,0.225029663294,-0.407723875206,-1.24576285119,-0.74324743124,1.46696235008,0.184574558239,0.574777497076
1.715,0.833517482102,0.932084250385,0.224101053055,-0.405846818992,-1.24550588982,-0.742541296935,1.53604756547,0.226396855351,0.555023957315
1.71625,0.833011373725,0.930527544961,0.223173310052,-0.403883756292,-1.24519685905,-0.741859871347,1.60457390439,0.26788684097,0.535244187927
1.7175,0.832507772712,0.928971258238,0.222246403377,-0.401835384231,-1.24483617271,-0.741203186465,1.67254370888,0.309047040651,0.51543949258
1.71875,0.832006785264,0.927415454529,0.221320302086,-0.39970239702,-1.24442424145,-0.740571272615,1.73995929852,0.349879986925,0.495611234822
1.72,0.831508516719,0.925860197634,0.220394975196,-0.397485485984,-1.24396147275,-0.739964158378,1.8068229703,0.390388219034,0.475760837054
1.72125,0.831013071549,0.924305550847,0.21947039169,-0.395185339594,-1.2434482709,-0.739381870523,1.87313699744,0.430574281427,0.455889780034
1.7225,0.83052055337,0.922751576957,0.218546520519,-0.392802643491,-1.24288503704,-0.738824433928,1.93890362957,0.470440722893,0.435999601365
1.72375,0.830031064941,0.921198338254,0.217623330605,-0.39033808052,-1.2422721691,-0.738291871519,2.00412509225,0.509990095475,0.416091893999
1.725,0.829544708169,0.919645896534,0.21670079084,-0.38779233076,-1.2416100618,-0.737784204193,2.06880358564,0.549224953602,0.396168306378
1.72625,0.829061584114,0.9180943131,0.215778870095,-0.385166071556,-1.24089910671,-0.737301450753,2.13294128482,0.588147853523,0.376230540763
1.7275,0.82858179299,0.916543648767,0.214857537214,-0.382459977548,-1.24013969217,-0.736843627841,2.19654033992,0.626761351919,0.356280352099
1.72875,0.82810543417,0.914993963869,0.213936761025,-0.379674720706,-1.23933220333,-0.736410749873,2.25960287489,0.665068005264,0.336319547716
1.73,0.827632606188,0.913445318259,0.213016510339,-0.376810970361,-1.23847702216,-0.736002828972,2.322130987,0.703070368877,0.316349985781
1.73125,0.827163406744,0.911897771314,0.212096753952,-0.373869393239,-1.23757452741,-0.735619874909,2.38412674737,0.74077099639,0.296373574281
1.7325,0.826697932705,0.91035138194,0.211177460652,-0.370850653492,-1.23662509467,-0.735261895036,2.44559220025,0.778172438549,0.276392270229
1.73375,0.82623628011,0.908806208577,0.210258599215,-0.367755412738,-1.23562909631,-0.734928894233,2.5065293627,0.815277242327,0.256408079093
1.735,0.825778544173,0.9072623092,0.209340138416,-0.364584330086,-1.23458690156,-0.734620874839,2.5669402243,0.852087951012,0.23642305303
1.73625,0.825324819285,0.905719741323,0.208422047028,-0.361338062177,-1.23349887644,-0.7343378366,2.62682674713,0.888607102502,0.216439290881
1.7375,0.824875199018,0.904178562009,0.207504293825,-0.358017263218,-1.2323653838,-0.734079776611,2.68619086589,0.924837228877,0.196458936864
1.73875,0.824429776127,0.902638827864,0.206586847586,-0.354622585012,-1.23118678336,-0.733846689258,2.74503448654,0.960780855985,0.176484178775
1.74,0.823988642555,0.90110059505,0.205669677101,-0.351154677002,-1.22996343166,-0.733638566165,2.80335948712,0.996440502308,0.156517248371
1.74125,0.823551889434,0.899563919285,0.204752751171,-0.347614186295,-1.22869568211,-0.733455396137,2.86116771804,1.03181867858,0.136560419884
1.7425,0.823119607089,0.898028855845,0.203836038611,-0.344001757706,-1.22738388497,-0.733297165115,2.91846100069,1.06691788719,0.116616009177
1.74375,0.82269188504,0.896495459572,0.202919508258,-0.340318033793,-1.22602838739,-0.733163856114,2.97524112827,1.1017406214,0.0966863728422
1.745,0.822268812005,0.894963784876,0.202003128971,-0.336563654886,-1.22462953341,-0.733055449183,3.0315098652,1.13628936419,0.076773906784
1.74625,0.821850475903,0.893433885739,0.201086869635,-0.33273925913,-1.22318766398,-0.732971921347,3.08726894718,1.1705665886,0.0568810462539
1.7475,0.821436963857,0.891905815716,0.200170699167,-0.328845482518,-1.22170311694,-0.732913246567,3.14252008184,1.20457475689,0.0370102645377
1.74875,0.821028362197,0.890379627946,0.199254586519,-0.324882958925,-1.22017622709,-0.732879395686,3.19726494763,1.23831631934,0.0171640714427
1.75,0.82062475646,0.888855375149,0.198338500678,-0.320852320149,-1.21860732614,-0.732870336388,3.25150519438,1.2717937145,-0.00265498637759
1.75125,0.820226231396,0.887333109631,0.197422410678,-0.316754195939,-1.2169967428,-0.732886033152,3.30524244346,1.30500936805,-0.0224443270099
1.7525,0.81983287097,0.885812883292,0.196506285595,-0.31258921404,-1.21534480272,-0.732926447206,3.35847828719,1.33796569219,-0.0422013345997
1.75375,0.819444758361,0.884294747624,0.19559009456,-0.308358000221,-1.21365182857,-0.732991536489,3.41121428976,1.3706650861,-0.0619233593738
1.755,0.819061975969,0.88277875372,0.194673806754,-0.304061178316,-1.21191814001,-0.733081255604,3.46345198686,1.40310993449,-0.0816077187949
1.75625,0.818684605415,0.881264952274,0.193757391421,-0.299699370254,-1.21014405373,-0.733195555785,3.51519288511,1.43530260684,-0.101251698544
1.7575,0.818312727544,0.879753393586,0.192840817865,-0.295273196103,-1.20832988349,-0.733334384851,3.5664384633,1.46724545809,-0.120852553317
1.75875,0.817946422425,0.878244127565,0.191924055459,-0.290783274096,-1.20647594009,-0.733497687169,3.61719017212,1.49894082742,-0.140407507843
1.76,0.817585769358,0.876737203736,0.191007073647,-0.286230220673,-1.20458253142,-0.73368540362,3.66744943381,1.53039103736,-0.159913757466
1.76125,0.817230846873,0.875232671237,0.19008984195,-0.281614650511,-1.2026499625,-0.733897471562,3.71721764288,1.56159839453,-0.179368468952
1.7625,0.816881732732,0.87373057883,0.189172329968,-0.276937176565,-1.20067853544,-0.734133824793,3.76649616585,1.59256518841,-0.19876878178
1.76375,0.816538503932,0.872230974898,0.188254507388,-0.272198410097,-1.19866854952,-0.734394393517,3.81528634177,1.6232936908,-0.218111808726
1.765,0.816201236707,0.870733907456,0.187336343984,-0.267398960711,-1.19662030121,-0.734679104315,3.8635894826,1.65378615598,-0.237394636247
1.76625,0.81587000653,0.869239424145,0.186417809627,-0.26253943639,-1.19453408413,-0.734987880108,3.91140687238,1.68404481994,-0.256614326122
1.7675,0.815544888116,0.867747572245,0.185498874284,-0.25762044353,-1.19241018916,-0.73532064013,3.95873976847,1.71407189989,-0.27576791627
1.76875,0.815225955421,0.866258398672,0.184579508026,-0.252642586969,-1.19024890439,-0.735677299898,4.00558940187,1.74386959427,-0.294852420626
1.77,0.814913281649,0.864771949984,0.183659681034,-0.247606470025,-1.18805051517,-0.736057771181,4.05195697656,1.77344008237,-0.313864830554
1.77125,0.814606939246,0.863288272384,0.182739363598,-0.242512694528,-1.18581530418,-0.736461961975,4.09784367041,1.80278552336,-0.332802116105
1.7725,0.814306999912,0.861807411724,0.181818526129,-0.237361860849,-1.18354355137,-0.736889776472,4.14325063537,1.8319080566,-0.351661226478
1.77375,0.814013534594,0.860329413506,0.180897139157,-0.232154567939,-1.18123553404,-0.737341115041,4.18817899772,1.86080980125,-0.370439090472
1.775,0.813726613492,0.858854322889,0.179975173341,-0.226891413355,-1.17889152686,-0.737815874198,4.23262985817,1.88949285548,-0.389132617744
1.77625,0.813446306061,0.857382184689,0.179052599472,-0.221572993294,-1.1765118019,-0.738313946585,4.27660429245,1.91795929659,-0.407738699789
1.7775,0.813172681009,0.855913043384,0.178129388475,-0.216199902624,-1.17409662862,-0.738835220947,4.32010335173,1.94621118076,-0.4262542101
1.77875,0.812905806304,0.854446943117,0.177205511419,-0.210772734915,-1.17164627395,-0.73937958211,4.36312806239,1.97425054216,-0.444676005566
1.78,0.812645749172,0.852983927699,0.17628093952,-0.205292082468,-1.16916100227,-0.739946910961,4.4056794269,2.00207939326,-0.4630009273
1.78125,0.812392576098,0.851524040612,0.175355644142,-0.199758536347,-1.16664107546,-0.740537084429,4.44775842404,2.0296997249,-0.481225800644
1.7825,0.812146352831,0.850067325011,0.174429596809,-0.194172686408,-1.16408675295,-0.741149975463,4.48936600908,2.05711350468,-0.499347436903
1.78375,0.811907144382,0.848613823729,0.173502769203,-0.188535121325,-1.1614982917,-0.741785453021,4.53050311439,2.0843226775,-0.517362634491
1.785,0.811675015028,0.847163579281,0.172575133176,-0.182846428622,-1.15887594626,-0.742443382049,4.57117064986,2.11132916604,-0.535268178146
1.78625,0.811450028311,0.845716633864,0.171646660748,-0.1771071947,-1.15621996879,-0.743123623466,4.61136950303,2.13813486939,-0.553060840451
1.7875,0.811232247041,0.844273029359,0.170717324117,-0.171318004864,-1.15353060909,-0.74382603415,4.65110053965,2.16474166295,-0.570737383578
1.78875,0.811021733298,0.842832807341,0.169787095663,-0.165479443351,-1.15080811463,-0.744550466925,4.69036460411,2.19115139882,-0.5882945591
1.79,0.810818548433,0.841396009073,0.16885594795,-0.159592093354,-1.14805273059,-0.745296770548,4.72916251981,2.21736590513,-0.605729109003
1.79125,0.810622753065,0.839962675514,0.167923853736,-0.153656537051,-1.14526469987,-0.746064789698,4.76749508962,2.24338698572,-0.623037766547
1.7925,0.81043440709,0.838532847323,0.166990785976,-0.14767335563,-1.14244426313,-0.746854364964,4.80536309665,2.26921642027,-0.640217256631
1.79375,0.810253569676,0.837106564857,0.166056717824,-0.14164312931,-1.13959165882,-0.747665332839,4.84276730426,2.29485596412,-0.657264297041
1.795,0.810080299267,0.835683868176,0.165121622644,-0.135566437369,-1.13670712321,-0.748497525707,4.87970845606,2.32030734778,-0.674175599761
1.79625,0.809914653582,0.834264797049,0.16418547401,-0.12944385817,-1.13379089045,-0.749350771839,4.9161872776,2.34557227664,-0.690947870822
1.7975,0.809756689621,0.83284939095,0.163248245714,-0.123275969175,-1.13084319252,-0.750224895384,4.95220447635,2.37065243118,-0.70757781109
1.79875,0.80960646366,0.831437689067,0.162309911771,-0.117063346979,-1.12786425937,-0.751119716366,4.98776074155,2.39554946691,-0.724062117354
1.8,0.809464031254,0.830029730302,0.161370446423,-0.110806567321,-1.12485431886,-0.752035050677,5.0228567455,2.42026501387,-0.740397483381
1.80125,0.809329447241,0.82862555327,0.160429824145,-0.104506205115,-1.12181359683,-0.752970710075,5.0574931438,2.44480067608,-0.756580601015
1.8025,0.809202765741,0.827225196309,0.159488019648,-0.0981628344619,-1.11874231717,-0.75392650218,5.09167057553,2.46915803195,-0.772608159528
1.80375,0.809084040155,0.825828697477,0.158545007889,-0.0917770286761,-1.11564070175,-0.754902230474,5.12538966432,2.49333863462,-0.788476847234
1.805,0.808973323169,0.824436094555,0.157600764072,-0.0853493603011,-1.11250897058,-0.755897694298,5.15865101884,2.51734401106,-0.804183352881
1.80625,0.808870666754,0.823047425051,0.156655263653,-0.078880401129,-1.10934734173,-0.756912688856,5.19145523258,2.54117566158,-0.819724365249
1.8075,0.808776122166,0.821662726201,0.15570848235,-0.0723707222197,-1.10615603143,-0.757947005211,5.22380288505,2.56483506055,-0.835096575062
1.80875,0.808689739949,0.820282034972,0.15476039614,-0.0658208939164,-1.10293525408,-0.759000430294,5.25569454232,2.58832365612,-0.850296674923
1.81,0.808611569932,0.818905388066,0.153810981274,-0.0592314858638,-1.09968522228,-0.760072746898,5.28713075746,2.61164286969,-0.865321359814
1.81125,0.808541661234,0.817532821917,0.152860214273,-0.0526030670227,-1.0964061469,-0.761163733693,5.31811207079,2.63479409625,-0.880167329453
1.8125,0.808480062264,0.816164372698,0.15190807194,-0.0459362056869,-1.09309823704,-0.762273165222,5.34863901073,2.65777870404,-0.894831287502
1.81375,0.80842682072,0.814800076324,0.15095453136,-0.0392314694959,-1.08976170014,-0.763400811912,5.37871209458,2.68059803452,-0.909309942446
1.815,0.80838198359,0.813439968448,0.14999956991,-0.0324894254504,-1.08639674196,-0.764546440078,5.40833182852,2.70325340205,-0.92360000946
1.81625,0.808345597156,0.812084084469,0.14904316526,-0.0257106399246,-1.08300356664,-0.765709811935,5.43749870865,2.72574609419,-0.937698210163
1.8175,0.808317706991,0.810732459531,0.14808529538,-0.0188956786788,-1.07958237672,-0.766890685604,5.46621322114,2.74807737162,-0.951601273468
1.81875,0.80829835796,0.809385128527,0.147125938546,-0.0120451068718,-1.07613337321,-0.768088815119,5.49447584324,2.7702484676,-0.965305936947
1.82,0.808287594223,0.808042126098,0.146165073342,-0.00515948907071,-1.07265675555,-0.769303950446,5.52228704385,2.79226058819,-0.978808946996
1.82125,0.808285459237,0.806703486638,0.14520267867,0.00176061073785,-1.06915272174,-0.770535837487,5.54964728342,2.81411491239,-0.992107059685
1.8225,0.80829199575,0.805369244294,0.144238733749,0.00871462913784,-1.06562146827,-0.771784218095,5.57655701534,2.83581259164,-1.00519704201
1.82375,0.80830724581,0.804039432968,0.143273218125,0.0157020032762,-1.06206319026,-0.773048830092,5.60301668643,2.85735475018,-1.01807567212
1.825,0.808331250758,0.802714086318,0.142306111673,0.0227221708539,-1.0584780814,-0.774329407276,5.62902673705,2.87874248509,-1.03073973983
1.82625,0.808364051237,0.801393237764,0.141337394606,0.0297745701188,-1.05486633404,-0.775625679441,5.65458760191,2.89997686532,-1.04318604813
1.8275,0.808405687184,0.800076920483,0.140367047475,0.0368586398587,-1.05122813923,-0.776937372396,5.67969971073,2.92105893257,-1.05541141358
1.82875,0.808456197837,0.798765167416,0.139395051175,0.0439738193957,-1.04756368671,-0.778264207975,5.70436348917,2.94198970148,-1.06741266708
1.83,0.808515621732,0.797458011266,0.138421386955,0.0511195485816,-1.04387316498,-0.779605904064,5.72857935872,2.96277015866,-1.07918665457
1.83125,0.808583996708,0.796155484504,0.137446036415,0.0582952677925,-1.04015676132,-0.780962174612,5.75234773767,2.98340126319,-1.09073023726
1.8325,0.808661359902,0.794857619363,0.136468981518,0.0655004179258,-1.03641466182,-0.782332729657,5.77566904215,3.00388394669,-1.10204029365
1.83375,0.808747747753,0.793564447849,0.135490204591,0.0727344403978,-1.03264705145,-0.783717275346,5.79854368577,3.02421911292,-1.11311371939
1.835,0.808843196003,0.792276001735,0.13450968833,0.0799967771402,-1.02885411404,-0.785115513955,5.82097208078,3.04440763837,-1.12394742769
1.83625,0.808947739696,0.790992312564,0.133527415806,0.0872868705998,-1.02503603235,-0.786527143915,5.8429546393,3.06445037195,-1.13453835106
1.8375,0.809061413179,0.789713411654,0.13254337047,0.0946041637384,-1.02119298811,-0.787951859833,5.86449177251,3.08434813467,-1.14488344127
1.83875,0.809184250105,0.788439330094,0.131557536157,0.101948100031,-1.01732516202,-0.789389352518,5.88558389204,3.10410171994,-1.15497967047
1.84,0.809316283429,0.787170098749,0.130569897089,0.109318123469,-1.01343273381,-0.790839309009,5.90623141122,3.12371189386,-1.16482403176
1.84125,0.809457545414,0.785905748259,0.129580437884,0.116713678559,-1.00951588228,-0.792301412598,5.92643474438,3.14317939494,-1.17441353985
1.8425,0.809608067626,0.784646309043,0.128589143557,0.124134210329,-1.00557478532,-0.793775342859,5.94619430806,3.16250493388,-1.18374523207
1.84375,0.809767880939,0.783391811296,0.127595999527,0.131579164329,-1.00160961995,-0.795260775678,5.96551052224,3.18168919421,-1.19281616872
1.845,0.809937015537,0.782142284993,0.126600991618,0.139047986635,-0.997620562337,-0.79675738328,5.98438380985,3.20073283192,-1.2016234345
1.84625,0.810115500906,0.78089775989,0.125604106069,0.146540123854,-0.993607787868,-0.798264834264,6.00281459747,3.21963647546,-1.21016413847
1.8475,0.810303365846,0.779658265523,0.124605329533,0.154055023129,-0.989571471149,-0.799782793627,6.02080331714,3.2384007259,-1.21843541474
1.84875,0.810500638464,0.778423831212,0.123604649085,0.161592132147,-0.985511786053,-0.801310922801,6.03835040581,3.25702615703,-1.22643442395
1.85,0.810707346177,0.777194486058,0.122602052226,0.169150899143,-0.981428905756,-0.802848879686,6.05545630567,3.27551331561,-1.23415835376
1.85125,0.810923515712,0.775970258948,0.121597526885,0.176730772911,-0.977323002764,-0.804396318685,6.07212146626,3.29386272106,-1.24160441896
1.8525,0.811149173109,0.774751178551,0.120591061429,0.184331202809,-0.973194248953,-0.805952890734,6.08834634379,3.31207486545,-1.24876986245
1.85375,0.811384343719,0.773537273325,0.119582644659,0.19195163877,-0.969042815601,-0.807518243341,6.10413140125,3.33015021376,-1.25565195674
1.855,0.811629052206,0.772328571512,0.118572265821,0.199591531312,-0.964868873419,-0.809092020626,6.11947711056,3.34808920441,-1.26224800397
1.85625,0.811883322547,0.771125101142,0.117559914607,0.207250331547,-0.96067259259,-0.810673863351,6.13438395251,3.3658922486,-1.26855533609
1.8575,0.812147178035,0.769926890031,0.116545581162,0.214927491193,-0.956454142797,-0.812263408966,6.14885241678,3.38355973083,-1.27457131655
1.85875,0.812420641275,0.768733965785,0.115529256085,0.222622462589,-0.952213693262,-0.813860291643,6.16288300289,3.40109200872,-1.28029334106
1.86,0.812703734191,0.767546355798,0.114510930433,0.230334698701,-0.947951412776,-0.815464142319,6.17647622089,3.41848941316,-1.28571883731
1.86125,0.812996478022,0.766364087253,0.113490595729,0.238063653141,-0.94366746973,-0.817074588736,6.18963259205,3.43575224906,-1.29084526631
1.8625,0.813298893324,0.765187187123,0.112468243961,0.245808780181,-0.939362032153,-0.818691255484,6.20235264896,3.45288079441,-1.29567012347
1.86375,0.813610999972,0.764015682172,0.11144386759,0.253569534763,-0.935035267744,-0.820313764045,6.21463693606,3.4698753009,-1.30019093849
1.865,0.813932817161,0.762849598954,0.110417459551,0.261345372521,-0.930687343901,-0.821941732831,6.22648601079,3.48673599422,-1.30440527638
1.86625,0.814264363404,0.761688963813,0.109389013258,0.26913574979,-0.926318427758,-0.823574777236,6.23790044372,3.50346307387,-1.30831073854
1.8675,0.814605656535,0.760533802885,0.108358522608,0.27694012363,-0.921928686216,-0.825212509677,6.24888081904,3.52005671334,-1.31190496305
1.86875,0.814956713713,0.759384142097,0.107325981984,0.284757951838,-0.917518285975,-0.826854539643,6.25942773524,3.53651706062,-1.31518562525
1.87,0.815317551415,0.75824000717,0.106291386259,0.292588692968,-0.913087393564,-0.82850047374,6.26954180543,3.55284423777,-1.31815043854
1.87125,0.815688185445,0.757101423613,0.1052547308,0.300431806352,-0.90863617538,-0.83014991574,6.27922365816,3.56903834088,-1.32079715552
1.8725,0.816068630931,0.755968416731,0.10421601147,0.308286752114,-0.904164797712,-0.831802466629,6.28847393768,3.58509944153,-1.32312356836
1.87375,0.816458902325,0.754841011619,0.103175224633,0.316152991196,-0.899673426776,-0.83345772466,6.29729330453,3.60102758552,-1.32512750895
1.875,0.816859013409,0.753719233164,0.102132367158,0.324029985375,-0.895162228748,-0.835115285401,6.30568243594,3.61682279356,-1.3268068501
1.87625,0.817268977289,0.752603106047,0.101087436419,0.331917197286,-0.890631369793,-0.836774741786,6.31364202645,3.63248506176,-1.32815950651
1.8775,0.817688806402,0.75149265474,0.100040430303,0.339814090441,-0.886081016094,-0.838435684168,6.32117278867,3.64801436083,-1.32918343508
1.87875,0.818118512515,0.750387903507,0.098991347209,0.347720129257,-0.88151133389,-0.840097700373,6.3282754528,3.6634106375,-1.32987663522
1.88,0.818558106725,0.749288876405,0.0979401860525,0.355634779073,-0.8769224895,-0.841760375756,6.33495076793,3.67867381397,-1.33023715005
1.88125,0.819007599463,0.748195597283,0.0968869462697,0.363557506177,-0.872314649356,-0.843423293248,6.34119950273,3.69380378804,-1.33026306721
1.8825,0.819467000491,0.747108089782,0.0958316278194,0.37148777783,-0.86768798003,-0.845086033424,6.34702244474,3.70880043345,-1.32995251874
1.88375,0.819936318907,0.746026377333,0.0947742311861,0.379425062289,-0.863042648272,-0.846748174545,6.35242040194,3.72366360011,-1.32930368217
1.885,0.820415563146,0.744950483161,0.093714757383,0.387368828835,-0.85837882103,-0.848409292629,6.35739420291,3.73839311453,-1.32831478165
1.88625,0.820904740979,0.74388043028,0.0926532079545,0.395318547796,-0.853696665486,-0.850068961499,6.36194469635,3.75298877923,-1.32698408791
1.8875,0.821403859516,0.742816241497,0.0915895849792,0.403273690576,-0.848996349082,-0.851726752849,6.36607275285,3.7674503739,-1.32530991892
1.88875,0.821912925206,0.741757939408,0.0905238910724,0.411233729678,-0.844278039551,-0.853382236297,6.36977926485,3.78177765522,-1.32329064084
1.89,0.82243194384,0.740705546398,0.0894561293885,0.419198138738,-0.839541904944,-0.855034979451,6.37306514595,3.79597035658,-1.32092466877
1.89125,0.822960920552,0.739659084645,0.0883863036238,0.427166392543,-0.834788113659,-0.856684547969,6.37593133279,3.81002818899,-1.31821046686
1.8925,0.823499859821,0.738618576114,0.0873144180186,0.43513796707,-0.830016834471,-0.858330505618,6.37837878508,3.8239508413,-1.3151465491
1.89375,0.82404876547,0.737584042559,0.0862404773597,0.443112339506,-0.825228236556,-0.859972414341,6.38040848519,3.83773797998,-1.31173148059
1.895,0.82460764067,0.736555505523,0.0851644869827,0.451088988283,-0.820422489521,-0.86160983432,6.38202143912,3.85138924923,-1.30796387712
1.89625,0.825176487941,0.735532986335,0.0840864527739,0.459067393104,-0.815599763433,-0.863242324034,6.38321867673,3.86490427209,-1.3038424062
1.8975,0.825755309153,0.734516506114,0.0830063811726,0.467047034975,-0.810760228841,-0.864869440335,6.38400125217,3.87828265007,-1.29936578824
1.89875,0.826344105528,0.733506085763,0.0819242791731,0.475027396234,-0.805904056808,-0.866490738505,6.3843702439,3.89152396294,-1.29453279613
1.9,0.826942877643,0.732501745972,0.0808401543264,0.483007960584,-0.801031418934,-0.868105772325,6.38432675532,3.90462777013,-1.28934225645
1.90125,0.82755162543,0.731503507216,0.0797540147423,0.490988213122,-0.796142487383,-0.869714094146,6.38387191502,3.91759361023,-1.28379305014
1.9025,0.828170348176,0.730511389754,0.078665869091,0.498967640372,-0.791237434908,-0.871315254951,6.38300687654,3.93042100081,-1.27788411266
1.90375,0.828799044531,0.729525413629,0.0775757266049,0.506945730314,-0.786316434881,-0.872908804428,6.38173281955,3.94310944005,-1.27161443476
1.905,0.829437712502,0.728545598667,0.0764835970799,0.514921972421,-0.781379661308,-0.874494291038,6.38005094957,3.95565840599,-1.2649830629
1.90625,0.830086349462,0.727571964475,0.0753894908773,0.522895857688,-0.776427288866,-0.876071262085,6.37796249771,3.9680673565,-1.25798910027
1.9075,0.830744952146,0.726604530444,0.0742934189247,0.530866878665,-0.771459492917,-0.877639263788,6.37546872213,3.98033573049,-1.25063170689
1.90875,0.831413516658,0.725643315743,0.0731953927178,0.538834529493,-0.766476449539,-0.879197841352,6.37257090752,3.99246294789,-1.24291010025
1.91,0.83209203847,0.724688339321,0.0720954243214,0.546798305934,-0.761478335547,-0.880746539039,6.36927036508,4.00444840993,-1.23482355565
1.91125,0.832780512423,0.723739619904,0.0709935263702,0.554757705406,-0.756465328514,-0.882284900241,6.36556843317,4.0162914989,-1.22637140723
1.9125,0.833478932733,0.722797175999,0.0698897120707,0.562712227017,-0.7514376068,-0.883812467557,6.36146647737,4.02799157873,-1.21755304839
1.91375,0.834187292991,0.721861025887,0.0687839952013,0.570661371599,-0.746395349568,-0.885328782862,6.3569658907,4.03954799604,-1.20836793133
1.915,0.834905586162,0.720931187625,0.0676763901136,0.578604641743,-0.74133873681,-0.886833387385,6.35206809368,4.05096007967,-1.19881556898
1.91625,0.835633804595,0.720007679045,0.0665669117329,0.586541541833,-0.736267949368,-0.888325821785,6.34677453461,4.06222714084,-1.18889553488
1.9175,0.836371940017,0.719090517752,0.0654555755591,0.59447157808,-0.731183168958,-0.889805626222,6.34108668953,4.0733484738,-1.17860746315
1.91875,0.83711998354,0.718179721123,0.0643423976673,0.602394258557,-0.726084578184,-0.891272340443,6.33500606211,4.08432335616,-1.16795104983
1.92,0.837877925663,0.717275306307,0.063227394708,0.610309093235,-0.720972360567,-0.892725503847,6.32853418472,4.0951510495,-1.15692605281
1.92125,0.838645756273,0.716377290221,0.0621105839077,0.618215594019,-0.71584670056,-0.894164655575,6.32167261763,4.10583079895,-1.14553229238
1.9225,0.839423464648,0.715485689555,0.0609919830691,0.626113274779,-0.71070778357,-0.895589334578,6.31442294903,4.11636183378,-1.1337696517
1.92375,0.84021103946,0.714600520763,0.0598716105713,0.634001651391,-0.705555795976,-0.896999079704,6.30678679602,4.12674336828,-1.12163807742
1.925,0.841008468777,0.713721800065,0.0587494853698,0.641880241769,-0.700390925149,-0.898393429772,6.2987658034,4.13697460124,-1.10913757965
1.92625,0.841815740065,0.71284954345,0.0576256269968,0.6497485659,-0.695213359473,-0.899771923653,6.29036164478,4.1470547168,-1.09626823281
1.9275,0.842632840192,0.711983766667,0.0565000555607,0.657606145881,-0.690023288357,-0.901134100354,6.28157602243,4.15698288498,-1.08303017633
1.92875,0.84345975543,0.711124485229,0.055372791746,0.665452505956,-0.68482090226,-0.902479499094,6.27241066652,4.16675826139,-1.06942361378
1.93,0.844296471457,0.710271714411,0.054243856813,0.673287172548,-0.679606392704,-0.903807659388,6.26286733611,4.1763799881,-1.05544881422
1.93125,0.845142973361,0.709425469247,0.0531132725975,0.681109674296,-0.67437995229,-0.905118121129,6.25294781864,4.18584719375,-1.04110611303
1.9325,0.845999245642,0.70858576453,0.0519810615101,0.688919542094,-0.669141774719,-0.906410424671,6.2426539298,4.19515899366,-1.02639591102
1.93375,0.846865272216,0.70775261481,0.0508472465358,0.696716309121,-0.663892054806,-0.907684110907,6.23198751382,4.20431449086,-1.01131867549
1.935,0.847741036415,0.706926034393,0.0497118512329,0.704499510879,-0.658630988492,-0.908938721359,6.22095044334,4.21331277591,-0.995874940911
1.93625,0.848626520993,0.706106037339,0.0485748997324,0.712268685229,-0.653358772866,-0.910173798259,6.20954461931,4.22215292731,-0.9800653082
1.9375,0.849521708128,0.705292637461,0.0474364167372,0.720023372427,-0.648075606174,-0.91138888463,6.19777197078,4.23083401224,-0.963890445861
1.93875,0.850426579424,0.704485848324,0.0462964275208,0.727763115156,-0.642781687835,-0.912583524374,6.18563445485,4.23935508618,-0.947351090058
1.94,0.851341115916,0.703685683241,0.0451549579263,0.735487458564,-0.637477218458,-0.913757262355,6.17313405694,4.2477151939,-0.930448044728
1.94125,0.852265298071,0.702892155277,0.0440120343649,0.743195950299,-0.632162399851,-0.914909644486,6.16027279011,4.25591336993,-0.913182182455
1.9425,0.853199105792,0.702105277242,0.0428676838151,0.750888140539,-0.626837435034,-0.916040217811,6.14705269502,4.26394863828,-0.89555444365
1.94375,0.854142518422,0.70132506169,0.0417219338204,0.758563582036,-0.621502528255,-0.917148530595,6.13347584081,4.27182001324,-0.877565837384
1.945,0.855095514747,0.700551520921,0.0405748124886,0.766221830141,-0.616157885001,-0.918234132405,6.11954432356,4.27952649998,-0.859217442189
1.94625,0.856058072997,0.699784666977,0.0394263484894,0.773862442845,-0.610803712005,-0.9192965742,6.10526026621,4.28706709436,-0.84051040524
1.9475,0.857030170854,0.699024511641,0.0382765710531,0.781484980807,-0.605440217265,-0.920335408418,6.09062581952,4.29444078354,-0.821445942734
1.94875,0.85801178545,0.698271066434,0.0371255099684,0.789089007394,-0.600067610046,-0.921350189057,6.07564316115,4.30164654667,-0.802025340792
1.95,0.859002893373,0.697524342616,0.0359731955804,0.79667408871,-0.594686100898,-0.92234047177,6.06031449536,4.30868335477,-0.782249955196
1.95125,0.860003470671,0.696784351182,0.0348196587889,0.804239793632,-0.589295901659,-0.923305813945,6.04464205301,4.31555017151,-0.762121210902
1.9525,0.861013492857,0.696051102862,0.0336649310456,0.811785693842,-0.583897225469,-0.924245774797,6.02862809105,4.32224595338,-0.74164060276
1.95375,0.862032934906,0.695324608118,0.0325090443519,0.81931136386,-0.578490286776,-0.925159915452,6.01227489274,4.32876965017,-0.720809696162
1.955,0.863061771266,0.694604877145,0.031352031257,0.826816381074,-0.573075301344,-0.926047799037,5.99558476736,4.3351202052,-0.699630126206
1.95625,0.864099975859,0.693891919865,0.0301939248544,0.834300325778,-0.567652486263,-0.926908990767,5.97856004943,4.34129655569,-0.678103597807
1.9575,0.865147522081,0.693185745929,0.02903475878,0.841762781198,-0.562222059955,-0.927743058032,5.96120309854,4.34729763385,-0.656231886396
1.95875,0.866204382812,0.692486364715,0.0278745672093,0.849203333525,-0.556784242178,-0.928549570483,5.94351629961,4.35312236614,-0.634016837502
1.96,0.867270530415,0.691793785324,0.0267133848538,0.856621571947,-0.551339254039,-0.929328100126,5.92550206261,4.35876967433,-0.611460366786
1.96125,0.868345936741,0.69110801658,0.025551246959,0.864017088681,-0.545887317992,-0.9300782214,5.90716282131,4.36423847607,-0.588564460354
1.9625,0.869430573136,0.690429067029,0.0243881893003,0.871389479,-0.540428657849,-0.930799511276,5.8885010335,4.36952768455,-0.565331174263
1.96375,0.870524410439,0.689756944935,0.0232242481808,0.878738341265,-0.534963498781,-0.931491549336,5.86951918096,4.3746362097,-0.541762634467
1.965,0.871627418989,0.689091658282,0.022059460427,0.886063276953,-0.529492067325,-0.932153917863,5.85021976904,4.37956295814,-0.517861037395
1.96625,0.872739568631,0.688433214767,0.0208938633861,0.893363890687,-0.524014591386,-0.93278620193,5.83060532599,4.38430683364,-0.493628649423
1.9675,0.873860828716,0.687781621803,0.0197274949222,0.900639790268,-0.518531300241,-0.933387989486,5.8106784023,4.38886673719,-0.469067806783
1.96875,0.874991168107,0.687136886516,0.0185603934124,0.907890586693,-0.513042424543,-0.933958871446,5.79044157128,4.39324156798,-0.444180915267
1.97,0.876130555183,0.686499015742,0.0173925977435,0.915115894196,-0.507548196321,-0.934498441774,5.76989742815,4.39743022393,-0.418970450265
1.97125,0.877278957842,0.685868016026,0.016224147308,0.922315330264,-0.502048848983,-0.935006297572,5.74904858925,4.40143160117,-0.393438957149
1.9725,0.878436343509,0.68524389362,0.0150550819996,0.929488515669,-0.496544617318,-0.935482039167,5.72789769244,4.40524459493,-0.367589050112
1.97375,0.879602679132,0.684626654482,0.01388544221,0.936635074495,-0.491035737496,-0.935925270197,5.70644739616,4.40886810013,-0.341423412064
1.975,0.880777931195,0.684016304276,0.0127152688241,0.943754634159,-0.485522447067,-0.936335597697,5.68470037897,4.41230101169,-0.314944795434
1.97625,0.881962065717,0.683412848365,0.0115446032158,0.950846825442,-0.480004984966,-0.936712632186,5.66265933951,4.41554222473,-0.288156021142
1.9775,0.883155048258,0.682816291813,0.0103734872437,0.957911282508,-0.474483591506,-0.93705598775,5.64032699569,4.4185906349,-0.261059977938
1.97875,0.884356843923,0.682226639386,0.00920196324642,0.964947642931,-0.468958508379,-0.937365282131,5.61770608451,4.42144513897,-0.233659622886
1.98,0.885567417366,0.681643895542,0.00803007403833,0.971955547719,-0.463429978658,-0.937640136807,5.59479936132,4.42410463518,-0.205957980805
1.98125,0.886786732793,0.681068064439,0.0068578629044,0.978934641335,-0.457898246791,-0.937880177083,5.57160959968,4.42656802363,-0.177958143868
1.9825,0.888014753969,0.680499149925,0.00568537359562,0.985884571718,-0.452363558599,-0.938085032167,5.54813959075,4.42883420683,-0.14966327093
1.98375,0.889251444222,0.679937155543,0.00451265032399,0.992804990311,-0.446826161274,-0.93825433526,5.52439214248,4.43090208964,-0.121076587545
1.985,0.890496766445,0.679382084522,0.00333973775747,0.999695552075,-0.441286303375,-0.938387723636,5.50037007977,4.43277057982,-0.0922013858684
1.98625,0.891750683102,0.678833939784,0.0021666810149,1.00655591551,-0.435744234824,-0.938484838725,5.47607624362,4.4344385886,-0.0630410234947
1.9875,0.893013156234,0.678292723935,0.00099352566066,1.01338574268,-0.430200206904,-0.938545326195,5.45151349027,4.43590503105,-0.0335989231459
1.98875,0.894284147459,0.677758439267,-0.000179682300591,1.02018469924,-0.424654472247,-0.938568836033,5.42668469143,4.43716882621,-0.00387857255646
1.99,0.895563617982,0.677231087755,-0.00135289642942,1.02695245441,-0.419107284838,-0.938555022626,5.40159273373,4.4382288977,0.0261164762705
1.99125,0.896851528595,0.676710671055,-0.00252606985716,1.03368868107,-0.413558900003,-0.938503544842,5.37624051708,4.43908417399,0.0563826074874
1.9925,0.898147839684,0.676197190505,-0.00369915529153,1.04039305571,-0.408009574403,-0.938414066107,5.35063095517,4.43973358854,0.0869161417304
1.99375,0.899452511234,0.675690647119,-0.00487210502243,1.04706525846,-0.402459566031,-0.938286254488,5.32476697533,4.44017608083,0.117713337568
1.995,0.90076550283,0.67519104159,-0.00604487092775,1.05370497314,-0.396909134201,-0.938119782763,5.29865151684,4.440410596,0.148770391457
1.99625,0.902086773667,0.674698374283,-0.00721740447933,1.06031188725,-0.391358539541,-0.937914328509,5.27228753085,4.44043608509,0.180083437726
1.9975,0.903416282549,0.674212645241,-0.00838965674902,1.06688569197,-0.385808043988,-0.937669574169,5.24567798032,4.44025150682,0.211648550774
1.99875,0.904753987897,0.673733854173,-0.00956157841476,1.0734260822,-0.380257910774,-0.937385207132,5.21882583898,4.43985582631,0.243461744558
2,0.906099847754,0.673262000464,-0.0107331197668,1.07993275657,-0.374708404422,-0.937060919808,5.19173409061,4.43924801557,0.275518973005
2.00125,0.907453819788,0.672797083162,-0.0119042307143,1.08640541743,-0.369159790735,-0.9366964097,5.16440572876,4.43842705542,0.307816132265
2.0025,0.908815861298,0.672339100987,-0.0130748607911,1.09284377089,-0.363612336784,-0.936291379477,5.13684375653,4.43739193411,0.340349060366
2.00375,0.910185929216,0.67188805232,-0.014244959163,1.09924752682,-0.3580663109,-0.935845537049,5.10905118549,4.43614164815,0.373113537897
2.005,0.911563980115,0.67144393521,-0.0154144746337,1.10561639885,-0.352521982664,-0.935358595632,5.08103103518,4.43467520315,0.406105288917
2.00625,0.912949970213,0.671006747364,-0.016583355652,1.11195010441,-0.346979622892,-0.934830273826,5.05278633291,4.43299161366,0.439319982278
2.0075,0.914343855376,0.670576486152,-0.0177515503183,1.11824836469,-0.341439503629,-0.934260295677,5.02432011251,4.43108990364,0.472753232148
2.00875,0.915745591124,0.670153148605,-0.0189190063912,1.12451090469,-0.335901898133,-0.933648390746,4.99563541441,4.42896910695,0.506400598503
2.01,0.917155132637,0.669736731407,-0.0200856712952,1.13073745322,-0.330367080862,-0.93299429418,4.96673528507,4.42662826724,0.54025758868
2.01125,0.918572434757,0.669327230903,-0.0212514921267,1.1369277429,-0.324835327465,-0.932297746774,4.93762277565,4.4240664384,0.574319657538
2.0125,0.919997451995,0.668924643088,-0.0224164156621,1.14308151016,-0.319306914766,-0.931558495037,4.90830094247,4.42128268569,0.608582209267
2.01375,0.921430138533,0.668528963616,-0.0235803883643,1.14919849526,-0.313782120751,-0.930776291251,4.87877284577,4.41827608479,0.643040597943
2.015,0.922870448233,0.668140187787,-0.0247433563902,1.15527844228,-0.308261224554,-0.929950893542,4.8490415488,4.41504572282,0.677690127872
2.01625,0.924318334639,0.667758310554,-0.0259052655981,1.16132109913,-0.302744506444,-0.929082065931,4.81911011852,4.41159069885,0.712526056006
2.0175,0.925773750981,0.66738332652,-0.027066061555,1.16732621757,-0.297232247807,-0.928169578402,4.78898162373,4.40791012327,0.747543591829
2.01875,0.927236650182,0.667015229935,-0.0282256895441,1.17329355319,-0.291724731136,-0.927213206952,4.758659135,4.40400311882,0.782737897994
2.02,0.928706984864,0.666654014693,-0.0293840945724,1.17922286541,-0.28622224001,-0.926212733657,4.72814572449,4.39986882116,0.818104093412
2.02125,0.930184707346,0.666299674335,-0.0305412213783,1.1851139175,-0.280725059083,-0.925167946718,4.69744446452,4.39550637871,0.853637252801
2.0225,0.931669769657,0.665952202045,-0.0316970144392,1.19096647657,-0.275233474063,-0.924078640525,4.6665584274,4.39091495234,0.889332407325
2.02375,0.933162123537,0.66561159065,-0.0328514179796,1.19678031357,-0.269747771702,-0.9229446157,4.63549068527,4.38609371647,0.925184547356
2.025,0.934661720441,0.665277832616,-0.0340043759785,1.20255520328,-0.264268239772,-0.921765679156,4.60424430928,4.38104185969,0.961188622349
2.02625,0.936168511546,0.66495092005,-0.0351558321775,1.20829092434,-0.258795167053,-0.920541644144,4.5728223683,4.37575858386,0.997339542472
2.0275,0.937682447752,0.664630844698,-0.0363057300888,1.2139872592,-0.253328843312,-0.9192723303,4.54122792926,4.37024310495,1.03363218027
2.02875,0.939203479694,0.664317597942,-0.0374540130032,1.21964399417,-0.24786955929,-0.917957563694,4.5094640567,4.36449465371,1.07006137107
2.03,0.940731557738,0.6640111708,-0.0386006239981,1.22526091935,-0.242417606678,-0.916597176872,4.47753381129,4.35851247532,1.10662191457
2.03125,0.942266631992,0.663711553925,-0.0397455059454,1.23083782869,-0.236973278102,-0.915191008907,4.44544024974,4.35229582965,1.1433085762
2.0325,0.943808652309,0.663418737605,-0.0408886015203,1.23637451997,-0.231536867104,-0.913738905432,4.41318642459,4.34584399184,1.18011608823
2.03375,0.945357568292,0.663132711757,-0.042029853209,1.24187079475,-0.226108668122,-0.912240718687,4.38077538333,4.33915625254,1.21703915156
2.035,0.946913329296,0.662853465934,-0.043169203317,1.24732645843,-0.220688976473,-0.910696307553,4.3482101675,4.3322319176,1.25407243647
2.03625,0.948475884438,0.662580989316,-0.0443065939779,1.25274132017,-0.215278088328,-0.909105537595,4.31549381296,4.32507030889,1.29121058386
2.0375,0.950045182597,0.662315270713,-0.045441967161,1.25811519296,-0.2098763007,-0.907468281093,4.28262934895,4.31767076448,1.3284482073
2.03875,0.95162117242,0.662056298564,-0.0465752646806,1.26344789355,-0.204483911417,-0.905784417077,4.249619797,4.31003263809,1.3657798939
2.04,0.953203802331,0.661804060935,-0.0477064282037,1.26873924245,-0.199101219105,-0.904053831359,4.21646817126,4.30215530034,1.40320020584
2.04125,0.954793020527,0.661558545517,-0.048835399259,1.27398906397,-0.193728523166,-0.902276416563,4.18317747781,4.29403813848,1.44070368138
2.0425,0.95638877499,0.661319739627,-0.0499621192451,1.27919718615,-0.188366123759,-0.900452072155,4.14975071367,4.28568055602,1.47828483733
2.04375,0.957991013492,0.661087630207,-0.0510865294394,1.28436344076,-0.183014321776,-0.898580704469,4.11619086635,4.27708197415,1.51593816987
2.045,0.959599683592,0.660862203823,-0.0522085710063,1.28948766331,-0.177673418823,-0.896662226731,4.08250091411,4.2682418311,1.55365815488
2.04625,0.96121473265,0.66064344666,-0.0533281850062,1.29456969304,-0.172343717198,-0.894696559082,4.04868382498,4.25915958192,1.59143925142
2.0475,0.962836107825,0.66043134453,-0.054445312404,1.29960937288,-0.167025519869,-0.892683628602,4.01474255536,4.24983469973,1.62927590207
2.04875,0.964463756082,0.660225882861,-0.0555598940777,1.30460654943,-0.161719130449,-0.890623369327,3.98068005104,4.24026667517,1.66716253446
2.05,0.966097624199,0.660027046703,-0.0566718708273,1.309561073,-0.156424853181,-0.888515722266,3.94649924604,4.23045501689,1.70509356368
2.05125,0.967737658765,0.659834820728,-0.0577811833834,1.31447279755,-0.151142992907,-0.886360635418,3.91220306174,4.22039925136,1.74306339208
2.0525,0.969383806192,0.659649189221,-0.0588877724159,1.31934158066,-0.145873855052,-0.884158063786,3.87779440737,4.21009892298,1.78106641184
2.05375,0.971036012717,0.65947013609,-0.0599915785429,1.32416728357,-0.140617745599,-0.881907969388,3.84327617826,4.19955359489,1.81909700732
2.055,0.972694224401,0.659297644857,-0.0610925423393,1.3289497711,-0.135374971065,-0.879610321267,3.80865125633,4.18876284846,1.85714955499
2.05625,0.974358387144,0.659131698662,-0.062190604346,1.33368891171,-0.130145838478,-0.877265095501,3.77392251,4.17772628348,1.89521842572
2.0575,0.976028446681,0.658972280261,-0.0632857050781,1.33838457738,-0.124930655356,-0.874872275203,3.73909279242,4.16644351851,1.93329798702
2.05875,0.977704348588,0.658819372024,-0.064377785034,1.34303664369,-0.119729729682,-0.872431850533,3.70416494191,4.1549141911,1.97138260357
2.06,0.97938603829,0.658672955937,-0.0654667847044,1.34764498973,-0.114543369879,-0.869943818694,3.66914178171,4.14313795732,2.00946663863
2.06125,0.981073461062,0.658533013599,-0.0665526445808,1.35220949814,-0.109371884789,-0.867408183936,3.63402611879,4.13111449234,2.04754445695
2.0625,0.982766562035,0.658399526225,-0.0676353051643,1.35673005503,-0.104215583648,-0.864824957552,3.59882074397,4.11884349082,2.08561042548
2.06375,0.9844652862,0.65827247464,-0.0687147069747,1.36120655,-0.0990747760617,-0.862194157873,3.56352843173,4.1063246661,2.12365891468
2.065,0.98616957841,0.658151839285,-0.069790790559,1.36563887611,-0.0939497719826,-0.859515810265,3.52815193946,4.09355775093,2.16168430086
2.06625,0.98787938339,0.65803760021,-0.0708634965003,1.37002692985,-0.0888408816843,-0.856789947121,3.49269400667,4.08054249758,2.19968096719
2.0675,0.989594645735,0.65792973708,-0.0719327654268,1.37437061113,-0.0837484157386,-0.854016607847,3.45715735521,4.06727867767,2.23764330574
2.06875,0.991315309918,0.657828229171,-0.0729985380199,1.37866982324,-0.0786726849902,-0.851195838856,3.42154468924,4.05376608244,2.27556571872
2.07,0.993041320293,0.657733055368,-0.0740607550239,1.38292447285,-0.0736140005325,-0.84832769355,3.38585869395,4.04000452229,2.31344262025
2.07125,0.9947726211,0.657644194169,-0.0751193572538,1.38713446997,-0.0685726736845,-0.845412232306,3.35010203544,4.02599382739,2.35126843833
2.0725,0.996509156468,0.657561623684,-0.0761742856047,1.39129972794,-0.063549015964,-0.842449522454,3.31427736107,4.0117338483,2.38903761557
2.07375,0.99825087042,0.65748532163,-0.0772254810599,1.39542016338,-0.0585433390637,-0.839439638267,3.27838729822,3.99722445454,2.42674461152
2.075,0.999997706876,0.657415265336,-0.0782728847003,1.39949569618,-0.0535559548277,-0.836382660926,3.2424344543,3.98246553511,2.46438390406
2.07625,1.00174960966,0.657351431742,-0.0793164377123,1.40352624951,-0.0485871752259,-0.833278678507,3.20642141708,3.96745699952,2.50194999094
2.0775,1.0035065225,0.657293797398,-0.0803560813966,1.40751174973,-0.0436373123289,-0.830127785948,3.17035075329,3.95219877694,2.53943739168
2.07875,1.00526838903,0.657242338462,-0.0813917571771,1.41145212639,-0.0387066782836,-0.826930085027,3.13422500869,3.93669081625,2.57684064838
2.08,1.00703515282,0.657197030702,-0.0824234066092,1.41534731225,-0.0337955852883,-0.823685684327,3.09804670828,3.92093308606,2.61415432813
2.08125,1.00880675732,0.657157849498,-0.0834509713879,1.41919724317,-0.0289043455684,-0.820394699207,3.06181835549,3.90492557492,2.65137302437
2.0825,1.01058314592,0.657124769838,-0.0844743933572,1.42300185814,-0.024033271351,-0.817057251766,3.02554243217,3.88866829171,2.68849135818
2.08375,1.01236426196,0.65709776632,-0.0854936145174,1.42676109925,-0.0191826748392,-0.813673470812,2.98922139818,3.87216126485,2.72550398007
2.085,1.01415004867,0.657076813151,-0.0865085770342,1.43047491163,-0.0143528681888,-0.810243491816,2.95285769075,3.85540454231,2.76240557131
2.08625,1.01594044924,0.65706188415,-0.0875192232469,1.43414324347,-0.00954416348338,-0.806767456883,2.91645372538,3.83839819224,2.79919084591
2.0875,1.01773540678,0.657052952743,-0.0885254956764,1.43776604595,-0.00475687270824,-0.803245514702,2.88001189485,3.82114230297,2.83585455183
2.08875,1.01953486435,0.657049991968,-0.0895273370337,1.44134327321,8.69227403655e-06,-0.799677820504,2.84353456846,3.80363698239,2.87239147245
2.09,1.02133876496,0.657052974473,-0.0905246902277,1.44487488237,0.00475221974773,-0.79606453602,2.80702409248,3.78588235778,2.90879642778
2.09125,1.02314705156,0.657061872517,-0.0915174983737,1.44836083344,0.0094733981685,-0.792405829434,2.77048279036,3.76787857688,2.94506427714
2.0925,1.02495966705,0.657076657969,-0.0925057048013,1.45180108934,0.0141719161899,-0.788701875328,2.73391296193,3.74962580702,2.98118991969
2.09375,1.02677655428,0.657097302308,-0.093489253062,1.45519561585,0.018847462686,-0.784952854635,2.69731688268,3.73112423481,3.01716829505
2.095,1.02859765609,0.657123776625,-0.0944680869378,1.45854438155,0.0234997267769,-0.78115895459,2.66069680483,3.71237406712,3.05299438668
2.09625,1.03042291524,0.657156051625,-0.0954421504485,1.46184735786,0.0281283978538,-0.777320368668,2.62405495689,3.69337553034,3.0886632225
2.0975,1.03225227448,0.65719409762,-0.0964113878595,1.46510451894,0.0327331656028,-0.773437296534,2.58739354229,3.6741288699,3.12416987558
2.09875,1.03408567653,0.657237884539,-0.0973757436898,1.46831584171,0.0373137200286,-0.769509943979,2.55071474023,3.65463435123,3.15950946643
2.1,1.03592306409,0.65728738192,-0.0983351627195,1.47148130579,0.0418697514809,-0.765538522868,2.51402070621,3.63489225949,3.19467716402
2.10125,1.0377643798,0.657342558917,-0.099289589997,1.47460089348,0.0464009506773,-0.761523251069,2.47731357058,3.61490289847,3.2296681872
2.1025,1.03960956632,0.657403384297,-0.100238970847,1.47767458972,0.0509070087271,-0.7574643524,2.44059543861,3.5946665917,3.26447780602
2.10375,1.04145856627,0.657469826439,-0.101183250878,1.48070238208,0.0553876171566,-0.753362056554,2.40386839127,3.57418368246,3.29910134324
2.105,1.04331132227,0.65754185334,-0.102122375989,1.4836842607,0.0598424679332,-0.749216599042,2.36713448467,3.55345453243,3.33353417545
2.10625,1.04516777693,0.657619432609,-0.103056292376,1.48662021829,0.0642712534876,-0.745028221116,2.33039574939,3.53247952239,3.36777173388
2.1075,1.04702787282,0.657702531473,-0.103984946541,1.48951025007,0.0686736667392,-0.740797169707,2.293654191,3.51125905256,3.40180950672
2.10875,1.04889155255,0.657791116776,-0.1049082853,1.49235435376,0.073049401119,-0.736523697349,2.25691179014,3.48979354217,3.43564303979
2.11,1.0507587587,0.657885154976,-0.105826255785,1.49515252955,0.0773981505946,-0.732208062107,2.22017050226,3.4680834292,3.46926793718
2.11125,1.05262943387,0.657984612152,-0.106738805455,1.49790478002,0.081719609692,-0.727850527506,2.18343225715,3.44612916979,3.50267986327
2.1125,1.05450352065,0.658089454,-0.107645882103,1.50061111019,0.0860134735191,-0.723451362449,2.14669895936,3.42393123933,3.53587454389
2.11375,1.05638096165,0.658199645836,-0.108547433861,1.50327152742,0.0902794377903,-0.719010841146,2.10997248821,3.40149013186,3.56884776693
2.115,1.05826169947,0.658315152595,-0.109443409206,1.50588604141,0.0945171988487,-0.714529243032,2.07325469737,3.37880635946,3.60159538323
2.11625,1.06014567675,0.658435938833,-0.110333756969,1.50845466416,0.098726453689,-0.710006852688,2.03654741536,3.35588045295,3.63411330877
2.1175,1.06203283613,0.658561968729,-0.111218426338,1.51097740995,0.102906899981,-0.70544395976,1.99985244506,3.33271296108,3.66639752521
2.11875,1.06392312028,0.658693206083,-0.112097366868,1.51345429527,0.107058236092,-0.700840858875,1.96317156385,3.30930445034,3.69844407999
2.12,1.06581647187,0.658829614319,-0.112970528485,1.51588533886,0.111180161107,-0.69619784956,1.92650652414,3.2856555061,3.73024908835
2.12125,1.06771283363,0.658971156486,-0.113837861492,1.51827056159,0.115272374857,-0.691515236154,1.88985905224,3.26176673129,3.76180873461
2.1225,1.06961214828,0.659117795256,-0.114699316576,1.52060998649,0.119334577935,-0.686793327723,1.85323084936,3.2376387464,3.79311927219
2.12375,1.07151435859,0.659269492931,-0.115554844811,1.52290363871,0.123366471723,-0.682032437974,1.81662359171,3.21327219006,3.82417702453
2.125,1.07341940737,0.659426211436,-0.116404397671,1.52515154547,0.12736775841,-0.677232885162,1.78003892968,3.18866771765,3.85497838679
2.12625,1.07532723746,0.659587912327,-0.117247927024,1.52735373603,0.131338141017,-0.672394992007,1.74347848874,3.1638260024,3.88551982646
2.1275,1.07723779171,0.659754556788,-0.118085385151,1.52951024169,0.135277323416,-0.667519085596,1.706943869,3.13874773522,3.91579788346
2.12875,1.07915101306,0.659926105635,-0.118916724738,1.53162109571,0.139185010355,-0.662605497298,1.67043664528,3.11343362359,3.94580917138
2.13,1.08106684445,0.660102519314,-0.119741898894,1.5336863333,0.143060907475,-0.657654562668,1.63395836769,3.08788439222,3.97555037853
2.13125,1.08298522889,0.660283757904,-0.120560861145,1.53570599162,0.146904721336,-0.652666621352,1.59751056108,3.06210078279,4.00501826892
2.1325,1.08490610943,0.660469781118,-0.121373565447,1.53768010971,0.150716159432,-0.647642016995,1.56109472568,3.03608355362,4.0342096817
2.13375,1.08682942917,0.660660548303,-0.122179966188,1.53960872844,0.15449493022,-0.642581097147,1.52471233687,3.00983347984,4.06312153249
2.135,1.08875513125,0.660856018443,-0.12298001819,1.54149189055,0.158240743132,-0.637484213164,1.48836484482,2.98335135285,4.09175081514
2.13625,1.09068315889,0.66105615016,-0.12377367672,1.54332964055,0.161953308602,-0.63235172011,1.45205367589,2.95663798061,4.12009460032
2.1375,1.09261345535,0.661260901715,-0.12456089749,1.54512202474,0.165632338083,-0.627183976663,1.41578023176,2.9296941874,4.14815003715
2.13875,1.09454596396,0.661470231006,-0.125341636662,1.54686909113,0.16927754407,-0.621981345017,1.37954588934,2.90252081318,4.17591435426
2.14,1.09648062808,0.661684095575,-0.126115850853,1.54857088946,0.172888640116,-0.616744190778,1.34335200189,2.87511871425,4.20338485906
2.14125,1.09841739118,0.661902452606,-0.126883497139,1.55022747114,0.176465340856,-0.611472882869,1.30719989863,2.84748876279,4.23055893926
2.1425,1.10035619676,0.662125258927,-0.12764453306,1.55183888921,0.180007362023,-0.606167793429,1.27109088448,2.81963184648,4.25743406268
2.14375,1.1022969884,0.662352471011,-0.128398916623,1.55340519835,0.183514420472,-0.600829297712,1.23502624058,2.79154886844,4.28400777753
2.145,1.10423970976,0.662584044978,-0.129146606304,1.55492645481,0.186986234194,-0.595457773986,1.19900722514,2.76324074725,4.31027771342
2.14625,1.10618430454,0.662819936596,-0.129887561058,1.55640271641,0.19042252234,-0.590053603429,1.16303507248,2.73470841712,4.33624158166
2.1475,1.10813071655,0.663060101284,-0.130621740313,1.55783404249,0.193823005237,-0.584617170031,1.1271109935,2.70595282736,4.36189717494
2.14875,1.11007888965,0.66330449411,-0.131349103983,1.55922049389,0.197187404409,-0.579148860492,1.09123617658,2.67697494185,4.3872423673
2.15,1.11202876778,0.663553069795,-0.132069612464,1.56056213293,0.200515442592,-0.573649064113,1.0554117868,2.64777573939,4.41227511601
2.15125,1.11398029498,0.663805782716,-0.132783226643,1.56185902336,0.203806843757,-0.568118172701,1.01963896657,2.61835621395,4.4369934605
2.1525,1.11593341534,0.664062586904,-0.133489907896,1.56311123035,0.207061333127,-0.562556580462,0.983918836096,2.58871737403,4.46139552214
2.15375,1.11788807305,0.664323436049,-0.134189618094,1.56431882045,0.210278637192,-0.556964683896,0.948252493117,2.55886024231,4.48547950569
2.155,1.11984421239,0.664588283497,-0.134882319606,1.56548186158,0.213458483732,-0.551342881698,0.912641013338,2.52878585598,4.5092436985
2.15625,1.12180177771,0.664857082258,-0.135567975298,1.56660042298,0.216600601832,-0.54569157465,0.877085450657,2.49849526654,4.53268647071
2.1575,1.12376071345,0.665129785002,-0.136246548542,1.56767457521,0.219704721899,-0.540011165521,0.841586837146,2.46798953922,4.55580627527
2.15875,1.12572096415,0.665406344063,-0.136918003212,1.56870439008,0.22277057568,-0.534302058962,0.806146183572,2.43726975357,4.57860164833
2.16,1.12768247442,0.665686711441,-0.13758230369,1.56968994067,0.225797896283,-0.5285646614,0.770764479785,2.40633700314,4.60107120922
2.16125,1.129645189,0.665970838804,-0.138239414866,1.57063130128,0.228786418188,-0.522799380939,0.735442694531,2.3751923947,4.62321365945
2.1625,1.13160905268,0.666258677487,-0.138889302142,1.5715285474,0.23173587727,-0.517006627252,0.700181775414,2.34383704865,4.64502778307
2.16375,1.13357401037,0.666550178497,-0.139531931434,1.57238175571,0.23464601081,-0.511186811481,0.664982650142,2.31227209927,4.66651244739
2.165,1.13554000707,0.666845292514,-0.140167269171,1.57319100403,0.237516557518,-0.505340346133,0.629846226206,2.28049869379,4.68766660237
2.16625,1.13750698788,0.667143969891,-0.140795282299,1.57395637128,0.240347257544,-0.499467644975,0.594773390753,2.24851799301,4.70848927975
2.1675,1.13947489799,0.667446160657,-0.141415938283,1.5746779375,0.2431378525,-0.493569122934,0.559765011622,2.21633117078,4.7289795933
2.16875,1.14144368272,0.667751814522,-0.142029205106,1.57535578381,0.245888085471,-0.487645195992,0.524821936665,2.1839394132,4.74913673888
2.17,1.14341328745,0.668060880871,-0.142635051273,1.57598999235,0.248597701033,-0.481696281086,0.489944995206,2.15134392049,4.7689599938
2.17125,1.1453836577,0.668373308774,-0.143233445809,1.5765806463,0.251266445272,-0.475722796007,0.455134997924,2.11854590534,4.78844871637
2.1725,1.14735473907,0.668689046984,-0.143824358263,1.57712782984,0.253894065797,-0.469725159296,0.420392735532,2.08554659207,4.80760234616
2.17375,1.14932647727,0.669008043939,-0.144407758707,1.57763162814,0.256480311753,-0.463703790142,0.38571898142,2.05234721859,4.82642040353
2.175,1.15129881814,0.669330247764,-0.144983617738,1.57809212729,0.259024933843,-0.457659108287,0.35111449115,2.01894903557,4.84490248841
2.17625,1.15327170759,0.669655606274,-0.145551906478,1.57850941436,0.261527684341,-0.451591533921,0.316580001777,1.98535330535,4.86304828069
2.1775,1.15524509168,0.669984066975,-0.146112596573,1.5788835773,0.263988317106,-0.445501487585,0.282116233052,1.95156130251,4.88085753958
2.17875,1.15721891654,0.670315577066,-0.146665660197,1.57921470495,0.266406587598,-0.439389390072,0.247723887674,1.91757431435,4.89833010313
2.18,1.15919312844,0.670650083444,-0.147211070048,1.57950288702,0.268782252892,-0.433255662327,0.213403651674,1.88339364015,4.91546588769
2.18125,1.16116767375,0.670987532699,-0.147748799353,1.57974821408,0.271115071698,-0.427100725353,0.179156193985,1.84902059098,4.9322648875
2.1825,1.16314249897,0.671327871123,-0.148278821862,1.5799507775,0.27340480437,-0.420925000108,0.144982167399,1.81445649025,4.94872717429
2.18375,1.1651175507,0.671671044709,-0.148801111853,1.58011066949,0.275651212924,-0.414728907417,0.110882208674,1.77970267289,4.96485289591
2.185,1.16709277565,0.672016999155,-0.14931564413,1.58022798302,0.277854061052,-0.408512867869,0.0768569390857,1.74476048576,4.98064227667
2.18625,1.16906812066,0.672365679862,-0.149822394023,1.58030281184,0.280013114138,-0.402277301725,0.0429069644269,1.70963128789,4.9960956164
2.1875,1.17104353268,0.67271703194,-0.150321337385,1.58033525044,0.282128139272,-0.396022628828,0.0090328749593,1.67431644918,5.01121328948
2.18875,1.17301895878,0.67307100021,-0.150812450595,1.58032539403,0.284198905261,-0.389749268502,-0.0247647532206,1.63881735145,5.02599574482
2.19,1.17499434616,0.673427529204,-0.151295710556,1.58027333855,0.28622518265,-0.383457639466,-0.0584853587952,1.60313538875,5.04044350464
2.19125,1.17696964213,0.673786563167,-0.151771094694,1.58017918063,0.288206743733,-0.37714815974,-0.0921283944762,1.56727196595,5.05455716375
2.1925,1.17894479411,0.674148046063,-0.152238580955,1.58004301757,0.290143362565,-0.370821246556,-0.125693326936,1.5312284992,5.06833738924
2.19375,1.18091974967,0.674511921573,-0.15269814781,1.57986494731,0.292034814981,-0.364477316267,-0.159179636398,1.49500641664,5.08178491959
2.195,1.18289445648,0.6748781331,-0.153149774246,1.57964506848,0.293880878607,-0.358116784257,-0.192586815865,1.45860715779,5.09490056344
2.19625,1.18486886234,0.67524662377,-0.153593439771,1.57938348027,0.295681332875,-0.351740064858,-0.225914371936,1.42203217281,5.10768519934
2.1975,1.18684291518,0.675617336433,-0.154029124408,1.57908028255,0.297435959039,-0.345347571259,-0.259161823237,1.38528292364,5.12013977482
2.19875,1.18881656305,0.675990213667,-0.154456808699,1.57873557572,0.299144540184,-0.338939715421,-0.292328700289,1.34836088405,5.1322653055
2.2,1.19078975412,0.676365197783,-0.154876473697,1.5783494608,0.300806861249,-0.332516907995,-0.325414546342,1.31126753815,5.14406287429
2.20125,1.1927624367,0.676742230821,-0.155288100969,1.57792203935,0.30242270903,-0.326079558235,-0.358418916107,1.27400438137,5.15553363023
2.2025,1.19473455922,0.677121254556,-0.155691672592,1.5774534135,0.303991872202,-0.31962807392,-0.391341375053,1.23657292104,5.16667878821
2.20375,1.19670607023,0.677502210501,-0.156087171154,1.57694368591,0.305514141332,-0.313162861265,-0.42418149942,1.19897467537,5.17749962748
2.205,1.19867691843,0.677885039909,-0.156474579745,1.57639295976,0.306989308891,-0.306684324851,-0.45693887671,1.16121117346,5.18799749134
2.20625,1.20064705263,0.678269683773,-0.156853881966,1.57580133872,0.308417169266,-0.300192867537,-0.489613104583,1.12328395587,5.19817378572
2.2075,1.20261642178,0.678656082832,-0.157225061914,1.57516892699,0.30979751878,-0.293688890387,-0.522203790047,1.08519457469,5.2080299783
2.20875,1.20458497495,0.67904417757,-0.157588104192,1.57449582925,0.311130155703,-0.287172792591,-0.554710550159,1.04694459305,5.21756759788
2.21,1.20655266135,0.679433908221,-0.157942993896,1.57378215062,0.312414880263,-0.280644971392,-0.587133011391,1.00853558492,5.22678823288
2.21125,1.20851943033,0.679825214771,-0.15828971662,1.57302799672,0.313651494665,-0.274105822009,-0.619470808874,0.969969135781,5.23569353135
2.2125,1.21048523135,0.680218036958,-0.158628258451,1.5722334736,0.314839803103,-0.267555737563,-0.651723586179,0.931246842833,5.24428519913
2.21375,1.21245001401,0.680612314279,-0.158958605964,1.57139868775,0.315979611772,-0.260995109011,-0.683890995583,0.892370314045,5.2525649987
2.215,1.21441372807,0.681007985987,-0.159280746223,1.57052374611,0.317070728888,-0.254424325067,-0.715972697299,0.853341168681,5.26053474881
2.21625,1.21637632338,0.681404991101,-0.159594666777,1.56960875601,0.318112964694,-0.247843772139,-0.747968358746,0.81416103817,5.26819632345
2.2175,1.21833774996,0.681803268399,-0.159900355654,1.56865382521,0.319106131483,-0.241253834258,-0.779877654759,0.774831564763,5.27555165052
2.21875,1.22029795794,0.68220275643,-0.160197801362,1.56765906187,0.320050043606,-0.234654893013,-0.811700267286,0.735354401991,5.28260271047
2.22,1.22225689761,0.682603393508,-0.160486992886,1.56662457454,0.320944517488,-0.228047327482,-0.843435885076,0.695731215433,5.28935153615
2.22125,1.22421451938,0.683005117723,-0.160767919681,1.56555047216,0.321789371644,-0.221431514172,-0.875084202858,0.655963681993,5.29580021151
2.2225,1.22617077379,0.683407866937,-0.161040571672,1.56443686404,0.322584426693,-0.214807826953,-0.906644921383,0.616053490216,5.30195086977
2.22375,1.22812561154,0.68381157879,-0.161304939248,1.56328385986,0.32332950537,-0.208176636998,-0.938117747182,0.576002340858,5.30780569309
2.225,1.23007898344,0.684216190701,-0.161561013264,1.56209156967,0.324024432545,-0.20153831272,-0.969502391717,0.535811946088,5.31336691196
2.22625,1.23203084046,0.684621639871,-0.16180878503,1.56086010388,0.324669035235,-0.194893219718,-1.00079857191,0.495484029671,5.31863680268
2.2275,1.2339811337,0.685027863289,-0.162048246313,1.55958957324,0.325263142619,-0.188241720714,-1.03200600968,0.455020327627,5.32361768763
2.22875,1.23592981439,0.685434797728,-0.162279389332,1.55828008885,0.325806586054,-0.181584175499,-1.06312443027,0.41442258846,5.32831193405
2.23,1.23787683392,0.685842379754,-0.162502206752,1.55693176216,0.32629919909,-0.174920940879,-1.09415356324,0.37369257268,5.33272195206
2.23125,1.2398221438,0.686250545726,-0.162716691684,1.55554470494,0.326740817486,-0.168252370619,-1.12509314263,0.332832052322,5.33685019442
2.2325,1.24176569568,0.686659231798,-0.162922837679,1.55411902931,0.327131279221,-0.161578815393,-1.15594290521,0.291842812476,5.34069915527
2.23375,1.24370744137,0.687068373924,-0.163120638723,1.55265484768,0.327470424517,-0.15490062273,-1.18670259083,0.25072665062,5.34427136909
2.235,1.2456473328,0.687477907859,-0.163310089236,1.55115227283,0.327758095848,-0.14821813697,-1.21737194215,0.209485376899,5.3475694092
2.23625,1.24758532206,0.687887769163,-0.163491184065,1.54961141783,0.327994137959,-0.141531699207,-1.24795070437,0.168120814146,5.35059588728
2.2375,1.24952136135,0.688297893204,-0.163663918484,1.54803239607,0.328178397883,-0.134841647252,-1.2784386251,0.126634797266,5.35335345218
2.23875,1.25145540305,0.688708215158,-0.163828288183,1.54641532126,0.328310724953,-0.128148315577,-1.30883545312,0.0850291753068,5.35584478815
2.24,1.25338739965,0.689118670016,-0.163984289272,1.54476030744,0.328390970821,-0.121452035281,-1.33914093869,0.0433058103908,5.35807261464
2.24125,1.25531730381,0.689529192585,-0.164131918271,1.54306746892,0.328418989479,-0.11475313404,-1.36935483397,0.00146657685039,5.36003968513
2.2425,1.25724506832,0.68993971749,-0.164271172108,1.54133692035,0.328394637264,-0.108051936068,-1.39947689163,-0.0404866371809,5.36174878559
2.24375,1.25917064611,0.690350179178,-0.164402048112,1.53956877669,0.328317772886,-0.101348762076,-1.42950686486,-0.0825519295176,5.3632027334
2.245,1.26109399027,0.690760511922,-0.164524544013,1.53776315319,0.32818825744,-0.0946439292349,-1.45944450728,-0.124727384514,5.36440437663
2.24625,1.263015054,0.691170649822,-0.164638657935,1.53592016542,0.328005954424,-0.0879377511349,-1.48928957221,-0.167011073131,5.36535659309
2.2475,1.26493379068,0.691580526808,-0.164744388391,1.53403992926,0.327770729757,-0.0812305377522,-1.51904181298,-0.209401051893,5.36606228881
2.24875,1.26685015382,0.691990076646,-0.164841734279,1.53212256089,0.327482451795,-0.0745225954129,-1.54870098233,-0.251895362953,5.36652439766
2.25,1.26876409708,0.692399232938,-0.164930694879,1.5301681768,0.32714099135,-0.0678142267581,-1.57826683164,-0.294492034482,5.36674587948
2.25125,1.27067557426,0.692807929125,-0.165011269846,1.52817689381,0.326746221708,-0.0611057307141,-1.60773911161,-0.337189080187,5.36672971908
2.2525,1.27258453932,0.693216098492,-0.165083459206,1.52614882902,0.326298018649,-0.0543974024604,-1.63711757145,-0.379984498568,5.36647892613
2.25375,1.27449094634,0.693623674171,-0.165147263352,1.52408409988,0.325796260462,-0.0476895333988,-1.66640195821,-0.422876273456,5.36599653348
2.255,1.27639474957,0.694030589143,-0.165202683039,1.52198282413,0.325240827966,-0.0409824111267,-1.69559201713,-0.465862374131,5.36528559583
2.25625,1.2782959034,0.694436776241,-0.16524971938,1.51984511984,0.324631604527,-0.0342763194093,-1.72468749113,-0.508940753821,5.36434918917
2.2575,1.28019436236,0.694842168154,-0.165288373838,1.5176711054,0.323968476081,-0.0275715381537,-1.75368812056,-0.55210935036,5.36319040986
2.25875,1.28209008116,0.695246697431,-0.165318648225,1.51546089954,0.323251331151,-0.0208683433846,-1.78259364304,-0.595366086236,5.36181237354
2.26,1.28398301461,0.695650296482,-0.165340544696,1.51321462129,0.322480060865,-0.0141670072199,-1.81140379259,-0.638708868064,5.36021821357
2.26125,1.28587311771,0.696052897584,-0.165354065743,1.51093239005,0.321654558981,-0.00746779785068,-1.84011830011,-0.682135586112,5.35841108029
2.2625,1.28776034559,0.69645443288,-0.165359214191,1.50861432554,0.3207747219,-0.00077097951916,-1.86873689286,-0.725644114141,5.3563941411
2.26375,1.28964465353,0.696854834388,-0.165355993192,1.50626054782,0.319840448695,0.00592318750208,-1.89725929426,-0.76923231004,5.35417057805
2.265,1.29152599696,0.697254034002,-0.165344406222,1.50387117731,0.318851641125,0.012614446926,-1.92568522343,-0.812898014556,5.3517435871
2.26625,1.29340433147,0.697651963491,-0.165324457075,1.50144633476,0.317808203659,0.0193025464698,-1.9540143946,-0.856639050994,5.34911637807
2.2675,1.2952796128,0.698048554511,-0.165296149856,1.49898614132,0.316710043497,0.0259872378711,-1.98224651799,-0.900453226245,5.34629217287
2.26875,1.29715179682,0.6984437386,-0.16525948898,1.49649071847,0.315557070593,0.032668276902,-2.01038129844,-0.944338329509,5.34327420482
2.27,1.29902083959,0.698837447187,-0.165214479164,1.49396018807,0.314349197674,0.0393454233832,-2.03841843572,-0.988292132161,5.34006571744
2.27125,1.30088669729,0.699229611594,-0.165161125422,1.49139467238,0.313086340263,0.0460184411956,-2.06635762438,-1.03231238793,5.33666996404
2.2725,1.30274932627,0.699620163038,-0.165099433061,1.48879429401,0.311768416704,0.0526870982933,-2.09419855291,-1.07639683183,5.33309020658
2.27375,1.30460868303,0.700009032636,-0.165029407676,1.486159176,0.310395348183,0.0593511667121,-2.12194090404,-1.12054318126,5.32932971439
2.275,1.30646472421,0.700396151408,-0.164951055144,1.48348944175,0.308967058751,0.0660104225792,-2.14958435436,-1.16474913482,5.32539176386
2.27625,1.30831740663,0.700781450283,-0.16486438162,1.48078521511,0.307483475346,0.0726646461217,-2.17712857402,-1.2090123714,5.3212796373
2.2775,1.31016668725,0.701164860097,-0.164769393529,1.47804662032,0.305944527822,0.0793136216725,-2.20457322666,-1.25333055166,5.316996622
2.27875,1.31201252318,0.701546311602,-0.164666097565,1.47527378204,0.304350148967,0.0859571376767,-2.23191796922,-1.29770131693,5.31254600939
2.28,1.31385487171,0.701925735469,-0.164554500685,1.47246682539,0.30270027453,0.092594986696,-2.25916245163,-1.34212228868,5.30793109423
2.28125,1.31569369025,0.702303062289,-0.164434610099,1.46962587591,0.300994843245,0.0992269654123,-2.28630631618,-1.38659106804,5.30315517385
2.2825,1.3175289364,0.702678222577,-0.164306433271,1.4667510596,0.29923379686,0.105852874631,-2.31334919772,-1.43110523622,5.29822154693
2.28375,1.3193605679,0.703051146781,-0.164169977912,1.46384250292,0.297417080155,0.11247251928,-2.34029072399,-1.4756623546,5.29313351336
2.285,1.32118854265,0.703421765278,-0.164025251973,1.46090033279,0.295544640973,0.119085708414,-2.36713051472,-1.52025996354,5.28789437322
2.28625,1.32301281873,0.703790008383,-0.163872263641,1.45792467663,0.293616430246,0.125692255213,-2.3938681813,-1.56489558253,5.28250742536
2.2875,1.32483335434,0.704155806353,-0.163711021335,1.45491566234,0.291632402017,0.132291976977,-2.42050332672,-1.60956670913,5.2769759668
2.28875,1.32665010788,0.704519089388,-0.163541533699,1.45187341832,0.289592513473,0.13888469513,-2.44703554599,-1.65427082052,5.27130329259
2.29,1.32846303789,0.704879787637,-0.163363809597,1.44879807348,0.287496724966,0.145470235209,-2.47346442579,-1.69900537244,5.2654926952
2.29125,1.33027210307,0.705237831201,-0.163177858111,1.44568975725,0.285345000042,0.152048426868,-2.49978954284,-1.74376779662,5.25954746245
2.2925,1.33207726228,0.705593150137,-0.16298368853,1.44254859962,0.283137305474,0.158619103865,-2.52601046568,-1.78855550439,5.25347087759
2.29375,1.33387847457,0.705945674464,-0.162781310351,1.43937473109,0.280873611281,0.165182104062,-2.55212675406,-1.83336588484,5.24726621887
2.295,1.33567569911,0.706295334165,-0.16257073327,1.43616828273,0.278553890762,0.171737269412,-2.57813795779,-1.87819630253,5.24093675807
2.29625,1.33746889527,0.706642059191,-0.162351967177,1.43292938619,0.276178120525,0.178284445957,-2.60404361757,-1.92304410039,5.23448576064
2.2975,1.33925802258,0.706985779466,-0.162125022155,1.42965817369,0.273746280511,0.184823483814,-2.629843264,-1.96790659797,5.22791648456
2.29875,1.34104304071,0.707326424892,-0.161889908468,1.42635477803,0.27125835403,0.191354237168,-2.65553641807,-2.01278109023,5.22123217881
2.3,1.34282390952,0.707663925352,-0.161646636562,1.42301933264,0.268714327786,0.197876564261,-2.68112259132,-2.05766484887,5.21443608418
2.30125,1.34460058904,0.707998210712,-0.161395217057,1.41965197156,0.266114191908,0.204390327379,-2.70660128513,-2.10255512238,5.20753143221
2.3025,1.34637303945,0.708329210831,-0.161135660743,1.41625282943,0.26345793998,0.210895392841,-2.73197198999,-2.14744913412,5.20052144367
2.30375,1.34814122111,0.708656855562,-0.160867978575,1.41282204158,0.260745569072,0.217391630988,-2.75723418663,-2.19234408225,5.193409329
2.305,1.34990509455,0.708981074754,-0.160592181666,1.40935974396,0.257977079774,0.223878916164,-2.78238734527,-2.23723714043,5.18619828621
2.30625,1.35166462047,0.709301798261,-0.160308281285,1.40586607322,0.255152476221,0.230357126703,-2.80743092517,-2.28212545783,5.17889150199
2.3075,1.35341975974,0.709618955945,-0.160016288849,1.40234116665,0.252271766129,0.236826144919,-2.83236437522,-2.32700615782,5.17149215106
2.30875,1.35517047339,0.709932477677,-0.159716215922,1.39878516228,0.249334960827,0.243285857081,-2.8571871334,-2.3718763377,5.16400339348
2.31,1.35691672264,0.710242293347,-0.159408074206,1.39519819882,0.246342075285,0.249736153403,-2.88189862713,-2.41673306959,5.15642837581
2.31125,1.35865846889,0.710548332865,-0.159091875539,1.39158041571,0.243293128153,0.256176928021,-2.90649827216,-2.46157339902,5.14877023038
2.3125,1.36039567368,0.710850526167,-0.158767631886,1.38793195314,0.240188141788,0.262608078978,-2.93098547304,-2.50639434501,5.1410320745
2.31375,1.36212829877,0.711148803219,-0.158435355341,1.38425295203,0.23702714229,0.269029508207,-2.95535962377,-2.55119290025,5.13321700982
2.315,1.36385630606,0.711443094023,-0.158095058116,1.38054355408,0.233810159537,0.275441121503,-2.97962010663,-2.59596603062,5.12532812152
2.31625,1.36557965765,0.711733328618,-0.157746752538,1.37680390176,0.230537227214,0.281842828511,-3.00376629239,-2.64071067447,5.11736847809
2.3175,1.36729831582,0.712019437091,-0.157390451045,1.37303413835,0.227208382851,0.288234542698,-3.02779754047,-2.68542374292,5.10934113148
2.31875,1.369012243,0.712301349575,-0.157026166181,1.36923440791,0.223823667856,0.294616181339,-3.05171319869,-2.73010211974,5.10124911525
2.32,1.37072140184,0.71257899626,-0.156653910591,1.36540485535,0.220383127551,0.300987665486,-3.07551260357,-2.77474266102,5.09309544456
2.32125,1.37242575514,0.712852307394,-0.156273697017,1.3615456264,0.216886811204,0.307348919951,-3.09919507949,-2.81934219433,5.08488311635
2.3225,1.3741252659,0.713121213288,-0.155885538291,1.35765686765,0.213334772066,0.313699873277,-3.12275993883,-2.863897519,5.0766151078
2.32375,1.37581989731,0.713385644324,-0.155489447334,1.35373872655,0.209727067406,0.32004045772,-3.14620648323,-2.90840540652,5.0682943769
2.325,1.37750961272,0.713645530957,-0.155085437147,1.34979135144,0.206063758549,0.32637060922,-3.16953400197,-2.95286259943,5.05992386099
2.32625,1.37919437569,0.713900803721,-0.154673520811,1.34581489155,0.202344910908,0.332690267373,-3.19274177155,-2.99726581088,5.05150647658
2.3275,1.38087414995,0.714151393234,-0.154253711479,1.34180949702,0.198570594022,0.338999375411,-3.21582905735,-3.04161172519,5.04304511946
2.32875,1.38254889943,0.714397230206,-0.153826022372,1.33777531891,0.194740881595,0.345297880171,-3.23879511388,-3.08589699848,5.03454266363
2.33,1.38421858824,0.714638245438,-0.153390466778,1.33371250923,0.190855851526,0.35158573207,-3.26163918212,-3.13011825615,5.02600196125
2.33125,1.3858831807,0.714874369835,-0.152947058042,1.32962122095,0.186915585954,0.357862885074,-3.28436049062,-3.17427209402,5.01742584176
2.3325,1.3875426413,0.715105534403,-0.152495809566,1.325501608,0.182920171291,0.364129296674,-3.30695825764,-3.21835507909,5.00881711129
2.33375,1.38919693472,0.715331670263,-0.152036734801,1.32135382531,0.178869698257,0.370384927853,-3.32943168883,-3.26236374731,5.0001785538
2.335,1.39084602586,0.715552708649,-0.151569847246,1.31717802878,0.174764261923,0.376629743059,-3.35177997704,-3.30629460509,4.99151292921
2.33625,1.39248987979,0.715768580918,-0.151095160443,1.31297437536,0.170603961744,0.382863710176,-3.37400230396,-3.35014412899,4.98282297251
2.3375,1.3941284618,0.715979218553,-0.15061268797,1.30874302302,0.1663889016,0.38908680049,-3.39609783919,-3.39390876436,4.97411139477
2.33875,1.39576173735,0.716184553172,-0.150122443442,1.30448413077,0.162119189833,0.395298988663,-3.41806574006,-3.4375849262,4.96538088204
2.34,1.39738967213,0.716384516528,-0.149624440499,1.30019785867,0.157794939285,0.401500252695,-3.43990515194,-3.48116899904,4.95663409599
2.34125,1.399012232,0.71657904052,-0.14911869281,1.29588436789,0.153416267335,0.407690573903,-3.46161520861,-3.5246573369,4.94787367191
2.3425,1.40062938305,0.716768057196,-0.148605214064,1.29154382065,0.148983295942,0.413869936875,-3.48319503178,-3.56804626251,4.93910221805
2.34375,1.40224109155,0.71695149876,-0.148084017968,1.28717638031,0.144496151679,0.420038329448,-3.50464373087,-3.61133206675,4.93032231809
2.345,1.403847324,0.717129297575,-0.14755511824,1.28278221132,0.139954965775,0.42619574267,-3.52596040434,-3.65451101106,4.92153652896
2.34625,1.40544804708,0.717301386174,-0.147018528611,1.2783614793,0.135359874151,0.43234217077,-3.54714413847,-3.69757932515,4.91274737914
2.3475,1.40704322769,0.717467697261,-0.146474262814,1.27391435098,0.130711017463,0.438477611118,-3.56819400736,-3.74053320634,4.90395737057
2.34875,1.40863283296,0.717628163718,-0.145922334583,1.26944099428,0.126008541136,0.444602064197,-3.5891090743,-3.78336882225,4.89516897808
2.35,1.41021683018,0.717782718613,-0.145362757653,1.26494157829,0.121252595407,0.450715533563,-3.60988839079,-3.82608230846,4.88638464727
2.35125,1.4117951869,0.717931295206,-0.144795545749,1.2604162733,0.116443335364,0.456818025815,-3.63053099627,-3.86866976846,4.87760679643
2.3525,1.41336787086,0.718073826952,-0.144220712589,1.2558652508,0.111580920986,0.462909550554,-3.6510359193,-3.91112727514,4.86883781492
2.35375,1.41493485003,0.718210247509,-0.143638271873,1.2512886835,0.106665517177,0.468990120352,-3.67140217727,-3.95345086981,4.86008006241
2.355,1.41649609257,0.718340490745,-0.143048237288,1.24668674536,0.101697293811,0.47505975071,-3.69162877591,-3.99563656201,4.8513358708
2.35625,1.41805156689,0.718464490743,-0.142450622496,1.24205961156,0.0966764257716,0.481118460029,-3.71171471002,-4.03768033004,4.84260754131
2.3575,1.4196012416,0.718582181809,-0.141845441138,1.23740745858,0.0916030929861,0.487166269564,-3.73165896294,-4.07957811985,4.83389734498
2.35875,1.42114508554,0.718693498476,-0.141232706822,1.23273046416,0.086477480472,0.493203203392,-3.75146050774,-4.12132584711,4.82520752407
2.36,1.42268306776,0.71879837551,-0.140612433129,1.22802880731,0.0812997783684,0.499229288374,-3.77111830717,-4.16291939644,4.81654028984
2.36125,1.42421515756,0.718896747922,-0.139984633601,1.22330266839,0.0760701819809,0.505244554116,-3.79063131127,-4.2043546182,4.80789782194
2.3625,1.42574132443,0.718988550965,-0.139349321744,1.21855222903,0.0707888918229,0.511249032929,-3.80999846138,-4.24562733435,4.79928227037
2.36375,1.42726153813,0.719073720151,-0.138706511019,1.21377767223,0.065456113645,0.517242759792,-3.82921868859,-4.28673333565,4.79069575395
2.365,1.42877576861,0.719152191249,-0.138056214844,1.20897918231,0.0600720584837,0.523225772314,-3.84829091172,-4.32766837871,4.78214035859
2.36625,1.43028398608,0.719223900297,-0.137398446588,1.20415694496,0.0546369426982,0.529198110689,-3.86721404161,-4.36842819231,4.77361813928
2.3675,1.43178616098,0.719288783606,-0.136733219568,1.19931114721,0.049150988003,0.535159817662,-3.88598697864,-4.40900847327,4.76513111998
2.36875,1.43328226395,0.719346777767,-0.136060547044,1.19444197751,0.043614421515,0.541110938488,-3.90460861195,-4.44940488553,4.75668129081
2.37,1.43477226592,0.71939781966,-0.135380442221,1.18954962568,0.0380274757891,0.547051520889,-3.92307782249,-4.48961306502,4.74827060962
2.37125,1.43625613802,0.719441846457,-0.134692918242,1.18463428295,0.0323903888525,0.552981615013,-3.94139348191,-4.52962861607,4.73990100278
2.3725,1.43773385163,0.719478795632,-0.133997988184,1.17969614197,0.026703404249,0.558901273396,-3.95955445128,-4.56944711145,4.73157436239
2.37375,1.43920537837,0.719508604968,-0.133295665058,1.17473539682,0.0209667710739,0.564810550919,-3.97755958315,-4.60906409583,4.72329254759
2.375,1.44067069012,0.71953121256,-0.132585961807,1.16975224302,0.0151807440094,0.570709504765,-3.99540772214,-4.6484750832,4.7150573845
2.37625,1.44212975898,0.719546556828,-0.131868891296,1.16474687752,0.00934558336587,0.57659819438,-4.01309770295,-4.68767555606,4.70687066478
2.3775,1.44358255731,0.719554576518,-0.131144466321,1.15971949876,0.00346155511926,0.582476681427,-4.03062835144,-4.7266609685,4.69873414652
2.37875,1.44502905773,0.719555210715,-0.130412699593,1.15467030664,-0.00247106905539,0.588345029746,-4.04799848629,-4.76542674603,4.69064955396
2.38,1.44646923308,0.719548398846,-0.129673603746,1.14959950254,-0.00845201174582,0.594203305312,-4.06520691758,-4.8039682837,4.68261857652
2.38125,1.44790305648,0.719534080686,-0.12892719133,1.14450728935,-0.0144809897646,0.600051576187,-4.08225244714,-4.84228094797,4.67464286903
2.3825,1.4493305013,0.719512196371,-0.128173474806,1.13939387143,-0.0205577141157,0.605889912484,-4.09913386957,-4.88036007725,4.6667240516
2.38375,1.45075154116,0.719482686401,-0.127412466548,1.13425945467,-0.0266818899578,0.611718386316,-4.115849972,-4.91820098086,4.65886370883
2.385,1.45216614994,0.719445491646,-0.12664417884,1.1291042465,-0.0328532165679,0.617537071756,-4.13239953396,-4.95579894032,4.65106339072
2.38625,1.45357430178,0.719400553359,-0.125868623869,1.12392845584,-0.0390713873086,0.623346044793,-4.14878132856,-4.99314921055,4.64332461149
2.3875,1.45497597108,0.719347813178,-0.125085813728,1.11873229317,-0.0453360895943,0.629145383285,-4.16499412195,-5.03024701768,4.63564884903
2.38875,1.45637113251,0.719287213135,-0.124295760411,1.11351597053,-0.0516470048528,0.634935166916,-4.18103667312,-5.06708756086,4.62803754598
2.39,1.45775976101,0.719218695666,-0.123498475811,1.10827970149,-0.0580038084964,0.64071547715,-4.1969077361,-5.10366601447,4.62049210899
2.39125,1.45914183176,0.719142203614,-0.122693971718,1.10302370119,-0.064406169889,0.646486397188,-4.21260605817,-5.13997752453,4.61301390735
2.3925,1.46051732026,0.719057680241,-0.121882259818,1.09774818635,-0.0708537523078,0.652248011918,-4.22813038076,-5.17601721174,4.60560427424
2.39375,1.46188620223,0.718965069233,-0.121063351688,1.09245337524,-0.0773462129183,0.658000407874,-4.24347944077,-5.21178017323,4.59826450713
2.395,1.4632484537,0.718864314709,-0.120237258798,1.08713948774,-0.0838832027408,0.663743673186,-4.25865196917,-5.24726147914,4.59099586482
2.39625,1.46460405095,0.718755361226,-0.119403992505,1.08180674532,-0.0904643666162,0.669477897536,-4.27364669135,-5.28245617452,4.58379956885
2.3975,1.46595297056,0.718638153792,-0.118563564054,1.07645537102,-0.0970893431771,0.675203172108,-4.2884623299,-5.31735928287,4.57667680493
2.39875,1.46729518938,0.718512637868,-0.117715984575,1.07108558949,-0.103757764823,0.680919589548,-4.30309760277,-5.35196580345,4.56962872029
2.4,1.46863068453,0.71837875938,-0.11686126508,1.06569762701,-0.110469257686,0.686627243909,-4.31755122222,-5.38627071062,4.56265642356
2.40125,1.46995943344,0.718236464724,-0.115999416465,1.06029171144,-0.1172234416,0.692326230607,-4.33182189831,-5.4202689578,4.55576098609
2.4025,1.47128141381,0.718085700776,-0.115130449504,1.05486807226,-0.12401993008,0.698016646374,-4.34590833802,-5.45395547701,4.54894344136
2.40375,1.47259660363,0.717926414899,-0.114254374849,1.04942694059,-0.130858330292,0.70369858921,-4.35980924403,-5.48732517757,4.54220478375
2.405,1.47390498116,0.717758554951,-0.113371203031,1.04396854915,-0.137738243024,0.709372158334,-4.37352331651,-5.52037294788,4.53554596832
2.40625,1.475206525,0.717582069291,-0.112480944453,1.0384931323,-0.144659262662,0.715037454131,-4.38704925427,-5.55309365709,4.52896791266
2.4075,1.47650121399,0.717396906794,-0.111583609395,1.03300092602,-0.151620977167,0.720694578115,-4.40038575334,-5.58548215445,4.52247149493
2.40875,1.47778902731,0.717203016849,-0.110679208008,1.02749216792,-0.158622968048,0.726343632869,-4.41353150691,-5.61753326945,4.51605755267
2.41,1.47906994441,0.717000349374,-0.109767750313,1.02196709725,-0.165664810341,0.731984721997,-4.42648520807,-5.64924181349,4.50972688565
2.41125,1.48034394506,0.716788854823,-0.108849246203,1.0164259549,-0.172746072582,0.737617950083,-4.4392455492,-5.6806025812,4.50348025328
2.4125,1.4816110093,0.716568484192,-0.107923705438,1.01086898338,-0.179866316793,0.74324342263,-4.45181122004,-5.71161034857,4.49731837417
2.41375,1.48287111751,0.716339189031,-0.106991137646,1.00529642685,-0.187025098453,0.748861246018,-4.46418091092,-5.74225987586,4.49124192814
2.415,1.48412425037,0.716100921446,-0.106051552323,0.9997085311,-0.194221966483,0.754471527451,-4.47635331238,-5.77254590787,4.48525155438
2.41625,1.48537038884,0.715853634115,-0.105104958828,0.994105543566,-0.201456463223,0.760074374904,-4.48832711486,-5.80246317409,4.47934785109
2.4175,1.48660951423,0.715597280288,-0.104151366386,0.988487713313,-0.208728124418,0.765669897078,-4.50010100994,-5.83200639076,4.47353137567
2.41875,1.48784160813,0.715331813803,-0.103190784085,0.982855291041,-0.2160364792,0.771258203343,-4.51167368874,-5.86117025875,4.46780264521
2.42,1.48906665245,0.71505718909,-0.102223220877,0.977208529091,-0.223381050065,0.776839403691,-4.52304384457,-5.88994946681,4.46216213522
2.42125,1.49028462945,0.714773361178,-0.101248685576,0.97154768143,-0.230761352867,0.782413608681,-4.53421017282,-5.91833869266,4.4566102795
2.4225,1.49149552166,0.714480285708,-0.100267186856,0.965873003659,-0.238176896797,0.78798092939,-4.54517137064,-5.94633260268,4.45114747153
2.42375,1.49269931196,0.714177918936,-0.0992787332525,0.960184753003,-0.245627184374,0.79354147736,-4.55592613766,-5.97392585282,4.44577406182
2.425,1.49389598354,0.713866217747,-0.0982833331623,0.954483188315,-0.253111711429,0.799095364545,-4.56647317542,-6.00111308795,4.44049035883
2.42625,1.49508551993,0.713545139658,-0.0972809948411,0.948768570065,-0.260629967094,0.804642703257,-4.57681118974,-6.02788894582,4.43529662984
2.4275,1.49626790497,0.713214642829,-0.0962717264042,0.94304116034,-0.268181433794,0.810183606119,-4.58693888959,-6.05424805622,4.43019309874
2.42875,1.49744312283,0.712874686073,-0.0952555358258,0.937301222841,-0.275765587234,0.815718186004,-4.59685498731,-6.08018504129,4.42517994738
2.43,1.49861115802,0.712525228861,-0.0942324309391,0.931549022872,-0.283381896397,0.821246555988,-4.60655820107,-6.1056945196,4.42025731527
2.43125,1.49977199539,0.712166231332,-0.0932024194358,0.925784827338,-0.291029823533,0.826768829292,-4.61604725192,-6.13077110063,4.41542529757
2.4325,1.50092562009,0.711797654302,-0.0921655088659,0.920008904742,-0.298708824148,0.832285119232,-4.62532086617,-6.15540939016,4.41068394661
2.43375,1.50207201765,0.711419459272,-0.0911217066378,0.914221525173,-0.306418347009,0.837795539159,-4.63437777726,-6.17960399461,4.40603327239
2.435,1.5032111739,0.711031608435,-0.090071020018,0.908422960299,-0.314157834135,0.843300202413,-4.6432167228,-6.20334951466,4.40147324031
2.43625,1.50434307505,0.710634064687,-0.0890134561317,0.902613483366,-0.321926720795,0.84879922226,-4.6518364466,-6.2266405489,4.39700377163
2.4375,1.50546770761,0.710226791633,-0.0879490219624,0.896793369183,-0.329724435507,0.854292711842,-4.66023570043,-6.24947169783,4.39262474441
2.43875,1.50658505847,0.709809753598,-0.0868777243521,0.890962894115,-0.33755040004,0.859780784121,-4.66841324196,-6.27183756117,4.38833599208
2.44,1.50769511485,0.709382915633,-0.0857995700021,0.885122336078,-0.34540402941,0.865263551822,-4.67636783596,-6.29373273971,4.38413730343
2.44125,1.50879786431,0.708946243524,-0.0847145654726,0.879271974525,-0.353284731889,0.870741127379,-4.68409825594,-6.31515183763,4.3800284223
2.4425,1.50989329478,0.708499703803,-0.0836227171836,0.873412090438,-0.361191909004,0.876213622878,-4.6916032828,-6.33608946148,4.37600904831
2.44375,1.51098139454,0.708043263752,-0.0825240314154,0.867542966318,-0.369124955543,0.88168115,-4.69888170683,-6.35654022394,4.37207883596
2.445,1.5120621522,0.707576891414,-0.0814185143086,0.861664886171,-0.377083259564,0.887143819967,-4.7059323264,-6.37649874229,4.36823739354
2.44625,1.51313555675,0.707100555603,-0.0803061718655,0.855778135502,-0.385066202398,0.892601743484,-4.71275394911,-6.39595963914,4.36448428495
2.4475,1.51420159754,0.706614225908,-0.0791870099499,0.849883001298,-0.393073158662,0.89805503068,-4.7193453936,-6.41491754752,4.36081902822
2.44875,1.51526026426,0.706117872706,-0.0780610342888,0.843979772018,-0.401103496267,0.903503791054,-4.72570548736,-6.433367107,4.35724109437
2.45,1.51631154697,0.705611467167,-0.0769282504723,0.83806873758,-0.409156576429,0.908948133416,-4.73183306831,-6.45130296612,4.35374990893
2.45125,1.5173554361,0.705094981265,-0.0757886639552,0.832150189347,-0.417231753683,0.914388165827,-4.73772698642,-6.46871978759,4.35034485179
2.4525,1.51839192244,0.704568387783,-0.0746422800577,0.826224420113,-0.425328375898,0.919823995545,-4.74338610256,-6.48561224448,4.34702525588
2.45375,1.51942099715,0.704031660325,-0.0734891039664,0.820291724091,-0.433445784294,0.925255728966,-4.748809288,-6.5019750205,4.34379040691
2.455,1.52044265175,0.703484773323,-0.0723291407353,0.814352396893,-0.44158331345,0.930683471563,-4.75399542743,-6.51780281639,4.34063954429
2.45625,1.52145687814,0.702927702042,-0.0711623952874,0.808406735522,-0.449740291335,0.936107327827,-4.75894341816,-6.53309034817,4.33757185991
2.4575,1.52246366859,0.702360422594,-0.0699888724157,0.802455038348,-0.45791603932,0.941527401212,-4.76365216909,-6.54783234602,4.33458649816
2.45875,1.52346301574,0.701782911943,-0.0688085767844,0.796497605099,-0.4661098722,0.946943794072,-4.76812060315,-6.56202355942,4.3316825569
2.46,1.5244549126,0.701195147914,-0.0676215129305,0.79053473684,-0.474321098219,0.952356607605,-4.77234765731,-6.57565875661,4.32885908566
2.46125,1.52543935258,0.700597109198,-0.0664276852654,0.784566735956,-0.482549019091,0.957765941787,-4.77633228152,-6.58873272455,4.32611508572
2.4625,1.52641632944,0.699988775366,-0.0652270980761,0.778593906136,-0.49079293003,0.963171895319,-4.78007344009,-6.60124027136,4.3234495104
2.46375,1.52738583735,0.699370126873,-0.0640197555271,0.772616552356,-0.49905211977,0.968574565563,-4.78357011239,-6.61317622644,4.3208612653
2.465,1.52834787082,0.698741145067,-0.0628056616622,0.766634980855,-0.507325870596,0.973974048482,-4.78682129374,-6.62453544476,4.31834920786
2.46625,1.5293024248,0.698101812196,-0.0615848204059,0.760649499121,-0.515613458382,0.979370438582,-4.78982599461,-6.63531280522,4.31591214603
2.4675,1.53024949457,0.697452111421,-0.0603572355657,0.754660415869,-0.523914152609,0.984763828847,-4.79258323885,-6.64550320851,4.31354883858
2.46875,1.53118907584,0.696792026815,-0.0591229108338,0.748668041024,-0.532227216403,0.990154310679,-4.79509206903,-6.6551015859,4.31125799654
2.47,1.53212116468,0.69612154338,-0.057881849789,0.742672685696,-0.540551906574,0.995541973839,-4.79735154518,-6.66410289689,4.30903828171
2.47125,1.53304575755,0.695440647048,-0.0566340558992,0.736674662161,-0.548887473645,1.00092690638,-4.79936074084,-6.672502126,4.30688830537
2.4725,1.53396285133,0.694749324695,-0.0553795325231,0.730674283844,-0.557233161889,1.0063091946,-4.80111874845,-6.6802942903,4.30480663017
2.47375,1.53487244326,0.694047564144,-0.0541182829127,0.72467186529,-0.565588209371,1.01168892296,-4.80262467959,-6.68747444042,4.30279176982
2.475,1.53577453099,0.693335354172,-0.0528503102157,0.718667722145,-0.57395184799,1.01706617403,-4.80387766202,-6.69403765646,4.30084218731
2.47625,1.53666911257,0.692612684524,-0.0515756174776,0.712662171135,-0.582323303512,1.02244102843,-4.80487684067,-6.69997905095,4.29895629462
2.4775,1.53755618642,0.691879545913,-0.0502942076446,0.706655530044,-0.590701795617,1.02781356476,-4.8056213815,-6.70529377544,4.29713245605
2.47875,1.53843575139,0.691135930035,-0.0490060835657,0.700648117681,-0.599086537951,1.03318385957,-4.80611046937,-6.7099770162,4.2953689854
2.48,1.53930780672,0.690381829568,-0.0477112479957,0.69464025387,-0.607476738158,1.03855198723,-4.80634330515,-6.71402399307,4.29366414359
2.48125,1.54017235203,0.689617238189,-0.0464097035976,0.688632259419,-0.615871597933,1.04391801993,-4.80631911228,-6.71742996783,4.2920161431
2.4825,1.54102938736,0.688842150574,-0.0451014529459,0.682624456089,-0.624270313077,1.04928202758,-4.80603713413,-6.72019024164,4.29042314629
2.48375,1.54187891317,0.688056562407,-0.0437864985287,0.676617166583,-0.632672073537,1.05464407779,-4.80549663193,-6.72230015437,4.28888326329
2.485,1.54272093028,0.68726047039,-0.0424648427514,0.67061071451,-0.641076063463,1.06000423574,-4.80469688946,-6.72375508943,4.28739455401
2.48625,1.54355543995,0.686453872248,-0.0411364879393,0.66460542436,-0.649481461261,1.06536256418,-4.80363721049,-6.72455047204,4.28595502761
2.4875,1.54438244384,0.685636766737,-0.0398014363409,0.658601621483,-0.657887439643,1.07071912331,-4.80231691968,-6.72468177136,4.28456264143
2.48875,1.54520194401,0.684809153649,-0.038459690131,0.65259963206,-0.666293165689,1.07607397078,-4.80073536373,-6.72414450305,4.28321530315
2.49,1.54601394292,0.683971033822,-0.037111251414,0.646599783074,-0.674697800901,1.08142716157,-4.79889191029,-6.72293422854,4.28191086819
2.49125,1.54681844347,0.683122409147,-0.0357561222271,0.640602402285,-0.683100501261,1.08677874795,-4.79678594838,-6.72104655494,4.28064713969
2.4925,1.54761544893,0.682263282569,-0.0343943045441,0.634607818203,-0.691500417288,1.09212877942,-4.79441689045,-6.71847713986,4.27942187162
2.49375,1.54840496301,0.681393658103,-0.0330258002786,0.628616360059,-0.69989669411,1.09747730263,-4.79178417104,-6.71522169096,4.27823276496
2.495,1.54918698983,0.680513540834,-0.0316506112875,0.622628357776,-0.708288471516,1.10282436133,-4.78888724633,-6.71127596472,4.27707746926
2.49625,1.54996153391,0.679622936925,-0.0302687393752,0.616644141943,-0.716674884022,1.1081699963,-4.78572559641,-6.70663577052,4.27595358338
2.4975,1.55072860018,0.678721853624,-0.0288801862968,0.610664043784,-0.725055060942,1.11351424529,-4.78229872397,-6.70129697112,4.27485865302
2.49875,1.55148819401,0.677810299272,-0.027484953762,0.604688395133,-0.73342812645,1.11885714294,-4.77860615547,-6.69525548299,4.27379017407
2.5,1.55224032117,0.676888283308,-0.0260830434394,0.598717528396,-0.741793199649,1.12419872072,-4.77464744049,-6.68850727618,4.27274559026
2.50125,1.55298498784,0.675955816273,-0.0246744569602,0.592751776532,-0.75014939464,1.12953900691,-4.77042215243,-6.68104837869,4.27172229209
2.5025,1.55372220061,0.675012909821,-0.0232591959222,0.586791473015,-0.758495820596,1.13487802645,-4.76592988994,-6.67287487699,4.2707176204
2.50375,1.55445196652,0.674059576722,-0.0218372618941,0.580836951807,-0.766831581833,1.14021580096,-4.7611702737,-6.66398291201,4.26972886352
2.505,1.55517429299,0.673095830867,-0.0204086564198,0.57488854733,-0.775155777876,1.14555234861,-4.7561429496,-6.65436868514,4.26875325768
2.50625,1.55588918789,0.672121687277,-0.0189733810225,0.568946594433,-0.783467503546,1.15088768411,-4.75084758932,-6.64402846053,4.26778798872
2.5075,1.55659665948,0.671137162108,-0.0175314372095,0.563011428357,-0.791765849028,1.15622181859,-4.74528388731,-6.63295856066,4.26683018985
2.50875,1.55729671646,0.670142272654,-0.0160828264761,0.557083384714,-0.800049899947,1.16155475958,-4.73945156414,-6.621155371,4.26587694282
2.51,1.55798936794,0.669137037358,-0.0146275503105,0.551162799447,-0.808318737455,1.16688651094,-4.73335036572,-6.60861534127,4.26492527823
2.51125,1.55867462346,0.668121475811,-0.0131656101987,0.5452500088,-0.816571438301,1.17221707278,-4.72698006201,-6.59533498417,4.26397217545
2.5125,1.55935249296,0.667095608762,-0.0116970076286,0.539345349292,-0.824807074915,1.17754644138,-4.72034044901,-6.58131087796,4.26301456255
2.51375,1.56002298683,0.666059458123,-0.0102217440953,0.533449157678,-0.833024715495,1.18287460918,-4.71343134773,-6.56653966657,4.26204931586
2.515,1.56068611586,0.665013046973,-0.00873982110565,0.527561770922,-0.841223424082,1.18820156467,-4.70625260436,-6.55101805976,4.26107326071
2.51625,1.56134189126,0.663956399563,-0.00725124018359,0.521683526167,-0.849402260645,1.19352729233,-4.69880409287,-6.53474283843,4.2600831719
2.5175,1.56199032467,0.662889541322,-0.00575600287481,0.51581476069,-0.857560281178,1.1988517726,-4.6910857121,-6.51771085165,4.25907577377
2.51875,1.56263142816,0.66181249886,-0.00425411075209,0.509955811886,-0.865696537774,1.20417498177,-4.6830973844,-6.49991901346,4.25804773909
2.52,1.5632652142,0.660725299977,-0.00274556542039,0.504107017229,-0.873810078712,1.20949689195,-4.67483906045,-6.48136431234,4.25699569
2.52125,1.5638916957,0.659627973663,-0.00123036852222,0.498268714235,-0.881899948555,1.21481747099,-4.66631071722,-6.46204380844,4.25591619955
2.5225,1.56451088599,0.658520550106,0.000291478257093,0.492441240436,-0.889965188233,1.22013668245,-4.6575123562,-6.44195463158,4.25480578979
2.52375,1.5651227988,0.657403060693,0.0018199731839,0.486624933345,-0.898004835134,1.22545448547,-4.64844400653,-6.42109398693,4.25366093285
2.525,1.56572744832,0.656275538018,0.00335511447076,0.48082013042,-0.9060179232,1.23077083478,-4.63910572284,-6.39945915227,4.25247805172
2.52625,1.56632484913,0.655138015885,0.00489690027085,0.475027169038,-0.914003483014,1.2360856806,-4.62949758571,-6.37704747958,4.2512535196
2.5275,1.56691501624,0.653990529311,0.00644532867226,0.469246386456,-0.921960541899,1.24139896858,-4.61961970245,-6.35385639614,4.24998366084
2.52875,1.56749796509,0.65283311453,0.0080003976923,0.463478119782,-0.929888124005,1.24671063975,-4.60947220672,-6.32988340549,4.2486647499
2.53,1.56807371154,0.651665809001,0.00956210527163,0.457722705939,-0.937785250413,1.25202063045,-4.59905525854,-6.30512608896,4.24729301427
2.53125,1.56864227186,0.650488651404,0.0111304492684,0.451980481635,-0.945650939227,1.25732887229,-4.58836904304,-6.27958210262,4.24586463271
2.5325,1.56920366275,0.649301681652,0.0127054274523,0.446251783331,-0.953484205669,1.26263529203,-4.57741377336,-6.25324918337,4.24437573532
2.53375,1.56975790132,0.64810494089,0.0142870374985,0.440536947202,-0.961284062186,1.26793981162,-4.56618968842,-6.22612514626,4.2428224053
2.535,1.57030500511,0.646898471497,0.0158752769814,0.43483630911,-0.969049518535,1.27324234805,-4.55469705148,-6.1982078829,4.24120067741
2.53625,1.57084499209,0.645682317094,0.0174701433686,0.429150204573,-0.976779581893,1.27854281332,-4.54293615448,-6.16949536952,4.23950654238
2.5375,1.57137788063,0.644456522542,0.0190716340147,0.423478968724,-0.984473256959,1.2838411144,-4.53090731526,-6.13998566096,4.23773594264
2.53875,1.57190368951,0.643221133951,0.0206797461546,0.417822936285,-0.992129546045,1.28913715317,-4.51861087599,-6.1096768914,4.23588477334
2.54,1.57242243797,0.641976198677,0.0222944768976,0.412182441534,-0.999747449187,1.29443082634,-4.506047206,-6.07856728038,4.23394888745
2.54125,1.57293414562,0.640721765328,0.0239158232205,0.40655781827,-1.00732596425,1.29972202539,-4.49321670048,-6.04665512749,4.23192409086
2.5425,1.57343883251,0.639457883767,0.0255437819611,0.400949399783,-1.01486408701,1.30501063656,-4.48011977969,-6.01393881451,4.22980614424
2.54375,1.57393651912,0.638184605111,0.0271783498119,0.395357518821,-1.02236081128,1.31029654075,-4.46675689082,-5.98041680989,4.22759076553
2.545,1.57442722631,0.636901981738,0.028819523313,0.389782507556,-1.02981512903,1.31557961348,-4.45312850597,-5.94608766336,4.22527362939
2.54625,1.57491097538,0.635610067288,0.0304672988456,0.384224697556,-1.03722603044,1.32085972483,-4.43923512271,-5.91095001045,4.22285036777
2.5475,1.57538778805,0.634308916662,0.0321216726251,0.378684419749,-1.04459250406,1.3261367394,-4.42507726398,-5.87500257105,4.22031656887
2.54875,1.57585768643,0.632998586028,0.0337826406941,0.373162004396,-1.05191353687,1.33141051625,-4.41065547679,-5.83824414732,4.21766777876
2.55,1.57632069306,0.63167913282,0.0354501989157,0.367657781057,-1.05918811443,1.33668090884,-4.39597033605,-5.80067363372,4.21489950464
2.55125,1.57677683089,0.630350615742,0.0371243429662,0.362172078556,-1.06641522095,1.34194776501,-4.38102243984,-5.76229000769,4.21200721228
2.5525,1.57722612326,0.629013094768,0.0388050683282,0.356705224957,-1.07359383944,1.34721092688,-4.36581240865,-5.72309232869,4.20898632637
2.55375,1.57766859395,0.627666631143,0.0404923702834,0.351257547534,-1.08072295177,1.35247023083,-4.35034089105,-5.68307974963,4.20583223466
2.555,1.57810426713,0.626311287388,0.0421862439053,0.34582937273,-1.08780153882,1.35772550746,-4.33460855998,-5.64225151013,4.20254028548
2.55625,1.57853316738,0.624947127296,0.043886684052,0.340421026134,-1.09482858055,1.36297658154,-4.3186161095,-5.60060693274,4.19910578891
2.5575,1.57895531969,0.623574215937,0.0455936853591,0.335032832456,-1.10180305615,1.36822327193,-4.30236425873,-5.55814543023,4.19552401873
2.55875,1.57937074946,0.622192619656,0.0473072422319,0.329665115487,-1.10872394413,1.37346539159,-4.28585375266,-5.51486650653,4.19179021304
2.56,1.57977948248,0.620802406077,0.0490273488381,0.324318198074,-1.11559022242,1.37870274747,-4.26908535715,-5.47076974974,4.18789957436
2.56125,1.58018154496,0.6194036441,0.0507539991005,0.318992402095,-1.1224008685,1.38393514052,-4.25205986089,-5.42585483627,4.18384727008
2.5625,1.58057696349,0.617996403905,0.0524871866894,0.313688048422,-1.12915485951,1.38916236564,-4.23477807844,-5.38012153604,4.17962843528
2.56375,1.58096576508,0.616580756951,0.0542269050147,0.308405456898,-1.13585117234,1.39438421161,-4.2172408454,-5.33356970606,4.17523817195
2.565,1.58134797713,0.615156775974,0.0559731472184,0.303144946309,-1.14248878377,1.39960046107,-4.19944901846,-5.28619928979,4.17067155023
2.56625,1.58172362744,0.613724534992,0.0577259061673,0.297906834352,-1.14906667056,1.40481089049,-4.18140347865,-5.2380103229,4.1659236096
2.5675,1.58209274422,0.612284109298,0.0594851744446,0.292691437612,-1.15558380958,1.4100152701,-4.16310512815,-5.18900293123,4.16098935943
2.56875,1.58245535604,0.610835575468,0.0612509443426,0.287499071532,-1.16203917789,1.41521336389,-4.14455488944,-5.13917732801,4.15586378058
2.57,1.58281149189,0.609379011353,0.0630232078544,0.282330050388,-1.1684317529,1.42040492955,-4.12575370792,-5.08853381821,4.15054182643
2.57125,1.58316118116,0.607914496085,0.0648019566664,0.277184687262,-1.17476051244,1.42558971845,-4.10670254882,-5.03707279548,4.14501842279
2.5725,1.58350445361,0.606442110072,0.0665871821505,0.272063294016,-1.18102443489,1.4307674756,-4.08740239841,-4.98479474439,4.13928847017
2.57375,1.5838413394,0.604961934998,0.0683788753555,0.266966181266,-1.1872224993,1.43593793963,-4.06785426403,-4.93170024129,4.13334684591
2.575,1.58417186907,0.603474053824,0.0701770269996,0.261893658356,-1.19335368549,1.44110084272,-4.04805917128,-4.87778994922,4.12718840288
2.57625,1.58449607354,0.601978550785,0.0719816274623,0.256846033338,-1.19941697417,1.44625591063,-4.02801816572,-4.82306462226,4.12080797077
2.5775,1.58481398415,0.600475511389,0.0737926667761,0.251823612942,-1.20541134705,1.45140286265,-4.00773231313,-4.76752510687,4.11420035988
2.57875,1.58512563258,0.598965022417,0.0756101346189,0.246826702555,-1.21133578694,1.45654141153,-3.9872026975,-4.71117233842,4.10736035999
2.58,1.58543105091,0.597447171921,0.077434020305,0.241855606198,-1.21718927789,1.46167126355,-3.96643042018,-4.65400734025,4.10028274089
2.58125,1.58573027159,0.595922049222,0.0792643127777,0.236910626505,-1.22297080529,1.46679211839,-3.94541660189,-4.59603122875,4.09296225857
2.5825,1.58602332747,0.594389744908,0.0811010006009,0.231992064693,-1.22867935597,1.47190366919,-3.92416238142,-4.53724521092,4.08539365235
2.58375,1.58631025175,0.592850350832,0.0829440719507,0.227100220551,-1.23431391832,1.47700560252,-3.90266891313,-4.47765058072,4.07757164339
2.585,1.58659107802,0.591303960112,0.0847935146072,0.222235392411,-1.23987348242,1.4820975983,-3.88093736965,-4.41724872461,4.06949094174
2.58625,1.58686584024,0.589750667126,0.0866493159465,0.217397877127,-1.24535704013,1.48717932987,-3.85896893918,-4.35604111647,4.06114624716
2.5875,1.58713457272,0.588190567512,0.0885114629319,0.212587970063,-1.25076358521,1.49225046392,-3.83676482475,-4.29402931935,4.05253224738
2.58875,1.58739731016,0.586623758163,0.0903799421063,0.207805965065,-1.25609211343,1.49731066049,-3.81432624758,-4.23121499023,4.04364362108
2.59,1.58765408763,0.585050337228,0.0922547395831,0.203052154444,-1.26134162268,1.50235957297,-3.79165444278,-4.16759987234,4.03447503995
2.59125,1.58790494055,0.583470404106,0.0941358410387,0.198326828958,-1.26651111311,1.50739684809,-3.76875065885,-4.10318579678,4.02502116931
2.5925,1.5881499047,0.581884059446,0.0960232317034,0.193630277797,-1.27159958718,1.51242212589,-3.74561615959,-4.03797468456,4.01527666963
2.59375,1.58838901624,0.580291405139,0.0979168963534,0.188962788559,-1.27660604982,1.51743503976,-3.722252223,-3.97196854756,4.00523619941
2.595,1.58862231167,0.578692544321,0.0998168193028,0.184324647239,-1.28152950854,1.52243521639,-3.69866013884,-3.90516948457,3.99489441591
2.59625,1.58884982786,0.577087581367,0.101722984394,0.179716138212,-1.28636897353,1.5274222758,-3.67484120925,-3.83757967973,3.98424597506
2.5975,1.58907160202,0.575476621887,0.103635374992,0.175137544216,-1.29112345774,1.53239583133,-3.6507967503,-3.7692014087,3.97328553543
2.59875,1.58928767172,0.573859772723,0.105553973973,0.170589146336,-1.29579197705,1.53735548964,-3.6265280899,-3.70003703564,3.96200776059
2.6,1.58949807488,0.572237141945,0.107478763716,0.166071223991,-1.30037355033,1.54230085073,-3.60203656569,-3.63008901044,3.9504073186
2.60125,1.58970284978,0.570608838847,0.1094097261,0.161584054922,-1.30486719958,1.54723150794,-3.57732352463,-3.55935986759,3.93847888276
2.6025,1.58990203502,0.568974973946,0.111346842486,0.15712791518,-1.30927195,1.55214704794,-3.5523903266,-3.48785223082,3.92621713669
2.60375,1.59009566957,0.567335658972,0.113290093719,0.152703079106,-1.31358683016,1.55704705078,-3.52723834085,-3.41556881262,3.91361677533
2.605,1.59028379272,0.56569100687,0.115239460113,0.148309819328,-1.31781087203,1.56193108988,-3.50186894357,-3.34251240783,3.90067250429
2.60625,1.59046644412,0.564041131792,0.117194921444,0.143948406747,-1.32194311118,1.56679873204,-3.47628352138,-3.26868589844,3.88737904415
2.6075,1.59064366374,0.562386149092,0.119156456943,0.139619110524,-1.32598258678,1.57164953749,-3.45048346721,-3.19409224971,3.87373113131
2.60875,1.59081549189,0.560726175325,0.121124045288,0.135322198079,-1.3299283418,1.57648305987,-3.42447018165,-3.11873451326,3.85972352018
2.61,1.59098196923,0.559061328238,0.123097664593,0.13105793507,-1.33377942306,1.58129884629,-3.39824507396,-3.04261582885,3.84535098461
2.61125,1.59114313673,0.557391726767,0.125077292404,0.126826585394,-1.33753488137,1.58609643733,-3.37180955812,-2.96573941559,3.83060832007
2.6125,1.59129903569,0.555717491034,0.127062905686,0.122628411175,-1.3411937716,1.59087536709,-3.34516505277,-2.88810857526,3.81549034664
2.61375,1.59144970776,0.554038742338,0.129054480821,0.118463672762,-1.34475515281,1.5956351632,-3.3183129829,-2.80972669628,3.7999919088
2.615,1.59159519488,0.552355603152,0.131051993594,0.114332628717,-1.34821808834,1.60037534686,-3.29125477761,-2.73059724857,3.78410787882
2.61625,1.59173553933,0.550668197117,0.133055419188,0.110235535818,-1.35158164593,1.60509543289,-3.26399186861,-2.6507237812,3.76783315889
2.6175,1.59187078372,0.548976649037,0.135064732177,0.106172649046,-1.3548448978,1.60979492976,-3.23652569364,-2.57010993024,3.75116268302
2.61875,1.59200097095,0.547281084873,0.137079906513,0.102144221584,-1.35800692076,1.6144733396,-3.20885769106,-2.48875941089,3.73409141826
2.62,1.59212614427,0.545581631736,0.139100915526,0.0981505048182,-1.36106679632,1.6191301583,-3.18098929924,-2.406676014,3.71661436826
2.62125,1.59224634721,0.543878417882,0.141127731909,0.0941917483356,-1.36402361079,1.62376487552,-3.15292196156,-2.32386361624,3.6987265745
2.6225,1.59236162364,0.542171572709,0.143160327714,0.0902681999144,-1.36687645536,1.62837697474,-3.12465712063,-2.24032617325,3.68042311603
2.62375,1.59247201771,0.540461226744,0.145198674345,0.086380105534,-1.36962442622,1.63296593331,-3.09619621798,-2.1560677169,3.66169911776
2.625,1.5925775739,0.538747511643,0.147242742548,0.0825277093694,-1.37226662466,1.63753122253,-3.06754069547,-2.07109235777,3.64254974713
2.62625,1.59267833699,0.537030560182,0.149292502402,0.0787112537953,-1.37480215712,1.64207230768,-3.03869199302,-1.98540428374,3.62297021528
2.6275,1.59277435204,0.53531050625,0.151347923317,0.0749309793869,-1.37723013536,1.64658864807,-3.00965154975,-1.89900776189,3.60295578709
2.62875,1.59286566444,0.533587484844,0.153408974022,0.0711871249209,-1.37954967652,1.65107969715,-2.98042080094,-1.81190713408,3.58250177549
2.63,1.59295231985,0.531861632059,0.15547562256,0.0674799273845,-1.3817599032,1.65554490251,-2.95100117846,-1.72410681716,3.56160354474
2.63125,1.59303436425,0.530133085086,0.157547836278,0.0638096219748,-1.38385994357,1.65998370601,-2.92139411058,-1.6356113023,3.54025651741
2.6325,1.59311184391,0.5284019822,0.159625581825,0.0601764421081,-1.38584893146,1.6643955438,-2.8916010212,-1.54642515712,3.5184561727
2.63375,1.59318480536,0.526668462757,0.161708825138,0.0565806194218,-1.38772600646,1.66877984644,-2.86162332777,-1.45655302127,3.49619804709
2.635,1.59325329546,0.524932667184,0.163797531441,0.0530223837886,-1.38949031401,1.67313603892,-2.83146244205,-1.36599960661,3.473477741
2.63625,1.59331736132,0.523194736972,0.165891665235,0.0495019633166,-1.39114100548,1.67746354079,-2.80111976999,-1.27476970029,3.45029092149
2.6375,1.59337705036,0.52145481467,0.167991190293,0.0460195843636,-1.39267723826,1.68176176623,-2.77059670752,-1.18286815539,3.42663331808
2.63875,1.59343241028,0.519713043876,0.170096069651,0.0425754715478,-1.39409817586,1.68603012409,-2.7398946439,-1.09029989766,3.40250072912
2.64,1.59348348904,0.51796956923,0.172206265603,0.0391698477539,-1.395402988,1.69026801805,-2.70901495928,-0.997069925017,3.37788902697
2.64125,1.5935303349,0.516224536406,0.174321739696,0.0358029341496,-1.39659085068,1.69447484666,-2.677959023,-0.903183300352,3.35279415611
2.6425,1.59357299638,0.514478092104,0.17644245272,0.0324749501964,-1.39766094625,1.69865000344,-2.64672819412,-0.8086451547,3.32721213522
2.64375,1.59361152228,0.512730384041,0.178568364704,0.0291861136643,-1.39861246356,1.70279287699,-2.6153238216,-0.713460690304,3.30113906256
2.645,1.59364596166,0.510981560945,0.180699434912,0.0259366406424,-1.39944459798,1.7069028511,-2.58374724217,-0.617635173262,3.27457111715
2.64625,1.59367636388,0.509231772546,0.182835621832,0.0227267455589,-1.4001565515,1.71097930479,-2.55199977673,-0.521173930849,3.24750455839
2.6475,1.59370277853,0.507481169566,0.184976883174,0.0195566412006,-1.40074753281,1.71502161249,-2.52008273415,-0.424082358461,3.21993573156
2.64875,1.59372525548,0.505729903714,0.187123175863,0.0164265387235,-1.40121675739,1.71902914412,-2.48799741153,-0.326365918079,3.19186107159
2.65,1.59374384487,0.503978127673,0.189274456034,0.0133366476717,-1.4015634476,1.72300126517,-2.45574508767,-0.22803012954,3.16327709988
2.65125,1.5937585971,0.502225995095,0.191430679026,0.0102871760043,-1.40178683272,1.72693733687,-2.42332702451,-0.129080572367,3.13418042972
2.6525,1.59376956281,0.500473660591,0.193591799377,0.00727833011047,-1.40188614903,1.73083671624,-2.39074446931,-0.0295228909068,3.10456777028
2.65375,1.59377679292,0.498721279722,0.195757770817,0.00431031483106,-1.40186063994,1.73469875629,-2.35799865222,0.0706372091713,3.07443592628
2.655,1.5937803386,0.496969008991,0.197928546267,0.00138333347991,-1.40170955601,1.73852280606,-2.32509078251,0.171393969913,3.04378180227
2.65625,1.59378025126,0.495217005832,0.200104077832,-0.00150241212521,-1.40143215502,1.7423082108,-2.29202204996,0.272741574861,3.01260240128
2.6575,1.59377658257,0.493465428603,0.202284316794,-0.00434672164499,-1.40102770207,1.74605431206,-2.25879362647,0.374674146576,2.98089483117
2.65875,1.59376938445,0.491714436577,0.204469213612,-0.00714939619138,-1.40049546965,1.74976044788,-2.22540666109,0.47718575729,2.94865630726
2.66,1.59375870908,0.489964189929,0.206658717914,-0.00991023829772,-1.39983473768,1.75342595283,-2.1918622821,0.58027042179,2.91588415013
2.66125,1.59374460886,0.488214849733,0.208852778494,-0.0126290518966,-1.3990447936,1.75705015825,-2.15816159425,0.683922103019,2.88257579085
2.6625,1.59372713645,0.486466577945,0.21105134331,-0.0153056422834,-1.39812493242,1.76063239231,-2.12430567735,0.788134715572,2.84872877306
2.66375,1.59370634475,0.484719537402,0.213254359475,-0.01793981609,-1.39707445681,1.76417198018,-2.09029558882,0.892902118289,2.8143407563
2.665,1.59368228691,0.482973891803,0.21546177326,-0.0205313812554,-1.39589267713,1.7676682442,-2.05613236026,0.998218121958,2.77940951534
2.66625,1.5936550163,0.481229805709,0.217673530086,-0.0230801469907,-1.3945789115,1.77112050397,-2.02181699478,1.10407649388,2.74393294264
2.6675,1.59362458654,0.479487444525,0.21988957452,-0.0255859237424,-1.39313248589,1.77452807656,-1.98735047065,1.21047094766,2.70790905524
2.66875,1.59359105149,0.477746974494,0.222109850277,-0.0280485231673,-1.39155273414,1.77789027661,-1.95273373888,1.31739515122,2.67133599277
2.67,1.59355446523,0.476008562689,0.224334300212,-0.0304677580896,-1.38983899801,1.78120641654,-1.91796771696,1.42484273676,2.63421201769
2.67125,1.59351488209,0.474272376999,0.226562866318,-0.0328434424597,-1.38799062729,1.78447580665,-1.88305329439,1.53280728732,2.59653552081
2.6725,1.59347235663,0.472538586121,0.228795489728,-0.0351753913255,-1.3860069798,1.78769775534,-1.8479913314,1.64128234295,2.55830502405
2.67375,1.59342694362,0.47080735955,0.231032110707,-0.0374634207882,-1.38388742144,1.79087156921,-1.81278265431,1.75026140721,2.51951917971
2.675,1.59337869808,0.469078867567,0.233272668651,-0.0397073479613,-1.38163132628,1.79399655329,-1.77742805809,1.85973794016,2.48017677541
2.67625,1.59332767525,0.467353281234,0.23551710209,-0.0419069909334,-1.37923807659,1.79707201115,-1.74192830132,1.96970536908,2.44027673343
2.6775,1.5932739306,0.465630772376,0.237765348679,-0.0440621687146,-1.37670706286,1.80009724512,-1.70628410829,2.08015708547,2.3998181128
2.67875,1.59321751982,0.463911513577,0.240017345203,-0.0461727012041,-1.37403768387,1.80307155643,-1.67049616962,2.19108644083,2.35880011403
2.68,1.59315849885,0.462195678166,0.24227302757,-0.0482384091387,-1.37122934675,1.80599424541,-1.63456513606,2.30248675824,2.31722207769
2.68125,1.5930969238,0.46048344021,0.244532330816,-0.0502591140443,-1.36828146698,1.80886461163,-1.59849162228,2.4143513282,2.275083489
2.6825,1.59303285106,0.458774974499,0.246795189099,-0.0522346381944,-1.36519346843,1.81168195413,-1.56227620323,2.52667341088,2.23238397918
2.68375,1.59296633721,0.457070456539,0.249061535701,-0.0541648045523,-1.36196478345,1.81444557158,-1.52591941246,2.63944623878,2.18912332487
2.685,1.59289743905,0.45537006254,0.251331303028,-0.0560494367255,-1.35859485284,1.81715476244,-1.48942174505,2.7526630142,2.14530145222
2.68625,1.59282621361,0.453673969407,0.253604422608,-0.057888358915,-1.35508312591,1.81980882521,-1.45278365158,2.86631692029,2.10091843953
2.6875,1.59275271815,0.451982354725,0.255880825091,-0.0596813958545,-1.35142906054,1.82240705854,-1.4160055397,2.98040111358,2.05597451572
2.68875,1.59267701012,0.450295396755,0.258160440254,-0.0614283727642,-1.34763212313,1.8249487615,-1.37908777356,3.09490872617,2.01047006484
2.69,1.59259914722,0.448613274418,0.260443196995,-0.0631291152883,-1.34369178872,1.8274332337,-1.34203067068,3.20983287396,1.96440562792
2.69125,1.59251918734,0.446936167284,0.262729023338,-0.0647834494409,-1.33960754095,1.82985977557,-1.30483450362,3.32516665037,1.91778190193
2.6925,1.5924371886,0.445264255565,0.265017846434,-0.0663912015474,-1.33537887209,1.83222768846,-1.26749949545,3.44090313606,1.87059974373
2.69375,1.59235320933,0.443597720103,0.267309592559,-0.0679521981796,-1.33100528311,1.83453627493,-1.23002581981,3.55703539731,1.82286016937
2.695,1.5922673081,0.441936742357,0.269604187121,-0.0694662660969,-1.3264862836,1.83678483888,-1.19241360103,3.67355648402,1.77456435823
2.69625,1.59217954367,0.440281504394,0.271901554657,-0.0709332321821,-1.3218213919,1.83897268582,-1.154662914,3.79045943359,1.72571365549
2.6975,1.59208997502,0.438632188878,0.274201618836,-0.0723529233819,-1.31701013502,1.84109912302,-1.11677377868,3.90773727835,1.67630956688
2.69875,1.59199866136,0.436988979057,0.276504302464,-0.0737251666288,-1.3120520487,1.84316345974,-1.07874616024,4.02538304395,1.62635376697
2.7,1.5919056621,0.435352058756,0.278809527485,-0.0750497887825,-1.30694667741,1.84516500744,-1.04057997219,4.14338974441,1.57584809784
2.70125,1.59181103689,0.433721612363,0.281117214983,-0.0763266165593,-1.30169357434,1.84710307998,-1.00227507023,4.26175039373,1.524794569
2.7025,1.59171484556,0.43209782482,0.283427285185,-0.0775554764581,-1.29629230142,1.84897699386,-0.963831252375,4.38045800586,1.47319536467
2.70375,1.5916171482,0.43048088161,0.285739657467,-0.0787361946902,-1.29074242932,1.85078606839,-0.925248257954,4.4995055932,1.42105283514
2.705,1.59151800508,0.428870968747,0.288054250356,-0.079868597103,-1.28504353744,1.85252962595,-0.886525766054,4.6188861701,1.36836950433
2.70625,1.5914174767,0.427268272766,0.290370981532,-0.0809525091054,-1.2791952139,1.85420699216,-0.847663395143,4.73859275668,1.31514807384
2.7075,1.5913156238,0.425672980712,0.292689767836,-0.0819877555908,-1.27319705555,1.85581749613,-0.808660701068,4.85861837856,1.26139141553
2.70875,1.59121250731,0.424085280127,0.295010525273,-0.082974160858,-1.26704866795,1.85736047069,-0.769517174604,4.97895607082,1.20710257676
2.71,1.5911081884,0.422505359042,0.297333169013,-0.0839115485273,-1.26074966537,1.85883525258,-0.730232242404,5.09959887872,1.15228478606
2.71125,1.59100272844,0.420933405964,0.299657613404,-0.0847997414641,-1.25429967076,1.86024118266,-0.690805263457,5.22053986083,1.09694144609
2.7125,1.59089618905,0.419369609865,0.30198377197,-0.085638561686,-1.24769831572,1.86157760619,-0.651235527585,5.34177209282,1.04107613595
2.71375,1.59078863204,0.417814160175,0.304311557419,-0.086427830283,-1.24094524052,1.862843873,-0.611522258032,5.46328866359,0.984692619323
2.715,1.59068011947,0.416267246764,0.306640881652,-0.0871673673311,-1.23404009406,1.86403933774,-0.571664605377,5.58508268451,0.927794836269
2.71625,1.59057071362,0.414729059939,0.308971655764,-0.0878569917965,-1.22698253381,1.86516336009,-0.531661646846,5.70714728926,0.870386907644
2.7175,1.59046047699,0.413199790429,0.311303790053,-0.0884965214482,-1.21977222584,1.86621530501,-0.491512385906,5.82947563561,0.812473137046
2.71875,1.59034947232,0.411679629375,0.313637194026,-0.0890857727612,-1.21240884472,1.86719454293,-0.451215750945,5.9520609085,0.754058007863
2.72,1.59023776256,0.410168768318,0.31597177641,-0.0896245608255,-1.20489207357,1.86810045003,-0.410770595727,6.07489631666,0.695146190208
2.72125,1.59012541091,0.408667399191,0.318307445151,-0.0901126992505,-1.19722160393,1.86893240841,-0.370175692433,6.1979751056,0.635742534138
2.7225,1.59001248081,0.407175714308,0.320644107431,-0.0905500000566,-1.1893971358,1.86968980636,-0.329429731573,6.32129055847,0.575852070563
2.72375,1.58989903591,0.405693906351,0.322981669667,-0.0909362735795,-1.18141837753,1.87037203858,-0.288531326623,6.4448359858,0.515480021039
2.725,1.58978514013,0.404222168364,0.325320037527,-0.0912713283732,-1.17328504584,1.87097850642,-0.247479005566,6.56860473989,0.454631786943
2.72625,1.58967085759,0.402760693737,0.327659115933,-0.0915549710934,-1.16499686569,1.87150861805,-0.206271210072,6.69259021771,0.393312953236
2.7275,1.5895562527,0.4013096762,0.329998809072,-0.0917870063984,-1.15655357029,1.8719617888,-0.164906297914,6.81678585631,0.331529295715
2.72875,1.58944139008,0.399869309811,0.332339020405,-0.0919672368382,-1.14795490104,1.87233744129,-0.123382536594,6.94118514074,0.269286769594
2.73,1.58932633461,0.398439788947,0.334679652676,-0.0920954627398,-1.13920060744,1.87263500572,-0.0816981031676,7.06578160533,0.206591516871
2.73125,1.58921115142,0.397021308292,0.33702060792,-0.0921714820961,-1.13029044703,1.87285392008,-0.0398510844661,7.1905688357,0.143449866925
2.7325,1.5890959059,0.39561406283,0.339361787476,-0.092195090451,-1.12122418535,1.87299363039,0.00216052544601,7.31554046907,0.0798683333072
2.73375,1.58898066369,0.394218247829,0.341703091996,-0.0921660807825,-1.11200159586,1.87305359092,0.044338830503,7.44069020429,0.0158536159347
2.735,1.5888654907,0.39283405884,0.344044421453,-0.0920842433748,-1.10262245984,1.87303326443,0.086686030636,7.56601179753,-0.0485874006131
2.73625,1.58875045309,0.391461691679,0.346385675157,-0.0919493657059,-1.09308656636,1.87293212242,0.129204422956,7.69149906388,-0.11344764423
2.7375,1.58863561729,0.390101342424,0.348726751759,-0.0917612323174,-1.08339371218,1.87274964532,0.171896407392,7.81714588846,-0.178719858332
2.73875,1.58852105001,0.388753207399,0.35106754927,-0.0915196246874,-1.07354370164,1.87248532277,0.214764486191,7.94294622356,-0.244396601659
2.74,1.58840681822,0.38741748317,0.353407965066,-0.0912243211019,-1.06353634662,1.87213865381,0.257811267193,8.06889409097,-0.310470245438
2.74125,1.5882929892,0.386094366532,0.355747895905,-0.0908750965194,-1.05337146642,1.87170914716,0.301039463193,8.19498358363,-0.376932975928
2.7425,1.58817963048,0.384784054504,0.358087237934,-0.0904717224439,-1.04304888766,1.87119632138,0.344451895671,8.32120887503,-0.443776797101
2.74375,1.5880668099,0.383486744313,0.360425886708,-0.0900139667802,-1.03256844423,1.87059970516,0.388051497885,8.44756421469,-0.510993524551
2.745,1.58795459557,0.382202633393,0.362763737197,-0.0895015936992,-1.02192997713,1.86991883756,0.431841315003,8.57404393354,-0.578574790461
2.74625,1.58784305591,0.380931919371,0.365100683802,-0.0889343634927,-1.01113333439,1.86915326819,0.475824507066,8.70064245088,-0.64651204367
2.7475,1.58773225966,0.379674800057,0.367436620367,-0.0883120324315,-1.000178371,1.86830255745,0.520004351529,8.82735427111,-0.714796547925
2.74875,1.58762227583,0.378431473443,0.369771440196,-0.0876343526139,-0.989064948717,1.86736627682,0.564384245627,8.95417399169,-0.783419386369
2.75,1.58751317378,0.377202137686,0.372105036059,-0.0869010718175,-0.97779293602,1.86634400899,0.608967705921,9.0810963015,-0.852371454152
2.75125,1.58740502315,0.375986991103,0.374437300218,-0.0861119333491,-0.966362207963,1.86523534818,0.653758373255,9.20811598661,-0.921643466677
2.7525,1.58729789394,0.374786232166,0.37676812443,-0.0852666758843,-0.954772646053,1.86403990032,0.698760015166,9.33522793516,-0.991225958455
2.75375,1.58719185646,0.373600059488,0.379097399969,-0.0843650333112,-0.943024138125,1.86275728329,0.743976526246,9.46242713574,-1.0611092785
2.755,1.58708698136,0.37242867182,0.381425017638,-0.0834067345687,-0.931116578214,1.86138712713,0.789411931055,9.58970868095,-1.13128359836
2.75625,1.58698333963,0.371272268042,0.383750867787,-0.0823915034836,-0.919049866423,1.85992907429,0.835070174526,9.71706714715,-1.20173891097
2.7575,1.5868810026,0.370131047154,0.386074840324,-0.0813190591324,-0.906823910346,1.85838277985,0.880952853913,9.8444899045,-1.27246511254
2.75875,1.58678004198,0.369005208266,0.388396824736,-0.0801891213488,-0.894438641661,1.85674791151,0.927054745989,9.97194393206,-1.34345211137
2.76,1.5866805298,0.36789495055,0.390716710103,-0.0790014222674,-0.881894050516,1.85502414957,0.973362965442,10.0993733297,-1.41468971788
2.76125,1.58658253842,0.36680047314,0.39303438511,-0.0777557139352,-0.869190208337,1.85321118721,1.01986117284,10.2267117241,-1.48616739856
2.7625,1.58648614051,0.365721975029,0.395349738071,-0.0764517693353,-0.856327271205,1.85130873107,1.06653270627,10.3538915168,-1.55787414114
2.76375,1.586391409,0.364659654962,0.397662656938,-0.0750893821695,-0.843305479545,1.84931650186,1.11336108016,10.4808453749,-1.62979843891
2.765,1.58629841706,0.36361371133,0.399973029325,-0.0736683666349,-0.830125157768,1.84723423498,1.16032998458,10.6075062557,-1.70192830806
2.76625,1.58620723808,0.362584342068,0.402280742525,-0.0721885572081,-0.816786713906,1.84506168109,1.20742328018,10.7338074176,-1.77425130369
2.7675,1.58611794566,0.361571744546,0.404585683528,-0.0706498084345,-0.803290639224,1.84279860672,1.25462499391,10.8596824317,-1.84675453561
2.76875,1.58603061356,0.36057611547,0.406887739042,-0.0690519947233,-0.789637507827,1.84044479475,1.30191931357,10.9850651915,-1.91942468488
2.77,1.58594531568,0.359597650776,0.409186795515,-0.0673950101506,-0.775827976245,1.838000045,1.34929058136,11.1098899233,-1.99224802067
2.77125,1.58586212604,0.358636545529,0.411482739155,-0.0656787682699,-0.761862783018,1.8354641747,1.39672328878,11.234091197,-2.06521041868
2.7725,1.58578111876,0.357692993819,0.413775455952,-0.0639032019286,-0.747742748253,1.83283701896,1.44420207066,11.3576039361,-2.13829737814
2.77375,1.58570236803,0.356767188658,0.416064831702,-0.0620682630932,-0.733468773178,1.83011843125,1.49171169842,11.4803634281,-2.2114940397
2.775,1.5856259481,0.355859321886,0.41835075203,-0.0601739226826,-0.719041839683,1.82730828386,1.53923707385,11.602305334,-2.28478520471
2.77625,1.58555193322,0.354969584059,0.420633102412,-0.0582201704086,-0.704463009843,1.82440646824,1.58676322249,11.7233656991,-2.35815535422
2.7775,1.58548039767,0.354098164361,0.4229117682,-0.0562070146264,-0.689733425435,1.82141289547,1.63427528641,11.843480961,-2.43158866833
2.77875,1.58541141569,0.353245250496,0.42518663465,-0.0541344821926,-0.67485430744,1.81832749657,1.68175851718,11.9625879602,-2.50506904565
2.78,1.58534506147,0.352411028592,0.427457586942,-0.0520026183334,-0.659826955535,1.81515022286,1.72919826814,12.0806239495,-2.57858012312
2.78125,1.58528140914,0.351595683107,0.429724510207,-0.0498114865222,-0.644652747567,1.81188104626,1.77657998752,12.1975266026,-2.652105297
2.7825,1.58522053275,0.350799396723,0.431987289557,-0.0475611683646,-0.629333139028,1.80851995962,1.82388920966,12.3132340229,-2.72562774338
2.78375,1.58516250622,0.350022350259,0.434245810106,-0.0452517634981,-0.613869662509,1.80506697691,1.8711115466,12.4276847528,-2.7991304388
2.785,1.58510740334,0.349264722567,0.436499957,-0.0428833894981,-0.598263927146,1.80152213352,1.91823268142,12.5408177815,-2.87259618181
2.78625,1.58505529775,0.348526690441,0.43874961544,-0.0404561817945,-0.582517618056,1.79788548645,1.96523835839,12.6525725531,-2.94600761457
2.7875,1.58500626289,0.347808428522,0.440994670716,-0.0379702936021,-0.566632495764,1.79415711448,2.01211437393,12.7628889746,-3.01934724454
2.78875,1.58496037201,0.347110109202,0.443235008226,-0.0354258958597,-0.550610395619,1.79033711834,2.05884656812,12.8717074245,-3.09259746614
2.79,1.58491769815,0.346431902533,0.445470513512,-0.0328231771819,-0.534453227202,1.78642562082,2.10542081545,12.9789687584,-3.16574058349
2.79125,1.58487831407,0.345773976134,0.447701072279,-0.0301623438211,-0.518162973723,1.78242276688,2.15182301517,13.0846143172,-3.23875883275
2.7925,1.58484229229,0.345136495099,0.449926570429,-0.0274436196439,-0.501741691409,1.77832872374,2.19803908167,13.1885859342,-3.31163440434
2.79375,1.58480970502,0.344519621905,0.452146894088,-0.0246672461169,-0.485191508888,1.77414368087,2.24405493432,13.2908259402,-3.38434946621
2.795,1.58478062417,0.343923516326,0.454361929631,-0.0218334823081,-0.468514626559,1.76986785007,2.28985648778,13.3912771706,-3.45688618642
2.79625,1.58475512132,0.343348335339,0.456571563713,-0.0189426048975,-0.451713315961,1.7655014654,2.33542964147,13.489882971,-3.52922675645
2.7975,1.58473326766,0.342794233037,0.458775683295,-0.0159949082044,-0.434789919131,1.76104478318,2.38076026835,13.5865872025,-3.60135341415
2.79875,1.58471513404,0.342261360541,0.460974175671,-0.0129907042266,-0.417746847955,1.75649808187,2.4258342055,13.6813342466,-3.67324846697
2.8,1.5847007909,0.341749865917,0.463166928499,-0.00993032269071,-0.400586583515,1.75186166201,2.47063724187,13.7740690099,-3.74489431598
2.80125,1.58469030824,0.341259894082,0.465353829826,-0.00681411112191,-0.38331167543,1.74713584608,2.51515510763,13.8647369295,-3.81627347816
2.8025,1.58468375562,0.340791586728,0.467534768114,-0.00364243492163,-0.365924741191,1.74232097832,2.55937346333,13.9532839746,-3.88736861053
2.80375,1.58468120215,0.340345082229,0.469709632272,-0.000415677463593,-0.348428465494,1.73741742455,2.60327788692,14.0396566516,-3.95816253409
2.805,1.58468271643,0.339920515564,0.471878311676,0.00286575979567,-0.330825599562,1.73242557198,2.64685386355,14.1238020072,-4.02863825631
2.80625,1.58468836655,0.33951801823,0.474040696202,0.00620145719529,-0.313118960476,1.72734582891,2.69008677265,14.2056676307,-4.09877899472
2.8075,1.58469822007,0.339137718163,0.476196676248,0.00959097672728,-0.295311430485,1.72217862449,2.73296187597,14.2852016561,-4.16856820119
2.80875,1.58471234399,0.338779739654,0.478346142763,0.0130338618852,-0.277405956335,1.71692440841,2.77546430593,14.3623527633,-4.23798958459
2.81,1.58473080473,0.338444203272,0.480488987269,0.0165296374921,-0.259405548577,1.71158365053,2.81757905204,14.4370701808,-4.30702713413
2.81125,1.58475366809,0.338131225783,0.482625101889,0.0200778095153,-0.241313280883,1.70615684057,2.85929094907,14.5093036854,-4.37566514281
2.8125,1.58478099925,0.33784092007,0.484754379371,0.0236778648648,-0.223132289364,1.70064448768,2.90058466403,14.5790036028,-4.44388823049
2.81375,1.58481286275,0.337573395059,0.486876713109,0.0273292711754,-0.204865771877,1.69504712,2.94144468321,14.6461208079,-4.51168136696
2.815,1.58484932243,0.33732875564,0.488991997171,0.0310314765728,-0.186516987344,1.68936528426,2.981855299,14.7106067236,-4.57902989413
2.81625,1.58489044144,0.337107102591,0.491100126319,0.0347839094229,-0.168089255068,1.68359954526,3.02180059662,14.7724133199,-4.64591954967
2.8175,1.5849362822,0.336908532503,0.493200996034,0.0385859780644,-0.149585954044,1.67775048538,3.06126444093,14.8314931128,-4.71233648902
2.81875,1.58498690638,0.336733137706,0.495294502533,0.0424370705252,-0.131010522286,1.67181870404,3.10023046268,14.887799161,-4.77826730739
2.82,1.58504237488,0.336581006197,0.497380542794,0.0463365542211,-0.112366456142,1.66580481712,3.13868204462,14.9412850642,-4.84369906279
2.82125,1.58510274777,0.336452221566,0.499459014575,0.0502837756368,-0.093657309625,1.65970945638,3.17660230839,14.9919049608,-4.90861929646
2.8225,1.58516808432,0.336346862923,0.501529816435,0.054278059992,-0.0748866937397,1.65353326887,3.21397410025,15.0396135215,-4.97301605554
2.82375,1.58523844292,0.336265004831,0.503592847748,0.0583187108874,-0.0560582758213,1.64727691624,3.25077997672,15.0843659473,-5.03687791488
2.825,1.58531388109,0.336206717233,0.505648008725,0.0624050099339,-0.0371757788715,1.64094107409,3.28700219079,15.126117965,-5.1001939962
2.82625,1.58539445544,0.336172065384,0.507695200433,0.0665362163644,-0.0182429809089,1.63452643125,3.32262267807,15.1648258197,-5.16295399
2.8275,1.58548022164,0.336161109781,0.509734324804,0.070711566629,0.000736285677675,1.62803368911,3.35762304185,15.2004462715,-5.22514817653
2.82875,1.58557123436,0.336173906098,0.511765284656,0.074930273969,0.0197581347699,1.62146356081,3.3919845388,15.2329365875,-5.2867674452
2.83,1.58566754732,0.336210505118,0.513787983706,0.079191527976,0.0388186271464,1.6148167705,3.42568806518,15.262254535,-5.34780331353
2.83125,1.58576921318,0.336270952666,0.515802326582,0.083494494132,0.0579137711074,1.60809405253,3.45871414156,15.2883583752,-5.40824794754
2.8325,1.58587628356,0.336355289546,0.517808218837,0.0878383133299,0.0770395230843,1.60129615063,3.49104289867,15.3112068534,-5.46809418108
2.83375,1.58598880896,0.336463551474,0.519805566958,0.0922221013786,0.0961917882408,1.59442381708,3.52265406273,15.3307591919,-5.52733553297
2.835,1.58610683881,0.336595769016,0.52179427838,0.0966449484868,0.115366421064,1.5874778118,3.5535269406,15.3469750804,-5.58596622593
2.83625,1.58623042134,0.336751967527,0.523774261488,0.10110591873,0.134559225942,1.58045890151,3.58364040521,15.3598146657,-5.64398120472
2.8375,1.58635960361,0.336932167081,0.525745425633,0.1056040495,0.153765957728,1.57336785879,3.61297288109,15.3692385427,-5.70137615244
2.83875,1.58649443146,0.337136382421,0.527707681135,0.110138350933,0.172982322298,1.56620546113,3.64150232963,15.3752077426,-5.75814750778
2.84,1.58663494948,0.337364622887,0.529660939286,0.114707805324,0.192203977085,1.55897249002,3.66920623342,15.3776837217,-5.81429248148
2.84125,1.58678120097,0.337616892364,0.53160511236,0.119311366516,0.211426531603,1.55166972993,3.69606158306,15.3766283499,-5.86980907194
2.8425,1.5869332279,0.337893189216,0.533540113611,0.123947959282,0.23064554796,1.54429796734,3.72204486225,15.3720038986,-5.92469608033
2.84375,1.58709107087,0.338193506233,0.535465857278,0.128616478672,0.249856541349,1.53685798972,3.74713203141,15.3637730267,-5.97895312563
2.845,1.5872547691,0.338517830569,0.537382258585,0.13331578936,0.269054980526,1.52935058452,3.77129851495,15.3518987676,-6.03258065901
2.84625,1.58742436034,0.338866143685,0.53928923374,0.138044724959,0.288236288268,1.52177653808,3.79451918689,15.3363445159,-6.08557997687
2.8475,1.58759988091,0.33923842129,0.541186699931,0.142802087327,0.307395841816,1.51413663458,3.81676835459,15.3170740122,-6.13795323463
2.84875,1.58778136556,0.339634633289,0.543074575326,0.147586645846,0.326528973299,1.50643165499,3.83801974576,15.2940513277,-6.18970345934
2.85,1.58796884752,0.340054743723,0.544952779068,0.152397136692,0.345630970135,1.49866237593,3.85824649466,15.2672408497,-6.24083456061
2.85125,1.5881623584,0.340498710715,0.546821231266,0.157232262083,0.364697075423,1.49082956859,3.87742112612,15.2366072648,-6.29135134285
2.8525,1.58836192818,0.340966486412,0.548679852989,0.162090689507,0.383722488297,1.48293399758,3.89551554249,15.2021155424,-6.34125951616
2.85375,1.58856758513,0.341458016935,0.55052856626,0.166971050939,0.402702364279,1.4749764198,3.91250101075,15.163730918,-6.39056570566
2.855,1.58877935581,0.341973242323,0.552367294039,0.171871942034,0.421631815592,1.46695758331,3.92834814757,15.1214188758,-6.43927746144
2.85625,1.58899726498,0.342512096474,0.554195960218,0.176791921308,0.440505911468,1.45887822615,3.94302690488,15.0751451303,-6.48740326708
2.8575,1.58922133561,0.343074507101,0.556014489604,0.181729509296,0.459319678418,1.45073907514,3.95650655864,15.0248756081,-6.53495254788
2.85875,1.58945158876,0.34366039567,0.557822807906,0.186683187704,0.478068100488,1.44254084478,3.96875569454,14.9705764294,-6.58193567855
2.86,1.58968804358,0.344269677352,0.559620841716,0.191651398532,0.496746119491,1.43428423595,3.9797421945,14.9122138886,-6.62836398919
2.86125,1.58993071725,0.344902260969,0.561408518496,0.196632543191,0.51534863521,1.4259699348,3.98943322507,14.8497544345,-6.67424977215
2.8625,1.59017962494,0.345558048941,0.563185766553,0.201624981595,0.533870505578,1.41759861152,3.99779522422,14.7831646495,-6.71960628698
2.86375,1.59043477971,0.346236937233,0.564952515025,0.206627031251,0.552306546834,1.40917091909,4.00479388959,14.7124112308,-6.7644477646
2.865,1.59069619251,0.346938815308,0.566708693851,0.211636966319,0.570651533655,1.40068749211,4.01039416643,14.6374609688,-6.80878941199
2.86625,1.59096387212,0.347663566067,0.568454233755,0.216653016667,0.588900199256,1.39214894556,4.01456023615,14.5582807253,-6.85264741445
2.8675,1.59123782506,0.348411065806,0.570189066215,0.221673366909,0.607047235468,1.38355587357,4.017255505,14.4748374128,-6.89603893776
2.86875,1.59151805554,0.349181184156,0.571913123439,0.22669615543,0.625087292788,1.37490884821,4.01844259336,14.3870979725,-6.93898213032
2.87,1.59180456544,0.349973784038,0.573626338335,0.231719473393,0.643014980399,1.36620841824,4.01808332576,14.2950293521,-6.98149612361
2.87125,1.59209735422,0.350788721607,0.575328644484,0.236741363744,0.660824866168,1.3574551079,4.01613872018,14.1985984832,-7.02360103224
2.8725,1.59239641885,0.351625846203,0.577019976105,0.241759820193,0.678511476607,1.34864941566,4.01256897876,14.097772259,-7.06531795224
2.87375,1.59270175377,0.352485000298,0.578700268024,0.246772786191,0.696069296816,1.33979181302,4.0073334796,13.9925175117,-7.10666895947
2.875,1.59301335082,0.353366019445,0.580369455638,0.251778153892,0.713492770386,1.33088274326,4.00039076694,13.8828009881,-7.14767710763
2.87625,1.59333119916,0.354268732224,0.582027474882,0.256773763108,0.730776299286,1.32192262025,3.99169854368,13.7685893276,-7.18836642402
2.8775,1.59365528523,0.355192960193,0.583674262188,0.261757400251,0.747914243705,1.3129118272,3.98121366484,13.6498490384,-7.22876190544
2.87875,1.59398559266,0.356138517834,0.58530975445,0.26672679727,0.764900921882,1.30385071549,3.96889212957,13.5265464734,-7.26888951245
2.88,1.59432210222,0.357105212498,0.586933888977,0.271679630575,0.781730609889,1.29473960342,3.95468907554,13.3986478067,-7.30877616352
2.88125,1.59466479174,0.358092844358,0.588546603458,0.276613519959,0.798397541398,1.28557877508,3.93855877373,13.2661190098,-7.34844972801
2.8825,1.59501363602,0.359101206352,0.590147835915,0.28152602751,0.814895907413,1.2763684791,3.92045462372,13.1289258277,-7.38793901677
2.88375,1.5953686068,0.360130084127,0.591737524656,0.286414656519,0.831219855968,1.26710892754,3.90032914961,12.9870337548,-7.42727377411
2.885,1.59572967266,0.361179255991,0.593315608234,0.291276850384,0.8473634918,1.25780029467,3.87813399616,12.8404080107,-7.46648466821
2.88625,1.59609679893,0.362248492856,0.594882025393,0.296109991509,0.863320875994,1.24844271587,3.85381992792,12.6890135171,-7.50560327855
2.8875,1.59646994764,0.363337558181,0.596436715023,0.300911400204,0.879086025593,1.23903628647,3.82733682736,12.5328148724,-7.54466208441
2.88875,1.59684907743,0.36444620792,0.597979616109,0.305678333577,0.894652913175,1.22958106066,3.79863369453,12.3717763289,-7.58369445189
2.89,1.59723414347,0.365574190464,0.599510667675,0.31040798444,0.910015466415,1.22007705034,3.76765864703,12.2058617692,-7.62273461914
2.89125,1.59762509739,0.366721246586,0.601029808735,0.315097480195,0.925167567598,1.21052422411,3.7343589222,12.0350346813,-7.66181768171
2.8925,1.59802188717,0.367887109383,0.602536978235,0.319743881745,0.940103053118,1.20092250614,3.69868088078,11.8592581368,-7.70097957551
2.89375,1.5984244571,0.369071504219,0.604032115,0.324344182397,0.95481571294,1.19127177517,3.66057000956,11.6784947663,-7.7402570594
2.895,1.59883274763,0.370274148666,0.605515157673,0.328895306769,0.969299290034,1.18157186349,3.61997092737,11.4927067369,-7.77968769644
2.89625,1.59924669536,0.371494752444,0.606986044659,0.333394109715,0.983547479783,1.17182255593,3.57682739118,11.3018557301,-7.81930983421
2.8975,1.59966623291,0.372733017365,0.608444714063,0.337837375247,0.997553929359,1.1620235889,3.53108230461,11.1059029181,-7.85916258361
2.89875,1.6000912888,0.373988637268,0.609891103631,0.342221815477,1.01131223708,1.15217464947,3.48267772706,10.9048089428,-7.89928579604
2.9,1.60052178744,0.375261297958,0.611325150687,0.346544069565,1.02481595172,1.14227537441,3.43155488413,10.6985338944,-7.93972004058
2.90125,1.60095764898,0.376550677147,0.612746792067,0.350800702687,1.03805857181,1.13232534937,3.37765418112,10.4870372886,-7.98050657925
2.9025,1.6013987892,0.377856444387,0.61415596406,0.354988205018,1.05103354494,1.12232410797,3.32091521618,10.2702780472,-8.02168734047
2.90375,1.60184511949,0.379178261009,0.615552602337,0.359102990728,1.06373426693,1.11227113102,3.26127679637,10.0482144788,-8.06330489092
2.905,1.60229654668,0.380515780055,0.616936641888,0.363141397009,1.07615408113,1.10216584574,3.19867695648,9.82080425712,-8.10540240821
2.90625,1.60275297298,0.381868646212,0.618308016951,0.367099683119,1.08828627757,1.092007625,3.13305297709,9.58800440259,-8.14802365022
2.9075,1.60321429589,0.383236495749,0.61966666095,0.370974029451,1.10012409214,1.08179578661,3.06434140721,9.34977126537,-8.19121292307
2.90875,1.60368040805,0.384618956443,0.621012506418,0.374760536637,1.11166070574,1.07152959269,2.99247808866,9.10606050638,-8.23501504847
2.91,1.60415119723,0.386015647513,0.622345484932,0.378455224673,1.12288924341,1.06120824899,2.9173981809,8.85682708087,-8.27947532879
2.91125,1.60462654612,0.387426179551,0.62366552704,0.382054032089,1.13380277344,1.05083090437,2.83903618961,8.60202522267,-8.32463951193
2.9125,1.60510633231,0.388850154447,0.624972562193,0.385552815147,1.14439430646,1.04039665021,2.75732599835,8.34160842868,-8.37055375342
2.91375,1.60559042815,0.390287165317,0.626266518666,0.388947347085,1.15465679451,1.02990451998,2.672200901,8.07552944443,-8.41726457701
2.915,1.60607870067,0.391736796433,0.627547323493,0.392233317399,1.16458313008,1.01935348877,2.58359363788,7.80374025155,-8.4648188342
2.91625,1.60657101145,0.393198623142,0.628814902388,0.39540633118,1.17416614514,1.0087424729,2.49143643514,7.52619205495,-8.51326366205
2.9175,1.6070672165,0.394672211796,0.630069179675,0.398461908487,1.18339861021,0.998070329614,2.39566104528,7.24283527155,-8.56264643916
2.91875,1.60756716622,0.396157119668,0.631310078212,0.401395483793,1.19227323332,0.9873358568,2.29619879392,6.95361952452,-8.61301473919
2.92,1.60807070521,0.397652894879,0.632537519317,0.404202405472,1.20078265902,0.976537792766,2.19298172246,6.65849627158,-8.66441556233
2.92125,1.60857767223,0.399159076315,0.633751422694,0.406877938099,1.208919474,0.965674817894,2.08595396894,6.35744595177,-8.71688784213
2.9225,1.60908790006,0.400675193564,0.634951706362,0.409417290394,1.2166762739,0.95474557316,1.97509389604,6.05053027483,-8.77044791476
2.92375,1.60960121546,0.402200767,0.636138286627,0.411815672839,1.22404579969,0.943748698107,1.86041850352,5.73790089919,-8.82508666312
2.925,1.61011743924,0.403735308063,0.637311078107,0.414068336653,1.23102102615,0.932682856502,1.74196355983,5.41974983731,-8.88078261186
2.92625,1.6106363863,0.405278319566,0.638469993768,0.416170581739,1.23759517428,0.921546741577,1.61976893914,5.09627339725,-8.93751155668
2.9275,1.61115786569,0.406829295999,0.639614944961,0.418117759001,1.24376170964,0.910339077611,1.49387639499,4.76766658775,-8.99524799307
2.92875,1.6116816807,0.40838772384,0.640745841462,0.419905272726,1.24951434075,0.899058621595,1.36432962272,4.43412309631,-9.05396504016
2.93,1.61220762888,0.409953081851,0.641862591515,0.421528583058,1.25484701739,0.88770416501,1.23117434055,4.09583531751,-9.11363435712
2.93125,1.61273550215,0.411524841383,0.642965101874,0.422983208578,1.25975392904,0.876274535702,1.09445836938,3.75299438354,-9.17422605974
2.9325,1.6132650869,0.413102466673,0.644053277854,0.424264728981,1.26422950334,0.864768599861,0.954231713968,3.4057901987,-9.23570863863
2.93375,1.61379616398,0.414685415142,0.645127023374,0.425368787862,1.26826840454,0.853185264105,0.810546640105,3.05441147462,-9.29804888494
2.935,1.61432850887,0.416273137685,0.646186241014,0.426291095582,1.27186553203,0.841523477649,0.663457750943,2.69904576821,-9.36121181501
2.93625,1.61486189172,0.417865078972,0.647230832068,0.42702743224,1.27501601896,0.829782234568,0.513022064843,2.33987952309,-9.42516059861
2.9375,1.61539607745,0.419460677732,0.648260696601,0.427573650744,1.27771523084,0.817960576152,0.359299088223,1.97709811097,-9.48985649329
2.93875,1.61593082584,0.421059367049,0.649275733509,0.42792567996,1.27995876424,0.806057593335,0.202350887093,1.61088587639,-9.55525877866
2.94,1.61646589165,0.422660574643,0.650275840584,0.428079527961,1.28174244553,0.794072429205,0.0422421580879,1.24142618329,-9.62132469492
2.94125,1.61700102466,0.424263723163,0.651260914582,0.428031285356,1.2830623297,0.782004281597,-0.120959703554,0.868901461956,-9.6880093867
2.9425,1.61753596986,0.425868230467,0.652230851288,0.427777128703,1.28391469918,0.769852405739,-0.287184538001,0.493493258784,-9.75526584818
2.94375,1.61807046748,0.42747350991,0.653185545596,0.427313324011,1.28429606284,0.757616116977,-0.456359358486,0.115382287368,-9.82304487202
2.945,1.61860425317,0.429078970624,0.654124891581,0.426636230306,1.2842031549,0.745294793559,-0.628408291004,-0.265251520818,-9.89129500395
2.94625,1.61913705806,0.430684017798,0.65504878258,0.425742303283,1.28363293404,0.732887879467,-0.803252515015,-0.648228962927,-9.95996249851
2.9475,1.61966860893,0.432288052959,0.655957111279,0.424628099019,1.2825825825,0.720394887312,-0.980810211331,-1.03337151027,-10.0289912796
2.94875,1.62019862831,0.433890474254,0.656849769798,0.423290277755,1.28104950526,0.707815401268,-1.16099651104,-1.42050125486,-10.098322906
2.95,1.62072683462,0.435490676722,0.657726649782,0.421725607741,1.27903132936,0.695149080047,-1.34372344633,-1.80944085404,-10.1678965385
2.95125,1.62125294233,0.437088052577,0.658587642498,0.419930969139,1.27652590313,0.682395659922,-1.52889990818,-2.2000134749,-10.2376489121
2.9525,1.62177666205,0.43868199148,0.659432638932,0.417903357971,1.27353129567,0.669554957767,-1.71643160793,-2.59204273873,-10.3075143136
2.95375,1.62229770072,0.440271880817,0.660261529893,0.415639890119,1.27004579628,0.656626874138,-1.90622103955,-2.98535266533,-10.3774245601
2.955,1.62281576177,0.441857105971,0.661074206118,0.413137805372,1.26606791401,0.643611396367,-2.09816744978,-3.37976761714,-10.4473089841
2.95625,1.62333054524,0.443437050602,0.661870558384,0.410394471495,1.26159637724,0.630508601678,-2.29216681378,-3.77511224413,-10.5170944209
2.9575,1.62384174795,0.445011096914,0.662650477622,0.407407388337,1.2566301334,0.617318660315,-2.48811181091,-4.17121142949,-10.5867052018
2.95875,1.62434906371,0.446578625935,0.663413855034,0.404174191967,1.25116834867,0.604041838673,-2.68589181042,-4.56789023531,-10.6560631509
2.96,1.62485218343,0.448139017786,0.664160582218,0.400692658811,1.24521040781,0.590678502437,-2.88539286057,-4.96497384823,-10.7250875843
2.96125,1.62535079535,0.449691651955,0.664890551291,0.396960709816,1.23875591405,0.577229119713,-3.08649768294,-5.36228752796,-10.7936953155
2.9625,1.6258445852,0.451235907571,0.665603655018,0.392976414604,1.23180468899,0.563694264149,-3.28908567362,-5.75965655643,-10.8618006649
2.96375,1.62633323639,0.452771163677,0.666299786951,0.388737995632,1.22435677265,0.55007461805,-3.49303290918,-6.1569061872,-10.9293154718
2.965,1.62681643019,0.454296799502,0.666978841563,0.384243832331,1.21641242352,0.536370975469,-3.69821216063,-6.55386159743,-10.9961491125
2.96625,1.62729384597,0.455812194736,0.66764071439,0.37949246523,1.20797211866,0.522584245269,-3.90449291194,-6.95034784093,-11.0622085216
2.9675,1.62776516136,0.457316729799,0.668285302176,0.374482600051,1.19903655392,0.508715454165,-4.11174138662,-7.3461898034,-11.1273982166
2.96875,1.62823005247,0.458809786121,0.668912503025,0.369213111764,1.18960664415,0.494765749728,-4.3198205808,-7.74121215926,-11.1916203292
2.97,1.62868819414,0.460290746409,0.66952221655,0.363683048599,1.17968352352,0.480736403342,-4.5285903022,-8.13523933097,-11.2547746382
2.97125,1.62913926009,0.461758994929,0.670114344033,0.357891636008,1.16926854582,0.466628813132,-4.7379072179,-8.52809545038,-11.3167586074
2.9725,1.62958292323,0.463213917774,0.670688788583,0.351838280554,1.15836328489,0.452444506824,-4.94762490966,-8.91960432199,-11.3774674284
2.97375,1.63001885579,0.464654903142,0.6712454553,0.345522573734,1.14696953502,0.438185144561,-5.15759393561,-9.30958938984,-11.4367940662
2.975,1.63044672966,0.466081341612,0.671784251445,0.338944295715,1.13508931142,0.423852521658,-5.36766189875,-9.69787370543,-11.494629309
2.97625,1.63086621653,0.46749262642,0.672305086605,0.332103418987,1.12272485076,0.409448571289,-5.57767352598,-10.0842798998,-11.550861823
2.9775,1.63127698821,0.468888153738,0.672807872873,0.325000111901,1.10987861167,0.394975367101,-5.78747075383,-10.4686301586,-11.6053782104
2.97875,1.63167871681,0.470267322949,0.673292525022,0.317634742103,1.09655327536,0.380435125763,-5.99689282026,-10.8507461972,-11.6580630704
2.98,1.63207107506,0.471629536927,0.673758960687,0.31000787985,1.08275174618,0.365830209425,-6.20577636737,-11.2304492428,-11.7087990657
2.98125,1.63245373651,0.472974202315,0.674207100546,0.302120301184,1.06847715225,0.351163128099,-6.41395555158,-11.6075600175,-11.7574669916
2.9825,1.63282637582,0.474300729808,0.674636868507,0.293972990971,1.05373284613,0.336436541946,-6.62126215989,-11.9818987236,-11.803945849
2.98375,1.63318866899,0.47560853443,0.675048191901,0.285567145785,1.03852240544,0.321653263476,-6.82752573621,-12.3532850342,-11.8481129201
2.985,1.63354029368,0.476897035821,0.675441001666,0.27690417663,1.02284963355,0.306816259646,-7.03257371579,-12.7215380856,-11.8898438496
2.98625,1.63388092943,0.478165658514,0.67581523255,0.267985711495,1.00671856023,0.291928653852,-7.23623156682,-13.0864764732,-11.9290127279
2.9875,1.63421025796,0.479413832222,0.676170823301,0.258813597713,0.990133442365,0.276993727826,-7.43832294029,-13.4479182508,-11.9654921765
2.98875,1.63452796343,0.48064099212,0.676507716869,0.249389904144,0.973098764603,0.262014923411,-7.6386698272,-13.805680933,-11.9991534384
2.99,1.63483373272,0.481846579133,0.676825860609,0.239716923145,0.955619240033,0.24699584423,-7.83709272459,-14.1595815012,-12.0298664709
2.99125,1.63512725573,0.48303004022,0.67712520648,0.229797172333,0.93769981085,0.231940257233,-8.03341080873,-14.5094364119,-12.0575000413
2.9925,1.63540822565,0.48419082866,0.677405711252,0.219633396124,0.919345649003,0.216852094127,-8.22744211368,-14.8550616084,-12.0819218242
2.99375,1.63567633922,0.485328404343,0.677667336715,0.209228567049,0.900562156829,0.201735452673,-8.4190037197,-15.1962725366,-12.1029985029
2.995,1.63593129707,0.486442234052,0.677910049884,0.198585886824,0.881354967661,0.186594597869,-8.60791194805,-15.5328841632,-12.1205958733
2.99625,1.63617280394,0.487531791762,0.67813382321,0.187708787179,0.861729946421,0.17143396299,-8.79398255966,-15.8647109958,-12.134578949
2.9975,1.63640056904,0.488596558918,0.678338634791,0.176600930425,0.841693190172,0.156258150497,-8.97703096207,-16.1915671066,-12.144812068
2.99875,1.63661430627,0.489636024737,0.678524468586,0.165266209773,0.821251028654,0.14107193282,-9.1568724225,-16.5132661593,-12.1511590038
3,1.63681373456,0.49064968649,0.678691314624,0.153708749369,0.800410024774,0.125880252987,-9.33332228497,-16.829621438,-12.1534830763
3.00125,1.63699857814,0.491637049799,0.678839169219,0.141932904061,0.779176975059,0.110688225129,-9.50619619343,-17.1404458786,-12.1516472647
3.0025,1.63716856682,0.492597628928,0.678968035186,0.129943258885,0.757558910077,0.0955011348256,-9.67531031824,-17.4455521018,-12.1455143225
3.00375,1.63732343629,0.493530947074,0.679077922056,0.117744628265,0.735563094805,0.0803244393227,-9.84048158643,-17.7447524487,-12.1349468917
3.005,1.63746292839,0.494436536665,0.679168846285,0.105342054919,0.713197028955,0.0651637675963,-10.001527917,-18.0378590194,-12.1198076213
3.00625,1.63758679143,0.495313939647,0.679240831475,0.0927408084727,0.690468447256,0.0500249202694,-10.1582684582,-18.3246837108,-12.0999592845
3.0075,1.63769478041,0.496162707783,0.679293908585,0.0799463837736,0.667385319678,0.0349138693852,-10.3105238259,-18.6050382569,-12.0752648953
3.00875,1.63778665738,0.496982402946,0.679328116148,0.066964498908,0.643955851614,0.0198367580312,-10.4581163446,-18.8787342717,-12.0455878294
3.01,1.63786219166,0.497772597412,0.67934350048,0.0538010929122,0.620188483999,0.00479989981181,-10.6008702901,-19.1455832908,-12.010791942
3.01125,1.63792116012,0.498532874156,0.679340115898,0.0404623231826,0.596091893387,-0.0101902218237,-10.738612131,-19.4053968151,-11.9707416861
3.0125,1.63796334747,0.499262827145,0.679318024926,0.0269545625846,0.571674991961,-0.0251269544033,-10.8711707708,-19.6579863537,-11.9253022328
3.01375,1.63798854652,0.499962061636,0.679277298512,0.0132843962556,0.546946927503,-0.0400034774057,-10.9983777881,-19.9031634683,-11.8743395888
3.015,1.63799655846,0.500630194464,0.679218016232,-0.000541381885682,0.521917083291,-0.0548128033753,-11.1200676751,-20.140739817,-11.8177207139
3.01625,1.63798719307,0.501266854344,0.679140266503,-0.0145157729322,0.49659507796,-0.0695477791904,-11.2360780755,-20.3705271968,-11.7553136395
3.0175,1.63796026903,0.501871682159,0.679044146784,-0.0286315770745,0.470990765299,-0.084201087474,-11.3462500159,-20.5923375856,-11.6869875829
3.01875,1.63791561413,0.502444331257,0.678929763785,-0.042881397972,0.445114233996,-0.0987652481477,-11.4504281345,-20.8059831841,-11.6126130637
3.02,1.63785306553,0.502984467744,0.678797233664,-0.0572576474108,0.418975807339,-0.113232620133,-11.5484609062,-21.0112764555,-11.5320620167
3.02125,1.63777247001,0.503491770776,0.678646682234,-0.0717525502375,0.392586042857,-0.127595403189,-11.640200861,-21.2080301636,-11.4452079042
3.0225,1.63767368416,0.503965932851,0.678478245156,-0.0863581495634,0.365955731929,-0.141845639894,-11.7255047954,-21.3960574083,-11.3519258265
3.02375,1.63755657463,0.504406660105,0.678292068135,-0.101066312226,0.339095899337,-0.155975217756,-11.8042339776,-21.5751716597,-11.2520926298
3.025,1.63742101837,0.5048136726,0.678088307112,-0.115868734507,0.31201780278,-0.169975871468,-11.8762543462,-21.745186789,-11.1455870133
3.02625,1.6372669028,0.505186704612,0.677867128456,-0.130756948092,0.284732932364,-0.183839185289,-11.9414366973,-21.9059170963,-11.0322896327
3.0275,1.637094126,0.50552550493,0.677628709148,-0.145722326251,0.257253010039,-0.19755659555,-11.9996568649,-22.0571773358,-10.9120832022
3.02875,1.63690259698,0.505829837137,0.677373236967,-0.160756090254,0.229589989024,-0.211119393294,-12.0507958909,-22.1987827362,-10.7848525935
3.03,1.63669223578,0.506099479903,0.677100910665,-0.175849315978,0.201756053199,-0.224518727034,-12.094740183,-22.3305490173,-10.6504849328
3.03125,1.63646297369,0.50633422727,0.676811940149,-0.190992940711,0.173763616481,-0.237745605626,-12.1313816641,-22.4522924048,-10.5088696945
3.0325,1.63621475343,0.506533888944,0.676506546651,-0.206177770138,0.145625322187,-0.25079090127,-12.1606179083,-22.563829637,-10.359898791
3.03375,1.63594752927,0.506698290576,0.676184962896,-0.221394485482,0.117354042389,-0.263645352604,-12.182352263,-22.6649779685,-10.203466661
3.035,1.63566126721,0.50682727405,0.67584743327,-0.236633650796,0.0889628772659,-0.276299567922,-12.1964939608,-22.7555551697,-10.0394703547
3.03625,1.63535594514,0.506920697769,0.675494213976,-0.251885720384,0.0604651544644,-0.288744028491,-12.2029582174,-22.8353795198,-9.86780961432
3.0375,1.63503155291,0.506978436936,0.675125573198,-0.267141046339,0.0318744284663,-0.300969091958,-12.2016663148,-22.9042697942,-9.68838695214
3.03875,1.63468809252,0.50700038384,0.674741791247,-0.282389886171,0.00320447997879,-0.312964995871,-12.1925456785,-22.9620452672,-9.50110773863
3.04,1.6343255782,0.506986448136,0.674343160709,-0.297622410535,-0.0255306847017,-0.324721861305,-12.1755325969,-23.0085310288,-9.30588389499
3.04125,1.6339440365,0.506936557129,0.673929986593,-0.312828717663,-0.0543168475932,-0.336229705608,-12.1505945617,-23.0436027178,-9.10266430785
3.0425,1.6335435064,0.506850656017,0.673502586445,-0.32799889694,-0.0831396914961,-0.347478522074,-12.117767549,-23.0672614601,-8.89148572817
3.04375,1.63312403925,0.5067287079,0.673061290288,-0.343123136535,-0.111985001244,-0.358458419929,-12.0771567426,-23.0796358522,-8.67247419403
3.045,1.63268569856,0.506570693514,0.672606440395,-0.358191788796,-0.140838781127,-0.36915970756,-12.0288990802,-23.0809075122,-8.44579457719
3.04625,1.63222855978,0.506376610947,0.672138391019,-0.373195384236,-0.169687270024,-0.379572906372,-11.9731395444,-23.0712641149,-8.2116187114
3.0475,1.6317527101,0.506146475339,0.671657508129,-0.388124637657,-0.198516941414,-0.389688754338,-11.9100278592,-23.0508932927,-7.97012120781
3.04875,1.63125824819,0.505880318593,0.671164169133,-0.402970453884,-0.227314503256,-0.399498209391,-11.8397181898,-23.0199825581,-7.72147935036
3.05,1.63074528397,0.505578189081,0.670658762605,-0.417723933132,-0.256066897809,-0.408992452714,-11.7623688481,-22.9787192511,-7.46587300905
3.05125,1.63021393836,0.505240151349,0.670141688002,-0.432376376004,-0.284761301384,-0.418162891914,-11.6781419928,-22.9272904834,-7.20348454959
3.0525,1.62966434303,0.504866285828,0.669613355376,-0.446919288114,-0.313385124018,-0.427001164088,-11.5872033263,-22.8658830824,-6.93449874398
3.05375,1.62909664014,0.504456688539,0.669074185091,-0.46134438432,-0.341926009089,-0.435499138774,-11.4897217879,-22.7946835318,-6.65910267917
3.055,1.62851098207,0.504011470805,0.668524607529,-0.475643592584,-0.370371832847,-0.443648920786,-11.3858692454,-22.7138779111,-6.37748566433
3.05625,1.62790753115,0.503530758957,0.667965062789,-0.489809057433,-0.398710703867,-0.451442852935,-11.2758201837,-22.6236518331,-6.0898391396
3.0575,1.62728645942,0.503014694045,0.667396000396,-0.503833143043,-0.42693096243,-0.458873518635,-11.1597513954,-22.524190383,-5.79635658321
3.05875,1.6266479483,0.502463431551,0.666817878993,-0.517708435922,-0.455021179825,-0.465933744393,-11.0378416713,-22.4156780551,-5.49723341974
3.06,1.62599218833,0.501877141096,0.666231166035,-0.531427747221,-0.482970157568,-0.472616602184,-10.9102714923,-22.2982986888,-5.19266692868
3.06125,1.62531937893,0.501256006157,0.665636337487,-0.544984114652,-0.510766926547,-0.478915411714,-10.7772227233,-22.1722354072,-4.88285615354
3.0625,1.62462972805,0.500600223779,0.665033877506,-0.558370804029,-0.538400746086,-0.484823742568,-10.6388783128,-22.0376705562,-4.56800181316
3.06375,1.62392345192,0.499910004292,0.664424278131,-0.571581310434,-0.565861102937,-0.490335416247,-10.4954219942,-21.8947856415,-4.24830621319
3.065,1.62320077477,0.499185571022,0.663808038966,-0.584609359015,-0.59313771019,-0.495444508101,-10.347037992,-21.7437612702,-3.92397315882
3.06625,1.62246192852,0.498427160016,0.663185666861,-0.597448905414,-0.620220506113,-0.500145349144,-10.1939107369,-21.5847770941,-3.5952078704
3.0675,1.62170715251,0.497635019757,0.662557675593,-0.610094135857,-0.647099652925,-0.504432527777,-10.0362245838,-21.4180117528,-3.26221690025
3.06875,1.62093669318,0.496809410884,0.661924585541,-0.622539466874,-0.673765535495,-0.508300891395,-9.87416353782,-21.2436428217,-2.92520805146
3.07,1.62015080384,0.495950605918,0.661286923364,-0.634779544702,-0.700208759979,-0.511745547906,-9.70791098957,-21.0618467609,-2.5843902984
3.07125,1.61934974432,0.495058888984,0.660645221671,-0.646809244348,-0.726420152397,-0.514761867141,-9.53764945575,-20.8727988678,-2.23997370999
3.0725,1.61853378073,0.494134555537,0.660000018696,-0.658623668341,-0.752390757148,-0.517345482181,-9.36356033112,-20.6766732335,-1.89216937574
3.07375,1.61770318515,0.493177912091,0.659351857966,-0.670218145176,-0.778111835481,-0.51949229058,-9.18582364802,-20.4736427019,-1.54118933251
3.075,1.61685823537,0.492189275948,0.65870128797,-0.681588227461,-0.803574863903,-0.521198455512,-9.0046178454,-20.2638788331,-1.18724649528
3.07625,1.61599921458,0.491168974931,0.658048861827,-0.692729689789,-0.828771532563,-0.522460406819,-8.82011954868,-20.0475518714,-0.830554590107
3.0775,1.61512641114,0.490117347117,0.657395136953,-0.703638526333,-0.853693743582,-0.523274841987,-8.63250335865,-19.824830717,-0.471328088474
3.07875,1.61424011826,0.489034740572,0.656740674722,-0.714310948186,-0.878333609356,-0.52363872704,-8.44194165202,-19.5958829013,-0.109782144477
3.08,1.61334063377,0.487921513093,0.656086040135,-0.724743380463,-0.902683450835,-0.523549297348,-8.24860439152,-19.3608745688,0.253867464289
3.08125,1.61242825981,0.486778031945,0.655431801479,-0.734932459165,-0.926735795778,-0.523004058379,-8.05265894714,-19.1199704636,0.619404394752
3.0825,1.61150330262,0.485604673604,0.654778529989,-0.744875027831,-0.950483376994,-0.522000786362,-7.85426992907,-18.8733339188,0.986611794656
3.08375,1.61056607224,0.484401823503,0.654126799513,-0.754568133987,-0.973919130575,-0.520537528892,-7.65359903139,-18.6211268543,1.35527235473
3.085,1.60961688229,0.483169875777,0.653477186167,-0.764009025409,-0.99703619413,-0.518612605475,-7.45080488546,-18.3635097773,1.72516836064
3.08625,1.60865604968,0.481909233017,0.652830267999,-0.773195146201,-1.01982790502,-0.516224607991,-7.2460429265,-18.1006417893,2.09608174155
3.0875,1.60768389442,0.480620306015,0.652186624647,-0.782124132725,-1.0422877986,-0.513372401121,-7.03946527128,-17.8326805996,2.46779411686
3.08875,1.60670073935,0.479303513521,0.651546836996,-0.790793809379,-1.06440960652,-0.510055122699,-6.83122060445,-17.5597825414,2.84008684266
3.09,1.6057069099,0.477959281999,0.65091148684,-0.799202184236,-1.08618725496,-0.506272184014,-6.62145407896,-17.2821025968,3.21274105461
3.09125,1.60470273389,0.476588045383,0.650281156536,-0.807347444577,-1.10761486301,-0.502023270062,-6.41030722531,-16.999794426,3.58553771014
3.0925,1.60368854129,0.475190244841,0.649656428665,-0.8152279523,-1.12868674102,-0.497308339739,-6.19791787249,-16.713010401,3.95825762919
3.09375,1.60266466401,0.473766328531,0.649037885687,-0.822842239258,-1.14939738901,-0.492127625989,-5.98442008009,-16.4219016471,4.33068153418
3.095,1.60163143569,0.472316751369,0.6484261096,-0.8301890025,-1.16974149514,-0.486481635903,-5.76994407852,-16.1266180885,4.70259008807
3.09625,1.6005891915,0.470841974793,0.647821681597,-0.837267099454,-1.18971393423,-0.480371150769,-5.55461622248,-15.8273085008,5.07376393209
3.0975,1.59953826794,0.469342466533,0.647225181723,-0.844075543056,-1.20930976639,-0.473797226073,-5.33855895333,-15.5241205662,5.44398372331
3.09875,1.59847900264,0.467818700377,0.646637188532,-0.850613496837,-1.22852423565,-0.466761191461,-5.12189077053,-15.2172009379,5.81303017034
3.1,1.5974117342,0.466271155944,0.646058278745,-0.856880269983,-1.24735276874,-0.459264650647,-4.90472621295,-14.906695307,6.18068406954
3.10125,1.59633680197,0.464700318455,0.645489026906,-0.86287531237,-1.26579097392,-0.451309481287,-4.68717584949,-14.5927484747,6.54672634219
3.1025,1.59525454592,0.463106678509,0.644930005041,-0.868598209606,-1.28383463992,-0.442897834792,-4.46934628126,-14.2755044324,6.91093806925
3.10375,1.59416530644,0.461490731855,0.644381782319,-0.874048678073,-1.301479735,-0.434032136114,-4.25134014808,-13.9551064427,7.27310052816
3.105,1.59306942422,0.459852979172,0.643844924701,-0.879226559976,-1.31872240603,-0.424715083471,-4.03325614557,-13.6316971269,7.6329952303
3.10625,1.59196724004,0.45819392584,0.64331999461,-0.884131818437,-1.33555897781,-0.414949648038,-3.81518905219,-13.3054185586,7.99040395725
3.1075,1.59085909468,0.456514081727,0.642807550581,-0.888764532607,-1.35198595243,-0.404739073578,-3.59722976159,-12.97641236,8.34510879981
3.10875,1.58974532871,0.454813960959,0.642308146926,-0.893124892841,-1.36800000871,-0.394086876038,-3.379465324,-12.6448198014,8.69689219644
3.11,1.58862628244,0.453094081705,0.641822333391,-0.897213195917,-1.38359800193,-0.382996843087,-3.16197899324,-12.3107819059,9.0455369746
3.11125,1.58750229572,0.451354965954,0.641350654818,-0.901029840324,-1.39877696348,-0.371473033602,-2.94485028317,-11.974439559,9.39082639138
3.1125,1.58637370784,0.449597139297,0.640893650807,-0.904575321625,-1.41353410083,-0.359519777109,-2.72815502985,-11.6359336204,9.73254417568
3.11375,1.58524085742,0.447821130702,0.640451855375,-0.907850227899,-1.42786679753,-0.347141673163,-2.51196545801,-11.2954050361,10.0704745753
3.115,1.58410408227,0.446027472303,0.640025796624,-0.91085523527,-1.44177261342,-0.33434359067,-2.29635025707,-10.9529949586,10.4044024013
3.11625,1.58296371933,0.444216699169,0.639615996399,-0.913591103541,-1.45524928493,-0.32113066716,-2.08137466143,-10.6088448689,10.7341130754
3.1175,1.58182010451,0.44238934909,0.639222969956,-0.916058671923,-1.46829472559,-0.307508307982,-1.86710053522,-10.2630966962,11.0593926818
3.11875,1.58067357265,0.440545962355,0.638847225629,-0.918258854879,-1.48090702667,-0.293482185455,-1.65358646318,-9.91589294241,11.3800280184
3.12,1.57952445738,0.438687081524,0.638489264492,-0.920192638081,-1.49308445795,-0.279058237936,-1.44088784623,-9.56737681183,11.6958066511
3.12125,1.57837309106,0.43681325121,0.638149580034,-0.921861074495,-1.5048254687,-0.264242668827,-1.22905700382,-9.21769233837,12.0065169694
3.1225,1.57721980469,0.434925017852,0.63782865782,-0.923265280591,-1.51612868879,-0.249041945513,-1.01814327718,-8.86698451227,12.3119482459
3.12375,1.57606492785,0.433022929488,0.63752697517,-0.924406432688,-1.52699292998,-0.233462798213,-0.808193136572,-8.51539941139,12.6118906973
3.125,1.57490878861,0.431107535527,0.637245000825,-0.925285763432,-1.53741718732,-0.217512218769,-0.59925029791,-8.16308433359,12.906135546
3.12625,1.57375171345,0.42917938652,0.636983194623,-0.925904558433,-1.54740064081,-0.201197459348,-0.391355836882,-7.81018792416,13.1944750869
3.1275,1.57259402721,0.427239033925,0.636742007177,-0.926264153025,-1.55694265713,-0.184526031052,-0.184548306379,-7.45686030543,13.4767027562
3.12875,1.57143605306,0.425287029877,0.636521879546,-0.926365929198,-1.56604279157,-0.167505702457,0.0211361374114,-7.10325320946,13.7526131984
3.13,1.57027811239,0.423323926946,0.63632324292,-0.926211312681,-1.57470079015,-0.150144498056,0.225663609444,-6.74952010598,14.0220023404
3.13125,1.56912052478,0.421350277901,0.6361465183,-0.925801770175,-1.58291659184,-0.132450696606,0.42900237122,-6.39581632697,14.2846674666
3.1325,1.56796360796,0.419366635467,0.635992116179,-0.925138806753,-1.59069033097,-0.114432829389,0.631122698906,-6.04229919304,14.5404072941
3.13375,1.56680767776,0.417373552074,0.635860436227,-0.924223963428,-1.59802233982,-0.0960996783711,0.831996748821,-5.6891281402,14.7890220513
3.135,1.56565304806,0.415371579617,0.635751866983,-0.923058814881,-1.60491315132,-0.0774602742612,1.03159842579,-5.33646483756,15.0303135593
3.13625,1.56450003073,0.413361269196,0.635666785541,-0.921644967363,-1.61136350192,-0.0585238944727,1.22990324699,-4.98447330542,15.2640853128
3.1375,1.56334893564,0.411343170862,0.635605557247,-0.919984056763,-1.61737433459,-0.0393000609791,1.4268882032,-4.63332003361,15.4901425639
3.13875,1.56220007059,0.409317833359,0.635568535389,-0.918077746855,-1.622946802,-0.0197985380629,1.62253162066,-4.28317409168,15.708292408
3.14,1.56105374127,0.407285803857,0.635556060902,-0.915927727712,-1.62808226981,-2.93299591476e-05,1.81681302292,-3.93420723647,15.9183438696
3.14125,1.55991025127,0.405247627685,0.635568462064,-0.913535714298,-1.63278232009,0.0199973216112,2.00971298982,-3.58659401609,16.1201079894
3.1425,1.55876990198,0.403203848057,0.635606054206,-0.910903445237,-1.63704875485,0.0402709400143,2.20121301472,-3.24051187086,16.3133979122
3.14375,1.55763299265,0.401155005798,0.635669139414,-0.908032681761,-1.64088359977,0.0607808163917,2.39129536544,-2.89614122796,16.4980289771
3.145,1.55649982028,0.399101639058,0.635758006247,-0.904925206824,-1.64428910792,0.0815160124569,2.57994294338,-2.55366558848,16.6738188044
3.14625,1.55537067964,0.397044283028,0.635872929445,-0.901582824403,-1.64726776374,0.102465363403,2.76713913995,-2.21327161429,16.8405873858
3.1475,1.55424586322,0.394983469648,0.636014169655,-0.898007358974,-1.64982228696,0.123617480922,2.95286769569,-1.87514920733,16.998157173
3.14875,1.55312566124,0.39291972731,0.636181973147,-0.894200655163,-1.65195563676,0.144960756335,3.13711256103,-1.53949157949,17.1463531655
3.15,1.55201036158,0.390853580556,0.636376571546,-0.890164577571,-1.65367101591,0.166483363835,3.31985775624,-1.20649531973,17.2850029989
3.15125,1.55090024979,0.388785549771,0.636598181557,-0.885901010773,-1.65497187506,0.188173263832,3.50108723051,-0.876360455345,17.4139370299
3.1525,1.54979560905,0.386716150869,0.636847004706,-0.881411859495,-1.65586191705,0.21001820641,3.68078472447,-0.549290505148,17.5329884217
3.15375,1.54869672015,0.384645894978,0.637123227073,-0.876699048962,-1.65634510132,0.232005734887,3.85893363446,-0.225492523509,17.6419932269
3.155,1.54760386143,0.382575288115,0.637427019043,-0.871764525409,-1.65642564836,0.254123189477,4.03551687623,0.0948228601261,17.7407904678
3.15625,1.54651730883,0.380504830857,0.637758535047,-0.866610256771,-1.65610804417,0.276357711056,4.21051685075,0.411441882989,17.8292229505
3.1575,1.54543733579,0.378435018005,0.63811791332,-0.861238233282,-1.65539704365,0.298696246854,4.38391775388,0.724159323875,17.9071553646
3.15875,1.54436421325,0.376366338248,0.638505275664,-0.855650462386,-1.65429764586,0.321125599468,4.55571319035,1.03281613761,17.9745320327
3.16,1.54329820963,0.37429927389,0.638920727319,-0.849848950306,-1.6528150033,0.343632576935,4.72591096227,1.33732497949,18.0314150557
3.16125,1.54223959087,0.37223430074,0.639364357106,-0.843835684981,-1.65095433341,0.366204137107,4.8945268089,1.63764327951,18.077941154
3.1625,1.54118862042,0.370171888057,0.639836237662,-0.837612633284,-1.64872089511,0.38882742982,5.06157659229,1.9337374458,18.1142655021
3.16375,1.54014555929,0.368112498502,0.640336425681,-0.8311817435,-1.6461199898,0.411489800862,5.22707412169,2.22557280447,18.1405459144
3.165,1.53911066606,0.366056588082,0.640864962164,-0.82454494798,-1.64315696309,0.434178794606,5.39103108663,2.51311335916,18.1569423164
3.16625,1.53808419692,0.364004606094,0.641421872667,-0.817704165783,-1.6398372064,0.456882156653,5.55345707085,2.7963218991,18.1636167371
3.1675,1.53706640565,0.361956995066,0.642007167556,-0.810661305302,-1.63616615835,0.479587836449,5.7143595689,3.07516010917,18.1607332989
3.16875,1.53605754366,0.359914190698,0.642620842258,-0.803418266861,-1.63214930613,0.5022839899,5.87374400511,3.3495886782,18.1484582048
3.17,1.53505785998,0.357876621801,0.64326287753,-0.79597694529,-1.62779218665,0.524958981961,6.03161375939,3.6195674116,18.1269597199
3.17125,1.53406760129,0.355844710232,0.643933239713,-0.788339232463,-1.6231003876,0.5476013892,6.18797019511,3.88505534751,18.096408148
3.1725,1.5330870119,0.353818870832,0.644631881003,-0.780507019802,-1.61807954828,0.570200002331,6.3428126899,4.1460108723,18.0569758036
3.17375,1.53211633374,0.351799511361,0.645358739719,-0.772482200738,-1.61273536042,0.592743828709,6.49613867076,4.40239183551,18.008836982
3.175,1.5311558064,0.349787032431,0.646113740575,-0.764266673125,-1.60707356869,0.615222094786,6.64794365048,4.65415566832,17.9521679235
3.17625,1.53020566706,0.347781827439,0.646896794956,-0.755862341612,-1.60109997125,0.637624248518,6.7982212689,4.90125950299,17.8871467715
3.1775,1.52926615054,0.345784282503,0.647707801196,-0.747271119953,-1.59482041994,0.659939961715,6.94696333567,5.14366028951,17.813953529
3.17875,1.52833748926,0.343794776389,0.64854664486,-0.738494933272,-1.58824082052,0.68215913234,7.09415987435,5.38131491307,17.7327700121
3.18,1.52741991321,0.341813680451,0.649413199027,-0.729535720267,-1.58136713265,0.704271886745,7.2397991717,5.61418031424,17.6437797957
3.18125,1.52651364996,0.339841358558,0.650307324577,-0.720395435343,-1.57420536974,0.72626858183,7.38386782677,5.84221360718,17.5471681566
3.1825,1.52561892462,0.337878167027,0.651228870482,-0.7110760507,-1.56676159864,0.748139807137,7.52635080094,6.06537219333,17.4431220157
3.18375,1.52473595983,0.335924454561,0.652177674095,-0.701579558341,-1.55904193925,0.769876386869,7.66723147199,6.28361387771,17.3318298735
3.185,1.52386497573,0.333980562179,0.653153561449,-0.69190797202,-1.55105256394,0.79146938182,7.80649169037,6.49689698656,17.2134817423
3.18625,1.5230061899,0.332046823151,0.65415634755,-0.682063329115,-1.54279969679,0.812910091225,7.94411183442,6.7051804778,17.0882690765
3.1875,1.5221598174,0.330123562937,0.655185836677,-0.672047692434,-1.53428961275,0.834190054512,8.08007086694,6.90842405098,16.9563846994
3.18875,1.52132607067,0.328211099119,0.656241822686,-0.661863151948,-1.52552863666,0.855301052973,8.21434639511,7.10658825949,16.8180227261
3.19,1.52050515952,0.326309741345,0.657324089309,-0.651511826446,-1.5165231421,0.876235111327,8.34691473115,7.29963461738,16.6733784831
3.19125,1.51969729111,0.324419791264,0.658432410464,-0.64099586512,-1.50727955012,0.896984499181,8.47775095153,7.48752570182,16.5226484284
3.1925,1.51890266986,0.32254154247,0.659566550557,-0.630317449067,-1.49780432784,0.917541732398,8.60682895882,7.67022525628,16.3660300675
3.19375,1.51812149748,0.320675280445,0.660726264795,-0.619478792723,-1.48810398698,0.93789957435,8.73412154519,7.84769829188,16.2037218646
3.195,1.51735397288,0.318821282503,0.661911299493,-0.608482145204,-1.47818508211,0.958051037059,8.85960045384,8.01991118252,16.0359231548
3.19625,1.51660029212,0.316979817739,0.663121392388,-0.597329791588,-1.46805420902,0.977989382237,8.98323644174,8.18683175634,15.8628340562
3.1975,1.5158606484,0.31515114698,0.664356272949,-0.5860240541,-1.45771800272,0.9977081222,9.10499934439,8.34842938833,15.6846553759
3.19875,1.51513523199,0.313335522733,0.665615662693,-0.574567293227,-1.44718313555,1.01720102068,9.22485813958,8.50467508801,15.5015885175
3.2,1.51442423017,0.311533189141,0.666899275501,-0.562961908751,-1.436456315,1.03646209349,9.34278101031,8.65554157915,15.3138353872
3.20125,1.51372782721,0.309744381945,0.668206817927,-0.551210340701,-1.4255442816,1.05548560914,9.45873540795,8.80100337985,15.1215982996
3.2025,1.51304620432,0.307969328437,0.669537989523,-0.539315070231,-1.41445380655,1.07426608924,9.57268811735,8.94103688054,14.925079882
3.20375,1.51237953954,0.306208247429,0.67089248315,-0.527278620408,-1.4031916894,1.09279830885,9.68460531985,9.0756204145,14.7244829773
3.205,1.51172800776,0.304461349214,0.672269985296,-0.515103556932,-1.39176475552,1.11107729669,9.79445265557,9.20473432323,14.520010549
3.20625,1.51109178065,0.30272883554,0.673670176392,-0.502792488769,-1.38017985359,1.12909833522,9.90219528735,9.32836102113,14.3118655867
3.2075,1.51047102654,0.30101089958,0.675092731134,-0.490348068713,-1.36844385296,1.14685696065,10.007797962,9.44648505652,14.1002510077
3.20875,1.50986591047,0.299307725907,0.676537318794,-0.477772993864,-1.35656364095,1.16434896274,10.1112250726,9.55909316403,13.885369564
3.21,1.50927659406,0.297619490477,0.678003603541,-0.465070006032,-1.34454612005,1.18157038456,10.212440719,9.66617431508,13.6674237479
3.21125,1.50870323546,0.295946360607,0.679491244755,-0.452241892067,-1.33239820516,1.19851752211,10.3114087682,9.767719765,13.4466156976
3.2125,1.50814598933,0.294288494964,0.680999897346,-0.439291484111,-1.32012682064,1.21518692381,10.4080929146,9.86372309462,13.2231471057
3.21375,1.50760500675,0.292646043556,0.682529212065,-0.42622165978,-1.30773889743,1.23157538988,10.5024567375,9.95418024687,12.9972191281
3.215,1.50708043518,0.291019147721,0.68407883582,-0.413035342268,-1.29524137002,1.24767997163,10.5944637585,10.0390895581,12.7690322967
3.21625,1.50657241839,0.289407940131,0.685648411994,-0.399735500384,-1.28264117353,1.26349797062,10.6840774999,10.1184517886,12.5387864291
3.2175,1.50608109643,0.287812544787,0.687237580747,-0.386325148518,-1.26994524055,1.2790269377,10.7712615387,10.192270145,12.3066805431
3.21875,1.50560660552,0.286233077029,0.688845979338,-0.372807346537,-1.25716049817,1.29426467197,10.8559795602,10.2605502984,12.072912777
3.22,1.50514907806,0.284669643542,0.690473242427,-0.359185199617,-1.24429386481,1.30920921964,10.9381954132,10.3233003996,11.8376803053
3.22125,1.50470864252,0.283122342367,0.692119002387,-0.345461858004,-1.23135224717,1.32385887274,11.0178731605,10.3805310912,11.6011792587
3.2225,1.50428542342,0.281591262924,0.693782889609,-0.331640516716,-1.21834253708,1.33821216779,11.0949771294,10.4322555106,11.3636046515
3.22375,1.50387954123,0.280076486025,0.695464532806,-0.317724415181,-1.20527160839,1.35226788437,11.1694719613,10.4784892914,11.1251503071
3.225,1.50349111238,0.278578083903,0.69716355932,-0.303716836813,-1.19214631385,1.36602504356,11.241322659,10.5192505631,10.8860087854
3.22625,1.50312024914,0.27709612024,0.698879595415,-0.289621108533,-1.17897348198,1.37948290633,11.3104946337,10.5545599428,10.6463713162
3.2275,1.50276705961,0.275630650198,0.700612266586,-0.275440600228,-1.16575991399,1.39264097185,11.3769537488,10.5844405223,10.4064277359
3.22875,1.50243164764,0.274181720455,0.702361197845,-0.261178724161,-1.15251238068,1.40549897567,11.4406663626,10.6089178548,10.1663664246
3.23,1.5021141128,0.272749369246,0.704126014025,-0.246838934322,-1.13923761936,1.41805688791,11.5015993726,10.6280199371,9.92637424656
3.23125,1.5018145503,0.271333626407,0.705906340065,-0.23242472573,-1.12594233084,1.43031491129,11.5597202524,10.6417771835,9.68663649785
3.2325,1.50153305098,0.269934513419,0.707701801303,-0.217939633691,-1.1126331764,1.44227347915,11.6149970911,10.6502223994,9.44733685385
3.23375,1.50126970122,0.268552043466,0.709512023763,-0.203387233002,-1.09931677484,1.45393325342,11.6673986307,10.6533907537,9.20865732005
3.235,1.5010245829,0.267186221482,0.711336634436,-0.188771137114,-1.08599969951,1.46529512245,11.7168943004,10.6513197437,8.97077818636
3.23625,1.50079777338,0.265837044217,0.713175261569,-0.174094997251,-1.07268847548,1.47636019889,11.7634542503,10.6440491569,8.73387798865
3.2375,1.50058934541,0.264504500293,0.715027534934,-0.159362501488,-1.05938957662,1.48712981742,11.8070493823,10.6316210308,8.49813347031
3.23875,1.50039936712,0.263188570275,0.716893086112,-0.144577373795,-1.0461094229,1.49760553256,11.8476513804,10.6140796112,8.26371954447
3.24,1.50022790197,0.261889226736,0.718771548765,-0.129743373037,-1.03285437759,1.50778911629,11.8852327393,10.591471305,8.0308092668
3.24125,1.50007500869,0.260606434331,0.720662558903,-0.114864291947,-1.01963074464,1.51768255573,11.9197667895,10.5638446294,7.79957380842
3.2425,1.49994074124,0.259340149874,0.722565755154,-0.0999439560637,-1.00644476602,1.52728805081,11.9512277231,10.5312501627,7.57018242955
3.24375,1.4998251488,0.258090322416,0.72448077903,-0.0849862226393,-0.993302619231,1.5366080118,11.9795906166,10.4937404897,7.3428024597
3.245,1.49972827569,0.256856893326,0.726407275184,-0.0699949795222,-0.980210414796,1.54564505696,12.0048314509,10.4513701438,7.11759928206
3.24625,1.49965016135,0.255639796379,0.728344891672,-0.0549741440119,-0.967174193872,1.55440201001,12.0269271325,10.4041955479,6.89473632033
3.2475,1.49959084033,0.254438957842,0.730293280209,-0.0399276616909,-0.954199925926,1.56288189776,12.04585551,10.3522749567,6.67437502623
3.24875,1.4995503422,0.253254296564,0.732252096417,-0.0248595052369,-0.94129350648,1.57108794757,12.0615953905,10.2956683937,6.4566748734
3.25,1.49952869156,0.252085724075,0.734221000078,-0.00977367321457,-0.928460754942,1.57902358494,12.0741265539,10.2344375835,6.24179335532
3.25125,1.49952590801,0.250933144677,0.736199655379,0.00532581114783,-0.915707412521,1.58669243096,12.083429766,10.1686458903,6.02988598325
3.2525,1.49954200609,0.249796455544,0.738187731155,0.0204349012004,-0.903039140216,1.5940982999,12.08948679,10.0983582511,5.82110628798
3.25375,1.49957699527,0.248675546826,0.740184901129,0.0355495281228,-0.890461516893,1.60124519668,12.0922803944,10.0236411055,5.61560582637
3.255,1.49963087991,0.247570301752,0.742190844147,0.0506656021863,-0.877980037452,1.60813731446,12.0917943628,9.94456232841,5.41353419137
3.25625,1.49970365927,0.246480596733,0.744205244415,0.0657790140299,-0.865600111072,1.61477903216,12.0880135008,9.861191161,5.21503902007
3.2575,1.49979532745,0.245406301474,0.746227791727,0.0808856359383,-0.85332705955,1.62117491201,12.0809236381,9.77359814017,5.02026600748
3.25875,1.49990587336,0.244347279084,0.748258181695,0.0959813231252,-0.841166115722,1.62732969718,12.0705116351,9.68185502731,4.82935892715
3.26,1.50003528075,0.243303386185,0.75029611597,0.111061915026,-0.829122421982,1.63324830933,12.0567653853,9.58603473954,4.64245964672
3.26125,1.50018352815,0.242274473029,0.752341302468,0.126123236588,-0.817201028873,1.6389358463,12.0396738136,9.48621127844,4.45970814799
3.2625,1.50035058885,0.241260383613,0.754393455586,0.14116109956,-0.805406893785,1.6443975797,12.019226878,9.38245965824,4.2812425542
3.26375,1.5005364309,0.240260955795,0.756452296418,0.156171303783,-0.793744879728,1.64963895268,11.9954155682,9.27485583709,4.10719915494
3.265,1.5007410171,0.239276021413,0.758517552968,0.171149638481,-0.782219754193,1.65466557759,11.9682319024,9.16347664748,3.93771243221
3.26625,1.50096430499,0.238305406409,0.760588960362,0.186091883539,-0.770836188109,1.65948323376,11.9376689237,9.04839972661,3.77291509035
3.2675,1.50120624681,0.237348930943,0.762666261052,0.20099381079,-0.759598754876,1.66409786532,11.9037206965,8.92970344957,3.61293808462
3.26875,1.50146678952,0.236406409522,0.764749205025,0.215851185281,-0.748511929485,1.66851557897,11.8663830111,8.80746733137,3.45790837596
3.27,1.50174587478,0.235477651119,0.76683755,0.230659768318,-0.737580086548,1.67274263626,11.8256601435,8.68177641639,3.3079271052
3.27125,1.50204343894,0.234562459305,0.768931061616,0.245415335639,-0.726807488444,1.67678539674,11.7815771325,8.55272917945,3.16302947383
3.2725,1.50235941312,0.233660632398,0.771029513491,0.260113711149,-0.716198263599,1.68065020994,11.7341808381,8.42043783241,3.02317999046
3.27375,1.50269372322,0.232771963646,0.77313268714,0.274750787735,-0.705756393863,1.68434334671,11.6835275343,8.2850197839,2.88831119487
3.275,1.50304629009,0.231896241414,0.775240371858,0.289322529985,-0.695485714139,1.68787098793,11.6296744351,8.14659190964,2.75835050677
3.27625,1.50341702954,0.231033249361,0.77735236461,0.303824973822,-0.685389914089,1.69123922298,11.5726784517,8.00526970882,2.63322420703
3.2775,1.50380585252,0.230182766628,0.779468469916,0.318254226114,-0.675472539867,1.69445404845,11.5125961745,7.86116728553,2.51285752427
3.27875,1.50421266511,0.229344568011,0.781588499731,0.332606464259,-0.665736995875,1.69752136679,11.4494838629,7.71439733984,2.39717468946
3.28,1.50463736868,0.228518424139,0.783712273333,0.346877935771,-0.656186546518,1.70044698517,11.3833974371,7.56507115894,2.28609899298
3.28125,1.50507985995,0.227704101645,0.785839617194,0.361064957851,-0.646824317978,1.70323661427,11.3143924696,7.41329861096,2.17955284297
3.2825,1.50554003107,0.226901363344,0.787970364868,0.375163916945,-0.63765329999,1.70589586728,11.2425241779,7.25918814229,2.07745781681
3.28375,1.50601776974,0.226109968395,0.790104356862,0.389171268296,-0.628676347622,1.70843025882,11.1678474169,7.10284677687,1.97973471295
3.285,1.50651295925,0.225329672475,0.792241440515,0.403083535487,-0.619896183048,1.71084520406,11.0904166725,6.94438011696,1.88630360617
3.28625,1.50702547858,0.224560227938,0.794381469873,0.416897309977,-0.61131539733,1.71314601783,11.0102860565,6.78389234658,1.79708389771
3.2875,1.50755520252,0.223801383981,0.79652430556,0.430609250629,-0.602936452182,1.7153379138,10.9275093003,6.62148623679,1.71199436213
3.28875,1.50810200171,0.223052886807,0.798669814657,0.444216083228,-0.594761681738,1.71742600374,10.8421397495,6.45726315322,1.63095319685
3.29,1.50866574273,0.222314479777,0.800817870569,0.457714600002,-0.586793294299,1.71941529679,10.7542303611,6.29132306418,1.55387807094
3.29125,1.50924628821,0.221585903571,0.802968352899,0.471101659131,-0.579033374077,1.72131069891,10.6638336983,6.1237645518,1.48068616827
3.2925,1.50984349688,0.220866896342,0.805121147317,0.484374184248,-0.571483882919,1.72311701222,10.5710019262,5.95468482569,1.41129423134
3.29375,1.51045722367,0.220157193864,0.80727614543,0.497529163946,-0.564146662013,1.72483893449,10.4757868111,5.78417973518,1.34561860598
3.295,1.51108731979,0.219456529687,0.809433244653,0.510563651276,-0.557023433581,1.72648105873,10.3782397163,5.61234378481,1.28357528245
3.29625,1.5117336328,0.21876463528,0.811592348076,0.523474763237,-0.550115802551,1.7280478727,10.2784115995,5.4392701524,1.22507993426
3.2975,1.51239600669,0.21808124018,0.813753364335,0.536259680275,-0.5434252582,1.72954375857,10.1763530123,5.26505070727,1.17004795636
3.29875,1.513074282,0.217406072135,0.815916207473,0.548915645768,-0.536953175783,1.73097299259,10.072114098,5.08977602848,1.11839450474
3.3,1.51376829581,0.216738857241,0.818080796816,0.56143996552,-0.530700818129,1.73233974483,9.96574459095,4.91353542565,1.07003453136
3.30125,1.51447788191,0.216079320089,0.820247056835,0.573830007245,-0.524669337219,1.73364807892,9.85729381523,4.73641696161,1.02488281564
3.3025,1.51520287083,0.215427183898,0.822414917013,0.586083200058,-0.518859775725,1.73490195187,9.74681068496,4.55850747489,0.982854000904
3.30375,1.51594308991,0.21478217065,0.824584311715,0.598197033958,-0.513273068531,1.73610521392,9.63434370383,4.3798926028,0.9438626264
3.305,1.51669836341,0.214144001227,0.826755180048,0.610169059317,-0.507910044218,1.73726160843,9.51994096617,4.20065680589,0.90782315408
3.30625,1.51746851256,0.213512395539,0.828927465736,0.621996886373,-0.502771426517,1.7383747718,9.40365015658,4.02088339425,0.874649998673
3.3075,1.51825335563,0.21288707266,0.831101116978,0.633678184709,-0.497857835732,1.73944823343,9.28551855077,3.84065455293,0.844257556764
3.30875,1.51905270802,0.21226775095,0.833276086319,0.64521068275,-0.493169790134,1.7404854157,9.16559301786,3.660051368,0.816560232215
3.31,1.51986638233,0.211654148185,0.835452330517,0.656592167254,-0.488707707312,1.74148963401,9.04392002044,3.47915385512,0.791472458923
3.31125,1.52069418844,0.211045981682,0.837629810404,0.667820482801,-0.484471905497,1.74246409684,8.92054561618,3.2980409867,0.768908724945
3.3125,1.52153593354,0.210442968421,0.839808490759,0.678893531294,-0.480462604846,1.74341190582,8.79551546082,3.11679071977,0.748783596919
3.31375,1.52239142227,0.20984482517,0.841988340169,0.689809271453,-0.476679928697,1.74433605584,8.66887480911,2.93548002527,0.731011738458
3.315,1.52326045672,0.2092512686,0.844169330899,0.700565718317,-0.473123904782,1.74523943517,8.54066851634,2.75418491654,0.715507928066
3.31625,1.52414283656,0.208662015408,0.846351438757,0.711160942744,-0.469794466406,1.74612482566,8.41094104162,2.57298047875,0.702187080265
3.3175,1.52503835908,0.208076782434,0.848534642963,0.721593070921,-0.466691453586,1.74699490287,8.27973645069,2.39194089818,0.69096426314
3.31875,1.52594681924,0.207495286774,0.850718926014,0.731860283871,-0.46381461416,1.74785223631,8.14709841702,2.21113949169,0.681754709922
3.32,1.52686800979,0.206917245898,0.852904273554,0.741960816963,-0.461163604856,1.74869928964,8.01307022448,2.03064873688,0.674473834852
3.32125,1.52780172128,0.206342377762,0.855090674238,0.751892959432,-0.458737992318,1.7495384209,7.87769477174,1.85054030105,0.669037249963
3.3225,1.52874774219,0.205770400917,0.857278119606,0.761655053893,-0.456537254104,1.75037188277,7.74101457341,1.67088507059,0.665360773291
3.32375,1.52970585892,0.205201034626,0.859466603945,0.771245495865,-0.454560779642,1.75120182283,7.60307176242,1.4917531817,0.663360439353
3.325,1.53067585593,0.204633998968,0.861656124163,0.780662733299,-0.452807871149,1.75203028387,7.46390809395,1.31321404943,0.662952511561
3.32625,1.53165751575,0.204069014949,0.863846679655,0.7899052661,-0.451277744518,1.75285920411,7.32356494818,1.13533639588,0.664053490777
3.3275,1.53265061909,0.203505804607,0.866038272173,0.798971645669,-0.44996953016,1.75369041759,7.18208333237,0.958188280009,0.666580120969
3.32875,1.53365494486,0.202944091123,0.868230905699,0.807860474431,-0.448882273818,1.75452565442,7.03950388333,0.781837126704,0.670449395284
3.33,1.53467027028,0.202383598922,0.870424586309,0.816570405378,-0.448014937343,1.75536654108,6.8958668709,0.606349754724,0.675578564642
3.33125,1.53569637088,0.20182405378,0.872619322051,0.825100141608,-0.447366399431,1.75621460083,6.75121220052,0.431792404709,0.681885141421
3.3325,1.53673302063,0.201265182924,0.874815122811,0.833448435879,-0.446935456331,1.75707125394,6.60557941492,0.258230767332,0.689286900092
3.33375,1.53777999197,0.200706715139,0.877012000186,0.841614090146,-0.446720822513,1.75793781808,6.45900769691,0.0857300098345,0.697701881882
3.335,1.53883705586,0.200148380868,0.879209967356,0.849595955121,-0.446721131307,1.75881550864,6.31153587233,-0.0856451968957,0.707048398294
3.33625,1.53990398186,0.199589912311,0.881409038958,0.857392929827,-0.446934935505,1.75970543907,6.16320241138,-0.25583065181,0.717245029364
3.3375,1.54098053818,0.199031043529,0.883609230954,0.86500396115,-0.447360707936,1.76060862121,6.0140454304,-0.424762598067,0.728210622742
3.33875,1.54206649176,0.198471510541,0.885810560511,0.872428043403,-0.447996842,1.76152596563,5.8641026943,-0.592377698183,0.739864294928
3.34,1.54316160829,0.197911051424,0.888013045868,0.879664217885,-0.448841652182,1.76245828195,5.71341161804,-0.758613010601,0.752125429699
3.34125,1.5442656523,0.19734940641,0.890216706216,0.886711572448,-0.449893374527,1.7634062792,5.56200926817,-0.923405963755,0.764913673743
3.3425,1.54537838722,0.196786317987,0.892421561566,0.893569241056,-0.451150167091,1.76437056614,5.40993236355,-1.08669433303,0.7781489335
3.34375,1.54649957541,0.196221530993,0.894627632631,0.900236403357,-0.452610110359,1.76535165154,5.25721727672,-1.2484162207,0.791751372867
3.345,1.54762897823,0.195654792712,0.896834940695,0.906712284248,-0.454271207643,1.76634994457,5.10390003483,-1.40851003251,0.805641406828
3.34625,1.54876635612,0.195085852974,0.899043507492,0.912996153444,-0.456131385441,1.76736575506,4.9500163188,-1.56691445561,0.819739695407
3.3475,1.54991146861,0.194514464248,0.901253355083,0.919087325045,-0.458188493782,1.76839929381,4.79560146537,-1.7235684405,0.833967139147
3.34875,1.55106407443,0.193940381739,0.903464505727,0.924985157107,-0.460440306542,1.7694506729,4.64069046657,-1.87841118092,0.848244872691
3.35,1.5522239315,0.193363363482,0.905676981765,0.930689051211,-0.462884521734,1.77051990599,4.48531796783,-2.03138209359,0.862494255352
3.35125,1.55339079706,0.192783170435,0.907890805492,0.936198452027,-0.465518761776,1.77160690854,4.32951826829,-2.18242080286,0.876636862836
3.3525,1.55456442763,0.192199566577,0.910105999036,0.941512846882,-0.468340573741,1.77271149815,4.17332532138,-2.33146712307,0.890594482212
3.35375,1.55574457917,0.191612319,0.912322584237,0.94663176533,-0.471347429584,1.77383339475,4.0167727308,-2.47846104113,0.904289100822
3.355,1.55693100705,0.191021198003,0.914540582523,0.951554778709,-0.474536726344,1.7749722209,3.8598937495,-2.62334270236,0.917642894433
3.35625,1.55812346612,0.190425977185,0.91676001479,0.956281499704,-0.477905786339,1.77612750198,3.70272127921,-2.76605239627,0.930578220618
3.3575,1.5593217108,0.189826433537,0.918980901278,0.960811581907,-0.481451857335,1.77729866645,3.5452878667,-2.90653054363,0.943017608301
3.35875,1.56052549508,0.189222347541,0.921203261456,0.965144719371,-0.485172112699,1.778485046,3.38762570118,-3.04471768271,0.954883744976
3.36,1.5617345726,0.188613503256,0.923427113893,0.96928064616,-0.489063651541,1.77968587581,3.22976661087,-3.1805544576,0.966099465722
3.36125,1.56294869669,0.187999688412,0.925652476145,0.973219135898,-0.493123498843,1.78090029467,3.071742061,-3.31398160921,0.976587742912
3.3625,1.56416762044,0.187380694508,0.92787936463,0.976960001312,-0.497348605564,1.78212734517,2.91358314839,-3.44493996448,0.986271674515
3.36375,1.56539109669,0.186756316898,0.930107794508,0.980503093769,-0.501735848754,1.78336597385,2.75532059713,-3.57337042679,0.995074470052
3.365,1.56661887817,0.186126354887,0.932337779564,0.983848302805,-0.506282031631,1.78461503134,2.59698475525,-3.69921396899,1.00291943954
3.36625,1.56785071745,0.185490611819,0.934569332087,0.986995555657,-0.510983883676,1.78587327245,2.43860558921,-3.82241162661,1.00972998205
3.3675,1.56908636706,0.184848895177,0.936802462746,0.989944816778,-0.515838060698,1.7871393563,2.28021267785,-3.94290449133,1.01542957048
3.36875,1.57032557949,0.184201016668,0.939037180477,0.992696087351,-0.520841144905,1.78841184638,2.12183520639,-4.06063370562,1.01994173915
3.37,1.57156810728,0.183546792315,0.941273492362,0.995249404794,-0.525989644962,1.78968921065,1.96350196179,-4.17554045889,1.02319007196
3.37125,1.57281370301,0.182886042555,0.943511403504,0.997604842256,-0.531279996052,1.79096982156,1.80524132597,-4.28756598432,1.02509818926
3.3725,1.57406211938,0.182218592325,0.945750916915,0.999762508109,-0.536708559923,1.79225195612,1.64708126699,-4.39665155603,1.02558973301
3.37375,1.57531310928,0.181544271155,0.947992033394,1.00172254542,-0.542271624942,1.79353379589,1.4890493323,-4.50273848778,1.02458835347
3.375,1.57656642575,0.180862913263,0.950234751405,1.00348513144,-0.547965406142,1.794813427,1.33117264395,-4.60576813218,1.02201769898
3.37625,1.5778218221,0.18017435764,0.952479066962,1.00505047703,-0.553786045272,1.79608884014,1.17347788741,-4.7056818813,1.01780139939
3.3775,1.57907905194,0.179478448149,0.954724973506,1.00641882616,-0.559729610845,1.7973579305,1.01599130285,-4.80242116744,1.0118630528
3.37875,1.58033786917,0.178775033613,0.956972461788,1.00759045529,-0.565792098191,1.79861849777,0.858738679608,-4.89592746402,1.00412621564
3.38,1.58159802808,0.178063967904,0.95922151975,1.00856567286,-0.571969429506,1.79986824604,0.701745345305,-4.9861422908,0.994514388049
3.38125,1.58285928335,0.177345110039,0.961472132403,1.00934481865,-0.578257453918,1.80110478374,0.545036155245,-5.07300721629,0.982950999696
3.3825,1.58412139012,0.176618324269,0.963724281709,1.00992826325,-0.584651947546,1.80232562354,0.38863548416,-5.15646385985,0.969359398209
3.38375,1.58538410401,0.17588348017,0.965977946462,1.01031640736,-0.591148613568,1.80352818224,0.2325672182,-5.23645389986,0.953662839265
3.385,1.58664718114,0.175140452735,0.968233102165,1.01050968129,-0.597743082296,1.80470978064,0.0768547390634,-5.31291909223,0.935784482408
3.38625,1.58791037821,0.174389122465,0.970489720914,1.01050854421,-0.604430911298,1.80586764344,-0.0784794591709,-5.38580332333,0.915648967475
3.3875,1.5891734525,0.173629375457,0.972747771274,1.01031348264,-0.611207590604,1.80699890306,-0.233416368428,-5.45506695982,0.893193571528
3.38875,1.59043616192,0.172861103488,0.975007218171,1.00992500329,-0.618068578698,1.80810062737,-0.387944190652,-5.520707874,0.868384692217
3.39,1.59169826501,0.17208420401,0.977268022842,1.00934362217,-0.625009360289,1.80916986479,-0.542057689836,-5.58275900186,0.841216262825
3.39125,1.59295952098,0.171298580087,0.979530142833,1.00856985907,-0.632025476202,1.81020366803,-0.695754019944,-5.64126631043,0.81169289374
3.3925,1.59421968966,0.17050414032,0.981793532012,1.00760423712,-0.639112526065,1.81119909702,-0.849030453992,-5.6962766243,0.779820502157
3.39375,1.59547853157,0.169700798772,0.984058140576,1.00644728293,-0.646266167763,1.81215321928,-1.0018841388,-5.74783632879,0.745605311863
3.395,1.59673580787,0.1688884749,0.98632391506,1.00509952677,-0.653482116887,1.8130631103,-1.15431209365,-5.79599137388,0.70905385744
3.39625,1.59799128038,0.16806709348,0.988590798351,1.0035615027,-0.660756146198,1.81392585393,-1.30631120519,-5.84078728476,0.670172997752
3.3975,1.59924471162,0.167236584535,0.990858729695,1.00183374876,-0.668084085099,1.8147385428,-1.45787822175,-5.88226917156,0.628969928289
3.39875,1.60049586476,0.166396883267,0.993127644708,0.999916807143,-0.675461819127,1.81549827875,-1.60900975047,-5.92048173577,0.585452190808
3.4,1.60174450364,0.165547929987,0.995397475392,0.99781122438,-0.682885289439,1.81620217327,-1.75970225337,-5.95546928008,0.539627685021
3.40125,1.60299039282,0.164689670044,0.997668150142,0.995517551509,-0.690350492327,1.81684734796,-1.90995204139,-5.98727571898,0.491504683782
3.4025,1.60423329752,0.163822053756,0.999939593762,0.993036344277,-0.697853478736,1.81743093498,-2.05975526874,-6.01594458589,0.441091847006
3.40375,1.60547298368,0.162945036347,1.00221172748,0.990368163337,-0.705390353792,1.81795007758,-2.20910792914,-6.04151904127,0.388398233076
3.405,1.60670921793,0.162058577872,1.00448446896,0.987513574454,-0.712957276339,1.81840193057,-2.35800585033,-6.0640418823,0.333433313995
3.40625,1.60794176761,0.161162643156,1.00675773231,0.984473148711,-0.720550458497,1.81878366086,-2.50644468729,-6.08355555162,0.27620699334
3.4075,1.6091704008,0.160257201726,1.00903142811,0.981247462736,-0.728166165218,1.81909244805,-2.65441991687,-6.10010214575,0.216729617819
3.40875,1.61039488627,0.159342227743,1.01130546343,0.977837098919,-0.735800713862,1.81932548491,-2.80192683363,-6.1137234222,0.155011992888
3.41,1.61161499355,0.158417699941,1.01357974182,0.974242645652,-0.743450473774,1.81947997803,-2.94896054202,-6.12446080901,0.0910654029212
3.41125,1.61283049289,0.157483601558,1.01585416337,0.970464697564,-0.751111865884,1.81955314842,-3.09551594942,-6.13235541385,0.0249016249654
3.4125,1.61404115529,0.156539920276,1.01812862469,0.966503855778,-0.758781362308,1.81954223209,-3.24158776293,-6.13744803008,-0.0434670562527
3.41375,1.61524675252,0.155586648153,1.02040301895,0.962360728157,-0.766455485959,1.81944448078,-3.38717048171,-6.13977914563,-0.114027829636
3.415,1.61644705711,0.154623781561,1.02267723589,0.958035929574,-0.774130810172,1.81925716252,-3.53225838926,-6.13938895167,-0.186767338187
3.41625,1.61764184235,0.153651321127,1.02495116186,0.953530082184,-0.781803958339,1.81897756243,-3.67684554826,-6.13631734975,-0.261671664862
3.4175,1.61883088232,0.152669271665,1.0272246798,0.948843815703,-0.789471603547,1.81860298336,-3.82092579516,-6.13060395896,-0.33872631584
3.41875,1.62001395189,0.151677642118,1.02949766932,0.943977767696,-0.797130468236,1.81813074664,-3.96449273235,-6.1222881244,-0.417916199285
3.42,1.62119082674,0.150676445495,1.03177000667,0.938932583872,-0.804777323858,1.81755819286,-4.10753972096,-6.11140892506,-0.499225608587
3.42125,1.62236128335,0.149665698809,1.0340415648,0.933708918393,-0.812408990549,1.81688268262,-4.25005987618,-6.09800517985,-0.582638205606
3.4225,1.62352509903,0.148645423018,1.03631221337,0.928307434182,-0.820022336807,1.81610159735,-4.39204606,-6.0821154553,-0.668137003504
3.42375,1.62468205193,0.147615642967,1.03858181879,0.922728803243,-0.827614279187,1.81521234011,-4.53349087443,-6.06377807333,-0.755704346488
3.425,1.62583192104,0.146576387321,1.04085024422,0.916973706996,-0.835181781991,1.81421233648,-4.67438665514,-6.04303111799,-0.845321891575
3.42625,1.6269744862,0.145527688512,1.04311734963,0.911042836606,-0.842721856982,1.81309903538,-4.81472546576,-6.0199124415,-0.936970593921
3.4275,1.62810952813,0.144469582678,1.04538299181,0.904936893331,-0.850231563095,1.81186990999,-4.95449909126,-5.99445967133,-1.03063068696
3.42875,1.62923682843,0.143402109604,1.04764702441,0.898656588877,-0.85770800616,1.81052245866,-5.09369903007,-5.96671021828,-1.1262816633
3.43,1.6303561696,0.142325312663,1.04990929796,0.892202645756,-0.86514833864,1.80905420584,-5.23231648995,-5.93670128129,-1.2239022599
3.43125,1.63146733505,0.141239238757,1.05216965992,0.885575797653,-0.872549759363,1.80746270301,-5.37034238241,-5.90446985342,-1.32347044093
3.4325,1.6325701091,0.140143938264,1.05442795472,0.8787767898,-0.879909513274,1.80574552973,-5.50776731448,-5.87005273005,-1.42496337864
3.43375,1.63366427702,0.139039464974,1.05668402375,0.871806379366,-0.887224891189,1.80390029457,-5.6445815831,-5.83348651408,-1.52835743661
3.435,1.63474962505,0.137925876036,1.05893770545,0.864665335842,-0.894493229559,1.80192463614,-5.78077517102,-5.79480762085,-1.63362815585
3.43625,1.63582594036,0.1368032319,1.06118883534,0.857354441439,-0.901711910241,1.79981622418,-5.91633774088,-5.75405228509,-1.74075023774
3.4375,1.63689301115,0.135671596261,1.06343724601,0.84987449149,-0.908878360272,1.79757276055,-6.05125862808,-5.71125656734,-1.84969752613
3.43875,1.63795062659,0.134531036,1.06568276724,0.842226294869,-0.915990051659,1.79519198036,-6.18552683659,-5.66645635861,-1.96044299516
3.44,1.63899857689,0.133381621132,1.06792522596,0.834410674399,-0.923044501168,1.79267165306,-6.31913103434,-5.61968738524,-2.07295873442
3.44125,1.64003665328,0.132223424747,1.07016444637,0.826428467283,-0.930039270122,1.79000958353,-6.4520595477,-5.57098521543,-2.18721593258
3.4425,1.64106464806,0.131056522956,1.07240024992,0.81828052553,-0.936971964207,1.78720361323,-6.5843003561,-5.52038526518,-2.3031848644
3.44375,1.64208235459,0.129880994836,1.0746324554,0.809967716393,-0.943840233285,1.78425162137,-6.71584108827,-5.4679228019,-2.42083487951
3.445,1.64308956735,0.128696922373,1.07686087898,0.801490922809,-0.950641771212,1.78115152603,-6.84666901839,-5.4136329495,-2.54013438985
3.44625,1.6440860819,0.127504390408,1.07908533422,0.792851043847,-0.957374315659,1.77790128539,-6.97677106018,-5.35755069489,-2.66105085511
3.4475,1.64507169496,0.126303486584,1.08130563219,0.784048995158,-0.964035647949,1.77449889889,-7.10613376446,-5.29971089204,-2.78355077421
3.44875,1.64604620439,0.125094301288,1.08352158147,0.775085709435,-0.970623592889,1.77094240846,-7.23474331603,-5.24014826563,-2.90759967706
3.45,1.64700940923,0.123876927602,1.08573298821,0.765962136868,-0.977136018613,1.7672298997,-7.36258552847,-5.17889741754,-3.03316211157
3.45125,1.64796110973,0.122651461242,1.08793965622,0.756679245614,-0.983570836433,1.76335950318,-7.48964584132,-5.11599283122,-3.16020163507
3.4525,1.64890110734,0.121418000511,1.09014138697,0.747238022265,-0.989926000691,1.75932939561,-7.61590931879,-5.05146887445,-3.28868081053
3.45375,1.64982920478,0.12017664624,1.0923379797,0.737639472317,-0.996199508619,1.75513780115,-7.74136064683,-4.98535980483,-3.4185611989
3.455,1.65074520602,0.118927501739,1.09452923147,0.727884620648,-1.0023894002,1.75078299261,-7.86598412842,-4.91769977511,-3.54980335053
3.45625,1.65164891634,0.11767067274,1.09671493719,0.717974511996,-1.00849375806,1.74626329277,-7.98976368369,-4.8485228367,-3.68236680254
3.4575,1.6525401423,0.116406267344,1.0988948897,0.707910211439,-1.01451070729,1.74157707561,-8.1126828492,-4.77786294258,-3.81621007696
3.45875,1.65341869186,0.115134395971,1.10106887987,0.697692804873,-1.02043841541,1.73672276758,-8.23472477355,-4.70575395234,-3.95129067679
3.46,1.65428437432,0.113855171305,1.10323669662,0.687323399505,-1.02627509218,1.73169884892,-8.35587221841,-4.63222963767,-4.08756508311
3.46125,1.65513700036,0.112568708241,1.105398127,0.676803124327,-1.03201898951,1.72650385487,-8.47610755777,-4.55732368444,-4.22498875773
3.4625,1.65597638213,0.111275123832,1.10755295626,0.66613313061,-1.03766840139,1.72113637702,-8.59541277609,-4.48106969653,-4.36351614533
3.46375,1.65680233319,0.109974537237,1.10970096794,0.655314592387,-1.04322166375,1.71559506451,-8.71376946934,-4.40350120097,-4.50310067213
3.465,1.65761466861,0.108667069672,1.11184194392,0.644348706937,-1.04867715439,1.70987862534,-8.83115884476,-4.32465165115,-4.64369475069
3.46625,1.65841320496,0.107352844351,1.1139756645,0.633236695275,-1.05403329288,1.70398582763,-8.94756172206,-4.24455443032,-4.78524978803
3.4675,1.65919776035,0.10603198644,1.11610190849,0.621979802632,-1.05928854046,1.69791550087,-9.0629585336,-4.16324285556,-4.92771619004
3.46875,1.65996815446,0.104704623,1.11822045326,0.610579298941,-1.06444140002,1.69166653716,-9.17732932521,-4.080750182,-5.07104336718
3.47,1.66072420859,0.10337088294,1.12033107483,0.599036479319,-1.06949041592,1.68523789245,-9.29065375935,-3.99710960572,-5.21517974714
3.47125,1.66146574566,0.10203089696,1.12243354799,0.587352664543,-1.07443417403,1.67862858779,-9.40291111615,-3.91235426694,-5.36007278561
3.4725,1.66219259026,0.100684797505,1.1245276463,0.575529201529,-1.07927130159,1.67183771049,-9.51408029537,-3.82651725492,-5.50566897518
3.47375,1.66290456867,0.0993327187065,1.12661314226,0.563567463804,-1.08400046717,1.66486441535,-9.6241398192,-3.7396316118,-5.65191386077
3.475,1.66360150891,0.097974796337,1.12868980734,0.551468851981,-1.08862038062,1.65770792584,-9.7330678363,-3.65173033423,-5.7987520569
3.47625,1.6642832408,0.096611167755,1.13075741208,0.539234794213,-1.093129793,1.65036753521,-9.8408421245,-3.56284637782,-5.94612726277
3.4775,1.6649495959,0.0952419718545,1.13281572618,0.526866746669,-1.09752749656,1.64284260768,-9.94744009354,-3.4730126626,-6.09398227855
3.47875,1.66560040766,0.0938673490135,1.1348645186,0.51436619398,-1.10181232466,1.63513257951,-10.0528387909,-3.38226207419,-6.24225902777
3.48,1.66623551139,0.0924874410428,1.13690355763,0.501734649692,-1.10598315175,1.62723696011,-10.1570149061,-3.29062746711,-6.39089858007
3.48125,1.66685474429,0.0911023911342,1.138932611,0.488973656715,-1.11003889333,1.61915533306,-10.259944774,-3.19814167063,-6.53984117123
3.4825,1.66745794553,0.0897123438095,1.14095144596,0.476084787757,-1.11397850592,1.61088735718,-10.3616043812,-3.10483749196,-6.68902622804
3.48375,1.66804495626,0.0883174448694,1.14295982939,0.463069645762,-1.11780098706,1.60243276749,-10.4619693712,-3.01074771841,-6.83839239696
3.485,1.66861561964,0.0869178413419,1.14495752788,0.449929864329,-1.12150537522,1.59379137619,-10.5610150513,-2.91590512069,-6.98787757121
3.48625,1.66916978092,0.0855136814313,1.14694430783,0.436667108133,-1.12509074986,1.58496307357,-10.658716397,-2.82034245885,-7.13741891809
3.4875,1.66970728741,0.0841051144672,1.14891993556,0.423283073336,-1.12855623137,1.5759478289,-10.7550480595,-2.72409248585,-7.28695291148
3.48875,1.6702279886,0.0826922908529,1.1508841774,0.409779487984,-1.13190098107,1.56674569129,-10.849984373,-2.62718794879,-7.43641536599
3.49,1.67073173613,0.0812753620145,1.15283679979,0.396158112404,-1.13512420124,1.55735679048,-10.9434993612,-2.52966159437,-7.58574146955
3.49125,1.67121838388,0.0798544803498,1.15477756938,0.382420739581,-1.13822513506,1.54778133761,-11.0355667452,-2.4315461738,-7.73486581775
3.4925,1.67168778798,0.0784297991769,1.15670625313,0.368569195541,-1.14120306667,1.53801962594,-11.1261599511,-2.33287444498,-7.88372245268
3.49375,1.67213980687,0.0770014726831,1.15862261844,0.354605339704,-1.14405732117,1.52807203148,-11.2152521186,-2.23367917663,-8.03224490383
3.495,1.67257430133,0.075569655874,1.16052643321,0.340531065244,-1.14678726461,1.51793901368,-11.3028161087,-2.133993153,-8.18036622445
3.49625,1.67299113453,0.0741345045216,1.16241746598,0.326348299432,-1.14939230405,1.50762111592,-11.3888245128,-2.03384917838,-8.32801903339
3.4975,1.67339017208,0.0726961751138,1.164295486,0.312059003962,-1.15187188756,1.49711896609,-11.473249662,-1.93328007988,-8.4751355615
3.49875,1.67377128204,0.0712548248027,1.16616026339,0.297665175277,-1.15422550425,1.48643327702,-11.5560636358,-1.8323187116,-8.62164769369
3.5,1.67413433502,0.0698106113532,1.1680115692,0.283168844873,-1.15645268434,1.47556484686,-11.6372382716,-1.73099796093,-8.76748701328
3.50125,1.67447920415,0.0683636930918,1.16984917551,0.268572079598,-1.15855299916,1.46451455948,-11.7167451757,-1.62935075157,-8.91258485153
3.5025,1.67480576522,0.0669142288553,1.17167285559,0.253876981934,-1.16052606122,1.45328338473,-11.7945557312,-1.52741004666,-9.05687233555
3.50375,1.67511389661,0.0654623779388,1.17348238397,0.23908569027,-1.16237152427,1.44187237864,-11.870641109,-1.42520885518,-9.20028043536
3.505,1.67540347944,0.0640083000446,1.17527753654,0.224200379161,-1.16408908336,1.43028268364,-11.9449722795,-1.32278023726,-9.34274001554
3.50625,1.67567439756,0.0625521552304,1.17705809068,0.209223259571,-1.16567847487,1.41851552861,-12.0175200214,-1.22015730611,-9.48418188727
3.5075,1.67592653759,0.0610941038575,1.17882382536,0.194156579108,-1.16713947662,1.40657222892,-12.0882549328,-1.11737323381,-9.62453686022
3.50875,1.67615978901,0.0596343065389,1.18057452125,0.179002622239,-1.16847190795,1.39445418645,-12.1571474433,-1.01446125828,-9.76373579467
3.51,1.67637404415,0.0581729240876,1.18230996083,0.163763710499,-1.16967562977,1.38216288944,-12.2241678233,-0.911454685807,-9.90170965654
3.51125,1.67656919828,0.0567101174644,1.18402992848,0.148442202681,-1.17075054466,1.36969991231,-12.289286196,-0.808386896055,-10.0383895731
3.5125,1.67674514965,0.0552460477259,1.18573421061,0.133040495009,-1.17169659701,1.3570669155,-12.3524725496,-0.705291348773,-10.1737068861
3.51375,1.67690179952,0.0537808759719,1.18742259577,0.117561021307,-1.17251377304,1.3442656451,-12.4136967469,-0.602201588363,-10.3075932083
3.515,1.67703905221,0.0523147632933,1.18909487472,0.102006253142,-1.17320210098,1.33129793248,-12.4729285376,-0.499151248618,-10.4399804809
3.51625,1.67715681515,0.0508478707195,1.1907508406,0.086378699963,-1.17376165116,1.3181656939,-12.5301375705,-0.396174058169,-10.5708010302
3.5175,1.67725499896,0.0493803591654,1.19239028896,0.0706809092161,-1.17419253612,1.30487092991,-12.5852934038,-0.293303846739,-10.6999876233
3.51875,1.67733351742,0.0479123893792,1.19401301792,0.0549154664535,-1.17449491078,1.29141572484,-12.6383655174,-0.19057455096,-10.8274735256
3.52,1.67739228762,0.0464441218885,1.19561882827,0.0390849954226,-1.1746689725,1.27780224609,-12.6893233244,-0.0880202187403,-10.95319256
3.52125,1.67743122991,0.0449757169479,1.19720752354,0.0231921581425,-1.17471496132,1.26403274344,-12.7381361829,0.0143249845039,-11.0770791618
3.5225,1.67745026802,0.0435073344852,1.19877891013,0.00723965496547,-1.17463316004,1.25010954819,-12.7847734072,0.116426768919,-11.1990684362
3.52375,1.67744932905,0.0420391340478,1.20033279741,-0.00876977537541,-1.1744238944,1.23603507235,-12.8292042793,0.21825071471,-11.3190962166
3.525,1.67742834358,0.0405712747492,1.20186899781,-0.0248333557327,-1.17408753325,1.22181180765,-12.8713980605,0.319762267615,-11.4370991204
3.52625,1.67738724566,0.0391039152147,1.20338732693,-0.0409482705268,-1.17362448873,1.20744232455,-12.9113240034,0.420926730981,-11.5530146047
3.5275,1.6773259729,0.0376372135274,1.20488760362,-0.0571116657412,-1.17303521643,1.19292927114,-12.9489513623,0.52170925881,-11.6667810221
3.52875,1.6772444665,0.0361713271736,1.2063696501,-0.0733206489324,-1.17232021558,1.17827537199,-12.9842494046,0.622074852146,-11.7783376759
3.53,1.67714267128,0.0347064129884,1.20783329205,-0.0895722892527,-1.1714800293,1.16348342695,-13.017187422,0.721988351012,-11.8876248748
3.53125,1.67702053577,0.0332426271004,1.20927835867,-0.105863617487,-1.17051524471,1.1485563098,-13.0477347413,0.821414426966,-11.9945839845
3.5325,1.67687801224,0.0317801248766,1.21070468282,-0.122191626106,-1.16942649323,1.13349696698,-13.0758607362,0.920317577986,-12.0991574817
3.53375,1.67671505671,0.0303190608673,1.21211210109,-0.138553269328,-1.16821445076,1.1183084161,-13.1015348359,1.01866212212,-12.2012890055
3.535,1.67653162906,0.0288595887497,1.21350045386,-0.154945463196,-1.16687983792,1.10299374447,-13.1247265365,1.11641218979,-12.3009234057
3.53625,1.67632769305,0.0274018612725,1.21486958545,-0.171365085669,-1.16542342029,1.08755610759,-13.1454054122,1.21353171627,-12.3980067926
3.5375,1.67610321635,0.025946030199,1.21621934413,-0.187808976726,-1.16384600863,1.07199872749,-13.1635411234,1.30998443677,-12.4924865848
3.53875,1.67585817061,0.0244922462509,1.21754958227,-0.204273938478,-1.16214845919,1.05632489112,-13.1791034273,1.40573387901,-12.5843115555
3.54,1.6755925315,0.023040659051,1.21886015636,-0.220756735295,-1.16033167393,1.0405379486,-13.1920621877,1.50074335419,-12.6734318746
3.54125,1.67530627877,0.0215914170661,1.22015092714,-0.237254093947,-1.15839660081,1.02464131144,-13.2023873835,1.59497595249,-12.759799153
3.5425,1.67499939627,0.020144667549,1.22142175964,-0.253762703753,-1.15634423405,1.00863845072,-13.2100491183,1.68839453629,-12.8433664844
3.54375,1.67467187201,0.0187005564809,1.22267252327,-0.270279216743,-1.15417561447,0.992532895226,-13.2150176278,1.7809617302,-12.9240884822
3.545,1.67432369823,0.0172592285128,1.22390309188,-0.286800247823,-1.15189182973,0.976328229513,-13.2172632898,1.87263991542,-13.0019213169
3.54625,1.67395487139,0.0158208269066,1.22511334384,-0.303322374967,-1.14949401468,0.960028091934,-13.2167566309,1.96339122411,-13.0768227529
3.5475,1.67356539229,0.0143854934761,1.22630316211,-0.3198421394,-1.14698335167,0.943636172631,-13.2134683344,2.05317753069,-13.1487521796
3.54875,1.67315526604,0.0129533685275,1.22747243427,-0.336356045803,-1.14436107085,0.927156211485,-13.2073692479,2.14196044418,-13.2176706423
3.55,1.67272450217,0.011524590799,1.22862105264,-0.35286056252,-1.14162845056,0.910591996025,-13.1984303901,2.2297013018,-13.2835408711
3.55125,1.67227311464,0.0100992974011,1.22974891426,-0.369352121778,-1.1387868176,0.893947359307,-13.1866229576,2.31636116233,-13.3463273083
3.5525,1.67180112187,0.008677623755,1.23085592103,-0.385827119914,-1.13583754765,0.877226177754,-13.17191833,2.40190079829,-13.4059961299
3.55375,1.67130854684,0.00725970353194,1.23194197971,-0.402281917603,-1.1327820656,0.860432368982,-13.1542880773,2.48628068785,-13.4625152671
3.555,1.67079541708,0.005845668591,1.23300700196,-0.418712840107,-1.12962184593,0.843569889586,-13.1337039658,2.56946100908,-13.515854428
3.55625,1.67026176474,0.00443564891711,1.23405090443,-0.435116177518,-1.12635841308,0.826642732912,-13.1101380486,2.65140168334,-13.5659851686
3.5575,1.66970762663,0.0030297725583,1.23507360879,-0.451488185229,-1.12299334172,0.809654926665,-13.0835659714,2.73206423024,-13.6128830542
3.55875,1.66913304427,0.0016281655628,1.23607504175,-0.467825092446,-1.1195282525,0.792610525277,-13.0539800896,2.81141917846,-13.6565361945
3.56,1.6685380639,0.000230951927035,1.2370551351,-0.484123135453,-1.11596479378,0.775513586179,-13.0214009801,2.88945261062,-13.6969527104
3.56125,1.66792273644,-0.00116174642164,1.23801382571,-0.500378594896,-1.11230462098,0.758368143501,-12.9858693459,2.96616165975,-13.7341554177
3.5625,1.66728711741,-0.00254980962541,1.23895105546,-0.516587808817,-1.10854938963,0.741178197634,-12.9474315196,3.04154637167,-13.7681723377
3.56375,1.66663126691,-0.00393311989571,1.23986677121,-0.532747173695,-1.10470075505,0.723947712656,-12.9061344135,3.1156068804,-13.7990333639
3.565,1.66595524948,-0.00531156151303,1.24076092474,-0.548853144851,-1.10076037243,0.706680614225,-12.8620252549,3.18834327928,-13.8267700451
3.56625,1.66525913405,-0.00668502082678,1.24163347274,-0.564902236833,-1.09672989685,0.689380787544,-12.8151515738,3.25975562991,-13.8514155259
3.5675,1.66454299389,-0.00805338625516,1.24248437671,-0.580891023786,-1.09261098335,0.67205207541,-12.7655611876,3.3298439724,-13.8730044871
3.56875,1.66380690649,-0.00941654828516,1.24331360293,-0.596816139802,-1.08840528692,0.654698276326,-12.7133021867,3.39860833936,-13.8915730862
3.57,1.66305095354,-0.0107743994725,1.2441211224,-0.612674279253,-1.0841144625,0.637323142694,-12.6584229217,3.46604876561,-13.9071588944
3.57125,1.66227522079,-0.0121268344414,1.24490691079,-0.628462197106,-1.07974016501,0.61993037909,-12.600971988,3.53216529593,-13.9198008326
3.5725,1.66147979805,-0.013473749885,1.24567094835,-0.644176709223,-1.07528404926,0.602523640613,-12.5409982111,3.59695799858,-13.9295391073
3.57375,1.66066477902,-0.0148150445646,1.24641321989,-0.659814692634,-1.07074777001,0.585106531322,-12.4785506338,3.66042697632,-13.9364151435
3.575,1.65983026131,-0.01615061931,1.24713371468,-0.675373085807,-1.06613298182,0.567682602754,-12.4136785007,3.72257237427,-13.9404715194
3.57625,1.65897634631,-0.0174803770191,1.2478324264,-0.690848888886,-1.06144133907,0.550255352523,-12.3464312441,3.78339439102,-13.9417518984
3.5775,1.65810313909,-0.0188042226577,1.24850935306,-0.706239163917,-1.05667449585,0.532828223008,-12.2768584703,3.84289328903,-13.94030096
3.57875,1.6572107484,-0.0201220632587,1.24916449695,-0.721541035061,-1.05183410585,0.515404600123,-12.2050099461,3.90106940476,-13.9361643336
3.58,1.6562992865,-0.0214338079223,1.24979786456,-0.736751688783,-1.04692182233,0.497987812174,-12.1309355839,3.95792315825,-13.9293885278
3.58125,1.65536886917,-0.0227393678146,1.25040946648,-0.751868374021,-1.04193929796,0.480581128804,-12.0546854284,4.01345506127,-13.9200208611
3.5825,1.65441961557,-0.0240386561672,1.25099931738,-0.766888402354,-1.03688818468,0.463187760021,-11.9763096448,4.06766572866,-13.908109395
3.58375,1.65345164817,-0.0253315882763,1.25156743588,-0.781809148133,-1.03177013363,0.445810855316,-11.8958585033,4.12055588729,-13.8937028621
3.585,1.6524650927,-0.0266180815013,1.25211384452,-0.796628048612,-1.02658679496,0.428453502866,-11.8133823681,4.17212638396,-13.8768505991
3.58625,1.65146007805,-0.0278980552637,1.25263856964,-0.811342604053,-1.02133981767,0.411118728819,-11.7289316847,4.22237819496,-13.8576024785
3.5875,1.65043673619,-0.0291714310455,1.25314164134,-0.825950377824,-1.01603084947,0.39380949667,-11.6425569664,4.2713124353,-13.8360088394
3.58875,1.6493952021,-0.0304381323874,1.25362309338,-0.840448996469,-1.01066153659,0.37652870672,-11.5543087838,4.31893036715,-13.8121204196
3.59,1.6483356137,-0.0316980848869,1.25408296311,-0.854836149783,-1.00523352356,0.359279195621,-11.4642377539,4.36523340621,-13.7859882895
3.59125,1.64725811173,-0.0329512161963,1.25452129137,-0.869109590854,-0.99974845307,0.342063735996,-11.3723945267,4.41022313208,-13.7576637865
3.5925,1.64616283972,-0.0341974560196,1.25493812245,-0.8832671361,-0.994207965727,0.324885036154,-11.278829776,4.45390129649,-13.7271984487
3.59375,1.64504994389,-0.0354367361106,1.25533350396,-0.897306665294,-0.988613699829,0.307745739875,-11.1835941903,4.49626982828,-13.6946439496
3.595,1.64391957306,-0.0366689902692,1.2557074868,-0.911226121576,-0.982967291156,0.29064842628,-11.0867384603,4.53733084289,-13.6600520363
3.59625,1.64277187858,-0.0378941543385,1.25606012503,-0.925023511445,-0.977270372722,0.273595609784,-10.988313271,4.57708664992,-13.6234744677
3.5975,1.64160701428,-0.039112166201,1.25639147582,-0.938696904753,-0.971524574531,0.256589740111,-10.8883692934,4.61553975892,-13.5849629512
3.59875,1.64042513632,-0.0403229657748,1.25670159938,-0.952244434679,-0.965731523324,0.239633202406,-10.7869571752,4.65269288632,-13.5445690838
3.6,1.63922640319,-0.0415264950093,1.25699055883,-0.965664297691,-0.959892842315,0.222728317402,-10.6841275315,4.6885489629,-13.5023442955
3.60125,1.63801097558,-0.0427226978806,1.25725842017,-0.978954753507,-0.954010150917,0.205877341667,-10.5799309394,4.72311113985,-13.4583397904
3.6025,1.63677901631,-0.0439115203866,1.25750525218,-0.99211412504,-0.948085064466,0.189082467926,-10.4744179308,4.75638279393,-13.4126064909
3.60375,1.63553069026,-0.0450929105417,1.25773112634,-1.00514079833,-0.942119193932,0.17234582544,-10.3676389846,4.78836753402,-13.3651949844
3.605,1.63426616431,-0.0462668183714,1.25793611675,-1.0180332225,-0.936114145631,0.155669480465,-10.2596445206,4.81906920772,-13.3161554715
3.60625,1.63298560721,-0.0474331959058,1.25812030004,-1.03078990964,-0.930071520913,0.139055436761,-10.1504848946,4.84849190567,-13.2655377141
3.6075,1.63168918954,-0.0485919971737,1.25828375534,-1.04340943474,-0.923992915866,0.122505636179,-10.0402103939,4.87663996569,-13.2133909866
3.60875,1.63037708362,-0.0497431781955,1.25842656413,-1.05589043562,-0.917879920999,0.106021959295,-9.92887123261,4.90351797922,-13.159764029
3.61,1.62904946345,-0.0508866969762,1.25854881024,-1.06823161282,-0.911734120918,0.0896062261067,-9.81651754578,4.92913079639,-13.1047050005
3.61125,1.62770650459,-0.0520225134978,1.2586505797,-1.08043172948,-0.905557094008,0.0732601967933,-9.70319938651,4.95348352967,-13.0482614351
3.6125,1.62634838412,-0.0531505897112,1.25873196073,-1.09248961129,-0.899350412094,0.0569855725189,-9.58896672501,4.9765815567,-12.9904802006
3.61375,1.62497528056,-0.054270889528,1.25879304363,-1.1044041463,-0.893115640116,0.040783996292,-9.47386944395,4.99843052619,-12.931407458
3.615,1.62358737376,-0.0553833788115,1.25883392072,-1.1161742849,-0.886854335779,0.0246570538739,-9.35795733599,5.01903636149,-12.8710886226
3.61625,1.62218484485,-0.0564880253675,1.25885468626,-1.12779903964,-0.880568049212,0.00860627473554,-9.24128010383,5.03840526228,-12.8095683262
3.6175,1.62076787616,-0.0575847989345,1.25885543641,-1.13927748515,-0.874258322623,-0.00736686694165,-9.12388735765,5.05654370976,-12.7468903842
3.61875,1.61933665114,-0.058673671174,1.2588362691,-1.15060875803,-0.867926689938,-0.0232609512249,-9.00582861436,5.07345846856,-12.6830977612
3.62,1.61789135426,-0.0597546156594,1.25879728403,-1.16179205669,-0.861574676452,-0.0390746113447,-8.88715329852,5.08915658916,-12.6182325396
3.62125,1.61643217099,-0.0608276078652,1.25873858257,-1.17282664128,-0.855203798465,-0.0548065325738,-8.76791074193,5.10364541063,-12.5523358907
3.6225,1.61495928766,-0.0618926251555,1.2586602677,-1.18371183355,-0.848815562925,-0.0704554510714,-8.64815018372,5.11693256289,-12.4854480465
3.62375,1.61347289141,-0.0629496467725,1.25856244394,-1.19444701674,-0.842411467058,-0.0860201526901,-8.52792077162,5.1290259696,-12.4176082738
3.625,1.61197317012,-0.0639986538232,1.25844521732,-1.20503163547,-0.835992998001,-0.101499471756,-8.40727156428,5.13993384722,-12.3488548503
3.62625,1.61046031232,-0.0650396292675,1.25830869526,-1.21546519565,-0.82956163244,-0.116892289816,-8.28625153181,5.14966470849,-12.2792250414
3.6275,1.60893450713,-0.0660725579043,1.25815298659,-1.2257472643,-0.82311883623,-0.132197534359,-8.16490955858,5.15822736467,-12.2087550805
3.62875,1.60739594416,-0.067097426358,1.25797820143,-1.23587746954,-0.816666064028,-0.147414177517,-8.04329444659,5.16563092322,-12.1374801495
3.63,1.60584481346,-0.0681142230644,1.25778445115,-1.24585550042,-0.810204758922,-0.162541234733,-7.92145491778,5.17188479039,-12.0654343605
3.63125,1.60428130541,-0.0691229382553,1.25757184834,-1.25568110684,-0.803736352052,-0.177577763418,-7.79943961679,5.17699867242,-11.9926507417
3.6325,1.60270561069,-0.0701235639445,1.25734050674,-1.26535409946,-0.797262262241,-0.192522861587,-7.67729711456,5.1809825751,-11.9191612217
3.63375,1.60111792016,-0.071116093911,1.25709054119,-1.27487434963,-0.790783895614,-0.207375666473,-7.55507591471,5.18384680277,-11.8449966175
3.635,1.59951842482,-0.0721005236835,1.25682206757,-1.28424178925,-0.784302645234,-0.222135353131,-7.43282445551,5.18560195875,-11.7701866241
3.63625,1.59790731569,-0.073076850524,1.2565352028,-1.29345641076,-0.777819890717,-0.236801133033,-7.31059111395,5.18625894632,-11.6947598032
3.6375,1.59628478379,-0.0740450734103,1.25623006474,-1.30251826703,-0.771336997868,-0.251372252639,-7.18842421243,5.18582896628,-11.6187435762
3.63875,1.59465102002,-0.0750051930187,1.25590677217,-1.3114274713,-0.764855318302,-0.265847991973,-7.06637202411,5.18432351594,-11.5421642181
3.64,1.59300621511,-0.0759572117061,1.25556544476,-1.32018419709,-0.758376189078,-0.280227663184,-6.94448277663,5.18175438891,-11.4650468503
3.64125,1.59135055953,-0.0769011334914,1.25520620301,-1.32878867824,-0.751900932329,-0.294510609099,-6.82280465717,5.1781336745,-11.3874154371
3.6425,1.58968424341,-0.0778369640369,1.25482916824,-1.33724120874,-0.745430854892,-0.308696201777,-6.70138582118,5.17347375442,-11.3092927838
3.64375,1.58800745651,-0.0787647106286,1.25443446251,-1.34554214279,-0.738967247943,-0.322783841059,-6.58027439749,5.16778730118,-11.2307005343
3.645,1.58632038806,-0.0796843821568,1.25402220863,-1.35369189473,-0.732511386639,-0.336772953113,-6.45951849219,5.16108727844,-11.1516591706
3.64625,1.58462322677,-0.0805959890952,1.25359253013,-1.36169093902,-0.726064529747,-0.350662988985,-6.33916619595,5.15338693678,-11.0721880135
3.6475,1.58291616071,-0.0814995434811,1.25314555116,-1.36953981022,-0.719627919297,-0.364453423146,-6.21926559379,5.14469981106,-10.9923052249
3.64875,1.58119937724,-0.0823950588935,1.25268139657,-1.377239103,-0.71320278022,-0.378143752047,-6.09986476893,5.13503971959,-10.9120278104
3.65,1.57947306295,-0.0832825504317,1.25220019178,-1.38478947214,-0.706790319998,-0.391733492672,-5.98101180753,5.12442076079,-10.8313716224
3.65125,1.57773740356,-0.0841620346935,1.25170206284,-1.39219163252,-0.700391728318,-0.405222181103,-5.8627548095,5.11285731072,-10.7503513656
3.6525,1.57599258387,-0.0850335297525,1.25118713633,-1.39944635917,-0.694008176721,-0.418609371086,-5.74514189511,5.10036401915,-10.6689806034
3.65375,1.57423878767,-0.0858970551353,1.25065553941,-1.40655448726,-0.68764081827,-0.431894632611,-5.62822120983,5.08695580649,-10.5872717624
3.655,1.57247619765,-0.0867526317981,1.25010739975,-1.41351691219,-0.681290787205,-0.445077550492,-5.51204093208,5.07264786249,-10.5052361413
3.65625,1.57070499539,-0.0876002821033,1.24954284553,-1.42033458959,-0.674959198614,-0.458157722965,-5.39664928251,5.05745564102,-10.4228839189
3.6575,1.56892536118,-0.0884400297947,1.24896200544,-1.4270085354,-0.668647148102,-0.47113476029,-5.28209452968,5.04139485631,-10.340224162
3.65875,1.56713747405,-0.0892718999735,1.24836500863,-1.43353982592,-0.662355711473,-0.48400828337,-5.16842499596,5.02448148069,-10.2572648355
3.66,1.56534151161,-0.0900959190734,1.24775198473,-1.43992959789,-0.656085944401,-0.496777922379,-5.05568906724,5.00673174024,-10.1740128126
3.66125,1.56353765005,-0.0909121148345,1.24712306383,-1.44617904858,-0.649838882122,-0.509443315401,-4.94393520062,4.9881621105,-10.0904738851
3.6625,1.56172606399,-0.0917205162787,1.24647837644,-1.45228943589,-0.643615539124,-0.522004107091,-4.83321192878,4.96878931344,-10.0066527751
3.66375,1.55990692646,-0.0925211536824,1.24581805356,-1.45826207841,-0.637416908839,-0.534459947339,-4.72356786809,4.94863031327,-9.92255314554
3.665,1.5580804088,-0.0933140585508,1.24514222658,-1.46409835556,-0.631243963341,-0.546810489955,-4.61505172898,4.92770231126,-9.83817761373
3.66625,1.55624668057,-0.0940992635907,1.24445102733,-1.46979970773,-0.62509765306,-0.559055391373,-4.50771230435,4.90602274308,-9.75352776659
3.6675,1.55440590953,-0.0948768026834,1.2437445881,-1.47536763632,-0.618978906484,-0.571194309372,-4.40159697123,4.88360928429,-9.66860444328
3.66875,1.55255826148,-0.0956467108569,1.24302304156,-1.48080370016,-0.61288862985,-0.583226902481,-4.29674274274,4.86047987817,-9.58340939987
3.67,1.55070390028,-0.096409024258,1.24228652084,-1.48610949318,-0.606827706788,-0.595152832871,-4.19316471193,4.83665268522,-9.49794758228
3.67125,1.54884298775,-0.0971637801239,1.24153515948,-1.49128661194,-0.600796998137,-0.606971771437,-4.09085893257,4.81214585939,-9.41222691531
3.6725,1.54697568375,-0.0979110167534,1.24076909141,-1.49633664051,-0.59479734214,-0.61868340016,-3.98981500234,4.78697732234,-9.32625626285
3.67375,1.54510214615,-0.0986507734792,1.23998845098,-1.50126114944,-0.588829554831,-0.630287412094,-3.89002221918,4.76116468419,-9.24004439316
3.675,1.54322253087,-0.0993830906405,1.23919337288,-1.50606169606,-0.582894430429,-0.641783511143,-3.79147012063,4.73472524028,-9.15359989717
3.67625,1.54133699191,-0.100108009555,1.2383839922,-1.51073982474,-0.57699274173,-0.653171411837,-3.69414847678,4.70767597456,-9.06693120205
3.6775,1.53944568131,-0.100825572495,1.23756044435,-1.51529706725,-0.571125240493,-0.664450839148,-3.59804728701,4.68003356126,-8.98004658663
3.67875,1.53754874924,-0.101535822657,1.2367228651,-1.51973494296,-0.565292657827,-0.675621528304,-3.5031567742,4.65181436713,-8.89295419549
3.68,1.53564634395,-0.102238804139,1.23587139053,-1.52405495918,-0.559495704575,-0.686683224636,-3.40946737683,4.62303445584,-8.80566204987
3.68125,1.53373861184,-0.102934561918,1.23500615704,-1.5282586114,-0.553735071687,-0.697635683429,-3.31696974245,4.59370959163,-8.71817806067
3.6825,1.53182569743,-0.103623141819,1.23412730132,-1.53234738354,-0.548011430596,-0.708478669788,-3.22565472243,4.56385524203,-8.63051004139
3.68375,1.52990774338,-0.104304590494,1.23323496037,-1.53632274821,-0.542325433582,-0.719211958532,-3.13551336631,4.53348658123,-8.54266571996
3.685,1.52798489056,-0.104978955403,1.23232927143,-1.54018616696,-0.536677714143,-0.729835334088,-3.04653691264,4.50261849473,-8.45465274897
3.68625,1.52605727797,-0.10564628478,1.23141037203,-1.54393909049,-0.531068887345,-0.740348590404,-2.95871678227,4.47126558374,-8.36647871636
3.6875,1.52412504283,-0.106306627621,1.23047839995,-1.54758295891,-0.525499550183,-0.750751530879,-2.87204457413,4.43944216911,-8.27815115749
3.68875,1.52218832057,-0.106960033655,1.2295334932,-1.55111920193,-0.519970281923,-0.761043968298,-2.78651205681,4.40716229562,-8.18967756379
3.69,1.52024724482,-0.107606553326,1.22857579003,-1.55454923905,-0.514481644444,-0.771225724788,-2.70211115972,4.37443973663,-8.10106539261
3.69125,1.51830194747,-0.108246237766,1.22760542889,-1.55787447983,-0.509034182581,-0.78129663178,-2.61883396788,4.34128799892,-8.01232207725
3.6925,1.51635255863,-0.108879138782,1.22662254845,-1.56109632397,-0.503628424447,-0.791256529981,-2.53667271568,4.30772032761,-7.92345503551
3.69375,1.51439920666,-0.109505308828,1.22562728757,-1.56421616161,-0.498264881762,-0.801105269368,-2.45561977786,4.27374971128,-7.8344716783
3.695,1.51244201822,-0.110124800987,1.22461978528,-1.56723537342,-0.492944050169,-0.810842709177,-2.37566766209,4.2393888868,-7.74537941768
3.69625,1.51048111823,-0.110737668953,1.22360018079,-1.57015533077,-0.487666409545,-0.820468717913,-2.29680900334,4.20465034477,-7.65618567577
3.6975,1.50851662989,-0.11134396701,1.22256861348,-1.57297739593,-0.482432424307,-0.829983173367,-2.21903655643,4.16954633455,-7.56689789205
3.69875,1.50654867474,-0.111943750014,1.22152522286,-1.57570292216,-0.477242543709,-0.839385962643,-2.14234318655,4.13408887038,-7.47752352972
3.7,1.50457737259,-0.11253707337,1.22047014858,-1.57833325389,-0.472097202131,-0.848676982191,-2.06672186414,4.09828973656,-7.38807008422
3.70125,1.5026028416,-0.113123993019,1.2194035304,-1.58086972682,-0.466996819367,-0.857856137853,-1.99216565843,4.06216049196,-7.29854508984
3.7025,1.50062519827,-0.113704565418,1.21832550823,-1.58331366804,-0.461941800901,-0.866923344916,-1.9186677277,4.02571247744,-7.2089561256
3.70375,1.49864455743,-0.114278847521,1.21723622204,-1.58566639614,-0.456932538174,-0.875878528167,-1.84622131296,3.98895682128,-7.11931082144
3.705,1.49666103228,-0.114846896764,1.21613581191,-1.58792922132,-0.451969408848,-0.884721621969,-1.77481973142,3.95190444397,-7.02961686527
3.70625,1.49467473438,-0.115408771043,1.21502441799,-1.59010344547,-0.447052777064,-0.893452570331,-1.70445636963,3.91456606455,-6.93988200853
3.7075,1.49268577367,-0.115964528706,1.21390218048,-1.59219036225,-0.442182993687,-0.90207132699,-1.63512467493,3.8769522072,-6.85011407022
3.70875,1.49069425847,-0.116514228528,1.21276923967,-1.59419125716,-0.437360396546,-0.910577855506,-1.56681814892,3.8390732064,-6.76032094382
3.71,1.48870029552,-0.117057929698,1.21162573585,-1.59610740762,-0.432585310671,-0.91897212935,-1.4995303422,3.80093921272,-6.67051060304
3.71125,1.48670398995,-0.117595691804,1.21047180935,-1.59794008301,-0.427858048514,-0.927254132014,-1.43325484528,3.76256020001,-6.58069110473
3.7125,1.48470544532,-0.118127574819,1.20930760052,-1.59969054473,-0.423178910171,-0.935423857112,-1.3679852811,3.72394597097,-6.4908705936
3.71375,1.48270476359,-0.11865363908,1.2081332497,-1.60136004621,-0.418548183587,-0.943481308498,-1.30371530054,3.68510616237,-6.40105730895
3.715,1.4807020452,-0.119173945278,1.20694889724,-1.60294983298,-0.413966144765,-0.951426500384,-1.24043857627,3.64605025179,-6.31125958766
3.71625,1.47869738901,-0.119688554442,1.20575468345,-1.60446114266,-0.409433057957,-0.959259457467,-1.17814879254,3.60678756422,-6.22148586738
3.7175,1.47669089235,-0.120197527923,1.2045507486,-1.60589520496,-0.404949175854,-0.966980215053,-1.11683963992,3.5673272776,-6.13174469156
3.71875,1.474682651,-0.120700927381,1.20333723291,-1.60725324175,-0.400514739763,-0.974588819196,-1.05650481196,3.52767842859,-6.04204471372
3.72,1.47267275924,-0.121198814772,1.20211427655,-1.60853646699,-0.396129979783,-0.982085326837,-0.997137995592,3.48784991945,-5.95239470038
3.72125,1.47066130983,-0.121691252331,1.2008820196,-1.60974608674,-0.391795114964,-0.989469805947,-0.938732864142,3.44785052427,-5.86280353359
3.7225,1.46864839402,-0.12217830256,1.19964060204,-1.61088329915,-0.387510353472,-0.996742335671,-0.881283073431,3.40768889363,-5.77328021584
3.72375,1.46663410158,-0.122660028214,1.19839016376,-1.61194929443,-0.38327589273,-1.00390300649,-0.824782256314,3.3673735616,-5.68383387354
3.725,1.46461852079,-0.123136492291,1.19713084452,-1.61294525479,-0.379091919568,-1.01095192035,-0.769224014039,3.32691295299,-5.59447375806
3.72625,1.46260173845,-0.123607758013,1.19586278396,-1.61387235446,-0.374958610348,-1.01788919088,-0.714601910568,3.2863153874,-5.50520924978
3.7275,1.4605838399,-0.124073888817,1.19458612154,-1.61473175957,-0.370876131099,-1.02471494348,-0.660909469525,3.24558908517,-5.41604986231
3.72875,1.45856490905,-0.124534948341,1.1933009966,-1.61552462814,-0.366844637635,-1.03142931554,-0.608140167378,3.2047421751,-5.32700524288
3.73,1.45654502833,-0.124991000411,1.19200754826,-1.61625210999,-0.362864275662,-1.03803245659,-0.556287425206,3.16378269933,-5.23808517505
3.73125,1.45452427877,-0.12544210903,1.19070591546,-1.6169153467,-0.358935180887,-1.04452452847,-0.505344606154,3.12271861901,-5.14929958335
3.7325,1.45250273996,-0.125888338364,1.18939623693,-1.6175154715,-0.355057479114,-1.05090570554,-0.455305011701,3.08155782022,-5.06065853444
3.73375,1.45048049009,-0.126329752728,1.18807865119,-1.61805360923,-0.351231286336,-1.05717617481,-0.406161872479,3.04030811961,-4.97217223872
3.735,1.44845760594,-0.126766416579,1.1867532965,-1.61853087619,-0.347456708815,-1.06333613614,-0.357908343904,2.99897727074,-4.88385105282
3.73625,1.4464341629,-0.1271983945,1.18542031085,-1.61894838009,-0.343733843159,-1.06938580244,-0.310537504174,2.95757296918,-4.79570548218
3.7375,1.44441023499,-0.127625751187,1.18407983199,-1.61930721995,-0.340062776392,-1.07532539985,-0.264042347999,2.916102858,-4.70774618379
3.73875,1.44238589485,-0.128048551441,1.18273199735,-1.61960848596,-0.336443586014,-1.0811551679,-0.218415779864,2.87457453379,-4.61998396643
3.74,1.44036121378,-0.128466860152,1.18137694407,-1.6198532594,-0.332876340058,-1.08687535976,-0.173650611941,2.83299555175,-4.53242979281
3.74125,1.4383362617,-0.128880742291,1.18001480895,-1.62004261249,-0.329361097135,-1.09248624238,-0.129739559952,2.79137343089,-4.4450947833
3.7425,1.43631110725,-0.129290262895,1.17864572847,-1.6201776083,-0.32589790648,-1.09798809672,-0.0866752370713,2.74971565958,-4.3579902162
3.74375,1.43428581768,-0.129695487057,1.17726983871,-1.62025930058,-0.322486807986,-1.10338121793,-0.0444501497441,2.70802970103,-4.27112752811
3.745,1.43226045899,-0.130096479915,1.17588727542,-1.62028873367,-0.319127832228,-1.10866591554,-0.00305669518639,2.66632299823,-4.1845183177
3.74625,1.43023509585,-0.130493306638,1.17449817392,-1.62026694232,-0.31582100049,-1.11384251372,0.0375128420728,2.62460297846,-4.09817434772
3.7475,1.42820979164,-0.130886032416,1.17310266914,-1.62019495157,-0.312566324782,-1.11891135141,0.0772662964209,2.58287705876,-4.01210754428
3.74875,1.42618460847,-0.13127472245,1.17170089554,-1.62007377658,-0.309363807844,-1.12387278258,0.116211623936,2.5411526513,-3.92632999883
3.75,1.4241596072,-0.131659441936,1.17029298718,-1.61990442251,-0.306213443154,-1.12872717641,0.154356904295,2.49943716767,-3.84085397129
3.75125,1.42213484741,-0.132040256058,1.1688790776,-1.61968788432,-0.303115214924,-1.13347491751,0.191710345416,2.45773802316,-3.75569189059
3.7525,1.42011038749,-0.132417229973,1.16745929989,-1.61942514664,-0.300069098096,-1.13811640613,0.228280287592,2.41606264183,-3.67085635389
3.75375,1.41808628455,-0.132790428803,1.16603378659,-1.6191171836,-0.29707505832,-1.14265205839,0.264075205132,2.37441846128,-3.58636013059
3.755,1.41606259453,-0.133159917619,1.16460266974,-1.61876495863,-0.294133051942,-1.14708230646,0.299103708949,2.33281293665,-3.50221616429
3.75625,1.41403937215,-0.133525761433,1.16316608082,-1.61836942433,-0.291243025978,-1.1514075988,0.333374551656,2.29125354515,-3.41843757058
3.7575,1.41201667097,-0.133888025184,1.16172415074,-1.61793152225,-0.28840491808,-1.15562840039,0.366896629066,2.24974779028,-3.33503763973
3.75875,1.40999454335,-0.134246773728,1.16027700982,-1.61745218275,-0.285618656502,-1.1597451929,0.399678981557,2.20830320551,-3.25202983991
3.76,1.40797304051,-0.134602071825,1.15882478776,-1.6169323248,-0.282884160066,-1.16375847499,0.431730798345,2.16692735862,-3.16942781619
3.76125,1.40595221253,-0.134953984128,1.15736761363,-1.61637285576,-0.280201338106,-1.16766876244,0.463061420169,2.12562785649,-3.08724539091
3.7625,1.40393210837,-0.135302575171,1.15590561585,-1.61577467125,-0.277570090425,-1.17147658846,0.493680340151,2.0844123474,-3.00549656681
3.76375,1.40191277586,-0.135647909354,1.15443892216,-1.61513865491,-0.274990307237,-1.17518250386,0.523597205483,2.04328852462,-2.92419552816
3.765,1.39989426173,-0.135990050939,1.1529676596,-1.61446567823,-0.272461869113,-1.17878707728,0.552821821157,2.00226413203,-2.84335664014
3.76625,1.39787661166,-0.136329064027,1.15149195447,-1.61375660035,-0.269984646907,-1.18229089546,0.581364152094,1.96134696575,-2.76299445
3.7675,1.39585987023,-0.136665012556,1.15001193236,-1.61301226785,-0.267558501699,-1.18569456341,0.609234322974,1.92054487776,-2.68312368962
3.76875,1.39384408099,-0.136997960281,1.14852771806,-1.61223351455,-0.265183284713,-1.18899870468,0.636442620498,1.87986577986,-2.60375927605
3.77,1.39182928645,-0.137327970768,1.14703943559,-1.6114211613,-0.262858837249,-1.1922039616,0.662999496353,1.83931764599,-2.52491631118
3.77125,1.38981552809,-0.137655107374,1.14554720816,-1.61057601581,-0.260584990598,-1.19531099546,0.688915567707,1.79890851605,-2.44661008387
3.7725,1.38780284641,-0.137979433244,1.14405115811,-1.60969887238,-0.258361565959,-1.19832048681,0.714201617438,1.75864649798,-2.36885607155
3.77375,1.38579128091,-0.138301011289,1.14255140694,-1.60879051176,-0.256188374353,-1.20123313564,0.738868597046,1.71853977089,-2.29166993977
3.775,1.38378087013,-0.13861990418,1.14104807527,-1.60785170089,-0.254065216532,-1.20404966166,0.762927628148,1.67859658852,-2.2150675431
3.77625,1.38177165165,-0.138936174331,1.13954128279,-1.60688319269,-0.251991882882,-1.2067708045,0.786390001804,1.63882528082,-2.13906492738
3.7775,1.37976366214,-0.139249883887,1.13803114826,-1.60588572588,-0.24996815333,-1.20939732398,0.809267179284,1.59923425619,-2.06367833052
3.77875,1.37775693734,-0.139561094714,1.13651778948,-1.60486002474,-0.247993797241,-1.21193000033,0.831570794935,1.55983200475,-1.98892418227
3.78,1.37575151208,-0.13986986838,1.13500132326,-1.6038067989,-0.246068573318,-1.21436963443,0.853312656727,1.5206271007,-1.91481910513
3.78125,1.37374742034,-0.140176266147,1.13348186539,-1.6027267431,-0.244192229489,-1.21671704809,0.874504744161,1.48162820331,-1.84137991703
3.7825,1.37174469522,-0.140480348954,1.13195953063,-1.60162053704,-0.242364502809,-1.21897308423,0.895159210904,1.44284405977,-1.76862363139
3.78375,1.369743369,-0.140782177404,1.13043443268,-1.60048884507,-0.24058511934,-1.22113860717,0.915288386932,1.40428350711,-1.69656745613
3.785,1.36774347311,-0.141081811752,1.12890668412,-1.59933231607,-0.238853794042,-1.22321450287,0.934904775477,1.36595547332,-1.62522879657
3.78625,1.36574503821,-0.141379311889,1.12737639642,-1.59815158314,-0.237170230657,-1.22520167916,0.954020953031,1.32786886725,-1.5546250127
3.7875,1.36374809415,-0.141674737329,1.12584367992,-1.59694726369,-0.235534121874,-1.2271010654,0.972648497509,1.29003138479,-1.48477081066
3.78875,1.36175267005,-0.141968147194,1.12430864376,-1.59571996189,-0.233945152195,-1.22891360619,0.990795858888,1.25244715742,-1.4156731035
3.79,1.35975879425,-0.14225960021,1.1227713959,-1.59447027404,-0.23240300398,-1.23064024816,1.00846791679,1.21511630518,-1.34732999554
3.79125,1.35776649436,-0.142549154704,1.12123204314,-1.5931987921,-0.230907361432,-1.23228193117,1.02566791634,1.17803713508,-1.27973552626
3.7925,1.35577579727,-0.142836868613,1.11969069108,-1.59190610425,-0.229457911142,-1.23383958697,1.04239892139,1.14120777496,-1.21288321936
3.79375,1.3537867291,-0.143122799482,1.11814744417,-1.5905927948,-0.228054341994,-1.23531413922,1.05866404388,1.10462643349,-1.14676665276
3.795,1.35179931528,-0.143407004468,1.11660240573,-1.58925944414,-0.226696345059,-1.2367065036,1.07446644315,1.06829140147,-1.08137946345
3.79625,1.34981358049,-0.143689540345,1.11505567791,-1.58790662869,-0.225383613491,-1.23801758788,1.08980932619,1.03220104961,-1.0167153469
3.7975,1.34782954871,-0.143970463502,1.11350736176,-1.58653492082,-0.224115842435,-1.23924829197,1.10469594506,0.996353826909,-0.952768056914
3.79875,1.34584724319,-0.144249829951,1.11195755718,-1.58514488883,-0.222892728923,-1.24039950802,1.11912959278,0.960748258728,-0.889531407438
3.8,1.34386668649,-0.144527695324,1.11040636299,-1.58373709684,-0.221713971788,-1.24147212049,1.13311360201,0.925382945329,-0.826999271726
3.80125,1.34188790045,-0.14480411488,1.10885387688,-1.58231210482,-0.22057927156,-1.2424670062,1.14665134533,0.890256560487,-0.765165581151
3.8025,1.33991090623,-0.145079143503,1.10730019547,-1.58087046848,-0.219488330387,-1.24338503444,1.15974623141,0.855367849229,-0.704024326478
3.80375,1.33793572428,-0.145352835706,1.10574541429,-1.57941273924,-0.218440851937,-1.24422706702,1.17240170171,0.820715626446,-0.643569558633
3.805,1.33596237438,-0.145625245633,1.1041896278,-1.57793946422,-0.21743654132,-1.24499395834,1.18462123119,0.786298775421,-0.583795387138
3.80625,1.33399087562,-0.145896427059,1.1026329294,-1.57645118616,-0.216475104999,-1.24568655549,1.19640832663,0.752116246406,-0.524695979379
3.8075,1.33202124641,-0.146166433395,1.10107541142,-1.57494844341,-0.215556250704,-1.24630569829,1.20776652311,0.718167054683,-0.466265562545
3.80875,1.33005350451,-0.146435317686,1.09951716515,-1.57343176986,-0.214679687362,-1.24685221939,1.21869938203,0.684450278973,-0.408498423781
3.81,1.32808766699,-0.146703132614,1.09795828087,-1.57190169495,-0.213845125007,-1.24732694435,1.22921049174,0.650965060129,-0.351388907347
3.81125,1.32612375027,-0.146969930499,1.09639884779,-1.57035874363,-0.213052274712,-1.24773069166,1.23930346549,0.617710600062,-0.29493141551
3.8125,1.32416177013,-0.147235763301,1.09483895414,-1.56880343629,-0.212300848507,-1.24806427289,1.2489819374,0.584686159789,-0.239120410856
3.81375,1.32220174168,-0.14750068262,1.09327868711,-1.56723628878,-0.211590559312,-1.24832849269,1.25824956267,0.551891057117,-0.183950413566
3.815,1.32024367941,-0.147764739699,1.09171813291,-1.56565781238,-0.210921120864,-1.24852414892,1.26711001749,0.519324666684,-0.12941600055
3.81625,1.31828759715,-0.148027985422,1.09015737674,-1.56406851374,-0.210292247645,-1.24865203269,1.27556699572,0.486986418412,-0.0755118072675
3.8175,1.31633350812,-0.148290470318,1.08859650283,-1.56246889489,-0.209703654818,-1.24871292844,1.28362420669,0.454875794966,-0.0222325274536
3.81875,1.31438142491,-0.148552244559,1.08703559442,-1.56085945322,-0.209155058158,-1.24870761401,1.29128537656,0.422992331011,0.0304270886318
3.82,1.31243135949,-0.148813357963,1.08547473379,-1.55924068145,-0.20864617399,-1.24863686072,1.29855424557,0.391335612326,0.0824722339985
3.82125,1.31048332321,-0.149073859994,1.08391400226,-1.55761306761,-0.208176719127,-1.24850143342,1.30543456517,0.359905273618,0.13390804354
3.8225,1.30853732682,-0.149333799761,1.08235348021,-1.55597709504,-0.207746410806,-1.24830209061,1.31193009915,0.328700997335,0.184739596512
3.82375,1.30659338047,-0.149593226021,1.08079324704,-1.55433324236,-0.207354966634,-1.24803958443,1.31804462267,0.29772251356,0.23497191678
3.825,1.30465149371,-0.149852187178,1.07923338125,-1.55268198348,-0.207002104522,-1.24771466082,1.32378191888,0.266969597118,0.284609970845
3.82625,1.30271167551,-0.150110731282,1.07767396039,-1.55102378756,-0.206687542641,-1.24732805951,1.32914577821,0.236442066247,0.333658669183
3.8275,1.30077393425,-0.150368906034,1.0761150611,-1.54935911904,-0.206410999357,-1.24688051414,1.33413999883,0.206139783216,0.382122868223
3.82875,1.29883827772,-0.150626758781,1.0745567591,-1.54768843757,-0.206172193183,-1.24637275233,1.33876838513,0.176062651511,0.430007369528
3.83,1.29690471315,-0.150884336517,1.07299912922,-1.54601219807,-0.205970842728,-1.24580549572,1.34303474538,0.146210614778,0.477316918932
3.83125,1.29497324722,-0.151141685888,1.07144224536,-1.5443308507,-0.205806666646,-1.24517946004,1.34694289113,0.116583656174,0.524056207587
3.8325,1.29304388603,-0.151398853184,1.06988618057,-1.54264484085,-0.205679383588,-1.2444953552,1.35049663759,0.087181796286,0.570229873779
3.83375,1.29111663512,-0.151655884347,1.06833100697,-1.54095460911,-0.205588712155,-1.24375388535,1.35369980153,0.0580050929926,0.61584250227
3.835,1.2891914995,-0.151912824964,1.06677679585,-1.53926059134,-0.205534370855,-1.24295574894,1.35655619956,0.0290536402076,0.660898622959
3.83625,1.28726848364,-0.152169720274,1.0652236176,-1.53756321861,-0.205516078055,-1.2421016388,1.35906964852,0.000327565814459,0.705402713425
3.8375,1.28534759146,-0.152426615159,1.06367154176,-1.53586291722,-0.205533551941,-1.24119224216,1.36124396531,-0.0281729690954,0.749359199608
3.83875,1.28342882635,-0.152683554154,1.062120637,-1.5341601087,-0.205586510477,-1.2402282408,1.36308296414,-0.0564477702625,0.792772454474
3.84,1.28151219118,-0.152940581436,1.06057097115,-1.53245520981,-0.205674671366,-1.23921031102,1.36459045523,-0.0844966125726,0.835646798191
3.84125,1.27959768832,-0.153197740832,1.05902261122,-1.53074863256,-0.205797752009,-1.2381391238,1.36577024712,-0.11231924141,0.877986500473
3.8425,1.2776853196,-0.153455075816,1.05747562334,-1.52904078419,-0.20595546947,-1.23701534477,1.36662614436,-0.139915371713,0.919795780533
3.84375,1.27577508636,-0.153712629506,1.05593007286,-1.5273320672,-0.206147540438,-1.23583963435,1.36716194452,-0.167284690914,0.961078805176
3.845,1.27386698943,-0.153970444667,1.05438602426,-1.52562287933,-0.206373681197,-1.23461264776,1.36738144026,-0.194426860068,1.00183969128
3.84625,1.27196102916,-0.154228563709,1.05284354124,-1.5239136136,-0.206633607588,-1.23333503512,1.36728841865,-0.221341513193,1.04208250702
3.8475,1.2700572054,-0.154487028686,1.05130268667,-1.52220465828,-0.20692703498,-1.23200744149,1.36688665918,-0.248028259443,1.08181127014
3.84875,1.26815551752,-0.154745881296,1.04976352263,-1.52049639695,-0.207253678237,-1.23063050695,1.3661799323,-0.274486684245,1.12102994806
3.85,1.26625596441,-0.155005162881,1.0482261104,-1.51878920845,-0.207613251691,-1.22920486662,1.36517200069,-0.300716349312,1.15974246053
3.85125,1.2643585445,-0.155264914425,1.04669051047,-1.51708346695,-0.20800546911,-1.22773115079,1.36386661979,-0.326716794399,1.1979526796
3.8525,1.26246325574,-0.155525176554,1.04515678253,-1.5153795419,-0.208430043677,-1.22620998492,1.36226753298,-0.352487538325,1.23566442767
3.85375,1.26057009564,-0.155785989535,1.0436249855,-1.51367779812,-0.208886687956,-1.22464198973,1.36037847328,-0.378028078848,1.27288147978
3.855,1.25867906125,-0.156047393274,1.04209517755,-1.51197859572,-0.209375113874,-1.22302778122,1.35820316507,-0.403337894426,1.3096075653
3.85625,1.25679014915,-0.156309427319,1.04056741605,-1.5102822902,-0.209895032692,-1.22136797081,1.35574532053,-0.428416445251,1.34584636533
3.8575,1.25490335552,-0.156572130856,1.03904175762,-1.50858923242,-0.210446154987,-1.21966316531,1.35300863853,-0.453263173591,1.3816015138
3.85875,1.25301867607,-0.156835542707,1.03751825814,-1.50689976861,-0.211028190626,-1.21791396703,1.34999680654,-0.477877504539,1.41687659996
3.86,1.2511361061,-0.157099701332,1.03599697271,-1.5052142404,-0.211640848748,-1.21612097381,1.34671350079,-0.502258847365,1.45167516746
3.86125,1.24925564047,-0.157364644829,1.0344779557,-1.50353298485,-0.212283837745,-1.21428477911,1.34316238245,-0.526406596285,1.48600071393
3.8625,1.24737727364,-0.157630410927,1.03296126076,-1.50185633445,-0.212956865239,-1.21240597203,1.339347098,-0.550320130924,1.51985669163
3.86375,1.24550099963,-0.157897036992,1.03144694077,-1.50018461711,-0.213659638072,-1.21048513738,1.33527128228,-0.573998816938,1.55324650971
3.865,1.24362681209,-0.158164560022,1.02993504792,-1.49851815624,-0.214391862281,-1.20852285575,1.33093855516,-0.59744200733,1.58617353293
3.86625,1.24175470424,-0.158433016647,1.02842563363,-1.49685727072,-0.21515324309,-1.20651970355,1.32635251914,-0.62064904352,1.61864108077
3.8675,1.23988466892,-0.15870244313,1.02691874866,-1.49520227494,-0.21594348489,-1.20447625305,1.32151676314,-0.643619255067,1.65065243084
3.86875,1.23801669856,-0.15897287536,1.025414443,-1.49355347881,-0.216762291228,-1.20239307247,1.31643486168,-0.666351960547,1.68221081824
3.87,1.23615078522,-0.159244348858,1.02391276598,-1.49191118779,-0.217609364792,-1.200270726,1.31111037126,-0.688846469498,1.71331943427
3.87125,1.23428692059,-0.159516898772,1.02241376619,-1.49027570289,-0.218484407402,-1.19810977388,1.30554683151,-0.711102082303,1.74398142822
3.8725,1.23242509596,-0.159790559876,1.02091749154,-1.48864732071,-0.219387119997,-1.19591077243,1.29974776748,-0.733118089863,1.7741999083
3.87375,1.23056530229,-0.160065366572,1.01942398926,-1.48702633347,-0.220317202626,-1.19367427411,1.29371668656,-0.754893775965,1.80397794145
3.875,1.22870753013,-0.160341352883,1.01793330586,-1.48541302899,-0.221274354437,-1.19140082758,1.28745707721,-0.776428417777,1.83331855242
3.87625,1.22685176971,-0.160618552458,1.01644548719,-1.48380769077,-0.222258273671,-1.18909097773,1.28097241179,-0.797721285153,1.86222472557
3.8775,1.2249980109,-0.160896998567,1.01496057841,-1.48221059796,-0.22326865765,-1.18674526577,1.27426614538,-0.818771642264,1.89069940643
3.87875,1.22314624322,-0.161176724102,1.01347862402,-1.48062202541,-0.224305202776,-1.18436422922,1.26734171429,-0.839578748571,1.91874549964
3.88,1.22129645584,-0.161457761574,1.01199966784,-1.47904224368,-0.225367604522,-1.18194840202,1.26020253554,-0.860141858811,1.94636586939
3.88125,1.21944863761,-0.161740143113,1.01052375302,-1.47747151907,-0.226455557423,-1.17949831454,1.25285200836,-0.880460223698,1.97356334193
3.8825,1.21760277704,-0.162023900467,1.00905092205,-1.47591011366,-0.227568755081,-1.17701449366,1.24529351469,-0.90053309039,2.00034070524
3.88375,1.21575886232,-0.162309065001,1.00758121678,-1.47435828529,-0.228706890149,-1.17449746278,1.23753041546,-0.920359703679,2.02670070739
3.885,1.21391688133,-0.162595667693,1.00611467839,-1.47281628762,-0.22986965434,-1.17194774189,1.22956605242,-0.939939306193,2.05264605859
3.88625,1.21207682161,-0.162883739137,1.00465134743,-1.47128437015,-0.231056738415,-1.16936584763,1.22140374976,-0.959271138333,2.07817943271
3.8875,1.2102386704,-0.163173309539,1.00319126378,-1.46976277824,-0.232267832186,-1.16675229331,1.21304681149,-0.978354439735,2.10330346567
3.88875,1.20840241466,-0.163464408717,1.00173446669,-1.46825175313,-0.233502624514,-1.16410758897,1.20449852097,-0.997188450179,2.12802075528
3.89,1.20656804102,-0.1637570661,1.0002809948,-1.46675153194,-0.234760803311,-1.16143224142,1.19576214215,-1.0157724087,2.15233386364
3.89125,1.20473553583,-0.164051310725,0.998830886091,-1.46526234777,-0.236042055536,-1.15872675431,1.18684092033,-1.03410555441,2.17624531761
3.8925,1.20290488515,-0.164347171239,0.997384177918,-1.46378442964,-0.237346067197,-1.15599162813,1.17773807976,-1.05218712853,2.19975760654
3.89375,1.20107607476,-0.164644675893,0.995940907021,-1.46231800257,-0.238672523357,-1.15322736029,1.16845682371,-1.07001637334,2.22287318397
3.895,1.19924909014,-0.164943852547,0.994501109517,-1.46086328758,-0.240021108131,-1.15043444517,1.15900033697,-1.08759253248,2.24559447004
3.89625,1.19742391654,-0.165244728664,0.993064820908,-1.45942050173,-0.241391504688,-1.14761337412,1.1493717835,-1.10491485258,2.26792384906
3.8975,1.19560053889,-0.165547331309,0.991632076082,-1.45798985812,-0.242783395262,-1.14476463555,1.13957430526,-1.12198258354,2.28986366974
3.89875,1.19377894189,-0.165851687152,0.990202909319,-1.45657156597,-0.244196461147,-1.14188871495,1.12961102482,-1.13879497814,2.31141624779
3.9,1.19195910997,-0.166157822462,0.988777354294,-1.45516583056,-0.245630382707,-1.13898609493,1.11948504559,-1.15535129287,2.33258386556
3.90125,1.19014102732,-0.166465763109,0.987355444081,-1.45377285335,-0.247084839379,-1.13605725528,1.10919944855,-1.17165078855,2.3533687706
3.9025,1.18832467784,-0.16677553456,0.985937211156,-1.45239283194,-0.248559509679,-1.133102673,1.09875729331,-1.18769273049,2.37377317712
3.90375,1.18651004524,-0.167087161883,0.984522687399,-1.45102596012,-0.250054071206,-1.13012282234,1.08816162078,-1.20347638974,2.39379926779
3.905,1.18469711294,-0.167400669738,0.9831119041,-1.44967242789,-0.251568200653,-1.12711817483,1.0774154505,-1.21900104212,2.41344919202
3.90625,1.18288586417,-0.167716082384,0.981704891962,-1.44833242149,-0.253101573811,-1.12408919936,1.06652178026,-1.23426596893,2.43272506627
3.9075,1.18107628189,-0.168033423673,0.980301681102,-1.44700612344,-0.254653865575,-1.12103636217,1.05548358758,-1.24927045881,2.45162897575
3.90875,1.17926834886,-0.168352717048,0.978902301056,-1.44569371252,-0.256224749958,-1.11796012692,1.04430383008,-1.26401380623,2.47016297446
3.91,1.17746204761,-0.168673985548,0.977506780785,-1.44439536386,-0.257813900091,-1.11486095473,1.03298544375,-1.27849531211,2.48832908485
3.91125,1.17565736045,-0.168997251799,0.97611514867,-1.44311124891,-0.259420988238,-1.11173930421,1.02153134308,-1.29271428564,2.50612929742
3.9125,1.17385426948,-0.169322538018,0.974727432524,-1.4418415355,-0.261045685805,-1.10859563149,1.009944423,-1.30667004341,2.52356557296
3.91375,1.17205275661,-0.169649866013,0.973343659591,-1.44058638786,-0.262687663347,-1.10543039027,0.998227557693,-1.32036190971,2.5406398421
3.915,1.17025280351,-0.169979257177,0.971963856548,-1.43934596661,-0.264346590579,-1.10224403188,0.986383599434,-1.33378921685,2.55735400433
3.91625,1.16845439169,-0.17031073249,0.970588049511,-1.43812042886,-0.266022136389,-1.09903700526,0.974415380415,-1.34695130594,2.57370993015
3.9175,1.16665750244,-0.170644312518,0.969216264035,-1.43690992816,-0.267713968844,-1.09580975706,0.962325713181,-1.35984752739,2.5897094609
3.91875,1.16486211687,-0.170980017412,0.967848525119,-1.43571461457,-0.269421755207,-1.09256273161,0.950117388675,-1.37247724019,2.60535440812
3.92,1.16306821591,-0.171317866906,0.966484857206,-1.43453463469,-0.271145161945,-1.08929637104,0.937793176627,-1.3848398131,2.62064655415
3.92125,1.16127578028,-0.171657880317,0.965125284191,-1.43337013163,-0.27288385474,-1.08601111523,0.925355827121,-1.39693462472,2.6355876533
3.9225,1.15948479058,-0.172000076543,0.963769829418,-1.43222124512,-0.274637498507,-1.0827074019,0.912808070757,-1.40876106316,2.65017943198
3.92375,1.15769522717,-0.172344474063,0.962418515686,-1.43108811146,-0.276405757398,-1.07938566665,0.900152616464,-1.42031852725,2.66442358775
3.925,1.1559070703,-0.172691090936,0.961071365251,-1.42997086358,-0.278188294825,-1.07604634293,0.887392152549,-1.43160642625,2.67832179047
3.92625,1.15412030001,-0.1730399448,0.959728399829,-1.42886963107,-0.279984773464,-1.07268986217,0.874529348789,-1.44262418004,2.69187568335
3.9275,1.15233489622,-0.17339105287,0.958389640596,-1.42778454021,-0.281794855275,-1.06931665372,0.86156685411,-1.45337121982,2.70508688188
3.92875,1.15055083866,-0.173744431938,0.957055108195,-1.42671571394,-0.283618201513,-1.06592714497,0.848507296655,-1.46384698745,2.71795697442
3.93,1.14876810694,-0.174100098374,0.955724822734,-1.42566327196,-0.285454472743,-1.06252176129,0.835353285561,-1.47405093682,2.73048752292
3.93125,1.14698668048,-0.17445806812,0.954398803791,-1.42462733073,-0.287303328855,-1.05910092616,0.822107410931,-1.4839825332,2.74268006335
3.9325,1.14520653861,-0.174818356696,0.953077070418,-1.42360800344,-0.289164429076,-1.05566506113,0.808772242044,-1.49364125338,2.75453610548
3.93375,1.14342766047,-0.175180979193,0.951759641139,-1.42260540012,-0.291037431989,-1.05221458589,0.795350328303,-1.50302658719,2.76605713239
3.935,1.14165002511,-0.175545950276,0.950446533953,-1.42161962762,-0.292921995544,-1.0487499183,0.781844201333,-1.51213803612,2.77724460261
3.93625,1.13987361141,-0.175913284181,0.949137766343,-1.42065078962,-0.294817777079,-1.04527147439,0.768256372794,-1.52097511346,2.78809994979
3.9375,1.13809839813,-0.176282994718,0.947833355267,-1.41969898668,-0.296724433328,-1.04177966842,0.754589334611,-1.52953734606,2.79862458135
3.93875,1.13632436394,-0.176655095265,0.946533317172,-1.41876431628,-0.298641620444,-1.03827491293,0.740845560063,-1.53782427361,2.80881987997
3.94,1.13455148734,-0.177029598769,0.945237667985,-1.41784687278,-0.300568994012,-1.03475761872,0.727027504422,-1.54583544813,2.81868720501
3.94125,1.13277974676,-0.17740651775,0.943946423125,-1.41694674752,-0.302506209064,-1.03122819492,0.713137604248,-1.55357043475,2.82822789143
3.9425,1.13100912047,-0.177785864292,0.942659597498,-1.41606402877,-0.304452920099,-1.027687049,0.699178275681,-1.56102881243,2.83744324875
3.94375,1.12923958668,-0.17816765005,0.941377205502,-1.41519880183,-0.306408781096,-1.0241345868,0.685151918378,-1.5682101732,2.84633456399
3.945,1.12747112347,-0.178551886245,0.940099261031,-1.41435114898,-0.308373445532,-1.02057121259,0.671060914465,-1.57511412264,2.85490310105
3.94625,1.12570370881,-0.178938583664,0.938825777471,-1.41352114954,-0.310346566402,-1.01699732905,0.656907625716,-1.58174028016,2.86315009928
3.9475,1.1239373206,-0.179327752661,0.937556767708,-1.41270887991,-0.312327796232,-1.01341333734,0.642694397447,-1.58808827866,2.87107677591
3.94875,1.12217193661,-0.179719403154,0.936292244128,-1.41191441355,-0.314316787099,-1.00981963711,0.628423558464,-1.59415776473,2.87868432581
3.95,1.12040753456,-0.180113544629,0.935032218615,-1.41113782102,-0.316313190644,-1.00621662652,0.614097418702,-1.59994839979,2.88597392073
3.95125,1.11864409206,-0.180510186131,0.933776702561,-1.41037917,-0.318316658098,-1.00260470231,0.599718270041,-1.60545985949,2.89294670986
3.9525,1.11688158664,-0.180909336274,0.93252570686,-1.40963852534,-0.320326840293,-0.998984259749,0.585288388675,-1.61069183257,2.89960382077
3.95375,1.11511999575,-0.181311003232,0.931279241912,-1.40891594903,-0.32234338768,-0.995355692754,0.570810034856,-1.61564402267,2.9059463599
3.955,1.11335929676,-0.181715194743,0.930037317628,-1.40821150026,-0.32436595035,-0.991719393849,0.556285450443,-1.62031614821,2.91197541162
3.95625,1.111599467,-0.182121918108,0.928799943427,-1.40752523541,-0.32639417805,-0.988075754225,0.541716860516,-1.62470794197,2.91769203818
3.9575,1.10984048368,-0.182531180188,0.927567128242,-1.4068572081,-0.328427720205,-0.984425163754,0.527106476056,-1.62881915127,2.92309728193
3.95875,1.10808232398,-0.182942987408,0.926338880518,-1.40620746922,-0.330466225928,-0.98076801102,0.512456491288,-1.63264953766,2.92819216477
3.96,1.106324965,-0.183357345753,0.925115208215,-1.40557606688,-0.332509344049,-0.977104683342,0.497769082722,-1.63619887798,2.93297768635
3.96125,1.10456838381,-0.183774260768,0.92389611881,-1.40496304651,-0.334556723123,-0.973435566804,0.483046413296,-1.63946696404,2.93745482666
3.9625,1.10281255739,-0.184193737561,0.922681619298,-1.40436845084,-0.336608011459,-0.969761046275,0.468290631238,-1.642453602,2.94162454672
3.96375,1.10105746268,-0.184615780797,0.921471716194,-1.40379231993,-0.338662857128,-0.966081505437,0.453503867902,-1.64515861317,2.94548778634
3.965,1.09930307659,-0.185040394704,0.920266415534,-1.40323469117,-0.340720907992,-0.962397326809,0.438688239956,-1.64758183373,2.9490454654
3.96625,1.09754937595,-0.185467583067,0.919065722877,-1.40269559933,-0.342781811713,-0.958708891774,0.42384585081,-1.64972311506,2.95229848541
3.9675,1.09579633759,-0.185897349233,0.917869643305,-1.40217507655,-0.344845215779,-0.955016580596,0.408978789187,-1.65158232371,2.95524772835
3.96875,1.09404393826,-0.186329696106,0.916678181425,-1.40167315236,-0.346910767522,-0.951320772453,0.394089128304,-1.65315934087,2.9578940565
3.97,1.09229215471,-0.186764626152,0.915491341374,-1.40118985372,-0.348978114132,-0.947621845455,0.379178928392,-1.65445406345,2.96023831365
3.97125,1.09054096363,-0.187202141392,0.914309126812,-1.40072520504,-0.351046902681,-0.943920176669,0.36425023693,-1.65546640314,2.96228132565
3.9725,1.0887903417,-0.187642243408,0.913131540932,-1.40027922813,-0.353116780139,-0.940216142141,0.349305087229,-1.65619628679,2.96402389968
3.97375,1.08704026556,-0.188084933342,0.911958586456,-1.39985194232,-0.355187393398,-0.936510116919,0.334345499141,-1.65664365704,2.96546682389
3.975,1.08529071184,-0.188530211892,0.91079026564,-1.39944336438,-0.357258389282,-0.932802475081,0.319373480215,-1.6568084711,2.96661086922
3.97625,1.08354165715,-0.188978079315,0.909626580269,-1.39905350862,-0.359329414575,-0.929093589746,0.304391025793,-1.65669070153,2.96745678954
3.9775,1.08179307807,-0.189428535428,0.908467531665,-1.39868238682,-0.361400116036,-0.925383833107,0.289400118299,-1.65629033678,2.96800532001
3.97875,1.08004495118,-0.189881579605,0.907313120686,-1.39833000832,-0.363470140417,-0.921673576446,0.274402728178,-1.65560738018,2.96825717878
3.98,1.07829725305,-0.190337210779,0.906163347724,-1.39799638,-0.365539134486,-0.91796319016,0.259400814934,-1.65464184988,2.96821306758
3.98125,1.07654996023,-0.190795427442,0.905018212711,-1.39768150629,-0.367606745042,-0.914253043777,0.244396326388,-1.65339377961,2.96787367083
3.9825,1.07480304928,-0.191256227642,0.903877715115,-1.39738538918,-0.369672618935,-0.910543505983,0.229391198082,-1.65186321915,2.96723965589
3.98375,1.07305649676,-0.191719608989,0.902741853946,-1.39710802829,-0.37173640309,-0.906834944638,0.214387355686,-1.65005023288,2.96631167373
3.985,1.07131027921,-0.19218556865,0.901610627753,-1.39684942079,-0.373797744517,-0.903127726799,0.199386715417,-1.64795489984,2.96509036004
3.98625,1.0695643732,-0.19265410335,0.900484034629,-1.3966095615,-0.375856290339,-0.899422218738,0.184391181324,-1.64557731554,2.96357633342
3.9875,1.06781875531,-0.193125209376,0.899362072206,-1.39638844284,-0.377911687806,-0.895718785965,0.169402647612,-1.64291759058,2.96177019625
3.98875,1.0660734021,-0.19359888257,0.898244737664,-1.39618605488,-0.379963584316,-0.892017793247,0.154423000731,-1.6399758497,2.9596725366
3.99,1.06432829017,-0.194075118336,0.897132027723,-1.39600238534,-0.382011627431,-0.888319604624,0.139454116606,-1.63675223345,2.95728392639
3.99125,1.06258339613,-0.194553911638,0.896023938652,-1.39583741959,-0.384055464899,-0.884624583431,0.124497860861,-1.63324689837,2.95460492159
3.9925,1.06083869662,-0.195035256999,0.894920466265,-1.39569114069,-0.386094744677,-0.88093309232,0.109556091957,-1.62946001552,2.95163606379
3.99375,1.05909416828,-0.1955191485,0.893821605921,-1.39556352936,-0.388129114938,-0.877245493271,0.0946306607375,-1.62539177048,2.94837788006
3.995,1.0573497878,-0.196005579786,0.892727352531,-1.39545456404,-0.390158224103,-0.873562147619,0.0797234083392,-1.62104236473,2.94483088207
3.99625,1.05560553187,-0.19649454406,0.891637700552,-1.39536422084,-0.39218172085,-0.869883416066,0.0648361679167,-1.61641201533,2.94099556668
3.9975,1.05386137725,-0.196986034088,0.890552643991,-1.39529247362,-0.394199254141,-0.866209658703,0.0499707667132,-1.61150095306,2.93687241763
3.99875,1.05211730069,-0.197480042196,0.889472176405,-1.39523929392,-0.396210473233,-0.862541235022,0.0351290244907,-1.60630942402,2.93246190415
4,1.05037327901,-0.197976560271,0.888396290904,-1.39520465105,-0.398215027701,-0.858878503942,0.0203127531677,-1.60083769051,2.92776448046
4.00125,1.04862928906,-0.198475579765,0.887324980146,-1.39518851204,-0.400212567459,-0.855221823821,0.00552375909137,-1.59508602879,2.92278058803
4.0025,1.04688530773,-0.19897709169,0.886258236344,-1.39519084166,-0.402202742773,-0.851571552472,-0.00923615730244,-1.58905472978,2.91751065479
4.00375,1.04514131196,-0.199481086622,0.885196051264,-1.39521160243,-0.404185204283,-0.847928047184,-0.02396520199,-1.58274409989,2.91195509499
4.005,1.04339727872,-0.1999875547,0.884138416226,-1.39525075466,-0.406159603023,-0.844291664735,-0.0386615858588,-1.57615445997,2.90611430974
4.00625,1.04165318507,-0.200496485629,0.883085322103,-1.3953082564,-0.408125590433,-0.84066276141,-0.0533235249804,-1.56928614567,2.89998868682
4.0075,1.03990900808,-0.201007868677,0.882036759323,-1.39538406347,-0.410082818387,-0.837041693018,-0.0679492403606,-1.56213950787,2.89357860183
4.00875,1.03816472491,-0.201521692675,0.88099271787,-1.3954781295,-0.412030939203,-0.833428814905,-0.0825369571203,-1.55471491152,2.88688441749
4.01,1.03642031276,-0.202037946025,0.879953187285,-1.39559040587,-0.413969605666,-0.829824481974,-0.097084904337,-1.54701273599,2.87990648342
4.01125,1.0346757489,-0.20255661669,0.878918156665,-1.39572084176,-0.415898471043,-0.826229048697,-0.111591314817,-1.5390333761,2.87264513747
4.0125,1.03293101065,-0.203077692202,0.877887614664,-1.39586938415,-0.417817189106,-0.82264286913,-0.126054425073,-1.53077724095,2.86510070546
4.01375,1.03118607544,-0.203601159662,0.876861549492,-1.39603597782,-0.419725414145,-0.819066296933,-0.140472474118,-1.52224475344,2.85727350104
4.015,1.02944092071,-0.204127005738,0.875839948921,-1.39622056534,-0.42162280099,-0.815499685378,-0.154843703217,-1.51343635119,2.84916382602
4.01625,1.02769552402,-0.204655216665,0.874822800279,-1.39642308708,-0.423509005023,-0.811943387368,-0.169166356363,-1.5043524867,2.84077197041
4.0175,1.02594986299,-0.20518577825,0.873810090453,-1.39664348123,-0.425383682206,-0.808397755452,-0.183438679392,-1.49499362667,2.83209821309
4.01875,1.02420391532,-0.20571867587,0.87280180589,-1.39688168378,-0.42724648909,-0.804863141835,-0.197658919296,-1.48536025127,2.82314282172
4.02,1.02245765878,-0.206253894473,0.871797932598,-1.39713762853,-0.429097082835,-0.801339898397,-0.211825324163,-1.47545285528,2.81390605241
4.02125,1.02071107125,-0.206791418577,0.870798456144,-1.39741124709,-0.430935121228,-0.797828376704,-0.225936143056,-1.46527194827,2.80438815044
4.0225,1.01896413067,-0.207331232276,0.869803361656,-1.39770246889,-0.432760262705,-0.794328928021,-0.239989625084,-1.45481805317,2.79458935042
4.02375,1.01721681508,-0.207873319234,0.868812633824,-1.39801122115,-0.434572166361,-0.790841903328,-0.253984019423,-1.44409170681,2.78450987628
4.025,1.01546910261,-0.208417662692,0.867826256898,-1.39833742893,-0.436370491972,-0.787367653331,-0.26791757457,-1.43309346046,2.77414994109
4.02625,1.0137209715,-0.208964245464,0.866844214691,-1.39868101509,-0.438154900012,-0.783906528475,-0.281788538268,-1.42182387905,2.76350974812
4.0275,1.01197240007,-0.209513049942,0.865866490577,-1.39904190028,-0.43992505167,-0.78045887896,-0.29559515749,-1.41028354133,2.75258949034
4.02875,1.01022336675,-0.210064058093,0.864893067493,-1.39942000298,-0.441680608866,-0.77702505475,-0.309335676934,-1.39847304015,2.74138935017
4.03,1.00847385007,-0.210617251464,0.86392392794,-1.39981523947,-0.44342123427,-0.773605405585,-0.323008339433,-1.38639298146,2.72990950048
4.03125,1.00672382865,-0.211172611179,0.86295905398,-1.40022752383,-0.445146591319,-0.770200280998,-0.336611385569,-1.37404398512,2.71815010467
4.0325,1.00497328126,-0.211730117942,0.861998427238,-1.40065676794,-0.446856344233,-0.766810030323,-0.350143052833,-1.36142668521,2.70611131618
4.03375,1.00322218673,-0.212289752039,0.861042028904,-1.40110288146,-0.448550158032,-0.763435002708,-0.36360157585,-1.34854172837,2.69379327915
4.035,1.00147052405,-0.212851493337,0.860089839731,-1.40156577188,-0.450227698554,-0.760075547125,-0.37698518538,-1.33538977504,2.68119612815
4.03625,0.999718272305,-0.213415321286,0.859141840036,-1.40204534443,-0.45188863247,-0.756732012387,-0.390292107773,-1.32197149943,2.66831998872
4.0375,0.997965410693,-0.213981214919,0.8581980097,-1.40254150215,-0.453532627303,-0.753404747154,-0.403520565533,-1.30828758874,2.65516497766
4.03875,0.996211918549,-0.214549152854,0.857258328168,-1.40305414584,-0.455159351442,-0.750094099943,-0.416668776097,-1.29433874359,2.64173120238
4.04,0.994457775328,-0.215119113297,0.85632277445,-1.40358317409,-0.456768474162,-0.746800419148,-0.429734951308,-1.28012567782,2.62801876193
4.04125,0.992702960614,-0.21569107404,0.85539132712,-1.40412848322,-0.458359665636,-0.743524053039,-0.44271729746,-1.26564911835,2.61402774634
4.0425,0.99094745412,-0.216265012461,0.854463964317,-1.40468996733,-0.459932596957,-0.740265349782,-0.455614014936,-1.25090980521,2.59975823722
4.04375,0.989191235696,-0.216840905532,0.853540663746,-1.40526751826,-0.461486940149,-0.737024657445,-0.468423297412,-1.2359084916,2.5852103081
4.045,0.987434285325,-0.217418729812,0.852621402674,-1.40586102557,-0.463022368186,-0.733802324012,-0.481143331217,-1.22064594361,2.57038402392
4.04625,0.985676583132,-0.217998461452,0.851706157936,-1.40647037658,-0.464538555008,-0.730598697386,-0.493772295613,-1.20512294026,2.55527944162
4.0475,0.983918109383,-0.218580076199,0.85079490593,-1.40709545631,-0.466035175537,-0.727414125408,-0.506308362083,-1.18934027387,2.53989660987
4.04875,0.982158844491,-0.219163549391,0.849887622622,-1.40773614749,-0.467511905693,-0.724248955861,-0.518749693583,-1.17329874893,2.52423556963
4.05,0.980398769015,-0.219748855963,0.848984283541,-1.40839233055,-0.468968422409,-0.721103536483,-0.531094444454,-1.15699918269,2.50829635415
4.05125,0.978637863665,-0.220335970447,0.848084863781,-1.4090638836,-0.47040440365,-0.717978214976,-0.543340760055,-1.14044240575,2.49207898885
4.0525,0.976876109306,-0.220924866973,0.847189338003,-1.40975068245,-0.471819528424,-0.714873339011,-0.555486775647,-1.1236292611,2.47558349154
4.05375,0.975113486959,-0.221515519268,0.846297680433,-1.41045260054,-0.473213476802,-0.711789256247,-0.567530616718,-1.10656060418,2.45880987263
4.055,0.973349977804,-0.222107900665,0.845409864863,-1.41116950899,-0.474585929934,-0.70872631433,-0.579470398679,-1.08923730277,2.44175813511
4.05625,0.971585563186,-0.222701984093,0.844525864648,-1.41190127654,-0.475936570059,-0.705684860909,-0.591304225213,-1.07166023778,2.42442827457
4.0575,0.969820224613,-0.22329774209,0.84364565271,-1.41264776955,-0.477265080529,-0.702665243643,-0.603030188904,-1.05383030232,2.4068202797
4.05875,0.968053943762,-0.223895146794,0.842769201538,-1.41340885201,-0.478571145815,-0.69966781021,-0.614646370991,-1.03574840139,2.38893413193
4.06,0.966286702483,-0.224494169954,0.841896483185,-1.41418438548,-0.479854451532,-0.696692908313,-0.626150839821,-1.01741545318,2.37076980552
4.06125,0.964518482799,-0.225094782923,0.841027469268,-1.41497422911,-0.481114684448,-0.693740885696,-0.63754165094,-0.998832387961,2.35232726823
4.0625,0.96274926691,-0.225696956665,0.840162130971,-1.41577823961,-0.482351532502,-0.690812090143,-0.648816846956,-0.980000147695,2.33360648083
4.06375,0.960979037199,-0.226300661755,0.839300439042,-1.41659627123,-0.483564684817,-0.687906869494,-0.659974456948,-0.960919687361,2.31460739699
4.065,0.959207776232,-0.226905868377,0.838442363797,-1.41742817575,-0.48475383172,-0.68502557165,-0.671012495422,-0.94159197385,2.29532996407
4.06625,0.95743546676,-0.227512546334,0.837587875113,-1.41827380246,-0.485918664752,-0.682168544584,-0.681928962354,-0.922017985761,2.27577412277
4.0675,0.955662091726,-0.228120665039,0.836736942435,-1.41913299815,-0.487058876685,-0.679336136344,-0.692721843143,-0.902198714386,2.25593980742
4.06875,0.953887634265,-0.228730193526,0.835889534772,-1.42000560707,-0.488174161538,-0.676528695065,-0.703389106888,-0.882135163175,2.23582694573
4.07,0.952112077708,-0.229341100443,0.835045620698,-1.42089147092,-0.489264214593,-0.673746568979,-0.713928706887,-0.861828347393,2.21543545858
4.07125,0.950335405587,-0.229953354062,0.83420516835,-1.42179042884,-0.490328732406,-0.670990106419,-0.724338580403,-0.841279293877,2.1947652614
4.0725,0.948557601636,-0.230566922274,0.833368145432,-1.42270231737,-0.491367412827,-0.668259655826,-0.734616647355,-0.82048904211,2.17381626292
4.07375,0.946778649794,-0.231181772594,0.83253451921,-1.42362697046,-0.492379955012,-0.665555565761,-0.74476080988,-0.79945864328,2.15258836524
4.075,0.94499853421,-0.231797872162,0.831704256517,-1.4245642194,-0.493366059436,-0.662878184913,-0.754768952516,-0.7781891604,2.13108146486
4.07625,0.943217239246,-0.232415187743,0.830877323748,-1.42551389284,-0.494325427913,-0.660227862099,-0.764638941883,-0.756681668969,2.10929545212
4.0775,0.941434749478,-0.233033685731,0.830053686862,-1.42647581675,-0.495257763608,-0.657604946282,-0.774368624888,-0.734937255589,2.08723021105
4.07875,0.939651049704,-0.233653332152,0.829233311382,-1.4274498144,-0.496162771052,-0.655009786572,-0.783955828865,-0.71295701897,2.0648856196
4.08,0.937866124942,-0.234274092659,0.828416162396,-1.42843570632,-0.497040156155,-0.652442732233,-0.793398362043,-0.690742069975,2.04226154976
4.08125,0.936079960438,-0.234895932542,0.827602204552,-1.42943331031,-0.497889626227,-0.649904132697,-0.802694012145,-0.668293531055,2.01935786768
4.0825,0.934292541666,-0.235518816725,0.826791402064,-1.43044244135,-0.498710889983,-0.647394337564,-0.811840545612,-0.64561253659,1.9961744335
4.08375,0.932503854334,-0.236142709767,0.825983718708,-1.43146291167,-0.499503657568,-0.644913696613,-0.820835707532,-0.62270023268,1.97271110144
4.085,0.930713884387,-0.236767575869,0.825179117822,-1.43249453062,-0.500267640565,-0.64246255981,-0.829677221236,-0.599557777144,1.94896771961
4.08625,0.928922618008,-0.237393378868,0.824377562308,-1.43353710472,-0.501002552011,-0.640041277314,-0.838362787954,-0.576186339776,1.92494413025
4.0875,0.927130041625,-0.238020082249,0.823579014629,-1.43459043759,-0.501708106414,-0.637650199485,-0.846890085631,-0.552587102373,1.90064017017
4.08875,0.925336141914,-0.238647649135,0.82278343681,-1.43565432994,-0.502384019767,-0.635289676889,-0.855256768887,-0.528761258062,1.87605566971
4.09,0.9235409058,-0.239276042298,0.821990790437,-1.43672857952,-0.503030009559,-0.632960060311,-0.863460468804,-0.504710011955,1.85119045341
4.09125,0.921744320465,-0.239905224158,0.821201036659,-1.43781298111,-0.503645794797,-0.630661700755,-0.871498791548,-0.4804345813,1.82604434046
4.0925,0.919946373348,-0.240535156785,0.820414136185,-1.43890732649,-0.504231096013,-0.628394949459,-0.879369318568,-0.455936194504,1.80061714343
4.09375,0.918147052149,-0.241165801898,0.819630049285,-1.44001140441,-0.504785635283,-0.626160157897,-0.887069606233,-0.431216092341,1.7749086692
4.095,0.916346344837,-0.241797120873,0.81884873579,-1.44112500051,-0.505309136244,-0.623957677786,-0.894597184379,-0.406275527354,1.74891871909
4.09625,0.914544239648,-0.242429074739,0.818070155091,-1.44224789737,-0.505801324101,-0.621787861099,-0.901949556646,-0.381115763696,1.72264708817
4.0975,0.912740725093,-0.243061624183,0.817294266137,-1.4433798744,-0.506261925653,-0.619651060066,-0.909124200075,-0.355738077713,1.69609356558
4.09875,0.910935789962,-0.243694729553,0.816521027441,-1.44452070787,-0.506690669296,-0.617547627185,-0.916118563555,-0.330143757344,1.66925793415
4.1,0.909129423323,-0.244328350857,0.815750397069,-1.44567017081,-0.507087285046,-0.615477915231,-0.922930068304,-0.30433410281,1.64213997104
4.10125,0.907321614535,-0.244962447766,0.814982332652,-1.44682803304,-0.507451504553,-0.613442277258,-0.929556107007,-0.27831042612,1.61473944729
4.1025,0.905512353241,-0.245596979618,0.814216791376,-1.44799406108,-0.507783061111,-0.611441066612,-0.935994043243,-0.252074051122,1.58705612746
4.10375,0.903701629382,-0.246231905419,0.813453729986,-1.44916801815,-0.508081689681,-0.609474636939,-0.94224121085,-0.225626313892,1.55908977065
4.105,0.901889433195,-0.246867183842,0.812693104784,-1.4503496641,-0.508347126896,-0.607543342186,-0.948294913746,-0.198968562518,1.53084012904
4.10625,0.900075755222,-0.247502773236,0.81193487163,-1.45153875543,-0.508579111087,-0.605647536616,-0.954152425357,-0.172102157313,1.50230694835
4.1075,0.898260586307,-0.24813863162,0.811178985942,-1.45273504517,-0.508777382289,-0.603787574815,-0.959810987115,-0.145028470621,1.47348996863
4.10875,0.896443917609,-0.248774716692,0.810425402693,-1.4539382829,-0.508941682263,-0.601963811695,-0.965267809624,-0.117748887124,1.44438892305
4.11,0.8946257406,-0.249410985826,0.809674076413,-1.45514821469,-0.509071754507,-0.600176602507,-0.970520071178,-0.0902648037027,1.41500353811
4.11125,0.892806047072,-0.250047396078,0.808924961187,-1.45636458308,-0.509167344273,-0.598426302849,-0.975564916348,-0.0625776296147,1.38533353422
4.1125,0.890984829142,-0.250683904186,0.808178010656,-1.45758712698,-0.509228198581,-0.596713268672,-0.980399457467,-0.0346887863145,1.35537862459
4.11375,0.889162079254,-0.251320466574,0.807433178015,-1.45881558172,-0.509254066238,-0.595037856288,-0.985020772668,-0.00659970780248,1.3251385157
4.115,0.887337790188,-0.251957039352,0.806690416015,-1.46004967891,-0.509244697851,-0.593400422383,-0.989425904959,0.0216881588642,1.29461290737
4.11625,0.885511955057,-0.252593578319,0.80594967696,-1.46128914648,-0.509199845841,-0.59180132402,-0.993611863373,0.05017335464,1.2638014922
4.1175,0.883684567321,-0.253230038967,0.805210912705,-1.46253370857,-0.509119264464,-0.590240918652,-0.997575621113,0.0788544077693,1.23270395575
4.11875,0.881855620786,-0.25386637648,0.804474074663,-1.46378308553,-0.509002709822,-0.58871956413,-1.00131411496,0.107729833627,1.20131997633
4.12,0.880025109608,-0.254502545741,0.803739113795,-1.46503699386,-0.50884993988,-0.587237618711,-1.00482424564,0.136798134412,1.16964922493
4.12125,0.878193028301,-0.25513850133,0.803005980616,-1.46629514615,-0.508660714486,-0.585795441068,-1.00810287649,0.166057799652,1.1376913649
4.1225,0.876359371742,-0.255774197527,0.802274625192,-1.46755725105,-0.508434795381,-0.584393390299,-1.01114683291,0.195507306029,1.10544605216
4.12375,0.874524135173,-0.256409588318,0.80154499714,-1.46882301323,-0.508171946221,-0.583031825937,-1.01395290239,0.225145116696,1.07291293491
4.125,0.872687314209,-0.257044627393,0.800817045627,-1.47009213331,-0.507871932589,-0.581711107962,-1.01651783368,0.254969681851,1.04009165286
4.12625,0.87084890484,-0.25767926815,0.80009071937,-1.47136430782,-0.507534522016,-0.580431596805,-1.01883833606,0.284979438027,1.00698183833
4.1275,0.86900890344,-0.258313463698,0.799365966635,-1.47263922915,-0.507159483994,-0.579193653366,-1.02091107869,0.315172808598,0.973583115478
4.12875,0.867167306767,-0.25894716686,0.798642735237,-1.47391658551,-0.506746589995,-0.577997639017,-1.02273269054,0.345548203239,0.939895099237
4.13,0.865324111976,-0.259580330173,0.797920972538,-1.47519606087,-0.506295613486,-0.576843915618,-1.02429975957,0.376104017863,0.905917396494
4.13125,0.863479316615,-0.260212905893,0.797200625448,-1.47647733491,-0.50580632995,-0.575732845525,-1.02560883195,0.406838634643,0.871649605528
4.1325,0.861632918639,-0.260844845998,0.796481640424,-1.47776008295,-0.505278516899,-0.574664791604,-1.02665641207,0.437750421406,0.837091315452
4.13375,0.859784916408,-0.261476102186,0.795763963469,-1.47904397594,-0.504711953896,-0.573640117237,-1.02743896139,0.468837732336,0.802242106329
4.135,0.857935308699,-0.262106625882,0.795047540131,-1.48032868036,-0.504106422569,-0.572659186338,-1.02795289815,0.500098907281,0.767101548831
4.13625,0.856084094707,-0.262736368242,0.794332315503,-1.48161385819,-0.503461706628,-0.571722363365,-1.02819459685,0.531532271526,0.731669204083
4.1375,0.854231274053,-0.263365280149,0.793618234223,-1.48289916685,-0.50277759189,-0.570830013328,-1.02816038748,0.563136135946,0.695944623567
4.13875,0.85237684679,-0.263993312222,0.79290524047,-1.48418425916,-0.502053866288,-0.569982501806,-1.02784655569,0.594908796541,0.659927348579
4.14,0.850520813405,-0.264620414815,0.792193277968,-1.48546878324,-0.501290319898,-0.569180194956,-1.02724934097,0.626848534324,0.623616910275
4.14125,0.848663174832,-0.265246538022,0.791482289982,-1.48675238251,-0.500486744953,-0.56842345953,-1.02636493668,0.658953615652,0.58701282976
4.1425,0.846803932449,-0.265871631677,0.790772219319,-1.48803469558,-0.499642935859,-0.567712662882,-1.0251894905,0.691222291744,0.550114616999
4.14375,0.844943088093,-0.266495645361,0.790063008325,-1.48931535623,-0.498758689223,-0.567048172988,-1.02371910227,0.723652797666,0.512921771087
4.145,0.843080644059,-0.2671185284,0.789354598887,-1.49059399334,-0.497833803865,-0.566430358454,-1.02194982392,0.756243353487,0.475433780389
4.14625,0.841216603109,-0.267740229871,0.788646932429,-1.49187023079,-0.49686808084,-0.565859588537,-1.0198776597,0.788992163661,0.437650121398
4.1475,0.839350968482,-0.268360698602,0.787939949915,-1.49314368749,-0.495861323456,-0.565336233151,-1.01749856478,0.821897416012,0.399570258742
4.14875,0.837483743891,-0.268979883179,0.787233591846,-1.49441397721,-0.4948133373,-0.56486066289,-1.01480844501,0.854957282888,0.361193645494
4.15,0.835614933539,-0.269597731946,0.786527798258,-1.4956807086,-0.493723930249,-0.564433249037,-1.01180315605,0.888169920006,0.322519722545
4.15125,0.833744542119,-0.270214193005,0.785822508724,-1.4969434851,-0.492592912499,-0.564054363583,-1.00847850306,0.921533466135,0.283547918002
4.1525,0.831872574826,-0.270829214227,0.785117662349,-1.49820190486,-0.491420096583,-0.563724379242,-1.00483024059,0.955046043742,0.244277646971
4.15375,0.829999037357,-0.271442743247,0.784413197776,-1.4994555607,-0.49020529739,-0.563443669466,-1.00085407109,0.988705758192,0.20470831148
4.155,0.828123935924,-0.27205472747,0.783709053176,-1.50070404003,-0.488948332188,-0.563212608463,-0.996545645012,1.02251069738,0.164839300396
4.15625,0.826247277257,-0.272665114077,0.783005166254,-1.50194692481,-0.487649020647,-0.563031571215,-0.99190056028,1.05645893165,0.124669988668
4.1575,0.824369068612,-0.273273850022,0.782301474248,-1.50318379143,-0.486307184859,-0.562900933492,-0.98691436126,1.09054851385,0.084199736807
4.15875,0.822489317778,-0.273880882039,0.781597913921,-1.50441421071,-0.484922649362,-0.562821071873,-0.981582538475,1.12477747887,0.0434278911825
4.16,0.820608033085,-0.274486156645,0.780894421568,-1.50563774778,-0.483495241162,-0.562792363764,-0.975900528147,1.15914384314,0.00235378352045
4.16125,0.818725223409,-0.275089620142,0.780190933011,-1.50685396203,-0.482024789754,-0.562815187414,-0.969863711657,1.19364560464,-0.0390232698237
4.1625,0.81684089818,-0.27569121862,0.779487383599,-1.50806240706,-0.48051112715,-0.562889921938,-0.963467414863,1.22828074278,-0.0807039681603
4.16375,0.814955067391,-0.27629089796,0.778783708206,-1.50926263057,-0.478954087897,-0.563016947335,-0.956706907368,1.26304721775,-0.122689026489
4.165,0.813067741604,-0.276888603839,0.778079841231,-1.51045417433,-0.477353509106,-0.563196644505,-0.949577402412,1.29794297035,-0.164979175702
4.16625,0.811178931955,-0.277484281733,0.777375716595,-1.51163657408,-0.475709230471,-0.563429395274,-0.942074056434,1.33296592185,-0.20757516379
4.1675,0.809288650169,-0.278077876916,0.776671267743,-1.51280935947,-0.474021094301,-0.563715582414,-0.934191967712,1.368113974,-0.250477755799
4.16875,0.807396908557,-0.278669334468,0.775966427639,-1.513972054,-0.472288945536,-0.564055589663,-0.925926176388,1.40338500803,-0.293687733938
4.17,0.805503720034,-0.279258599279,0.775261128769,-1.51512417491,-0.470512631781,-0.564449801749,-0.917271664253,1.43877688433,-0.337205898177
4.17125,0.803609098119,-0.279845616048,0.774555303135,-1.51626523316,-0.468692003326,-0.564898604409,-0.908223353417,1.47428744316,-0.381033066742
4.1725,0.801713056951,-0.280430329288,0.773848882258,-1.51739473329,-0.466826913173,-0.565402384416,-0.898776106487,1.50991450351,-0.425170076687
4.17375,0.799815611286,-0.281012683331,0.773141797174,-1.51851217342,-0.464917217067,-0.5659615296,-0.888924726042,1.5456558625,-0.469617784188
4.175,0.797916776517,-0.28159262233,0.772433978434,-1.51961704511,-0.462962773517,-0.566576428876,-0.878663953017,1.58150929589,-0.514377064837
4.17625,0.796016568673,-0.282170090265,0.771725356101,-1.52070883331,-0.460963443827,-0.567247472263,-0.867988467462,1.61747255746,-0.559448814147
4.1775,0.794115004434,-0.28274503094,0.771015859753,-1.52178701628,-0.458919092123,-0.567975050912,-0.856892888146,1.65354337835,-0.604833948069
4.17875,0.792212101133,-0.283317387995,0.770305418474,-1.52285106553,-0.456829585381,-0.568759557133,-0.84537177072,1.68971946688,-0.650533403405
4.18,0.79030787677,-0.283887104903,0.76959396086,-1.5239004457,-0.454694793456,-0.56960138442,-0.833419607966,1.72599850816,-0.696548138694
4.18125,0.788402350019,-0.284454124979,0.768881415013,-1.52493461455,-0.452514589111,-0.570500927479,-0.821030829775,1.76237816412,-0.742879133986
4.1825,0.786495540234,-0.285018391376,0.768167708541,-1.52595302278,-0.450288848046,-0.571458582255,-0.808199801827,1.7988560727,-0.789527391635
4.18375,0.784587467462,-0.285579847099,0.767452768558,-1.52695511405,-0.448017448929,-0.572474745959,-0.794920825569,1.83542984757,-0.83649393714
4.185,0.782678152449,-0.286138434999,0.766736521677,-1.52794032484,-0.445700273427,-0.573549817098,-0.781188137694,1.87209707797,-0.883779818991
4.18625,0.780767616649,-0.286694097782,0.766018894015,-1.52890808439,-0.443337206234,-0.574684195506,-0.766995909294,1.90885532807,-0.931386109892
4.1875,0.778855882238,-0.287246778014,0.765299811188,-1.52985781462,-0.440928135107,-0.575878282373,-0.752338246139,1.94570213622,-0.97931390701
4.18875,0.776942972113,-0.28779641812,0.764579198309,-1.53078893001,-0.438472950894,-0.577132480274,-0.737209187491,1.98263501548,-1.02756433189
4.19,0.775028909913,-0.288342960391,0.763856979987,-1.53170083758,-0.435971547568,-0.578447193202,-0.721602705585,2.01965145344,-1.07613853202
4.19125,0.773113720019,-0.288886346989,0.763133080326,-1.53259293677,-0.43342382226,-0.579822826604,-0.705512705827,2.05674890989,-1.12503768116
4.1925,0.771197427571,-0.289426519947,0.762407422921,-1.53346461935,-0.430829675293,-0.581259787405,-0.68893302614,2.09392481763,-1.17426297913
4.19375,0.769280058471,-0.289963421177,0.761679930857,-1.53431526934,-0.428189010216,-0.582758484051,-0.671857436237,2.1311765834,-1.22381565311
4.195,0.767361639397,-0.290496992473,0.76095052671,-1.53514426294,-0.425501733835,-0.584319326538,-0.654279637183,2.168501585,-1.27369695822
4.19625,0.765442197813,-0.291027175512,0.760219132541,-1.53595096843,-0.422767756253,-0.585942726447,-0.636193261289,2.20589717198,-1.32390817794
4.1975,0.763521761976,-0.291553911863,0.759485669894,-1.53673474609,-0.419986990905,-0.587629096983,-0.617591871605,2.24336066593,-1.3744506246
4.19875,0.761600360948,-0.292077142989,0.758750059799,-1.53749494811,-0.417159354589,-0.589378853008,-0.598468961198,2.28088935864,-1.42532563996
4.2,0.759678024606,-0.29259681025,0.758012222762,-1.5382309185,-0.414284767508,-0.591192411083,-0.578817953078,2.31848051262,-1.47653459628
4.20125,0.757754783652,-0.293112854908,0.757272078771,-1.53894199299,-0.411363153307,-0.593070189499,-0.558632200136,2.35613136047,-1.52807889654
4.2025,0.755830669623,-0.293625218133,0.756529547288,-1.539627499,-0.408394439107,-0.595012608324,-0.537904983844,2.39383910424,-1.57995997511
4.20375,0.753905714904,-0.294133841006,0.75578454725,-1.54028675545,-0.405378555546,-0.597020089437,-0.516629514595,2.43160091483,-1.63217929864
4.205,0.751979952735,-0.294638664522,0.755036997064,-1.54091907278,-0.40231543682,-0.599093056571,-0.4947989313,2.46941393197,-1.68473836648
4.20625,0.750053417222,-0.295139629598,0.754286814609,-1.54152375278,-0.399205020716,-0.601231935353,-0.472406300401,2.50727526355,-1.73763871139
4.2075,0.748126143353,-0.295636677074,0.753533917226,-1.54210008853,-0.396047248661,-0.603437153349,-0.449444616856,2.54518198507,-1.79088190068
4.20875,0.746198167001,-0.296129747719,0.752778221725,-1.54264736432,-0.392842065754,-0.605709140105,-0.425906802366,2.58313113944,-1.84446953597
4.21,0.744269524942,-0.296618782238,0.752019644376,-1.54316485554,-0.389589420812,-0.608048327189,-0.401785705594,2.62111973586,-1.89840325459
4.21125,0.742340254862,-0.297103721271,0.751258100907,-1.54365182859,-0.386289266414,-0.610455148241,-0.377074102653,2.65914475007,-1.95268473044
4.2125,0.740410395371,-0.297584505404,0.750493506505,-1.5441075408,-0.382941558937,-0.612930039015,-0.351764695392,2.69720312376,-2.00731567397
4.21375,0.73847998601,-0.298061075169,0.74972577581,-1.54453124033,-0.379546258605,-0.615473437426,-0.325850112426,2.73529176337,-2.06229783387
4.215,0.73654906727,-0.298533371051,0.748954822912,-1.54492216608,-0.376103329529,-0.6180857836,-0.299322908245,2.77340754016,-2.11763299706
4.21625,0.734617680595,-0.299001333492,0.748180561351,-1.5452795476,-0.372612739754,-0.620767519919,-0.272175562532,2.81154729022,-2.17332298944
4.2175,0.732685868401,-0.2994649029,0.747402904112,-1.54560260498,-0.369074461303,-0.623519091073,-0.24440048112,2.84970781335,-2.22936967746
4.21875,0.730753674083,-0.299924019646,0.746621763623,-1.5458905488,-0.365488470221,-0.626340944113,-0.215989994945,2.88788587186,-2.28577496803
4.22,0.728821142029,-0.300378624075,0.745837051752,-1.54614257997,-0.361854746624,-0.629233528494,-0.186936359864,2.92607819125,-2.34254080967
4.22125,0.726888317633,-0.300828656512,0.745048679802,-1.5463578897,-0.358173274743,-0.632197296137,-0.157231756725,2.96428145992,-2.39966919369
4.2225,0.724955247304,-0.301274057262,0.744256558511,-1.54653565936,-0.354444042974,-0.635232701478,-0.126868291341,3.00249232732,-2.45716215406
4.22375,0.723021978484,-0.30171476662,0.743460598048,-1.54667506043,-0.350667043925,-0.638340201522,-0.0958380547672,3.04070743711,-2.51502172878
4.225,0.721088559653,-0.302150724872,0.742660708007,-1.5467752545,-0.346842274381,-0.6415202558,-0.0641344855012,3.07892417231,-2.57324904715
4.22625,0.719155040348,-0.302581872306,0.741856797409,-1.54683539664,-0.342969733494,-0.64477332414,-0.0317565562909,3.1171429516,-2.63184152386
4.2275,0.717221471162,-0.303008149206,0.741048774697,-1.54685464589,-0.339049417002,-0.648099859609,0.00128858002881,3.15536871003,-2.69079107761
4.22875,0.715287903733,-0.303429495848,0.74023654776,-1.54683217519,-0.335081311719,-0.651500301834,0.0349886860477,3.19360925177,-2.7500861906
4.23,0.713354390724,-0.303845852485,0.739420023943,-1.54676717418,-0.331065393873,-0.654975075086,0.0693303068374,3.23187315778,-2.80971449379
4.23125,0.711420985798,-0.304257159333,0.738599110072,-1.54665884942,-0.327001628824,-0.658524588068,0.104299810459,3.2701692196,-2.86966346314
4.2325,0.7094877436,-0.304663356557,0.737773712472,-1.54650642465,-0.322889970824,-0.662149233744,0.139883416273,3.30850642311,-2.92992043994
4.23375,0.707554719736,-0.30506438426,0.736943736987,-1.54630914088,-0.318730362766,-0.665849389168,0.176067191637,3.34689394859,-2.99047263011
4.235,0.705621970748,-0.305460182464,0.736109088999,-1.54606625667,-0.314522735952,-0.669625415319,0.212837048866,3.38534116994,-3.05130710233
4.23625,0.703689554094,-0.3058506911,0.735269673449,-1.54577704826,-0.310267009842,-0.673477656924,0.250178741089,3.42385765478,-3.11241078744
4.2375,0.701757528127,-0.306235849989,0.734425394857,-1.54544080982,-0.305963091815,-0.677406442288,0.288077859022,3.46245316469,-3.17377047727
4.23875,0.69982595207,-0.306615598829,0.733576157343,-1.54505685361,-0.30161087693,-0.681412083117,0.326519827672,3.50113765396,-3.23537282329
4.24,0.697894885993,-0.306989877181,0.732721864649,-1.54462451025,-0.29721024768,-0.685494874346,0.365489902356,3.53992126906,-3.29720433483
4.24125,0.695964390794,-0.307358624449,0.731862420158,-1.54414312886,-0.292761073757,-0.689655093954,0.404973165064,3.57881434902,-3.35925137792
4.2425,0.694034528171,-0.307721779865,0.730997726914,-1.54361207734,-0.288263211808,-0.693893002791,0.444954520867,3.61782742378,-3.42150017434
4.24375,0.692105360601,-0.308079282478,0.730127687651,-1.54303074256,-0.283716505198,-0.69820884439,0.485418694052,3.65697121257,-3.4839367994
4.245,0.690176951315,-0.308431071128,0.729252204803,-1.5423985306,-0.279120783776,-0.702602844789,0.526350224254,3.69625662312,-3.54654718062
4.24625,0.688249364274,-0.308777084438,0.728371180539,-1.54171486699,-0.27447586364,-0.707075212342,0.567733462708,3.73569475152,-3.60931709645
4.2475,0.686322664147,-0.309117260788,0.727484516773,-1.54097919694,-0.269781546897,-0.71162613753,0.609552568312,3.7752968797,-3.67223217372
4.24875,0.684396916282,-0.309451538305,0.726592115195,-1.54019098557,-0.265037621441,-0.716255792776,0.651791503447,3.81507447286,-3.73527788647
4.25,0.682472186683,-0.309779854841,0.725693877291,-1.53934971819,-0.260243860715,-0.720964332246,0.694434030038,3.85503917926,-3.79843955411
4.25125,0.680548541987,-0.310102147957,0.724789704364,-1.5384549005,-0.255400023493,-0.725751891661,0.737463705968,3.89520282781,-3.86170233921
4.2525,0.678626049432,-0.3104183549,0.723879497562,-1.53750605892,-0.250505853646,-0.730618588094,0.780863880163,3.93557742516,-3.92505124562
4.25375,0.676704776839,-0.310728412591,0.722963157894,-1.5365027408,-0.24556107993,-0.735564519775,0.824617688727,3.97617515396,-3.9884711163
4.255,0.67478479258,-0.3110322576,0.722040586262,-1.5354445147,-0.240565415761,-0.740589765885,0.86870805128,4.01700837017,-4.0519466314
4.25625,0.672866165553,-0.31132982613,0.721111683479,-1.53433097067,-0.235518559004,-0.745694386354,0.913117665868,4.05808960011,-4.11546230546
4.2575,0.670948965153,-0.311621053997,0.720176350296,-1.53316172053,-0.230420191761,-0.750878421649,0.95782900496,4.0994315377,-4.17900248553
4.25875,0.669033261251,-0.311905876609,0.719234487425,-1.53193639816,-0.22526998016,-0.756141892568,1.00282431147,4.1410470413,-4.24255134904
4.26,0.667119124158,-0.312184228948,0.718285995565,-1.53065465975,-0.220067574157,-0.761484800021,1.04808559397,4.18294913014,-4.30609290049
4.26125,0.665206624602,-0.312456045545,0.717330775425,-1.52931618417,-0.214812607335,-0.766907124819,1.09359462226,4.22515098081,-4.36961096918
4.2625,0.663295833698,-0.312721260466,0.716368727753,-1.5279206732,-0.209504696705,-0.772408827444,1.13933292325,4.26766592367,-4.43308920671
4.26375,0.661386822919,-0.312979807287,0.715399753356,-1.52646785186,-0.204143442525,-0.777989847836,1.18528177597,4.3105074383,-4.49651108402
4.265,0.659479664068,-0.313231619072,0.714423753133,-1.52495746876,-0.19872842811,-0.783650105154,1.23142220712,4.35368914973,-4.55985988847
4.26625,0.657574429247,-0.313476628357,0.713440628094,-1.52338929635,-0.193259219651,-0.789389497557,1.27773498718,4.39722482426,-4.62311872093
4.2675,0.655671190827,-0.313714767121,0.712450279389,-1.52176313129,-0.187735366049,-0.795207901957,1.32420062494,4.44112836348,-4.68627049254
4.26875,0.653770021419,-0.313945966772,0.711452608339,-1.52007879478,-0.182156398742,-0.801105173788,1.3707993628,4.48541380016,-4.74929792153
4.27,0.65187099384,-0.314170158118,0.710447516455,-1.51833613288,-0.176521831549,-0.807081146761,1.41751117278,4.53009529357,-4.81218353009
4.27125,0.649974181087,-0.314387271351,0.709434905472,-1.51653501685,-0.170831160508,-0.813135632613,1.46431575117,4.57518712282,-4.87490964065
4.2725,0.648079656298,-0.31459723602,0.708414677373,-1.51467534351,-0.165083863741,-0.819268420862,1.51119251443,4.62070368196,-4.93745837262
4.27375,0.646187492728,-0.31479998101,0.70738673442,-1.51275703557,-0.159279401304,-0.825479278545,1.55812059361,4.66665947363,-4.99981163853
4.275,0.644297763709,-0.314995434523,0.706350979177,-1.51078004202,-0.153417215057,-0.831767949959,1.60507882974,4.71306910286,-5.0619511401
4.27625,0.642410542623,-0.315183524048,0.705307314545,-1.50874433849,-0.147496728546,-0.838134156395,1.65204576971,4.75994727089,-5.12385836494
4.2775,0.640525902863,-0.315364176344,0.704255643786,-1.5066499276,-0.14151734688,-0.844577595871,1.69899966048,4.80730876783,-5.1855145821
4.27875,0.638643917804,-0.315537317415,0.703195870555,-1.50449683934,-0.135478456627,-0.85109794285,1.74591844434,4.8551684658,-5.24690083769
4.28,0.636764660765,-0.315702872486,0.702127898929,-1.50228513149,-0.129379425716,-0.857694847965,1.79277975466,4.90354131196,-5.30799795079
4.28125,0.634888204975,-0.315860765979,0.701051633435,-1.50001488995,-0.123219603347,-0.864367937727,1.83956091034,4.95244232037,-5.36878650946
4.2825,0.63301462354,-0.316010921494,0.699966979084,-1.49768622921,-0.116998319915,-0.871116814239,1.88623891066,5.0018865638,-5.42924686595
4.28375,0.631143989402,-0.316153261779,0.6988738414,-1.49529929268,-0.110714886937,-0.877941054892,1.9327904312,5.05188916661,-5.48935913162
4.285,0.629276375308,-0.316287708711,0.697772126447,-1.49285425313,-0.104368596998,-0.884840212068,1.97919181804,5.1024652954,-5.54910317249
4.28625,0.627411853769,-0.316414183272,0.696661740869,-1.49035131313,-0.097958723699,-0.891813812823,2.02541908287,5.1536301497,-5.6084586043
4.2875,0.625550497025,-0.316532605521,0.695542591915,-1.48779070543,-0.091484521624,-0.898861358579,2.07144789854,5.20539895375,-5.66740478734
4.28875,0.623692377006,-0.316642894576,0.694414587473,-1.48517269339,-0.0849452263146,-0.905982324792,2.11725359345,5.25778694711,-5.72592082106
4.29,0.621837565292,-0.316744968586,0.693277636103,-1.48249757144,-0.0783400542562,-0.913176160631,2.16281114689,5.3108093739,-5.78398553912
4.29125,0.619986133077,-0.316838744711,0.692131647071,-1.47976566552,-0.0716682028798,-0.92044228864,2.20809518374,5.36448147324,-5.84157750341
4.2925,0.618138151128,-0.316924139094,0.690976530382,-1.47697733348,-0.0649288505731,-0.92778010439,2.25307996986,5.41881846921,-5.89867499818
4.29375,0.616293689743,-0.317001066838,0.68981219681,-1.47413296559,-0.0581211567068,-0.935188976135,2.29773940692,5.47383555935,-5.95525602498
4.295,0.614452818714,-0.317069441985,0.688638557941,-1.47123298497,-0.0512442616748,-0.942668244452,2.34204702679,5.52954790416,-6.01129829572
4.29625,0.612615607281,-0.317129177492,0.687455526199,-1.46827784803,-0.0442972869464,-0.950217221874,2.38597598777,5.58597061532,-6.06677922715
4.2975,0.610782124094,-0.317180185203,0.686263014887,-1.465268045,-0.0372793351365,-0.95783519252,2.42949906905,5.64311874391,-6.12167593451
4.29875,0.608952437168,-0.31722237583,0.685060938218,-1.46220410036,-0.0301894900867,-0.965521411711,2.47258866491,5.70100726869,-6.17596522438
4.3,0.607126613843,-0.317255658928,0.683849211357,-1.45908657333,-0.0230268169647,-0.973275105581,2.51521678101,5.75965108293,-6.22962358866
4.30125,0.605304720735,-0.317279942872,0.682627750454,-1.4559160584,-0.0157903623793,-0.981095470682,2.55735502939,5.8190649823,-6.28262719786
4.3025,0.603486823697,-0.317295134834,0.681396472681,-1.45269318576,-0.008479154509,-0.988981673576,2.59897462269,5.87926365167,-6.33495189354
4.30375,0.601672987771,-0.317301140758,0.68015529627,-1.44941862185,-0.00109220325015,-0.996932850416,2.64004637011,5.94026165096,-6.38657318098
4.305,0.599863277142,-0.317297865342,0.678904140555,-1.44609306984,0.0063714996184,-1.00494810653,2.68054067238,6.00207340159,-6.43746622275
4.30625,0.598057755096,-0.317285212009,0.677642926004,-1.44271727016,0.0139129802538,-1.01302651597,2.72042751664,6.06471317255,-6.48760583103
4.3075,0.596256483967,-0.317263082891,0.676371574265,-1.43929200104,0.0215332825498,-1.02116712111,2.7596764725,6.12819506589,-6.53696645868
4.30875,0.594459525093,-0.317231378803,0.675090008201,-1.43581807898,0.0292334679186,-1.02936893212,2.79825668662,6.19253300098,-6.58552219249
4.31,0.592666938769,-0.317189999222,0.673798151934,-1.43229635933,0.0370146150522,-1.03763092659,2.83613687818,6.25774069978,-6.63324674558
4.31125,0.590878784195,-0.317138842265,0.672495930885,-1.42872773679,0.044877819668,-1.04595204898,2.87328533492,6.32383167137,-6.68011344776
4.3125,0.589095119427,-0.317077804672,0.671183271812,-1.42511314599,0.0528241942306,-1.05433121021,2.90966990757,6.39081919548,-6.72609523781
4.31375,0.58731600133,-0.31700678178,0.669860102859,-1.42145356202,0.0608548676567,-1.06276728708,2.94525800642,6.45871630669,-6.77116465538
4.315,0.585541485522,-0.316925667503,0.668526353594,-1.41775000097,0.0689709849974,-1.07125912184,2.98001659653,6.52753577672,-6.81529383137
4.31625,0.583771626328,-0.316834354317,0.667181955054,-1.41400352053,0.0771737070985,-1.07980552166,3.01391219306,6.59729009815,-6.85845447915
4.3175,0.582006476721,-0.316732733236,0.66582683979,-1.41021522049,0.0854642102427,-1.08840525804,3.04691085773,6.6679914672,-6.90061788605
4.31875,0.580246088276,-0.316620693792,0.664460941909,-1.40638624338,0.0938436857665,-1.09705706637,3.07897819392,6.73965176497,-6.94175490321
4.32,0.578490511113,-0.316498124021,0.663084197124,-1.40251777501,0.102313339655,-1.1057596453,3.1100793432,6.81228253986,-6.9818359364
4.32125,0.576739793839,-0.316364910443,0.661696542796,-1.39861104503,0.110874392116,-1.11451165621,3.14017898111,6.88589498955,-7.02083093647
4.3225,0.5749939835,-0.316220938041,0.660297917984,-1.39466732755,0.119528077129,-1.12331172264,3.16924131326,6.96049994138,-7.05870938914
4.32375,0.57325312552,-0.31606609025,0.658888263489,-1.39068794174,0.12827564197,-1.13215842969,3.19723007154,7.03610783328,-7.09544030506
4.325,0.571517263646,-0.315900248936,0.657467521909,-1.38667425238,0.137118346712,-1.1410503234,3.22410851043,7.11272869497,-7.13099220948
4.32625,0.569786439889,-0.315723294383,0.656035637681,-1.38262767047,0.146057463707,-1.14998591021,3.24983940346,7.19037212755,-7.16533313221
4.3275,0.56806069447,-0.315535105277,0.654592557134,-1.37854965387,0.155094277031,-1.15896365623,3.27438503974,7.26904728354,-7.19843059655
4.32875,0.566340065754,-0.31533555869,0.65313822854,-1.37444170787,0.164230081916,-1.1679819867,3.29770722084,7.3487628467,-7.23025160828
4.33,0.5646245902,-0.315124530072,0.651672602167,-1.37030538581,0.173466184148,-1.17703928526,3.31976725707,7.4295270107,-7.26076264521
4.33125,0.56291430229,-0.31490189323,0.650195630327,-1.36614228972,0.182803899443,-1.18613389331,3.34052596463,7.51134745902,-7.28992964625
4.3325,0.561209234476,-0.314667520323,0.648707267434,-1.3619540709,0.192244552795,-1.19526410937,3.3599436627,7.59423134318,-7.31771799894
4.33375,0.559509417113,-0.314421281848,0.647207470054,-1.35774243057,0.201789477801,-1.20442818831,3.37798017105,7.67818526085,-7.34409252878
4.335,0.557814878399,-0.314163046629,0.645696196963,-1.35350912048,0.211440015948,-1.21362434069,3.39459480672,7.76321523507,-7.36901748808
4.33625,0.556125644311,-0.313892681808,0.644173409202,-1.34925594355,0.221197515888,-1.22285073203,3.40974638098,7.8493266916,-7.39245654281
4.3375,0.55444173854,-0.313610052839,0.642639070133,-1.34498475452,0.231063332677,-1.23210548205,3.42339319842,7.93652443655,-7.41437276125
4.33875,0.552763182425,-0.313315023477,0.641093145497,-1.34069746055,0.24103882698,-1.24138666393,3.43549305409,8.02481263434,-7.43472860238
4.34,0.551089994889,-0.313007455772,0.639535603473,-1.33639602189,0.251125364262,-1.25069230356,3.44600323076,8.11419478548,-7.45348590285
4.34125,0.54942219237,-0.312687210066,0.637966414738,-1.33208245248,0.261324313943,-1.26002037869,3.45488049752,8.20467370297,-7.47060586452
4.3425,0.547759788758,-0.312354144987,0.636385552526,-1.32775882064,0.27163704852,-1.26936881822,3.46208110829,8.29625148968,-7.48604904219
4.34375,0.546102795319,-0.312008117445,0.634792992692,-1.32342724971,0.282064942668,-1.2787355013,3.46756092239,8.38892944798,-7.49977543747
4.345,0.544451220633,-0.31164898263,0.633188713773,-1.31908991834,0.29260937214,-1.28811825681,3.47127862424,8.48270625813,-7.51174730635
4.34625,0.542805070523,-0.311276594014,0.63157269705,-1.31474905315,0.303271708313,-1.29751486956,3.47320651456,8.57757194532,-7.52193859649
4.3475,0.541164348001,-0.310890803359,0.629944926599,-1.31040690205,0.314053302003,-1.3069231033,3.47333826558,8.67350357182,-7.5303417386
4.34875,0.539529053268,-0.310491460759,0.628305389292,-1.30606570748,0.324955467242,-1.31634072391,3.47168146517,8.77046943627,-7.53696113558
4.35,0.537899183732,-0.310078414691,0.626654074789,-1.30172769839,0.335979475594,-1.32576550614,3.46824711918,8.86843495534,-7.54180398014
4.35125,0.536274734022,-0.30965151207,0.624990975527,-1.29739508968,0.347126554631,-1.33519523386,3.46304656229,8.96736439087,-7.54487754661
4.3525,0.534655696008,-0.309210598305,0.623316086705,-1.29307008198,0.358397886571,-1.34462770001,3.45609135213,9.0672209098,-7.54618909572
4.35375,0.533042058817,-0.308755517354,0.621629406277,-1.2887548613,0.369794606905,-1.3540607066,3.44739327672,9.16796658062,-7.54574587712
4.355,0.531433808854,-0.308286111787,0.619930934938,-1.28445159879,0.381317803022,-1.3634920647,3.43696436239,9.26956237054,-7.5435551308
4.35625,0.52983092982,-0.307802222846,0.618220676115,-1.2801624504,0.392968512832,-1.37291959443,3.42481688091,9.37196814475,-7.5396240909
4.3575,0.528233402728,-0.307303690505,0.616498635952,-1.27588955659,0.404747723384,-1.38234112493,3.41096335571,9.4751426649,-7.53395998776
4.35875,0.526641205928,-0.306790353538,0.614764823303,-1.27163504201,0.416656369494,-1.3917544944,3.39541657128,9.5790435891,-7.52657005128
4.36,0.525054315123,-0.306262049582,0.613019249716,-1.26740101516,0.428695332357,-1.40115755006,3.3781895797,9.68362747357,-7.5174615152
4.36125,0.523472703391,-0.305718615207,0.611261929428,-1.26318956806,0.440865438178,-1.41054814818,3.35929570737,9.78884977357,-7.50664162005
4.3625,0.521896341203,-0.305159885986,0.609492879346,-1.25900277589,0.453167456791,-1.41992415411,3.33874856366,9.89466484697,-7.49411761678
4.36375,0.520325196451,-0.304585696565,0.607712119042,-1.25484269665,0.465602100295,-1.42928344223,3.31656204751,10.0010259581,-7.47989677146
4.365,0.518759234462,-0.303995880735,0.60591967074,-1.25071137077,0.478170021686,-1.43862389603,3.29275035551,10.1078852816,-7.46398636989
4.36625,0.517198418024,-0.303390271511,0.604115559302,-1.24661082076,0.490871813499,-1.44794340815,3.26732798915,10.2151939094,-7.44639372202
4.3675,0.51564270741,-0.302768701202,0.60229981222,-1.2425430508,0.50370800646,-1.45723988034,3.24030976155,10.3229018579,-7.42712616682
4.36875,0.514092060397,-0.302131001495,0.600472459601,-1.23851004636,0.516679068144,-1.46651122357,3.21171080621,10.4309580757,-7.40619107771
4.37,0.512546432294,-0.301477003531,0.598633534161,-1.23451377378,0.529785401649,-1.47575535803,3.18154658341,10.5393104528,-7.38359586832
4.37125,0.511005775962,-0.30080653799,0.596783071206,-1.2305561799,0.543027344276,-1.48497021324,3.14983288738,10.6479058319,-7.3593479975
4.3725,0.509470041844,-0.300119435171,0.594921108628,-1.22663919157,0.556405166229,-1.49415372803,3.11658585474,10.7566900199,-7.33345497638
4.37375,0.507939177984,-0.299415525075,0.593047686886,-1.22276471526,0.569919069326,-1.50330385068,3.0818219706,10.865607801,-7.30592437428
4.375,0.506413130056,-0.298694637497,0.591162849001,-1.21893463664,0.583569185731,-1.51241853896,3.04555807602,10.974602952,-7.27676382458
4.37625,0.504891841392,-0.297956602111,0.589266640539,-1.21515082007,0.597355576706,-1.52149576024,3.00781137574,11.0836182572,-7.2459810328
4.3775,0.503375253006,-0.297201248556,0.587359109601,-1.2114151082,0.611278231374,-1.53053349155,2.96859944492,11.1925955261,-7.21358378352
4.37875,0.501863303621,-0.296428406532,0.58544030681,-1.20772932146,0.625337065521,-1.5395297197,2.92794023596,11.3014756131,-7.17957994742
4.38,0.500355929702,-0.295637905892,0.583510285301,-1.20409525761,0.639531920407,-1.54848244141,2.88585208558,11.410198436,-7.14397748915
4.38125,0.498853065477,-0.294829576731,0.581569100706,-1.20051469125,0.653862561611,-1.55738966342,2.84235372218,11.5187029989,-7.10678447542
4.3825,0.497354642974,-0.294003249488,0.579616811143,-1.19698937331,0.668328677904,-1.5662494026,2.7974642719,11.6269274156,-7.06800908354
4.38375,0.495860592044,-0.293158755036,0.5776534772,-1.19352103057,0.68292988015,-1.57505968613,2.75120326545,11.7348089336,-7.02765961008
4.385,0.494370840398,-0.292295924787,0.575679161927,-1.19011136514,0.697665700238,-1.58381855163,2.70359064553,11.842283961,-6.98574447954
4.38625,0.492885313631,-0.291414590786,0.573693930821,-1.18676205395,0.712535590053,-1.59252404733,2.65464677257,11.9492880947,-6.94227225324
4.3875,0.491403935263,-0.290514585812,0.571697851809,-1.18347474821,0.727538920475,-1.60117423226,2.60439243115,12.0557561493,-6.89725163967
4.38875,0.489926626761,-0.289595743485,0.56969099524,-1.18025107287,0.742674980426,-1.60976717643,2.55284883708,12.1616221896,-6.85069150362
4.39,0.48845330758,-0.288657898361,0.567673433868,-1.17709262612,0.757942975949,-1.61830096102,2.50003764278,12.2668195625,-6.8026008764
4.39125,0.486983895195,-0.287700886045,0.565645242838,-1.17400097877,0.773342029332,-1.62677367862,2.44598094347,12.3712809311,-6.7529889669
4.3925,0.485518305134,-0.286724543288,0.563606499671,-1.17097767376,0.788871178277,-1.63518343344,2.39070128388,12.4749383131,-6.70186517119
4.39375,0.484056451011,-0.285728708099,0.561557284254,-1.16802422556,0.804529375115,-1.64352834155,2.3342216633,12.5777231171,-6.64923908358
4.395,0.48259824457,-0.28471321985,0.559497678818,-1.1651421196,0.820315486069,-1.65180653115,2.27656554192,12.6795661819,-6.59512050901
4.39625,0.481143595712,-0.283677919384,0.557427767926,-1.1623328117,0.836228290569,-1.66001614282,2.21775684648,12.7803978196,-6.5395194738
4.3975,0.47969241254,-0.282622649124,0.555347638461,-1.15959772748,0.852266480618,-1.66815532983,2.15781997471,12.8801478579,-6.48244623698
4.39875,0.478244601393,-0.281547253182,0.553257379602,-1.15693826177,0.868428660214,-1.67622225841,2.09677980147,12.9787456835,-6.42391130342
4.4,0.476800066886,-0.280451577473,0.551157082815,-1.15435577798,0.884713344827,-1.68421510809,2.03466168459,13.0761202906,-6.36392543607
4.40125,0.475358711948,-0.27933546982,0.549046841831,-1.15185160756,0.901118960941,-1.692132072,1.97149146896,13.1722003281,-6.30249966779
4.4025,0.473920437867,-0.278198780071,0.546926752634,-1.14942704931,0.917643845647,-1.69997135726,1.90729549148,13.2669141491,-6.23964531511
4.40375,0.472485144325,-0.277041360206,0.544796913438,-1.14708336883,0.934286246313,-1.70773118529,1.84210058646,13.3601898626,-6.1753739915
4.405,0.471052729445,-0.275863064455,0.542657424671,-1.14482179784,0.951044320304,-1.71540979224,1.77593408965,13.4519553857,-6.10969762053
4.40625,0.469623089831,-0.274663749405,0.540508388958,-1.1426435336,0.967916134778,-1.72300542934,1.70882384294,13.5421384991,-6.04262844988
4.4075,0.468196120611,-0.273443274118,0.538349911098,-1.14054973823,0.984899666552,-1.73051636336,1.64079819888,13.6306669032,-5.97417906524
4.40875,0.466771715485,-0.272201500239,0.536182098049,-1.13854153811,1.00199280204,-1.73794087701,1.57188602431,13.7174682736,-5.90436240469
4.41,0.465349766766,-0.270938292113,0.534005058905,-1.13662002317,1.01919333724,-1.74527726937,1.50211670483,13.8024703223,-5.83319177337
4.41125,0.463930165427,-0.269653516896,0.531818904876,-1.13478624634,1.03649897784,-1.75252385644,1.43152014861,13.8856008571,-5.76068085826
4.4125,0.46251280115,-0.268347044668,0.529623749264,-1.1330412228,1.05390733938,-1.75967897152,1.36012678977,13.9667878422,-5.68684374336
4.41375,0.46109756237,-0.267018748547,0.527419707447,-1.13138592937,1.07141594745,-1.7667409658,1.28796759203,14.0459594626,-5.61169492469
4.415,0.459684336326,-0.2656685048,0.52520689685,-1.12982130382,1.08902223804,-1.77370820883,1.2150740522,14.1230441873,-5.53524932584
4.41625,0.45827300911,-0.264296192952,0.522985436925,-1.12834824424,1.10672355792,-1.78057908911,1.14147820336,14.1979708338,-5.45752231424
4.4175,0.456863465716,-0.262901695905,0.520755449127,-1.12696760831,1.12451716512,-1.78735201462,1.06721261719,14.2706686358,-5.37852971702
4.41875,0.45545559009,-0.26148490004,0.518517056888,-1.1256802127,1.1424002295,-1.7940254134,0.992310407946,14.3410673089,-5.29828783673
4.42,0.454049265184,-0.260045695331,0.516270385594,-1.12448683229,1.16036983339,-1.80059773421,0.916805234545,14.4090971187,-5.21681346803
4.42125,0.452644373009,-0.258583975456,0.514015562553,-1.12338819961,1.1784229723,-1.80706744707,0.840731302401,14.4746889501,-5.13412391438
4.4225,0.451240794685,-0.2570996379,0.511752716976,-1.12238500404,1.19655655577,-1.81343304399,0.764123367514,14.5377743767,-5.05023700502
4.42375,0.449838410499,-0.255592584067,0.509481979943,-1.12147789119,1.21476740824,-1.81969303959,0.687016737084,14.5982857303,-4.96517111192
4.425,0.448437099957,-0.25406271938,0.507203484377,-1.1206674622,1.23305227009,-1.82584597177,0.609447271472,14.656156171,-4.8789451659
4.42625,0.447036741843,-0.252509953391,0.504917365013,-1.11995427301,1.25140779867,-1.8318904025,0.531451387371,14.7113197584,-4.79157867543
4.4275,0.445637214275,-0.250934199883,0.502623758371,-1.11933883373,1.26983056949,-1.83782491846,0.453066058583,14.7637115233,-4.70309174369
4.42875,0.444238394759,-0.249335376968,0.500322802717,-1.11882160786,1.28831707748,-1.84364813186,0.374328817327,14.8132675378,-4.61350508533
4.43,0.442840160255,-0.247713407189,0.498014638041,-1.11840301168,1.30686373833,-1.84935868118,0.295277755856,14.8599249864,-4.52284004473
4.43125,0.44144238723,-0.246068217622,0.495699406014,-1.11808341348,1.32546688994,-1.85495523197,0.215951527753,14.9036222373,-4.4311186143
4.4325,0.440044951721,-0.244399739964,0.493377249961,-1.11786313286,1.34412279393,-1.86043647771,0.136389348825,14.9442989138,-4.33836345188
4.43375,0.438647729398,-0.242707910637,0.49104831482,-1.1177424401,1.36282763723,-1.8658011406,0.0566309979604,14.9818959631,-4.24459789831
4.435,0.437250595621,-0.240992670871,0.48871274711,-1.11772155537,1.38157753383,-1.87104797246,-0.0232831826224,15.0163557272,-4.14984599685
4.43625,0.435853425509,-0.239253966802,0.486370694889,-1.11780064806,1.40036852655,-1.87617575559,-0.103312286137,15.0476220122,-4.05413251034
4.4375,0.434456094001,-0.237491749555,0.484022307721,-1.11797983608,1.41919658886,-1.88118330373,-0.183414840922,15.0756401558,-3.95748293905
4.43875,0.433058475919,-0.23570597533,0.48166773663,-1.11825918516,1.43805762694,-1.88606946294,-0.263548811347,15.1003570951,-3.8599235398
4.44,0.431660446038,-0.233896605488,0.479307134063,-1.11863870811,1.4569474816,-1.89083311258,-0.343671596579,15.1217214334,-3.76148134427
4.44125,0.430261879149,-0.232063606626,0.476940653848,-1.11911836415,1.47586193052,-1.8954731663,-0.423740031079,15.1396835043,-3.66218417669
4.4425,0.428862650128,-0.230206950661,0.474568451147,-1.11969805819,1.49479669036,-1.89998857303,-0.503710385283,15.1541954366,-3.56206067173
4.44375,0.427462634003,-0.2283266149,0.472190682416,-1.12037764012,1.51374741911,-1.90437831798,-0.583538365311,15.1652112155,-3.46114029326
4.445,0.426061706027,-0.226422582114,0.469807505352,-1.1211569041,1.5327097184,-1.90864142376,-0.66317911427,15.1726867442,-3.3594533532
4.44625,0.424659741743,-0.224494840604,0.467419078856,-1.1220355879,1.55167913597,-1.91277695136,-0.742587212471,15.176579902,-3.25703102856
4.4475,0.423256617057,-0.222543384274,0.465025562974,-1.12301337214,1.57065116816,-1.91678400133,-0.821716678513,15.1768506012,-3.15390537894
4.44875,0.421852208313,-0.220568212684,0.462627118853,-1.1240898796,1.58962126247,-1.92066171481,-0.900520970947,15.1734608429,-3.05010936621
4.45,0.420446392358,-0.218569331118,0.460223908687,-1.12526467456,1.60858482026,-1.92440927475,-0.978952988192,15.1663747689,-2.94567687099
4.45125,0.419039046626,-0.216546750633,0.457816095666,-1.12653726207,1.6275371994,-1.92802590699,-1.05696507079,15.1555587119,-2.84064271001
4.4525,0.417630049203,-0.214500488119,0.45540384392,-1.12790708724,1.64647371704,-1.93151088152,-1.13450900288,15.1409812438,-2.7350426548
4.45375,0.416219278908,-0.212430566341,0.452987318462,-1.12937353458,1.66538965251,-1.93486351363,-1.21153601333,15.1226132219,-2.6289134481
4.455,0.414806615367,-0.210337013988,0.450566685135,-1.13093592727,1.6842802501,-1.93808316514,-1.28799677832,15.1004278301,-2.52229282104
4.45625,0.41339193909,-0.208219865715,0.448142110549,-1.13259352652,1.70314072208,-1.94116924568,-1.36384145259,15.0744006379,-2.41521948326
4.4575,0.411975131551,-0.206079162183,0.445713762021,-1.1343455309,1.72196625169,-1.94412121385,-1.43902130761,15.0445105972,-2.30773166605
4.45875,0.410556075263,-0.203914950086,0.443281807515,-1.13619107979,1.74075199857,-1.94693857484,-1.51349644527,15.0107445672,-2.19986018379
4.46,0.409134653851,-0.201727282186,0.440846415584,-1.13812927202,1.75949311311,-1.94962086431,-1.58724395193,14.9731019777,-2.0916210394
4.46125,0.407710752083,-0.199516217303,0.438407755354,-1.14015918967,1.77818475352,-1.95216762744,-1.6602541928,14.9315924344,-1.98301866021
4.4625,0.406284255877,-0.197281820302,0.435965996516,-1.1422799075,1.7968220942,-1.95457841096,-1.73252154179,14.8862301298,-1.87405417985
4.46375,0.404855052314,-0.195024162068,0.433521309327,-1.14449049353,1.81540032884,-1.95685276289,-1.80404062232,14.8370315987,-1.76472881034
4.465,0.403423029643,-0.19274331948,0.431073864608,-1.14679000906,1.83391467319,-1.95899023298,-1.87480606576,14.7840155706,-1.65504406375
4.46625,0.401988077291,-0.190439375385,0.428623833744,-1.14917750869,1.85236036777,-1.96099037305,-1.94481251424,14.727202962,-1.54500175512
4.4675,0.400550085871,-0.188112418561,0.426171388676,-1.15165204034,1.8707326806,-1.96285273737,-2.01405462271,14.6666168669,-1.4346040068
4.46875,0.39910894719,-0.185762543683,0.423716701901,-1.15421264525,1.88902690994,-1.96457688307,-2.08252706004,14.6022825445,-1.32385325305
4.47,0.397664554258,-0.183389851286,0.421259946468,-1.15685835799,1.90723838696,-1.9661623705,-2.15022451191,14.5342274032,-1.21275224163
4.47125,0.396216801295,-0.180994447716,0.418801295974,-1.15958820653,1.92536247844,-1.96760876367,-2.21714168204,14.4624809835,-1.10130403754
4.4725,0.394765583742,-0.17857644509,0.416340924559,-1.1624012122,1.94339458942,-1.9689156306,-2.28327329429,14.3870749347,-0.989512027377
4.47375,0.393310798265,-0.176135961243,0.413879006898,-1.16529638976,1.96133016578,-1.97008254374,-2.3486140954,14.3080429917,-0.877379921894
4.475,0.391852342768,-0.173673119675,0.4114157182,-1.16827274743,1.9791646969,-1.9711090804,-2.41315885495,14.2254209493,-0.764911758881
4.47625,0.390390116396,-0.1711880495,0.408951234197,-1.1713292869,1.99689371815,-1.97199482314,-2.4769023687,14.1392466314,-0.652111906163
4.4775,0.38892401955,-0.16868088538,0.406485731142,-1.17446500336,2.01451281348,-1.97273936017,-2.53983946018,14.0495598579,-0.5389850646
4.47875,0.387453953888,-0.166151767467,0.404019385796,-1.17767888555,2.0320176178,-1.9733422858,-2.60196498128,13.9564024115,-0.425536270825
4.48,0.385979822336,-0.163600841336,0.401552375427,-1.18096991581,2.04940381951,-1.97380320085,-2.66327381502,13.8598179994,-0.311770900078
4.48125,0.384501529098,-0.161028257918,0.399084877794,-1.18433707009,2.0666671628,-1.97412171305,-2.72376087727,13.7598522125,-0.19769466835
4.4825,0.383018979661,-0.158434173429,0.396617071145,-1.187779318,2.08380345004,-1.97429743752,-2.78342111778,13.6565524848,-0.0833136341726
4.48375,0.381532080803,-0.155818749293,0.394149134201,-1.19129562288,2.10080854401,-1.97432999714,-2.84224952144,13.5499680466,0.0313657978835
4.485,0.380040740604,-0.153182152068,0.391681246152,-1.19488494181,2.11767837015,-1.97421902302,-2.90024111108,13.4401498782,0.146336875241
4.48625,0.378544868449,-0.150524553367,0.389213586643,-1.19854622566,2.13440891871,-1.97396415495,-2.95739094852,13.3271506617,0.261592496747
4.4875,0.37704437504,-0.147846129772,0.386746335764,-1.20227841918,2.15099624681,-1.97356504178,-3.01369413536,13.2110247279,0.377125209877
4.48875,0.375539172401,-0.14514706275,0.384279674039,-1.206080461,2.16743648053,-1.97302134192,-3.06914581479,13.0918280045,0.492927208791
4.49,0.374029173887,-0.14242753857,0.38181378241,-1.20995128371,2.18372581682,-1.97233272376,-3.12374117387,12.9696179606,0.608990333274
4.49125,0.372514294192,-0.139687748208,0.379348842229,-1.21388981393,2.19986052543,-1.97149886609,-3.17747544472,12.8444535492,0.725306067648
4.4925,0.370994449353,-0.136927887257,0.376885035244,-1.21789497233,2.21583695069,-1.97051945859,-3.23034390444,12.7163951496,0.841865539553
4.49375,0.369469556761,-0.134148155832,0.374422543583,-1.22196567369,2.2316515133,-1.96939420224,-3.28234187862,12.5855045067,0.958659517982
4.495,0.367939535168,-0.131348758474,0.371961549739,-1.22610082702,2.24730071196,-1.96812280979,-3.33346474162,12.45184467,1.07567841353
4.49625,0.366404304693,-0.128529904052,0.369502236558,-1.23029933555,2.26278112498,-1.96670500621,-3.38370791749,12.3154799303,1.19291227779
4.4975,0.364863786829,-0.125691805661,0.367044787223,-1.23456009682,2.27808941178,-1.9651405291,-3.43306688289,12.1764757571,1.3103508022
4.49875,0.363317904451,-0.122834680522,0.364589385235,-1.23888200276,2.29322231437,-1.9634291292,-3.48153716673,12.0348987322,1.42798331794
4.5,0.361766581823,-0.119958749875,0.3621362144,-1.24326393973,2.30817665861,-1.9615705708,-3.52911435226,11.8908164838,1.54579879627
4.50125,0.360209744602,-0.117064238876,0.359685458808,-1.24770478864,2.32294935558,-1.95956463221,-3.57579407879,11.744297621,1.66378584832
4.5025,0.358647319851,-0.114151376486,0.35723730282,-1.25220342493,2.33753740267,-1.95741110618,-3.62157204175,11.5954116665,1.78193272496
4.50375,0.35707923604,-0.111220395369,0.354791931043,-1.25675871874,2.35193788474,-1.9551098004,-3.66644399488,11.4442289872,1.90022731874
4.505,0.355505423054,-0.108271531774,0.352349528319,-1.26136953492,2.36614797513,-1.95266053789,-3.710405752,11.2908207266,2.01865716307
4.50625,0.353925812202,-0.105305025431,0.349910279698,-1.26603473312,2.38016493656,-1.95006315749,-3.75345318702,11.1352587373,2.13720943344
4.5075,0.352340336221,-0.102321119433,0.347474370425,-1.27075316789,2.39398612198,-1.9473175143,-3.79558223492,10.9776155104,2.25587094959
4.50875,0.350748929283,-0.0993200601262,0.345041985913,-1.27552368871,2.40760897534,-1.94442348012,-3.83678889459,10.8179641079,2.37462817574
4.51,0.349151527,-0.0963020969947,0.342613311725,-1.28034514012,2.42103103225,-1.94138094386,-3.87706922971,10.6563780936,2.49346722327
4.51125,0.347548066432,-0.0932674825456,0.340188533553,-1.28521636178,2.43424992057,-1.93818981206,-3.91641936859,10.492931464,2.61237385138
4.5125,0.345938486095,-0.0902164721933,0.337767837194,-1.29013618854,2.44726336091,-1.93485000924,-3.9548355062,10.3276985807,2.73133346924
4.51375,0.344322725961,-0.0871493241433,0.33535140853,-1.29510345055,2.46006916702,-1.93136147839,-3.99231390622,10.1607541017,2.85033113996
4.515,0.342700727469,-0.0840662992757,0.332939433499,-1.30011697331,2.47266524616,-1.92772418139,-4.02885090064,9.99217291476,2.96935158155
4.51625,0.341072433528,-0.0809676610279,0.330532098076,-1.3051755778,2.48504959931,-1.92393809943,-4.06444289184,9.82203006987,3.08837916951
4.5175,0.339437788524,-0.0778536752774,0.32812958825,-1.31027808054,2.49722032134,-1.92000323346,-4.09908635434,9.65040071374,3.20739794107
4.51875,0.337796738326,-0.0747246102246,0.325732089993,-1.31542329368,2.50917560109,-1.91591960458,-4.13277783458,9.4773600242,3.32639159795
4.52,0.33614923029,-0.0715807362747,0.323339789238,-1.32061002512,2.5209137214,-1.91168725447,-4.1655139533,9.30298314565,3.44534350962
4.52125,0.334495213264,-0.0684223259211,0.320952871856,-1.32583707857,2.53243305896,-1.90730624581,-4.19729140646,9.12734512622,3.56423671713
4.5225,0.332834637594,-0.0652496536273,0.318571523624,-1.33110325364,2.54373208421,-1.90277666267,-4.2281069659,8.95052085521,3.68305393784
4.52375,0.331167455129,-0.0620629957105,0.3161959302,-1.33640734598,2.5548093611,-1.89809861096,-4.25795748102,8.77258500142,3.80177756918
4.525,0.329493619229,-0.0588626302246,0.313826277097,-1.34174814734,2.56566354672,-1.89327221875,-4.28683988009,8.59361195436,3.92038969293
4.52625,0.327813084761,-0.0556488368437,0.311462749653,-1.34712444568,2.57629339098,-1.88829763673,-4.31475117104,8.41367576512,4.03887208108
4.5275,0.326125808114,-0.0524218967471,0.309105533005,-1.35253502527,2.58669773613,-1.88317503855,-4.34168844305,8.23285008905,4.15720620038
4.52875,0.324431747198,-0.0491820925034,0.306754812057,-1.35797866679,2.5968755162,-1.87790462123,-4.36764886798,8.05120813004,4.27537321728
4.53,0.322730861447,-0.0459297079566,0.304410771452,-1.36345414744,2.60682575645,-1.87248660551,-4.39262970059,7.86882258657,4.39335400421
4.53125,0.321023111829,-0.0426650281123,0.302073595543,-1.36896024104,2.61654757267,-1.86692123622,-4.41662828051,7.6857655999,4.5111291457
4.5325,0.319308460845,-0.0393883390249,0.299743468361,-1.37449571814,2.62604017045,-1.86120878264,-4.43964203371,7.50210870125,4.62867894428
4.53375,0.317586872534,-0.0360999276862,0.297420573586,-1.38005934613,2.63530284442,-1.85534953886,-4.4616684737,7.31792276328,4.74598342669
4.535,0.31585831248,-0.0328000819139,0.295105094514,-1.38564988933,2.64433497736,-1.84934382407,-4.48270520224,7.13327795324,4.86302235132
4.53625,0.314122747811,-0.0294890902427,0.292797214026,-1.39126610913,2.65313603931,-1.84319198298,-4.50274991044,6.94824368588,4.97977521495
4.5375,0.312380147207,-0.0261672418156,0.290497114557,-1.3969067641,2.66170558658,-1.83689438604,-4.5218003813,6.76288858044,5.09622125973
4.53875,0.3106304809,-0.0228348262763,0.288204978061,-1.40257061009,2.67004326076,-1.83045142983,-4.53985449004,6.57728041761,5.21233948141
4.54,0.308873720681,-0.0194921336637,0.285920985982,-1.40825640033,2.67814878762,-1.82386353733,-4.55691020535,6.39148609833,5.32810863733
4.54125,0.3071098399,-0.0161394543073,0.283645319218,-1.4139628856,2.686021976,-1.81713115823,-4.57296559124,6.20557160652,5.44350725368
4.5425,0.305338813467,-0.0127770787237,0.281378158086,-1.41968881431,2.69366271664,-1.8102547692,-4.58801880816,6.01960197204,5.55851363439
4.54375,0.303560617864,-0.00940529751566,0.279119682295,-1.42543293262,2.70107098093,-1.80323487415,-4.60206811442,5.83364123535,5.67310587072
4.545,0.301775231136,-0.00602440127138,0.276870070901,-1.43119398459,2.70824681973,-1.79607200452,-4.61511186701,5.64775241415,5.78726184913
4.54625,0.299982632902,-0.00263468046635,0.274629502283,-1.43697071229,2.71519036197,-1.78876671953,-4.62714852337,5.46199747256,5.9009592605
4.5475,0.298182804355,0.000763574633546,0.272398154102,-1.4427618559,2.72190181341,-1.78131960637,-4.63817664378,5.27643729224,6.01417561043
4.54875,0.296375728263,0.00417007406717,0.270176203267,-1.4485661539,2.7283814552,-1.7737312805,-4.64819489096,5.09113164398,6.12688822905
4.55,0.29456138897,0.00758452827154,0.267963825901,-1.45438234313,2.73462964252,-1.7660023858,-4.65720203239,4.90613916313,6.23907428044
4.55125,0.292739772405,0.0110066481735,0.265761197303,-1.46020915898,2.74064680311,-1.7581335948,-4.66519694256,4.72151732509,6.35071077301
4.5525,0.290910866073,0.0144361452793,0.263568491914,-1.46604533548,2.74643343583,-1.75012560887,-4.67217860265,4.53732242384,6.46177457035
4.55375,0.289074659066,0.017872731763,0.261385883281,-1.47188960548,2.75199010917,-1.74197915837,-4.67814610346,4.35360955144,6.57224240176
4.555,0.287231142059,0.0213161205522,0.259213544018,-1.47774070074,2.75731745971,-1.73369500286,-4.68309864615,4.17043257975,6.68209087429
4.55625,0.285380307314,0.0247660254123,0.257051645774,-1.4835973521,2.76241619062,-1.72527393119,-4.68703554396,3.98784414525,6.79129648304
4.5575,0.283522148679,0.0282221610288,0.25490035919,-1.4894582896,2.76728707007,-1.71671676165,-4.68995622449,3.8058956315,6.89983562217
4.55875,0.28165666159,0.0316842430875,0.252759853869,-1.49532224266,2.7719309297,-1.70802434213,-4.69186022954,3.62463715841,7.00768459865
4.56,0.279783843072,0.035151988353,0.250630298335,-1.50118794018,2.77634866297,-1.69919755016,-4.69274721798,3.44411757059,7.11481964225
4.56125,0.27790369174,0.0386251147449,0.248511859994,-1.5070541107,2.78054122362,-1.69023729303,-4.69261696715,3.26438442567,7.22121691848
4.5625,0.276016207796,0.0421033414121,0.246404705102,-1.51291948259,2.78450962403,-1.68114450786,-4.69146937401,3.0854839888,7.32685254191
4.56375,0.274121393033,0.045586388805,0.244308998724,-1.51878278414,2.78825493359,-1.67192016167,-4.68930445731,2.90746122473,7.43170258743
4.565,0.272219250835,0.049073978746,0.242224904698,-1.52464274374,2.79177827709,-1.66256525139,-4.68612235824,2.73035979188,7.53574310339
4.56625,0.270309786174,0.0525658344977,0.240152585596,-1.53049809004,2.79508083307,-1.65308080391,-4.68192334285,2.55422204038,7.63895012494
4.5675,0.26839300561,0.0560616808287,0.238092202688,-1.53634755209,2.79816383219,-1.64346787608,-4.67670780431,2.37908900949,7.74129968798
4.56875,0.266468917294,0.0595612440782,0.236043915906,-1.54218985955,2.8010285556,-1.63372755469,-4.67047626305,2.20500042691,7.84276784044
4.57,0.264537530961,0.0630642522177,0.234007883801,-1.54802374275,2.80367633326,-1.62386095648,-4.66322936859,2.03199470914,7.94333065665
4.57125,0.262598857937,0.0665704349114,0.231984263514,-1.55384793297,2.80610854237,-1.61386922805,-4.65496790255,1.86010896381,8.04296425302
4.5725,0.260652911129,0.0700795235736,0.229973210731,-1.55966116251,2.80832660567,-1.60375354585,-4.6456927794,1.68937899303,8.14164479917
4.57375,0.258699705031,0.0735912514255,0.22797487965,-1.56546216492,2.81033198985,-1.59351511605,-4.63540504782,1.51983929738,8.23934853204
4.575,0.256739255717,0.0771053535483,0.225989422941,-1.57124967513,2.81212620391,-1.58315517452,-4.62410589336,1.35152308315,8.33605177138
4.57625,0.254771580843,0.0806215669353,0.224016991714,-1.57702242965,2.81371079756,-1.57267498663,-4.61179663922,1.18446226749,8.43173093366
4.5775,0.252796699643,0.0841396305422,0.222057735475,-1.58277916673,2.81508735958,-1.56207584718,-4.59847874804,1.01868748661,8.52636254509
4.57875,0.250814632926,0.0876592853343,0.220111802096,-1.58851862652,2.81625751628,-1.55135908026,-4.58415382434,0.854228106252,8.61992325649
4.58,0.248825403076,0.0911802743329,0.218179337774,-1.59423955129,2.81722292985,-1.54052603904,-4.56882361625,0.691112230342,8.71238985879
4.58125,0.246829034048,0.0947023426589,0.216260486998,-1.59994068556,2.81798529685,-1.52957810562,-4.55249001588,0.529366711947,8.80373929591
4.5825,0.244825551362,0.098225237575,0.21435539251,-1.60562077633,2.81854634663,-1.5185166908,-4.53515506175,0.369017165812,8.89394867983
4.58375,0.242814982107,0.101748708525,0.212464195271,-1.61127857321,2.81890783977,-1.50734323392,-4.51682094178,0.210087981404,8.98299530522
4.585,0.240797354929,0.105272507174,0.210587034425,-1.61691282868,2.81907156658,-1.49605920254,-4.4974899932,0.0526023358107,9.07085666413
4.58625,0.238772700035,0.108796387442,0.208724047265,-1.6225222982,2.81903934561,-1.48466609226,-4.47716470499,-0.103417792849,9.15751046072
4.5875,0.236741049184,0.112320105538,0.206875369195,-1.62810574044,2.8188130221,-1.47316542639,-4.45584771976,-0.257951608543,9.24293462386
4.58875,0.234702435684,0.115843419997,0.205041133699,-1.6336619175,2.81839446659,-1.4615587557,-4.43354183498,-0.4109794812,9.32710732457
4.59,0.23265689439,0.119366091705,0.203221472305,-1.63918959503,2.8177855734,-1.44984765808,-4.41025000525,-0.562482932562,9.41000698943
4.59125,0.230604461696,0.122887883931,0.201416514553,-1.64468754251,2.81698825925,-1.43803373822,-4.38597534375,-0.712444618597,9.49161231288
4.5925,0.228545175534,0.126408562353,0.19962638796,-1.65015453339,2.81600446185,-1.42611862729,-4.36072112339,-0.860848310205,9.57190227501
4.59375,0.226479075363,0.129927895085,0.197851217985,-1.65558934532,2.81483613848,-1.41410398253,-4.33449077922,-1.00767887649,9.65085615386
4.595,0.22440620217,0.133445652699,0.196091128003,-1.66099076034,2.81348526466,-1.40199148691,-4.30728791057,-1.15292226636,9.72845353877
4.59625,0.222326598462,0.136961608247,0.194346239268,-1.6663575651,2.81195383281,-1.38978284869,-4.27911628089,-1.29656548917,9.80467434667
4.5975,0.220240308258,0.140475537281,0.192616670882,-1.67168855104,2.81024385094,-1.37747980104,-4.24997981998,-1.43859659538,9.87949883534
4.59875,0.218147377085,0.143987217874,0.190902539765,-1.67698251465,2.80835734132,-1.3650841016,-4.21988262742,-1.5790046566,9.95290761557
4.6,0.216047851971,0.147496430635,0.189203960628,-1.68223825761,2.8062963393,-1.352597532,-4.18882897281,-1.71777974635,10.0248816661
4.60125,0.213941781441,0.151002958723,0.187521045935,-1.68745458708,2.80406289196,-1.34002189743,-4.15682329548,-1.85491291826,10.095402348
4.6025,0.211829215503,0.154506587864,0.185853905884,-1.69263031585,2.801659057,-1.32735902613,-4.1238702091,-1.99039618718,10.164451416
4.60375,0.209710205651,0.158007106365,0.18420264837,-1.6977642626,2.79908690149,-1.31461076889,-4.08997450219,-2.12422250759,10.2320110328
4.605,0.207584804847,0.161504305118,0.182567378962,-1.7028552521,2.79634850073,-1.30177899855,-4.05514113786,-2.25638575137,10.2980637817
4.60625,0.205453067521,0.164997977617,0.180948200874,-1.70790211544,2.79344593711,-1.28886560944,-4.0193752579,-2.38688068926,10.3625926787
4.6075,0.203315049558,0.168487919961,0.179345214938,-1.71290369025,2.79038129901,-1.27587251685,-3.98268218302,-2.51570296741,10.4255811857
4.60875,0.201170808295,0.171973930864,0.177758519582,-1.7178588209,2.78715667969,-1.26280165648,-3.94506741309,-2.64284908685,10.4870132218
4.61,0.199020402506,0.17545581166,0.176188210797,-1.72276635878,2.78377417629,-1.2496549838,-3.90653662961,-2.76831638192,10.5468731761
4.61125,0.196863892398,0.178933366305,0.174634382122,-1.72762516248,2.78023588874,-1.23643447354,-3.86709569805,-2.89210299862,10.6051459179
4.6125,0.1947013396,0.182406401382,0.173097124613,-1.73243409803,2.77654391879,-1.223142119,-3.82675066752,-3.01420787388,10.6618168091
4.61375,0.192532807153,0.185874726102,0.171576526824,-1.73719203915,2.77270036905,-1.20977993151,-3.78550777093,-3.13463071271,10.7168717153
4.615,0.190358359502,0.189338152305,0.170072674784,-1.74189786745,2.76870734201,-1.19634993972,-3.74337342919,-3.25337196795,10.7702970149
4.61625,0.188178062484,0.192796494457,0.168585651975,-1.74655047272,2.76456693913,-1.18285418898,-3.70035425082,-3.37043281804,10.8220796104
4.6175,0.18599198332,0.196249569653,0.167115539312,-1.75114875308,2.76028125997,-1.16929474069,-3.65645703109,-3.48581514601,10.8722069386
4.61875,0.183800190602,0.199697197607,0.165662415123,-1.7556916153,2.75585240127,-1.15567367163,-3.61168875621,-3.599521519,10.9206669794
4.62,0.181602754282,0.203139200656,0.164226355133,-1.76017797497,2.75128245617,-1.14199307324,-3.56605660304,-3.71155516589,10.967448265
4.62125,0.179399745664,0.206575403747,0.16280743244,-1.7646067568,2.74657351335,-1.12825505097,-3.51956793864,-3.82191995641,11.0125398893
4.6225,0.17719123739,0.210005634439,0.161405717506,-1.76897689482,2.74172765628,-1.11446172352,-3.47223032268,-3.93062038086,11.0559315162
4.62375,0.174977303427,0.213429722888,0.160021278132,-1.77328733261,2.7367469624,-1.10061522218,-3.42405150754,-4.03766152988,11.0976133852
4.625,0.172758019058,0.216847501845,0.15865417945,-1.77753702359,2.73163350245,-1.08671769006,-3.37503943914,-4.14304907309,11.1375763229
4.62625,0.170533460868,0.220258806644,0.157304483906,-1.78172493121,2.72638933972,-1.07277128137,-3.32520225753,-4.24678923903,11.1758117476
4.6275,0.16830370673,0.223663475194,0.155972251247,-1.78585002923,2.72101652936,-1.05877816069,-3.2745482972,-4.3488887949,11.2123116754
4.62875,0.166068835795,0.227061347968,0.154657538505,-1.78991130195,2.71551711773,-1.04474050218,-3.22308608781,-4.4493550272,11.2470687283
4.63,0.163828928476,0.230452267989,0.153360399991,-1.79390774445,2.70989314179,-1.03066048887,-3.17082435422,-4.54819572236,11.2800761384
4.63125,0.161584066434,0.233836080822,0.152080887283,-1.79783836284,2.70414662843,-1.01654031183,-3.11777201713,-4.64541914568,11.3113277542
4.6325,0.159334332568,0.23721263456,0.150819049212,-1.80170217449,2.69827959392,-1.00238216948,-3.06393819267,-4.74103402412,11.3408180443
4.63375,0.157079810998,0.240581779807,0.149574931859,-1.80549820832,2.69229404337,-0.988188266724,-3.0093321932,-4.8350495269,11.3685421027
4.635,0.154820587048,0.243943369668,0.148348578545,-1.80922550498,2.68619197011,-0.973960814224,-2.95396352768,-4.9274752467,11.3944956523
4.63625,0.152556747235,0.247297259732,0.147140029823,-1.81288311714,2.67997535525,-0.959702027593,-2.89784190039,-5.01832118169,11.4186750477
4.6375,0.150288379255,0.250643308056,0.145949323476,-1.81647010973,2.67364616715,-0.945414126604,-2.84097721082,-5.1075977163,11.4410772795
4.63875,0.148015571961,0.25398137515,0.144776494507,-1.81998556016,2.66720636096,-0.931099334394,-2.7833795546,-5.19531560527,11.4616999744
4.64,0.145738415354,0.257311323959,0.14362157514,-1.82342855861,2.66065787814,-0.916759876668,-2.72505922321,-5.28148595569,11.480541399
4.64125,0.143457000564,0.260633019845,0.142484594815,-1.82679820822,2.65400264607,-0.902397980897,-2.66602670135,-5.36612020945,11.4976004609
4.6425,0.141171419834,0.263946330574,0.141365580188,-1.83009362537,2.64724257762,-0.888015875516,-2.60629266858,-5.44923012657,11.5128767085
4.64375,0.138881766501,0.267251126289,0.140264555126,-1.83331393989,2.64037957075,-0.873615789126,-2.54586799811,-5.53082776899,11.526370332
4.645,0.136588134984,0.270547279501,0.139181540715,-1.83645829536,2.63341550819,-0.859199949686,-2.48476375523,-5.61092548478,11.5380821634
4.64625,0.134290620763,0.27383466506,0.138116555252,-1.83952584928,2.62635225704,-0.844770583717,-2.42299119763,-5.68953589161,11.5480136764
4.6475,0.131989320361,0.277113160143,0.137069614255,-1.84251577336,2.61919166846,-0.830329915495,-2.36056177349,-5.76667186123,11.5561669835
4.64875,0.129684331329,0.280382644231,0.136040730463,-1.84542725372,2.61193557739,-0.815880166258,-2.29748712082,-5.84234650516,11.5625448358
4.65,0.127375752227,0.283642999087,0.13502991384,-1.84825949116,2.6045858022,-0.801423553406,-2.23377906566,-5.91657315932,11.5671506208
4.65125,0.125063682601,0.286894108737,0.13403717158,-1.85101170138,2.59714414449,-0.786962289707,-2.16944962176,-5.98936536889,11.5699883591
4.6525,0.122748222973,0.290135859448,0.133062508116,-1.85368311521,2.58961238878,-0.772498582508,-2.10451098893,-6.06073687547,11.571062702
4.65375,0.120429474813,0.293368139709,0.132105925124,-1.85627297885,2.5819923023,-0.758034632952,-2.03897554973,-6.13070160241,11.5703789272
4.655,0.118107540526,0.296590840204,0.131167421533,-1.85878055409,2.57428563477,-0.74357263519,-1.97285587015,-6.19927364108,11.5679429356
4.65625,0.115782523428,0.299803853796,0.130246993536,-1.86120511853,2.5664941182,-0.729114775612,-1.90616469704,-6.2664672387,11.5637612461
4.6575,0.11345452773,0.303007075499,0.129344634594,-1.86354596583,2.55861946668,-0.714663232075,-1.83891495498,-6.33229678443,11.5578409903
4.65875,0.111123658514,0.306200402462,0.128460335455,-1.86580240591,2.55066337624,-0.700220173137,-1.77111974606,-6.39677679664,11.5501899083
4.66,0.108790021715,0.30938373394,0.127594084161,-1.86797376519,2.54262752468,-0.685787757304,-1.7027923461,-6.45992191238,11.540816342
4.66125,0.106453724101,0.312556971274,0.126745866062,-1.87005938678,2.53451357146,-0.671368132282,-1.63394620307,-6.52174687464,11.5297292281
4.6625,0.104114873248,0.315720017869,0.125915663831,-1.8720586307,2.5263231575,-0.656963434234,-1.56459493565,-6.58226651889,11.516938093
4.66375,0.101773577524,0.318872779168,0.125103457477,-1.87397087412,2.51805790516,-0.642575787049,-1.49475232861,-6.64149576433,11.5024530448
4.665,0.0994299460627,0.322015162631,0.124309224363,-1.87579551152,2.50971941809,-0.628207301622,-1.42443233097,-6.69944960312,11.4862847647
4.66625,0.097084088745,0.325147077713,0.123532939223,-1.87753195495,2.50130928115,-0.613860075138,-1.3536490536,-6.75614308807,11.4684445004
4.6675,0.0947361161753,0.328268435834,0.122774574175,-1.87917963416,2.49282906037,-0.599536190371,-1.28241676651,-6.8115913228,11.4489440579
4.66875,0.0923861396596,0.331379150364,0.122034098747,-1.88073799686,2.48428030284,-0.585237714993,-1.21074989488,-6.86580945159,11.4277957916
4.67,0.0900342711832,0.334479136591,0.121311479888,-1.88220650889,2.47566453674,-0.570966700892,-1.13866301548,-6.9188126512,11.4050125962
4.67125,0.0876806233874,0.337568311706,0.120606681994,-1.8835846544,2.46698327122,-0.556725183502,-1.06617085519,-6.97061612037,11.3806078965
4.6725,0.0853253095471,0.340646594769,0.119919666929,-1.88487193603,2.45823799644,-0.542515181151,-0.993288286023,-7.02123506926,11.3545956381
4.67375,0.0829684435473,0.343713906697,0.119250394041,-1.88606787512,2.44943018354,-0.528338694407,-0.920030321295,-7.07068471342,11.3269902778
4.675,0.0806101398594,0.346770170228,0.118598820193,-1.88717201184,2.44056128465,-0.514197705456,-0.846412113105,-7.11898026401,11.2978067719
4.67625,0.0782505135177,0.349815309908,0.117964899778,-1.8881839054,2.43163273288,-0.500094177477,-0.772448947707,-7.16613691836,11.2670605663
4.6775,0.0758896800959,0.352849252061,0.117348584749,-1.88910313421,2.42264594236,-0.48603005404,-0.698156241604,-7.2121698536,11.234767586
4.67875,0.0735277556822,0.355871924764,0.116749824643,-1.889929296,2.41360230825,-0.472007258512,-0.623549537531,-7.25709421913,11.2009442232
4.68,0.0711648568558,0.358883257831,0.116168566603,-1.89066200805,2.40450320681,-0.458027693482,-0.548644500405,-7.30092512789,11.1656073251
4.68125,0.0688011006621,0.361883182781,0.115604755409,-1.89130090725,2.39534999543,-0.444093240199,-0.473456912628,-7.34367764971,11.1287741841
4.6825,0.0664366045877,0.36487163282,0.115058333502,-1.89184565033,2.38614401269,-0.430205758022,-0.398002669046,-7.38536680503,11.0904625249
4.68375,0.0640714865363,0.367848542813,0.114529241014,-1.89229591393,2.37688657842,-0.416367083887,-0.322297773836,-7.42600755756,11.0506904912
4.685,0.0617058648029,0.370813849266,0.114017415793,-1.89265139477,2.36757899379,-0.402579031794,-0.246358335423,-7.46561480812,11.0094766348
4.68625,0.0593398580493,0.373767490297,0.113522793435,-1.89291180977,2.3582225414,-0.3888433923,-0.170200560368,-7.50420338827,10.9668399035
4.6875,0.0569735852785,0.376709405619,0.113045307312,-1.89307689617,2.34881848532,-0.375161932035,-0.0938407491958,-7.54178805463,10.9227996271
4.68875,0.0546071658089,0.379639536511,0.112584888604,-1.89314641164,2.33936807126,-0.361536393232,-0.0172952918633,-7.57838348336,10.8773755051
4.69,0.0522407192494,0.382557825797,0.112141466329,-1.8931201344,2.32987252661,-0.347968493273,0.0594193378035,-7.61400426471,10.8305875933
4.69125,0.0498743654729,0.385464217827,0.111714967371,-1.89299786329,2.3203330606,-0.334459924249,0.136286587811,-7.64866489728,10.7824562927
4.6925,0.0475082245911,0.388358658449,0.111305316518,-1.89277941793,2.31075086437,-0.321012352541,0.21328983282,-7.68237978283,10.7330023343
4.69375,0.0451424169281,0.391241094988,0.11091243649,-1.89246463871,2.30112711114,-0.307627418413,0.2904123796,-7.7151632229,10.6822467659
4.695,0.0427770629944,0.394111476227,0.110536247972,-1.89205338698,2.29146295631,-0.294306735626,0.367637473227,-7.74702941313,10.6302109403
4.69625,0.0404122834607,0.396969752379,0.110176669651,-1.89154554503,2.28175953761,-0.281051891063,0.444948302472,-7.77799243854,10.5769165008
4.6975,0.0380481991318,0.399815875071,0.109833618245,-1.89094101622,2.27201797522,-0.267864444374,0.522328004726,-7.80806627092,10.5223853682
4.69875,0.0356849309201,0.402649797317,0.10950700854,-1.89023972502,2.26223937193,-0.254745927642,0.59975967291,-7.837264763,10.466639728
4.7,0.0333225998192,0.405471473501,0.109196753425,-1.88944161704,2.25242481331,-0.241697845054,0.677226361405,-7.86560164563,10.4097020151
4.70125,0.0309613268775,0.40828085935,0.108902763927,-1.88854665911,2.24257536782,-0.228721672604,0.754711091437,-7.89309052471,10.3515949025
4.7025,0.0286012331715,0.41107791192,0.108624949244,-1.88755483931,2.232692087,-0.215818857798,0.832196857472,-7.91974487639,10.2923412874
4.70375,0.0262424397792,0.413862589568,0.108363216783,-1.88646616697,2.22277600563,-0.202990819386,0.909666632952,-7.94557804537,10.231964277
4.705,0.023885067754,0.416634851934,0.108117472195,-1.88528067273,2.21282814188,-0.190238947105,0.987103378093,-7.97060324061,10.1704871768
4.70625,0.0215292380974,0.419394659923,0.107887619415,-1.88399840852,2.20284949752,-0.177564601444,1.06449004436,-7.99483353279,10.1079334748
4.7075,0.0191750717327,0.422141975678,0.107673560692,-1.88261944762,2.19284105805,-0.164969113418,1.14180958031,-8.01828185215,10.0443268311
4.70875,0.0168226894784,0.424876762568,0.107475196631,-1.88114388457,2.18280379289,-0.152453784366,1.2190449411,-8.04096098502,9.97969106409
4.71,0.0144722120213,0.42759898516,0.107292426231,-1.87957183526,2.17273865559,-0.140019885758,1.29617909243,-8.06288357246,9.9140501362
4.71125,0.0121237598902,0.430308609207,0.107125146917,-1.87790343684,2.16264658396,-0.127668659026,1.3731950167,-8.08406210701,9.84742814202
4.7125,0.00977745342918,0.43300560162,0.106973254583,-1.87613884772,2.15252850032,-0.115401315403,1.45007572131,-8.10450893047,9.77984929621
4.71375,0.00743341277091,0.435689930457,0.106836643629,-1.87427824754,2.14238531164,-0.103219035785,1.52680424438,-8.12423623352,9.71133791978
4.715,0.00509175781034,0.438361564899,0.106715206994,-1.87232183711,2.13221790974,-0.0911229706037,1.6033636612,-8.1432560523,9.64191842799
4.71625,0.00275260817813,0.441020475232,0.106608836202,-1.87026983839,2.12202717151,-0.0791142397152,1.67973709091,-8.16158026646,9.57161531843
4.7175,0.000416083214369,0.443666632828,0.106517421395,-1.86812249438,2.11181395907,-0.0671939323076,1.75590770324,-8.17922059926,9.50045315842
4.71875,-0.00191769805783,0.446300010129,0.106440851371,-1.86588006913,2.10157912001,-0.0553631068192,1.83185872514,-8.19618861533,9.4284565735
4.72,-0.00424861695845,0.448920580628,0.106379013628,-1.86354284757,2.09132348753,-0.0436227908739,1.90757344731,-8.21249571824,9.35565023476
4.72125,-0.00657655517676,0.451528318848,0.106331794394,-1.86111113551,2.08104788071,-0.0319739812323,1.98303523179,-8.22815315034,9.28205884843
4.7225,-0.00890139479723,0.45412320033,0.106299078675,-1.85858525949,2.07075310466,-0.0204176437528,2.05822751735,-8.24317199246,9.2077071444
4.72375,-0.0112230183255,0.45670520161,0.106280750285,-1.85596556672,2.06043995073,-0.00895471337126,2.13313382536,-8.25756316168,9.13261986355
4.725,-0.013541308714,0.459274300207,0.106276691891,-1.85325242493,2.05010919675,0.0024139059061,2.20773776944,-8.27133741019,9.05682174803
4.72625,-0.0158561493878,0.461830474602,0.106286785049,-1.85044622229,2.03976160721,0.0136873409988,2.28202305989,-8.28450532524,8.98033753117
4.7275,-0.0181674242698,0.464373704225,0.106310910244,-1.84754736728,2.02939793344,0.024864749734,2.35597350981,-8.29707732922,8.9031919251
4.72875,-0.020475017806,0.466903969435,0.106348946924,-1.84455628852,2.01901891388,0.0359453208116,2.42957304363,-8.30906367723,8.82540961114
4.73,-0.0227788149911,0.469421251509,0.106400773546,-1.84147343467,2.00862527425,0.0469282737619,2.50280570138,-8.32047445794,8.74701523135
4.73125,-0.0250787013927,0.471925532621,0.106466267608,-1.83829927427,1.99821772774,0.05781285889,2.57565564626,-8.33131959319,8.66803337673
4.7325,-0.0273745631767,0.474416795829,0.106545305693,-1.83503429555,1.98779697526,0.0685983572037,2.64810717235,-8.34160883631,8.5884885777
4.73375,-0.0296662871316,0.476895025059,0.106637763501,-1.83167900633,1.97736370565,0.0792840803342,2.72014470842,-8.35135177361,8.50840529586
4.735,-0.0319537606926,0.479360205093,0.106743515894,-1.82823393378,1.96691859583,0.0898693704434,2.79175282528,-8.36055782348,8.42780791421
4.73625,-0.034236871966,0.481812321549,0.106862436927,-1.82469962427,1.95646231109,0.10035360012,2.86291624253,-8.36923623598,8.34672072891
4.7375,-0.0365155097532,0.484251360871,0.106994399894,-1.82107664318,1.94599550524,0.110736172266,2.93361983403,-8.37739609355,8.2651679402
4.73875,-0.038789563574,0.486677310312,0.107139277358,-1.81736557469,1.93551882085,0.12101651997,3.00384863457,-8.38504631074,8.18317364372
4.74,-0.0410589236899,0.489090157923,0.107296941194,-1.81356702159,1.92503288946,0.131194106375,3.07358784506,-8.3921956341,8.10076182327
4.74125,-0.0433234811279,0.491489892536,0.107467262624,-1.80968160507,1.91453833177,0.141268424528,3.14282283857,-8.39885264258,8.01795634293
4.7425,-0.0455831277026,0.493876503752,0.107650112255,-1.80570996449,1.90403575786,0.151238997232,3.21153916684,-8.40502574759,7.93478093951
4.74375,-0.0478377560392,0.49624998193,0.107845360117,-1.80165275716,1.8935257674,0.161105376877,3.27972256503,-8.4107231947,7.85125921442
4.745,-0.0500872595955,0.498610318171,0.108052875697,-1.79751065808,1.88300894987,0.170867145268,3.34735895734,-8.41595306205,7.76741462783
4.74625,-0.0523315326844,0.500957504305,0.10827252798,-1.79328435976,1.87248588474,0.180523913447,3.41443446317,-8.4207232612,7.68327049188
4.7475,-0.0545704704949,0.503291532882,0.108504185481,-1.78897457192,1.86195714172,0.190075321498,3.480935402,-8.42504153938,7.59884996298
4.74875,-0.0568039691142,0.505612397159,0.108747716284,-1.78458202126,1.8514232809,0.199521038354,3.54684829869,-8.42891547758,7.51417603772
4.75,-0.0590319255481,0.507920091085,0.109002988077,-1.78010745118,1.84088485302,0.208860761592,3.61215988786,-8.43235249252,7.42927154513
4.75125,-0.0612542377421,0.510214609292,0.109269868188,-1.77555162154,1.83034239966,0.218094217217,3.67685711933,-8.43535983805,7.34415914078
4.7525,-0.0634708046019,0.512495947084,0.10954822362,-1.77091530838,1.81979645343,0.227221159444,3.74092716363,-8.43794460378,7.258861304
4.75375,-0.0656815260131,0.514764100425,0.109837921087,-1.76619930363,1.80924753816,0.236241370477,3.80435741565,-8.44011371684,7.17340033024
4.755,-0.067886302861,0.517019065929,0.110138827046,-1.76140441484,1.79869616914,0.24515466027,3.86713549919,-8.44187394322,7.08779832653
4.75625,-0.0700850370502,0.519260840848,0.110450807737,-1.75653146488,1.7881428533,0.253960866293,3.92924927159,-8.44323188835,7.00207720801
4.7575,-0.0722776315232,0.521489423062,0.110773729212,-1.75158129166,1.77758808941,0.26265985329,3.99068682771,-8.44419399715,6.91625869205
4.75875,-0.0744639902793,0.523704811072,0.11110745737,-1.74655474781,1.7670323683,0.271251513023,4.05143650411,-8.44476655467,6.83036429546
4.76,-0.0766440183927,0.525907003983,0.111451857994,-1.7414527004,1.75647617303,0.279735764029,4.11148688286,-8.44495568907,6.74441533035
4.76125,-0.0788176220303,0.528096001504,0.11180679678,-1.73627603061,1.74591997908,0.288112551349,4.17082679519,-8.44476737101,6.65843289963
4.7625,-0.0809847084692,0.530271803931,0.112172139373,-1.73102563341,1.7353642546,0.296381846278,4.22944532467,-8.44420741348,6.57243789466
4.76375,-0.0831451861139,0.532434412141,0.112547751396,-1.72570241729,1.72480946055,0.304543646086,4.28733181081,-8.44328147542,6.48645099136
4.765,-0.0852989645125,0.534583827582,0.112933498488,-1.72030730389,1.71425605091,0.312597973756,4.34447585267,-8.44199506199,6.40049264728
4.76625,-0.0874459543736,0.536720052268,0.113329246331,-1.71484122766,1.70370447289,0.320544877704,4.40086731058,-8.44035352331,6.31458310026
4.7675,-0.0895860675816,0.538843088765,0.113734860682,-1.70930513561,1.6931551671,0.328384431507,4.45649630975,-8.43836205786,6.22874236402
4.76875,-0.0917192172126,0.540952940186,0.114150207409,-1.70369998689,1.68260856775,0.336116733614,4.51135324354,-8.43602571431,6.14299022682
4.77,-0.0938453175488,0.543049610184,0.114575152516,-1.6980267525,1.67206510282,0.343741907074,4.56542877388,-8.43334938986,6.05734624992
4.77125,-0.0959642840938,0.545133102943,0.115009562177,-1.69228641495,1.66152519427,0.351260099239,4.61871383494,-8.43033783306,5.9718297649
4.7725,-0.0980760335862,0.54720342317,0.115453302764,-1.68647996791,1.65098925824,0.358671481486,4.6711996353,-8.42699564531,5.88645987266
4.77375,-0.100180484014,0.549260576088,0.115906240881,-1.68060841586,1.64045770516,0.365976248921,4.72287765841,-8.42332728069,5.80125544124
4.775,-0.102277554626,0.551304567433,0.116368243387,-1.67467277377,1.62993094003,0.373174620089,4.77373966548,-8.41933704847,5.7162351053
4.77625,-0.104367165948,0.553335403438,0.116839177431,-1.6686740667,1.61940936254,0.380266836684,4.82377769618,-8.41502911327,5.63141726516
4.7775,-0.106449239793,0.555353090839,0.117318910478,-1.66261332953,1.60889336725,0.387253163252,4.87298407008,-8.41040749652,5.54682008579
4.77875,-0.108523699272,0.557357636857,0.117807310339,-1.65649160653,1.5983833438,0.394133886898,4.9213513879,-8.40547607871,5.46246149552
4.78,-0.110590468809,0.559349049198,0.118304245196,-1.65030995106,1.58787967705,0.400909316991,4.96887253126,-8.40023859889,5.3783591862
4.78125,-0.112649474149,0.561327336049,0.118809583632,-1.6440694252,1.5773827473,0.407579784864,5.01554066427,-8.39469865657,5.2945306132
4.7825,-0.114700642372,0.563292506067,0.119323194658,-1.6377710994,1.56689293041,0.414145643524,5.06134923408,-8.38885971377,5.21099299459
4.78375,-0.116743901898,0.565244568375,0.11984494774,-1.63141605211,1.55641059802,0.42060726735,5.10629197036,-8.38272509521,5.12776331112
4.785,-0.118779182502,0.567183532562,0.120374712826,-1.62500536947,1.54593611767,0.426965051802,5.15036288507,-8.3762979899,5.04485830721
4.78625,-0.120806415322,0.569109408669,0.12091236037,-1.6185401449,1.53546985304,0.433219413118,5.19355627317,-8.36958145272,4.96229449099
4.7875,-0.122825532864,0.571022207194,0.121457761359,-1.61202147879,1.52501216404,0.439370788029,5.23586671202,-8.36257840509,4.88008813338
4.78875,-0.124836469019,0.57292193908,0.12201078734,-1.60545047812,1.51456340703,0.445419633452,5.27728905988,-8.35529163674,4.79825527065
4.79,-0.12683915906,0.574808615712,0.122571310443,-1.59882825614,1.50412393495,0.451366426206,5.31781845564,-8.34772380666,4.71681170489
4.79125,-0.128833539659,0.576682248917,0.123139203405,-1.59215593198,1.49369409751,0.457211662714,5.35745031827,-8.33987744413,4.63577300331
4.7925,-0.13081954889,0.578542850956,0.123714339599,-1.58543463034,1.48327424134,0.462955858714,5.39618034504,-8.33175495085,4.55515450106
4.79375,-0.132797126235,0.58039043452,0.124296593052,-1.57866548112,1.47286471014,0.468599548967,5.43400451032,-8.32335860167,4.47497130142
4.795,-0.134766212593,0.582225012731,0.124885838472,-1.57184961907,1.46246584484,0.474143286967,5.47091906378,-8.31469054531,4.39523827677
4.79625,-0.136726750282,0.584046599132,0.12548195127,-1.56498818346,1.45207798377,0.479587644659,5.50692052859,-8.30575280637,4.31597007119
4.7975,-0.138678683051,0.58585520769,0.126084807583,-1.55808231774,1.44170146282,0.484933212145,5.54200569975,-8.29654728673,4.23718110063
4.79875,-0.140621956077,0.587650852789,0.1266942843,-1.55113316921,1.43133661556,0.49018059741,5.5761716418,-8.28707576627,4.15888555477
4.8,-0.142556515974,0.589433549229,0.127310259077,-1.54414188864,1.4209837734,0.495330426032,5.60941568676,-8.27733990399,4.0810973993
4.80125,-0.144482310798,0.591203312223,0.127932610365,-1.53710962999,1.4106432658,0.500383340908,5.64173543107,-8.26734123988,4.00383037725
4.8025,-0.146399290049,0.592960157394,0.128561217429,-1.53003755006,1.4003154203,0.505340001975,5.6731287329,-8.25708119613,3.92709801037
4.80375,-0.148307404674,0.594704100774,0.12919596037,-1.52292680816,1.3900005628,0.510201085934,5.70359370983,-8.24656107752,3.8509136013
4.805,-0.15020660707,0.596435158801,0.129836720144,-1.51577856579,1.37969901761,0.514967285979,5.73312873556,-8.23578207355,3.77529023637
4.80625,-0.152096851088,0.598153348318,0.130483378585,-1.50859398632,1.36941110762,0.519639311525,5.76173243665,-8.22474525963,3.70024078674
4.8075,-0.153978092035,0.59985868657,0.131135818423,-1.5013742347,1.35913715446,0.524217887946,5.78940368932,-8.21345159744,3.62577791041
4.80875,-0.155850286675,0.601551191204,0.131793923305,-1.4941204771,1.34887747863,0.528703756301,5.8161416159,-8.20190193721,3.551914055
4.81,-0.157713393228,0.603230880266,0.132457577814,-1.48683388066,1.33863239962,0.533097673083,5.84194558076,-8.1900970187,3.47866145973
4.81125,-0.159567371376,0.604897772203,0.133126667488,-1.47951561315,1.32840223608,0.537400409951,5.86681518719,-8.1780374717,3.4060321579
4.8125,-0.161412182261,0.606551885857,0.133801078839,-1.47216684269,1.31818730594,0.541612753478,5.89075027331,-8.16572381774,3.33403797895
4.81375,-0.163247788483,0.608193240468,0.134480699371,-1.46478873746,1.30798792654,0.545735504898,5.91375090774,-8.15315647136,3.26269055108
4.815,-0.165074154105,0.609821855673,0.135165417601,-1.45738246542,1.29780441476,0.549769479855,5.93581738525,-8.14033574147,3.19200130364
4.81625,-0.166891244647,0.611437751505,0.135855123071,-1.449949194,1.28763708718,0.553715508157,5.9569502227,-8.12726183203,3.12198146929
4.8175,-0.16869902709,0.613040948391,0.136549706371,-1.44249008986,1.27748626018,0.557574433529,5.97715015472,-8.11393484314,3.05264208715
4.81875,-0.170497469871,0.614631467155,0.137249059155,-1.43500631861,1.26735225007,0.561347113375,5.99641812891,-8.10035477276,2.98399400507
4.82,-0.172286542886,0.616209329016,0.137953074155,-1.42749904454,1.25723537325,0.565034418541,6.01475530112,-8.08652151773,2.91604788182
4.82125,-0.174066217483,0.617774555588,0.138661645201,-1.41996943036,1.24713594628,0.56863723308,6.03216303055,-8.07243487456,2.84881419041
4.8225,-0.175836466462,0.619327168882,0.139374667237,-1.41241863696,1.23705428606,0.572156454017,6.0486428753,-8.05809454051,2.78230322006
4.82375,-0.177597264075,0.620867191303,0.140092036336,-1.40484782317,1.22699070993,0.57559299113,6.06419658678,-8.0435001151,2.71652507917
4.825,-0.17934858602,0.622394645657,0.140813649715,-1.3972581455,1.21694553577,0.578947766715,6.0788261509,-8.02865113201,2.65148965025
4.82625,-0.181090409439,0.623909555143,0.141539405753,-1.38965075779,1.2069190821,0.582221715255,6.0925345795,-8.01354758888,2.58720575657
4.8275,-0.182822712914,0.625411943362,0.142269204003,-1.38202680905,1.1969116668,0.585415781107,6.10532800943,-7.9981913518,2.52367894727
4.82875,-0.184545476461,0.62690183431,0.143002945206,-1.37438743777,1.18692360372,0.588530912623,6.11721668096,-7.98258682362,2.4609104304
4.83,-0.186258681509,0.628379252371,0.143740531285,-1.36673376735,1.17695519974,0.591568057183,6.12821313862,-7.96673976795,2.39889891144
4.83125,-0.18796231088,0.629844222309,0.144481865349,-1.35906690492,1.1670067543,0.594528159902,6.13833039184,-7.95065610015,2.3376424978
4.8325,-0.189656348771,0.631296769257,0.145226851685,-1.35138794137,1.15707855949,0.597412163427,6.14758148954,-7.93434161153,2.27713913899
4.83375,-0.191340780733,0.632736918708,0.145975395757,-1.3436979512,1.14717090027,0.60022100775,6.1559795053,-7.917801967,2.217386641
4.835,-0.193015593649,0.634164696508,0.146727404204,-1.3359979926,1.13728405458,0.60295563003,6.16353753157,-7.90104270782,2.15838267108
4.83625,-0.194680775715,0.635580128844,0.147482784832,-1.32828910737,1.1274182935,0.605616964427,6.17026867496,-7.88406925395,2.10012476233
4.8375,-0.196336316418,0.636983242241,0.148241446615,-1.32057232091,1.11757388144,0.608205941936,6.17618605079,-7.866886908,2.04261031607
4.83875,-0.197982206517,0.638374063548,0.149003299687,-1.31284864224,1.10775107623,0.610723490217,6.18130277865,-7.84950085711,1.98583660623
4.84,-0.199618438023,0.639752619932,0.149768255341,-1.30511906397,1.0979501293,0.613170533451,6.18563197649,-7.8319161759,1.92980078504
4.84125,-0.201245004177,0.641118938871,0.150536226021,-1.2973845623,1.08817128579,0.61554799218,6.18918675566,-7.81413782978,1.87449988472
4.8425,-0.202861899429,0.642473048146,0.151307125321,-1.28964609708,1.07841478472,0.617856783163,6.19198021763,-7.79617067744,1.81993082117
4.84375,-0.20446911942,0.643814975833,0.152080867979,-1.28190461176,1.0686808591,0.620097819233,6.19402544771,-7.77801947313,1.7660903996
4.845,-0.206066660958,0.645144750294,0.152857369869,-1.27416103346,1.05896973604,0.622272009162,6.19533551035,-7.75968886903,1.7129753166
4.84625,-0.207654522003,0.646462400173,0.153636548002,-1.26641627298,1.04928163693,0.624380257524,6.19592344588,-7.74118341883,1.66058216328
4.8475,-0.209232701641,0.647767954386,0.154418320513,-1.25867122485,1.03961677749,0.62642346457,6.19580226552,-7.72250757959,1.60890742993
4.84875,-0.210801200065,0.649061442117,0.155202606663,-1.25092676732,1.02997536798,0.628402526099,6.19498494611,-7.70366571416,1.55794750936
4.85,-0.212360018559,0.650342892806,0.155989326828,-1.24318376248,1.02035761321,0.630318333344,6.19348442704,-7.68466209329,1.50769869899
4.85125,-0.213909159472,0.65161233615,0.156778402496,-1.23544305625,1.01076371274,0.632171772847,6.19131360591,-7.66550089875,1.45815720435
4.8525,-0.2154486262,0.652869802088,0.15756975626,-1.22770547847,1.00119386096,0.633963726354,6.18848533336,-7.64618622532,1.40931914393
4.85375,-0.216978423168,0.654115320802,0.158363311812,-1.21997184292,0.99164824718,0.635695070707,6.18501241103,-7.62672208257,1.36118055019
4.855,-0.218498555807,0.655348922706,0.159158993937,-1.21224294744,0.982127055755,0.63736667773,6.18090758668,-7.60711239825,1.31373737324
4.85625,-0.220009030536,0.656570638442,0.159956728507,-1.20451957395,0.972630466184,0.63897941414,6.17618354935,-7.58736101896,1.26698548515
4.8575,-0.221509854742,0.657780498872,0.160756442472,-1.19680248856,0.963158653208,0.640534141443,6.17085292788,-7.56747171324,1.22092068055
4.85875,-0.223001036758,0.658978535075,0.16155806386,-1.18909244163,0.953711786901,0.642031715841,6.16492828622,-7.54744817441,1.17553868068
4.86,-0.224482585846,0.660164778339,0.162361521762,-1.18139016785,0.944290032772,0.643472988144,6.15842211957,-7.52729402043,1.13083513669
4.86125,-0.225954512177,0.661339260157,0.163166746331,-1.17369638633,0.93489355185,0.644858803683,6.15134685237,-7.50701279762,1.08680563133
4.8625,-0.227416826812,0.662502012219,0.163973668771,-1.16601180072,0.925522500777,0.646190002223,6.14371483422,-7.4866079834,1.04344568192
4.86375,-0.228869541679,0.663653066409,0.164782221336,-1.15833709925,0.916177031891,0.647467417888,6.13553833622,-7.46608298571,1.00075074295
4.865,-0.23031266956,0.664792454798,0.165592337316,-1.15067295488,0.906857293313,0.64869187908,6.12682954918,-7.44544114634,0.95871620905
4.86625,-0.231746224066,0.665920209642,0.166403951034,-1.14302002537,0.897563429026,0.64986420841,6.11760058041,-7.42468574356,0.917337416502
4.8675,-0.233170219623,0.667036363371,0.167216997837,-1.13537895343,0.888295578954,0.650985222621,6.10786345037,-7.40381999265,0.876609646508
4.86875,-0.23458467145,0.668140948589,0.16803141409,-1.12775036675,0.879053879044,0.652055732527,6.09763009033,-7.38284704841,0.836528127286
4.87,-0.23598959554,0.669233998068,0.168847137168,-1.1201348782,0.869838461333,0.65307654294,6.08691233997,-7.36177000665,0.797088035466
4.87125,-0.237385008645,0.670315544743,0.169664105448,-1.1125330859,0.860649454027,0.654048452615,6.07572194502,-7.34059190545,0.758284499773
4.8725,-0.238770928255,0.671385621703,0.1704822583,-1.10494557334,0.85148698157,0.654972254189,6.06407055413,-7.31931572782,0.720112602426
4.87375,-0.240147372579,0.672444262196,0.171301536083,-1.09737290951,0.842351164708,0.655848734121,6.0519697169,-7.29794440324,0.682567381057
4.875,-0.241514360529,0.673491499615,0.172121880135,-1.08981564905,0.833242120562,0.656678672642,6.03943088259,-7.27648080817,0.645643831211
4.87625,-0.242871911701,0.674527367498,0.172943232765,-1.08227433231,0.824159962687,0.657462843699,6.02646539751,-7.25492776869,0.609336908371
4.8775,-0.24422004636,0.675551899522,0.173765537244,-1.07474948555,0.81510480114,0.658202014913,6.01308450228,-7.23328806218,0.573641529286
4.87875,-0.245558785415,0.676565129501,0.174588737802,-1.06724162105,0.806076742532,0.658896947522,5.99929933066,-7.21156441789,0.53855257442
4.88,-0.246888150412,0.677567091378,0.175412779613,-1.05975123723,0.797075890095,0.659548396349,5.9851209085,-7.18975951879,0.504064889998
4.88125,-0.248208163508,0.678557819226,0.176237608793,-1.05227881878,0.788102343735,0.660157109747,5.97056015074,-7.16787600363,0.470173288835
4.8825,-0.249518847459,0.679537347238,0.177063172388,-1.04482483685,0.779156200086,0.660723829571,5.95562786042,-7.14591646831,0.4368725532
4.88375,-0.2508202256,0.680505709726,0.177889418367,-1.03738974913,0.770237552564,0.66124929113,5.94033472812,-7.12388346603,0.404157436418
4.885,-0.252112321832,0.681462941119,0.178716295615,-1.02997400003,0.761346491421,0.661734223162,5.92469132877,-7.10177950993,0.372022663492
4.88625,-0.253395160601,0.682409075955,0.179543753925,-1.02257802081,0.752483103789,0.662179347789,5.90870812154,-7.07960707434,0.340462933462
4.8875,-0.254668766884,0.683344148879,0.180371743985,-1.01520222972,0.743647473735,0.662585380495,5.89239544918,-7.0573685952,0.309472921271
4.88875,-0.255933166175,0.684268194639,0.181200217376,-1.00784703218,0.734839682301,0.662953030092,5.87576353542,-7.03506647265,0.279047278877
4.89,-0.257188384464,0.685181248084,0.18202912656,-1.00051282089,0.726059807553,0.663282998693,5.85882248497,-7.0127030712,0.249180636854
4.89125,-0.258434448227,0.686083344158,0.182858424873,-0.993199975972,0.717307924623,0.663575981685,5.84158228268,-6.99028072115,0.219867605386
4.8925,-0.259671384404,0.686974517896,0.183688066514,-0.985908865179,0.708584105751,0.663832667706,5.82405279229,-6.96780172057,0.191102776194
4.89375,-0.26089922039,0.687854804422,0.184518006542,-0.978639843991,0.699888420322,0.664053738625,5.80624375569,-6.94526833536,0.162880724247
4.895,-0.262117984014,0.688724238947,0.185348200861,-0.97139325579,0.691220934912,0.664239869517,5.78816479248,-6.92268280122,0.135196008296
4.89625,-0.26332770353,0.68958285676,0.186178606216,-0.96416943201,0.682581713319,0.664391728646,5.76982539951,-6.90004732499,0.108043172196
4.8975,-0.264528407594,0.69043069323,0.187009180182,-0.956968692291,0.6739708166,0.664509977447,5.7512349501,-6.87736408465,0.0814167466046
4.89875,-0.26572012526,0.691267783801,0.187839881159,-0.949791344634,0.665388303107,0.664595270512,5.73240269353,-6.85463523121,0.0553112507021
4.9,-0.266902885956,0.692094163988,0.188670668359,-0.942637685557,0.656834228522,0.664648255574,5.71333775487,-6.83186288972,0.0297211918223
4.90125,-0.268076719474,0.692909869372,0.189501501798,-0.935508000247,0.648308645883,0.664669573492,5.69404913524,-6.80904916033,0.00464106747131
4.9025,-0.269241655957,0.693714935602,0.190332342292,-0.928402562719,0.639811605621,0.664659858243,5.674545711,-6.7861961189,-0.0199346329225
4.90375,-0.270397725881,0.694509398386,0.191163151444,-0.92132163597,0.631343155586,0.66461973691,5.6548362332,-6.76330581864,-0.0440114278604
4.905,-0.271544960047,0.695293293491,0.191993891635,-0.914265472136,0.622903341074,0.664549829673,5.63492932814,-6.74038029097,-0.0675948423009
4.90625,-0.272683389561,0.696066656739,0.192824526018,-0.907234312649,0.614492204858,0.664450749804,5.61483349804,-6.71742154539,-0.0906904072451
4.9075,-0.273813045828,0.696829524004,0.193655018509,-0.900228388391,0.606109787211,0.664323103655,5.59455712013,-6.69443157183,-0.113303657855
4.90875,-0.274933960532,0.697581931207,0.194485333777,-0.893247919849,0.597756125929,0.664167490659,5.57410844655,-6.67141234135,-0.135440133039
4.91,-0.276046165628,0.698323914318,0.195315437236,-0.886293117274,0.589431256357,0.663984503322,5.5534956055,-6.64836580622,-0.157105374188
4.91125,-0.277149693325,0.699055509348,0.196145295036,-0.879364180835,0.581135211413,0.663774727224,5.53272660144,-6.62529390131,-0.178304924555
4.9125,-0.27824457608,0.699776752347,0.196974874054,-0.872461300771,0.572868021604,0.663538741011,5.51180931472,-6.60219854494,-0.19904432898
4.91375,-0.279330846577,0.700487679402,0.197804141888,-0.865584657548,0.564629715051,0.663277116401,5.49075150227,-6.5790816401,-0.219329131545
4.915,-0.280408537724,0.701188326635,0.198633066845,-0.858734422015,0.556420317504,0.662990418182,5.46956079858,-6.55594507448,-0.239164875802
4.91625,-0.281477682632,0.701878730196,0.199461617934,-0.851910755552,0.548239852365,0.662679204212,5.44824471527,-6.53279072173,-0.258557103967
4.9175,-0.282538314613,0.702558926265,0.200289764856,-0.845113810227,0.5400883407,0.662344025422,5.4268106424,-6.5096204424,-0.277511355773
4.91875,-0.283590467158,0.703228951048,0.201117477997,-0.838343728946,0.531965801259,0.661985425822,5.40526584911,-6.48643608413,-0.296033168121
4.92,-0.284634173935,0.703888840769,0.20194472842,-0.831600645604,0.523872250489,0.661603942502,5.38361748338,-6.46323948322,-0.314128073796
4.92125,-0.285669468772,0.704538631674,0.202771487853,-0.824884685238,0.515807702551,0.661200105638,5.36187257397,-6.44003246489,-0.331801601396
4.9225,-0.286696385648,0.705178360025,0.203597728684,-0.818195964169,0.507772169327,0.660774438498,5.34003803039,-6.41681684356,-0.349059274515
4.92375,-0.287714958682,0.705808062097,0.20442342395,-0.811534590162,0.499765660442,0.660327457451,5.31812064338,-6.39359442464,-0.365906610296
4.925,-0.288725222123,0.706427774176,0.205248547328,-0.804900662561,0.491788183265,0.659859671973,5.29612708715,-6.37036700446,-0.382349119746
4.92625,-0.289727210339,0.707037532555,0.20607307313,-0.798294272444,0.483839742931,0.659371584652,5.27406391888,-6.34713637091,-0.398392307284
4.9275,-0.290720957805,0.707637373533,0.206896976289,-0.791715502764,0.475920342338,0.658863691204,5.25193757965,-6.32390430458,-0.41404166912
4.92875,-0.291706499096,0.708227333411,0.207720232358,-0.785164428495,0.468029982169,0.658336480479,5.22975439684,-6.30067257903,-0.429302692965
4.93,-0.292683868876,0.708807448489,0.208542817491,-0.778641116772,0.460168660891,0.657790434472,5.20752058379,-6.27744296166,-0.444180858415
4.93125,-0.293653101888,0.709377755063,0.209364708444,-0.772145627035,0.452336374765,0.657226028333,5.18524224069,-6.25421721406,-0.458681635518
4.9325,-0.294614232943,0.709938289426,0.210185882561,-0.76567801117,0.444533117855,0.656643730383,5.16292535692,-6.23099709305,-0.47281048399
4.93375,-0.295567296916,0.710489087858,0.21100631777,-0.759238313643,0.436758882032,0.656044002123,5.14057581136,-6.20778435086,-0.486572853566
4.935,-0.296512328728,0.711030186631,0.211825992567,-0.752826571641,0.429013656978,0.655427298249,5.11819937313,-6.1845807357,-0.49997418281
4.93625,-0.297449363345,0.711561622,0.212644886015,-0.74644281521,0.421297430193,0.654794066666,5.09580170306,-6.16138799278,-0.513019899364
4.9375,-0.298378435766,0.712083430206,0.213462977733,-0.740087067384,0.413610186996,0.654144748501,5.07338835564,-6.1382078645,-0.525715418888
4.93875,-0.299299581013,0.712595647468,0.214280247887,-0.733759344321,0.405951910532,0.653479778119,5.05096477966,-6.11504209139,-0.538066144156
4.94,-0.300212834126,0.713098309983,0.215096677179,-0.727459655435,0.398322581768,0.65279958314,5.02853631858,-6.09189241218,-0.550077465903
4.94125,-0.301118230152,0.713591453922,0.215912246844,-0.721188003524,0.390722179501,0.652104584454,5.00610821301,-6.06876056386,-0.561754761571
4.9425,-0.302015804135,0.714075115431,0.21672693864,-0.714944384902,0.383150680358,0.651395196237,4.98368560198,-6.04564828366,-0.573103395163
4.94375,-0.302905591114,0.714549330623,0.217540734835,-0.708728789519,0.375608058792,0.650671825966,4.96127352332,-6.02255730912,-0.584128716571
4.945,-0.303787626109,0.715014135578,0.218353618205,-0.702541201094,0.368094287085,0.649934874445,4.93887691587,-5.99948937734,-0.594836060986
4.94625,-0.304661944117,0.715469566341,0.219165572021,-0.69638159723,0.360609335349,0.649184735814,4.91650062041,-5.9764462264,-0.605230749483
4.9475,-0.305528580102,0.715915658917,0.219976580044,-0.690249949543,0.353153171519,0.648421797571,4.89414938081,-5.95342959632,-0.615318088268
4.94875,-0.306387568991,0.71635244927,0.220786626515,-0.684146223778,0.345725761358,0.647646440593,4.87182784622,-5.9304412287,-0.625103367525
4.95,-0.307238945661,0.71677997332,0.221595696146,-0.678070379927,0.338327068448,0.646859039153,4.8495405715,-5.90748286757,-0.634591861746
4.95125,-0.30808274494,0.717198266941,0.222403774113,-0.672022372349,0.330957054189,0.646059960939,4.82729201912,-5.88455625962,-0.643788829911
4.9525,-0.308919001592,0.717607365956,0.223210846048,-0.666002149879,0.323615677799,0.645249567078,4.80508656099,-5.86166315509,-0.65269951412
4.95375,-0.309747750315,0.718007306135,0.224016898031,-0.660009655947,0.316302896301,0.644428212154,4.78292847921,-5.83880530771,-0.661329139837
4.955,-0.310569025732,0.718398123196,0.224821916579,-0.654044828681,0.309018664529,0.643596244228,4.76082196727,-5.81598447479,-0.669682915839
4.95625,-0.311382862387,0.718779852797,0.225625888641,-0.648107601028,0.301762935114,0.642754004864,4.73877113232,-5.79320241893,-0.677766033397
4.9575,-0.312189294735,0.719152530534,0.226428801591,-0.642197900851,0.294535658482,0.641901829145,4.71677999671,-5.77046090755,-0.685583666228
4.95875,-0.312988357139,0.719516191943,0.227230643214,-0.636315651037,0.287336782846,0.641040045698,4.69485249853,-5.74776171293,-0.693140970412
4.96,-0.313780083862,0.719870872491,0.228031401705,-0.630460769604,0.2801662542,0.640168976719,4.67299249381,-5.72510661321,-0.700443083753
4.96125,-0.314564509063,0.720216607578,0.228831065656,-0.624633169802,0.273024016313,0.639288937989,4.65120375774,-5.70249739308,-0.707495125584
4.9625,-0.315341666787,0.720553432532,0.22962962405,-0.61883276021,0.265910010717,0.638400238905,4.62948998609,-5.67993584318,-0.714302197207
4.96375,-0.316111590963,0.720881382605,0.230427066253,-0.613059444837,0.258824176705,0.637503182496,4.60785479727,-5.65742376111,-0.720869380507
4.965,-0.316874315399,0.721200492974,0.231223382006,-0.607313123217,0.251766451314,0.636598065453,4.58630173289,-5.63496295215,-0.727201738454
4.96625,-0.317629873771,0.721510798733,0.232018561417,-0.601593690505,0.244736769324,0.63568517815,4.56483425995,-5.61255522855,-0.733304315281
4.9675,-0.318378299625,0.721812334897,0.232812594952,-0.595901037567,0.237735063243,0.634764804665,4.54345577245,-5.59020241069,-0.739182134936
4.96875,-0.319119626365,0.722105136392,0.233605473428,-0.590235051074,0.230761263297,0.633837222813,4.52216959223,-5.56790632729,-0.744840201975
4.97,-0.319853887253,0.722389238055,0.234397188009,-0.584595613586,0.223815297425,0.63290270416,4.50097897088,-5.54566881585,-0.750283501372
4.97125,-0.320581115399,0.722664674635,0.235187730189,-0.578982603646,0.216897091258,0.631961514059,4.47988709139,-5.52349172271,-0.755516997674
4.9725,-0.321301343762,0.722931480783,0.235977091794,-0.573395895858,0.210006568118,0.631013911666,4.45889706941,-5.50137690332,-0.760545634961
4.97375,-0.322014605139,0.723189691055,0.236765264968,-0.567835360973,0.203143649,0.630060149972,4.43801195463,-5.47932622267,-0.765374336799
4.975,-0.322720932164,0.723439339906,0.237552242169,-0.562300865971,0.196308252561,0.629100475824,4.41723473275,-5.4573415561,-0.77000800664
4.97625,-0.323420357304,0.723680461687,0.238338016158,-0.556792274141,0.189500295109,0.628135129955,4.39656832668,-5.43542478934,-0.774451526928
4.9775,-0.32411291285,0.723913090644,0.239122579994,-0.551309445155,0.182719690588,0.627164347007,4.37601559791,-5.41357781797,-0.778709758316
4.97875,-0.324798630917,0.724137260913,0.239905927025,-0.545852235146,0.175966350564,0.626188355559,4.35557934809,-5.39180254857,-0.78278754101
4.98,-0.325477543438,0.72435300652,0.240688050882,-0.540420496784,0.169240184216,0.625207378154,4.3352623205,-5.37010089927,-0.786689694126
4.98125,-0.326149682159,0.724560361374,0.24146894547,-0.535014079345,0.162541098316,0.624221631324,4.31506720178,-5.34847479971,-0.790421014165
4.9825,-0.326815078636,0.724759359266,0.242248604961,-0.52963282878,0.155868997217,0.623231325619,4.29499662347,-5.32692619072,-0.793986276534
4.98375,-0.327473764231,0.724950033867,0.243027023784,-0.524276587786,0.149223782839,0.622236665633,4.27505316286,-5.30545702545,-0.797390235669
4.985,-0.328125770106,0.725132418723,0.243804196625,-0.518945195873,0.142605354653,0.62123785003,4.25523934463,-5.28406926962,-0.800637622916
4.98625,-0.32877112722,0.725306547254,0.24458011841,-0.513638489425,0.136013609665,0.620235071575,4.23555764301,-5.26276490093,-0.803733147279
4.9875,-0.329409866329,0.725472452747,0.245354784304,-0.508356301765,0.129448442401,0.619228517162,4.21601048254,-5.24154591051,-0.806681496556
4.98875,-0.330042017975,0.72563016836,0.246128189702,-0.503098463218,0.122909744889,0.618218367834,4.19660023932,-5.22041430263,-0.809487335772
4.99,-0.330667612487,0.725779727109,0.246900330223,-0.497864801167,0.116397406645,0.617204798822,4.17732924321,-5.19937209431,-0.812155307182
4.99125,-0.331286679978,0.725921161876,0.247671201699,-0.49265514011,0.109911314653,0.616187979566,4.1581997792,-5.17842131653,-0.814690030615
4.9925,-0.331899250337,0.726054505396,0.248440800172,-0.487469301719,0.103451353353,0.615168073746,4.13921408787,-5.15756401467,-0.817096102975
4.99375,-0.332505353232,0.72617979026,0.249209121884,-0.482307104891,0.0970174046167,0.614145239309,4.12037436739,-5.13680224774,-0.819378098407
4.995,-0.3331050181,0.726297048908,0.249976163271,-0.4771683658,0.0906093477339,0.6131196285,4.10168277553,-5.11613808935,-0.821540568018
4.99625,-0.333698274147,0.726406313629,0.250741920955,-0.472052897952,0.0842270593933,0.612091387889,4.08314142995,-5.09557362793,-0.823588039913
4.9975,-0.334285150345,0.726507616556,0.25150639174,-0.466960512226,0.0778704136641,0.6110606584,4.06475241029,-5.07511096619,-0.825525018746
4.99875,-0.334865675427,0.726600989663,0.252269572601,-0.461891016926,0.0715392819778,0.610027575342,4.04651775976,-5.05475222271,-0.827355985735
5,-0.335439877887,0.726686464761,0.253031460679,-0.456844217826,0.0652335331073,0.608992268435,4.02843948546,-5.03449953164,-0.829085398823
5.00125,-0.336007785972,0.726764073496,0.253792053272,-0.451819918212,0.0589530331487,0.607954861845,4.01051956053,-5.01435504198,-0.830717692554
5.0025,-0.336569427682,0.726833847344,0.254551347833,-0.446817918925,0.0526976455023,0.606915474204,3.99275992572,-4.99432091876,-0.83225727783
5.00375,-0.337124830769,0.72689581761,0.255309341958,-0.441838018398,0.0464672308518,0.60587421865,3.97516249009,-4.97439934372,-0.833708541063
5.005,-0.337674022728,0.726950015421,0.25606603338,-0.4368800127,0.040261647143,0.604831202851,3.95772912251,-4.95459250351,-0.835075834635
5.00625,-0.338217030801,0.726996471727,0.256821419965,-0.431943695592,0.034080749593,0.603786529063,3.94046145247,-4.93490235613,-0.836363256434
5.0075,-0.338753881967,0.727035217295,0.257575499702,-0.427028859068,0.0279243912527,0.60274029471,3.92336028984,-4.9153299562,-0.8375740107
5.00875,-0.339284602948,0.727066282706,0.258328270702,-0.422135294867,0.0217924247025,0.601692594037,3.90642529935,-4.89587506963,-0.8387100498
5.01,-0.339809220204,0.727089698357,0.259079731188,-0.41726279582,0.0156847035786,0.600643519586,3.88965546917,-4.87653670327,-0.839772581867
5.01125,-0.340327759938,0.727105494464,0.259829879501,-0.412411156194,0.00960108294436,0.599593162582,3.87304964514,-4.85731371766,-0.840762652626
5.0125,-0.340840248095,0.727113701064,0.260578714094,-0.407580171707,0.00354141928449,0.598541612954,3.85660666494,-4.83820498257,-0.84168129315
5.01375,-0.341346710367,0.727114348013,0.261326233533,-0.402769639532,-0.00249442951207,0.597488959349,3.84032536268,-4.81920938169,-0.842529524027
5.015,-0.341847172194,0.72710746499,0.262072436492,-0.397979358301,-0.00850660416972,0.596435289144,3.82420456967,-4.80032581195,-0.843308355428
5.01625,-0.342341658763,0.727093081502,0.262817321756,-0.393209128108,-0.0144952440419,0.595380688461,3.80824311362,-4.78155318274,-0.844018787717
5.0175,-0.342830195014,0.72707122688,0.263560888214,-0.388458750516,-0.0204604871266,0.594325242175,3.79243981928,-4.76289041649,-0.844661811391
5.01875,-0.343312805639,0.727041930284,0.264303134861,-0.38372802856,-0.0264024700832,0.593269033932,3.77679350925,-4.74433644874,-0.845238406424
5.02,-0.343789515085,0.727005220705,0.265044060798,-0.379016766743,-0.0323213282484,0.592212146159,3.76130300365,-4.72589022718,-0.845749542992
5.02125,-0.344260347556,0.726961126964,0.265783665227,-0.37432477105,-0.0382171956511,0.591154660075,3.74596711987,-4.70755071162,-0.84619618209
5.0225,-0.344725327013,0.726909677716,0.266521947449,-0.369651848944,-0.0440902050275,0.590096655704,3.7307846735,-4.68931687417,-0.846579274645
5.02375,-0.345184477178,0.726850901451,0.267258906866,-0.364997809367,-0.0499404878365,0.589038211888,3.71575447884,-4.67118769893,-0.846899761569
5.025,-0.345637821537,0.726784826496,0.267994542978,-0.360362462747,-0.0557681742748,0.5879794063,3.70087534828,-4.65316218183,-0.847158575237
5.02625,-0.346085383335,0.726711481016,0.268728855382,-0.355745620996,-0.0615733932911,0.58692031545,3.68614609257,-4.63523932997,-0.847356638366
5.0275,-0.346527185589,0.726630893013,0.269461843767,-0.351147097515,-0.0673562725997,0.585861014704,3.67156552163,-4.61741816243,-0.847494864024
5.02875,-0.346963251079,0.726543090334,0.270193507918,-0.346566707192,-0.0731169386972,0.58480157829,3.6571324444,-4.59969770957,-0.847574156415
5.03,-0.347393602357,0.726448100666,0.270923847713,-0.342004266404,-0.0788555168737,0.583742079313,3.6428456687,-4.58207701224,-0.847595410733
5.03125,-0.347818261745,0.726345951542,0.271652863117,-0.33745959302,-0.0845721312278,0.582682589763,3.62870400201,-4.56455512288,-0.847559513142
5.0325,-0.34823725134,0.726236670338,0.272380554187,-0.332932506399,-0.0902669046808,0.58162318053,3.61470625135,-4.54713110444,-0.847467340509
5.03375,-0.348650593011,0.72612028428,0.273106921068,-0.328422827392,-0.0959399589889,0.580563921412,3.60085122327,-4.52980403038,-0.847319761647
5.035,-0.349058308408,0.725996820441,0.273831963991,-0.323930378341,-0.101591414757,0.579504881126,3.58713772429,-4.51257298487,-0.84711763642
5.03625,-0.349460418957,0.725866305743,0.274555683271,-0.319454983081,-0.107221391451,0.578446127321,3.57356456083,-4.49543706268,-0.846861815427
5.0375,-0.349856945866,0.725728766962,0.275278079309,-0.314996466939,-0.112830007413,0.577387726587,3.56013053989,-4.47839536853,-0.846553141707
5.03875,-0.350247910124,0.725584230725,0.275999152587,-0.310554656731,-0.118417379872,0.576329744466,3.54683446875,-4.4614470168,-0.846192449143
5.04,-0.350633332508,0.725432723512,0.27671890367,-0.306129380767,-0.123983624955,0.575272245464,3.53367515446,-4.44459113232,-0.845780563356
5.04125,-0.351013233576,0.725274271662,0.277437333201,-0.301720468845,-0.129528857703,0.574215293058,3.52065140572,-4.42782684938,-0.845318302447
5.0425,-0.35138763368,0.725108901368,0.278154441903,-0.297327752253,-0.135053192079,0.573158949708,3.50776203209,-4.41115331205,-0.844806475038
5.04375,-0.351756552957,0.724936638682,0.278870230575,-0.292951063765,-0.140556740983,0.57210327687,3.49500584284,-4.39456967408,-0.844245882399
5.045,-0.352120011339,0.724757509516,0.279584700095,-0.288590237646,-0.146039616264,0.571048335002,3.482381649,-4.37807509839,-0.843637318235
5.04625,-0.352478028551,0.724571539642,0.280297851413,-0.284245109643,-0.151501928729,0.569994183575,3.4698882633,-4.36166875695,-0.842981567086
5.0475,-0.352830624113,0.724378754694,0.281009685554,-0.279915516987,-0.156943788157,0.568940881085,3.45752449942,-4.34534983083,-0.842279406464
5.04875,-0.353177817343,0.724179180171,0.281720203615,-0.275601298394,-0.162365303306,0.567888485059,3.4452891724,-4.32911751052,-0.84153160621
5.05,-0.353519627359,0.723972841436,0.282429406766,-0.271302294056,-0.167766581933,0.566837052069,3.43318109877,-4.31297099519,-0.840738927724
5.05125,-0.353856073079,0.723759763716,0.283137296246,-0.267018345647,-0.173147730794,0.565786637739,3.42119909694,-4.29690949256,-0.839902125159
5.0525,-0.354187173223,0.723539972109,0.283843873361,-0.262749296314,-0.178508855664,0.564737296756,3.40934198714,-4.28093221883,-0.839021945211
5.05375,-0.354512946319,0.723313491577,0.284549139488,-0.258494990679,-0.183850061341,0.563689082876,3.39760859146,-4.26503839876,-0.838099127174
5.055,-0.3548334107,0.723080346955,0.285253096068,-0.254255274835,-0.189171451661,0.562642048938,3.38599773411,-4.24922726606,-0.837134402661
5.05625,-0.355148584507,0.722840562948,0.28595574461,-0.250029996344,-0.194473129507,0.56159624687,3.37450824091,-4.23349806226,-0.836128495678
5.0575,-0.355458485691,0.722594164132,0.286657086685,-0.245819004233,-0.199755196817,0.560551727699,3.363138941,-4.21785003657,-0.835082123206
5.05875,-0.355763132017,0.722341174956,0.287357123929,-0.241622148991,-0.205017754598,0.559508541562,3.35188866546,-4.20228244664,-0.833995995362
5.06,-0.356062541063,0.722081619745,0.288055858039,-0.237439282569,-0.210260902933,0.558466737711,3.34075624656,-4.18679455822,-0.832870814969
5.06125,-0.356356730224,0.721815522699,0.288753290773,-0.233270258375,-0.215484740994,0.557426364524,3.32974052064,-4.17138564471,-0.831707277445
5.0625,-0.356645716709,0.721542907893,0.28944942395,-0.229114931268,-0.220689367045,0.556387469517,3.31884032661,-4.15605498715,-0.83050607139
5.06375,-0.356929517552,0.721263799281,0.290144259447,-0.224973157558,-0.225874878461,0.555350099346,3.3080545051,-4.14080187415,-0.829267878339
5.065,-0.357208149603,0.720978220696,0.290837799199,-0.220844795005,-0.231041371731,0.554314299821,3.29738190009,-4.12562560161,-0.827993373309
5.06625,-0.357481629539,0.720686195852,0.291530045197,-0.216729702808,-0.236188942465,0.553280115913,3.28682135851,-4.11052547318,-0.826683224415
5.0675,-0.35774997386,0.72038774834,0.292220999489,-0.212627741609,-0.241317685413,0.55224759176,3.27637173003,-4.09550079967,-0.825338092522
5.06875,-0.358013198893,0.720082901638,0.292910664176,-0.208538773483,-0.246427694465,0.551216770681,3.26603186779,-4.08055089906,-0.823958632515
5.07,-0.358271320794,0.719771679104,0.293599041415,-0.204462661939,-0.251519062661,0.550187695179,3.25580062759,-4.06567509624,-0.822545492582
5.07125,-0.358524355548,0.719454103981,0.294286133414,-0.200399271914,-0.256591882205,0.54916040695,3.24567686835,-4.05087272311,-0.821099313851
5.0725,-0.358772318974,0.719130199399,0.294971942433,-0.196348469768,-0.261646244469,0.548134946894,3.23565945287,-4.03614311879,-0.819620731079
5.07375,-0.359015226722,0.71879998837,0.295656470781,-0.192310123282,-0.266682240002,0.547111355122,3.22574724656,-4.02148562891,-0.818110373035
5.075,-0.359253094282,0.718463493799,0.29633972082,-0.188284101652,-0.271699958541,0.546089670962,3.21593911854,-4.00689960559,-0.816568862052
5.07625,-0.359485936977,0.718120738474,0.297021694959,-0.184270275486,-0.276699489016,0.545069932967,3.20623394169,-3.9923844078,-0.814996813728
5.0775,-0.359713769971,0.717771745076,0.297702395653,-0.180268516798,-0.281680919561,0.544052178927,3.19663059197,-3.97793940131,-0.813394837644
5.07875,-0.359936608269,0.717416536175,0.298381825406,-0.176278699006,-0.286644337519,0.543036445873,3.18712794896,-3.96356395779,-0.811763537376
5.08,-0.360154466718,0.717055134232,0.299059986768,-0.172300696925,-0.291589829455,0.542022770084,3.17772489616,-3.94925745561,-0.810103510105
5.08125,-0.360367360011,0.716687561601,0.299736882331,-0.168334386765,-0.296517481158,0.541011187098,3.16842032066,-3.93501927904,-0.808415347012
5.0825,-0.360575302685,0.716313840529,0.300412514735,-0.164379646124,-0.301427377653,0.540001731716,3.15921311306,-3.92084881887,-0.806699633131
5.08375,-0.360778309126,0.715933993157,0.301086886661,-0.160436353983,-0.306319603206,0.538994438015,3.15010216798,-3.90674547214,-0.804956947877
5.085,-0.36097639357,0.715548041521,0.30176000083,-0.156504390704,-0.311194241333,0.537989339347,3.14108638409,-3.89270864084,-0.803187864671
5.08625,-0.361169570103,0.715156007554,0.302431860009,-0.152583638023,-0.316051374808,0.536986468353,3.13216466391,-3.87873773411,-0.801392950547
5.0875,-0.361357852665,0.714757913084,0.303102467001,-0.148673979044,-0.320891085668,0.53598585697,3.12333591357,-3.86483216666,-0.799572767522
5.08875,-0.361541255051,0.71435377984,0.303771824651,-0.144775298239,-0.325713455224,0.534987536434,3.11459904315,-3.8509913581,-0.79772787135
5.09,-0.361719790911,0.713943629446,0.304439935842,-0.140887481436,-0.330518564064,0.533991537292,3.10595296734,-3.83721473463,-0.795858812177
5.09125,-0.361893473754,0.71352748343,0.305106803495,-0.13701041582,-0.335306492061,0.532997889404,3.09739660503,-3.82350172802,-0.793966134756
5.0925,-0.36206231695,0.713105363216,0.305772430566,-0.133143989924,-0.340077318384,0.532006621955,3.08892887842,-3.80985177508,-0.792050377669
5.09375,-0.362226333729,0.712677290134,0.306436820049,-0.129288093624,-0.344831121499,0.53101776346,3.08054871415,-3.79626431834,-0.790112074651
5.095,-0.362385537184,0.712243285412,0.307099974974,-0.125442618138,-0.34956797918,0.530031341768,3.07225504359,-3.78273880569,-0.788151753642
5.09625,-0.362539940274,0.711803370186,0.307761898404,-0.121607456015,-0.354287968513,0.529047384076,3.06404680201,-3.76927469026,-0.786169936793
5.0975,-0.362689555824,0.711357565491,0.308422593435,-0.117782501133,-0.358991165905,0.528065916926,3.0559229289,-3.75587143067,-0.784167141251
5.09875,-0.362834396527,0.710905892271,0.309082063196,-0.113967648693,-0.36367764709,0.527086966222,3.04788236808,-3.74252849042,-0.782143879053
5.1,-0.362974474946,0.710448371373,0.30974031085,-0.110162795213,-0.368347487131,0.526110557229,3.03992406804,-3.72924533813,-0.780100656567
5.10125,-0.363109803515,0.709985023553,0.310397339589,-0.106367838523,-0.373000760435,0.525136714581,3.03204698145,-3.71602144758,-0.778037974521
5.1025,-0.363240394542,0.709515869472,0.311053152637,-0.102582677759,-0.37763754075,0.524165462292,3.0242500649,-3.70285629742,-0.775956329307
5.10375,-0.36336626021,0.709040929701,0.311707753245,-0.0988072133606,-0.382257901178,0.523196823758,3.01653228037,-3.68974937146,-0.77385621168
5.105,-0.363487412576,0.708560224719,0.312361144696,-0.0950413470584,-0.386861914179,0.522230821763,3.00889259402,-3.67670015785,-0.771738107159
5.10625,-0.363603863577,0.708073774916,0.313013330299,-0.0912849818756,-0.391449651573,0.52126747849,3.00132997576,-3.66370814952,-0.769602496507
5.1075,-0.36371562503,0.70758160059,0.313664313392,-0.087538022119,-0.396021184553,0.520306815522,2.99384340111,-3.65077284503,-0.767449855135
5.10875,-0.363822708633,0.707083721954,0.314314097338,-0.0838003733728,-0.400576583686,0.519348853852,2.98643184977,-3.63789374671,-0.765280653854
5.11,-0.363925125964,0.706580159131,0.314962685527,-0.0800719424946,-0.405115918919,0.518393613887,2.97909430553,-3.62507036114,-0.763095358212
5.11125,-0.364022888489,0.706070932157,0.315610081373,-0.0763526376089,-0.409639259588,0.517441115456,2.97182975726,-3.61230220037,-0.760894428993
5.1125,-0.364116007558,0.705556060982,0.316256288315,-0.0726423681015,-0.41414667442,0.516491377815,2.96463719867,-3.59958878055,-0.758678322154
5.11375,-0.364204494409,0.705035565471,0.316901309817,-0.0689410446123,-0.41863823154,0.515544419651,2.95751562784,-3.58692962197,-0.756447488715
5.115,-0.364288360169,0.704509465403,0.317545149365,-0.0652485790319,-0.423113998475,0.514600259093,2.95046404719,-3.57432424964,-0.754202375259
5.11625,-0.364367615857,0.703977780475,0.318187810465,-0.0615648844943,-0.427574042164,0.513658913713,2.9434814645,-3.56177219244,-0.751943423154
5.1175,-0.364442272381,0.703440530298,0.318829296649,-0.0578898753706,-0.432018428956,0.512720400535,2.93656689191,-3.54927298365,-0.749671069332
5.11875,-0.364512340545,0.702897734402,0.319469611467,-0.0542234672645,-0.436447224623,0.51178473604,2.9297193462,-3.53682616117,-0.747385746291
5.12,-0.364577831049,0.702349412236,0.320108758489,-0.0505655770051,-0.440860494359,0.510851936169,2.92293784917,-3.52443126631,-0.745087881342
5.12125,-0.364638754488,0.701795583167,0.320746741307,-0.0469161226416,-0.445258302789,0.509922016336,2.91622142705,-3.51208784473,-0.742777897716
5.1225,-0.364695121355,0.701236266479,0.32138356353,-0.0432750234375,-0.449640713971,0.508994991425,2.90956911111,-3.49979544649,-0.740456214248
5.12375,-0.364746942046,0.700671481382,0.322019228786,-0.0396421998638,-0.454007791405,0.508070875801,2.9029799376,-3.48755362497,-0.738123244833
5.125,-0.364794226855,0.700101247001,0.322653740719,-0.0360175735935,-0.458359598034,0.507149683313,2.89645294713,-3.47536193763,-0.73577939894
5.12625,-0.36483698598,0.699525582387,0.323287102994,-0.032401067496,-0.462696196249,0.506231427303,2.88998718519,-3.463219946,-0.733425081978
5.1275,-0.364875229524,0.69894450651,0.323919319288,-0.0287926056305,-0.467017647899,0.505316120608,2.8835817025,-3.45112721561,-0.731060694886
5.12875,-0.364908967494,0.698358038267,0.324550393295,-0.0251921132397,-0.471324014288,0.504403775566,2.87723555451,-3.43908331531,-0.728686633909
5.13,-0.364938209807,0.697766196475,0.325180328727,-0.0215995167443,-0.475615356187,0.503494404023,2.87094780102,-3.42708781748,-0.726303291333
5.13125,-0.364962966286,0.697168999876,0.325809129305,-0.0180147437372,-0.479891733832,0.502588017338,2.86471750741,-3.41514029865,-0.723911055013
5.1325,-0.364983246666,0.69656646714,0.32643679877,-0.0144377229757,-0.484153206933,0.501684626386,2.85854374365,-3.40324033889,-0.721510308847
5.13375,-0.364999060594,0.695958616859,0.327063340871,-0.0108683843781,-0.488399834679,0.500784241566,2.85242558438,-3.3913875217,-0.719101432276
5.135,-0.365010417627,0.695345467553,0.327688759374,-0.0073066590148,-0.492631675738,0.499886872805,2.8463621097,-3.37958143434,-0.716684800432
5.13625,-0.365017327241,0.69472703767,0.328313058053,-0.00375247910381,-0.496848788265,0.498992529565,2.84035240415,-3.36782166723,-0.714260784912
5.1375,-0.365019798825,0.694103345583,0.328936240698,-0.000205778004414,-0.501051229906,0.498101220843,2.83439555731,-3.35610781394,-0.711829752402
5.13875,-0.365017841686,0.693474409595,0.329558311105,0.00333350978946,-0.5052390578,0.497212955184,2.82849066369,-3.34443947204,-0.709392066199
5.14,-0.36501146505,0.692840247938,0.330179273086,0.00686544865482,-0.509412328586,0.496327740677,2.82263682308,-3.33281624273,-0.706948085496
5.14125,-0.365000678064,0.692200878773,0.330799130457,0.0103901018472,-0.513571098407,0.49544558497,2.81683313975,-3.32123772971,-0.704498164862
5.1425,-0.364985489796,0.691556320192,0.331417887048,0.0139075315042,-0.51771542291,0.494566495265,2.81107872287,-3.30970353987,-0.702042655894
5.14375,-0.364965909236,0.690906590216,0.332035546695,0.0174177986543,-0.521845357256,0.49369047833,2.80537268733,-3.29821328403,-0.69958190569
5.145,-0.364941945299,0.690251706799,0.332652113244,0.0209209632225,-0.52596095612,0.492817540501,2.79971415235,-3.28676657589,-0.697116257174
5.14625,-0.364913606828,0.689591687826,0.333267590547,0.0244170840352,-0.530062273696,0.491947687687,2.7941022421,-3.27536303209,-0.694646049988
5.1475,-0.364880902589,0.688926551115,0.333881982463,0.0279062188278,-0.5341493637,0.491080925376,2.78853608587,-3.26400227268,-0.692171619676
5.14875,-0.364843841281,0.688256314417,0.33449529286,0.0313884242499,-0.538222279378,0.490217258638,2.78301481817,-3.2526839205,-0.689693298091
5.15,-0.364802431528,0.687580995416,0.33510752561,0.0348637558732,-0.542281073502,0.489356692131,2.7775375784,-3.24140760156,-0.687211413538
5.15125,-0.364756681891,0.686900611733,0.33571868459,0.0383322681959,-0.546325798382,0.488499230104,2.77210351071,-3.23017294493,-0.684726289853
5.1525,-0.364706600858,0.68621518092,0.336328773685,0.04179401465,-0.550356505864,0.487644876406,2.7667117646,-3.21897958224,-0.682238247305
5.15375,-0.364652196854,0.685524720468,0.336937796781,0.0452490476074,-0.554373247337,0.486793634486,2.76136149421,-3.2078271485,-0.679747603488
5.155,-0.364593478239,0.684829247802,0.337545757771,0.0486974183855,-0.558376073735,0.485945507397,2.75605185892,-3.19671528146,-0.67725467186
5.15625,-0.364530453308,0.684128780284,0.33815266055,0.0521391772547,-0.562365035541,0.485100497806,2.75078202332,-3.18564362144,-0.674759761273
5.1575,-0.364463130296,0.683423335213,0.338758509016,0.0555743734438,-0.566340182789,0.484258607994,2.74555115683,-3.17461181171,-0.672263177989
5.15875,-0.364391517375,0.682712929827,0.33936330707,0.0590030551468,-0.57030156507,0.483419839861,2.7403584339,-3.16361949854,-0.669765224973
5.16,-0.364315622658,0.6819975813,0.339967058615,0.0624252695285,-0.574249231535,0.482584194932,2.73520303371,-3.15266633093,-0.66726620081
5.16125,-0.364235454201,0.681277306748,0.340569767557,0.065841062731,-0.578183230897,0.481751674359,2.73008414085,-3.14175196017,-0.664766401064
5.1625,-0.364151020001,0.680552123223,0.341171437801,0.0692504798807,-0.582103611436,0.480922278929,2.72500094525,-3.13087604015,-0.662266117774
5.16375,-0.364062328001,0.679822047719,0.341772073254,0.0726535650942,-0.586010420998,0.480096009065,2.71995264134,-3.12003822783,-0.659765639398
5.165,-0.363969386088,0.679087097171,0.342371677824,0.076050361484,-0.589903707005,0.479272864831,2.71493842849,-3.1092381832,-0.657265251198
5.16625,-0.363872202097,0.678347288452,0.342970255417,0.0794409111654,-0.593783516456,0.478452845937,2.70995751154,-3.09847556787,-0.654765234878
5.1675,-0.363770783811,0.67760263838,0.343567809939,0.0828252552629,-0.597649895925,0.477635951743,2.70500910052,-3.08775004603,-0.652265868803
5.16875,-0.363665138959,0.676853163712,0.344164345296,0.0862034339167,-0.601502891571,0.476822181265,2.70009240999,-3.07706128483,-0.649767428274
5.17,-0.363555275226,0.676098881151,0.344759865392,0.0895754862878,-0.605342549137,0.476011533173,2.69520665958,-3.06640895406,-0.647270184823
5.17125,-0.363441200244,0.675339807339,0.345354374129,0.0929414505656,-0.609168913956,0.475204005803,2.69035107456,-3.05579272585,-0.644774406692
5.1725,-0.363322921599,0.674575958866,0.345947875406,0.0963013639742,-0.612982030952,0.474399597156,2.6855248848,-3.04521227397,-0.642280359523
5.17375,-0.363200446834,0.673807352262,0.346540373122,0.0996552627776,-0.616781944641,0.473598304904,2.68072732528,-3.03466727532,-0.639788305387
5.175,-0.363073783442,0.673034004004,0.347131871169,0.103003182287,-0.62056869914,0.472800126393,2.6759576363,-3.02415740944,-0.637298502681
5.17625,-0.362942938878,0.672255930514,0.347722373438,0.106345156868,-0.624342338165,0.472005058647,2.67121506266,-3.01368235737,-0.634811206919
5.1775,-0.36280792055,0.671473148159,0.348311883815,0.109681219944,-0.628102905033,0.471213098375,2.66649885451,-3.00324180298,-0.632326670996
5.17875,-0.362668735828,0.670685673251,0.348900406184,0.113011404005,-0.631850442672,0.47042424197,2.66180826765,-2.99283543241,-0.629845144147
5.18,-0.36252539204,0.669893522052,0.34948794442,0.116335740613,-0.635584993614,0.469638485515,2.65714256236,-2.98246293373,-0.62736687247
5.18125,-0.362377896476,0.669096710767,0.350074502397,0.119654260411,-0.639306600006,0.468855824789,2.65250100361,-2.97212399762,-0.624892099279
5.1825,-0.362226256389,0.668295255552,0.350660083982,0.122966993122,-0.643015303608,0.468076255267,2.64788286205,-2.96181831666,-0.62242106435
5.18375,-0.362070478994,0.667489172508,0.351244693036,0.126273967566,-0.646711145798,0.467299772128,2.64328741375,-2.95154558566,-0.619954004969
5.185,-0.36191057147,0.666678477688,0.351828333413,0.129575211657,-0.650394167573,0.466526370254,2.63871393918,-2.94130550201,-0.61749115539
5.18625,-0.361746540965,0.66586318709,0.352411008961,0.132870752414,-0.654064409553,0.465756044239,2.63416172354,-2.93109776449,-0.615032746396
5.1875,-0.361578394589,0.665043316664,0.352992723523,0.136160615965,-0.657721911984,0.464988788388,2.6296300579,-2.92092207421,-0.612579006293
5.18875,-0.361406139425,0.66421888231,0.353573480932,0.139444827558,-0.661366714739,0.464224596723,2.62511823844,-2.91077813479,-0.610130160157
5.19,-0.36122978252,0.663389899877,0.354153285015,0.142723411562,-0.664998857321,0.463463462988,2.62062556599,-2.90066565167,-0.607686430169
5.19125,-0.361049330896,0.662556385166,0.35473213959,0.145996391473,-0.668618378868,0.462705380648,2.61615134652,-2.89058433209,-0.605248036072
5.1925,-0.360864791542,0.66171835393,0.355310048467,0.149263789928,-0.672225318151,0.461950342898,2.61169489099,-2.88053388504,-0.60281519427
5.19375,-0.360676171421,0.660875821871,0.355887015447,0.152525628701,-0.67581971358,0.461198342662,2.60725551587,-2.8705140224,-0.600388118289
5.195,-0.36048347747,0.660028804646,0.356463044323,0.155781928718,-0.679401603207,0.460449372602,2.60283254244,-2.86052445754,-0.597967018985
5.19625,-0.360286716599,0.659177317863,0.357038138878,0.159032710057,-0.682971024724,0.459703425115,2.59842529694,-2.85056490507,-0.595552104483
5.1975,-0.360085895695,0.658321377084,0.357612302886,0.16227799196,-0.68652801547,0.458960492341,2.59403311099,-2.84063508282,-0.593143580329
5.19875,-0.359881021619,0.657460997824,0.358185540109,0.165517792834,-0.690072612431,0.458220566164,2.58965532076,-2.83073470994,-0.590741648807
5.2,-0.359672101213,0.656596195553,0.358757854301,0.168752130262,-0.693604852245,0.457483638219,2.58529126827,-2.82086350665,-0.588346509608
5.20125,-0.359459141294,0.655726985694,0.359329249205,0.171981021005,-0.697124771198,0.45674969989,2.58094030035,-2.811021196,-0.585958360011
5.2025,-0.35924214866,0.654853383625,0.359899728551,0.175204481013,-0.700632405235,0.456018742319,2.57660176836,-2.80120750299,-0.58357739457
5.20375,-0.359021130091,0.65397540468,0.360469296061,0.178422525426,-0.704127789955,0.455290756404,2.57227502934,-2.79142215393,-0.581203804882
5.205,-0.358796092347,0.65309306415,0.361037955442,0.181635168586,-0.707610960619,0.454565732807,2.56795944533,-2.78166487647,-0.578837779756
5.20625,-0.35856704217,0.652206377279,0.361605710393,0.184842424039,-0.711081952146,0.453843661954,2.56365438352,-2.77193540103,-0.576479506117
5.2075,-0.358333986286,0.65131535927,0.362172564597,0.188044304545,-0.714540799122,0.453124534041,2.559359216,-2.76223345972,-0.574129167603
5.20875,-0.358096931408,0.650420025281,0.362738521728,0.191240822079,-0.717987535796,0.452408339035,2.55507331984,-2.75255878537,-0.571786945193
5.21,-0.357855884231,0.64952039043,0.363303585445,0.194431987844,-0.721422196085,0.451695066678,2.55079607758,-2.74291111323,-0.569453018068
5.21125,-0.357610851439,0.648616469791,0.363867759394,0.197617812273,-0.724844813579,0.45098470649,2.54652687666,-2.73329018044,-0.567127562328
5.2125,-0.357361839701,0.647708278396,0.364431047211,0.200798305036,-0.728255421536,0.450277247772,2.54226510939,-2.72369572565,-0.564810751587
5.21375,-0.357108855676,0.646795831237,0.364993452514,0.203973475047,-0.731654052893,0.449572679611,2.53801017383,-2.71412748871,-0.562502756839
5.215,-0.356851906013,0.645879143264,0.36555497891,0.207143330471,-0.735040740258,0.44887099088,2.53376147222,-2.70458521145,-0.56020374667
5.21625,-0.35659099735,0.644958229386,0.366115629991,0.210307878727,-0.738415515922,0.448172170244,2.52951841253,-2.69506863785,-0.55791388736
5.2175,-0.356326136316,0.644033104474,0.366675409335,0.213467126502,-0.741778411853,0.447476206162,2.52528040817,-2.68557751274,-0.555633342663
5.21875,-0.356057329534,0.643103783357,0.367234320506,0.216621079748,-0.745129459703,0.446783086888,2.5210468764,-2.67611158254,-0.553362274002
5.22,-0.355784583617,0.642170280825,0.367792367053,0.219769743693,-0.748468690809,0.446092800477,2.51681724046,-2.66667059582,-0.551100840084
5.22125,-0.355507905174,0.64123261163,0.368349552508,0.222913122849,-0.751796136193,0.445405334788,2.51259092888,-2.65725430243,-0.548849197526
5.2225,-0.35522730081,0.640290790484,0.36890588039,0.226051221015,-0.755111826565,0.444720677483,2.50836737492,-2.64786245351,-0.546607500451
5.22375,-0.354942777122,0.639344832063,0.369461354201,0.229184041286,-0.758415792327,0.444038816036,2.50414601677,-2.63849480214,-0.544375900688
5.225,-0.354654340706,0.638394751004,0.37001597743,0.232311586057,-0.761708063571,0.443359737731,2.499926298,-2.62915110268,-0.542154547713
5.22625,-0.354361998157,0.637440561904,0.370569753546,0.235433857031,-0.764988670083,0.442683429667,2.49570766733,-2.61983111101,-0.539943588376
5.2275,-0.354065756064,0.636482279328,0.371122686004,0.238550855225,-0.768257641348,0.44200987876,2.49148957832,-2.61053458444,-0.537743167934
5.22875,-0.353765621019,0.635519917801,0.371674778243,0.241662580977,-0.771515006544,0.441339071747,2.48727148978,-2.60126128185,-0.535553428847
5.23,-0.353461599611,0.634553491812,0.372226033683,0.24476903395,-0.774760794553,0.440670995188,2.48305286553,-2.59201096408,-0.533374511065
5.23125,-0.353153698434,0.633583015815,0.372776455731,0.247870213141,-0.777995033955,0.44000563547,2.47883317475,-2.5827833924,-0.531206553046
5.2325,-0.352841924079,0.632608504227,0.373326047772,0.250966116887,-0.781217753034,0.439342978806,2.4746118914,-2.57357832956,-0.52904969067
5.23375,-0.352526283142,0.631629971432,0.373874813178,0.254056742869,-0.784428979779,0.438683011243,2.47038849458,-2.5643955408,-0.526904057449
5.235,-0.352206782221,0.630647431778,0.3744227553,0.257142088123,-0.787628741886,0.438025718662,2.46616246899,-2.55523479217,-0.524769784783
5.23625,-0.351883427921,0.629660899577,0.374969877474,0.260222149042,-0.790817066759,0.437371086781,2.4619333037,-2.54609585082,-0.522647001901
5.2375,-0.351556226849,0.628670389111,0.375516183017,0.263296921382,-0.793993981513,0.436719101157,2.45770049314,-2.5369784856,-0.520535835892
5.23875,-0.351225185618,0.627675914624,0.376061675227,0.266366400275,-0.797159512973,0.436069747191,2.4534635373,-2.5278824664,-0.51843641196
5.24,-0.350890310848,0.626677490328,0.376606357385,0.269430580226,-0.800313687679,0.435423010127,2.44922194039,-2.51880756493,-0.516348853034
5.24125,-0.350551609167,0.625675130404,0.377150232752,0.272489455126,-0.803456531885,0.434778875059,2.44497521226,-2.509753554,-0.514273279464
5.2425,-0.35020908721,0.624668848999,0.377693304573,0.275543018256,-0.806588071564,0.434137326929,2.44072286842,-2.5007202076,-0.512209810006
5.24375,-0.349862751622,0.623658660225,0.37823557607,0.278591262297,-0.809708332404,0.433498350534,2.4364644283,-2.49170730161,-0.510158561633
5.245,-0.349512609055,0.622644578168,0.378777050449,0.281634179327,-0.812817339818,0.432861930525,2.43219941691,-2.48271461234,-0.508119648748
5.24625,-0.349158666173,0.621626616876,0.379317730896,0.284671760839,-0.815915118935,0.432228051412,2.42792736501,-2.47374191745,-0.506093183594
5.2475,-0.348800929652,0.62060479037,0.379857620578,0.28770399774,-0.819001694611,0.431596697566,2.4236478074,-2.46478899703,-0.504079276823
5.24875,-0.348439406179,0.619579112639,0.38039672264,0.290730880358,-0.822077091428,0.43096785322,2.41936028455,-2.45585563183,-0.502078037039
5.25,-0.348074102452,0.618549597642,0.380935040211,0.293752398451,-0.825141333691,0.430341502473,2.41506434242,-2.44694160292,-0.500089570392
5.25125,-0.347705025183,0.617516259305,0.381472576396,0.296768541214,-0.828194445435,0.429717629294,2.41075953113,-2.43804669375,-0.498113981689
5.2525,-0.347332181099,0.616479111528,0.382009334284,0.299779297279,-0.831236450425,0.429096217519,2.40644540615,-2.42917068882,-0.496151373704
5.25375,-0.34695557694,0.615438168179,0.38254531694,0.302784654729,-0.834267372157,0.42847725086,2.40212152885,-2.42031337322,-0.494201846527
5.255,-0.346575219462,0.614393443098,0.383080527411,0.305784601101,-0.837287233858,0.427860712903,2.39778746493,-2.41147453416,-0.492265499224
5.25625,-0.346191115437,0.613344950094,0.383614968722,0.308779123391,-0.840296058493,0.427246587111,2.39344278506,-2.40265395969,-0.490342428532
5.2575,-0.345803271653,0.612292702951,0.384148643879,0.311768208064,-0.843293868758,0.426634856831,2.38908706568,-2.39385143865,-0.488432729185
5.25875,-0.345411694917,0.611236715423,0.384681555864,0.314751841055,-0.846280687089,0.426025505288,2.38471988804,-2.38506676154,-0.486536494327
5.26,-0.345016392051,0.610177001234,0.385213707642,0.317730007784,-0.849256535661,0.425418515595,2.38034083795,-2.37629972,-0.484653814919
5.26125,-0.344617369897,0.609113574083,0.385745102153,0.32070269315,-0.852221436389,0.424813870751,2.37594950673,-2.36755010666,-0.482784780649
5.2625,-0.344214635318,0.608046447643,0.386275742319,0.323669881551,-0.855175410928,0.424211553644,2.37154549116,-2.35881771532,-0.480929478829
5.26375,-0.343808195193,0.606975635556,0.386805631037,0.326631556878,-0.858118480677,0.423611547054,2.36712839253,-2.35010234112,-0.479087994836
5.265,-0.343398056426,0.605901151441,0.387334771186,0.329587702532,-0.861050666781,0.423013833657,2.36269781752,-2.34140378025,-0.477260412731
5.26625,-0.342984225937,0.604823008889,0.387863165622,0.332538301422,-0.863971990128,0.422418396022,2.35825337789,-2.33272182996,-0.475446814596
5.2675,-0.342566710672,0.603741221466,0.388390817177,0.335483335977,-0.866882471356,0.42182521662,2.35379469009,-2.32405628875,-0.473647280603
5.26875,-0.342145517597,0.602655802711,0.388917728663,0.338422788147,-0.86978213085,0.421234277821,2.34932137612,-2.31540695612,-0.471861889355
5.27,-0.341720653702,0.601566766139,0.389443902871,0.341356639417,-0.872670988746,0.420645561897,2.34483306285,-2.30677363264,-0.47009071759
5.27125,-0.341292125998,0.600474125239,0.389969342568,0.344284870804,-0.875549064932,0.420059051027,2.34032938214,-2.29815612014,-0.468333840229
5.2725,-0.340859941525,0.599377893476,0.390494050499,0.347207462872,-0.878416379046,0.419474727296,2.33580997113,-2.28955422165,-0.466591330826
5.27375,-0.340424107341,0.598278084291,0.391018029386,0.350124395732,-0.881272950486,0.4188925727,2.33127447199,-2.28096774092,-0.464863260981
5.275,-0.339984630535,0.5971747111,0.39154128193,0.353035649052,-0.884118798399,0.418312569144,2.3267225317,-2.27239648296,-0.463149700533
5.27625,-0.339541518219,0.596067787295,0.392063810809,0.355941202061,-0.886953941693,0.417734698448,2.32215380246,-2.26384025395,-0.461450717626
5.2775,-0.33909477753,0.594957326246,0.392585618677,0.358841033558,-0.889778399034,0.41715894235,2.31756794178,-2.255298861,-0.459766378844
5.27875,-0.338644415635,0.593843341298,0.393106708165,0.361735121916,-0.892592188846,0.416585282501,2.31296461176,-2.24677211248,-0.458096749458
5.28,-0.338190439725,0.592725845774,0.393627081883,0.364623445088,-0.895395329315,0.416013700476,2.30834347965,-2.23825981768,-0.456441892607
5.28125,-0.337732857022,0.591604852974,0.394146742416,0.367505980615,-0.89818783839,0.41544417777,2.30370421816,-2.22976178661,-0.454801869898
5.2825,-0.337271674774,0.590480376178,0.394665692327,0.370382705633,-0.900969733781,0.414876695801,2.29904650455,-2.22127783068,-0.45317674161
5.28375,-0.336806900258,0.58935242864,0.395183934156,0.373253596876,-0.903741032966,0.414311235916,2.29437002138,-2.21280776275,-0.451566565914
5.285,-0.336338540782,0.588221023595,0.395701470417,0.376118630687,-0.906501753188,0.413747779387,2.28967445622,-2.20435139577,-0.449971399837
5.28625,-0.335866603681,0.587086174257,0.396218303604,0.378977783017,-0.909251911456,0.413186307416,2.28495950139,-2.19590854426,-0.448391299085
5.2875,-0.335391096324,0.585947893817,0.396734436186,0.38183102944,-0.911991524549,0.412626801139,2.2802248546,-2.18747902411,-0.446826317113
5.28875,-0.334912026108,0.584806195446,0.397249870607,0.384678345153,-0.914720609016,0.412069241623,2.27547021838,-2.17906265124,-0.44527650623
5.29,-0.334429400461,0.583661092294,0.39776460929,0.387519704986,-0.917439181177,0.411513609873,2.27069530025,-2.17065924318,-0.443741917286
5.29125,-0.333943226845,0.582512597493,0.398278654632,0.390355083404,-0.920147257124,0.41095988683,2.26589981304,-2.16226861853,-0.442222599236
5.2925,-0.333453512753,0.581360724151,0.398792009007,0.393184454519,-0.922844852723,0.410408053375,2.26108347408,-2.15389059686,-0.440718600123
5.29375,-0.332960265709,0.580205485361,0.399304674765,0.396007792089,-0.925531983616,0.40985809033,2.25624600595,-2.14552499867,-0.439229966003
5.295,-0.332463493272,0.579046894192,0.399816654232,0.398825069533,-0.92820866522,0.40930997846,2.25138713624,-2.13717164517,-0.437756741485
5.29625,-0.331963203035,0.577884963698,0.400327949711,0.40163625993,-0.930874912729,0.408763698476,2.2465065976,-2.12883035878,-0.436298970192
5.2975,-0.331459402623,0.576719706911,0.400838563479,0.404441336027,-0.933530741117,0.408219231035,2.24160412777,-2.12050096313,-0.434856693789
5.29875,-0.330952099695,0.575551136845,0.401348497789,0.407240270249,-0.936176165137,0.407676556742,2.23667946874,-2.11218328221,-0.433429952636
5.3,-0.330441301947,0.574379266498,0.401857754871,0.410033034699,-0.938811199323,0.407135656153,2.23173236797,-2.10387714134,-0.432018785693
5.30125,-0.329927017108,0.573204108847,0.402366336929,0.412819601169,-0.94143585799,0.406596509777,2.22676257819,-2.09558236751,-0.430623230704
5.3025,-0.329409252944,0.572025676853,0.402874246145,0.415599941145,-0.944050155241,0.406059098076,2.22176985667,-2.08729878724,-0.429243323856
5.30375,-0.328888017255,0.570843983459,0.403381484674,0.418374025811,-0.946654104958,0.405523401468,2.2167539655,-2.07902622846,-0.427879099584
5.305,-0.32836331788,0.56965904159,0.403888054649,0.421141826059,-0.949247720812,0.404989400327,2.21171467201,-2.07076452115,-0.42653059154
5.30625,-0.32783516269,0.568470864157,0.404393958175,0.423903312491,-0.951831016261,0.404457074989,2.20665174833,-2.06251349508,-0.425197831839
5.3075,-0.327303559598,0.56727946405,0.404899197336,0.426658455429,-0.95440400455,0.403926405748,2.20156497126,-2.0542729808,-0.423880850906
5.30875,-0.326768516552,0.566084854145,0.405403774189,0.429407224919,-0.956966698713,0.403397372862,2.19645412295,-2.04604281074,-0.422579678514
5.31,-0.326230041536,0.564887047303,0.405907690768,0.432149590737,-0.959519111577,0.402869956552,2.19131899046,-2.03782281781,-0.421294342266
5.31125,-0.325688142575,0.563686056366,0.406410949081,0.434885522395,-0.962061255758,0.402344137006,2.1861593651,-2.02961283529,-0.420024868731
5.3125,-0.32514282773,0.562481894163,0.406913551111,0.437614989149,-0.964593143665,0.40181989438,2.18097504338,-2.02141269812,-0.418771283944
5.31375,-0.324594105102,0.561274573507,0.407415498817,0.440337960004,-0.967114787503,0.401297208796,2.17576582702,-2.01322224229,-0.417533611585
5.315,-0.32404198283,0.560064107195,0.407916794133,0.443054403717,-0.969626199271,0.400776060351,2.17053152236,-2.00504130438,-0.416311874687
5.31625,-0.323486469093,0.558850508009,0.408417438968,0.44576428881,-0.972127390764,0.400256429109,2.16527194039,-1.99686972123,-0.415106094647
5.3175,-0.322927572108,0.557633788718,0.408917435206,0.448467583568,-0.974618373574,0.399738295114,2.15998689698,-1.98870733144,-0.413916291302
5.31875,-0.322365300134,0.556413962075,0.409416784705,0.451164256052,-0.977099159093,0.399221638381,2.15467621319,-1.98055397487,-0.412742484536
5.32,-0.321799661468,0.55519104082,0.409915489301,0.453854274101,-0.979569758511,0.398706438903,2.1493397146,-1.97240949137,-0.411584692006
5.32125,-0.321230664448,0.553965037679,0.410413550803,0.456537605339,-0.982030182821,0.398192676651,2.14397723132,-1.96427372163,-0.410442929933
5.3225,-0.320658317454,0.552735965363,0.410910970993,0.459214217179,-0.984480442815,0.397680331578,2.13858859859,-1.95614650789,-0.409317213916
5.32375,-0.320082628906,0.551503836572,0.411407751632,0.461884076835,-0.986920549091,0.397169383616,2.13317365665,-1.9480276934,-0.408207557939
5.325,-0.319503607262,0.55026866399,0.411903894452,0.464547151321,-0.989350512049,0.396659812683,2.12773225008,-1.93991712169,-0.407113975257
5.32625,-0.318921261027,0.549030460292,0.412399401163,0.46720340746,-0.991770341895,0.396151598678,2.12226422833,-1.93181463725,-0.406036477637
5.3275,-0.318335598744,0.547789238136,0.412894273449,0.469852811892,-0.994180048642,0.395644721489,2.11676944581,-1.9237200858,-0.404975075367
5.32875,-0.317746628998,0.54654501017,0.413388512967,0.472495331075,-0.99657964211,0.39513916099,2.11124776111,-1.91563331406,-0.403929778395
5.33,-0.317154360416,0.54529778903,0.413882121351,0.475130931294,-0.998969131927,0.394634897043,2.10569903778,-1.90755416907,-0.402900595123
5.33125,-0.316558801669,0.54404758734,0.41437510021,0.477759578669,-1.00134852753,0.394131909502,2.1001231444,-1.89948249887,-0.401887532155
5.3325,-0.315959961469,0.542794417711,0.414867451125,0.480381239155,-1.00371783817,0.393630178213,2.0945199542,-1.89141815283,-0.400890595654
5.33375,-0.315357848571,0.541538292745,0.415359175655,0.482995878555,-1.00607707291,0.393129683013,2.08888934478,-1.88336098097,-0.399909791054
5.335,-0.314752471773,0.540279225029,0.415850275333,0.485603462517,-1.00842624063,0.392630403735,2.08323119804,-1.87531083412,-0.39894512197
5.33625,-0.314143839915,0.539017227143,0.416340751665,0.48820395655,-1.01076535,0.392132320208,2.0775454012,-1.86726756397,-0.397996591027
5.3375,-0.313531961882,0.537752311654,0.416830606133,0.49079732602,-1.01309440954,0.391635412257,2.07183184589,-1.85923102304,-0.397064200263
5.33875,-0.3129168466,0.536484491119,0.417319840195,0.493383536165,-1.01541342756,0.391139659707,2.06609042831,-1.85120106478,-0.396147949846
5.34,-0.312298503041,0.535213778085,0.417808455282,0.495962552091,-1.0177224122,0.390645042383,2.0603210492,-1.84317754355,-0.395247839322
5.34125,-0.31167694022,0.533940185089,0.418296452801,0.498534338788,-1.02002137142,0.390151540109,2.05452361367,-1.83516031476,-0.394363867485
5.3425,-0.311052167194,0.532663724657,0.418783834133,0.501098861125,-1.02231031299,0.389659132714,2.04869803206,-1.82714923443,-0.393496031506
5.34375,-0.310424193067,0.531384409306,0.419270600633,0.503656083868,-1.0245892445,0.38916780003,2.04284421866,-1.81914415921,-0.392644328053
5.345,-0.309793026985,0.530102251545,0.419756753633,0.506205971672,-1.02685817338,0.388677521894,2.03696209226,-1.811144947,-0.391808752397
5.34625,-0.309158678138,0.528817263873,0.420242294438,0.508748489098,-1.02911710687,0.388188278149,2.03105157646,-1.80315145678,-0.390989298796
5.3475,-0.308521155762,0.527529458778,0.420727224328,0.511283600613,-1.03136605203,0.387700048647,2.02511259901,-1.7951635481,-0.390185960703
5.34875,-0.307880469136,0.526238848743,0.421211544559,0.513811270596,-1.03360501574,0.387212813247,2.01914509261,-1.78718108092,-0.389398730317
5.35,-0.307236627585,0.524945446239,0.421695256361,0.516331463345,-1.03583400473,0.386726551821,2.01314899421,-1.77920391653,-0.388627599477
5.35125,-0.306589640478,0.523649263731,0.422178360939,0.518844143081,-1.03805302553,0.386241244249,2.00712424463,-1.77123191751,-0.387872558372
5.3525,-0.305939517228,0.522350313675,0.422660859472,0.521349273956,-1.04026208452,0.385756870425,2.00107078981,-1.76326494642,-0.387133596109
5.35375,-0.305286267293,0.52104860852,0.423142753115,0.523846820056,-1.0424611879,0.385273410259,1.99498858013,-1.75530286714,-0.386410701628
5.355,-0.304629900178,0.519744160705,0.423624042998,0.526336745407,-1.04465034169,0.384790843671,1.98887756966,-1.74734554457,-0.385703862526
5.35625,-0.30397042543,0.518436982665,0.424104730224,0.52881901398,-1.04682955176,0.384309150602,1.98273771727,-1.73939284377,-0.385013065079
5.3575,-0.303307852643,0.517127086826,0.424584815874,0.5312935897,-1.0489988238,0.383828311008,1.97656898638,-1.73144463164,-0.384338295191
5.35875,-0.302642191455,0.515814485606,0.425064301002,0.533760436446,-1.05115816334,0.383348304864,1.9703713442,-1.72350077552,-0.383679538015
5.36,-0.301973451551,0.514499191418,0.425543186636,0.53621951806,-1.05330757574,0.382869112163,1.96414476243,-1.71556114271,-0.383036776884
5.36125,-0.30130164266,0.513181216667,0.426021473782,0.538670798352,-1.05544706619,0.382390712922,1.95788921722,-1.70762560284,-0.382409994586
5.3625,-0.300626774556,0.511860573752,0.426499163418,0.541114241103,-1.05757663974,0.381913087177,1.95160468883,-1.69969402588,-0.381799173817
5.36375,-0.299948857057,0.510537275067,0.4269762565,0.543549810074,-1.05969630126,0.381436214987,1.94529116193,-1.69176628184,-0.381204295741
5.365,-0.29926790003,0.509211332999,0.427452753956,0.545977469008,-1.06180605545,0.380960076438,1.9389486246,-1.68384224251,-0.380625340495
5.36625,-0.298583913385,0.507882759929,0.427928656691,0.548397181636,-1.06390590687,0.380484651636,1.93257707006,-1.6759217804,-0.380062287547
5.3675,-0.297896907076,0.506551568232,0.428403965585,0.550808911683,-1.0659958599,0.380009920719,1.92617649591,-1.66800476875,-0.379515115537
5.36875,-0.297206891106,0.505217770279,0.428878681493,0.553212622875,-1.06807591879,0.379535863847,1.91974690236,-1.66009108141,-0.378983802386
5.37,-0.296513875519,0.503881378435,0.429352805245,0.555608278939,-1.0701460876,0.379062461213,1.91328829476,-1.65218059315,-0.378468325153
5.37125,-0.295817870408,0.50254240506,0.429826337646,0.557995843612,-1.07220637027,0.378589693035,1.90680068314,-1.6442731802,-0.377968659916
5.3725,-0.29511888591,0.501200862509,0.430299279477,0.560375280647,-1.07425677055,0.378117539563,1.90028408061,-1.6363687191,-0.377484781586
5.37375,-0.294416932207,0.499856763133,0.430771631495,0.562746553814,-1.07629729207,0.377645981081,1.89373850429,-1.62846708693,-0.37701666505
5.375,-0.293712019526,0.498510119279,0.43124339443,0.565109626908,-1.07832793827,0.3771749979,1.88716397594,-1.62056816238,-0.376564284454
5.37625,-0.293004158139,0.497160943288,0.43171456899,0.567464463754,-1.08034871247,0.376704570369,1.88056052102,-1.61267182458,-0.376127611992
5.3775,-0.292293358366,0.495809247498,0.432185155856,0.56981102821,-1.08235961783,0.37623467887,1.87392816888,-1.60477795346,-0.375706620059
5.37875,-0.291579630569,0.494455044243,0.432655155687,0.572149284176,-1.08436065736,0.375765303819,1.86726695275,-1.59688642991,-0.375301280371
5.38,-0.290862985156,0.493098345854,0.433124569115,0.574479195592,-1.08635183391,0.375296425669,1.86057690996,-1.58899713577,-0.374911563085
5.38125,-0.29014343258,0.491739164658,0.433593396751,0.576800726451,-1.0883331502,0.374828024912,1.85385808185,-1.58110995345,-0.37453743837
5.3825,-0.28942098334,0.490377512979,0.434061639178,0.579113840797,-1.09030460879,0.374360082074,1.84711051319,-1.57322476633,-0.374178875279
5.38375,-0.288695647978,0.489013403136,0.434529296956,0.581418502734,-1.09226621211,0.373892577723,1.84033425301,-1.56534145928,-0.373835842083
5.385,-0.287967437083,0.487646847449,0.434996370622,0.583714676429,-1.09421796244,0.373425492468,1.8335293539,-1.55745991701,-0.373508306598
5.38625,-0.287236361287,0.48627785823,0.435462860687,0.586002326119,-1.09615986191,0.372958806957,1.82669587202,-1.54958002528,-0.373196235819
5.3875,-0.286502431267,0.484906447794,0.435928767639,0.588281416109,-1.0980919125,0.372492501879,1.81983386772,-1.5417016714,-0.372899595925
5.38875,-0.285765657747,0.483532628449,0.436394091942,0.590551910788,-1.10001411608,0.372026557967,1.81294340513,-1.533824743,-0.372618352151
5.39,-0.28502605149,0.482156412504,0.436858834034,0.592813774622,-1.10192647436,0.371560955998,1.80602455183,-1.52594912836,-0.372352469537
5.39125,-0.28428362331,0.480777812263,0.437322994332,0.595066972167,-1.1038289889,0.371095676793,1.79907737864,-1.51807471718,-0.372101912433
5.3925,-0.28353838406,0.479396840031,0.437786573226,0.597311468069,-1.10572166115,0.370630701217,1.79210196084,-1.51020139981,-0.371866644014
5.39375,-0.28279034464,0.47801350811,0.438249571085,0.599547227069,-1.1076044924,0.370166010183,1.7850983769,-1.50232906719,-0.371646627229
5.395,-0.282039515992,0.4766278288,0.438711988252,0.601774214011,-1.10947748382,0.369701584649,1.77806670871,-1.49445761136,-0.3714418242
5.39625,-0.281285909105,0.475239814401,0.439173825047,0.603992393841,-1.11134063643,0.369237405623,1.77100704237,-1.48658692539,-0.371252196203
5.3975,-0.280529535008,0.473849477209,0.439635081766,0.606201731617,-1.11319395113,0.368773454159,1.76391946665,-1.47871690283,-0.371077704153
5.39875,-0.279770404776,0.472456829523,0.440095758682,0.608402192508,-1.11503742869,0.368309711362,1.75680407407,-1.47084743788,-0.370918308272
5.4,-0.279008529527,0.471061883638,0.440555856044,0.610593741802,-1.11687106973,0.367846158388,1.7496609613,-1.4629784267,-0.370773968382
5.40125,-0.278243920421,0.469664651849,0.441015374078,0.612776344911,-1.11869487476,0.367382776441,1.74249022788,-1.45510976574,-0.37064464309
5.4025,-0.277476588664,0.468265146451,0.441474312985,0.614949967372,-1.12050884414,0.36691954678,1.73529197641,-1.44724135129,-0.370530290445
5.40375,-0.276706545503,0.466863379738,0.441932672945,0.617114574852,-1.12231297813,0.366456450715,1.72806631328,-1.43937308143,-0.370430868679
5.405,-0.275933802227,0.465459364005,0.442390454112,0.619270133155,-1.12410727685,0.365993469609,1.72081334826,-1.43150485583,-0.370346334751
5.40625,-0.27515837017,0.464053111546,0.442847656619,0.621416608223,-1.12589174027,0.365530584878,1.71353319442,-1.42363657411,-0.370276645049
5.4075,-0.274380260707,0.462644634655,0.443304280574,0.623553966141,-1.12766636828,0.365067777996,1.70622596818,-1.41576813659,-0.37022175552
5.40875,-0.273599485255,0.461233945625,0.443760326064,0.625682173143,-1.12943116062,0.36460503049,1.69889178887,-1.40789944462,-0.370181621349
5.41,-0.272816055274,0.459821056753,0.444215793151,0.627801195613,-1.13118611689,0.364142323943,1.69153077912,-1.40003040095,-0.370156197857
5.41125,-0.272029982266,0.458405980333,0.444670681874,0.629911000091,-1.13293123662,0.363679639995,1.68414306513,-1.39216090906,-0.370145438751
5.4125,-0.271241277773,0.456988728662,0.445124992251,0.632011553276,-1.13466651917,0.363216960346,1.67672877597,-1.38429087227,-0.370149297566
5.41375,-0.270449953382,0.455569314035,0.445578724275,0.634102822031,-1.1363919638,0.362754266751,1.66928804378,-1.37642019608,-0.370167727965
5.415,-0.269656020718,0.454147748752,0.446031877917,0.636184773386,-1.13810756966,0.362291541026,1.66182100371,-1.36854878664,-0.370200682107
5.41625,-0.268859491449,0.452724045111,0.446484453127,0.63825737454,-1.13981333577,0.361828765046,1.65432779441,-1.36067655001,-0.370248112051
5.4175,-0.268060377282,0.451298215413,0.44693644983,0.640320592872,-1.14150926103,0.361365920746,1.64680855731,-1.35280339433,-0.37030996931
5.41875,-0.267258689967,0.449870271959,0.447387867929,0.642374395934,-1.14319534425,0.360902990122,1.63926343616,-1.34492922816,-0.370386204986
5.42,-0.266454441292,0.448440227052,0.447838707305,0.644418751462,-1.1448715841,0.360439955233,1.63169257914,-1.33705396008,-0.370476769592
5.42125,-0.265647643088,0.447008092998,0.448288967817,0.646453627381,-1.14653797915,0.359976798198,1.62409613638,-1.32917750107,-0.370581612742
5.4225,-0.264838307224,0.445573882104,0.448738649301,0.648478991803,-1.14819452786,0.359513501201,1.61647426032,-1.32129976249,-0.37070068397
5.42375,-0.264026445609,0.444137606679,0.44918775157,0.650494813032,-1.14984122856,0.359050046489,1.60882710748,-1.31342065564,-0.370833932595
5.425,-0.263212070191,0.442699279033,0.449636274417,0.652501059572,-1.15147807949,0.35858641637,1.60115483692,-1.30554009381,-0.370981306912
5.42625,-0.26239519296,0.44125891148,0.450084217611,0.654497700124,-1.15310507879,0.358122593221,1.59345761015,-1.29765799072,-0.371142754773
5.4275,-0.261575825941,0.439816516336,0.4505315809,0.656484703597,-1.15472222447,0.357658559483,1.58573559143,-1.28977426083,-0.371318223938
5.42875,-0.260753981201,0.438372105919,0.45097836401,0.658462039103,-1.15632951444,0.357194297661,1.57798894784,-1.28188882013,-0.371507661271
5.43,-0.259929670843,0.43692569255,0.451424566644,0.660429675967,-1.15792694652,0.35672979033,1.57021784912,-1.27400158493,-0.371711013167
5.43125,-0.259102907011,0.435477288552,0.451870188486,0.662387583726,-1.15951451841,0.356265020128,1.56242246791,-1.26611247217,-0.3719282264
5.4325,-0.258273701884,0.434026906254,0.452315229195,0.664335732136,-1.1610922277,0.355799969764,1.55460297947,-1.25822140044,-0.372159246604
5.43375,-0.25744206768,0.432574557983,0.45275968841,0.666274091175,-1.16266007191,0.355334622012,1.54675956133,-1.25032828892,-0.37240401839
5.435,-0.256608016656,0.431120256074,0.45320356575,0.66820263104,-1.16421804842,0.354868959718,1.53889239338,-1.24243305734,-0.372662486961
5.43625,-0.255771561103,0.429664012862,0.453646860809,0.670121322158,-1.16576615455,0.354402965795,1.53100165877,-1.23453562696,-0.372934596828
5.4375,-0.25493271335,0.428205840688,0.454089573164,0.672030135187,-1.16730438749,0.353936623226,1.52308754288,-1.22663591935,-0.373220292045
5.43875,-0.254091485765,0.426745751893,0.454531702367,0.673929041015,-1.16883274435,0.353469915064,1.51515023274,-1.21873385657,-0.373519516154
5.44,-0.253247890748,0.425283758827,0.454973247952,0.675818010769,-1.17035122213,0.353002824435,1.50718991885,-1.21082936345,-0.37383221196
5.44125,-0.252401940738,0.423819873838,0.455414209428,0.677697015812,-1.17185981776,0.352535334535,1.49920679377,-1.20292236435,-0.37415832262
5.4425,-0.251553648208,0.422354109282,0.455854586288,0.679566027753,-1.17335852804,0.352067428629,1.491201052,-1.195012783,-0.37449779071
5.44375,-0.250703025668,0.420886477518,0.456294378,0.681425018442,-1.17484734972,0.351599090058,1.48317289127,-1.18710054741,-0.374850557546
5.445,-0.249850085662,0.419416990908,0.456733584013,0.683273959981,-1.17632627941,0.351130302235,1.47512251021,-1.17918558493,-0.375216565112
5.44625,-0.248994840769,0.417945661819,0.457172203756,0.685112824718,-1.17779531368,0.350661048645,1.46705011035,-1.17126782227,-0.37559575519
5.4475,-0.2481373036,0.416472502624,0.457610236635,0.686941585257,-1.17925444897,0.350191312847,1.45895589665,-1.1633471893,-0.375988067776
5.44875,-0.247277486805,0.414997525697,0.458047682038,0.68876021446,-1.18070368165,0.349721078476,1.45084007416,-1.15542361572,-0.376393443469
5.45,-0.246415403064,0.41352074342,0.458484539331,0.690568685442,-1.18214300801,0.349250329238,1.44270285115,-1.14749703253,-0.376811822912
5.45125,-0.245551065092,0.412042168177,0.458920807861,0.692366971587,-1.18357242423,0.348779048918,1.43454443817,-1.13956737147,-0.377243145795
5.4525,-0.244684485635,0.410561812359,0.459356486953,0.694155046538,-1.18499192644,0.348307221374,1.42636504653,-1.13163456434,-0.377687351408
5.45375,-0.243815677475,0.409079688361,0.459791575914,0.695932884204,-1.18640151064,0.34783483054,1.41816489168,-1.12369854622,-0.378144378647
5.455,-0.242944653425,0.407595808582,0.46022607403,0.697700458767,-1.1878011728,0.347361860427,1.40994419006,-1.11575925125,-0.378614166766
5.45625,-0.242071426329,0.406110185429,0.460659980565,0.699457744679,-1.18919090877,0.346888295123,1.4017031585,-1.10781661288,-0.37909665424
5.4575,-0.241196009063,0.404622831311,0.461093294767,0.701204716663,-1.19057071433,0.346414118792,1.39344201816,-1.09987056948,-0.37959177846
5.45875,-0.240318414537,0.403133758643,0.461526015862,0.702941349724,-1.1919405852,0.345939315677,1.38516099141,-1.09192105818,-0.380099477957
5.46,-0.239438655689,0.401642979848,0.461958143057,0.704667619142,-1.19330051698,0.345463870097,1.37686030105,-1.08396801576,-0.38061969035
5.46125,-0.238556745489,0.400150507351,0.462389675538,0.706383500477,-1.19465050523,0.344987766451,1.36854017375,-1.07601138289,-0.38115235194
5.4625,-0.237672696938,0.398656353584,0.462820612473,0.708088969576,-1.19599054544,0.344510989217,1.36020083658,-1.06805109825,-0.381697400667
5.46375,-0.236786523065,0.397160530987,0.463250953011,0.709784002568,-1.19732063298,0.344033522949,1.35184251828,-1.06008710262,-0.382254773001
5.465,-0.235898236931,0.395663052002,0.46368069628,0.711468575872,-1.19864076319,0.343555352284,1.34346545092,-1.0521193395,-0.382824404267
5.46625,-0.235007851625,0.394163929079,0.464109841391,0.713142666196,-1.19995093133,0.343076461938,1.33506986628,-1.04414774997,-0.383406231413
5.4675,-0.234115380266,0.392663174674,0.464538387435,0.714806250538,-1.20125113257,0.342596836706,1.32665599835,-1.03617227793,-0.38400019032
5.46875,-0.233220835999,0.391160801248,0.464966333483,0.716459306192,-1.20254136202,0.342116461463,1.31822408354,-1.02819286907,-0.384606215971
5.47,-0.232324232,0.389656821269,0.465393678589,0.718101810746,-1.20382161474,0.341635321166,1.30977435874,-1.02020946742,-0.385224244053
5.47125,-0.231425581472,0.388151247211,0.465820421786,0.719733742088,-1.20509188569,0.341153400853,1.30130706338,-1.01222202011,-0.38585420923
5.4725,-0.230524897645,0.386644091554,0.466246562091,0.721355078405,-1.20635216979,0.340670685643,1.29282243761,-1.00423047505,-0.386496046019
5.47375,-0.229622193776,0.385135366786,0.4666720985,0.722965798182,-1.20760246188,0.340187160738,1.2843207227,-0.99623477945,-0.387149689391
5.475,-0.22871748315,0.3836250854,0.467097029993,0.724565880212,-1.20884275674,0.339702811419,1.27580216279,-0.988234883255,-0.387815073441
5.47625,-0.227810779076,0.382113259894,0.467521355529,0.726155303589,-1.21007304909,0.339217623054,1.26726700219,-0.980230736605,-0.388492131924
5.4775,-0.226902094891,0.380599902777,0.46794507405,0.727734047717,-1.21129333358,0.33873158109,1.25871548648,-0.972222290091,-0.389180798709
5.47875,-0.225991443956,0.379085026561,0.468368184481,0.729302092306,-1.21250360481,0.338244671057,1.25014786374,-0.964209496635,-0.389881007459
5.48,-0.22507883966,0.377568643765,0.468790685728,0.730859417376,-1.21370385732,0.337756878571,1.24156438176,-0.956192308229,-0.390592691292
5.48125,-0.224164295413,0.376050766917,0.469212576678,0.73240600326,-1.21489408558,0.337268189329,1.23296529043,-0.948170678817,-0.391315783497
5.4825,-0.223247824652,0.374531408551,0.469633856201,0.733941830603,-1.21607428402,0.336778589112,1.22435084183,-0.940144564345,-0.392050216885
5.48375,-0.222329440836,0.373010581207,0.470054523151,0.735466880365,-1.21724444699,0.336288063787,1.21572128702,-0.932113919327,-0.392795923926
5.485,-0.221409157451,0.371488297434,0.470474576361,0.73698113382,-1.21840456882,0.335796599302,1.20707687948,-0.924078701234,-0.393552837124
5.48625,-0.220486988002,0.369964569785,0.470894014649,0.738484572563,-1.21955464375,0.335304181694,1.19841787424,-0.916038867786,-0.394320888813
5.4875,-0.219562946019,0.368439410824,0.471312836815,0.739977178506,-1.22069466599,0.33481079708,1.18974452611,-0.907994376223,-0.395100011394
5.48875,-0.218637045056,0.36691283312,0.471731041642,0.741458933879,-1.22182462969,0.334316431665,1.1810570922,-0.89994518778,-0.395890136303
5.49,-0.217709298685,0.36538484925,0.472148627894,0.742929821236,-1.22294452896,0.33382107174,1.17235582991,-0.891891262529,-0.396691195181
5.49125,-0.216779720503,0.363855471798,0.472565594321,0.744389823453,-1.22405435784,0.333324703677,1.16364099757,-0.883832560965,-0.397503120019
5.4925,-0.215848324126,0.362324713355,0.472981939653,0.74583892373,-1.22515411036,0.33282731394,1.15491285499,-0.875769046615,-0.398325841695
5.49375,-0.214915123193,0.360792586522,0.473397662606,0.747277105591,-1.22624378046,0.332328889073,1.1461716618,-0.867700681635,-0.399159291544
5.495,-0.213980131362,0.359259103904,0.473812761876,0.748704352885,-1.22732336206,0.331829415711,1.1374176796,-0.859627430714,-0.400003400807
5.49625,-0.213043362311,0.357724278117,0.474227236145,0.75012064979,-1.22839284904,0.331328880571,1.12865117124,-0.851549260164,-0.400858099863
5.4975,-0.212104829738,0.356188121782,0.474641084077,0.751525980813,-1.22945223521,0.330827270461,1.11987239841,-0.843466134336,-0.401723319703
5.49875,-0.211164547359,0.354650647529,0.475054304321,0.752920330786,-1.23050151437,0.330324572272,1.11108162471,-0.835378020793,-0.402598991002
5.5,-0.210222528911,0.353111867996,0.475466895508,0.754303684874,-1.23154068027,0.329820772983,1.10227911538,-0.827284888681,-0.403485043898
5.50125,-0.209278788147,0.351571795828,0.475878856254,0.755676028574,-1.2325697266,0.329315859662,1.09346513469,-0.819186705496,-0.404381408794
5.5025,-0.208333338839,0.350030443679,0.476290185157,0.757037347711,-1.23358864703,0.328809819461,1.08463994866,-0.81108344192,-0.40528801569
5.50375,-0.207386194777,0.34848782421,0.476700880802,0.758387628446,-1.2345974352,0.328302639623,1.07580382388,-0.802975069053,-0.406204794638
5.505,-0.206437369768,0.346943950091,0.477110941756,0.759726857271,-1.2355960847,0.327794307475,1.06695702623,-0.794861557313,-0.407131675615
5.50625,-0.205486877634,0.345398833999,0.477520366571,0.761055021012,-1.23658458909,0.327284810434,1.05809982401,-0.786742881007,-0.408068587944
5.5075,-0.204534732216,0.343852488618,0.477929153782,0.762372106831,-1.2375629419,0.326774136005,1.04923248561,-0.778619013636,-0.409015461503
5.50875,-0.203580947367,0.342304926644,0.478337301911,0.763678102226,-1.23853113663,0.32626227178,1.04035527876,-0.770489928857,-0.409972226021
5.51,-0.20262553696,0.340756160777,0.478744809462,0.764972995028,-1.23948916673,0.32574920544,1.03146847266,-0.762355603388,-0.410938810592
5.51125,-0.20166851488,0.339206203727,0.479151674925,0.766256773407,-1.24043702564,0.325234924754,1.02257233675,-0.754216012876,-0.41191514465
5.5125,-0.200709895026,0.337655068213,0.479557896774,0.76752942587,-1.24137470676,0.324719417578,1.01366714092,-0.746071135109,-0.412901157199
5.51375,-0.199749691315,0.33610276696,0.479963473469,0.768790941259,-1.24230220347,0.324202671861,1.00475315562,-0.737920949166,-0.413896777241
5.515,-0.198787917673,0.334549312704,0.480368403453,0.770041308759,-1.24321950913,0.323684675635,0.995830650828,-0.72976543313,-0.41490193405
5.51625,-0.197824588043,0.332994718187,0.480772685158,0.771280517887,-1.24412661706,0.323165417026,0.986899897879,-0.721604568571,-0.415916556221
5.5175,-0.196859716379,0.331438996161,0.481176316996,0.772508558503,-1.24502352055,0.322644884245,0.977961168116,-0.713438336663,-0.416940572768
5.51875,-0.195893316647,0.329882159386,0.481579297368,0.773725420807,-1.2459102129,0.322123065594,0.969014731993,-0.705266718114,-0.417973912636
5.52,-0.194925402827,0.328324220629,0.48198162466,0.774931095333,-1.24678668735,0.321599949463,0.960060861928,-0.69708969811,-0.419016503724
5.52125,-0.193955988908,0.326765192668,0.482383297242,0.776125572962,-1.24765293714,0.321075524334,0.951099829723,-0.688907260269,-0.420068275048
5.5225,-0.192985088894,0.325205088286,0.482784313471,0.777308844908,-1.2485089555,0.320549778776,0.942131906703,-0.680719388413,-0.421129155484
5.52375,-0.192012716796,0.323643920279,0.483184671689,0.778480902728,-1.24935473561,0.320022701446,0.933157365779,-0.672526070389,-0.422199072648
5.525,-0.191038886637,0.322081701447,0.483584370224,0.779641738322,-1.25019027068,0.319494281094,0.924176478605,-0.664327291849,-0.423277955508
5.52625,-0.19006361245,0.320518444602,0.483983407392,0.780791343925,-1.25101555384,0.318964506557,0.915189517343,-0.65612304046,-0.42436573242
5.5275,-0.189086908278,0.318954162563,0.484381781491,0.781929712115,-1.25183057828,0.318433366763,0.906196755176,-0.647913307074,-0.425462330975
5.52875,-0.18810878817,0.317388868156,0.484779490808,0.783056835813,-1.25263533711,0.317900850729,0.89719846336,-0.639698079925,-0.426567679869
5.53,-0.187129266188,0.31582257422,0.485176533618,0.784172708274,-1.25342982348,0.317366947563,0.888194914211,-0.631477349481,-0.427681707242
5.53125,-0.186148356399,0.314255293598,0.485572908177,0.785277323098,-1.25421403049,0.316831646461,0.879186380974,-0.623251108431,-0.428804341073
5.5325,-0.18516607288,0.312687039144,0.485968612734,0.786370674226,-1.25498795125,0.31629493671,0.87017313507,-0.615019348447,-0.429935509499
5.53375,-0.184182429714,0.31111782372,0.486363645519,0.787452755936,-1.25575157886,0.315756807688,0.861155448683,-0.606782064307,-0.431075140466
5.535,-0.18319744099,0.309547660197,0.486758004753,0.788523562848,-1.25650490641,0.315217248859,0.852133594162,-0.598539250626,-0.432223162045
5.53625,-0.182211120807,0.307976561454,0.487151688641,0.789583089921,-1.25724792698,0.314676249782,0.843107842593,-0.590290901027,-0.43337950226
5.5375,-0.181223483266,0.306404540379,0.487544695377,0.790631332454,-1.25798063366,0.314133800104,0.834078465993,-0.58203701343,-0.434544088807
5.53875,-0.180234542476,0.304831609869,0.487937023142,0.791668286086,-1.25870301952,0.31358988956,0.825045736025,-0.573777585413,-0.435716849609
5.54,-0.17924431255,0.30325778283,0.488328670101,0.792693946795,-1.25941507762,0.31304450798,0.816009923409,-0.565512614338,-0.436897712984
5.54125,-0.178252807609,0.301683072175,0.488719634412,0.793708310895,-1.26011680105,0.312497645278,0.806971299443,-0.557242100604,-0.438086606289
5.5425,-0.177260041773,0.300107490828,0.489109914215,0.794711375043,-1.26080818288,0.311949291464,0.79793013424,-0.548966043044,-0.439283457376
5.54375,-0.176266029171,0.298531051718,0.48949950764,0.795703136231,-1.26148921616,0.311399436635,0.788886698234,-0.540684442996,-0.440488194568
5.545,-0.175270783933,0.296953767787,0.489888412806,0.796683591789,-1.26215989398,0.310848070977,0.779841261783,-0.532397304227,-0.441700745455
5.54625,-0.174274320192,0.295375651983,0.490276627818,0.797652739385,-1.26282020942,0.310295184771,0.770794093859,-0.524104628107,-0.442921038063
5.5475,-0.173276652084,0.293796717264,0.490664150768,0.798610577023,-1.26347015555,0.309740768382,0.761745464365,-0.515806418701,-0.444148999782
5.54875,-0.172277793749,0.292216976594,0.491050979739,0.799557103046,-1.26410972547,0.309184812271,0.752695641671,-0.507502681268,-0.445384558452
5.55,-0.171277759327,0.29063644295,0.491437112799,0.800492316128,-1.26473891226,0.308627306986,0.74364489339,-0.499193420995,-0.44662764268
5.55125,-0.170276562959,0.289055129314,0.491822548006,0.801416215279,-1.26535770902,0.308068243165,0.734593488624,-0.490878646178,-0.447878179727
5.5525,-0.169274218788,0.287473048677,0.492207283407,0.802328799849,-1.26596610887,0.307507611537,0.725541694539,-0.482558363439,-0.449136097234
5.55375,-0.168270740959,0.285890214042,0.492591317035,0.803230069516,-1.26656410493,0.306945402922,0.716489777222,-0.474232580308,-0.450401323656
5.555,-0.167266143615,0.284306638415,0.492974646914,0.804120024292,-1.26715169032,0.306381608228,0.70743800353,-0.46590130861,-0.451673786631
5.55625,-0.166260440898,0.282722334816,0.493357271055,0.804998664525,-1.2677288582,0.305816218455,0.698386638953,-0.457564557195,-0.452953414094
5.5575,-0.165253646953,0.28113731627,0.49373918746,0.80586599089,-1.26829560172,0.305249224693,0.689335948607,-0.449222336908,-0.45424013432
5.55875,-0.164245775921,0.279551595811,0.494120394117,0.806722004396,-1.26885191404,0.304680618119,0.680286197672,-0.440874662542,-0.45553387464
5.56,-0.163236841942,0.277965186485,0.494500889005,0.807566706384,-1.26939778837,0.304110390006,0.671237649294,-0.432521545338,-0.45683456334
5.56125,-0.162226859155,0.276378101341,0.494880670092,0.808400098519,-1.26993321791,0.303538531711,0.662190566885,-0.424162999087,-0.458142128957
5.5625,-0.161215841696,0.27479035344,0.495259735335,0.809222182801,-1.27045819587,0.302965034684,0.653145213605,-0.415799040314,-0.459456498913
5.56375,-0.160203803698,0.273201955851,0.495638082679,0.810032961553,-1.27097271551,0.302389890464,0.644101850361,-0.407429683946,-0.460777601461
5.565,-0.159190759292,0.271612921651,0.496015710061,0.810832437427,-1.27147677008,0.30181309068,0.635060739114,-0.399054947707,-0.46210536517
5.56625,-0.158176722605,0.270023263926,0.496392615406,0.811620613401,-1.27197035288,0.301234627051,0.626022140361,-0.390674849416,-0.46343971801
5.5675,-0.157161707759,0.268432995769,0.496768796628,0.812397492778,-1.2724534572,0.300654491385,0.616986312698,-0.382289406167,-0.464780588072
5.56875,-0.156145728873,0.266842130283,0.497144251634,0.813163079183,-1.27292607639,0.300072675581,0.607953516055,-0.37389863927,-0.466127903621
5.57,-0.155128800061,0.265250680578,0.497518978317,0.813917376568,-1.2733882038,0.299489171626,0.598924008423,-0.365502569372,-0.467481593307
5.57125,-0.154110935431,0.263658659773,0.497892974563,0.814660389204,-1.27383983281,0.298903971597,0.589898046312,-0.357101216429,-0.468841585678
5.5725,-0.153092149088,0.262066080996,0.498266238246,0.815392121684,-1.27428095684,0.298317067662,0.580875886902,-0.348694604389,-0.470207808735
5.57375,-0.152072455127,0.260472957381,0.498638767232,0.816112578921,-1.27471156933,0.297728452075,0.571857785312,-0.34028275565,-0.47158019114
5.575,-0.15105186764,0.258879302072,0.499010559377,0.816821766147,-1.27513166373,0.297138117184,0.562843996062,-0.331865694,-0.47295866184
5.57625,-0.150030400712,0.257285128222,0.499381612525,0.817519688911,-1.27554123356,0.296546055421,0.553834773339,-0.323443445603,-0.474343149335
5.5775,-0.149008068418,0.255690448989,0.499751924515,0.81820635308,-1.27594027235,0.29595225931,0.544830369361,-0.315016035193,-0.475733582266
5.57875,-0.147984884829,0.254095277541,0.500121493174,0.818881764835,-1.27632877365,0.295356721465,0.535831036797,-0.306583490794,-0.477129889327
5.58,-0.146960864006,0.252499627054,0.500490316319,0.819545930672,-1.27670673107,0.294759434587,0.526837026482,-0.298145839787,-0.4785319995
5.58125,-0.145936020002,0.250903510713,0.50085839176,0.820198857401,-1.27707413825,0.294160391466,0.517848587219,-0.289703109246,-0.479939842057
5.5825,-0.144910366862,0.249306941709,0.501225717297,0.82084055214,-1.27743098885,0.293559584982,0.508865968928,-0.281255330816,-0.481353345788
5.58375,-0.143883918622,0.247709933241,0.501592290722,0.821471022323,-1.27777727658,0.292957008102,0.499889419859,-0.272802534414,-0.482772439648
5.585,-0.142856689307,0.246112498517,0.501958109818,0.82209027569,-1.27811299518,0.292352653883,0.490919186291,-0.264344750099,-0.48419705314
5.58625,-0.141828692933,0.244514650753,0.502323172357,0.822698320289,-1.27843813845,0.291746515469,0.481955514422,-0.255882011299,-0.485627115358
5.5875,-0.140799943506,0.242916403171,0.502687476106,0.823295164476,-1.27875270021,0.291138586094,0.47299864847,-0.247414350275,-0.487062555715
5.58875,-0.139770455021,0.241317769003,0.503051018822,0.82388081691,-1.27905667433,0.29052885908,0.464048832637,-0.238941800808,-0.488503303859
5.59,-0.138740241464,0.239718761485,0.503413798254,0.824455286558,-1.27935005471,0.289917327835,0.455106310176,-0.230464398641,-0.489949288976
5.59125,-0.137709316805,0.238119393866,0.503775812142,0.825018582686,-1.27963283532,0.289303985857,0.446171321232,-0.221982178391,-0.491400441228
5.5925,-0.136677695007,0.236519679397,0.504137058219,0.825570714861,-1.27990501016,0.288688826732,0.437244106885,-0.21349517674,-0.492856690301
5.59375,-0.135645390018,0.23491963134,0.504497534209,0.826111692953,-1.28016657326,0.288071844132,0.428324906912,-0.205003431392,-0.494317965479
5.595,-0.134612415775,0.233319262964,0.504857237829,0.826641527128,-1.28041751874,0.287453031818,0.419413958522,-0.19650697979,-0.495784197164
5.59625,-0.1335787862,0.231718587544,0.505216166788,0.827160227849,-1.28065784071,0.286832383639,0.410511499294,-0.188005862054,-0.497255315383
5.5975,-0.132544515205,0.230117618362,0.505574318788,0.827667805876,-1.28088753339,0.28620989353,0.401617764749,-0.179500117514,-0.498731250366
5.59875,-0.131509616685,0.22851636871,0.505931691522,0.828164272261,-1.28110659101,0.285585555513,0.392732988837,-0.170989786136,-0.500211932535
5.6,-0.130474104524,0.226914851885,0.506288282677,0.828649638348,-1.28131500786,0.284959363698,0.383857405927,-0.162474911013,-0.50169729177
5.60125,-0.12943799259,0.22531308119,0.506644089931,0.829123915776,-1.28151277829,0.284331312283,0.374991247665,-0.153955533722,-0.503187258721
5.6025,-0.128401294735,0.223711069939,0.506999110958,0.829587116467,-1.28169989669,0.283701395551,0.36613474438,-0.145431696899,-0.504681764562
5.60375,-0.127364024798,0.222108831449,0.50735334342,0.830039252637,-1.28187635753,0.283069607872,0.357288126895,-0.136903446196,-0.506180739455
5.605,-0.126326196603,0.220506379045,0.507706784977,0.830480336785,-1.28204215531,0.282435943703,0.348451622483,-0.128370825411,-0.507684114359
5.60625,-0.125287823956,0.21890372606,0.50805943328,0.830910381693,-1.28219728459,0.281800397586,0.33962545815,-0.119833880211,-0.509191820413
5.6075,-0.124248920649,0.217300885834,0.508411285971,0.83132940043,-1.28234174001,0.281162964152,0.330809860699,-0.111292658312,-0.51070378828
5.60875,-0.123209500455,0.21569787171,0.50876234069,0.831737406345,-1.28247551624,0.280523638115,0.322005053508,-0.102747205335,-0.512219949837
5.61,-0.122169577133,0.214094697043,0.509112595067,0.832134413064,-1.28259860802,0.279882414277,0.313211260499,-0.0941975708201,-0.51374023609
5.61125,-0.121129164423,0.21249137519,0.509462046726,0.832520434496,-1.28271101016,0.279239287525,0.304428703581,-0.0856438041467,-0.515264578201
5.6125,-0.120088276047,0.210887919518,0.509810693285,0.832895484823,-1.28281271753,0.278594252832,0.295657601995,-0.0770859532963,-0.516792908411
5.61375,-0.119046925711,0.209284343397,0.510158532358,0.833259578501,-1.28290372505,0.277947305254,0.286898176196,-0.0685240707639,-0.518325158043
5.615,-0.118005127101,0.207680660205,0.510505561549,0.833612730263,-1.28298402771,0.277298439937,0.27815064422,-0.0599582073278,-0.519861258897
5.61625,-0.116962893885,0.206076883327,0.510851778458,0.833954955112,-1.28305362057,0.276647652107,0.269415221069,-0.05138841438,-0.521401143237
5.6175,-0.115920239713,0.204473026154,0.511197180679,0.834286268316,-1.28311249874,0.275994937078,0.260692122771,-0.0428147466607,-0.52294474292
5.61875,-0.114877178214,0.20286910208,0.5115417658,0.834606685418,-1.28316065743,0.27534029025,0.251981562849,-0.0342372563749,-0.524491990711
5.62,-0.113833722999,0.20126512451,0.511885531404,0.834916222223,-1.28319809188,0.274683707102,0.243283752934,-0.0256559982461,-0.526042818672
5.62125,-0.112789887659,0.199661106851,0.512228475068,0.835214894801,-1.28322479743,0.274025183203,0.234598905374,-0.0170710294526,-0.527597158918
5.6225,-0.111745685762,0.198057062516,0.512570594362,0.835502719487,-1.28324076946,0.273364714204,0.225927228402,-0.00848240425739,-0.529154945082
5.62375,-0.11070113086,0.196453004927,0.512911886854,0.835779712872,-1.28324600344,0.27270229584,0.217268929723,0.00010982026879,-0.530716109506
5.625,-0.10965623648,0.194848947508,0.513252350102,0.836045891811,-1.28324049491,0.272037923931,0.208624217123,0.00870558544648,-0.532280585014
5.62625,-0.10861101613,0.19324490369,0.513591981663,0.836301273415,-1.28322423948,0.271371594378,0.199993294623,0.0173048341594,-0.53384830544
5.6275,-0.107565483297,0.191640886909,0.513930779088,0.836545875047,-1.28319723282,0.270703303167,0.191376366752,0.0259075060001,-0.535419203356
5.62875,-0.106519651443,0.190036910608,0.514268739921,0.836779714331,-1.28315947071,0.270033046369,0.182773635834,0.0345135407883,-0.536993212199
5.63,-0.105473534011,0.188432988232,0.514605861704,0.837002809137,-1.28311094897,0.269360820137,0.174185301262,0.0431228796741,-0.538570266053
5.63125,-0.10442714442,0.186829133235,0.514942141972,0.837215177585,-1.28305166351,0.268686620704,0.165611563799,0.0517354596127,-0.540150298605
5.6325,-0.103380496067,0.185225359074,0.515277578256,0.837416838046,-1.28298161032,0.26801044439,0.15705262077,0.0603512183432,-0.541733243529
5.63375,-0.102333602325,0.18362167921,0.515612168083,0.837607809137,-1.28290078547,0.267332287595,0.148508667999,0.0689700940654,-0.543319034773
5.635,-0.101286476544,0.18201810711,0.515945908975,0.837788109716,-1.28280918509,0.266652146803,0.139979901718,0.0775920219098,-0.544907606729
5.63625,-0.100239132051,0.180414656247,0.51627879845,0.837957758891,-1.28270680541,0.265970018578,0.13146651367,0.0862169385414,-0.54649889413
5.6375,-0.0991915821467,0.178811340096,0.516610834021,0.838116776001,-1.28259364274,0.265285899568,0.122968696041,0.0948447783628,-0.548092831139
5.63875,-0.0981438401105,0.17720817214,0.516942013199,0.838265180631,-1.28246969346,0.264599786501,0.114486640459,0.103475474918,-0.549689352215
5.64,-0.0970959191951,0.175605165863,0.517272333487,0.838402992602,-1.28233495405,0.263911676187,0.106020534207,0.112108963464,-0.551288392819
5.64125,-0.096047832629,0.174002334755,0.517601792389,0.838530231966,-1.28218942106,0.263221565519,0.0975705651172,0.120745175025,-0.552889887581
5.6425,-0.0949995936152,0.17239969231,0.517930387401,0.838646919015,-1.28203309111,0.262529451468,0.0891369192118,0.129384041583,-0.554493771813
5.64375,-0.0939512153315,0.170797252027,0.518258116018,0.838753074264,-1.28186596095,0.261835331089,0.0807197798594,0.13802549642,-0.556099980963
5.645,-0.0929027109296,0.169195027408,0.518584975729,0.838848718464,-1.28168802737,0.261139201516,0.0723193311245,0.146669468211,-0.557708450412
5.64625,-0.0918540935353,0.167593031959,0.518910964021,0.838933872592,-1.28149928728,0.260441059963,0.0639357533431,0.155315887514,-0.559319116133
5.6475,-0.0908053762481,0.16599127919,0.519236078379,0.839008557848,-1.28129973766,0.259740903726,0.0555692254011,0.163964684964,-0.560931913753
5.64875,-0.0897565721407,0.164389782614,0.519560316281,0.839072795656,-1.28108937557,0.259038730179,0.047219927157,0.172615786909,-0.562546779304
5.65,-0.0887076942589,0.162788555751,0.519883675204,0.839126607665,-1.28086819819,0.258334536777,0.0388880338562,0.181269122513,-0.564163649176
5.65125,-0.0876587556215,0.161187612119,0.520206152623,0.83917001574,-1.28063620276,0.257628321056,0.0305737198744,0.189924620062,-0.565782459876
5.6525,-0.0866097692196,0.159586965244,0.520527746007,0.839203041965,-1.28039338664,0.256920080628,0.0222771602637,0.198582203984,-0.567403147886
5.65375,-0.0855607480166,0.157986628652,0.520848452824,0.839225708641,-1.28013974725,0.256209813186,0.013998526228,0.207241801604,-0.569025649793
5.655,-0.084511704948,0.156386615876,0.52116827054,0.839238038281,-1.27987528213,0.255497516503,0.00573798723735,0.215903338867,-0.570649902557
5.65625,-0.0834626529209,0.154786940447,0.521487196616,0.839240053609,-1.27959998891,0.25478318843,-0.00250428745403,0.224566738896,-0.572275843285
5.6575,-0.082413604814,0.153187615903,0.521805228511,0.839231777562,-1.27931386529,0.254066826895,-0.0107281306128,0.233231926933,-0.573903409725
5.65875,-0.081364573477,0.151588655784,0.522122363683,0.839213233283,-1.27901690909,0.253348429905,-0.0189333764936,0.241898825803,-0.575532539017
5.66,-0.0803155717308,0.149990073631,0.522438599586,0.839184444121,-1.27870911822,0.252627995547,-0.027119861447,0.250567357969,-0.577163168293
5.66125,-0.0792666123667,0.148391882988,0.522753933672,0.839145433629,-1.27839049069,0.251905521985,-0.0352874235176,0.259237447122,-0.578795236345
5.6625,-0.0782177081467,0.146794097404,0.523068363391,0.839096225562,-1.2780610246,0.251181007456,-0.0434359010157,0.267909013087,-0.580428681121
5.66375,-0.0771688718028,0.145196730427,0.52338188619,0.839036843877,-1.27772071816,0.250454450282,-0.0515651347641,0.276581977158,-0.582063439936
5.665,-0.076120116037,0.143599795608,0.523694499516,0.838967312725,-1.27736956966,0.249725848857,-0.0596749679119,0.285256260892,-0.583699451613
5.66625,-0.075071453521,0.142003306503,0.524006200812,0.838887656457,-1.27700757751,0.248995201653,-0.0677652438469,0.29393178238,-0.585336655308
5.6675,-0.0740228968959,0.140407276665,0.52431698752,0.838797899616,-1.27663474021,0.248262507218,-0.075835808093,0.302608462019,-0.586974989426
5.66875,-0.0729744587719,0.138811719652,0.52462685708,0.838698066936,-1.27625105635,0.247527764179,-0.0838865078961,0.311286218064,-0.588614392643
5.67,-0.0719261517285,0.137216649024,0.524935806931,0.838588183346,-1.27585652466,0.246790971237,-0.0919171916308,0.319964967486,-0.590254804251
5.67125,-0.0708779883136,0.13562207834,0.525243834509,0.838468273957,-1.27545114393,0.246052127169,-0.0999277101726,0.328644629451,-0.591896163871
5.6725,-0.0698299810436,0.134028021164,0.525550937249,0.83833836407,-1.27503491309,0.245311230827,-0.107917914556,0.337325119332,-0.593538410919
5.67375,-0.0687821424034,0.132434491058,0.525857112586,0.838198479171,-1.27460783114,0.244568281141,-0.115887658296,0.346006353416,-0.595181484926
5.675,-0.0677344848457,0.130841501586,0.526162357952,0.838048644925,-1.2741698972,0.243823277115,-0.123836797718,0.354688248981,-0.596825326113
5.67625,-0.0666870207911,0.129249066315,0.526466670778,0.837888887177,-1.27372111051,0.243076217826,-0.131765188188,0.363370719575,-0.598469874558
5.6775,-0.0656397626278,0.12765719881,0.526770048496,0.837719231954,-1.2732614704,0.242327102428,-0.139672687625,0.372053679985,-0.600115070108
5.67875,-0.0645927227112,0.126065912639,0.527072488534,0.837539705458,-1.27279097631,0.241575930151,-0.147559156763,0.380737045023,-0.60176085359
5.68,-0.0635459133641,0.124475221369,0.527373988322,0.837350334062,-1.27230962779,0.240822700294,-0.155424456393,0.389420727419,-0.603407166113
5.68125,-0.0624993468761,0.122885138569,0.527674545285,0.837151144317,-1.2718174245,0.240067412235,-0.163268449771,0.398104641019,-0.605053948277
5.6825,-0.0614530355033,0.121295677808,0.527974156852,0.836942162938,-1.27131436619,0.239310065424,-0.171091001596,0.406788698337,-0.606701141112
5.68375,-0.0604069914687,0.119706852654,0.528272820449,0.836723416813,-1.27080045275,0.238550659383,-0.178891977085,0.415472809936,-0.608348685546
5.685,-0.0593612269613,0.118118676676,0.528570533501,0.836494932995,-1.27027568416,0.23778919371,-0.186671244815,0.424156888562,-0.609996523508
5.68625,-0.0583157541362,0.116531163443,0.528867293433,0.836256738701,-1.26974006053,0.237025668074,-0.194428673895,0.43284084519,-0.611644597268
5.6875,-0.0572705851145,0.114944326525,0.529163097671,0.83600886131,-1.26919358205,0.236260082217,-0.202164134404,0.441524589263,-0.613292847834
5.68875,-0.0562257319829,0.113358179488,0.529457943639,0.835751328365,-1.26863624905,0.235492435954,-0.20987750021,0.450208032279,-0.61494121727
5.69,-0.0551812067936,0.111772735902,0.529751828761,0.83548416756,-1.26806806197,0.234722729173,-0.217568644121,0.458891082499,-0.616589648428
5.69125,-0.054137021564,0.110188009333,0.530044750462,0.835207406754,-1.26748902135,0.233950961833,-0.225237441107,0.467573648703,-0.618238083598
5.6925,-0.0530931882767,0.108604013349,0.530336706165,0.834921073957,-1.26689912785,0.233177133964,-0.232883770236,0.476255640973,-0.619886465597
5.69375,-0.0520497188792,0.107020761514,0.530627693296,0.834625197329,-1.26629838225,0.232401245669,-0.240507509042,0.484936965995,-0.621534737206
5.695,-0.0510066252834,0.105438267393,0.530917709279,0.834319805185,-1.26568678543,0.231623297121,-0.248108537329,0.493617531663,-0.623182841298
5.69625,-0.0499639193662,0.10385654455,0.531206751539,0.834004925985,-1.26506433842,0.230843288566,-0.255686737785,0.502297245757,-0.624830721699
5.6975,-0.0489216129685,0.102275606547,0.531494817501,0.83368058834,-1.26443104232,0.230061220317,-0.263241992874,0.510976013822,-0.626478321703
5.69875,-0.0478797178953,0.100695466944,0.53178190459,0.833346821003,-1.26378689838,0.229277092762,-0.270774188198,0.519653743322,-0.628125584797
5.7,-0.0468382459159,0.099116139301,0.532068010233,0.83300365287,-1.26313190796,0.228490906355,-0.278283210473,0.528330339941,-0.629772455409
5.70125,-0.0457972087632,0.0975376371744,0.532353131856,0.832651112977,-1.26246607253,0.227702661623,-0.285768946722,0.537005708171,-0.631418877424
5.7025,-0.0447566181335,0.0959599741197,0.532637266887,0.832289230503,-1.26178939369,0.226912359162,-0.293231287475,0.54567975404,-0.633064794999
5.70375,-0.0437164856869,0.0943831636902,0.532920412754,0.831918034758,-1.26110187315,0.226119999636,-0.300670123065,0.554352381061,-0.634710153054
5.705,-0.0426768230466,0.0928072194368,0.533202566886,0.831537555195,-1.26040351274,0.225325583779,-0.308085345752,0.563023493962,-0.636354896096
5.70625,-0.0416376417989,0.0912321549083,0.533483726713,0.831147821394,-1.25969431441,0.224529112395,-0.31547685116,0.571692997764,-0.637998969137
5.7075,-0.0405989534931,0.0896579836508,0.533763889667,0.830748863067,-1.25897428024,0.223730586356,-0.322844533602,0.580360793836,-0.639642317651
5.70875,-0.0395607696413,0.0880847192077,0.534043053179,0.83034071006,-1.25824341243,0.222930006601,-0.330188290352,0.58902678546,-0.641284886785
5.71,-0.038523101718,0.0865123751197,0.534321214683,0.829923392341,-1.25750171328,0.222127374139,-0.337508021577,0.597690876526,-0.642926621981
5.71125,-0.0374859611604,0.0849409649245,0.534598371614,0.829496940006,-1.25674918524,0.221322690046,-0.344803625769,0.606352967873,-0.644567469226
5.7125,-0.036449359368,0.0833705021567,0.534874521409,0.829061383277,-1.25598583086,0.220515955466,-0.352075004801,0.615012962231,-0.646207374689
5.71375,-0.0354133077022,0.0818010003474,0.535149661503,0.828616752494,-1.25521165283,0.21970717161,-0.359322063196,0.623670761328,-0.647846284323
5.715,-0.0343778174867,0.0802324730246,0.535423789338,0.828163078119,-1.25442665396,0.218896339755,-0.366544704396,0.632326264734,-0.649484144583
5.71625,-0.0333429000069,0.0786649337125,0.535696902353,0.827700390733,-1.25363083717,0.218083461248,-0.373742835247,0.640979374857,-0.65112090266
5.7175,-0.0323085665099,0.0770983959317,0.535968997991,0.827228721031,-1.25282420552,0.217268537499,-0.38091636365,0.649629991934,-0.652756505099
5.71875,-0.0312748282043,0.0755328731987,0.536240073696,0.826748099824,-1.25200676219,0.216451569985,-0.388065197871,0.658278014889,-0.654390898365
5.72,-0.0302416962603,0.0739683790262,0.536510126916,0.826258558036,-1.25117851048,0.215632560253,-0.395189249726,0.666923344923,-0.656024030479
5.72125,-0.0292091818092,0.0724049269225,0.536779155097,0.8257601267,-1.25033945383,0.214811509909,-0.402288430575,0.67556588057,-0.657655848863
5.7225,-0.0281772959436,0.0708425303916,0.53704715569,0.82525283696,-1.24948959578,0.213988420631,-0.409362653712,0.684205520861,-0.659286300913
5.72375,-0.0271460497168,0.069281202933,0.537314126149,0.824736720065,-1.24862894002,0.213163294157,-0.416411835904,0.692842166181,-0.660915335106
5.725,-0.0261154541434,0.0677209580416,0.537580063926,0.82421180737,-1.24775749037,0.212336132293,-0.423435892242,0.70147571318,-0.662542899101
5.72625,-0.0250855201984,0.0661618092071,0.537844966479,0.823678130335,-1.24687525074,0.211506936909,-0.430434740356,0.71010606014,-0.664168941148
5.7275,-0.0240562588176,0.0646037699147,0.538108831268,0.823135720519,-1.24598222522,0.21067570994,-0.437408301092,0.718733106558,-0.665793410224
5.72875,-0.0230276808971,0.0630468536441,0.538371655754,0.822584609582,-1.24507841798,0.209842453384,-0.444356494259,0.727356748803,-0.667416254953
5.73,-0.0219997972936,0.0614910738698,0.538633437402,0.822024829283,-1.24416383334,0.209007169303,-0.451279242764,0.735976884843,-0.669037424359
5.73125,-0.0209726188239,0.0599364440607,0.538894173677,0.821456411475,-1.24323847576,0.208169859823,-0.458176470478,0.74459341157,-0.670656867726
5.7325,-0.0199461562649,0.0583829776804,0.539153862051,0.820879388107,-1.24230234981,0.207330527133,-0.465048101549,0.75320622514,-0.672274534395
5.73375,-0.0189204203536,0.0568306881862,0.539412499995,0.820293791221,-1.2413554602,0.206489173487,-0.471894063605,0.761815223633,-0.67389037381
5.735,-0.0178954217869,0.0552795890299,0.539670084985,0.819699652948,-1.24039781176,0.205645801199,-0.478714284097,0.770420301885,-0.675504335902
5.73625,-0.0168711712213,0.0537296936568,0.539926614498,0.819097005511,-1.23942940945,0.204800412647,-0.485508692236,0.779021356151,-0.67711637098
5.7375,-0.0158476792731,0.0521810155062,0.540182086016,0.818485881218,-1.23845025836,0.203953010271,-0.492277219815,0.787618283871,-0.678726429339
5.73875,-0.0148249565182,0.0506335680109,0.540436497024,0.817866312461,-1.23746036374,0.203103596574,-0.499019798132,0.796210978645,-0.680334461344
5.74,-0.013803013492,0.0490873645969,0.540689845008,0.817238331722,-1.23645973092,0.202252174118,-0.505736360798,0.804799336507,-0.681940417349
5.74125,-0.0127818606889,0.0475424186836,0.540942127459,0.816601971559,-1.23544836539,0.20139874553,-0.512426843225,0.813383253619,-0.68354424875
5.7425,-0.0117615085631,0.0459987436834,0.541193341872,0.815957264614,-1.23442627278,0.200543313496,-0.519091181106,0.821962623013,-0.685145906937
5.74375,-0.0107419675274,0.0444563530016,0.541443485743,0.815304243607,-1.23339345884,0.199685880763,-0.525729312875,0.830537340806,-0.686745342659
5.745,-0.00972324795404,0.0429152600363,0.541692556574,0.814642941332,-1.23234992943,0.198826450139,-0.532341177148,0.839107301758,-0.688342507544
5.74625,-0.00870536017406,0.0413754781781,0.541940551868,0.813973390664,-1.23129569058,0.197965024494,-0.538926713611,0.84767239844,-0.689937353684
5.7475,-0.00768831447738,0.0398370208099,0.542187469135,0.813295624548,-1.23023074844,0.197101606755,-0.545485865428,0.856232527052,-0.691529833091
5.74875,-0.00667212111269,0.038299901307,0.542433305885,0.812609676,-1.22915510927,0.196236199911,-0.552018575162,0.864787580962,-0.693119897869
5.75,-0.00565679028738,0.0367641330367,0.542678059635,0.81191557811,-1.22806877948,0.195368807011,-0.558524786394,0.873337452593,-0.69470750052
5.75125,-0.00464233216742,0.0352297293583,0.542921727903,0.811213364034,-1.22697176563,0.19449943116,-0.565004445763,0.881882037402,-0.696292593488
5.7525,-0.00362875687729,0.0336967036226,0.543164308213,0.810503066996,-1.22586407439,0.193628075527,-0.571457500014,0.890421227811,-0.69787512956
5.75375,-0.00261607449993,0.0321650691723,0.543405798091,0.809784720284,-1.22474571256,0.192754743336,-0.57788389757,0.898954917084,-0.699455062375
5.755,-0.00160429507658,0.0306348393412,0.543646195071,0.809058357252,-1.2236166871,0.191879437871,-0.584283588276,0.907482999427,-0.701032345012
5.75625,-0.000593428606796,0.0291060274545,0.543885496686,0.808324011314,-1.22247700507,0.191002162474,-0.590656522155,0.916005366353,-0.702606930554
5.7575,0.000416514951703,0.0275786468285,0.544123700477,0.807581715946,-1.22132667368,0.190122920545,-0.597002652283,0.924521911227,-0.704178773151
5.75875,0.00142552568307,0.0260527107703,0.544360803988,0.806831504683,-1.22016570029,0.189241715541,-0.60332193251,0.933032527644,-0.705747826885
5.76,0.00243359371341,0.0245282325778,0.544596804766,0.806073411115,-1.21899409236,0.188358550977,-0.609614316439,0.941537106836,-0.707314045417
5.76125,0.00344070921086,0.0230052255394,0.544831700365,0.805307468892,-1.21781185752,0.187473430427,-0.615879761084,0.95003554208,-0.708877383192
5.7625,0.00444686238564,0.021483702934,0.545065488342,0.804533711712,-1.21661900351,0.186586357519,-0.622118223631,0.958527725997,-0.710437795203
5.76375,0.00545204349014,0.0199636780307,0.545298166259,0.803752173333,-1.21541553821,0.185697335939,-0.628329661695,0.967013549941,-0.711995236225
5.765,0.00645624281897,0.0184451640885,0.545529731682,0.802962887558,-1.21420146963,0.184806369429,-0.63451403684,0.975492907068,-0.713549661054
5.76625,0.00745945070903,0.0169281743566,0.545760182182,0.802165888241,-1.21297680594,0.183913461787,-0.640671308993,0.983965688418,-0.715101024605
5.7675,0.00846165753957,0.0154127220737,0.545989515336,0.801361209286,-1.21174155541,0.183018616867,-0.646801439394,0.992431786031,-0.71664928289
5.76875,0.00946285373225,0.0138988204681,0.546217728724,0.800548884642,-1.21049572647,0.182121838579,-0.652904393348,1.00089109292,-0.718194391618
5.77,0.0104630297512,0.0123864827575,0.546444819933,0.799728948302,-1.20923932768,0.181223130888,-0.658980134702,1.00934349956,-0.719736306075
5.77125,0.011462176103,0.0108757221489,0.546670786552,0.798901434305,-1.20797236772,0.180322497814,-0.665028629385,1.01778889825,-0.721274982868
5.7725,0.0124602833369,0.00936655183816,0.546895626177,0.798066376729,-1.20669485543,0.179419943431,-0.671049844889,1.02622718131,-0.72281037809
5.77375,0.0134573420448,0.00785898501027,0.54711933641,0.797223809693,-1.20540679977,0.178515471869,-0.677043748432,1.03465823858,-0.724342448234
5.775,0.0144533428612,0.00635303483874,0.547341914857,0.796373767358,-1.20410820984,0.17760908731,-0.683010310525,1.04308196278,-0.725871150325
5.77625,0.0154482764632,0.00484871448568,0.547563359129,0.795516283917,-1.20279909486,0.176700793993,-0.688949501786,1.05149824595,-0.727396440959
5.7775,0.016442133571,0.00334603710158,0.547783666842,0.794651393603,-1.20147946422,0.175790596208,-0.69486129292,1.05990697764,-0.728918277332
5.77875,0.0174349049472,0.00184501582512,0.548002835619,0.793779130684,-1.20014932742,0.1748784983,-0.700745657867,1.06830805067,-0.730436617084
5.78,0.0184265813977,0.000345663783028,0.548220863088,0.792899529459,-1.1988086941,0.173964504665,-0.706602570618,1.0767013566,-0.731951417606
5.78125,0.0194171537709,-0.00115200591012,0.548437746881,0.792012624258,-1.19745757403,0.173048619756,-0.712432005662,1.0850867855,-0.733462636606
5.7825,0.0204066129583,-0.00264798015204,0.548653484637,0.791118449444,-1.19609597713,0.172130848074,-0.718233940381,1.0934642297,-0.734970232577
5.78375,0.0213949498945,-0.00414224585295,0.548868074001,0.790217039407,-1.19472391345,0.171211194174,-0.724008351754,1.10183358008,-0.736474163239
5.785,0.0223821555568,-0.00563478993568,0.549081512622,0.789308428565,-1.19334139318,0.170289662666,-0.729755217996,1.11019472765,-0.737974386937
5.78625,0.0233682209659,-0.0071255993359,0.549293798158,0.788392651362,-1.19194842663,0.169366258207,-0.735474519657,1.11854756429,-0.739470862868
5.7875,0.0243531371852,-0.00861466100226,0.549504928268,0.787469742266,-1.19054502427,0.168440985509,-0.741166236752,1.1268919802,-0.74096354956
5.78875,0.0253368953216,-0.0101019618966,0.549714900621,0.78653973577,-1.18913119668,0.167513849333,-0.746830351369,1.1352278677,-0.742452406087
5.79,0.0263194865247,-0.011587488994,0.549923712891,0.785602666387,-1.1877069546,0.166584854493,-0.752466847059,1.14355511807,-0.743937391826
5.79125,0.0273009019875,-0.0130712292831,0.550131362758,0.784658568652,-1.18627230889,0.165654005853,-0.758075707137,1.15187362105,-0.745418466442
5.7925,0.0282811329463,-0.0145531697662,0.550337847906,0.78370747712,-1.18482727055,0.164721308327,-0.763656917359,1.16018326968,-0.746895589293
5.79375,0.0292601706803,-0.0160332974595,0.550543166028,0.782749426359,-1.18337185071,0.16378676688,-0.769210463463,1.1684839548,-0.748368720281
5.795,0.0302380065122,-0.017511599393,0.550747314823,0.781784450961,-1.18190606066,0.162850386527,-0.774736332088,1.17677556648,-0.749837819956
5.79625,0.0312146318077,-0.0189880626111,0.550950291995,0.780812585529,-1.1804299118,0.16191217233,-0.780234513269,1.185057998,-0.751302848323
5.7975,0.032190037976,-0.0204626741725,0.551152095254,0.779833864678,-1.17894341567,0.160972129406,-0.785704994929,1.19333113976,-0.752763766104
5.79875,0.0331642164694,-0.0219354211503,0.551352722318,0.778848323042,-1.17744658395,0.160030262915,-0.791147767031,1.20159488226,-0.754220533997
5.8,0.0341371587836,-0.0234062906324,0.551552170911,0.77785599526,-1.17593942846,0.159086578071,-0.796562822781,1.20984911898,-0.755673113019
5.80125,0.0351088564576,-0.0248752697214,0.551750438763,0.776856915985,-1.17442196115,0.158141080133,-0.801950152716,1.21809374027,-0.757121464153
5.8025,0.0360793010736,-0.0263423455352,0.551947523612,0.775851119878,-1.17289419411,0.15719377441,-0.807309750496,1.22632863705,-0.758565548949
5.80375,0.0370484842573,-0.0278075052067,0.552143423199,0.774838641608,-1.17135613956,0.15624466626,-0.81264161182,1.23455370207,-0.760005329244
5.805,0.0380163976776,-0.0292707358841,0.552338135277,0.773819515849,-1.16980780986,0.155293761087,-0.817945730315,1.24276882668,-0.761440766348
5.80625,0.0389830330469,-0.0307320247313,0.552531657602,0.772793777283,-1.16824921749,0.154341064344,-0.82322210314,1.250973903,-0.762871822644
5.8075,0.0399483821208,-0.0321913589279,0.552723987938,0.771761460591,-1.1666803751,0.153386581531,-0.828470728145,1.25916882258,-0.764298460399
5.80875,0.0409124366984,-0.0336487256691,0.552915124056,0.770722600462,-1.16510129544,0.152430318193,-0.833691602014,1.2673534762,-0.76572064163
5.81,0.041875188622,-0.0351041121665,0.553105063734,0.769677231586,-1.16351199141,0.151472279927,-0.83888472538,1.27552775731,-0.767138329183
5.81125,0.0428366297773,-0.0365575056476,0.553293804756,0.768625388649,-1.16191247604,0.15051247237,-0.844050098149,1.28369155833,-0.768551486215
5.8125,0.0437967520936,-0.0380088933566,0.553481344915,0.767567106341,-1.16030276251,0.149550901211,-0.8491877205,1.2918447696,-0.769960075456
5.81375,0.0447555475432,-0.0394582625539,0.553667682009,0.766502419347,-1.15868286412,0.148587572182,-0.854297595832,1.29998728499,-0.771364060222
5.815,0.045713008142,-0.0409056005169,0.553852813845,0.765431362351,-1.1570527943,0.14762249106,-0.85937972585,1.30811899607,-0.772763404029
5.81625,0.0466691259491,-0.0423508945396,0.554036738236,0.764353970033,-1.15541256663,0.146655663672,-0.864434114475,1.31623979463,-0.774158070306
5.8175,0.047623893067,-0.0437941319334,0.554219453004,0.763270277065,-1.15376219481,0.145687095885,-0.869460767811,1.32434957542,-0.775548023125
5.81875,0.0485773016417,-0.0452353000267,0.554400955976,0.762180318113,-1.15210169269,0.144716793614,-0.874459690186,1.33244822899,-0.7769332267
5.82,0.0495293438623,-0.0466743861652,0.554581244988,0.761084127839,-1.15043107424,0.143744762818,-0.87943088836,1.34053564815,-0.778313645299
5.82125,0.0504800119613,-0.0481113777123,0.554760317883,0.759981740892,-1.14875035357,0.142771009501,-0.884374370466,1.34861172745,-0.779689243291
5.8225,0.0514292982146,-0.0495462620491,0.554938172512,0.758873191913,-1.14705954492,0.14179553971,-0.889290143571,1.3566763583,-0.781059985138
5.82375,0.0523771949411,-0.0509790265746,0.555114806733,0.757758515533,-1.14535866267,0.140818359538,-0.89417821769,1.36472943436,-0.782425835962
5.825,0.0533236945034,-0.0524096587058,0.555290218411,0.756637746369,-1.14364772134,0.13983947512,-0.899038603134,1.37277084912,-0.783786761088
5.82625,0.054268789307,-0.0538381458779,0.55546440542,0.755510919026,-1.14192673555,0.138858892635,-0.903871309676,1.38080049526,-0.785142725397
5.8275,0.055212471801,-0.0552644755446,0.555637365642,0.754378068095,-1.1401957201,0.137876618306,-0.908676350023,1.38881826745,-0.786493694579
5.82875,0.0561547344773,-0.0566886351782,0.555809096966,0.753239228151,-1.13845468988,0.136892658399,-0.913453736331,1.39682405804,-0.787839634506
5.83,0.0570955698713,-0.0581106122693,0.555979597288,0.752094433754,-1.13670365995,0.13590701922,-0.918203481284,1.40481776054,-0.789180510822
5.83125,0.0580349705617,-0.059530394328,0.556148864514,0.750943719447,-1.13494264548,0.134919707122,-0.922925600194,1.41279927091,-0.790516289703
5.8325,0.0589729291699,-0.0609479688831,0.556316896556,0.749787119753,-1.13317166178,0.133930728496,-0.927620107731,1.42076848165,-0.791846937466
5.83375,0.059909438361,-0.0623633234825,0.556483691335,0.748624669178,-1.13139072428,0.132940089778,-0.932287019352,1.42872528636,-0.793172420572
5.835,0.0608444908429,-0.0637764456937,0.556649246781,0.747456402205,-1.12959984856,0.131947797444,-0.936926351508,1.4366695808,-0.794492706075
5.83625,0.0617780793666,-0.0651873231039,0.556813560829,0.746282353299,-1.12779905033,0.130953858013,-0.941538121459,1.44460125894,-0.795807760721
5.8375,0.0627101967261,-0.0665959433196,0.556976631426,0.745102556901,-1.12598834541,0.129958278043,-0.946122348537,1.45252021548,-0.797117550849
5.83875,0.0636408357588,-0.0680022939674,0.557138456524,0.743917047428,-1.12416774979,0.128961064136,-0.950679050824,1.46042634494,-0.798422044488
5.84,0.0645699893447,-0.069406362694,0.557299034086,0.742725859274,-1.12233727955,0.127962222931,-0.955208247076,1.46831954199,-0.799721209705
5.84125,0.065497650407,-0.0708081371663,0.557458362081,0.74152902681,-1.12049695093,0.126961761111,-0.959709959005,1.47619970283,-0.801015013349
5.8425,0.0664238119117,-0.0722076050714,0.557616438489,0.740326584377,-1.11864678029,0.125959685398,-0.964184207818,1.4840667223,-0.802303423291
5.84375,0.0673484668679,-0.073604754117,0.557773261295,0.739118566291,-1.11678678413,0.124956002553,-0.96863101426,1.49192049486,-0.803586407847
5.845,0.0682716083275,-0.0749995720317,0.557928828495,0.737905006841,-1.11491697906,0.123950719378,-0.973050401816,1.49976091736,-0.804863935241
5.84625,0.069193229385,-0.0763920465646,0.558083138093,0.736685940286,-1.11303738183,0.122943842715,-0.97744239394,1.50758788527,-0.80613597413
5.8475,0.0701133231782,-0.0777821654862,0.558236188102,0.735461400856,-1.11114800934,0.121935379443,-0.981807014141,1.51540129412,-0.807402493365
5.84875,0.0710318828872,-0.079169916588,0.558387976542,0.734231422751,-1.1092488786,0.120925336482,-0.986144287968,1.52320104122,-0.808663461555
5.85,0.0719489017351,-0.0805552876827,0.558538501443,0.732996040136,-1.10734000674,0.119913720789,-0.990454239978,1.53098702137,-0.809918847346
5.85125,0.0728643729875,-0.0819382666048,0.558687760844,0.731755287151,-1.10542141104,0.118900539363,-0.994736896696,1.53875913126,-0.811168620544
5.8525,0.0737782899529,-0.0833188412103,0.558835752792,0.730509197895,-1.10349310891,0.117885799238,-0.998992285692,1.54651726889,-0.812412750747
5.85375,0.0746906459823,-0.0846969993771,0.558982475342,0.729257806437,-1.10155511787,0.116869507486,-1.00322043327,1.5542613299,-0.813651207295
5.855,0.075601434469,-0.086072729005,0.55912792656,0.728001146812,-1.09960745559,0.11585167122,-1.00742136827,1.56199121163,-0.814883960186
5.85625,0.0765106488493,-0.0874460180161,0.55927210452,0.726739253016,-1.09765013984,0.114832297586,-1.01159511989,1.56970681148,-0.81611097927
5.8575,0.0774182826016,-0.0888168543546,0.559415007304,0.725472159012,-1.09568318856,0.113811393771,-1.01574171687,1.57740802672,-0.81733223459
5.85875,0.0783243292468,-0.0901852259875,0.559556633005,0.724199898724,-1.09370661978,0.112788966999,-1.01986119016,1.58509475527,-0.818547697065
5.86,0.0792287823484,-0.0915511209041,0.559696979722,0.722922506036,-1.09172045167,0.111765024529,-1.02395357004,1.59276689379,-0.819757337228
5.86125,0.0801316355119,-0.0929145271166,0.559836045566,0.721640014799,-1.08972470254,0.110739573656,-1.02801888765,1.600424341,-0.820961125703
5.8625,0.0810328823854,-0.0942754326604,0.559973828656,0.720352458817,-1.08771939082,0.109712621714,-1.03205717643,1.60806699634,-0.822159033703
5.86375,0.0819325166589,-0.0956338255937,0.56011032712,0.719059871858,-1.08570453505,0.108684176072,-1.0360684675,1.61569475639,-0.823351032
5.865,0.082830532065,-0.096989693998,0.560245539096,0.717762287649,-1.08368015393,0.107654244134,-1.04005279461,1.62330751986,-0.824537092206
5.86625,0.0837269223781,-0.0983430259785,0.56037946273,0.716459739871,-1.08164626625,0.106622833342,-1.04401019275,1.63090518616,-0.825717186047
5.8675,0.0846216814147,-0.0996938096637,0.560512096179,0.715152262167,-1.07960289096,0.105589951169,-1.04794069447,1.6384876533,-0.826891284953
5.86875,0.0855148030335,-0.101042033206,0.560643437608,0.713839888135,-1.07755004712,0.104555605129,-1.05184433633,1.64605482207,-0.828059361186
5.87,0.086406281135,-0.102387684781,0.560773485192,0.712522651326,-1.07548775391,0.103519802766,-1.05572115394,1.653606591,-0.829221386675
5.87125,0.0872961096618,-0.103730752591,0.560902237115,0.71120058525,-1.07341603064,0.102482551662,-1.05957118229,1.66114285809,-0.830377333602
5.8725,0.0881842825982,-0.105071224858,0.561029691571,0.70987372337,-1.07133489676,0.101443859432,-1.06339445968,1.66866352507,-0.831527174921
5.87375,0.0890707939702,-0.106409089833,0.561155846764,0.708542099101,-1.06924437183,0.100403733725,-1.0671910231,1.67616849164,-0.832670882972
5.875,0.0899556378459,-0.107744335788,0.561280700906,0.707205745812,-1.06714447553,0.099362182225,-1.07096090999,1.68365765707,-0.833808430423
5.87625,0.0908388083348,-0.109076951021,0.561404252219,0.705864696826,-1.06503522768,0.0983192126491,-1.07470415901,1.69113092214,-0.834939790684
5.8775,0.091720299588,-0.110406923857,0.561526498937,0.704518985415,-1.06291664823,0.0972748327482,-1.07842080898,1.69858818704,-0.836064936982
5.87875,0.0926001057983,-0.111734242642,0.561647439301,0.703168644803,-1.06078875722,0.0962290503066,-1.08211090016,1.70602935316,-0.837183842748
5.88,0.0934782212,-0.11305889575,0.561767071563,0.701813708164,-1.05865157484,0.0951818731414,-1.08577447246,1.71345432133,-0.838296481595
5.88125,0.0943546400687,-0.114380871579,0.561885393984,0.700454208622,-1.05650512141,0.0941333091027,-1.08941156562,1.72086299144,-0.83940282683
5.8825,0.0952293567215,-0.115700158553,0.562002404836,0.69909017925,-1.05434941736,0.0930833660743,-1.09302222154,1.72825526607,-0.840502852827
5.88375,0.0961023655168,-0.117016745122,0.562118102399,0.697721653068,-1.05218448325,0.0920320519706,-1.09660648188,1.735631047,-0.841596534065
5.885,0.0969736608542,-0.118330619762,0.562232484966,0.696348663046,-1.05001033975,0.0909793747391,-1.10016438831,1.74299023443,-0.84268384428
5.88625,0.0978432371744,-0.119641770972,0.562345550836,0.694971242098,-1.04782700766,0.0899253423599,-1.103695984,1.75033273158,-0.843764758349
5.8875,0.0987110889595,-0.120950187281,0.562457298322,0.693589423086,-1.04563450792,0.0888699628433,-1.10720131148,1.75765844058,-0.844839250965
5.88875,0.0995772107322,-0.122255857242,0.562567725743,0.692203238819,-1.04343286156,0.0878132442325,-1.11068041455,1.76496726287,-0.845907296685
5.89,0.100441597056,-0.123558769435,0.562676831432,0.690812722049,-1.04122208976,0.0867551946016,-1.11413333765,1.77225910186,-0.846968871076
5.89125,0.101304242537,-0.124858912466,0.56278461373,0.689417905475,-1.03900221381,0.0856958220548,-1.11756012449,1.77953385922,-0.848023948913
5.8925,0.10216514182,-0.126156274969,0.562891070987,0.688018821738,-1.03677325511,0.0846351347293,-1.12096082056,1.78679143819,-0.849072505389
5.89375,0.103024289592,-0.127450845604,0.562996201567,0.686615503423,-1.03453523521,0.0835731407913,-1.1243354719,1.79403174318,-0.850114517095
5.895,0.103881680579,-0.128742613057,0.563100003839,0.685207983058,-1.03228817575,0.0825098484365,-1.12768412362,1.80125467593,-0.851149959249
5.89625,0.104737309549,-0.130031566043,0.563202476188,0.683796293114,-1.03003209852,0.0814452658932,-1.13100682189,1.80846014025,-0.852178807225
5.8975,0.105591171312,-0.131317693303,0.563303617004,0.682380466004,-1.0277670254,0.0803794014185,-1.13430361377,1.8156480402,-0.853201038012
5.89875,0.106443260714,-0.132600983607,0.563403424691,0.68096053408,-1.02549297842,0.0793122632982,-1.13757454651,1.82281827883,-0.854216627579
5.9,0.107293572647,-0.133881425749,0.563501897662,0.679536529637,-1.02320997971,0.0782438598495,-1.14081966825,1.82997076158,-0.855225552163
5.90125,0.108142102038,-0.135159008556,0.563599034341,0.678108484909,-1.02091805152,0.0771741994178,-1.14403902633,1.83710539189,-0.856227788791
5.9025,0.108988843859,-0.136433720878,0.563694833161,0.676676432072,-1.01861721623,0.0761032903775,-1.14723266875,1.84422207341,-0.857223314176
5.90375,0.109833793119,-0.137705551597,0.563789292567,0.675240403238,-1.01630749633,0.0750311411323,-1.15040064554,1.85132071234,-0.858212105254
5.905,0.110676944867,-0.138974489619,0.563882411014,0.673800430458,-1.01398891445,0.0739577601144,-1.15354300555,1.85840121258,-0.859194139207
5.90625,0.111518294195,-0.140240523883,0.563974186967,0.672356545724,-1.0116614933,0.0728831557843,-1.15665979804,1.86546347888,-0.860169393468
5.9075,0.112357836231,-0.141503643352,0.564064618903,0.670908780963,-1.00932525575,0.0718073366307,-1.15975107397,1.87250741775,-0.861137845311
5.90875,0.113195566147,-0.142763837022,0.564153705309,0.669457168039,-1.00698022476,0.070730311171,-1.16281688248,1.87953293291,-0.862099472681
5.91,0.114031479152,-0.144021093914,0.564241444681,0.668001738756,-1.00462642342,0.069652087949,-1.16585727437,1.88653992992,-0.863054253353
5.91125,0.114865570494,-0.145275403081,0.564327835529,0.666542524853,-1.00226387493,0.0685726755376,-1.16887230244,1.8935283163,-0.864002165394
5.9125,0.115697835464,-0.146526753602,0.56441287637,0.665079558,-0.999892602626,0.0674920825356,-1.17186201728,1.90049799656,-0.864943187253
5.91375,0.116528269389,-0.147775134587,0.564496565735,0.66361286981,-0.997512629941,0.0664103175695,-1.17482647047,1.90744887654,-0.865877296565
5.915,0.117356867638,-0.149020535176,0.564578902164,0.662142491824,-0.995123980434,0.0653273892941,-1.17776571449,1.9143808635,-0.866804472287
5.91625,0.118183625619,-0.150262944538,0.564659884208,0.660668455523,-0.992726677782,0.0642433063888,-1.18067980156,1.92129386285,-0.867724693648
5.9175,0.119008538777,-0.151502351871,0.56473951043,0.65919079232,-0.990320745777,0.06315807756,-1.18356878536,1.92818778171,-0.868637938959
5.91875,0.119831602599,-0.152738746403,0.564817779402,0.65770953356,-0.987906208328,0.0620717115414,-1.18643271923,1.93506252739,-0.869544187037
5.92,0.120652812611,-0.153972117392,0.564894689709,0.656224710522,-0.985483089459,0.0609842170924,-1.18927165576,1.94191800549,-0.870443417557
5.92125,0.121472164376,-0.155202454126,0.564970239945,0.654736354421,-0.983051413314,0.0598956029975,-1.19208564938,1.94875412372,-0.871335610043
5.9225,0.122289653497,-0.156429745925,0.565044428716,0.653244496399,-0.98061120415,0.0588058780673,-1.19487475496,1.95557078961,-0.872220743611
5.92375,0.123105275617,-0.157653982137,0.56511725464,0.651749167533,-0.97816248634,0.0577150511385,-1.19763902589,1.96236790984,-0.87309879799
5.925,0.123919026416,-0.158875152141,0.565188716344,0.650250398834,-0.975705284375,0.0566231310723,-1.20037851774,1.96914539295,-0.873969753331
5.92625,0.124730901614,-0.160093245348,0.565258812468,0.648748221239,-0.973239622858,0.0555301267551,-1.20309328592,1.97590314581,-0.87483358966
5.9275,0.125540896969,-0.161308251198,0.565327541661,0.647242665619,-0.97076552651,0.0544360470982,-1.20578338551,1.98264107638,-0.875690287023
5.92875,0.126349008278,-0.162520159164,0.565394902585,0.645733762775,-0.968283020167,0.0533409010376,-1.20844887255,1.98935909349,-0.876539825674
5.93,0.127155231376,-0.163728958748,0.565460893914,0.644221543438,-0.965792128777,0.052244697534,-1.21108980187,1.9960571036,-0.877382186377
5.93125,0.127959562136,-0.164934639486,0.565525514329,0.64270603827,-0.963292877408,0.0511474455716,-1.21370623132,2.00273501644,-0.878217349952
5.9325,0.128761996471,-0.166137190942,0.565588762527,0.64118727786,-0.960785291236,0.0500491541591,-1.21629821777,2.00939274091,-0.879045297188
5.93375,0.129562530331,-0.167336602714,0.565650637215,0.639665292726,-0.958269395555,0.0489498323287,-1.21886581619,2.0160301835,-0.879866008995
5.935,0.130361159703,-0.168532864431,0.565711137108,0.638140113319,-0.955745215777,0.0478494891366,-1.221409085,2.0226472541,-0.880679466172
5.93625,0.131157880614,-0.169725965753,0.565770260937,0.636611770013,-0.95321277742,0.0467481336632,-1.22392808178,2.0292438622,-0.881485650689
5.9375,0.131952689128,-0.170915896374,0.565828007442,0.635080293115,-0.950672106121,0.0456457750099,-1.22642286344,2.03581991566,-0.882284544014
5.93875,0.132745581347,-0.172102646019,0.565884375375,0.633545712855,-0.948123227631,0.0445424223032,-1.22889348886,2.04237532442,-0.883076127479
5.94,0.13353655341,-0.173286204443,0.565939363498,0.632008059392,-0.94556616781,0.0434380846912,-1.23134001557,2.04890999737,-0.883860383396
5.94125,0.134325601496,-0.174466561438,0.565992970587,0.630467362816,-0.943000952638,0.0423327713447,-1.23376250151,2.05542384289,-0.884637293075
5.9425,0.135112721817,-0.175643706825,0.566045195427,0.628923653139,-0.940427608203,0.0412264914585,-1.23616100604,2.06191677211,-0.885406838836
5.94375,0.135897910628,-0.176817630459,0.566096036815,0.627376960301,-0.937846160707,0.0401192542476,-1.23853558796,2.068388694,-0.886169003388
5.945,0.136681164218,-0.177988322227,0.566145493562,0.625827314169,-0.935256636468,0.0390110689501,-1.24088630615,2.07483951738,-0.886923768985
5.94625,0.137462478914,-0.17915577205,0.566193564488,0.624274744535,-0.932659061914,0.0379019448252,-1.24321322,2.08126915296,-0.887671118187
5.9475,0.13824185108,-0.180319969882,0.566240248424,0.622719281119,-0.930053463586,0.0367918911546,-1.24551638928,2.08767751025,-0.888411033736
5.94875,0.139019277117,-0.181480905709,0.566285544216,0.621160953562,-0.927439868138,0.0356809172408,-1.24779587383,2.09406449988,-0.889143498921
5.95,0.139794753463,-0.182638569552,0.566329450717,0.619599791434,-0.924818302336,0.0345690324073,-1.25005173304,2.10043003156,-0.88986849629
5.95125,0.140568276595,-0.183792951465,0.566371966797,0.61803582423,-0.922188793059,0.0334562460001,-1.25228402704,2.10677401453,-0.890586008996
5.9525,0.141339843024,-0.184944041535,0.566413091332,0.616469081367,-0.9195513673,0.0323425673848,-1.25449281702,2.11309636078,-0.891296021029
5.95375,0.142109449299,-0.186091829883,0.566452823215,0.614899592187,-0.916906052157,0.0312280059475,-1.25667816311,2.11939698007,-0.89199851576
5.955,0.142877092005,-0.187236306665,0.566491161347,0.613327385959,-0.914252874849,0.0301125710954,-1.25884012561,2.12567578149,-0.892693476578
5.95625,0.143642767764,-0.18837746207,0.566528104643,0.611752491873,-0.911591862704,0.0289962722561,-1.26097876626,2.13193267767,-0.893380887658
5.9575,0.144406473234,-0.189515286322,0.566563652028,0.610174939043,-0.908923043155,0.0278791188763,-1.26309414592,2.13816757869,-0.894060733037
5.95875,0.145168205111,-0.190649769678,0.56659780244,0.608594756508,-0.906246443757,0.0267611204235,-1.26518632557,2.14438039419,-0.894732996324
5.96,0.145927960125,-0.191780902431,0.566630554829,0.607011973229,-0.90356209217,0.0256422863854,-1.26725536686,2.15057103619,-0.895397662407
5.96125,0.146685735044,-0.192908674908,0.566661908156,0.605426618091,-0.900870016166,0.0245226262675,-1.2693013314,2.15673941457,-0.896054715736
5.9625,0.147441526671,-0.194033077472,0.566691861395,0.603838719901,-0.898170243633,0.0234021495961,-1.2713242816,2.16288544093,-0.896704140234
5.96375,0.148195331844,-0.195154100517,0.56672041353,0.602248307387,-0.895462802564,0.0222808659169,-1.27332427912,2.16900902653,-0.89734592151
5.965,0.148947147439,-0.196271734478,0.566747563559,0.600655409203,-0.892747721067,0.0211587847923,-1.27530138508,2.17511008143,-0.897980044453
5.96625,0.149696970367,-0.19738596982,0.566773310492,0.599060053924,-0.890025027361,0.0200359158057,-1.27725566279,2.18118851747,-0.898606493354
5.9675,0.150444797574,-0.198496797046,0.566797653349,0.597462270046,-0.887294749773,0.0189122685589,-1.27918717494,2.18724424523,-0.899225253932
5.96875,0.151190626042,-0.199604206695,0.566820591163,0.595862085987,-0.884556916747,0.0177878526709,-1.28109598355,2.19327717651,-0.899836311669
5.97,0.151934452789,-0.200708189338,0.566842122981,0.594259530087,-0.881811556832,0.0166626777798,-1.28298215168,2.19928722296,-0.900439651559
5.97125,0.152676274867,-0.201808735587,0.566862247858,0.592654630608,-0.87905869869,0.015536753542,-1.28484574168,2.20527429432,-0.90103525963
5.9725,0.153416089365,-0.202905836085,0.566880964864,0.591047415733,-0.876298371096,0.0144100896307,-1.28668681686,2.21123830305,-0.901623121831
5.97375,0.154153893407,-0.203999481514,0.566898273082,0.589437913566,-0.873530602932,0.0132826957374,-1.28850544064,2.21717916093,-0.902203223848
5.975,0.154889684149,-0.205089662592,0.566914171604,0.587826152131,-0.870755423194,0.0121545815711,-1.29030167555,2.22309677776,-0.902775551674
5.97625,0.155623458787,-0.206176370072,0.566928659536,0.586212159377,-0.867972860988,0.0110257568583,-1.29207558589,2.22899106641,-0.903340091577
5.9775,0.156355214548,-0.207259594745,0.566941735996,0.584595963167,-0.865182945528,0.00989623134214,-1.2938272347,2.23486193862,-0.903896830232
5.97875,0.157084948695,-0.208339327436,0.566953400114,0.58297759129,-0.862385706142,0.00876601478268,-1.29555668459,2.24070930402,-0.904445753952
5.98,0.157812658526,-0.20941555901,0.566963651033,0.581357071455,-0.859581172268,0.00763511695726,-1.29726400106,2.2465330755,-0.904986849252
5.98125,0.158538341374,-0.210488280367,0.566972487907,0.579734431287,-0.856769373453,0.00650354765955,-1.29894924772,2.25233316481,-0.905520102958
5.9825,0.159261994604,-0.211557482444,0.566979909902,0.578109698336,-0.853950339356,0.00537131669986,-1.30061248677,2.25810948228,-0.906045502461
5.98375,0.159983615619,-0.212623156215,0.566985916198,0.57648290007,-0.851124099747,0.0042384339034,-1.30225378341,2.26386194059,-0.906563034709
5.985,0.160703201854,-0.213685292693,0.566990505987,0.574854063877,-0.848290684504,0.00310490911309,-1.30387320243,2.26959045078,-0.9070726863
5.98625,0.161420750779,-0.214743882927,0.566993678471,0.573223217064,-0.84545012362,0.00197075218765,-1.30547080702,2.27529492382,-0.907574445057
5.9875,0.162136259897,-0.215798918002,0.566995432867,0.57159038686,-0.842602447195,0.000835973000449,-1.30704666171,2.28097527257,-0.908068299066
5.98875,0.162849726746,-0.216850389044,0.566995768404,0.56995560041,-0.839747685439,-0.000299418560019,-1.3086008311,2.28663140766,-0.908554235207
5.99,0.163561148898,-0.217898287216,0.566994684321,0.568318884782,-0.836885868676,-0.00143541258757,-1.31013337955,2.29226324029,-0.909032240964
5.99125,0.164270523958,-0.218942603716,0.566992179872,0.566680266961,-0.834017027338,-0.00257199916243,-1.31164437161,2.29787068273,-0.909502305388
5.9925,0.164977849566,-0.219983329784,0.566988254323,0.565039773853,-0.831141191969,-0.00370916835104,-1.3131338717,2.30345364594,-0.909964416075
5.99375,0.165683123393,-0.221020456696,0.566982906951,0.563397432282,-0.828258393223,-0.00484691020262,-1.31460194541,2.30901204235,-0.910418560772
5.995,0.166386343146,-0.222053975767,0.566976137047,0.56175326899,-0.825368661863,-0.00598521475297,-1.31604865696,2.31454578273,-0.91086472836
5.99625,0.167087506565,-0.223083878351,0.566967943914,0.56010731064,-0.822472028766,-0.00712407202352,-1.31747406983,2.32005477696,-0.911302907161
5.9975,0.167786611423,-0.224110155839,0.566958326867,0.558459583815,-0.819568524921,-0.00826347202087,-1.31887825127,2.32553893912,-0.911733085786
5.99875,0.168483655525,-0.225132799663,0.566947285234,0.556810115011,-0.816658181419,-0.00940340473798,-1.32026126557,2.33099817975,-0.912155253161
6,0.16917863671,-0.226151801293,0.566934818356,0.555158930651,-0.813741029471,-0.0105438601538,-1.32162317602,2.3364324084,-0.912569398122
6.00125,0.169871552851,-0.227167152237,0.566920925584,0.553506057071,-0.810817100398,-0.0116848282333,-1.32296405,2.34184153894,-0.912975509413
6.0025,0.170562401853,-0.228178844044,0.566905606285,0.551851520526,-0.807886425624,-0.0128262989273,-1.32428395194,2.34722548132,-0.913373576168
6.00375,0.171251181653,-0.229186868301,0.566888859837,0.550195347192,-0.804949036694,-0.0139682621737,-1.32558294603,2.35258414619,-0.913763588255
6.005,0.171937890221,-0.230191216635,0.56687068563,0.548537563161,-0.802004965258,-0.0151107078979,-1.32686109858,2.3579174463,-0.91414553508
6.00625,0.172622525561,-0.231191880714,0.566851083067,0.546878194445,-0.799054243078,-0.0162536260114,-1.32811847457,2.36322529115,-0.914519405649
6.0075,0.173305085707,-0.232188852243,0.566830051564,0.545217266975,-0.796096902031,-0.0173970064121,-1.32935513921,2.36850759229,-0.9148851899
6.00875,0.173985568728,-0.233182122969,0.566807590551,0.543554806597,-0.793132974098,-0.0185408389862,-1.33057115797,2.37376426157,-0.915242877761
6.01,0.174663972724,-0.234171684678,0.566783699467,0.54189083908,-0.790162491377,-0.0196851136065,-1.33176659575,2.37899520844,-0.915592459159
6.01125,0.175340295826,-0.235157529197,0.566758377767,0.540225390108,-0.787185486077,-0.0208298201341,-1.3329415188,2.38420034488,-0.915933924364
6.0125,0.176014536199,-0.236139648393,0.566731624917,0.538558485283,-0.784201990514,-0.0219749484174,-1.33409599237,2.38937958201,-0.916267263529
6.01375,0.176686692039,-0.237118034174,0.566703440396,0.536890150127,-0.781212037122,-0.0231204882929,-1.33523008103,2.39453282923,-0.916592466808
6.015,0.177356761574,-0.238092678486,0.566673823696,0.53522041008,-0.778215658441,-0.0242664295844,-1.33634385097,2.39965999796,-0.916909524801
6.01625,0.178024743064,-0.23906357332,0.566642774322,0.533549290499,-0.775212887127,-0.0254127621049,-1.33743736768,2.40476099879,-0.917218428367
6.0175,0.1786906348,-0.240030710704,0.566610291791,0.531876816661,-0.772203755944,-0.0265594756553,-1.33851069684,2.40983574205,-0.917519167911
6.01875,0.179354435106,-0.24099408271,0.566576375633,0.530203013757,-0.769188297772,-0.0277065600247,-1.33956390379,2.4148841386,-0.917811734484
6.02,0.180016142335,-0.241953681449,0.566541025391,0.528527906901,-0.766166545598,-0.0288540049915,-1.34059705348,2.41990609826,-0.91809611938
6.02125,0.180675754873,-0.242909499074,0.56650424062,0.526851521124,-0.763138532526,-0.0300018003231,-1.34161021254,2.42490153166,-0.918372313459
6.0225,0.181333271138,-0.24386152778,0.56646602089,0.52517388137,-0.760104291769,-0.0311499357752,-1.34260344616,2.42987034888,-0.9186403076
6.02375,0.181988689577,-0.244809759803,0.566426365781,0.523495012508,-0.757063856654,-0.0322984010921,-1.34357681923,2.4348124596,-0.918900093859
6.025,0.182642008669,-0.245754187421,0.566385274887,0.521814939322,-0.75401726062,-0.0334471860098,-1.34453039831,2.4397277749,-0.919151664061
6.02625,0.183293226925,-0.246694802955,0.566342747816,0.520133686512,-0.750964537216,-0.0345962802523,-1.34546424832,2.44461620383,-0.919395008975
6.0275,0.183942342885,-0.247631598765,0.566298784186,0.518451278701,-0.74790572011,-0.0357456735323,-1.34637843481,2.44947765584,-0.919630120279
6.02875,0.184589355122,-0.248564567255,0.566253383632,0.516767740425,-0.744840843077,-0.036895355553,-1.34727302434,2.45431204203,-0.919856990504
6.03,0.185234262236,-0.249493700872,0.566206545798,0.51508309614,-0.741769940005,-0.0380453160085,-1.34814808092,2.45911927109,-0.920075612078
6.03125,0.185877062862,-0.250418992105,0.566158270342,0.513397370223,-0.738693044899,-0.0391955445832,-1.34900367041,2.46389925188,-0.92028597652
6.0325,0.186517755662,-0.251340433484,0.566108556936,0.511710586964,-0.735610191875,-0.0403460309498,-1.34983986026,2.46865189577,-0.920488075928
6.03375,0.187156339329,-0.252258017585,0.566057405265,0.510022770572,-0.73252141516,-0.041496764773,-1.35065671365,2.47337711052,-0.920681903165
6.035,0.187792812588,-0.253171737022,0.566004815024,0.50833394518,-0.729426749099,-0.0426477357077,-1.35145429611,2.47807480495,-0.920867450543
6.03625,0.188427174192,-0.254081584457,0.565950785925,0.506644134832,-0.726326228147,-0.0437989333993,-1.35223267548,2.4827448906,-0.921044710651
6.0375,0.189059422925,-0.254987552593,0.565895317691,0.504953363491,-0.723219886873,-0.0449503474844,-1.35299191541,2.4873872745,-0.92121367669
6.03875,0.189689557601,-0.255889634175,0.565838410057,0.503261655044,-0.720107759961,-0.0461019675911,-1.35373208082,2.49200186509,-0.921374341203
6.04,0.190317577063,-0.256787821993,0.565780062772,0.501569033289,-0.71698988221,-0.0472537833374,-1.35445323841,2.49658857243,-0.921526697107
6.04125,0.190943480184,-0.25768210888,0.565720275598,0.499875521948,-0.71386628853,-0.0484057843338,-1.35515545288,2.5011473048,-0.921670738057
6.0425,0.191567265868,-0.258572487714,0.565659048311,0.498181144657,-0.710737013948,-0.0495579601825,-1.3558387898,2.50567797085,-0.921806456915
6.04375,0.192188933046,-0.259458951415,0.565596380698,0.496485924973,-0.707602093603,-0.0507103004761,-1.35650331487,2.51018047898,-0.921933846939
6.045,0.19280848068,-0.260341492948,0.56553227256,0.49478988637,-0.70446156275,-0.0518627947999,-1.35714909238,2.51465473713,-0.922052901933
6.04625,0.193425907762,-0.261220105322,0.565466723711,0.493093052242,-0.70131545676,-0.0530154327309,-1.35777618848,2.51910065434,-0.922163615678
6.0475,0.194041213311,-0.26209478159,0.565399733978,0.491395445899,-0.698163811115,-0.0541682038391,-1.35838466825,2.52351813792,-0.922265981842
6.04875,0.194654396377,-0.26296551485,0.565331303201,0.489697090572,-0.695006661415,-0.0553210976855,-1.35897459656,2.52790709595,-0.922359993922
6.05,0.195265456037,-0.263832298243,0.565261431234,0.487998009407,-0.691844043375,-0.0564741038239,-1.35954603898,2.53226743748,-0.922445646165
6.05125,0.1958743914,-0.264695124958,0.565190117942,0.486298225474,-0.688675992822,-0.057627211801,-1.36009905944,2.53659906866,-0.922522932865
6.0525,0.196481201601,-0.265553988225,0.565117363204,0.484597761759,-0.685502545703,-0.058780411156,-1.36063372444,2.54090189774,-0.922591847859
6.05375,0.197085885805,-0.266408881322,0.565043166914,0.482896641163,-0.682323738077,-0.0599336914206,-1.36115009901,2.54517583285,-0.922652385884
6.055,0.197688443204,-0.267259797571,0.564967528976,0.481194886511,-0.679139606121,-0.0610870421207,-1.36164824643,2.54942077993,-0.92270454129
6.05625,0.198288873021,-0.268106730338,0.564890449308,0.479492520547,-0.675950186127,-0.0622404527738,-1.36212823307,2.55363664743,-0.922748308335
6.0575,0.198887174505,-0.268949673036,0.564811927844,0.477789565929,-0.672755514502,-0.0633939128916,-1.36259012378,2.55782334321,-0.922783682211
6.05875,0.199483346936,-0.269788619124,0.564731964526,0.476086045237,-0.669555627769,-0.0645474119794,-1.36303398228,2.56198077258,-0.922810657755
6.06,0.200077389618,-0.270623562105,0.564650559314,0.474381980973,-0.666350562571,-0.065700939536,-1.36345987418,2.56610884311,-0.922829229466
6.06125,0.200669301888,-0.27145449553,0.564567712177,0.472677395552,-0.663140355662,-0.066854485053,-1.36386786444,2.57020746251,-0.922839392354
6.0625,0.201259083107,-0.272281412995,0.564483423101,0.470972311312,-0.659925043915,-0.0680080380168,-1.36425801674,2.57427653618,-0.922841142233
6.06375,0.201846732666,-0.27310430814,0.564397692082,0.46926675051,-0.656704664321,-0.0691615879086,-1.36463039602,2.57831597167,-0.922834473965
6.065,0.202432249984,-0.273923174655,0.564310519131,0.467560735322,-0.653479253985,-0.0703151242018,-1.36498506724,2.58232567543,-0.922819382583
6.06625,0.203015634505,-0.274738006275,0.564221904272,0.465854287842,-0.650248850133,-0.0714686363651,-1.3653220941,2.58630555251,-0.922795864142
6.0675,0.203596885703,-0.275548796781,0.56413184754,0.464147430086,-0.647013490104,-0.0726221138621,-1.36564154171,2.59025551055,-0.922763914411
6.06875,0.20417600308,-0.27635554,0.564040348987,0.462440183988,-0.643773211356,-0.0737755461511,-1.36594347389,2.5941754559,-0.922723528856
6.07,0.204752986163,-0.277158229809,0.563947408675,0.460732571402,-0.640528051464,-0.0749289226843,-1.36622795449,2.59806529344,-0.922674702952
6.07125,0.205327834508,-0.277956860129,0.56385302668,0.459024614102,-0.637278048123,-0.0760822329085,-1.36649504856,2.60192492912,-0.922617433037
6.0725,0.205900547698,-0.278751424929,0.563757203093,0.45731633378,-0.634023239142,-0.0772354662668,-1.36674481993,2.60575426994,-0.92255171553
6.07375,0.206471125343,-0.279541918227,0.563659938015,0.455607752052,-0.630763662448,-0.0783886121973,-1.36697733258,2.60955322157,-0.922477546135
6.075,0.207039567078,-0.280328334085,0.563561231562,0.453898890449,-0.627499356088,-0.0795416601322,-1.36719265008,2.61332168808,-0.922394920952
6.07625,0.207605872569,-0.281110666617,0.563461083864,0.452189770427,-0.624230358228,-0.0806945994997,-1.36739083629,2.61705957539,-0.92230383691
6.0775,0.208170041505,-0.281888909981,0.563359495063,0.450480413358,-0.620956707149,-0.0818474197245,-1.36757195606,2.62076679073,-0.92220429068
6.07875,0.208732073602,-0.282663058385,0.563256465315,0.448770840536,-0.617678441251,-0.0830001102264,-1.36773607218,2.62444323811,-0.922096278384
6.08,0.209291968606,-0.283433106084,0.563151994788,0.447061073178,-0.614395599054,-0.0841526604204,-1.36788324766,2.62808882135,-0.921979796749
6.08125,0.209849726285,-0.284199047383,0.563046083664,0.445351132417,-0.611108219197,-0.0853050597183,-1.36801354766,2.63170344836,-0.921854843011
6.0825,0.210405346437,-0.284960876632,0.562938732139,0.443641039309,-0.607816340433,-0.0864572975279,-1.36812703475,2.63528702236,-0.921721414113
6.08375,0.210958828884,-0.285718588234,0.56282994042,0.44193081483,-0.604520001641,-0.0876093632535,-1.36822377212,2.63883944813,-0.921579506917
6.085,0.211510173474,-0.286472176636,0.562719708731,0.440220479878,-0.601219241813,-0.0887612462952,-1.36830382366,2.64236063279,-0.921429118671
6.08625,0.212059380083,-0.287221636338,0.562608037304,0.438510055271,-0.597914100059,-0.0899129360502,-1.36836725193,2.64585047814,-0.921270246624
6.0875,0.212606448612,-0.287966961886,0.56249492639,0.436799561748,-0.594604615617,-0.0910644219118,-1.36841412084,2.64930889033,-0.921102888162
6.08875,0.213151378988,-0.288708147877,0.56238037625,0.435089019969,-0.591290827834,-0.0922156932706,-1.36844449315,2.65273577518,-0.920927041125
6.09,0.213694171162,-0.289445188956,0.562264387157,0.433378450516,-0.587972776179,-0.0933667395146,-1.36845843104,2.65613103492,-0.920742702976
6.09125,0.214234825114,-0.290178079818,0.562146959401,0.431667873892,-0.584650500246,-0.0945175500281,-1.36845599824,2.65949457556,-0.920549871148
6.0925,0.214773340847,-0.290906815207,0.562028093282,0.42995731052,-0.581324039741,-0.0956681141925,-1.36843725767,2.66282630178,-0.920348543593
6.09375,0.21530971839,-0.291631389917,0.561907789115,0.428246780747,-0.577993434492,-0.096818421387,-1.3684022712,2.66612611641,-0.920138718516
6.095,0.215843957799,-0.292351798793,0.561786047229,0.426536304842,-0.57465872445,-0.0979684609888,-1.36835110196,2.66939392504,-0.919920393846
6.09625,0.216376059152,-0.293068036728,0.561662867963,0.424825902992,-0.571319949679,-0.0991182223717,-1.36828381238,2.67262963209,-0.919693567721
6.0975,0.216906022556,-0.293780098667,0.561538251673,0.423115595311,-0.567977150369,-0.100267694908,-1.36820046468,2.67583314115,-0.919458238275
6.09875,0.217433848141,-0.294487979604,0.561412198726,0.421405401831,-0.564630366826,-0.101416867967,-1.36810112155,2.67900435696,-0.919214403927
6.1,0.217959536061,-0.295191674584,0.561284709503,0.419695342507,-0.561279639477,-0.102565730918,-1.36798584447,2.682143183,-0.918962063429
6.10125,0.218483086497,-0.295891178703,0.561155784398,0.41798543722,-0.557925008869,-0.103714273126,-1.36785469591,2.68524952367,-0.918701214982
6.1025,0.219004499654,-0.296586487106,0.56102542382,0.416275705767,-0.554566515668,-0.104862483955,-1.36770773856,2.68832328381,-0.918431857269
6.10375,0.219523775761,-0.297277594992,0.560893628189,0.414566167873,-0.551204200659,-0.106010352769,-1.36754503329,2.69136436658,-0.918153989619
6.105,0.220040915073,-0.297964497608,0.560760397938,0.412856843184,-0.547838104751,-0.107157868929,-1.36736664201,2.69437267651,-0.917867610735
6.10625,0.220555917869,-0.298647190254,0.560625733516,0.411147751268,-0.544468268968,-0.108305021796,-1.36717262687,2.69734811755,-0.917572718686
6.1075,0.221068784452,-0.29932566828,0.560489635384,0.409438911617,-0.541094734457,-0.109451800726,-1.3669630493,2.7002905933,-0.917269313538
6.10875,0.221579515148,-0.29999992709,0.560352104014,0.407730343645,-0.537717542485,-0.11059819508,-1.36673797099,2.70320000861,-0.916957394895
6.11,0.222088110311,-0.300669962137,0.560213139896,0.40602206669,-0.534336734436,-0.111744194213,-1.36649745263,2.70607626703,-0.916636960938
6.11125,0.222594570315,-0.301335768926,0.560072743529,0.404314100013,-0.530952351817,-0.112889787482,-1.36624155603,2.70891927329,-0.916308011426
6.1125,0.223098895561,-0.301997343016,0.559930915427,0.402606462799,-0.527564436253,-0.114034964242,-1.36597034244,2.71172893065,-0.915970546168
6.11375,0.223601086472,-0.302654680017,0.559787656118,0.400899174157,-0.524173029491,-0.115179713848,-1.36568387222,2.71450514259,-0.915624564629
6.115,0.224101143496,-0.30330777559,0.559642966143,0.399192253119,-0.520778173396,-0.116324025653,-1.3653822071,2.71724781534,-0.915270066571
6.11625,0.224599067105,-0.30395662545,0.559496846054,0.39748571864,-0.517379909952,-0.117467889014,-1.36506540778,2.71995685235,-0.914907052072
6.1175,0.225094857793,-0.304601225365,0.55934929642,0.395779589599,-0.513978281265,-0.118611293284,-1.36473353446,2.72263215635,-0.914535520758
6.11875,0.225588516079,-0.305241571153,0.559200317821,0.394073884803,-0.510573329561,-0.119754227816,-1.36438664827,2.72527363282,-0.914155471923
6.12,0.226080042505,-0.305877658689,0.55904991085,0.392368622979,-0.507165097183,-0.120896681963,-1.36402480975,2.72788118654,-0.913766906649
6.12125,0.226569437636,-0.306509483896,0.558898076116,0.390663822779,-0.503753626595,-0.122038645082,-1.36364807884,2.73045472095,-0.91336982565
6.1225,0.227056702062,-0.307137042755,0.558744814238,0.388959502782,-0.500338960381,-0.123180106528,-1.36325651587,2.73299414104,-0.912964227871
6.12375,0.227541836393,-0.307760331297,0.55859012585,0.387255681489,-0.496921141242,-0.124321055652,-1.36285018095,2.73549935137,-0.912550114379
6.125,0.228024841265,-0.308379345608,0.558434011599,0.385552377329,-0.493500212002,-0.125461481814,-1.36242913486,2.73797025652,-0.912127486186
6.12625,0.228505717337,-0.308994081827,0.558276472145,0.383849608652,-0.490076215601,-0.126601374368,-1.3619934373,2.74040676118,-0.911696342825
6.1275,0.228984465287,-0.309604536147,0.558117508163,0.382147393736,-0.486649195099,-0.127740722671,-1.36154314694,2.7428087698,-0.911256685811
6.12875,0.229461085821,-0.310210704815,0.557957120338,0.380445750785,-0.483219193677,-0.128879516082,-1.36107832423,2.74517618752,-0.910808516085
6.13,0.229935579664,-0.310812584131,0.557795309373,0.378744697925,-0.479786254631,-0.130017743961,-1.36059902952,2.74750892028,-0.910351833909
6.13125,0.230407947566,-0.311410170452,0.557632075979,0.377044253211,-0.476350421376,-0.131155395667,-1.3601053215,2.74980687291,-0.909886640818
6.1325,0.230878190297,-0.312003460185,0.557467420883,0.375344434622,-0.472911737448,-0.132292460563,-1.35959725943,2.75206994986,-0.909412937938
6.13375,0.231346308652,-0.312592449795,0.557301344827,0.373645260062,-0.469470246501,-0.133428928012,-1.35907490256,2.75429805697,-0.908930725939
6.135,0.231812303447,-0.313177135801,0.557133848563,0.371946747365,-0.466025992306,-0.134564787378,-1.35853830964,2.75649110004,-0.908440006492
6.13625,0.232276175521,-0.313757514776,0.556964932859,0.370248914288,-0.462579018751,-0.135700028028,-1.35798754071,2.75864898598,-0.90794078136
6.1375,0.232737925733,-0.314333583348,0.556794598493,0.368551778514,-0.459129369841,-0.136834639331,-1.35742265456,2.76077161954,-0.907433051509
6.13875,0.233197554967,-0.314905338201,0.55662284626,0.366855357652,-0.455677089702,-0.137968610657,-1.35684370859,2.76285890588,-0.906916818667
6.14,0.233655064127,-0.315472776072,0.556449676967,0.365159669242,-0.452222222576,-0.139101931378,-1.35625076192,2.76491075301,-0.906392084676
6.14125,0.23411045414,-0.316035893757,0.556275091432,0.363464730747,-0.44876481282,-0.140234590868,-1.35564387369,2.76692706717,-0.905858851275
6.1425,0.234563725954,-0.316594688104,0.556099090489,0.361770559558,-0.445304904908,-0.141366578506,-1.35502310216,2.76890775517,-0.905317120464
6.14375,0.235014880539,-0.317149156019,0.555921674986,0.360077172992,-0.441842543432,-0.14249788367,-1.35438850519,2.77085272362,-0.904766893814
6.145,0.235463918886,-0.317699294463,0.55574284578,0.358384588295,-0.438377773099,-0.143628495741,-1.35374014092,2.77276187941,-0.904208173563
6.14625,0.23591084201,-0.318245100452,0.555562603746,0.356692822639,-0.434910638733,-0.144758404104,-1.35307806763,2.77463513083,-0.903640962565
6.1475,0.236355650943,-0.31878657106,0.55538094977,0.355001893126,-0.431441185272,-0.145887598147,-1.3524023427,2.77647238501,-0.903065262469
6.14875,0.236798346742,-0.319323703415,0.555197884751,0.353311816783,-0.427969457771,-0.14701606726,-1.35171302437,2.77827355001,-0.902481075354
6.15,0.237238930485,-0.319856494704,0.555013409602,0.351622610565,-0.424495501397,-0.148143800835,-1.35101017032,2.78003853425,-0.901888404235
6.15125,0.237677403269,-0.320384942169,0.554827525249,0.349934291357,-0.421019361435,-0.14927078827,-1.35029383738,2.78176724568,-0.901287251475
6.1525,0.238113766213,-0.320909043108,0.554640232631,0.348246875971,-0.417541083283,-0.150397018964,-1.34956408336,2.78345959376,-0.900677619825
6.15375,0.238548020459,-0.321428794877,0.554451532701,0.346560381149,-0.414060712451,-0.15152248232,-1.34882096595,2.78511548751,-0.90005951206
6.155,0.238980167166,-0.321944194889,0.554261426425,0.344874823557,-0.410578294564,-0.152647167744,-1.34806454137,2.78673483551,-0.899432930851
6.15625,0.239410207518,-0.322455240613,0.554069914782,0.343190219795,-0.407093875362,-0.153771064647,-1.34729486662,2.78831754819,-0.898797879052
6.1575,0.239838142716,-0.322961929577,0.553876998764,0.34150658639,-0.403607500694,-0.154894162442,-1.34651200001,2.78986353661,-0.898154359981
6.15875,0.240263973984,-0.323464259365,0.553682679376,0.339823939795,-0.400119216521,-0.156016450547,-1.34571599701,2.79137270942,-0.897502376699
6.16,0.240687702565,-0.323962227619,0.553486957637,0.338142296397,-0.39662906892,-0.157137918384,-1.34490691366,2.79284497723,-0.896841931967
6.16125,0.241109329725,-0.324455832037,0.55328983458,0.336461672511,-0.393137104077,-0.158258555377,-1.3440848078,2.79428025346,-0.896173029741
6.1625,0.241528856747,-0.324945070379,0.553091311249,0.334782084378,-0.389643368287,-0.159378350958,-1.34324973517,2.79567844798,-0.895495673455
6.16375,0.241946284936,-0.325429940458,0.552891388703,0.333103548173,-0.386147907958,-0.16049729456,-1.34240175156,2.79703947155,-0.894809865827
6.165,0.242361615617,-0.325910440149,0.552690068013,0.331426079999,-0.382650769608,-0.161615375622,-1.34154091372,2.79836323859,-0.894115611038
6.16625,0.242774850136,-0.326386567382,0.552487350264,0.329749695889,-0.379151999861,-0.162732583588,-1.34066727772,2.79964966244,-0.893412912944
6.1675,0.243185989857,-0.326858320148,0.552283236554,0.328074411805,-0.375651645452,-0.163848907905,-1.33978089919,2.80089865469,-0.892701774649
6.16875,0.243595036165,-0.327325696496,0.552077727994,0.326400243641,-0.372149753224,-0.164964338025,-1.33888183303,2.80211012773,-0.891982200392
6.17,0.244001990466,-0.327788694531,0.551870825709,0.324727207222,-0.368646370132,-0.166078863406,-1.33797013543,2.80328399806,-0.891254194391
6.17125,0.244406854183,-0.328247312421,0.551662530835,0.323055318302,-0.365141543229,-0.167192473511,-1.33704586242,2.80442018007,-0.890517760206
6.1725,0.244809628762,-0.328701548389,0.551452844525,0.321384592566,-0.361635319682,-0.168305157806,-1.336109068,2.80551858617,-0.889772902213
6.17375,0.245210315665,-0.32915140072,0.551241767941,0.319715045632,-0.358127746764,-0.169416905766,-1.33515980864,2.80657913465,-0.88901962489
6.175,0.245608916376,-0.329596867756,0.55102930226,0.318046693045,-0.354618871845,-0.170527706869,-1.33419813925,2.80760174169,-0.888257931672
6.17625,0.246005432397,-0.3300379479,0.550815448674,0.316379550284,-0.35110874241,-0.171637550595,-1.33322411343,2.80858632158,-0.887487827799
6.1775,0.246399865251,-0.330474639612,0.550600208384,0.314713632761,-0.347597406042,-0.172746426438,-1.33223778714,2.8095327925,-0.886709318093
6.17875,0.246792216479,-0.330906941415,0.550383582608,0.313048955816,-0.344084910428,-0.173854323891,-1.33123921473,2.8104410722,-0.885922406019
6.18,0.247182487641,-0.331334851888,0.550165572574,0.311385534724,-0.340571303361,-0.174961232453,-1.33022845042,2.81131107837,-0.885127096853
6.18125,0.247570680316,-0.331758369673,0.549946179526,0.30972338469,-0.337056632732,-0.176067141633,-1.32920554943,2.81214273062,-0.884323395473
6.1825,0.247956796103,-0.33217749347,0.54972540472,0.308062520851,-0.333540946534,-0.177172040942,-1.32817056527,2.8129359477,-0.883511306461
6.18375,0.248340836618,-0.33259222204,0.549503249424,0.306402958277,-0.330024292863,-0.178275919899,-1.32712355161,2.81369064891,-0.882690835181
6.185,0.248722803498,-0.333002554202,0.54927971492,0.304744711972,-0.326506719912,-0.17937876803,-1.32606456375,2.81440675571,-0.881861986238
6.18625,0.249102698398,-0.333408488839,0.549054802504,0.303087796868,-0.322988275974,-0.180480574865,-1.32499365524,2.81508418932,-0.881024764783
6.1875,0.24948052299,-0.333810024892,0.548828513483,0.301432227833,-0.319469009439,-0.181581329942,-1.32391087864,2.81572287038,-0.880179176306
6.18875,0.249856278968,-0.334207161363,0.548600849179,0.299778019671,-0.315948968798,-0.182681022805,-1.32281628855,2.81632272224,-0.87932522589
6.19,0.25022996804,-0.334599897314,0.548371810926,0.298125187112,-0.312428202633,-0.183779643006,-1.32170993786,2.81688366783,-0.878462918968
6.19125,0.250601591935,-0.33498823187,0.548141400072,0.296473744826,-0.308906759628,-0.184877180103,-1.32059188036,2.81740563014,-0.87759226102
6.1925,0.250971152402,-0.335372164213,0.547909617976,0.294823707411,-0.305384688558,-0.185973623659,-1.31946217026,2.81788853595,-0.876713258128
6.19375,0.251338651204,-0.335751693591,0.547676466012,0.293175089401,-0.301862038288,-0.187068963248,-1.31832085834,2.81833230822,-0.87582591517
6.195,0.251704090125,-0.336126819309,0.547441945568,0.291527905265,-0.298338857787,-0.188163188447,-1.31716799816,2.81873687179,-0.874930237546
6.19625,0.252067470967,-0.336497540736,0.547206058041,0.289882169405,-0.294815196109,-0.189256288842,-1.31600364402,2.81910215653,-0.874026232566
6.1975,0.252428795549,-0.336863857299,0.546968804846,0.288237896155,-0.291291102396,-0.190348254028,-1.31482784746,2.81942808851,-0.873113905391
6.19875,0.252788065707,-0.337225768492,0.546730187406,0.286595099787,-0.287766625888,-0.191439073605,-1.3136406606,2.8197145939,-0.872193261216
6.2,0.253145283298,-0.337583273864,0.546490207162,0.284953794504,-0.284241815911,-0.192528737181,-1.31244213659,2.81996160385,-0.871264307398
6.20125,0.253500450194,-0.337936373031,0.546248865563,0.283313994445,-0.280716721878,-0.193617234374,-1.31123232745,2.82016904816,-0.870327049927
6.2025,0.253853568284,-0.338285065669,0.546006164076,0.281675713685,-0.277191393291,-0.194704554806,-1.31001128547,2.82033685575,-0.86938149409
6.20375,0.254204639478,-0.338629351515,0.545762104176,0.280038966231,-0.273665879739,-0.195790688109,-1.30877906237,2.82046495865,-0.868427647197
6.205,0.2545536657,-0.338969230368,0.545516687355,0.278403766029,-0.270140230894,-0.196875623924,-1.30753570968,2.82055328936,-0.867465515569
6.20625,0.254900648893,-0.339304702092,0.545269915116,0.276770126957,-0.266614496515,-0.197959351898,-1.30628128002,2.82060178051,-0.866495105038
6.2075,0.255245591017,-0.339635766609,0.545021788976,0.275138062829,-0.263088726443,-0.199041861687,-1.3050158244,2.82061036571,-0.865516423357
6.20875,0.25558849405,-0.339962423908,0.544772310462,0.273507587396,-0.259562970601,-0.200123142956,-1.30373939434,2.82057898025,-0.864529476587
6.21,0.255929359986,-0.340284674036,0.544521481118,0.271878714343,-0.256037278992,-0.201203185378,-1.30245204147,2.82050755956,-0.863534271048
6.21125,0.256268190836,-0.340602517105,0.544269302499,0.270251457293,-0.252511701702,-0.202281978634,-1.30115381684,2.82039603991,-0.862530814606
6.2125,0.256604988629,-0.34091595329,0.544015776172,0.268625829801,-0.248986288893,-0.203359512415,-1.29984477113,2.82024435876,-0.861519113755
6.21375,0.25693975541,-0.341224982828,0.543760903718,0.267001845365,-0.245461090805,-0.204435776418,-1.29852495512,2.82005245389,-0.860499175383
6.215,0.257272493242,-0.341529606017,0.543504686731,0.265379517413,-0.241936157758,-0.205510760353,-1.29719442061,2.81982026559,-0.85947100697
6.21625,0.257603204204,-0.341829823222,0.543247126817,0.263758859313,-0.238411540141,-0.206584453936,-1.29585321808,2.81954773488,-0.858434615406
6.2175,0.257931890391,-0.342125634868,0.542988225596,0.262139884368,-0.234887288421,-0.207656846892,-1.29450139709,2.81923480127,-0.857390008048
6.21875,0.258258553915,-0.342417041443,0.5427279847,0.26052260582,-0.231363453138,-0.208727928956,-1.29313900882,2.81888140687,-0.856337192602
6.22,0.258583196905,-0.3427040435,0.542466405773,0.258907036846,-0.227840084904,-0.209797689873,-1.29176610386,2.81848749644,-0.855276176287
6.22125,0.258905821507,-0.342986641655,0.542203490475,0.257293190561,-0.224317234397,-0.210866119397,-1.29038273126,2.81805301345,-0.854206966619
6.2225,0.259226429882,-0.343264836586,0.541939240475,0.255681080018,-0.22079495237,-0.21193320729,-1.28898894137,2.81757790247,-0.85312957151
6.22375,0.259545024207,-0.343538629036,0.541673657457,0.254070718207,-0.217273289641,-0.212998943325,-1.28758478506,2.81706211101,-0.852043998486
6.225,0.259861606677,-0.343808019811,0.541406743117,0.252462118055,-0.213752297092,-0.214063317286,-1.28617031155,2.81650558682,-0.850950255312
6.22625,0.260176179502,-0.344073009779,0.541138499164,0.250855292429,-0.210232025674,-0.215126318964,-1.28474556977,2.81590827681,-0.849848350129
6.2275,0.260488744908,-0.344333599875,0.540868927319,0.249250254131,-0.2067125264,-0.216187938161,-1.28331060949,2.81527013071,-0.848738290745
6.22875,0.260799305137,-0.344589791095,0.540598029318,0.247647015905,-0.203193850347,-0.217248164691,-1.28186548029,2.81459109988,-0.847620085346
6.23,0.261107862448,-0.344841584501,0.540325806907,0.24604559043,-0.199676048651,-0.218306988375,-1.2804102316,2.81387113617,-0.846493741983
6.23125,0.261414419114,-0.345088981217,0.540052261847,0.244445990326,-0.196159172507,-0.219364399046,-1.27894491222,2.81311019236,-0.845359268544
6.2325,0.261718977424,-0.345331982432,0.53977739591,0.24284822815,-0.19264327317,-0.220420386546,-1.27746957119,2.81230822217,-0.844216674102
6.23375,0.262021539684,-0.345570589399,0.539501210881,0.241252316398,-0.189128401951,-0.221474940731,-1.2759842576,2.81146518167,-0.843065967115
6.235,0.262322108215,-0.345804803437,0.539223708558,0.239658267506,-0.185614610216,-0.222528051464,-1.27448901946,2.81058102613,-0.841907155257
6.23625,0.262620685353,-0.346034625925,0.538944890752,0.238066093849,-0.182101949386,-0.223579708619,-1.27298390556,2.80965571263,-0.840740247281
6.2375,0.262917273449,-0.34626005831,0.538664759286,0.236475807742,-0.178590470934,-0.224629902082,-1.2714689651,2.80868920203,-0.83956525234
6.23875,0.263211874872,-0.346481102102,0.538383315997,0.234887421436,-0.175080226381,-0.22567862175,-1.26994424544,2.8076814531,-0.838382179324
6.24,0.263504492003,-0.346697758876,0.538100562732,0.233300947128,-0.171571267301,-0.22672585753,-1.26840979469,2.80663242621,-0.837191036465
6.24125,0.26379512724,-0.346910030271,0.537816501353,0.23171639695,-0.168063645315,-0.227771599341,-1.26686566205,2.80554208529,-0.835991832378
6.2425,0.264083782995,-0.347117917989,0.537531133734,0.230133782973,-0.164557412088,-0.228815837111,-1.26531189444,2.80441039332,-0.834784576887
6.24375,0.264370461697,-0.347321423801,0.53724446176,0.228553117214,-0.161052619332,-0.229858560783,-1.26374853988,2.80323731559,-0.833569279098
6.245,0.264655165788,-0.347520549538,0.536956487332,0.226974411623,-0.157549318799,-0.230899760309,-1.26217564634,2.80202281842,-0.832345947743
6.24625,0.264937897726,-0.347715297098,0.53666721236,0.225397678098,-0.154047562286,-0.231939425653,-1.26059326074,2.80076686855,-0.831114592086
6.2475,0.265218659984,-0.347905668443,0.536376638768,0.223822928472,-0.150547401628,-0.232977546789,-1.25900143111,2.79946943531,-0.829875221427
6.24875,0.265497455048,-0.348091665602,0.536084768493,0.22225017452,-0.147048888698,-0.234014113706,-1.25740020434,2.79813048921,-0.828627845442
6.25,0.26577428542,-0.348273290665,0.535791603483,0.220679427961,-0.143552075405,-0.235049116403,-1.25578962745,2.7967500017,-0.827372473623
6.25125,0.266049153617,-0.34845054579,0.535497145702,0.219110700451,-0.140057013693,-0.23608254489,-1.25416974835,2.79532794516,-0.826109115167
6.2525,0.266322062171,-0.348623433199,0.535201397121,0.21754400359,-0.136563755542,-0.237114389191,-1.25254061328,2.79386429449,-0.824837780044
6.25375,0.266593013626,-0.348791955179,0.534904359729,0.215979348918,-0.133072352957,-0.23814463934,-1.25090226856,2.79235902522,-0.823558478192
6.255,0.266862010543,-0.348956114082,0.534606035523,0.214416747918,-0.129582857979,-0.239173285386,-1.24925476125,2.79081211287,-0.822271219044
6.25625,0.267129055496,-0.349115912324,0.534306426515,0.212856212015,-0.126095322675,-0.240200317388,-1.2475981382,2.78922353721,-0.820976012756
6.2575,0.267394151073,-0.349271352389,0.534005534729,0.211297752573,-0.122609799136,-0.241225725418,-1.24593244561,2.78759327847,-0.819672869273
6.25875,0.267657299878,-0.349422436822,0.533703362202,0.209741380901,-0.119126339479,-0.242249499561,-1.24425772909,2.78592131634,-0.818361798531
6.26,0.267918504526,-0.349569168237,0.53339991098,0.20818710825,-0.115644995845,-0.243271629914,-1.24257403598,2.78420763516,-0.817042811081
6.26125,0.268177767648,-0.349711549312,0.533095183127,0.206634945811,-0.112165820391,-0.244292106589,-1.24088141175,2.78245221806,-0.815715916849
6.2625,0.26843509189,-0.349849582788,0.532789180714,0.205084904721,-0.1086888653,-0.245310919707,-1.23917990123,2.78065504937,-0.814381125656
6.26375,0.26869047991,-0.349983271475,0.532481905828,0.203536996058,-0.105214182767,-0.246328059403,-1.23746955189,2.77881611859,-0.813038448939
6.265,0.26894393438,-0.350112618245,0.532173360565,0.201991230841,-0.101741825003,-0.247343515829,-1.23575040924,2.77693541337,-0.811687897419
6.26625,0.269195457987,-0.350237626037,0.531863547038,0.200447620035,-0.098271844234,-0.248357279146,-1.23402251729,2.77501292262,-0.810329480214
6.2675,0.26944505343,-0.350358297856,0.531552467368,0.198906174548,-0.0948042926966,-0.249369339529,-1.23228592208,2.77304863881,-0.808963208635
6.26875,0.269692723424,-0.350474636769,0.531240123689,0.19736690523,-0.091339222637,-0.250379687168,-1.23054066956,2.77104255455,-0.807589093983
6.27,0.269938470693,-0.350586645912,0.53092651815,0.195829822874,-0.0878766863103,-0.251388312264,-1.22878680402,2.76899466397,-0.806207146377
6.27125,0.270182297981,-0.350694328485,0.530611652909,0.19429493822,-0.084416735977,-0.252395205034,-1.22702437143,2.7669049644,-0.804817377082
6.2725,0.270424208039,-0.350797687752,0.530295530137,0.192762261945,-0.0809594238993,-0.253400355707,-1.22525341655,2.76477345352,-0.803419797137
6.27375,0.270664203636,-0.350896727045,0.529978152019,0.191231804678,-0.0775048023432,-0.254403754527,-1.22347398278,2.76260012876,-0.802014417468
6.275,0.270902287551,-0.350991449758,0.529659520751,0.189703576989,-0.0740529235774,-0.255405391751,-1.2216861158,2.76038499145,-0.800601249375
6.27625,0.271138462578,-0.351081859354,0.52933963854,0.188177589389,-0.0706038398646,-0.25640525765,-1.21988986045,2.75812804492,-0.799180303625
6.2775,0.271372731524,-0.351167959358,0.529018507607,0.186653852337,-0.0671576034651,-0.25740334251,-1.21808526031,2.75582929231,-0.797751591892
6.27875,0.271605097209,-0.351249753362,0.528696130184,0.185132376238,-0.0637142666338,-0.25839963663,-1.21627236035,2.75348873945,-0.796315125944
6.28,0.271835562465,-0.351327245024,0.528372508515,0.183613171437,-0.0602738816164,-0.259394130325,-1.21445120496,2.75110639346,-0.79487091657
6.28125,0.272064130137,-0.351400438066,0.528047644858,0.182096248226,-0.0568365006502,-0.260386813921,-1.21262183714,2.74868226225,-0.793418975604
6.2825,0.272290803085,-0.351469336276,0.52772154148,0.180581616844,-0.0534021759608,-0.261377677764,-1.21078430126,2.74621635697,-0.791959314983
6.28375,0.27251558418,-0.351533943506,0.527394200663,0.179069287472,-0.0499709597578,-0.262366712209,-1.20893864176,2.74370868985,-0.790491946031
6.285,0.272738476304,-0.351594263675,0.5270656247,0.177559270239,-0.0465429042362,-0.263353907629,-1.20708490165,2.74115927383,-0.789016880799
6.28625,0.272959482355,-0.351650300767,0.526735815894,0.176051575218,-0.0431180615732,-0.264339254411,-1.20522312442,2.73856812453,-0.787534131029
6.2875,0.273178605242,-0.351702058829,0.526404776564,0.174546212428,-0.0396964839249,-0.265322742956,-1.20335335386,2.73593525897,-0.786043708751
6.28875,0.273395847886,-0.351749541977,0.526072509037,0.173043191834,-0.0362782234258,-0.266304363683,-1.20147563324,2.73326069525,-0.784545626266
6.29,0.273611213222,-0.351792754388,0.525739015655,0.171542523345,-0.0328633321867,-0.267284107022,-1.19959000563,2.73054445424,-0.783039895032
6.29125,0.273824704195,-0.351831700307,0.525404298769,0.17004421682,-0.0294518622902,-0.26826196342,-1.19769651425,2.7277865584,-0.781526528135
6.2925,0.274036323764,-0.351866384044,0.525068360746,0.16854828206,-0.0260438657907,-0.269237923342,-1.19579520221,2.72498703031,-0.780005537672
6.29375,0.2742460749,-0.351896809972,0.524731203961,0.167054728814,-0.0226393947144,-0.270211977264,-1.19388611196,2.7221458953,-0.778476935045
6.295,0.274453960586,-0.35192298253,0.524392830803,0.16556356678,-0.0192385010525,-0.27118411568,-1.19196928625,2.71926318103,-0.776940733897
6.29625,0.274659983817,-0.351944906224,0.524053243672,0.164074805598,-0.0158412367618,-0.272154329099,-1.19004476792,2.71633891625,-0.775396946449
6.2975,0.2748641476,-0.351962585622,0.52371244498,0.16258845486,-0.0124476537619,-0.273122608046,-1.18811259972,2.71337313187,-0.773845585059
6.29875,0.275066454954,-0.351976025359,0.523370437152,0.161104524099,-0.00905780393214,-0.274088943062,-1.18617282416,2.71036586006,-0.77228666305
6.3,0.27526690891,-0.351985230132,0.523027222622,0.159623022799,-0.0056717391117,-0.275053324704,-1.18422548264,2.70731713339,-0.770720192622
6.30125,0.275465512511,-0.351990204706,0.52268280384,0.158143960393,-0.00228951109867,-0.276015743543,-1.18227061753,2.70422698846,-0.769146186542
6.3025,0.275662268811,-0.35199095391,0.522337183264,0.156667346256,0.00108882835946,-0.27697619017,-1.18030827158,2.70109546403,-0.767564658202
6.30375,0.275857180877,-0.351987482636,0.521990363364,0.155193189714,0.00446322756142,-0.277934655189,-1.17833848622,2.69792259794,-0.765975620664
6.305,0.276050251785,-0.351979795841,0.521642346626,0.15372150004,0.00783363485431,-0.278891129222,-1.17636130315,2.69470843083,-0.764379086956
6.30625,0.276241484627,-0.351967898548,0.521293135541,0.152252286456,0.0111999986385,-0.279845602906,-1.17437676406,2.69145300564,-0.762775069927
6.3075,0.276430882501,-0.351951795844,0.520942732618,0.15078555813,0.0145622673684,-0.280798066897,-1.17238491129,2.68815636824,-0.761163582968
6.30875,0.276618448522,-0.35193149288,0.520591140374,0.149321324178,0.0179203895591,-0.281748511864,-1.17038578575,2.68481856434,-0.759544640039
6.31,0.276804185812,-0.35190699487,0.520238361339,0.147859593666,0.0212743137793,-0.282696928497,-1.168379428,2.6814396402,-0.757918254283
6.31125,0.276988097506,-0.351878307096,0.519884398053,0.146400375608,0.0246239886596,-0.283643307499,-1.16636588062,2.67801964732,-0.756284438956
6.3125,0.277170186751,-0.351845434899,0.51952925307,0.144943678964,0.0279693628976,-0.284587639594,-1.16434518445,2.67455863763,-0.754643207483
6.31375,0.277350456704,-0.351808383688,0.519172928954,0.143489512646,0.0313103852536,-0.285529915518,-1.16231737992,2.6710566641,-0.752994573997
6.315,0.277528910532,-0.351767158936,0.518815428281,0.142037885514,0.0346470045578,-0.286470126029,-1.16028250785,2.66751378082,-0.75133855247
6.31625,0.277705551417,-0.351721766177,0.518456753639,0.140588806377,0.0379791697057,-0.287408261899,-1.15824060981,2.6639300458,-0.749675156089
6.3175,0.277880382548,-0.351672211011,0.518096907626,0.13914228399,0.0413068296723,-0.288344313919,-1.1561917273,2.6603055204,-0.748004399713
6.31875,0.278053407127,-0.351618499103,0.517735892854,0.137698327059,0.0446299335067,-0.289278272899,-1.15413589864,2.65664026039,-0.746326296769
6.32,0.278224628366,-0.351560636178,0.517373711944,0.136256944243,0.0479484303233,-0.290210129661,-1.15207316454,2.65293432844,-0.744640860876
6.32125,0.278394049488,-0.351498628027,0.51701036753,0.134818144147,0.0512622693278,-0.291139875051,-1.15000356774,2.64918779471,-0.742948107291
6.3225,0.278561673726,-0.351432480504,0.516645862256,0.133381935324,0.05457139981,-0.292067499929,-1.14792714688,2.64540072087,-0.741248049712
6.32375,0.278727504326,-0.351362199527,0.51628019878,0.13194832628,0.05787577113,-0.292992995175,-1.14584394159,2.64157317287,-0.739540702136
6.325,0.278891544542,-0.351287791077,0.515913379769,0.13051732547,0.0611753327422,-0.293916351685,-1.14375399267,2.63770522385,-0.737826079467
6.32625,0.27905379764,-0.351209261195,0.515545407901,0.129088941298,0.0644700341896,-0.294837560374,-1.14165733964,2.6337969443,-0.73610419663
6.3275,0.279214266895,-0.351126615991,0.515176285868,0.127663182121,0.067759825103,-0.295756612176,-1.13955402343,2.62984840735,-0.734375067361
6.32875,0.279372955595,-0.351039861633,0.51480601637,0.12624005624,0.071044655208,-0.296673498042,-1.13744408286,2.62585968874,-0.732638706541
6.33,0.279529867036,-0.350949004353,0.514434602123,0.124819571913,0.0743244743248,-0.297588208943,-1.13532755704,2.62183086459,-0.730895129596
6.33125,0.279685004525,-0.350854050447,0.514062045848,0.123401737347,0.0775992323694,-0.298500735866,-1.13320448601,2.6177620124,-0.729144350407
6.3325,0.279838371379,-0.350755006272,0.513688350283,0.121986560698,0.0808688793558,-0.299411069819,-1.13107490873,2.61365321404,-0.727386384267
6.33375,0.279989970927,-0.350651878249,0.513313518174,0.120574050075,0.0841333654045,-0.300319201827,-1.12893886567,2.60950455414,-0.725621246818
6.335,0.280139806505,-0.350544672859,0.512937552278,0.119164213534,0.0873926407412,-0.301225122936,-1.12679639615,2.60531611493,-0.723848952464
6.33625,0.280287881461,-0.350433396647,0.512560455366,0.117757059085,0.0906466556919,-0.302128824208,-1.12464753689,2.60108797986,-0.72206951603
6.3375,0.280434199152,-0.350318056219,0.512182230218,0.116352594692,0.0938953606908,-0.303030296726,-1.12249232841,2.5968202404,-0.720282953762
6.33875,0.280578762947,-0.350198658245,0.511802879624,0.114950828264,0.0971387062929,-0.303929531592,-1.12033081042,2.59251298592,-0.718489280587
6.34,0.280721576223,-0.350075209454,0.511422406389,0.113551767666,0.100376643156,-0.304826519927,-1.11816302,2.58816630493,-0.716688511113
6.34125,0.280862642366,-0.349947716637,0.511040813325,0.112155420714,0.103609122055,-0.30572125287,-1.11598899716,2.5837802938,-0.71488066194
6.3425,0.281001964775,-0.349816186648,0.510658103257,0.110761795173,0.10683609389,-0.306613721582,-1.11380877974,2.57935504703,-0.71306574846
6.34375,0.281139546854,-0.349680626402,0.510274279021,0.109370898765,0.110057509673,-0.307503917241,-1.11162240587,2.57489066032,-0.71124378585
6.345,0.281275392022,-0.349541042874,0.509889343464,0.107982739158,0.113273320541,-0.308391831047,-1.10942991463,2.57038723261,-0.709414790128
6.34625,0.281409503702,-0.349397443101,0.509503299443,0.106597323978,0.116483477754,-0.309277454217,-1.10723134429,2.56584486502,-0.707578777371
6.3475,0.281541885332,-0.34924983418,0.509116149828,0.105214660798,0.119687932703,-0.31016077799,-1.10502673351,2.5612636613,-0.705735763404
6.34875,0.281672540354,-0.349098223269,0.508727897498,0.103834757144,0.122886636908,-0.311041793625,-1.10281611862,2.55664372288,-0.703885763585
6.35,0.281801472224,-0.348942617588,0.508338545344,0.102457620501,0.126079542011,-0.311920492399,-1.10059953804,2.5519851552,-0.702028794365
6.35125,0.281928684406,-0.348783024414,0.507948096267,0.101083258299,0.129266599796,-0.312796865611,-1.09837703109,2.54728806852,-0.700164872251
6.3525,0.28205418037,-0.348619451088,0.50755655318,0.0997116779234,0.132447762182,-0.31367090458,-1.09614863428,2.5425525719,-0.698294013398
6.35375,0.2821779636,-0.348451905009,0.507163919006,0.0983428867134,0.135622981225,-0.314542600645,-1.09391438494,2.53777877496,-0.696416234109
6.355,0.282300037587,-0.348280393635,0.506770196678,0.096976891961,0.138792209119,-0.315411945165,-1.09167432216,2.53296679197,-0.6945315503
6.35625,0.28242040583,-0.348104924486,0.506375389143,0.095613700908,0.141955398205,-0.31627892952,-1.08942848289,2.52811673803,-0.692639978763
6.3575,0.282539071839,-0.34792550514,0.505979499354,0.0942533207538,0.145112500964,-0.317143545112,-1.08717690234,2.52322872744,-0.690741536312
6.35875,0.282656039132,-0.347742143234,0.50558253028,0.0928957586522,0.148263470024,-0.318005783361,-1.08491962009,2.51830288078,-0.68883623926
6.36,0.282771311236,-0.347554846465,0.505184484896,0.0915410217036,0.151408258166,-0.31886563571,-1.08265667378,2.51333931856,-0.686924104798
6.36125,0.282884891686,-0.347363622588,0.504785366191,0.0901891169677,0.15454681832,-0.319723093623,-1.08038809839,2.50833816066,-0.685005149228
6.3625,0.282996784028,-0.347168479419,0.504385177162,0.0888400514576,0.157679103568,-0.320578148583,-1.07811393196,2.50329953112,-0.683079389239
6.36375,0.283106991815,-0.346969424829,0.503983920819,0.0874938321378,0.160805067148,-0.321430792096,-1.07583421153,2.49822355565,-0.681146842658
6.365,0.283215518609,-0.346766466751,0.503581600182,0.0861504659288,0.163924662457,-0.32228101569,-1.07354897387,2.49311036259,-0.679207526355
6.36625,0.28332236798,-0.346559613173,0.50317821828,0.0848099597032,0.167037843054,-0.323128810912,-1.07125825552,2.48796007946,-0.67726145719
6.3675,0.283427543508,-0.346348872143,0.502773778154,0.0834723202899,0.170144562656,-0.323974169333,-1.0689620923,2.48277283509,-0.67530865233
6.36875,0.283531048781,-0.346134251766,0.502368282857,0.0821375544724,0.173244775142,-0.324817082543,-1.06666052132,2.47754876291,-0.673349128954
6.37,0.283632887394,-0.345915760205,0.501961735448,0.0808056689866,0.176338434563,-0.325657542155,-1.06435357953,2.47228799848,-0.67138290483
6.37125,0.283733062953,-0.34569340568,0.501554139001,0.0794766705236,0.179425495138,-0.326495539805,-1.06204130312,2.46699067702,-0.669409997829
6.3725,0.28383157907,-0.345467196468,0.501145496599,0.0781505657288,0.182505911256,-0.32733106715,-1.05972372775,2.4616569337,-0.667430424789
6.37375,0.283928439367,-0.345237140902,0.500735811333,0.0768273612042,0.185579637473,-0.328164115867,-1.05740088947,2.45628690844,-0.665444203355
6.375,0.284023647473,-0.345003247374,0.500325086309,0.0755070635052,0.188646628527,-0.328994677658,-1.05507282503,2.45088074319,-0.663451351977
6.37625,0.284117207026,-0.344765524331,0.499913324639,0.0741896791417,0.191706839331,-0.329822744247,-1.05273956967,2.44543857877,-0.661451887845
6.3775,0.284209121671,-0.344523980276,0.499500529448,0.072875214581,0.194760224974,-0.330648307378,-1.05040115883,2.43996055847,-0.659445828614
6.37875,0.284299395063,-0.344278623768,0.499086703871,0.0715636762446,0.197806740727,-0.331471358818,-1.04805762923,2.43444682942,-0.657433192873
6.38,0.284388030862,-0.344029463424,0.498671851051,0.0702550705079,0.200846342047,-0.33229189036,-1.0457090167,2.42889753914,-0.655413998766
6.38125,0.284475032739,-0.343776507913,0.498255974145,0.0689494037028,0.203878984575,-0.333109893815,-1.04335535606,2.42331283547,-0.653388264425
6.3825,0.284560404371,-0.343519765962,0.497839076317,0.0676466821178,0.206904624136,-0.333925361021,-1.04099668323,2.41769286912,-0.651356007302
6.38375,0.284644149444,-0.343259246353,0.497421160742,0.0663469119948,0.209923216747,-0.334738283834,-1.03863303366,2.41203779212,-0.64931724603
6.385,0.284726271651,-0.34299495792,0.497002230607,0.0650500995336,0.212934718616,-0.335548654136,-1.03626444177,2.40634775843,-0.647271999958
6.38625,0.284806774693,-0.342726909556,0.496582289107,0.0637562508903,0.215939086144,-0.336356463833,-1.03389094355,2.40062292333,-0.645220286753
6.3875,0.284885662278,-0.342455110205,0.496161339448,0.0624653721747,0.218936275925,-0.337161704853,-1.03151257433,2.39486344262,-0.643162124493
6.38875,0.284962938123,-0.342179568866,0.495739384845,0.0611774694545,0.22192624475,-0.337964369145,-1.02912936854,2.38906947552,-0.641097532582
6.39,0.285038605952,-0.341900294593,0.495316428525,0.0598925487534,0.224908949613,-0.338764448684,-1.02674136187,2.38324118368,-0.639026530257
6.39125,0.285112669495,-0.341617296492,0.494892473723,0.0586106160498,0.227884347709,-0.33956193547,-1.02434858866,2.37737872592,-0.636949135196
6.3925,0.285185132492,-0.341330583724,0.494467523686,0.0573316772817,0.230852396428,-0.340356821522,-1.02195108285,2.37148226464,-0.634865366158
6.39375,0.285255998688,-0.341040165501,0.494041581669,0.0560557383427,0.233813053371,-0.341149098886,-1.0195488806,2.36555196768,-0.632775243423
6.395,0.285325271838,-0.34074605109,0.493614650939,0.0547828050802,0.236766276347,-0.341938759631,-1.017142017,2.3595880006,-0.630678785876
6.39625,0.285392955701,-0.34044824981,0.49318673477,0.0535128833002,0.239712023372,-0.34272579585,-1.01473052413,2.35359052737,-0.628576011423
6.3975,0.285459054046,-0.340146771032,0.492757836449,0.0522459787699,0.242650252666,-0.343510199659,-1.01231443762,2.34755971975,-0.626466940071
6.39875,0.285523570648,-0.339841624179,0.492327959271,0.0509820972062,0.245580922672,-0.344291963201,-1.00989379303,2.34149574986,-0.624351591807
6.4,0.285586509289,-0.339532818725,0.491897106541,0.0497212442873,0.24850399204,-0.345071078639,-1.00746862329,2.3353987859,-0.622229984958
6.40125,0.285647873759,-0.339220364199,0.491465281575,0.048463425648,0.251419419637,-0.345847538163,-1.00503896289,2.32926900331,-0.620102139021
6.4025,0.285707667853,-0.338904270176,0.491032487696,0.0472086468801,0.254327164549,-0.346621333987,-1.00260484513,2.32310657701,-0.617968074391
6.40375,0.285765895376,-0.338584546287,0.49059872824,0.0459569135351,0.257227186079,-0.347392458349,-1.00016630571,2.31691168295,-0.615827810748
6.405,0.285822560137,-0.338261202211,0.49016400655,0.0447082311158,0.260119443756,-0.348160903513,-0.99772337847,2.31068449998,-0.613681367236
6.40625,0.285877665954,-0.337934247678,0.489728325981,0.043462605089,0.263003897329,-0.348926661767,-0.99527609483,2.30442520436,-0.611528763398
6.4075,0.28593121665,-0.337603692468,0.489291689896,0.0422200408788,0.265880506767,-0.349689725422,-0.992824490208,2.29813397723,-0.609370019856
6.40875,0.285983216056,-0.337269546411,0.488854101667,0.0409805438634,0.268749232272,-0.350450086817,-0.990368599139,2.29181100306,-0.60720515678
6.41,0.28603366801,-0.336931819387,0.488415564678,0.0397441193809,0.271610034275,-0.351207738314,-0.987908454499,2.28545646369,-0.605034193518
6.41125,0.286082576354,-0.336590521325,0.487976082321,0.0385107727272,0.274462873431,-0.351962672301,-0.985444089076,2.27907054202,-0.6028571505
6.4125,0.286129944941,-0.336245662203,0.487535657998,0.0372805091582,0.27730771063,-0.35271488119,-0.982975536055,2.27265342387,-0.600674048053
6.41375,0.286175777627,-0.335897252049,0.487094295118,0.0360533338871,0.280144506991,-0.353464357421,-0.980502830351,2.26620529817,-0.598484906686
6.415,0.286220078276,-0.335545300936,0.486651997104,0.0348292520823,0.282973223875,-0.354211093457,-0.978026005288,2.25972635404,-0.596289747023
6.41625,0.286262850758,-0.335189818989,0.486208767385,0.0336082688738,0.285793822876,-0.354955081788,-0.975545092962,2.25321677921,-0.594088588878
6.4175,0.286304098948,-0.334830816379,0.4857646094,0.0323903893499,0.288606265823,-0.355696314929,-0.973060126404,2.24667676446,-0.591881452942
6.41875,0.286343826731,-0.334468303324,0.485319526597,0.0311756185578,0.291410514787,-0.356434785421,-0.970571138623,2.24010650178,-0.589668360249
6.42,0.286382037995,-0.334102290092,0.484873522436,0.0299639615034,0.294206532078,-0.35717048583,-0.968078163385,2.23350618583,-0.587449331544
6.42125,0.286418736635,-0.333732786994,0.484426600383,0.0287554231494,0.296994280252,-0.357903408749,-0.965581233663,2.22687601245,-0.585224387691
6.4225,0.286453926553,-0.333359804391,0.483978763914,0.0275500084192,0.299773722109,-0.358633546799,-0.963080381695,2.22021617533,-0.582993549597
6.42375,0.286487611656,-0.332983352689,0.483530016516,0.0263477221951,0.30254482069,-0.359360892623,-0.960575640153,2.21352687084,-0.58075683819
6.425,0.286519795858,-0.332603442339,0.483080361683,0.0251485693188,0.305307539286,-0.360085438894,-0.958067041705,2.2068082986,-0.578514274161
6.42625,0.286550483079,-0.332220083841,0.482629802919,0.0239525545909,0.308061841437,-0.360807178309,-0.955554618827,2.20006065796,-0.576265879204
6.4275,0.286579677244,-0.331833287736,0.482178343737,0.0227596827718,0.310807690931,-0.361526103592,-0.953038404742,2.19328414991,-0.574011674939
6.42875,0.286607382286,-0.331443064613,0.48172598766,0.021569958579,0.313545051811,-0.362242207496,-0.950518432041,2.186478976,-0.571751682207
6.43,0.286633602141,-0.331049425106,0.481272738218,0.0203833866917,0.316273888371,-0.362955482798,-0.947994731177,2.17964533599,-0.56948592221
6.43125,0.286658340753,-0.330652379892,0.480818598953,0.0191999717511,0.318994165151,-0.363665922302,-0.9454673356,2.17278343621,-0.567214417026
6.4325,0.28668160207,-0.330251939693,0.480363573412,0.0180197183527,0.321705846961,-0.36437351884,-0.942936278676,2.16589348298,-0.564937188278
6.43375,0.286703390049,-0.329848115275,0.479907665156,0.0168426310544,0.324408898859,-0.365078265272,-0.940401591129,2.15897567992,-0.562654256998
6.435,0.286723708648,-0.329440917446,0.479450877749,0.0156687143749,0.327103286161,-0.365780154483,-0.937863305097,2.15203023421,-0.560365645492
6.43625,0.286742561835,-0.32903035706,0.478993214769,0.0144979727916,0.329788974444,-0.366479179386,-0.935321453,2.14505735487,-0.558071376202
6.4375,0.28675995358,-0.32861644501,0.478534679801,0.0133304107424,0.332465929548,-0.367175332923,-0.932776066452,2.13805725084,-0.555771470238
6.43875,0.286775887861,-0.328199192236,0.478075276437,0.0121660326255,0.335134117571,-0.367868608062,-0.930227176781,2.13103012969,-0.553465949088
6.44,0.286790368661,-0.327778609716,0.477615008281,0.0110048428004,0.337793504872,-0.368558997796,-0.927674816466,2.12397620421,-0.551154836114
6.44125,0.286803399968,-0.327354708474,0.477153878943,0.00984684558433,0.340444058082,-0.369246495152,-0.92511901762,2.11689568775,-0.548838153213
6.4425,0.286814985775,-0.326927499571,0.476691892043,0.00869204525635,0.343085744092,-0.369931093179,-0.922559811232,2.1097887919,-0.546515922281
6.44375,0.286825130082,-0.326496994113,0.47622905121,0.00754044605625,0.345718530062,-0.370612784958,-0.91999722876,2.10265573057,-0.544188166475
6.445,0.286833836891,-0.326063203246,0.47576536008,0.00639205218445,0.348342383418,-0.371291563595,-0.917431301093,2.09549671639,-0.541854907158
6.44625,0.286841110212,-0.325626138155,0.475300822301,0.00524686780352,0.350957271853,-0.371967422226,-0.914862060671,2.08831196703,-0.53951616743
6.4475,0.28684695406,-0.325185810066,0.474835441525,0.00410489703278,0.353563163336,-0.372640354014,-0.912289539275,2.08110170063,-0.537171970848
6.44875,0.286851372455,-0.324742230246,0.474369221416,0.00296614395533,0.356160026104,-0.373310352153,-0.90971376693,2.07386613097,-0.534822338477
6.45,0.28685436942,-0.324295410001,0.473902165644,0.00183061261545,0.358747828663,-0.37397740986,-0.907134775258,2.0666054776,-0.532467293931
6.45125,0.286855948986,-0.323845360675,0.473434277891,0.000698307017188,0.361326539798,-0.374641520388,-0.904552594818,2.05931995974,-0.530106860685
6.4525,0.286856115188,-0.323392093652,0.472965561843,-0.000430768871595,0.363896128563,-0.375302677012,-0.901967257221,2.05200979614,-0.527741060478
6.45375,0.286854872064,-0.322935620353,0.472496021198,-0.00155661112586,0.366456564289,-0.375960873039,-0.899378794372,2.04467520875,-0.525369917364
6.455,0.28685222366,-0.322475952241,0.472025659661,-0.00267921585753,0.369007816585,-0.376616101805,-0.896787235831,2.03731641834,-0.522993454536
6.45625,0.286848174024,-0.322013100812,0.471554480944,-0.00379857921544,0.371549855334,-0.377268356675,-0.894192613145,2.02993364703,-0.520611694321
6.4575,0.286842727212,-0.321547077602,0.471082488769,-0.00491469739039,0.374082650702,-0.377917631041,-0.89159495655,2.02252711636,-0.518224660789
6.45875,0.286835887281,-0.321077894185,0.470609686866,-0.00602756660682,0.376606173125,-0.378563918327,-0.88899429656,2.01509705023,-0.515832377369
6.46,0.286827658295,-0.32060556217,0.470136078973,-0.00713718313179,0.379120393328,-0.379207211984,-0.886390665079,2.00764367397,-0.513434867151
6.46125,0.286818044323,-0.320130093202,0.469661668836,-0.00824354326951,0.38162528231,-0.379847505495,-0.883784090388,2.00016720973,-0.511032153929
6.4625,0.286807049437,-0.319651498964,0.46918646021,-0.00934664335776,0.384120811352,-0.380484792369,-0.881174605678,1.99266788679,-0.50862426142
6.46375,0.286794677715,-0.319169791174,0.468710456855,-0.0104464797837,0.386606952027,-0.381119066148,-0.878562241593,1.98514593102,-0.506211213633
6.465,0.286780933238,-0.318684981584,0.468233662544,-0.0115430489617,0.38908367618,-0.381750320403,-0.875947024923,1.97760156377,-0.503793033965
6.46625,0.286765820092,-0.318197081983,0.467756081054,-0.012636347346,0.391550955937,-0.382378548733,-0.873328988575,1.97003501642,-0.501369746132
6.4675,0.286749342369,-0.317706104194,0.467277716172,-0.0137263714332,0.394008763721,-0.383003744769,-0.870708162455,1.96244651809,-0.498941375133
6.46875,0.286731504164,-0.317212060074,0.466798571693,-0.0148131177522,0.396457072232,-0.383625902171,-0.868084577059,1.95483629548,-0.496507944615
6.47,0.286712309575,-0.316714961513,0.466318651417,-0.0158965828758,0.398895854459,-0.38424501463,-0.865458262422,1.94720457665,-0.494069477713
6.47125,0.286691762706,-0.316214820438,0.465837959156,-0.0169767634082,0.401325083674,-0.384861075866,-0.862829247302,1.939551592,-0.491626000075
6.4725,0.286669867666,-0.315711648804,0.465356498727,-0.0180536559941,0.403744733439,-0.38547407963,-0.860197563674,1.93187757311,-0.489177536042
6.47375,0.286646628566,-0.315205458604,0.464874273957,-0.0191272573174,0.406154777606,-0.386084019706,-0.857563239759,1.92418274695,-0.486724109066
6.475,0.286622049523,-0.31469626186,0.464391288678,-0.0201975640935,0.408555190307,-0.386690889903,-0.854926305783,1.91646734701,-0.484265744455
6.47625,0.286596134656,-0.314184070628,0.463907546732,-0.0212645730819,0.410945945974,-0.387294684067,-0.852286793571,1.90873160763,-0.481802466538
6.4775,0.28656888809,-0.313668896995,0.463423051968,-0.0223282810774,0.413327019326,-0.387895396069,-0.849644730141,1.90097575492,-0.479334300008
6.47875,0.286540313953,-0.31315075308,0.462937808242,-0.0233886849072,0.415698385361,-0.388493019817,-0.84700014479,1.89320002162,-0.476861269942
6.48,0.286510416378,-0.312629651032,0.462451819418,-0.0244457814394,0.41806001938,-0.389087549244,-0.84435307017,1.8854046457,-0.474383400785
6.48125,0.2864791995,-0.312105603031,0.461965089369,-0.0254995675826,0.420411896975,-0.389678978319,-0.841703534457,1.87758985664,-0.471900717548
6.4825,0.286446667459,-0.311578621289,0.461477621973,-0.0265500402755,0.422753994021,-0.390267301038,-0.839051565685,1.86975588688,-0.469413245855
6.48375,0.286412824399,-0.311048718046,0.460989421116,-0.0275971964968,0.425086286693,-0.390852511433,-0.83639719528,1.86190297369,-0.466921010604
6.485,0.286377674468,-0.310515905573,0.460500490694,-0.0286410332637,0.427408751456,-0.391434603565,-0.833740451964,1.85403134863,-0.4644240365
6.48625,0.286341221816,-0.309980196168,0.460010834607,-0.0296815476268,0.429721365064,-0.392013571525,-0.831081364436,1.84614124547,-0.461922349007
6.4875,0.286303470599,-0.30944160216,0.459520456765,-0.0307187366748,0.432024104569,-0.392589409437,-0.828419961743,1.83823289984,-0.459415973648
6.48875,0.286264424974,-0.308900135906,0.459029361084,-0.0317525975311,0.434316947314,-0.393162111459,-0.825756274207,1.83030654873,-0.45690493622
6.49,0.286224089105,-0.308355809792,0.458537551486,-0.0327831273603,0.436599870941,-0.393731671778,-0.823090330795,1.82236242579,-0.454389262063
6.49125,0.286182467156,-0.307808636229,0.458045031904,-0.0338103233581,0.438872853378,-0.394298084614,-0.820422159888,1.8144007649,-0.451868976745
6.4925,0.286139563297,-0.307258627658,0.457551806275,-0.0348341827601,0.441135872853,-0.39486134422,-0.817751791618,1.80642180514,-0.449344106141
6.49375,0.286095381699,-0.306705796547,0.457057878544,-0.0358547028371,0.443388907891,-0.395421444879,-0.815079253061,1.79842577974,-0.446814675729
6.495,0.286049926539,-0.306150155389,0.456563252663,-0.0368718808927,0.445631937303,-0.395978380909,-0.812404573759,1.79041292482,-0.444280711429
6.49625,0.286003201997,-0.305591716704,0.456067932591,-0.0378857142715,0.447864940203,-0.396532146658,-0.809727784013,1.78238347887,-0.441742239877
6.4975,0.285955212254,-0.305030493038,0.455571922296,-0.0388962003527,0.450087896,-0.397082736509,-0.807048911758,1.77433767682,-0.439199286836
6.49875,0.285905961496,-0.304466496964,0.45507522575,-0.0399033365509,0.452300784395,-0.397630144875,-0.804367984711,1.76627575427,-0.436651877703
6.5,0.285855453912,-0.303899741077,0.454577846934,-0.0409071203145,0.454503585386,-0.398174366203,-0.801685032167,1.75819795002,-0.434100039809
6.50125,0.285803693695,-0.303330238,0.454079789835,-0.0419075491314,0.45669627927,-0.398715394974,-0.799000083617,1.75010450076,-0.431543799084
6.5025,0.28575068504,-0.302758000379,0.453581058446,-0.0429046205236,0.458878846637,-0.399253225701,-0.796313166489,1.74199564035,-0.428983181473
6.50375,0.285696432144,-0.302183040884,0.45308165677,-0.0438983320476,0.461051268371,-0.399787852928,-0.793624309131,1.733871608,-0.426418214374
6.505,0.285640939209,-0.301605372208,0.452581588814,-0.0448886812964,0.463213525657,-0.400319271237,-0.790933540486,1.72573264135,-0.423848923731
6.50625,0.285584210441,-0.301025007069,0.452080858592,-0.0458756658988,0.465365599974,-0.400847475237,-0.78824088942,1.71757897668,-0.421275336555
6.5075,0.285526250045,-0.300441958208,0.451579470126,-0.0468592835199,0.467507473099,-0.401372459578,-0.785546384145,1.70941085077,-0.418697479552
6.50875,0.285467062232,-0.299856238387,0.451077427443,-0.0478395318592,0.469639127101,-0.401894218936,-0.782850052548,1.70122850062,-0.416115378857
6.51,0.285406651215,-0.29926786039,0.450574734579,-0.0488164086513,0.471760544351,-0.402412748025,-0.780151921583,1.69303216226,-0.413529062268
6.51125,0.28534502121,-0.298676837026,0.450071395573,-0.0497899116631,0.473871707507,-0.402928041592,-0.777452020418,1.68482207321,-0.410938556774
6.5125,0.285282176436,-0.298083181122,0.449567414475,-0.0507600387024,0.475972599534,-0.403440094417,-0.77475037869,1.67659847314,-0.408343889137
6.51375,0.285218121113,-0.297486905527,0.449062795337,-0.0517267876098,0.47806320369,-0.403948901315,-0.772047022644,1.6683615953,-0.405745086527
6.515,0.285152859467,-0.296888023112,0.448557542221,-0.052690156259,0.480143503522,-0.404454457133,-0.76934198039,1.66011167607,-0.403142176299
6.51625,0.285086395723,-0.296286546768,0.448051659194,-0.0536501425608,0.48221348288,-0.404956756756,-0.766635280564,1.65184895589,-0.400535185986
6.5175,0.28501873411,-0.295682489405,0.44754515033,-0.0546067444604,0.484273125912,-0.405455795098,-0.7639269501,1.64357366821,-0.397924142533
6.51875,0.284949878862,-0.295075863953,0.447038019707,-0.0555599599361,0.486322417051,-0.405951567112,-0.76121701681,1.63528604799,-0.395309073781
6.52,0.284879834211,-0.294466683362,0.446530271412,-0.0565097870024,0.488361341032,-0.406444067783,-0.75850551014,1.62698633576,-0.39269000772
6.52125,0.284808604394,-0.293854960601,0.446021909537,-0.0574562237114,0.49038988289,-0.406933292131,-0.755792457068,1.61867476649,-0.390066971659
6.5225,0.284736193651,-0.293240708655,0.445512938181,-0.0583992681451,0.492408027948,-0.407419235212,-0.753077884059,1.61035157369,-0.38743999321
6.52375,0.284662606224,-0.292623940531,0.445003361449,-0.0593389184216,0.494415761824,-0.407901892114,-0.750361820002,1.60201699447,-0.384809100194
6.525,0.284587846355,-0.292004669251,0.444493183451,-0.0602751726951,0.496413070434,-0.408381257962,-0.747644291312,1.59367126326,-0.382174320794
6.52625,0.284511918292,-0.291382907855,0.443982408304,-0.0612080291498,0.498399939982,-0.408857327916,-0.744925325933,1.58531461597,-0.379535683237
6.5275,0.284434826282,-0.290758669401,0.443471040131,-0.0621374860099,0.500376356974,-0.40933009717,-0.742204953053,1.57694728951,-0.376893215105
6.52875,0.284356574577,-0.290131966962,0.442959083061,-0.0630635415325,0.502342308206,-0.409799560954,-0.739483197242,1.56856951523,-0.374246945103
6.53,0.284277167429,-0.28950281363,0.442446541229,-0.063986194003,0.504297780762,-0.410265714533,-0.736760087227,1.56018152894,-0.371596901425
6.53125,0.284196609092,-0.288871222511,0.441933418775,-0.0649054417505,0.506242762028,-0.410728553208,-0.734035651664,1.55178356675,-0.36894311163
6.5325,0.284114903824,-0.288237206725,0.441419719846,-0.0658212831322,0.508177239679,-0.411188072312,-0.731309914869,1.54337585883,-0.366285605071
6.53375,0.284032055884,-0.287600779411,0.440905448594,-0.0667337165377,0.510101201676,-0.41164426722,-0.728582905742,1.53495864091,-0.363624410352
6.535,0.283948069533,-0.286961953721,0.440390609178,-0.0676427403965,0.512014636281,-0.412097133338,-0.72585465191,1.52653214627,-0.360959555519
6.53625,0.283862949033,-0.286320742821,0.439875205761,-0.0685483531675,0.513917532041,-0.412546666109,-0.723125179883,1.51809660671,-0.35829106954
6.5375,0.28377669865,-0.285677159891,0.439359242513,-0.0694505533462,0.515809877798,-0.412992861012,-0.720394516708,1.50965225633,-0.355618981018
6.53875,0.28368932265,-0.285031218126,0.438842723608,-0.0703493394593,0.517691662682,-0.413435713562,-0.717662688112,1.50119932432,-0.352943318717
6.54,0.283600825301,-0.284382930734,0.438325653229,-0.0712447100665,0.519562876109,-0.413875219309,-0.714929722881,1.49273804432,-0.350264112444
6.54125,0.283511210875,-0.283732310936,0.43780803556,-0.0721366637665,0.521423507793,-0.414311373843,-0.712195648191,1.48426864886,-0.347581390315
6.5425,0.283420483642,-0.283079371965,0.437289874794,-0.073025199187,0.523273547731,-0.414744172785,-0.709460488946,1.47579136577,-0.344895181104
6.54375,0.283328647877,-0.282424127067,0.436771175128,-0.0739103149888,0.525112986207,-0.415173611795,-0.706724272635,1.4673064269,-0.342205515062
6.545,0.283235707854,-0.281766589499,0.436251940765,-0.0747920098686,0.526941813798,-0.415599686572,-0.703987027629,1.45881406354,-0.339512421033
6.54625,0.283141667852,-0.281106772532,0.435732175912,-0.0756702825579,0.528760021366,-0.416022392848,-0.701248779126,1.45031450363,-0.336815928404
6.5475,0.283046532148,-0.280444689446,0.435211884783,-0.0765451318164,0.530567600057,-0.416441726393,-0.698509552257,1.44180797439,-0.33411606621
6.54875,0.282950305022,-0.279780353532,0.434691071596,-0.0774165564385,0.532364541302,-0.416857683014,-0.695769376961,1.43329470787,-0.331412864136
6.55,0.282852990757,-0.279113778092,0.434169740575,-0.0782845552588,0.534150836827,-0.417270258554,-0.693028279085,1.42477493259,-0.328706352286
6.55125,0.282754593634,-0.27844497644,0.433647895949,-0.0791491271362,0.535926478634,-0.417679448894,-0.690286282082,1.41624887143,-0.325996560116
6.5525,0.282655117939,-0.277773961896,0.433125541953,-0.080010270964,0.537691459005,-0.418085249954,-0.687543415069,1.40771675334,-0.323283517173
6.55375,0.282554567957,-0.277100747792,0.432602682824,-0.0808679856739,0.539445770517,-0.418487657687,-0.684799704897,1.39917880659,-0.32056725272
6.555,0.282452947975,-0.27642534747,0.432079322809,-0.0817222702262,0.541189406022,-0.418886668086,-0.682055175815,1.39063525541,-0.317847797442
6.55625,0.282350262281,-0.275747774277,0.431555466154,-0.0825731236135,0.542922358655,-0.419282277181,-0.679309856093,1.38208632635,-0.315125181908
6.5575,0.282246515166,-0.275068041573,0.431031117116,-0.0834205448665,0.544644621838,-0.41967448104,-0.676563771435,1.37353224271,-0.312399435109
6.55875,0.282141710919,-0.274386162723,0.430506279952,-0.084264533042,0.546356189262,-0.420063275769,-0.673816947113,1.36497322887,-0.309670587603
6.56,0.282035853833,-0.2737021511,0.429980958926,-0.0851050872343,0.54805705491,-0.420448657509,-0.671069410617,1.35640950934,-0.306938669917
6.56125,0.281928948201,-0.273016020085,0.429455158308,-0.0859422065686,0.549747213036,-0.420830622443,-0.668321186424,1.34784130407,-0.304203711414
6.5625,0.281820998317,-0.272327783067,0.42892888237,-0.0867758902003,0.55142665817,-0.421209166788,-0.665572302296,1.33926883922,-0.301465743371
6.56375,0.281712008476,-0.27163745344,0.428402135391,-0.0876061373243,0.553095385134,-0.421584286802,-0.662822784699,1.33069233605,-0.298724796517
6.565,0.281601982973,-0.270945044604,0.427874921653,-0.0884329471621,0.55475338901,-0.421955978779,-0.660072657763,1.32211201301,-0.295980900933
6.56625,0.281490926108,-0.270250569967,0.427347245444,-0.0892563189687,0.556400665166,-0.422324239054,-0.657321947205,1.31352809049,-0.293234086996
6.5675,0.281378842176,-0.269554042941,0.426819111055,-0.0900762520301,0.558037209237,-0.422689063997,-0.654570680035,1.30494078845,-0.290484385391
6.56875,0.281265735478,-0.268855476944,0.426290522784,-0.0908927456688,0.559663017137,-0.423050450018,-0.651818884177,1.29635033009,-0.287731827734
6.57,0.281151610312,-0.268154885399,0.42576148493,-0.0917057992405,0.561278085062,-0.423408393566,-0.649066581895,1.28775692929,-0.284976444596
6.57125,0.281036470979,-0.267452281732,0.4252320018,-0.0925154121236,0.56288240946,-0.423762891129,-0.646313798518,1.27916080067,-0.282218266193
6.5725,0.280920321782,-0.266747679375,0.424702077703,-0.0933215837368,0.564475987063,-0.424113939232,-0.643560564083,1.27056216751,-0.279457324132
6.57375,0.28080316702,-0.266041091764,0.424171716952,-0.0941243135338,0.566058814879,-0.424461534439,-0.640806901993,1.26196124548,-0.276693650085
6.575,0.280685010998,-0.265332532338,0.423640923866,-0.0949236009918,0.567630890177,-0.424805673357,-0.638052835802,1.25335824507,-0.273927274395
6.57625,0.280565858018,-0.264622014539,0.423109702769,-0.0957194456233,0.569192210492,-0.425146352625,-0.635298393041,1.24475338224,-0.271158228122
6.5775,0.280445712384,-0.263909551812,0.422578057985,-0.0965118469744,0.570742773633,-0.425483568927,-0.632543599664,1.23614687373,-0.268386543314
6.57875,0.2803245784,-0.263195157604,0.422045993846,-0.0973008046224,0.572282577676,-0.425817318984,-0.629788481149,1.22753893153,-0.265612251292
6.58,0.280202460372,-0.262478845367,0.421513514687,-0.0980863181773,0.573811620962,-0.426147599555,-0.627033061767,1.21892976611,-0.262835383501
6.58125,0.280079362605,-0.261760628552,0.420980624847,-0.0988683872769,0.575329902092,-0.426474407442,-0.624277367029,1.21031958986,-0.260055971148
6.5825,0.279955289404,-0.261040520612,0.420447328669,-0.0996470115948,0.576837419936,-0.426797739483,-0.62152142371,1.20170861476,-0.257274046078
6.58375,0.279830245076,-0.260318535002,0.419913630499,-0.100422190836,0.578334173628,-0.427117592558,-0.618765256326,1.19309705,-0.254489640656
6.585,0.279704233927,-0.259594685178,0.419379534687,-0.101193924736,0.579820162561,-0.427433963585,-0.616008889074,1.18448510277,-0.251702785306
6.58625,0.279577260264,-0.258868984596,0.41884504559,-0.101962213059,0.581295386385,-0.427746849521,-0.613252347557,1.17587298244,-0.248913512428
6.5875,0.279449328394,-0.258141446712,0.418310167564,-0.102727055605,0.582759845017,-0.428056247366,-0.610495659055,1.16726089897,-0.246121855582
6.58875,0.279320442625,-0.257412084983,0.417774904971,-0.103488452206,0.584213538633,-0.42836215416,-0.607738847657,1.15864905727,-0.243327845158
6.59,0.279190607264,-0.256680912866,0.417239262178,-0.104246402724,0.58565646766,-0.428664566979,-0.604981936703,1.15003766111,-0.240531512861
6.59125,0.279059826618,-0.255947943814,0.416703243554,-0.105000907048,0.587088632786,-0.428963482942,-0.602224952587,1.14142691594,-0.23773289189
6.5925,0.278928104996,-0.255213191284,0.416166853471,-0.105751965105,0.58851003495,-0.429258899209,-0.599467920051,1.13281702665,-0.234932014109
6.59375,0.278795446705,-0.254476668727,0.415630096306,-0.106499576848,0.589920675352,-0.429550812977,-0.596710864318,1.12420819724,-0.232128911932
6.595,0.278661856054,-0.253738389595,0.415092976438,-0.107243742266,0.591320555443,-0.429839221488,-0.593953811347,1.11560062946,-0.229323617589
6.59625,0.27852733735,-0.252998367338,0.414555498252,-0.107984461377,0.592709676926,-0.430124122021,-0.591196784381,1.10699452294,-0.22651616365
6.5975,0.278391894901,-0.252256615403,0.414017666133,-0.108721734227,0.594088041751,-0.430405511898,-0.588439807848,1.09839007898,-0.223706582904
6.59875,0.278255533014,-0.251513147234,0.413479484472,-0.109455560896,0.595455652123,-0.430683388479,-0.585682908019,1.08978749767,-0.220894907511
6.6,0.278118255998,-0.250767976273,0.412940957662,-0.110185941497,0.596812510495,-0.430957749166,-0.582926109956,1.08118697793,-0.218081170681
6.60125,0.27798006816,-0.250021115958,0.412402090099,-0.110912876171,0.598158619568,-0.431228591405,-0.580169436239,1.07258871549,-0.215265404802
6.6025,0.277840973808,-0.249272579724,0.411862886184,-0.111636365088,0.599493982284,-0.431495912678,-0.577412912918,1.06399290856,-0.212447642605
6.60375,0.277700977248,-0.248522381002,0.411323350318,-0.112356408454,0.600818601839,-0.431759710512,-0.574656566476,1.05539975513,-0.209627917343
6.605,0.277560082787,-0.247770533219,0.410783486907,-0.113073006504,0.602132481672,-0.432019982472,-0.571900417248,1.04680944373,-0.206806261519
6.60625,0.277418294731,-0.247017049798,0.410243300362,-0.113786159497,0.603435625449,-0.432276726166,-0.569144491613,1.03822217163,-0.203982708672
6.6075,0.277275617388,-0.246261944155,0.409702795092,-0.114495867733,0.604728037101,-0.432529939243,-0.56638881714,1.02963813691,-0.201157292042
6.60875,0.277132055062,-0.245505229705,0.409161975513,-0.115202131539,0.606009720791,-0.432779619396,-0.563633413907,1.02105752391,-0.198330043997
6.61,0.276987612059,-0.244746919853,0.408620846044,-0.115904951268,0.60728068091,-0.433025764353,-0.560878307272,1.01248052411,-0.195500997893
6.61125,0.276842292684,-0.243987028003,0.408079411103,-0.116604327308,0.608540922101,-0.43326837189,-0.558123524377,1.00390733328,-0.192670187903
6.6125,0.276696101241,-0.243225567548,0.407537675114,-0.117300260078,0.609790449244,-0.433507439823,-0.555369086447,0.995338136766,-0.189837647429
6.61375,0.276549042034,-0.24246255188,0.406995642503,-0.117992750024,0.611029267443,-0.433742966009,-0.552615019183,0.986773122116,-0.187003409155
6.615,0.276401119366,-0.24169799438,0.406453317699,-0.118681797626,0.612257382049,-0.433974948346,-0.549861347196,0.978212477259,-0.184167506302
6.61625,0.27625233754,-0.240931908424,0.405910705132,-0.119367403392,0.613474798636,-0.434203384775,-0.54710809215,0.969656387088,-0.181329973373
6.6175,0.276102700857,-0.240164307383,0.405367809237,-0.120049567857,0.614681523017,-0.434428273279,-0.544355281545,0.961105039414,-0.178490844053
6.61875,0.27595221362,-0.239395204617,0.404824634449,-0.120728291596,0.615877561235,-0.434649611885,-0.541602938483,0.952558615796,-0.175650151414
6.62,0.275800880128,-0.23862461348,0.404281185207,-0.121403575203,0.617062919556,-0.434867398658,-0.538851084423,0.944017297894,-0.172807929857
6.62125,0.275648704682,-0.237852547318,0.403737465952,-0.122075419307,0.61823760448,-0.435081631709,-0.536099747791,0.93548127312,-0.169964213035
6.6225,0.27549569158,-0.237079019469,0.403193481128,-0.122743824572,0.619401622739,-0.435292309191,-0.533348950984,0.926950718508,-0.16711903462
6.62375,0.275341845121,-0.236304043261,0.402649235179,-0.123408791684,0.620554981276,-0.435499429296,-0.530598714528,0.918425811119,-0.16427242864
6.625,0.275187169601,-0.235527632016,0.402104732555,-0.124070321359,0.621697687267,-0.435702990262,-0.527849066589,0.909906735262,-0.161424429007
6.62625,0.275031669317,-0.234749799043,0.401559977704,-0.124728414351,0.622829748114,-0.435902990369,-0.525100030461,0.901393667209,-0.158575070509
6.6275,0.274875348565,-0.233970557645,0.401014975079,-0.125383071435,0.623951171435,-0.436099427938,-0.522351628456,0.892886782941,-0.155724387469
6.62875,0.274718211639,-0.233189921114,0.400469729134,-0.126034293422,0.625061965071,-0.436292301337,-0.519603885437,0.884386258986,-0.152872413491
6.63,0.274560262831,-0.232407902733,0.399924244325,-0.126682081149,0.626162137082,-0.436481608972,-0.516856823668,0.875892268107,-0.15001918257
6.63125,0.274401506436,-0.231624515772,0.399378525111,-0.127326435481,0.627251695742,-0.436667349294,-0.514110468237,0.867404985325,-0.147164729947
6.6325,0.274241946743,-0.230839773493,0.398832575952,-0.127967357319,0.628330649545,-0.436849520797,-0.511364843965,0.858924584168,-0.144309089683
6.63375,0.274081588042,-0.230053689148,0.398286401309,-0.128604847591,0.629399007202,-0.437028122018,-0.508619972681,0.850451235391,-0.141452295782
6.635,0.273920434624,-0.229266275975,0.397740005647,-0.129238907251,0.630456777634,-0.437203151536,-0.505875877275,0.841985108462,-0.138594383804
6.63625,0.273758490774,-0.228477547204,0.397193393431,-0.129869537284,0.631503969973,-0.437374607977,-0.503132582372,0.833526372776,-0.135735388085
6.6375,0.273595760781,-0.22768751605,0.396646569127,-0.130496738707,0.632540593566,-0.437542490007,-0.500390112421,0.825075198486,-0.132875343047
6.63875,0.273432248928,-0.22689619572,0.396099537206,-0.131120512565,0.63356665797,-0.437706796335,-0.49764849029,0.816631752957,-0.130014283934
6.64,0.273267959499,-0.226103599405,0.395552302136,-0.131740859933,0.634582172948,-0.437867525717,-0.49490773842,0.808196199551,-0.12715224442
6.64125,0.273102896778,-0.225309740287,0.395004868391,-0.132357781911,0.635587148468,-0.438024676946,-0.492167880583,0.799768703087,-0.124289259509
6.6425,0.272937065044,-0.224514631534,0.394457240444,-0.132971279634,0.636581594706,-0.438178248865,-0.489428941086,0.791349430938,-0.121425366172
6.64375,0.272770468579,-0.223718286301,0.393909422769,-0.133581354264,0.637565522046,-0.438328240361,-0.486690942176,0.782938544592,-0.118560597798
6.645,0.272603111659,-0.222920717729,0.393361419843,-0.134188006989,0.638538941067,-0.43847465036,-0.483953907155,0.774536204125,-0.115694988756
6.64625,0.272434998561,-0.222121938948,0.392813236143,-0.134791239032,0.639501862556,-0.438617477833,-0.481217860357,0.766142572019,-0.112828575482
6.6475,0.272266133561,-0.221321963073,0.392264876148,-0.13539105164,0.640454297498,-0.438756721798,-0.478482824718,0.757757808259,-0.109961392855
6.64875,0.272096520932,-0.220520803204,0.391716344339,-0.135987446094,0.641396257077,-0.438892381315,-0.47574882218,0.749382070444,-0.10709347639
6.65,0.271926164946,-0.21971847243,0.391167645195,-0.136580423696,0.642327752674,-0.439024455489,-0.473015875525,0.741015514006,-0.104224860092
6.65125,0.271755069873,-0.218914983823,0.3906187832,-0.137169985782,0.643248795862,-0.439152943466,-0.470284010356,0.732658297585,-0.101355579432
6.6525,0.271583239981,-0.21811035044,0.390069762836,-0.137756133722,0.644159398418,-0.439277844438,-0.467553248393,0.724310577397,-0.0984856716741
6.65375,0.271410679538,-0.217304585327,0.389520588589,-0.138338868903,0.645059572305,-0.439399157645,-0.464823611082,0.715972504554,-0.095615171142
6.655,0.271237392809,-0.21649770151,0.388971264942,-0.138918192749,0.645949329679,-0.439516882366,0.0535962304355,2.56488013866,0.223095434251
6.65625,0.271063384057,-0.215689712002,0.388421796383,-0.138204878327,0.651471772652,-0.438841419059,1.50219767465,7.74755737618,1.11395546405
6.6575,0.270891880613,-0.214869022078,0.387874161395,-0.135162698563,0.665318223119,-0.436731993706,1.91170613869,9.16418432195,1.37200458431
6.65875,0.27072547731,-0.214026416445,0.387329966399,-0.133425612981,0.674382233457,-0.435411407598,0.453157441785,3.86196961669,0.484601327923
6.66,0.270558316581,-0.213183066494,0.386785632876,-0.134029804958,0.674973147161,-0.435520490386,-0.481954851284,0.46910194481,-0.0858751208284
6.66125,0.270390402798,-0.212338983577,0.386241165173,-0.134630500109,0.675554988319,-0.435626095401,-0.479158342279,0.461849570155,-0.0830927518564
6.6625,0.270221740331,-0.211494179023,0.385696567637,-0.135227700814,0.676127771087,-0.435728222266,-0.476363745554,0.454608560454,-0.0803100970188
6.66375,0.270052333546,-0.210648664149,0.385151844617,-0.135821409473,0.67669150972,-0.435826870643,-0.473571075315,0.447378996029,-0.0775271875114
6.665,0.269882186807,-0.209802450249,0.384607000461,-0.136411628502,0.677246218577,-0.435922040234,-0.470780346672,0.440160955731,-0.0747440542114
6.66625,0.269711304475,-0.208955548602,0.384062039516,-0.136998360339,0.677791912109,-0.436013730779,-0.467991574476,0.432954516117,-0.0719607270071
6.6675,0.269539690906,-0.208107970469,0.383516966134,-0.137581607438,0.678328604867,-0.436101942052,-0.465204776765,0.425759758355,-0.0691772368213
6.66875,0.269367350456,-0.20725972709,0.382971784661,-0.138161372281,0.678856311505,-0.436186673871,-0.462419967482,0.418576758187,-0.0663936148385
6.67,0.269194287475,-0.20641082969,0.382426499449,-0.138737657357,0.679375046762,-0.436267926089,-0.459637159531,0.411405589642,-0.0636098910945
6.67125,0.269020506313,-0.205561289473,0.381881114846,-0.13931046518,0.679884825479,-0.436345698598,-0.456856371852,0.404246333812,-0.0608260967624
6.6725,0.268846011312,-0.204711117626,0.381335635202,-0.139879798287,0.680385662597,-0.436419991331,-0.454077619651,0.39709906622,-0.0580422642429
6.67375,0.268670806817,-0.203860325317,0.380790064868,-0.140445659229,0.680877573145,-0.436490804259,-0.45130091583,0.389963857521,-0.0552584229695
6.675,0.268494897164,-0.203008923694,0.380244408192,-0.141008050576,0.681360572241,-0.436558137388,-0.448526275937,0.382840783794,-0.0524746029441
6.67625,0.26831828669,-0.202156923886,0.379698669524,-0.141566974919,0.681834675104,-0.436621990766,-0.44575371769,0.375729923786,-0.0496908381137
6.6775,0.268140979727,-0.201304337006,0.379152853215,-0.142122434871,0.68229989705,-0.436682364484,-0.442983255289,0.368631346385,-0.0469071576163
6.67875,0.267962980603,-0.200451174144,0.378606963613,-0.142674433057,0.68275625347,-0.43673925866,-0.440214902204,0.361545122775,-0.0441235913286
6.68,0.267784293644,-0.199597446372,0.378061005068,-0.143222972126,0.683203759857,-0.436792673462,-0.437448676087,0.354471331411,-0.0413401739252
6.68125,0.267604923173,-0.198743164744,0.377514981929,-0.143768054747,0.683642431799,-0.436842609095,-0.434684591482,0.347410040706,-0.0385569349191
6.6825,0.267424873508,-0.197888340293,0.376968898546,-0.144309683605,0.684072284959,-0.436889065799,-0.431922661477,0.340361318183,-0.0357739036303
6.68375,0.267244148964,-0.197032984032,0.376422759265,-0.144847861401,0.684493335094,-0.436932043854,-0.429162903993,0.333325240092,-0.0329911140739
6.685,0.267062753854,-0.196177106955,0.375876568436,-0.145382590865,0.684905598059,-0.436971543584,-0.426405334457,0.326301877101,-0.0302085976728
6.68625,0.266880692487,-0.195320720036,0.375330330406,-0.145913874737,0.685309089787,-0.437007565348,-0.423649965546,0.319291294056,-0.0274263838492
6.6875,0.266697969167,-0.19446383423,0.374784049523,-0.146441715779,0.685703826294,-0.437040109544,-0.42089681391,0.312293562115,-0.0246445046173
6.68875,0.266514588197,-0.193606460471,0.374237730132,-0.146966116772,0.686089823692,-0.43706917661,-0.418145894775,0.305308751342,-0.0218629926394
6.69,0.266330553875,-0.192748609671,0.373691376581,-0.147487080516,0.686467098173,-0.437094767026,-0.415397223492,0.29833692891,-0.0190818794636
6.69125,0.266145870496,-0.191890292725,0.373144993215,-0.148004609831,0.686835666015,-0.437116881309,-0.412650815423,0.291378161916,-0.0163011952282
6.6925,0.265960542351,-0.191031520506,0.372598584378,-0.148518707554,0.687195543577,-0.437135520014,-0.40990668283,0.284432513996,-0.0135209709129
6.69375,0.265774573727,-0.190172303866,0.372052154415,-0.149029376538,0.6875467473,-0.437150683736,-0.40716484184,0.277500053681,-0.0107412404191
6.695,0.265587968909,-0.189312653638,0.371505707668,-0.149536619659,0.687889293712,-0.437162373115,-0.404425311257,0.270580851122,-0.00796203536311
6.69625,0.265400732178,-0.188452580632,0.370959248482,-0.150040439816,0.688223199427,-0.437170588824,-0.401688103591,0.26367496688,-0.0051833855764
6.6975,0.26521286781,-0.187592095639,0.370412781196,-0.150540839918,0.688548481129,-0.437175331579,-0.398953231746,0.256782464311,-0.00240532380076
6.69875,0.265024380078,-0.186731209429,0.369866310153,-0.151037822895,0.688865155588,-0.437176602134,-0.396220714111,0.249903412021,0.000372117563074
6.7,0.264835273253,-0.18586993275,0.369319839691,-0.151531391703,0.689173239659,-0.437174401285,-0.393490563715,0.243037869939,0.00314890747859
6.70125,0.264645551599,-0.18500827633,0.36877337415,-0.152021549305,0.689472750263,-0.437168729865,-0.390762794655,0.236185900144,0.00592501431811
6.7025,0.264455219379,-0.184146250875,0.368226917866,-0.15250829869,0.689763704409,-0.437159588749,-0.38803742508,0.22934756912,0.00870040580594
6.70375,0.264264280852,-0.183283867069,0.367680475178,-0.152991642867,0.690046119186,-0.437146978851,-0.385314468207,0.222522937634,0.0114750492344
6.705,0.264072740272,-0.182421135577,0.367134050419,-0.15347158486,0.690320011753,-0.437130901126,-0.382593938554,0.215712066319,0.0142489126915
6.70625,0.26388060189,-0.18155806704,0.366587647925,-0.153948127714,0.690585399352,-0.437111356569,-0.379875851041,0.208915013582,0.0170219661072
6.7075,0.263687869953,-0.180694672078,0.366041272028,-0.154421274488,0.690842299287,-0.437088346211,-0.377160220552,0.20213184157,0.0197941762622
6.70875,0.263494548704,-0.179830961291,0.365494927059,-0.154891028265,0.691090728955,-0.437061871128,-0.374447063462,0.195362613619,0.0225655094027
6.71,0.263300642382,-0.178966945256,0.36494861735,-0.155357392146,0.691330705821,-0.437031932437,-0.371736392509,0.188607383512,0.0253359352996
6.71125,0.263106155223,-0.178102634527,0.364402347228,-0.155820369246,0.691562247414,-0.43699853129,-0.369028223525,0.18186621063,0.0281054221659
6.7125,0.262911091459,-0.177238039637,0.363856121022,-0.156279962705,0.691785371348,-0.436961668882,-0.366322573365,0.175139157392,0.0308739369075
6.71375,0.262715455317,-0.176373171099,0.363309943056,-0.15673617568,0.692000095308,-0.436921346448,-0.363619454259,0.168426278719,0.033641446737
6.715,0.26251925102,-0.175508039399,0.362763817656,-0.157189011341,0.692206437045,-0.436877565265,-0.360918880574,0.161727630729,0.0364079198107
6.71625,0.262322482788,-0.174642655006,0.362217749143,-0.157638472881,0.692404414385,-0.436830326648,-0.358220867645,0.155043269024,0.0391733246829
6.7175,0.262125154838,-0.173777028363,0.361671741839,-0.15808456351,0.692594045217,-0.436779631953,-0.355525431093,0.148373250528,0.0419376283276
6.71875,0.26192727138,-0.172911169893,0.361125800063,-0.158527286459,0.692775347511,-0.436725482577,-0.352832587163,0.141717634364,0.0447007983325
6.72,0.261728836622,-0.172045089994,0.360579928133,-0.158966644978,0.692948339303,-0.436667879957,-0.350142348367,0.135076471969,0.0474628030702
6.72125,0.261529854767,-0.171178799045,0.360034130363,-0.15940264233,0.693113038691,-0.43660682557,-0.347454728899,0.12844981739,0.0502236089233
6.7225,0.261330330016,-0.170312307398,0.359488411069,-0.1598352818,0.693269463847,-0.436542320935,-0.344769744385,0.121837725015,0.0529831838207
6.72375,0.261130266563,-0.169445625385,0.358942774561,-0.160264566691,0.693417633003,-0.43647436761,-0.342087410718,0.115240249386,0.0557414957484
6.725,0.260929668599,-0.168578763315,0.35839722515,-0.160690500327,0.69355756447,-0.436402967196,-0.339407742251,0.108657443991,0.0584985118167
6.72625,0.260728540312,-0.167711731474,0.357851767143,-0.161113086046,0.693689276613,-0.436328121331,-0.336730751178,0.102089356307,0.0612541999431
6.7275,0.260526885884,-0.166844540124,0.357306404846,-0.161532327205,0.693812787861,-0.436249831696,-0.334056454119,0.0955360418061,0.0640085270789
6.72875,0.260324709494,-0.165977199504,0.356761142564,-0.161948227182,0.693928116718,-0.436168100013,-0.331384866126,0.0889975533652,0.0667614606414
6.73,0.260122015316,-0.165109719832,0.356215984596,-0.16236078937,0.694035281744,-0.436082928044,-0.328716000615,0.082473937789,0.0695129682981
6.73125,0.25991880752,-0.1642421113,0.355670935243,-0.162770017183,0.694134301562,-0.435994317592,-0.326049873991,0.0759652481349,0.0722630174664
6.7325,0.259715090273,-0.163374384078,0.355125998802,-0.163175914055,0.694225194865,-0.435902270501,-0.323386499173,0.0694715336692,0.0750115750975
6.73375,0.259510867735,-0.162506548313,0.354581179567,-0.163578483431,0.694307980396,-0.435806788654,-0.320725890958,0.0629928421176,0.0777586081994
6.735,0.259306144064,-0.161638614127,0.354036481831,-0.163977728783,0.69438267697,-0.43570787398,-0.318068064991,0.0565292238548,0.0805040845194
6.73625,0.259100923413,-0.16077059162,0.353491909882,-0.164373653594,0.694449303456,-0.435605528443,-0.315413034224,0.0500807254269,0.0832479719861
6.7375,0.25889520993,-0.159902490868,0.35294746801,-0.164766261368,0.694507878783,-0.43549975405,-0.312760814563,0.0436473955716,0.0859902371872
6.73875,0.25868900776,-0.159034321923,0.352403160497,-0.16515555563,0.694558421945,-0.43539055285,-0.31011141906,0.0372292804485,0.088730846619
6.74,0.258482321041,-0.158166094813,0.351858991627,-0.165541539916,0.694600951985,-0.435277926934,-0.307464863295,0.0308264275162,0.091469767915
6.74125,0.25827515391,-0.157297819543,0.35131496568,-0.165924217788,0.694635488014,-0.43516187843,-0.304821163837,0.0244388853418,0.0942069686744
6.7425,0.258067510497,-0.156429506093,0.350771086931,-0.166303592825,0.694662049198,-0.435042409512,-0.302180331187,0.0180666943209,0.0969424163145
6.74375,0.257859394928,-0.15556116442,0.350227359656,-0.166679668616,0.69468065475,-0.43491952239,-0.299542381151,0.0117099015199,0.0996760767975
6.745,0.257650811325,-0.154692804457,0.349683788125,-0.167052448778,0.694691323952,-0.43479321932,-0.296907330795,0.00536855590667,0.102407917484
6.74625,0.257441763806,-0.15382443611,0.349140376608,-0.167421936943,0.694694076139,-0.434663502596,-0.294275190924,-0.000957304027338,0.105137906439
6.7475,0.257232256483,-0.152956069266,0.348597129369,-0.167788136756,0.694688930692,-0.434530374554,-0.291645976193,-0.00726763528291,0.107866010114
6.74875,0.257022293464,-0.152087713784,0.348054050671,-0.168151051884,0.694675907051,-0.434393837571,-0.289019703877,-0.013562389438,0.110592194858
6.75,0.256811878853,-0.151219379499,0.347511144775,-0.168510686015,0.694655024718,-0.434253894067,-0.286396387293,-0.0198415252129,0.113316427758
6.75125,0.256601016749,-0.150351076222,0.346968415936,-0.168867042852,0.694626303238,-0.434110546501,-0.283776039123,-0.026105004585,0.116038677606
6.7525,0.256389711246,-0.149482813741,0.346425868409,-0.169220126113,0.694589762207,-0.433963797373,-0.281158674744,-0.0323527832165,0.118758909855
6.75375,0.256177966434,-0.148614601816,0.345883506443,-0.169569939539,0.69454542128,-0.433813649227,-0.278544309816,-0.038584816977,0.12147709009
6.755,0.255965786397,-0.147746450187,0.345341334286,-0.169916486888,0.694493300164,-0.433660104647,-0.275932956498,-0.0448010704048,0.12419318823
6.75625,0.255753175217,-0.146878368566,0.344799356181,-0.17025977193,0.694433418604,-0.433503166256,-0.273324629836,-0.051001501555,0.126907169647
6.7575,0.255540136967,-0.146010366641,0.34425757637,-0.170599798462,0.69436579641,-0.433342836723,-0.270719345809,-0.057186067869,0.129619000427
6.75875,0.25532667572,-0.145142454075,0.343715999089,-0.170936570295,0.694290453434,-0.433179118755,-0.268117116644,-0.0633547338595,0.132328649579
6.76,0.255112795542,-0.144274640507,0.343174628573,-0.171270091254,0.694207409576,-0.433012015099,-0.265517956575,-0.0695074596536,0.135036082031
6.76125,0.254898500492,-0.143406935551,0.342633469052,-0.171600365186,0.694116684785,-0.43284152855,-0.262921880875,-0.0756442067114,0.137741265019
6.7625,0.254683794629,-0.142539348795,0.342092524752,-0.171927395956,0.694018299059,-0.432667661937,-0.260328903505,-0.0817649369396,0.140444166061
6.76375,0.254468682002,-0.141671889803,0.341551799897,-0.172251187445,0.693912272443,-0.432490418135,-0.257739038835,-0.0878696125227,0.143144751155
6.765,0.25425316666,-0.140804568114,0.341011298706,-0.172571743553,0.693798625028,-0.432309800059,-0.255152300946,-0.0939581989172,0.145842988547
6.76625,0.254037252644,-0.139937393241,0.340471025397,-0.172889068197,0.693677376946,-0.432125810663,-0.252568703581,-0.100030658677,0.148538844087
6.7675,0.25382094399,-0.139070374672,0.33993098418,-0.173203165312,0.693548548381,-0.431938452949,-0.249988261572,-0.106086953861,0.151232282974
6.76875,0.25360424473,-0.13820352187,0.339391179264,-0.173514038851,0.693412159561,-0.431747729956,-0.247410989334,-0.112127050534,0.15392327366
6.77,0.253387158892,-0.137336844273,0.338851614855,-0.173821692785,0.693268230755,-0.431553644764,-0.244836900214,-0.118150914483,0.156611783632
6.77125,0.253169690498,-0.136470351293,0.338312295152,-0.174126131102,0.693116782275,-0.431356200497,-0.242266007388,-0.124158512494,0.159297779067
6.7725,0.252951843565,-0.135604052317,0.337773224354,-0.174427357804,0.692957834473,-0.431155400317,-0.239698326448,-0.130149808683,0.16198122579
6.77375,0.252733622104,-0.134737956707,0.337234406652,-0.174725376918,0.692791407753,-0.430951247432,-0.237133872912,-0.136124765956,0.164662090208
6.775,0.252515030122,-0.133872073798,0.336695846235,-0.175020192486,0.692617522558,-0.430743745091,-0.234572658348,-0.142083356465,0.167340340772
6.77625,0.252296071623,-0.1330064129,0.336157547289,-0.175311808564,0.692436199362,-0.43053289658,-0.232014696309,-0.148025548762,0.170015943718
6.7775,0.252076750601,-0.132140983299,0.335619513994,-0.175600229227,0.692247458687,-0.430318705232,-0.229460004641,-0.153951303787,0.17268886462
6.77875,0.25185707105,-0.131275794254,0.335081750526,-0.175885458575,0.692051321102,-0.430101174419,-0.226908594936,-0.15986059318,0.175359070897
6.78,0.251637036955,-0.130410854997,0.334544261058,-0.176167500714,0.691847807204,-0.429880307555,-0.224360479308,-0.165753389297,0.178026529352
6.78125,0.251416652298,-0.129546174736,0.334007049757,-0.176446359774,0.691636937629,-0.429656108096,-0.221815674962,-0.171629656541,0.180691206253
6.7825,0.251195921055,-0.128681762653,0.333470120787,-0.176722039902,0.691418733062,-0.429428579539,-0.219274194364,-0.177489365987,0.183353069008
6.78375,0.250974847198,-0.127817627903,0.332933478308,-0.176994545259,0.691193214214,-0.429197725423,-0.216736051067,-0.183332489428,0.186012084055
6.785,0.250753434692,-0.126953779617,0.332397126474,-0.177263880029,0.690960401839,-0.428963549329,-0.21420126061,-0.189158994246,0.188668216788
6.78625,0.250531687498,-0.126090226898,0.331861069435,-0.177530048411,0.690720316729,-0.428726054881,-0.211669836261,-0.194968852432,0.191321435614
6.7875,0.250309609571,-0.125226978825,0.331325311337,-0.17779305462,0.690472979708,-0.42848524574,-0.20914179205,-0.200762035166,0.193971706346
6.78875,0.250087204861,-0.124364044449,0.33078985632,-0.178052902891,0.690218411641,-0.428241125615,-0.206617141561,-0.206538514195,0.196618994562
6.79,0.249864477314,-0.123501432796,0.330254708522,-0.178309597474,0.689956633422,-0.427993698254,-0.204095897345,-0.212298265393,0.199263269553
6.79125,0.249641430868,-0.122639152866,0.329719872075,-0.178563142634,0.689687665977,-0.427742967441,-0.201578076053,-0.218041256721,0.201904496373
6.7925,0.249418069457,-0.121777213631,0.329185351104,-0.178813542664,0.68941153028,-0.427488937013,-0.199063691355,-0.223767459968,0.204542640824
6.79375,0.249194397011,-0.12091562404,0.328651149732,-0.179060801863,0.689128247327,-0.427231610839,-0.196552754022,-0.229476854122,0.20717767087
6.795,0.248970417453,-0.120054393013,0.328117272077,-0.179304924549,0.688837838145,-0.426970992835,-0.194045279159,-0.235169411152,0.209809552257
6.79625,0.2487461347,-0.119193529445,0.32758372225,-0.179545915061,0.688540323799,-0.426707086959,-0.191541283306,-0.240845102485,0.212438252242
6.7975,0.248521552665,-0.118333042203,0.327050504359,-0.179783777757,0.688235725389,-0.426439897205,-0.189040778969,-0.246503905046,0.215063737994
6.79875,0.248296675255,-0.117472940131,0.326517622507,-0.180018517008,0.687924064037,-0.426169427614,-0.186543777653,-0.252145794474,0.217685975235
6.8,0.248071506372,-0.116613232043,0.32598508079,-0.180250137201,0.687605360903,-0.425895682267,-0.184050294484,-0.257770746396,0.220304930394
6.80125,0.247846049912,-0.115753926729,0.325452883301,-0.180478642744,0.687279637171,-0.425618665288,-0.181560344032,-0.263378736111,0.222920570331
6.8025,0.247620309765,-0.11489503295,0.324921034127,-0.180704038062,0.686946914062,-0.425338380841,-0.179073941337,-0.268969737476,0.225532862032
6.80375,0.247394289817,-0.114036559444,0.324389537349,-0.180926327598,0.686607212827,-0.425054833133,-0.176591096636,-0.274543732664,0.228141772436
6.805,0.247167993946,-0.113178514918,0.323858397044,-0.181145515803,0.686260554731,-0.42476802641,-0.174111822957,-0.280100697861,0.230747267358
6.80625,0.246941426028,-0.112320908057,0.323327617283,-0.181361607155,0.685906961082,-0.424477964964,-0.171636139783,-0.285640605151,0.233349313612
6.8075,0.246714589929,-0.111463747516,0.322797202132,-0.181574606153,0.685546453218,-0.424184653126,-0.169164057559,-0.291163437467,0.235947878946
6.80875,0.246487489512,-0.110607041924,0.32226715565,-0.181784517299,0.685179052489,-0.423888095267,-0.166695587188,-0.296669173983,0.238542928651
6.81,0.246260128635,-0.109750799884,0.321737481894,-0.181991345121,0.684804780283,-0.423588295804,-0.16423074685,-0.302157789252,0.241134429177
6.81125,0.246032511149,-0.108895029973,0.321208184911,-0.182195094166,0.684423658016,-0.423285259194,-0.161769550175,-0.307629263261,0.243722348102
6.8125,0.2458046409,-0.108039740739,0.320679268746,-0.182395768996,0.684035707125,-0.422978989934,-0.159312005701,-0.313083581486,0.246306652713
6.81375,0.245576521727,-0.107184940705,0.320150737436,-0.18259337418,0.683640949062,-0.422669492562,-0.156858129236,-0.318520720904,0.24888730951
6.815,0.245348157464,-0.106330638367,0.319622595014,-0.182787914319,0.683239405322,-0.42235677166,-0.154407939146,-0.323940655608,0.251464283752
6.81625,0.245119551941,-0.105476842192,0.319094845507,-0.182979394028,0.682831097423,-0.422040831853,-0.151961444379,-0.329343372303,0.254037542351
6.8175,0.244890708979,-0.104623560623,0.318567492935,-0.18316781793,0.682416046892,-0.421721677804,-0.149518657838,-0.334728852627,0.256607052393
6.81875,0.244661632396,-0.103770802075,0.318040541312,-0.183353190673,0.681994275291,-0.421399314222,-0.147079596536,-0.340097075349,0.259172781807
6.82,0.244432326003,-0.102918574935,0.317513994649,-0.183535516921,0.681565804203,-0.42107374585,-0.144644271416,-0.345448025288,0.261734697392
6.82125,0.244202793604,-0.102066887564,0.316987856948,-0.183714801351,0.681130655228,-0.420744977478,-0.142212695033,-0.350781683795,0.264292763552
6.8225,0.243973038999,-0.101215748297,0.316462132205,-0.183891048659,0.680688849994,-0.420413013941,-0.139784883771,-0.356098030303,0.266846947375
6.82375,0.243743065982,-0.100365165439,0.315936824413,-0.184064263561,0.680240410152,-0.42007786011,-0.137360851608,-0.361397050182,0.269397218398
6.825,0.24351287834,-0.0995151472714,0.315411937555,-0.184234450788,0.679785357368,-0.419739520895,-0.134940609615,-0.366678729159,0.27194354235
6.82625,0.243282479855,-0.0986657020458,0.314887475611,-0.184401615085,0.67932371333,-0.419398001254,-0.132524170596,-0.371943047551,0.274485883472
6.8275,0.243051874303,-0.0978168379881,0.314363442552,-0.184565761214,0.678855499749,-0.419053306186,-0.130111551141,-0.377189988586,0.277024210874
6.82875,0.242821065452,-0.0969685632965,0.313839842345,-0.184726893963,0.678380738358,-0.418705440727,-0.127702762666,-0.382419540952,0.279558491707
6.83,0.242590057068,-0.0961208861422,0.31331667895,-0.184885018121,0.677899450897,-0.418354409957,-0.125297816118,-0.387631689228,0.282088690847
6.83125,0.242358852907,-0.0952738146692,0.31279395632,-0.185040138503,0.677411659135,-0.418000219,-0.122896731096,-0.392826413059,0.28461477728
6.8325,0.242127456722,-0.0944273569943,0.312271678403,-0.185192259949,0.676917384864,-0.417642873014,-0.120499518511,-0.398003701505,0.287136717969
6.83375,0.241895872257,-0.0935815212071,0.311749849138,-0.185341387299,0.676416649881,-0.417282377205,-0.118106187364,-0.403163543697,0.289654477842
6.835,0.241664103253,-0.0927363153696,0.31122847246,-0.185487525417,0.675909476005,-0.416918736819,-0.115716755408,-0.408305920371,0.292168024123
6.83625,0.241432153444,-0.0918917475171,0.310707552296,-0.185630679188,0.67539588508,-0.416551957144,-0.113331236668,-0.413430817852,0.294677324206
6.8375,0.241200026555,-0.0910478256569,0.310187092567,-0.185770853509,0.674875898961,-0.416182043509,-0.110949641606,-0.418538229437,0.297182346765
6.83875,0.24096772631,-0.0902045577696,0.309667097187,-0.185908053292,0.674349539507,-0.415809001277,-0.108571984794,-0.423628138188,0.299683057313
6.84,0.240735256422,-0.0893619518082,0.309147570064,-0.186042283471,0.673816828615,-0.415432835865,-0.106198280542,-0.428700528613,0.302179421277
6.84125,0.240502620601,-0.0885200156981,0.308628515097,-0.186173548993,0.673277788185,-0.415053552724,-0.103828539324,-0.433755395488,0.304671408151
6.8425,0.24026982255,-0.0876787573377,0.308109936182,-0.186301854819,0.672732440126,-0.414671157345,-0.101462777229,-0.438792721991,0.30715898402
6.84375,0.240036865964,-0.0868381845978,0.307591837204,-0.186427205936,0.67218080638,-0.414285655264,-0.0991010084022,-0.443812495541,0.30964211528
6.845,0.239803754535,-0.0859983053218,0.307074222044,-0.18654960734,0.671622908887,-0.413897052057,-0.0967432420452,-0.448814711177,0.312120770286
6.84625,0.239570491946,-0.0851591273256,0.306557094574,-0.186669064041,0.671058769602,-0.413505353338,-0.0943894924433,-0.453799355546,0.314594915744
6.8475,0.239337081875,-0.0843206583978,0.30604045866,-0.186785581071,0.670488410499,-0.413110564767,-0.0920397757341,-0.458766414266,0.317064517645
6.84875,0.239103527993,-0.0834829062993,0.305524318162,-0.186899163481,0.669911853567,-0.412712692044,-0.0896941038491,-0.463715879724,0.319529544151
6.85,0.238869833966,-0.0826458787638,0.30500867693,-0.187009816331,0.669329120799,-0.412311740907,-0.0873524884696,-0.468647744725,0.321989963731
6.85125,0.238636003452,-0.0818095834973,0.30449353881,-0.187117544702,0.668740234205,-0.411907717135,-0.0850149444432,-0.473561996034,0.324445740819
6.8525,0.238402040104,-0.0809740281783,0.303978907637,-0.187222353692,0.668145215809,-0.411500626555,-0.0826814832465,-0.478458626024,0.326896842955
6.85375,0.238167947568,-0.0801392204578,0.303464787243,-0.18732424841,0.66754408764,-0.411090475028,-0.08035211942,-0.483337626231,0.329343240179
6.855,0.237933729483,-0.0793051679592,0.30295118145,-0.187423233991,0.666936871744,-0.410677268455,-0.0780268656342,-0.488198988128,0.331784897946
6.85625,0.237699389483,-0.0784718782784,0.302438094072,-0.187519315574,0.666323590169,-0.410261012783,-0.0757057345197,-0.49304270284,0.334221782794
6.8575,0.237464931194,-0.0776393589838,0.301925528918,-0.187612498327,0.665704264987,-0.409841713998,-0.0733887412139,-0.497868760962,0.336653863707
6.85875,0.237230358237,-0.076807617616,0.301413489787,-0.187702787427,0.665078918267,-0.409419378124,-0.0710758953801,-0.502677158187,0.339081106745
6.86,0.236995674226,-0.0759766616881,0.300901980473,-0.187790188065,0.664447572091,-0.408994011231,-0.068767212963,-0.507467883229,0.341503478808
6.86125,0.236760882767,-0.0751464986858,0.300391004759,-0.18787470546,0.663810248559,-0.408565619426,-0.0664627069909,-0.512240931332,0.34392094941
6.8625,0.236525987462,-0.0743171360667,0.299880566424,-0.187956344833,0.663166969763,-0.408134208857,-0.064162388162,-0.516996297635,0.346333485788
6.86375,0.236290991905,-0.0734885812613,0.299370669237,-0.18803511143,0.662517757815,-0.407699785712,-0.0618662711076,-0.521733970385,0.348741052767
6.865,0.236055899683,-0.0726608416722,0.29886131696,-0.188111010511,0.661862634837,-0.407262356225,-0.0595743701297,-0.526453944842,0.351143619082
6.86625,0.235820714379,-0.0718339246743,0.298352513346,-0.188184047355,0.661201622953,-0.406821926664,-0.0572866962159,-0.531156219866,0.353541154846
6.8675,0.235585439565,-0.0710078376148,0.297844262143,-0.188254227251,0.660534744287,-0.406378503338,-0.0550032602007,-0.535840788012,0.355933625104
6.86875,0.235350078811,-0.0701825878135,0.297336567088,-0.188321555506,0.659862020983,-0.405932092602,-0.0527240796657,-0.540507638837,0.358320997202
6.87,0.235114635676,-0.0693581825624,0.296829431912,-0.18838603745,0.65918347519,-0.405482700845,-0.0504491676168,-0.545156769398,0.360703239721
6.87125,0.234879113717,-0.0685346291256,0.296322860336,-0.188447678425,0.658499129059,-0.405030334502,-0.0481785332738,-0.549788178348,0.363080320142
6.8725,0.23464351648,-0.0677119347397,0.295816856075,-0.188506483783,0.657809004744,-0.404575000045,-0.0459121910183,-0.554401858656,0.365452206319
6.87375,0.234407847507,-0.0668901066137,0.295311422836,-0.188562458902,0.657113124413,-0.404116703986,-0.0436501540946,-0.558997805925,0.36781886576
6.875,0.234172110333,-0.0660691519287,0.294806564315,-0.188615609169,0.656411510229,-0.40365545288,-0.0413924350198,-0.56357601777,0.370180266771
6.87625,0.233936308485,-0.0652490778381,0.294302284204,-0.18866593999,0.655704184368,-0.40319125332,-0.0391390489881,-0.568136486392,0.372536376636
6.8775,0.233700445483,-0.0644298914678,0.293798586182,-0.188713456791,0.654991169013,-0.402724111939,-0.0368900068395,-0.572679210805,0.374887163457
6.87875,0.233464524843,-0.0636115999156,0.293295473924,-0.188758165007,0.654272486341,-0.402254035411,-0.0346453202553,-0.577204189548,0.377232594707
6.88,0.233228550071,-0.0627942102519,0.292792951093,-0.188800070092,0.653548158539,-0.401781030452,-0.0324050028894,-0.581711417583,0.379572638337
6.88125,0.232992524667,-0.0619777295192,0.292291021348,-0.188839177514,0.652818207797,-0.401305103815,-0.0301690688332,-0.586200892002,0.381907263267
6.8825,0.232756452127,-0.0611621647324,0.291789688334,-0.188875492764,0.652082656309,-0.400826262294,-0.0279375315302,-0.590672609717,0.384236437139
6.88375,0.232520335935,-0.0603475228785,0.291288955692,-0.188909021343,0.651341526273,-0.400344512722,-0.0257104016782,-0.595126569485,0.386560127362
6.885,0.232284179573,-0.0595338109167,0.290788827052,-0.188939768768,0.650594839886,-0.399859861975,-0.0234876924765,-0.599562769871,0.388878302306
6.88625,0.232047986514,-0.0587210357788,0.290289306037,-0.188967740574,0.649842619348,-0.399372316966,-0.0212694164361,-0.60398120963,0.391190930503
6.8875,0.231811760222,-0.0579092043684,0.28979039626,-0.188992942309,0.649084886862,-0.398881884649,-0.01905558712,-0.608381884709,0.393497979337
6.88875,0.231575504158,-0.0570983235616,0.289292101325,-0.189015379542,0.648321664636,-0.398388572018,-0.0168462184775,-0.61276479299,0.39579941772
6.89,0.231339221773,-0.0562884002068,0.28879442483,-0.189035057855,0.647552974879,-0.397892386105,-0.0146413212406,-0.617129937675,0.398095214729
6.89125,0.231102916513,-0.0554794411244,0.28829737036,-0.189051982845,0.646778839792,-0.397393333981,-0.012440909228,-0.621477315882,0.400385337565
6.8925,0.230866591816,-0.0546714531073,0.287800941495,-0.189066160128,0.64599928159,-0.396891422761,-0.0102449952635,-0.62580692392,0.402669753174
6.89375,0.230630251113,-0.0538644429204,0.287305141803,-0.189077595333,0.645214322482,-0.396386659598,-0.00805358998832,-0.630118766146,0.40494843214
6.895,0.230393897828,-0.0530584173011,0.286809974846,-0.189086294103,0.644423984674,-0.395879051681,-0.00586670981306,-0.634412839396,0.407221343238
6.89625,0.230157535378,-0.0522533829587,0.286315444174,-0.189092262108,0.643628290384,-0.39536860624,-0.0036843643386,-0.63868914539,0.409488453471
6.8975,0.229921167172,-0.0514493465751,0.28582155333,-0.189095505014,0.642827261811,-0.394855330547,-0.00150656377969,-0.642947687716,0.411749732535
6.89875,0.229684796615,-0.0506463148042,0.285328305848,-0.189096028517,0.642020921165,-0.394339231909,0.000666671473937,-0.647188457228,0.414005147627
6.9,0.229448427101,-0.0498442942722,0.28483570525,-0.189093838336,0.641209290668,-0.393820317678,0.00283533219658,-0.65141145926,0.416254667903
6.90125,0.229212062019,-0.0490432915776,0.284343755053,-0.189088940187,0.640392392516,-0.393298595239,0.00499940809959,-0.655616697465,0.418498262423
6.9025,0.228975704751,-0.0482433132909,0.283852458762,-0.189081339815,0.639570248924,-0.392774072022,0.00715888467653,-0.659804170077,0.420735899581
6.90375,0.22873935867,-0.0474443659552,0.283361819873,-0.189071042975,0.638742882091,-0.39224675549,0.00931375124082,-0.663973882042,0.422967549395
6.905,0.228503027143,-0.0466464560857,0.282871841874,-0.189058055437,0.637910314219,-0.391716653148,0.0114639940307,-0.668125832256,0.425193179098
6.90625,0.228266713531,-0.0458495901697,0.28238252824,-0.18904238299,0.637072567511,-0.391183772542,0.0136095991593,-0.672260020294,0.427412757296
6.9075,0.228030421186,-0.0450537746669,0.281893882442,-0.189024031439,0.636229664168,-0.390648121255,0.0157505520008,-0.676376447457,0.429626254379
6.90875,0.227794153452,-0.0442590160093,0.281405907937,-0.18900300661,0.635381626392,-0.390109706907,0.0178868444436,-0.680475120322,0.431833638873
6.91,0.227557913669,-0.0434653206009,0.280918608175,-0.188979314328,0.634528476367,-0.389568537158,0.020018465284,-0.684556042359,0.434034879504
6.91125,0.227321705167,-0.0426726948184,0.280431986594,-0.188952960447,0.633670236286,-0.389024619708,0.0221453958716,-0.688619208962,0.436229945194
6.9125,0.227085531268,-0.0418811450102,0.279946046626,-0.188923950839,0.632806928345,-0.388477962295,0.024267627208,-0.692664626118,0.438418804674
6.91375,0.22684939529,-0.0410906774975,0.279460791689,-0.188892291379,0.631938574721,-0.387928572696,0.0263851480497,-0.69669230017,0.440601428784
6.915,0.22661330054,-0.0403012985734,0.278976225194,-0.188857987968,0.631065197594,-0.387376458723,0.0284979411674,-0.700702228027,0.442777785725
6.91625,0.22637725032,-0.0395130145035,0.278492350542,-0.188821046526,0.630186819151,-0.386821628232,0.0306059993932,-0.704694417327,0.444947844096
6.9175,0.226141247923,-0.0387258315255,0.278009171123,-0.18878147297,0.629303461551,-0.386264089113,0.0327093097951,-0.708668872118,0.447111574448
6.91875,0.225905296637,-0.0379397558496,0.277526690319,-0.188739273251,0.62841514697,-0.385703849296,0.0348078543482,-0.712625589542,0.449268945357
6.92,0.22566939974,-0.0371547936581,0.2770449115,-0.188694453334,0.627521897577,-0.385140916749,0.036901625856,-0.716564579957,0.45141992673
6.92125,0.225433560504,-0.0363709511057,0.276563838027,-0.188647019187,0.626623735521,-0.384575299479,0.0389906106761,-0.720485845296,0.453564488168
6.9225,0.225197782192,-0.0355882343193,0.276083473251,-0.188596976807,0.625720682964,-0.384007005529,0.0410747924263,-0.724389384512,0.455702598947
6.92375,0.224962068062,-0.0348066493983,0.275603820513,-0.188544332206,0.624812762059,-0.383436042981,0.0431541650357,-0.728275209578,0.457834228649
6.925,0.224726421362,-0.0340262024142,0.275124883144,-0.188489091395,0.62389999494,-0.382862419957,0.0452287154815,-0.732143323621,0.459959346546
6.92625,0.224490845333,-0.0332468994109,0.274646664464,-0.188431260417,0.62298240375,-0.382286144615,0.0472984256305,-0.735993726534,0.462077924027
6.9275,0.224255343211,-0.0324687464048,0.274169167782,-0.188370845331,0.622060010624,-0.381707225147,0.0493632855239,-0.739826424248,0.464189929642
6.92875,0.22401991822,-0.0316917493844,0.273692396401,-0.188307852203,0.62113283769,-0.381125669791,0.0514232863054,-0.743641423798,0.466295331683
6.93,0.22378457358,-0.0309159143106,0.273216353608,-0.188242287115,0.620200907064,-0.380541486818,0.053478413588,-0.74743873073,0.468394102967
6.93125,0.223549312502,-0.0301412471167,0.272741042684,-0.188174156169,0.619264240863,-0.379954684534,0.0555286511315,-0.75121834593,0.4704862126
6.9325,0.22331413819,-0.0293677537084,0.272266466897,-0.188103465487,0.618322861199,-0.379365271286,0.0575739904377,-0.754980277549,0.472571629547
6.93375,0.223079053838,-0.0285954399637,0.271792629505,-0.188030221193,0.617376790169,-0.37877325546,0.0596144202291,-0.758724531752,0.47465032514
6.935,0.222844062637,-0.027824311733,0.271319533758,-0.187954429437,0.61642604987,-0.378178645474,0.0616499237196,-0.762451110479,0.476722269104
6.93625,0.222609167765,-0.027054374839,0.270847182892,-0.187876096384,0.615470662393,-0.377581449787,0.0636804927865,-0.766160023728,0.478787431234
6.9375,0.222374372396,-0.026285635077,0.270375580133,-0.187795228205,0.614510649811,-0.376981676896,0.0657061150662,-0.769851276078,0.480845781698
6.93875,0.222139679694,-0.0255180982145,0.269904728699,-0.187711831096,0.613546034203,-0.376379335333,0.0677267744038,-0.773524870946,0.482897291772
6.94,0.221905092818,-0.0247517699915,0.269434631795,-0.187625911269,0.612576837633,-0.375774433666,0.0697424601014,-0.777180815545,0.484941931398
6.94125,0.221670614916,-0.0239866561204,0.268965292615,-0.187537474946,0.611603082164,-0.375166980504,0.0717531603471,-0.780819116137,0.486979670842
6.9425,0.221436249131,-0.0232227622861,0.268496714344,-0.187446528368,0.610624789843,-0.374556984489,0.0737588634706,-0.784439780846,0.489010481618
6.94375,0.221201998595,-0.0224600941458,0.268028900154,-0.187353077787,0.609641982712,-0.3739444543,0.0757595576829,-0.788042814242,0.491034332151
6.945,0.220967866436,-0.0216986573293,0.267561853208,-0.187257129474,0.608654682807,-0.373329398659,0.077755228898,-0.791628223189,0.493051194872
6.94625,0.220733855772,-0.0209384574388,0.267095576657,-0.187158689715,0.607662912154,-0.372711826313,0.0797458630643,-0.795196012803,0.495061040851
6.9475,0.220499969712,-0.0201795000489,0.266630073642,-0.187057764816,0.606666692775,-0.372091746057,0.0817314511039,-0.798746190484,0.497063838753
6.94875,0.22026621136,-0.0194217907069,0.266165347292,-0.186954361087,0.605666046677,-0.371469166716,0.0837119825235,-0.802278768063,0.499059562116
6.95,0.220032583809,-0.0186653349322,0.265701400726,-0.18684848486,0.604660995855,-0.370844097151,0.0856874410715,-0.805793746998,0.501048180365
6.95125,0.219799090147,-0.0179101382172,0.265238237049,-0.186740142484,0.60365156231,-0.370216546265,0.0876578141174,-0.809291132647,0.503029663457
6.9525,0.219565733453,-0.0171562060265,0.26477585936,-0.186629340324,0.602637768024,-0.369586522993,0.0896230905425,-0.812770935305,0.505003984432
6.95375,0.219332516797,-0.0164035437972,0.264314270742,-0.186516084758,0.601619634972,-0.368954036304,0.09158325974,-0.816233163604,0.506971114282
6.955,0.219099443241,-0.015652156939,0.263853474269,-0.186400382175,0.600597185115,-0.368319095207,0.0935383107446,-0.819677826002,0.508931023347
6.95625,0.218866515841,-0.0149020508344,0.263393473004,-0.186282238981,0.599570440407,-0.367681708746,0.0954882267081,-0.823104925068,0.510883682074
6.9575,0.218633737644,-0.014153230838,0.262934269997,-0.186161661608,0.598539422802,-0.367041886002,0.0974329952555,-0.82651446791,0.512829062893
6.95875,0.218401111687,-0.0134057022774,0.262475868289,-0.186038656493,0.597504154237,-0.366399636088,0.0993726071386,-0.829906465491,0.51476713752
6.96,0.218168641002,-0.0126594704524,0.262018270907,-0.18591323009,0.596464656638,-0.365754968158,0.101307051631,-0.833280927828,0.516697877356
6.96125,0.217936328612,-0.0119145406358,0.261561480869,-0.185785388864,0.595420951917,-0.365107891395,0.103236314749,-0.83663786048,0.518621253377
6.9625,0.21770417753,-0.0111709180726,0.261105501179,-0.185655139303,0.594373061987,-0.364458415024,0.105160381781,-0.839977268563,0.520537237116
6.96375,0.217472190764,-0.0104286079808,0.260650334831,-0.18552248791,0.593321008746,-0.363806548302,0.107079242042,-0.843299161772,0.522445801289
6.965,0.21724037131,-0.00968761555077,0.260195984808,-0.185387441198,0.592264814083,-0.363152300521,0.108992883617,-0.84660354767,0.524346915557
6.96625,0.217008722161,-0.0089479459456,0.25974245408,-0.185250005701,0.591204499877,-0.362495681013,0.110901295443,-0.849890436876,0.526240553125
6.9675,0.216777246296,-0.00820960430108,0.259289745605,-0.18511018796,0.59014008799,-0.361836699138,0.112804463589,-0.853159835317,0.528126686976
6.96875,0.216545946691,-0.00747259572562,0.258837862332,-0.184967994542,0.589071600288,-0.361175364296,0.114702375765,-0.856411750453,0.530005286322
6.97,0.21631482631,-0.00673692530036,0.258386807195,-0.18482343202,0.587999058614,-0.360511685923,0.116595021916,-0.859646194028,0.531876325294
6.97125,0.216083888111,-0.00600259807909,0.257936583117,-0.184676506987,0.586922484803,-0.359845673483,0.118482387427,-0.862863171799,0.533739777194
6.9725,0.215853135042,-0.00526961908835,0.257487193011,-0.184527226052,0.585841900685,-0.35917733648,0.120364460798,-0.866062692743,0.5355956112
6.97375,0.215622570046,-0.00453799332738,0.257038639776,-0.184375595835,0.584757328071,-0.358506684455,0.122241231526,-0.869244766312,0.537443799806
6.975,0.215392196053,-0.00380772576817,0.2565909263,-0.184221622973,0.583668788769,-0.35783372698,0.124112685154,-0.872409398684,0.539284316602
6.97625,0.215162015988,-0.00307882135545,0.256144055458,-0.184065314122,0.582576304575,-0.357158473663,0.125978810507,-0.875556601786,0.541117134588
6.9775,0.214932032768,-0.00235128500673,0.255698030116,-0.183906675947,0.581479897265,-0.356480934144,0.127839594541,-0.878686382085,0.542942225769
6.97875,0.214702249298,-0.00162512161229,0.255252853123,-0.183745715136,0.58037958862,-0.355801118099,0.129695025447,-0.881798746069,0.544759560682
6.98,0.21447266848,-0.000900336035182,0.25480852732,-0.183582438383,0.579275400399,-0.355119035242,0.131545091557,-0.884893706388,0.546569113186
6.98125,0.214243293202,-0.000176933111293,0.254365055535,-0.183416852407,0.578167354354,-0.354434695316,0.133389778875,-0.887971271623,0.548370858263
6.9825,0.214014126349,0.000545082350702,0.253922440582,-0.183248963936,0.57705547222,-0.353748108096,0.13522907941,-0.89103145098,0.550164766383
6.98375,0.213785170793,0.00126570556926,0.253480685265,-0.183078779708,0.575939775726,-0.3530592834,0.137062978007,-0.894074250606,0.551950809563
6.985,0.213556429399,0.00198493179002,0.253039792373,-0.182906306491,0.574820286594,-0.352368231072,0.13889146154,-0.89709968125,0.553728962615
6.98625,0.213327905026,0.00270275628574,0.252599764687,-0.182731551054,0.573697026523,-0.351674960993,0.140714519739,-0.90010775229,0.555499197799
6.9875,0.213099600522,0.00341917435632,0.252160604971,-0.182554520191,0.572570017213,-0.350979483078,0.14253213858,-0.903098470328,0.557261488171
6.98875,0.212871518726,0.00413418132878,0.251722315979,-0.182375220708,0.571439280347,-0.350281807273,0.1443443075,-0.906071846697,0.559015806471
6.99,0.21264366247,0.00484777255719,0.251284900453,-0.182193659423,0.570304837596,-0.349581943562,0.146151014542,-0.909027891102,0.560762126531
6.99125,0.212416034577,0.00555994342277,0.25084836112,-0.182009843171,0.569166710619,-0.348879901957,0.147952246181,-0.911966611038,0.562500421972
6.9925,0.212188637862,0.00627068933374,0.250412700698,-0.181823778807,0.568024921069,-0.348175692507,0.149747989604,-0.914888014601,0.564230664906
6.99375,0.21196147513,0.00698000572544,0.249977921889,-0.181635473197,0.566879490583,-0.347469325294,0.151538235553,-0.917792114476,0.565952829686
6.995,0.211734549179,0.0076878880602,0.249544027385,-0.181444933218,0.565730440783,-0.346760810433,0.153322970391,-0.920678917779,0.567666889884
6.99625,0.211507862797,0.00839433182739,0.249111019863,-0.181252165772,0.564577793288,-0.34605015807,0.155102179662,-0.923548431553,0.569372818597
6.9975,0.211281418765,0.00909933254342,0.24867890199,-0.181057177769,0.563421569704,-0.345337378386,0.156875854543,-0.926400669199,0.571070590058
6.99875,0.211055219853,0.00980288575165,0.248247676417,-0.180859976135,0.562261791615,-0.344622481594,0.158643982365,-0.929235639573,0.572760178329
7,0.210829268824,0.0105049870225,0.247817345786,-0.180660567813,0.561098480605,-0.34390547794,0.160406548156,-0.932053347471,0.574441555779
7.00125,0.210603568433,0.0112056319532,0.247387912722,-0.180458959765,0.559931658247,-0.343186377705,0.162163541108,-0.934853804581,0.576114697401
7.0025,0.210378121425,0.0119048161681,0.246959379841,-0.180255158961,0.558761346093,-0.342465191197,0.163914950241,-0.937637022487,0.57777957773
7.00375,0.210152930536,0.0126025353184,0.246531749744,-0.180049172389,0.557587565691,-0.341741928761,0.165660762548,-0.940403007341,0.579436169193
7.005,0.209927998494,0.0132987850823,0.246105025019,-0.179841007054,0.556410338575,-0.341016600774,0.167400966291,-0.943151770096,0.581084447805
7.00625,0.209703328018,0.0139935611648,0.245679208242,-0.179630669973,0.555229686265,-0.340289217641,0.16913554835,-0.945883320106,0.582724387163
7.0075,0.209478921819,0.014686859298,0.245254301975,-0.179418168183,0.554045630275,-0.339559789806,0.170864496215,-0.948597664873,0.584355960126
7.00875,0.209254782598,0.0153786752405,0.244830308768,-0.179203508733,0.552858192103,-0.338828327741,0.172587799153,-0.951294815729,0.585979142807
7.01,0.209030913047,0.0160690047782,0.244407231156,-0.178986698685,0.551667393235,-0.338094841949,0.174305445159,-0.953974782803,0.587593909898
7.01125,0.208807315851,0.0167578437236,0.243985071663,-0.17876774512,0.550473255146,-0.337359342966,0.176017418784,-0.956637570148,0.589200234299
7.0125,0.208583993684,0.0174451879161,0.243563832799,-0.178546655138,0.54927579931,-0.336621841363,0.177723708606,-0.959283188954,0.590798091838
7.01375,0.208360949213,0.0181310332219,0.243143517059,-0.178323435848,0.548075047174,-0.335882347737,0.179424306441,-0.96191165359,0.592387457493
7.015,0.208138185095,0.018815375534,0.242724126929,-0.178098094372,0.546871020176,-0.335140872719,0.181119198402,-0.964522970854,0.593968305139
7.01625,0.207915703977,0.0194982107723,0.242305664878,-0.177870637852,0.545663739747,-0.334397426974,0.182808369414,-0.967117147284,0.595540610527
7.0175,0.2076935085,0.0201795348834,0.241888133362,-0.177641073449,0.544453227308,-0.333652021193,0.184491807352,-0.969694191083,0.597104348094
7.01875,0.207471601294,0.0208593438406,0.241471534825,-0.177409408334,0.543239504269,-0.332904666103,0.186169502348,-0.972254113739,0.598659492266
7.02,0.207249984979,0.0215376336441,0.241055871696,-0.177175649693,0.542022592023,-0.332155372462,0.187841443136,-0.97479692719,0.600206018845
7.02125,0.207028662169,0.0222144003207,0.240641146394,-0.176939804726,0.540802511951,-0.331404151056,0.18950761413,-0.977322637497,0.601743904042
7.0225,0.206807635467,0.0228896399239,0.240227361319,-0.176701880658,0.53957928543,-0.330651012702,0.191168003408,-0.979831251803,0.603273122317
7.02375,0.206586907468,0.0235633485342,0.239814518862,-0.176461884718,0.538352933821,-0.329895968251,0.192822601639,-0.982322782944,0.604793647886
7.025,0.206366480756,0.0242355222585,0.239402621398,-0.176219824154,0.537123478472,-0.329139028583,0.194471393382,-0.984797237565,0.606305457268
7.02625,0.206146357907,0.0249061572304,0.23899167129,-0.175975706234,0.535890940728,-0.328380204607,0.196114367554,-0.987254625322,0.607808526604
7.0275,0.20592654149,0.0255752496103,0.238581670887,-0.175729538235,0.534655341909,-0.327619507266,0.197751512616,-0.989694956429,0.609302830639
7.02875,0.205707034062,0.0262427955852,0.238172622522,-0.175481327453,0.533416703336,-0.326856947531,0.199382814452,-0.992118237266,0.610788344971
7.03,0.205487838171,0.0269087913687,0.237764528518,-0.175231081199,0.532175046316,-0.326092536404,0.201008262167,-0.99452447873,0.612265045834
7.03125,0.205268956359,0.027573233201,0.237357391181,-0.174978806797,0.53093039214,-0.325326284916,0.202627842208,-0.996913688599,0.613732909449
7.0325,0.205050391154,0.028236117349,0.236951212806,-0.174724511593,0.529682762094,-0.32455820413,0.204241541462,-0.99928587279,0.615191910009
7.03375,0.20483214508,0.0288974401062,0.236545995671,-0.174468202944,0.528432177458,-0.323788305141,0.205849351084,-1.00164104647,0.616642025181
7.035,0.204614220647,0.0295571977926,0.236141742043,-0.174209888215,0.527178659478,-0.323016599067,0.207451258524,-1.00397921948,0.618083232746
7.03625,0.204396620359,0.0302153867549,0.235738454173,-0.173949574797,0.525922229409,-0.322243097059,0.209047246739,-1.00630039086,0.6195155049
7.0375,0.20417934671,0.0308720033662,0.2353361343,-0.173687270098,0.524662908501,-0.321467810305,0.210637304372,-1.0086045722,0.620938819242
7.03875,0.203962402184,0.0315270440262,0.234934784647,-0.173422981536,0.523400717978,-0.320690750011,0.212221421145,-1.01089177619,0.622353154034
7.04,0.203745789256,0.0321805051611,0.234534407425,-0.173156716546,0.522135679061,-0.31991192742,0.213799586345,-1.01316201019,0.623758483238
7.04125,0.203529510393,0.0328323832238,0.234135004829,-0.172888482571,0.520867812953,-0.319131353803,0.215371784708,-1.0154152821,0.625154785513
7.0425,0.20331356805,0.0334826746935,0.233736579041,-0.172618287084,0.519597140855,-0.318349040456,0.216938002438,-1.017651599,0.626542037304
7.04375,0.203097964675,0.0341313760759,0.233339132228,-0.172346137564,0.518323683955,-0.31756499871,0.218498230743,-1.01987097025,0.627920212674
7.045,0.202882702706,0.0347784839034,0.232942666544,-0.172072041507,0.51704746343,-0.316779239924,0.220052454216,-1.02207340252,0.629289290481
7.04625,0.202667784571,0.0354239947345,0.232547184128,-0.171796006429,0.515768500449,-0.315991775484,0.221600662138,-1.0242589077,0.630649248904
7.0475,0.20245321269,0.0360679051545,0.232152687105,-0.171518039852,0.51448681616,-0.315202616802,0.223142840684,-1.0264274908,0.63200006237
7.04875,0.202238989472,0.0367102117749,0.231759177586,-0.171238149327,0.513202431722,-0.314411775328,0.224678975326,-1.02857915543,0.633341706987
7.05,0.202025117317,0.0373509112338,0.231366657667,-0.170956342413,0.511915368272,-0.313619262534,0.226209061248,-1.03071392179,0.634674164331
7.05125,0.201811598616,0.0379900001956,0.23097512943,-0.170672626674,0.510625646918,-0.312825089917,0.227733079447,-1.03283179044,0.635997409319
7.0525,0.20159843575,0.0386274753511,0.230584594942,-0.170387009715,0.509333288796,-0.312029269011,0.229251014588,-1.0349327631,0.637311416858
7.05375,0.201385631091,0.0392633334176,0.230195056257,-0.170099499138,0.50803831501,-0.311231811375,0.230762862105,-1.03701685824,0.638616166924
7.055,0.201173187002,0.0398975711386,0.229806515413,-0.169810102559,0.50674074665,-0.310432728594,0.232268605191,-1.03908407876,0.639911635795
7.05625,0.200961105835,0.0405301852842,0.229418974436,-0.169518827625,0.505440604813,-0.309632032285,0.233768227963,-1.04113442887,0.641197802258
7.0575,0.200749389933,0.0411611726507,0.229032435333,-0.169225681989,0.504137910578,-0.308829734088,0.235261723776,-1.04316792271,0.642474644008
7.05875,0.20053804163,0.0417905300607,0.2286469001,-0.168930673315,0.502832685006,-0.308025845675,0.236749079818,-1.0451845667,0.643742136697
7.06,0.20032706325,0.0424182543632,0.228262370719,-0.16863380929,0.501524949161,-0.307220378746,0.238230276972,-1.04718436166,0.645000258953
7.06125,0.200116457107,0.0430443424336,0.227878849153,-0.168335097623,0.500214724102,-0.306413345028,0.239705306143,-1.04916731917,0.646248989989
7.0625,0.199906225506,0.0436687911734,0.227496337356,-0.168034546025,0.498902030863,-0.305604756272,0.241174157259,-1.05113344805,0.647488306328
7.06375,0.199696370742,0.0442915975107,0.227114837263,-0.16773216223,0.497586890482,-0.304794624262,0.242636815796,-1.05308275362,0.648718186028
7.065,0.1994868951,0.0449127583996,0.226734350795,-0.167427953985,0.496269323979,-0.303982960806,0.244093268168,-1.05501524292,0.649938608024
7.06625,0.199277800857,0.0455322708207,0.226354879861,-0.167121929059,0.494949352375,-0.303169777742,0.245543500063,-1.05693092049,0.651149549594
7.0675,0.199069090277,0.0461501317806,0.225976426351,-0.166814095235,0.493626996678,-0.302355086932,0.246987502049,-1.05882979732,0.652350990049
7.06875,0.198860765619,0.0467663383124,0.225598992143,-0.166504460304,0.492302277881,-0.301538900267,0.248425260673,-1.06071187755,0.653542905974
7.07,0.198652829127,0.0473808874753,0.2252225791,-0.166193032083,0.490975216984,-0.300721229668,0.249856761138,-1.06257716677,0.654725276871
7.07125,0.198445283038,0.0479937763548,0.224847189069,-0.165879818401,0.489645834965,-0.299902087075,0.251281991865,-1.06442567443,0.655898083159
7.0725,0.198238129581,0.0486050020627,0.224472823883,-0.165564827104,0.488314152798,-0.29908148446,0.252700939347,-1.06625740308,0.657061299915
7.07375,0.198031370971,0.0492145617368,0.224099485358,-0.165248066053,0.486980191457,-0.298259433825,0.254113591899,-1.06807236183,0.658214907185
7.075,0.197825009415,0.0498224525413,0.223727175298,-0.164929543124,0.485643971894,-0.297435947192,0.25551993744,-1.06987055844,0.659358885037
7.07625,0.197619047113,0.0504286716666,0.22335589549,-0.164609266209,0.484305515061,-0.296611036612,0.256919959139,-1.07165199335,0.660493210455
7.0775,0.19741348625,0.051033216329,0.222985647707,-0.164287243226,0.48296484191,-0.295784714166,0.258313645259,-1.07341667487,0.661617863778
7.07875,0.197208329005,0.0516360837713,0.222616433705,-0.163963482096,0.481621973374,-0.294956991953,0.259700987243,-1.07516461263,0.662732823497
7.08,0.197003577545,0.0522372712624,0.222248255227,-0.163637990758,0.480276930379,-0.294127882107,0.261081967409,-1.07689580662,0.663838066976
7.08125,0.196799234028,0.0528367760973,0.221881113999,-0.163310777178,0.478929733857,-0.293297396785,0.262456572972,-1.07861026464,0.664933575933
7.0825,0.196595300602,0.0534345955971,0.221515011735,-0.162981849325,0.477580404717,-0.292465548167,0.263824793598,-1.08030799439,0.666019329355
7.08375,0.196391779404,0.0540307271091,0.221149950129,-0.162651215194,0.476228963871,-0.291632348462,0.265186613126,-1.08198899696,0.667095305175
7.085,0.196188672564,0.0546251680067,0.220785930864,-0.162318882793,0.474875432225,-0.290797809904,0.266542021967,-1.08365328199,0.668161483554
7.08625,0.195985982197,0.0552179156896,0.220422955604,-0.161984860139,0.473519830666,-0.289961944753,0.267891004626,-1.085300851,0.669217843034
7.0875,0.195783710413,0.0558089675834,0.220061026002,-0.161649155281,0.472162180097,-0.289124765296,0.269233544952,-1.08693170813,0.670264364993
7.08875,0.195581859309,0.0563983211399,0.219700143691,-0.161311776276,0.470802501396,-0.288286283841,0.270569636308,-1.08854586369,0.671301028461
7.09,0.195380430973,0.0569859738369,0.219340310292,-0.16097273119,0.469440815438,-0.287446512725,0.271899261992,-1.09014331652,0.672327811145
7.09125,0.195179427481,0.0575719231785,0.218981527409,-0.160632028121,0.468077143104,-0.286605464313,0.273222406918,-1.09172407307,0.673344695934
7.0925,0.194978850902,0.0581561666947,0.218623796631,-0.160289675173,0.466711505255,-0.285763150985,0.274539061644,-1.09328813956,0.674351661115
7.09375,0.194778703293,0.0587387019416,0.218267119532,-0.159945680467,0.465343922756,-0.28491958516,0.275849210163,-1.09483551746,0.675348685815
7.095,0.194578986701,0.0593195265015,0.217911497668,-0.159600052148,0.463974416462,-0.284074779271,0.277152840221,-1.0963662137,0.676335752456
7.09625,0.194379703163,0.0598986379828,0.217556932584,-0.159252798367,0.462603007221,-0.283228745779,0.278449940873,-1.09788023182,0.677312838593
7.0975,0.194180854705,0.0604760340196,0.217203425804,-0.158903927295,0.461229715882,-0.282381497174,0.279740494409,-1.09937757305,0.678279925381
7.09875,0.193982443345,0.0610517122725,0.216850978841,-0.158553447131,0.459854563289,-0.281533045965,0.281024487725,-1.10085824289,0.679236994904
7.1,0.193784471088,0.0616256704278,0.216499593189,-0.158201366076,0.458477570275,-0.280683404687,0.282301909186,-1.10232224369,0.68018402473
7.10125,0.19358693993,0.0621979061982,0.216149270329,-0.157847692358,0.457098757679,-0.279832585904,0.283572746099,-1.10376958081,0.681120995972
7.1025,0.193389851857,0.062768417322,0.215800011724,-0.157492434211,0.455718146323,-0.278980602197,0.284836986594,-1.1052002608,0.682047890518
7.10375,0.193193208844,0.063337201564,0.215451818823,-0.157135599891,0.454335757027,-0.278127466177,0.286094609038,-1.10661427587,0.682964687229
7.105,0.192997012857,0.0639042567146,0.215104693059,-0.156777197688,0.452951610633,-0.277273190479,0.287345606239,-1.10801163747,0.683871368352
7.10625,0.19280126585,0.0644695805905,0.214758635847,-0.156417235876,0.451565727934,-0.276417787756,0.288589969449,-1.10939235395,0.684767914373
7.1075,0.192605969767,0.0650331710344,0.214413648589,-0.156055722765,0.450178129748,-0.275561270693,0.289827674163,-1.11075641562,0.685654305846
7.10875,0.192411126543,0.0655950259149,0.21406973267,-0.15569266669,0.448788836895,-0.274703651992,0.291058711684,-1.11210382919,0.686530522415
7.11,0.1922167381,0.0661551431267,0.213726889459,-0.155328075985,0.447397870175,-0.273844944387,0.292283071292,-1.11343459957,0.687396544419
7.11125,0.192022806353,0.0667135205904,0.21338512031,-0.154961959012,0.446005250396,-0.272985160631,0.2935007335,-1.11474872767,0.688252357406
7.1125,0.191829333203,0.0672701562526,0.213044426558,-0.154594324152,0.444610998356,-0.272124313494,0.294711687076,-1.1160462143,0.689097938573
7.11375,0.191636320543,0.0678250480862,0.212704809526,-0.154225179794,0.44321513486,-0.271262415784,0.295915920338,-1.11732706274,0.689933269228
7.115,0.191443770253,0.0683781940898,0.212366270518,-0.153854534351,0.441817680699,-0.270399480321,0.297113418964,-1.11859127835,0.690758333866
7.11625,0.191251684207,0.068929592288,0.212028810825,-0.153482396247,0.440418656664,-0.26953551995,0.298304169047,-1.11983885854,0.69157310993
7.1175,0.191060064263,0.0694792407315,0.211692431719,-0.153108773928,0.439018083553,-0.268670547546,0.299488151279,-1.12106980057,0.692377580094
7.11875,0.190868912272,0.0700271374969,0.211357134456,-0.152733675869,0.437615982163,-0.267804575999,0.300665355809,-1.12228411305,0.693171728972
7.12,0.190678230073,0.0705732806869,0.211022920279,-0.152357110539,0.43621237327,-0.266937618223,0.301835773723,-1.12348179698,0.693955533251
7.12125,0.190488019496,0.07111766843,0.210689790411,-0.151979086434,0.43480727767,-0.266069687166,0.302999383223,-1.12466284629,0.69472897494
7.1225,0.190298282357,0.071660298881,0.210357746061,-0.151599612081,0.433400716155,-0.265200795786,0.304156171023,-1.1258272679,0.695492041944
7.12375,0.190109020465,0.0722011702204,0.210026788421,-0.151218696007,0.4319927095,-0.264330957061,0.305306128445,-1.1269750618,0.696244709349
7.125,0.189920235617,0.0727402806548,0.209696918668,-0.15083634676,0.4305832785,-0.263460184013,0.306449237382,-1.1281062245,0.696986959133
7.12625,0.189731929598,0.0732776284167,0.209368137961,-0.150452572913,0.429172443939,-0.262588489664,0.307585483824,-1.12922076119,0.69771877865
7.1275,0.189544104185,0.0738132117646,0.209040447444,-0.15006738305,0.427760226597,-0.261715887066,0.308714857147,-1.13031867238,0.698440146181
7.12875,0.189356761141,0.0743470289832,0.208713848243,-0.14968078577,0.426346647258,-0.260842389298,0.30983733883,-1.13139995381,0.699151044006
7.13,0.18916990222,0.0748790783828,0.208388341471,-0.149292789703,0.424931726713,-0.259968009456,0.31095291186,-1.13246460276,0.699851454226
7.13125,0.188983529167,0.0754093583,0.20806392822,-0.148903403491,0.423515485751,-0.259092760663,0.312061569411,-1.13351262571,0.700541359254
7.1325,0.188797643712,0.0759378670972,0.207740609569,-0.148512635779,0.422097945148,-0.258216656058,0.313163296841,-1.13454402269,0.701220742451
7.13375,0.188612247577,0.0764646031628,0.20741838658,-0.148120495249,0.420679125695,-0.257339708806,0.31425807303,-1.13555878573,0.701889585031
7.135,0.188427342474,0.0769895649114,0.207097260297,-0.147726990597,0.419259048184,-0.256461932095,0.315345885849,-1.1365569157,0.702547869201
7.13625,0.188242930101,0.0775127507833,0.206777231749,-0.147332130534,0.417837733405,-0.255583339133,0.316426723418,-1.13753841402,0.703195577677
7.1375,0.188059012147,0.0780341592449,0.206458301949,-0.146935923788,0.416415202149,-0.254703943151,0.317500574033,-1.13850328329,0.703832694171
7.13875,0.187875590291,0.0785537887887,0.206140471892,-0.146538379099,0.414991475197,-0.253823757398,0.318567418077,-1.13945151731,0.704459201302
7.14,0.187692666199,0.0790716379329,0.205823742556,-0.146139505243,0.413566573356,-0.252942795148,0.31962723736,-1.14038310693,0.705075078389
7.14125,0.187510241528,0.079587705222,0.205508114904,-0.145739311006,0.41214051743,-0.252061069702,0.32068002385,-1.14129805959,0.705680311518
7.1425,0.187328317922,0.0801019892265,0.205193589881,-0.145337805183,0.410713328207,-0.251178594369,0.321725763422,-1.1421963774,0.706274886005
7.14375,0.187146897015,0.0806144885426,0.204880168418,-0.144934996597,0.409285026486,-0.250295382487,0.322764438556,-1.14307804881,0.706858778653
7.145,0.18696598043,0.0811252017927,0.204567851425,-0.144530894087,0.407855633085,-0.249411447422,0.323796034195,-1.14394307152,0.707431974052
7.14625,0.18678556978,0.0816341276253,0.204256639799,-0.144125506512,0.406425168808,-0.248526802552,0.324820535144,-1.14479144636,0.707994458156
7.1475,0.186605666664,0.0821412647147,0.203946534419,-0.143718842749,0.404993654469,-0.247641461277,0.325837928284,-1.14562317175,0.708546213065
7.14875,0.186426272673,0.0826466117614,0.203637536146,-0.143310911691,0.403561110878,-0.246755437019,0.32684819891,-1.1464382437,0.709087221725
7.15,0.186247389385,0.0831501674919,0.203329645826,-0.142901722252,0.402127558859,-0.245868743223,0.327851329962,-1.14723665498,0.709617465907
7.15125,0.186069018367,0.0836519306586,0.203022864288,-0.142491283366,0.400693019241,-0.244981393354,0.328847309345,-1.14801840667,0.710136929632
7.1525,0.185891161176,0.08415190004,0.202717192343,-0.142079603979,0.399257512843,-0.244093400899,0.329836120426,-1.14878349367,0.710645597189
7.15375,0.185713819357,0.0846500744407,0.202412630786,-0.141666693065,0.397821060507,-0.243204779361,0.330817744947,-1.14953190783,0.711143450718
7.155,0.185536994444,0.0851464526913,0.202109180394,-0.141252559616,0.396383683073,-0.242315542272,0.331792173768,-1.15026365362,0.711630475297
7.15625,0.185360687958,0.0856410336484,0.20180684193,-0.14083721263,0.394945401373,-0.241425703173,0.332759391222,-1.1509787249,0.712106654965
7.1575,0.185184901412,0.0861338161947,0.201505616136,-0.140420661138,0.393506236261,-0.240535275634,0.33371937476,-1.15167710776,0.71257197082
7.15875,0.185009636306,0.086624799239,0.201205503741,-0.140002914194,0.392066208603,-0.239644273246,0.334672116065,-1.15235880644,0.713026407021
7.16,0.184834894127,0.0871139817162,0.200906505453,-0.139583980848,0.390625339245,-0.238752709617,0.335617601542,-1.15302381857,0.713469949068
7.16125,0.184660676353,0.0876013625872,0.200608621967,-0.13916387019,0.389183649057,-0.237860598374,0.336555807462,-1.15367213029,0.713902580645
7.1625,0.184486984451,0.0880869408389,0.200311853957,-0.138742591329,0.387741158919,-0.236967953165,0.337486723419,-1.15430373901,0.714324283149
7.16375,0.184313819875,0.0885707154845,0.200016202084,-0.138320153381,0.386297889709,-0.236074787666,0.338410336923,-1.15491864305,0.714735041561
7.165,0.184141184068,0.0890526855631,0.199721666988,-0.137896565487,0.384853862312,-0.235181115561,0.339326628011,-1.15551683477,0.715134842818
7.16625,0.183969078461,0.0895328501402,0.199428249295,-0.137471836811,0.383409097622,-0.234286950559,0.340235581098,-1.15609830649,0.715523668231
7.1675,0.183797504476,0.0900112083072,0.199135949612,-0.137045976534,0.381963616545,-0.233392306391,0.341137183688,-1.15666305506,0.715901501144
7.16875,0.18362646352,0.0904877591816,0.198844768529,-0.136618993852,0.380517439985,-0.232497196806,0.342031418222,-1.15721107182,0.716268327847
7.17,0.183455956991,0.0909625019072,0.19855470662,-0.136190897989,0.379070588866,-0.231601635571,0.342918267705,-1.15774234841,0.716624131229
7.17125,0.183285986275,0.0914354356538,0.19826576444,-0.135761698183,0.377623084114,-0.230705636478,0.343797718028,-1.15825688221,0.716968896205
7.1725,0.183116552746,0.0919065596174,0.197977942529,-0.135331403694,0.37617494666,-0.229809213331,0.344669752701,-1.15875466383,0.71730260708
7.17375,0.182947657766,0.0923758730204,0.197691241407,-0.134900023801,0.374726197454,-0.22891237996,0.345534357985,-1.15923568719,0.717625247216
7.175,0.182779302686,0.0928433751111,0.197405661579,-0.134467567799,0.373276857442,-0.228015150213,0.346391515956,-1.15969994384,0.717936802374
7.17625,0.182611488846,0.093309065164,0.197121203531,-0.134034045011,0.371826947594,-0.227117537954,0.347241210028,-1.16014742604,0.718237256876
7.1775,0.182444217574,0.0937729424801,0.196837867734,-0.133599464774,0.370376488877,-0.22621955707,0.348083427588,-1.16057813075,0.718526595915
7.17875,0.182277490184,0.0942350063862,0.196555654639,-0.133163836442,0.368925502268,-0.225321221464,0.348918146159,-1.16099204026,0.71880480337
7.18,0.182111307983,0.0946952562357,0.19627456468,-0.132727169408,0.367474008776,-0.224422545062,0.349745351667,-1.16138914718,0.719071861857
7.18125,0.181945672261,0.0951536914081,0.195994598276,-0.132289473063,0.3660220294,-0.22352354181,0.35056503732,-1.16176945669,0.719327758929
7.1825,0.1817805843,0.0956103113092,0.195715755826,-0.131850756815,0.364569585135,-0.222624225665,0.351377178839,-1.16213295101,0.719572479966
7.18375,0.181616045369,0.096065115371,0.195438037712,-0.131411030116,0.363116697022,-0.22172461061,0.352181753965,-1.16247961189,0.719806006299
7.185,0.181452056725,0.0965181030518,0.195161444299,-0.13097030243,0.361663386105,-0.220824710649,0.352978754432,-1.16280944175,0.720028325855
7.18625,0.181288619613,0.0969692738362,0.194885975935,-0.13052858323,0.360209673418,-0.219924539795,0.353768165923,-1.16312243309,0.720239424192
7.1875,0.181125735267,0.0974186272353,0.19461163295,-0.130085882015,0.358755580022,-0.219024112088,0.354549966619,-1.16341856709,0.720439282452
7.18875,0.180963404908,0.0978661627863,0.194338415655,-0.129642208313,0.357301127,-0.218123441589,0.355324139662,-1.16369783603,0.720627888449
7.19,0.180801629746,0.0983118800528,0.194066324346,-0.129197571666,0.355846335432,-0.217222542367,0.356090672693,-1.16396023605,0.720805228127
7.19125,0.180640410979,0.0987557786249,0.193795359299,-0.128751981631,0.35439122641,-0.216321428519,0.3568495487,-1.16420575438,0.720971285063
7.1925,0.180479749792,0.0991978581188,0.193525520774,-0.128305447794,0.352935821046,-0.215420114155,0.357600746264,-1.1644343745,0.721126044851
7.19375,0.180319647359,0.0996381181775,0.193256809014,-0.127857979766,0.351480140474,-0.214518613406,0.358344250571,-1.16464608697,0.721269490964
7.195,0.180160104842,0.10007655847,0.192989224241,-0.127409587168,0.350024205829,-0.213616940427,0.359080049339,-1.16484088819,0.72140161148
7.19625,0.180001123391,0.100513178692,0.192722766663,-0.126960279642,0.348568038253,-0.212715109378,0.359808120567,-1.16501876169,0.721522391973
7.1975,0.179842704143,0.100947978566,0.192457436467,-0.126510066866,0.347111658925,-0.211813134447,0.360528447788,-1.16517969262,0.721631814031
7.19875,0.179684848224,0.101380957839,0.192193233826,-0.126058958523,0.345655089022,-0.210911029843,0.361241017879,-1.16532367651,0.721729867024
7.2,0.179527556747,0.101812116288,0.191930158893,-0.125606964322,0.344198349733,-0.21000880978,0.361945809863,-1.16545069695,0.721816536003
7.20125,0.179370830813,0.102241453714,0.191668211802,-0.125154093998,0.342741462279,-0.209106488503,0.362642806749,-1.16556073939,0.721891803897
7.2025,0.179214671512,0.102668969944,0.191407392672,-0.124700357305,0.341284447885,-0.20820408027,0.363331992952,-1.16565379569,0.721955658389
7.20375,0.17905907992,0.103094664833,0.191147701601,-0.124245764016,0.33982732779,-0.207301599357,0.364013352174,-1.16572985216,0.722008084222
7.205,0.178904057102,0.103518538263,0.190889138673,-0.123790323924,0.338370123255,-0.206399060059,0.364686865606,-1.16578889523,0.722049068242
7.20625,0.17874960411,0.103940590142,0.190631703951,-0.123334046852,0.336912855552,-0.205496476686,0.365352515581,-1.16583091289,0.72207859634
7.2075,0.178595721985,0.104360820402,0.190375397481,-0.122876942635,0.335455545972,-0.204593863569,0.366010285887,-1.16585588929,0.722096651742
7.20875,0.178442411754,0.104779229006,0.190120219292,-0.122419021137,0.333998215829,-0.203691235057,0.366660157295,-1.16586380904,0.72210322121
7.21,0.178289674432,0.105195815942,0.189866169394,-0.121960292242,0.33254088645,-0.202788605516,0.36730211408,-1.16585466349,0.722098292556
7.21125,0.178137511023,0.105610581223,0.189613247778,-0.121500765852,0.33108357917,-0.201885989325,0.36793613836,-1.16582843799,0.722081851302
7.2125,0.177985922517,0.10602352489,0.189361454421,-0.121040451896,0.329626315355,-0.200983400887,0.368562211696,-1.16578511302,0.722053880616
7.21375,0.177834909893,0.106434647011,0.189110789276,-0.120579360323,0.328169116387,-0.200080854624,0.369180317102,-1.16572467615,0.722014367432
7.215,0.177684474116,0.106843947681,0.188861252284,-0.120117501104,0.326712003664,-0.199178364969,0.36979043669,-1.16564711562,0.721963300373
7.21625,0.17753461614,0.10725142702,0.188612843364,-0.119654884231,0.325254998598,-0.198275946373,0.370392554305,-1.16555241703,0.721900665229
7.2175,0.177385336906,0.107657085177,0.188365562418,-0.119191519718,0.323798122622,-0.197373613306,0.370986646505,-1.16544055497,0.721826444243
7.21875,0.177236637341,0.108060922327,0.188119409331,-0.118727417615,0.322341397211,-0.196471380262,0.371572697998,-1.16531151805,0.721740624027
7.22,0.177088518362,0.10846293867,0.187874383967,-0.118262587973,0.320884843827,-0.195569261746,0.372150698001,-1.1651653026,0.721643195754
7.22125,0.176940980871,0.108863134436,0.187630486176,-0.11779704087,0.319428483954,-0.194667272273,0.372720620214,-1.16500187974,0.721534142519
7.2225,0.17679402576,0.10926150988,0.187387715787,-0.117330786422,0.317972339127,-0.193765426389,0.373282445145,-1.16482122951,0.721413447343
7.22375,0.176647653905,0.109658065284,0.18714607261,-0.116863834757,0.316516430881,-0.192863738655,0.373836159594,-1.16462334565,0.721281101857
7.225,0.176501866173,0.110052800957,0.18690555644,-0.116396196023,0.315060780763,-0.191962223635,0.374381745564,-1.16440821016,0.721137092165
7.22625,0.176356663415,0.110445717236,0.186666167051,-0.115927880393,0.313605410355,-0.191060895924,0.374919181621,-1.16417579867,0.720981399138
7.2275,0.176212046472,0.110836814483,0.1864279042,-0.115458898069,0.312150341267,-0.190159770137,0.375448448529,-1.16392609642,0.720814012561
7.22875,0.17606801617,0.111226093089,0.186190767626,-0.114989259272,0.310695595114,-0.189258860893,0.375969532922,-1.16365909187,0.720634921259
7.23,0.175924573324,0.111613553471,0.185954757048,-0.114518974237,0.309241193537,-0.188358182834,0.376482411241,-1.16337475943,0.720444108674
7.23125,0.175781718734,0.111999196073,0.185719872169,-0.114048053244,0.307787158216,-0.187457750621,0.376987066068,-1.16307308211,0.720241560191
7.2325,0.17563945319,0.112383021367,0.185486112671,-0.113576506572,0.306333510832,-0.186557578933,0.377483483629,-1.16275404762,0.720027265146
7.23375,0.175497777468,0.11276502985,0.185253478221,-0.113104344534,0.304880273097,-0.185657682458,0.377971637545,-1.16241762984,0.719801209897
7.235,0.175356692329,0.113145222049,0.185021968465,-0.112631577478,0.303427466757,-0.184758075908,0.378451511,-1.16206381057,0.719563378635
7.23625,0.175216198524,0.113523598517,0.184791583032,-0.112158215757,0.30197511357,-0.183858774012,0.378923088618,-1.16169257432,0.719313759868
7.2375,0.17507629679,0.113900159833,0.18456232153,-0.111684269756,0.300523235321,-0.182959791509,0.37938635009,-1.16130390172,0.719052340861
7.23875,0.17493698785,0.114274906605,0.184334183553,-0.111209749882,0.299071853816,-0.182061143159,0.379841277277,-1.16089777232,0.718779106717
7.24,0.174798272415,0.114647839468,0.184107168672,-0.110734666563,0.29762099089,-0.181162843742,0.38028784827,-1.1604741606,0.718494042155
7.24125,0.174660151183,0.115018959083,0.183881276443,-0.110259030261,0.296170668414,-0.180264908054,0.380726041715,-1.16003304975,0.71819713869
7.2425,0.174522624839,0.115388266139,0.183656506402,-0.109782851459,0.294720908266,-0.179367350895,0.381155842371,-1.15957442213,0.717888382405
7.24375,0.174385694055,0.115755761353,0.183432858066,-0.109306140655,0.293271732359,-0.178470187098,0.381577234253,-1.15909825492,0.7175677551
7.245,0.174249359488,0.11612144547,0.183210330934,-0.108828908373,0.291823162629,-0.177573431508,0.381990194285,-1.15860452908,0.717235248254
7.24625,0.174113621784,0.11648531926,0.182988924487,-0.108351165169,0.290375221036,-0.176677098977,0.382394700597,-1.15809321873,0.716890847866
7.2475,0.173978481575,0.116847383522,0.182768638187,-0.107872921622,0.288927929582,-0.175781204388,0.382790736296,-1.15756430282,0.716534538662
7.24875,0.17384393948,0.117207639084,0.182549471477,-0.107394188329,0.287481310279,-0.174885762631,0.383178282118,-1.15701776412,0.71616631094
7.25,0.173709996104,0.117566086798,0.18233142378,-0.106914975916,0.286035385172,-0.17399078861,0.383557319049,-1.15645357827,0.715786149635
7.25125,0.17357665204,0.117922727547,0.182114494505,-0.106435295031,0.284590176334,-0.173096297257,0.383927825794,-1.15587172023,0.715394039605
7.2525,0.173443907866,0.118277562239,0.181898683037,-0.105955156352,0.283145705871,-0.172202303511,0.384289779748,-1.15527216707,0.714989970953
7.25375,0.173311764149,0.118630591811,0.181683988746,-0.105474570582,0.281701995916,-0.171308822329,0.384643166638,-1.15465490182,0.714573931902
7.255,0.17318022144,0.118981817229,0.181470410982,-0.104993548435,0.280259068616,-0.170415868682,0.384987967953,-1.15401990066,0.714145906528
7.25625,0.173049280278,0.119331239483,0.181257949074,-0.104512100662,0.278816946164,-0.169523457563,0.385324156639,-1.15336713211,0.713705880184
7.2575,0.172918941188,0.119678859594,0.181046602338,-0.104030238044,0.277375650786,-0.168631603981,0.385651715703,-1.15269657836,0.713253843691
7.25875,0.172789204683,0.12002467861,0.180836370065,-0.103547971373,0.275935204718,-0.167740322954,0.385970628094,-1.15200821793,0.712789784018
7.26,0.17266007126,0.120368697606,0.18062725153,-0.103065311474,0.274495630241,-0.166849629521,0.386280868219,-1.15130201952,0.712313685682
7.26125,0.172531541404,0.120710917685,0.180419245991,-0.102582269202,0.27305694967,-0.16595953874,0.38658241719,-1.15057796129,0.711825536979
7.2625,0.172403615587,0.12105133998,0.180212352683,-0.102098855431,0.271619185338,-0.165070065679,0.386875257266,-1.14983602042,0.711325324858
7.26375,0.172276294266,0.121389965649,0.180006570827,-0.101615081059,0.270182359618,-0.164181225427,0.38715937203,-1.1490761753,0.710813036437
7.265,0.172149577884,0.121726795879,0.17980189962,-0.101130957001,0.2687464949,-0.163293033088,0.387434733238,-1.14829839578,0.71028866115
7.26625,0.172023466873,0.122061831886,0.179598338244,-0.100646494226,0.267311613629,-0.162405503774,0.387701316936,-1.14750265097,0.709752183968
7.2675,0.171897961649,0.122395074913,0.17939588586,-0.100161703708,0.265877738272,-0.161518652628,0.387959112675,-1.14668892277,0.709203590066
7.26875,0.171773062614,0.122726526232,0.179194541612,-0.0996765964441,0.264444891322,-0.160632494799,0.388208096973,-1.14585718564,0.708642869631
7.27,0.171648770158,0.123056187141,0.178994304623,-0.0991911834657,0.263013095308,-0.159747045454,0.388448248094,-1.14500741165,0.708070010245
7.27125,0.171525084655,0.12338405897,0.178795173999,-0.0987054758238,0.261582372793,-0.158862319774,0.388679541902,-1.1441395694,0.707484997963
7.2725,0.171402006468,0.123710143073,0.178597148824,-0.098219484611,0.260152746385,-0.157978332959,0.388901959684,-1.14325363477,0.706887818416
7.27375,0.171279535944,0.124034440836,0.178400228166,-0.0977332209246,0.258724238706,-0.157095100228,0.389115486126,-1.14234958666,0.706278461018
7.275,0.171157673416,0.12435695367,0.178204411073,-0.0972466958957,0.257296872418,-0.156212636806,0.389320089897,-1.14142738703,0.705656913931
7.27625,0.171036419204,0.124677683017,0.178009696574,-0.0967599206999,0.255870670238,-0.155330957943,0.389515756575,-1.14048701476,0.705023161453
7.2775,0.170915773614,0.124996630346,0.177816083679,-0.0962729065042,0.254445654881,-0.154450078903,0.389702469562,-1.13952844757,0.704377193176
7.27875,0.170795736938,0.125313797154,0.177623571377,-0.095785664526,0.25302184912,-0.15357001496,0.389880193995,-1.13855164283,0.703718997221
7.28,0.170676309453,0.125629184969,0.177432158641,-0.0952982060192,0.251599275774,-0.15269078141,0.390048917876,-1.1375565802,0.70304855816
7.28125,0.170557491423,0.125942795344,0.177241844423,-0.0948105422313,0.250177957669,-0.151812393565,0.390208619814,-1.13654323066,0.702365863231
7.2825,0.170439283097,0.126254629863,0.177052627657,-0.0943226844697,0.248757917698,-0.150934866751,0.390359274405,-1.135511563,0.701670902737
7.28375,0.170321684711,0.126564690138,0.176864507257,-0.0938346440453,0.247339178762,-0.150058216308,0.390500866439,-1.13446155464,0.700963663348
7.285,0.170204696487,0.12687297781,0.176677482116,-0.0933464323036,0.245921763811,-0.149182457593,0.3906333641,-1.13339316364,0.700244129951
7.28625,0.170088318631,0.127179494547,0.176491551113,-0.092858060635,0.244505695852,-0.148307605983,0.390756753904,-1.13230636941,0.699512292021
7.2875,0.169972551335,0.127484242049,0.176306713101,-0.0923695404188,0.243090997887,-0.147433676863,0.390871019158,-1.13120114758,0.69876813759
7.28875,0.16985739478,0.127787222042,0.17612296692,-0.0918808830871,0.241677692983,-0.146560685639,0.390976122355,-1.13007744925,0.698011650729
7.29,0.169742849128,0.128088436282,0.175940311387,-0.091392100113,0.240265804264,-0.145688647736,0.391072049143,-1.12893525323,0.697242821156
7.29125,0.169628914529,0.128387886553,0.175758745301,-0.0909032029643,0.23885535485,-0.144817578586,0.3911587831,-1.12777453548,0.696461638216
7.2925,0.16951559112,0.128685574669,0.175578267441,-0.0904142031552,0.237446367926,-0.143947493641,0.391236295616,-1.12659525634,0.695668086348
7.29375,0.169402879021,0.128981502473,0.175398876567,-0.0899251122252,0.23603886671,-0.14307840837,0.391304567779,-1.12539738815,0.694862154057
7.295,0.16929077834,0.129275671836,0.17522057142,-0.0894359417358,0.234632874455,-0.142210338256,0.391363576045,-1.12418089596,0.694043827406
7.29625,0.169179289167,0.129568084659,0.175043350721,-0.0889467032851,0.23322841447,-0.141343298802,0.391413296035,-1.12294574766,0.693213095405
7.2975,0.169068411581,0.129858742872,0.174867213173,-0.0884574084957,0.231825510086,-0.140477305517,0.391453705458,-1.12169191223,0.692369946961
7.29875,0.168958145646,0.130147648434,0.174692157458,-0.0879680690215,0.230424184689,-0.139612373934,0.391484786218,-1.12041935768,0.691514365786
7.3,0.168848491409,0.130434803334,0.174518182238,-0.0874786965301,0.229024461692,-0.138748519603,0.391506516638,-1.11912805355,0.690646341059
7.30125,0.168739448905,0.130720209588,0.174345286159,-0.0869893027299,0.227626364555,-0.137885758081,0.391518867485,-1.11781796076,0.689765860477
7.3025,0.168631018152,0.131003869245,0.174173467843,-0.0864998993614,0.22622991679,-0.137024104951,0.391521818722,-1.11648904792,0.688872911513
7.30375,0.168523199156,0.13128578438,0.174002725896,-0.0860104981831,0.224835141935,-0.136163575803,0.391515351601,-1.11514128537,0.687967481901
7.305,0.168415991907,0.1315659571,0.173833058903,-0.0855211109824,0.223442063577,-0.135304186247,0.391499440599,-1.11377463622,0.687049558064
7.30625,0.168309396379,0.131844389539,0.173664465431,-0.0850317495816,0.222050705345,-0.134445951908,0.391474058239,-1.11238906268,0.68611912875
7.3075,0.168203412533,0.132121083863,0.173496944024,-0.0845424258368,0.22066109092,-0.133588888425,0.391439187553,-1.11098453395,0.68517617969
7.30875,0.168098040314,0.132396042266,0.173330493209,-0.0840531516127,0.21927324401,-0.132733011458,0.391394804615,-1.10956101501,0.684220699168
7.31,0.167993279654,0.132669266973,0.173165111495,-0.0835639388253,0.217887188382,-0.131878336677,0.391340883129,-1.10811846956,0.683252675606
7.31125,0.167889130467,0.132940760237,0.173000797368,-0.0830747994049,0.216502947836,-0.131024879769,0.39127740634,-1.10665686691,0.682272095344
7.3125,0.167785592655,0.133210524343,0.172837549296,-0.0825857453094,0.215120546215,-0.130172656438,0.391204345516,-1.10517616523,0.681278945524
7.31375,0.167682666104,0.133478561603,0.172675365727,-0.0820967885411,0.213740007423,-0.129321682406,0.391121679797,-1.10367633233,0.680273214237
7.315,0.167580350684,0.133744874361,0.17251424509,-0.0816079411099,0.212361355384,-0.128471973403,0.391029382303,-1.1021573296,0.679254890218
7.31625,0.167478646251,0.134009464991,0.172354185793,-0.0811192150853,0.210984614099,-0.12762354518,0.390927430129,-1.10061911844,0.678223957459
7.3175,0.167377552646,0.134272335897,0.172195186227,-0.0806306225346,0.209609807588,-0.126776413509,0.390815809061,-1.09906167231,0.677180405501
7.31875,0.167277069695,0.13453348951,0.172037244759,-0.0801421755627,0.208236959918,-0.125930594166,0.390694482724,-1.09748494343,0.676124223821
7.32,0.167177197207,0.134792928296,0.171880359741,-0.0796538863278,0.20686609523,-0.12508610295,0.390563431824,-1.0958888969,0.675055395703
7.32125,0.167077934979,0.135050654748,0.171724529502,-0.0791657669831,0.205497237676,-0.124242955677,0.390422637912,-1.09427350014,0.673973910369
7.3225,0.16697928279,0.135306671391,0.171569752352,-0.078677829733,0.204130411479,-0.123401168174,0.39027207149,-1.0926387112,0.672879757229
7.32375,0.166881240404,0.135560980777,0.171416026582,-0.0781900868044,0.202765640898,-0.122560756284,0.390111710675,-1.09098449404,0.671772920936
7.325,0.166783807573,0.135813585493,0.171263350461,-0.0777025504563,0.201402950244,-0.121721735871,0.389941528272,-1.08931080493,0.670653388392
7.32625,0.166686984028,0.136064488153,0.171111722242,-0.0772152329837,0.200042363886,-0.120884122813,0.389761504721,-1.08761761133,0.669521149939
7.3275,0.16659076949,0.136313691402,0.170961140154,-0.0767281466945,0.198683906216,-0.120047932997,0.389571616523,-1.08590487646,0.668376191857
7.32875,0.166495163662,0.136561197918,0.170811602409,-0.0762413039424,0.197327601695,-0.119213182333,0.389371836843,-1.08417255643,0.667218500451
7.33,0.16640016623,0.136807010407,0.170663107198,-0.0757547171024,0.195973474825,-0.118379886745,0.389162140607,-1.08242061038,0.666048063795
7.33125,0.166305776869,0.137051131605,0.170515652693,-0.0752683985909,0.194621550169,-0.117548062174,0.388942499944,-1.08064899627,0.664864868986
7.3325,0.166211995234,0.137293564282,0.170369237043,-0.0747823608526,0.193271852334,-0.116717724573,0.388712897376,-1.07885767989,0.663668902143
7.33375,0.166118820967,0.137534311236,0.170223858381,-0.0742966163475,0.191924405969,-0.115888889918,0.388473312705,-1.07704662686,0.662460152285
7.335,0.166026253693,0.137773375297,0.170079514818,-0.0738111775708,0.190579235767,-0.115061574192,0.388223714055,-1.07521579291,0.661238610832
7.33625,0.165934293023,0.138010759326,0.169936204446,-0.0733260570623,0.189236366487,-0.114235793391,0.387964073388,-1.07336512691,0.660004258549
7.3375,0.16584293855,0.138246466213,0.169793925335,-0.0728412673873,0.18789582295,-0.113411563546,0.387694369652,-1.07149459056,0.658757080697
7.33875,0.165752189854,0.138480498883,0.169652675537,-0.0723568211382,0.18655763001,-0.11258890069,0.387414580951,-1.06960415294,0.657497071967
7.34,0.165662046498,0.138712860288,0.169512453083,-0.071872730935,0.185221812567,-0.111767820866,0.387124681441,-1.0676937683,0.656224217914
7.34125,0.165572508027,0.138943553414,0.169373255985,-0.0713890094346,0.183888395589,-0.110948340145,0.38682464637,-1.06576339246,0.654938502816
7.3425,0.165483573974,0.139172581277,0.169235082233,-0.070905669319,0.182557404086,-0.110130474609,0.386514447882,-1.06381298268,0.653639915294
7.34375,0.165395243854,0.139399946925,0.169097929798,-0.0704227233149,0.181228863133,-0.109314240357,0.38619405903,-1.06184249464,0.65232844272
7.345,0.165307517166,0.139625653435,0.168961796632,-0.0699401841715,0.179902797849,-0.108499653502,0.385863465141,-1.05985189726,0.651004073569
7.34625,0.165220393393,0.139849703919,0.168826680664,-0.069458064652,0.17857923339,-0.107686730173,0.38552263461,-1.05784113725,0.649666792708
7.3475,0.165133872004,0.140072101519,0.168692579806,-0.0689763775849,0.177258195006,-0.10687548652,0.385171535089,-1.05581016513,0.648316587035
7.34875,0.165047952449,0.140292849407,0.168559491948,-0.0684951358143,0.175939707977,-0.106065938705,0.384810150155,-1.05375895248,0.646953447523
7.35,0.164962634164,0.140511950789,0.16842741496,-0.0680143522095,0.174623797625,-0.105258102902,0.384438459906,-1.0516874571,0.645577360166
7.35125,0.164877916569,0.140729408901,0.168296346691,-0.0675340396645,0.173310489334,-0.104451995305,0.384056429812,-1.04959562316,0.644188309616
7.3525,0.164793799065,0.140945227012,0.168166284971,-0.067054211135,0.171999808567,-0.103647632128,0.383664027413,-1.04748340119,0.642786282276
7.35375,0.164710281041,0.141159408422,0.16803722761,-0.066574879596,0.170691780831,-0.102845029599,0.383261240501,-1.04535076249,0.641371268784
7.355,0.164627361866,0.141371956464,0.167909172397,-0.0660960580338,0.169386431661,-0.102044203956,0.382848041193,-1.0431976589,0.639943256419
7.35625,0.164545040896,0.141582874501,0.167782117101,-0.065617759493,0.168083786684,-0.101245171458,0.382424400698,-1.04102403988,0.638502228327
7.3575,0.164463317468,0.141792165931,0.167656059469,-0.065139997032,0.166783871561,-0.100447948385,0.381990296188,-1.03882986738,0.637048174622
7.35875,0.164382190903,0.14199983418,0.16753099723,-0.0646627837526,0.165486712015,-0.0996525510214,0.381545698207,-1.03661509123,0.635581083293
7.36,0.164301660508,0.142205882711,0.167406928091,-0.0641861327865,0.164192333833,-0.0988589956765,0.381090579134,-1.03437966041,0.634100938532
7.36125,0.164221725571,0.142410315015,0.16728384974,-0.0637100573047,0.162900762864,-0.098067298675,0.380624916699,-1.03212353511,0.632607727954
7.3625,0.164142385365,0.142613134618,0.167161759844,-0.0632345704948,0.161612024995,-0.0972774763566,0.380148688362,-1.02984667448,0.63110143974
7.36375,0.164063639145,0.142814345077,0.16704065605,-0.0627596855838,0.160326146178,-0.0964895450757,0.379661861831,-1.02754902384,0.629582060293
7.365,0.163985486151,0.143013949983,0.166920535982,-0.0622854158402,0.159043152436,-0.0957035212059,0.379164412215,-1.02523053689,0.628049576704
7.36625,0.163907925605,0.143211952958,0.166801397247,-0.0618117745533,0.157763069836,-0.0949194211339,0.378656318645,-1.02289117402,0.626503976952
7.3675,0.163830956715,0.143408357658,0.166683237429,-0.0613387750436,0.156485924501,-0.0941372612635,0.378137551041,-1.02053088208,0.624945244687
7.36875,0.163754578668,0.14360316777,0.166566054093,-0.0608664306757,0.155211742631,-0.0933570580222,0.377608077423,-1.01814960983,0.623373369336
7.37,0.163678790638,0.143796387014,0.166449844784,-0.06039475485,0.153940550476,-0.0925788278402,0.377067875871,-1.01574731438,0.62178833964
7.37125,0.163603591781,0.143988019146,0.166334607024,-0.059923760986,0.152672374345,-0.0918025871731,0.376516923211,-1.01332394851,0.620190139085
7.3725,0.163528981235,0.14417806795,0.166220338316,-0.059453462542,0.151407240605,-0.0910283524924,0.375955192584,-1.01087946442,0.618578753796
7.37375,0.163454958124,0.144366537247,0.166107036143,-0.0589838730045,0.150145175684,-0.0902561402886,0.375382654198,-1.00841381121,0.616954172568
7.375,0.163381521553,0.14455343089,0.165994697965,-0.0585150059065,0.148886206077,-0.089485967061,0.374799280832,-1.00592694145,0.615316384801
7.37625,0.16330867061,0.144738752763,0.165883321225,-0.0580468748025,0.14763035833,-0.0887178493266,0.374205050917,-1.00341880915,0.613665374141
7.3775,0.163236404366,0.144922506785,0.165772903342,-0.0575794932792,0.146377659054,-0.0879518036257,0.373599933948,-1.00088936084,0.612001126745
7.37875,0.163164721876,0.14510469691,0.165663441716,-0.0571128749676,0.145128134928,-0.0871878465097,0.372983897563,-0.998338540689,0.610323629002
7.38,0.163093622179,0.145285327123,0.165554933726,-0.0566470335353,0.143881812702,-0.0864259945532,0.372356922548,-0.995766309572,0.608632870234
7.38125,0.163023104293,0.145464401442,0.165447376729,-0.0561819826612,0.142638719154,-0.0856662643342,0.371718984758,-0.993172620571,0.606928836777
7.3825,0.162953167222,0.145641923921,0.165340768065,-0.0557177360734,0.141398881151,-0.0849086724612,0.371070047328,-0.990557409978,0.605211512357
7.38375,0.162883809952,0.145817898645,0.165235105048,-0.0552543075429,0.140162325629,-0.0841532355533,0.370410088385,-0.987920636234,0.603480887747
7.385,0.162815031453,0.145992329735,0.165130384976,-0.0547917108524,0.13892907956,-0.0833999702419,0.36973908426,-0.985262250543,0.601736947141
7.38625,0.162746830675,0.146165221344,0.165026605123,-0.0543299598322,0.137699170003,-0.0826488931854,0.369057002729,-0.982582195533,0.599979675172
7.3875,0.162679206553,0.14633657766,0.164923762743,-0.0538690683456,0.136472624072,-0.0819000210539,0.368363819831,-0.979880426044,0.598209061491
7.38875,0.162612158004,0.146506402904,0.16482185507,-0.0534090502827,0.135249468938,-0.0811533705317,0.367659506617,-0.97715688961,0.596425093823
7.39,0.162545683928,0.146674701332,0.164720879317,-0.0529499195791,0.134029731848,-0.0804089583194,0.366944033021,-0.974411529296,0.594627755913
7.39125,0.162479783205,0.146841477234,0.164620832674,-0.0524916902001,0.132813440114,-0.0796668011419,0.366217374142,-0.971644296024,0.592817033748
7.3925,0.162414454702,0.147006734932,0.164521712314,-0.0520343761437,0.131600621107,-0.078926915735,0.365479500863,-0.968855137006,0.590992914812
7.39375,0.162349697265,0.147170478786,0.164423515385,-0.051577991448,0.130391302272,-0.0781893188549,0.364730392135,-0.966044006196,0.589155386103
7.395,0.162285509724,0.147332713188,0.164326239017,-0.0511225501634,0.129185511092,-0.0774540272697,0.363970016605,-0.963210849016,0.587304435049
7.39625,0.16222189089,0.147493442564,0.164229880317,-0.0506680664064,0.127983275149,-0.0767210577672,0.363198340341,-0.960355604835,0.585440046012
7.3975,0.162158839558,0.147652671376,0.164134436372,-0.0502145543125,0.12678462208,-0.0759904271547,0.362415346842,-0.957478230979,0.583562205753
7.39875,0.162096354504,0.147810404119,0.164039904249,-0.0497620280393,0.125589579572,-0.0752621522529,0.361621000604,-0.954578667435,0.58167090022
7.4,0.162034434487,0.147966645325,0.163946280992,-0.049310501811,0.124398175411,-0.0745362499042,0.360815272694,-0.951656859607,0.579766116203
7.40125,0.161973078249,0.148121399558,0.163853563624,-0.0488599898576,0.123210437423,-0.0738127369624,0.359998141403,-0.94871275962,0.577847840293
7.4025,0.161912284513,0.148274671418,0.163761749149,-0.0484105064575,0.122026393512,-0.0730916303034,0.359169573767,-0.945746311754,0.5759160602
7.40375,0.161852051983,0.148426465542,0.163670834548,-0.0479620659232,0.120846071643,-0.0723729468119,0.358329547225,-0.942757463545,0.573970760121
7.405,0.161792379348,0.148576786597,0.163580816782,-0.0475146825894,0.119669499853,-0.0716567034031,0.357478029963,-0.939746155155,0.572011923686
7.40625,0.161733265277,0.148725639291,0.16349169279,-0.0470683708483,0.118496706256,-0.0709429170026,0.356614992012,-0.936712336267,0.570039542373
7.4075,0.161674708421,0.148873028363,0.16340345949,-0.0466231451094,0.117327719013,-0.0702316045472,0.355740409685,-0.933655953491,0.568053600614
7.40875,0.161616707414,0.149018958589,0.163316113778,-0.0461790198241,0.116162566372,-0.0695227830011,0.354854251822,-0.930576945939,0.566054080934
7.41,0.161559260871,0.149163434779,0.163229652532,-0.0457360094799,0.115001276648,-0.0688164693449,0.353956490892,-0.927475262418,0.564040973001
7.41125,0.16150236739,0.14930646178,0.163144072605,-0.0452941285968,0.113843878216,-0.0681126805686,0.353047101856,-0.924350853191,0.562014265142
7.4125,0.16144602555,0.149448044475,0.163059370831,-0.0448533917252,0.112690399515,-0.067411433682,0.352126054673,-0.921203656702,0.559973938533
7.41375,0.161390233911,0.149588187779,0.162975544021,-0.0444138134602,0.111540869074,-0.0667127457223,0.351193315242,-0.918033611993,0.557919980287
7.415,0.161334991016,0.149726896647,0.162892588966,-0.0439754084371,0.110395315485,-0.0660166337313,0.350248859576,-0.914840669546,0.55585237825
7.41625,0.16128029539,0.149864176068,0.162810502437,-0.0435381913112,0.1092537674,-0.0653231147766,0.34929266377,-0.911624774974,0.553771115511
7.4175,0.161226145538,0.150000031066,0.162729281179,-0.0431021767777,0.108116253547,-0.0646322059425,0.348324697649,-0.908385871398,0.551676179612
7.41875,0.161172539948,0.150134466702,0.162648921922,-0.0426673795671,0.106982802722,-0.0639439243276,0.347344924421,-0.905123895834,0.549567557903
7.42,0.161119477089,0.150267488073,0.162569421369,-0.0422338144666,0.105853443808,-0.0632582870477,0.346353322419,-0.901838798461,0.5474452361
7.42125,0.161066955412,0.150399100311,0.162490776204,-0.041801496261,0.104728205726,-0.0625753112374,0.345349866706,-0.898530522221,0.5453091964
7.4225,0.161014973348,0.150529308587,0.162412983091,-0.0413704397999,0.103607117502,-0.0618950140567,0.344334517939,-0.895198999678,0.543159425166
7.42375,0.160963529312,0.150658118105,0.162336038669,-0.0409406599662,0.102490208226,-0.0612174126745,0.343307254275,-0.891844184685,0.540995912644
7.425,0.160912621698,0.150785534107,0.162259939559,-0.0405121716642,0.101377507041,-0.0605425242751,0.342268049007,-0.888466019529,0.538818641803
7.42625,0.160862248883,0.150911561873,0.162184682358,-0.0400849898437,0.100269043178,-0.0598703660699,0.34121687267,-0.88506444373,0.536627596364
7.4275,0.160812409224,0.151036206715,0.162110263644,-0.0396591294825,0.0991648459313,-0.0592009552842,0.340153691479,-0.881639396283,0.534422764702
7.42875,0.160763101059,0.151159473987,0.16203667997,-0.039234605615,0.0980649446868,-0.0585343091582,0.339078474957,-0.878190817571,0.53220413165
7.43,0.16071432271,0.151281369077,0.161963927871,-0.0388114332951,0.0969693688874,-0.0578704449551,0.337991204202,-0.874718660537,0.529971683534
7.43125,0.160666072476,0.15140189741,0.161892003858,-0.0383896276045,0.0958781480355,-0.0572093799494,0.33689184803,-0.871222862162,0.527725405163
7.4325,0.160618348641,0.151521064447,0.161820904421,-0.037969203675,0.094791311732,-0.0565511314422,0.335780367141,-0.867703350664,0.525465278582
7.43375,0.160571149467,0.151638875689,0.161750626029,-0.0375501766866,0.0937088896588,-0.0558957167529,0.334656739727,-0.864160080857,0.523191294957
7.435,0.160524473199,0.151755336671,0.161681165129,-0.0371325618257,0.0926309115298,-0.0552431532048,0.333520945151,-0.860593001579,0.520903440338
7.43625,0.160478318062,0.151870452968,0.161612518146,-0.0367163743237,0.0915574071549,-0.0545934581521,0.332372940687,-0.85700203455,0.51860169462
7.4375,0.160432682263,0.151984230189,0.161544681484,-0.036301629474,0.0904884064435,-0.0539466489682,0.33121269941,-0.853387125207,0.516286044712
7.43875,0.160387563989,0.152096673984,0.161477651524,-0.0358883425752,0.0894239393418,-0.0533027430403,0.330040199122,-0.84974822206,0.513956477744
7.44,0.160342961407,0.152207790038,0.161411424626,-0.0354765289762,0.0883640358883,-0.0526617577739,0.328855403802,-0.84608525969,0.511612980739
7.44125,0.160298872666,0.152317584074,0.161345997129,-0.0350662040657,0.0873087261926,-0.0520237105884,0.327658290752,-0.842398183315,0.509255536838
7.4425,0.160255295897,0.152426061853,0.16128136535,-0.0346573832493,0.08625804043,-0.0513886189318,0.326448827445,-0.838686925613,0.506884127139
7.44375,0.160212229208,0.152533229175,0.161217525582,-0.0342500819971,0.0852120088786,-0.0507565002706,0.325226982585,-0.834951430542,0.504498743214
7.445,0.160169670692,0.152639091875,0.161154474099,-0.0338443157928,0.0841706618537,-0.0501273720738,0.323992730557,-0.831191639912,0.502099369578
7.44625,0.160127618419,0.152743655829,0.161092207152,-0.0334401001707,0.0831340297788,-0.0495012518466,0.322746037898,-0.827407486074,0.499685987563
7.4475,0.160086070441,0.15284692695,0.161030720969,-0.0330374506981,0.0821021431385,-0.0488781571049,0.321486875669,-0.823598912919,0.497258586068
7.44875,0.160045024792,0.152948911187,0.160970011759,-0.0326363829815,0.0810750324965,-0.0482581053815,0.320215216547,-0.81976585931,0.494817148069
7.45,0.160004479484,0.153049614531,0.160910075706,-0.0322369126567,0.0800527284902,-0.0476411142347,0.318931039803,-0.815908271756,0.49236165811
7.45125,0.15996443251,0.153149043008,0.160850908973,-0.031839055382,0.0790352618171,-0.0470272012362,0.317634304216,-0.812026079526,0.489892103241
7.4525,0.159924881845,0.153247202685,0.160792507703,-0.0314428268962,0.0780226632914,-0.0464163839766,0.316324975344,-0.808119218854,0.487408469564
7.45375,0.159885825443,0.153344099667,0.160734868013,-0.0310482429437,0.07701496377,-0.0458086800623,0.315003034106,-0.804187633486,0.484910738368
7.455,0.159847261238,0.153439740095,0.160677986003,-0.0306553193109,0.0760121942077,-0.0452041071307,0.313668450079,-0.800231260928,0.482398894417
7.45625,0.159809187145,0.153534130152,0.160621857746,-0.0302640718185,0.0750143856177,-0.0446026828262,0.312321195719,-0.796250047881,0.479872927212
7.4575,0.159771601058,0.153627276059,0.160566479295,-0.0298745163216,0.074021569088,-0.0440044248126,0.310961239228,-0.792243925389,0.477332818491
7.45875,0.159734500854,0.153719184075,0.160511846684,-0.0294866687204,0.0730337758042,-0.04340935078,0.309588544164,-0.788212824955,0.47477855386
7.46,0.159697884387,0.153809860498,0.160457955919,-0.0291005449612,0.0720510370256,-0.042817478428,0.308203084387,-0.784156689812,0.472210117596
7.46125,0.159661749492,0.153899311667,0.160404802987,-0.0287161610094,0.0710733840797,-0.042228825486,0.306804837788,-0.780075462012,0.469627492737
7.4625,0.159626093984,0.153987543959,0.160352383855,-0.0283335328668,0.0701008483706,-0.0416434096961,0.305393771248,-0.775969079311,0.467030668352
7.46375,0.159590915659,0.154074563788,0.160300694463,-0.0279526765813,0.0691334613814,-0.0410612488151,0.303969849327,-0.771837472834,0.464419627059
7.465,0.159556212293,0.154160377612,0.160249730733,-0.0275736082434,0.0681712546885,-0.0404823606285,0.302533045908,-0.767680580876,0.461794350849
7.46625,0.159521981639,0.154244991925,0.160199488562,-0.0271963439665,0.0672142599292,-0.039906762938,0.301083332059,-0.763498345356,0.459154828781
7.4675,0.159488221433,0.154328413262,0.160149963825,-0.0268208999133,0.0662625088251,-0.0393344735565,0.299620676816,-0.759290700347,0.456501044039
7.46875,0.159454929389,0.154410648197,0.160101152378,-0.0264472922745,0.0653160331783,-0.0387655103279,0.298145056382,-0.755057586349,0.453832977598
7.47,0.159422103202,0.154491703345,0.16005305005,-0.0260755372723,0.0643748648592,-0.0381998911125,0.296656433858,-0.750798937307,0.45115061842
7.47125,0.159389740546,0.154571585359,0.16000565265,-0.0257056511899,0.0634390358351,-0.0376376337819,0.295154778337,-0.746514689166,0.448453951697
7.4725,0.159357839074,0.154650300934,0.159958955965,-0.0253376503265,0.0625085781363,-0.0370787562333,0.293640065826,-0.742204781545,0.44574295863
7.47375,0.15932639642,0.154727856805,0.159912955759,-0.0249715510253,0.0615835238812,-0.0365232763853,0.292112264194,-0.737869149717,0.443017623979
7.475,0.159295410197,0.154804259744,0.159867647774,-0.024607369666,0.060663905262,-0.0359712121734,0.290571345113,-0.733507732448,0.440277933538
7.47625,0.159264877996,0.154879516568,0.159823027729,-0.0242451226625,0.0597497545501,-0.0354225815515,0.289017274821,-0.72912046096,0.437523871241
7.4775,0.15923479739,0.154953634131,0.15977909132,-0.023884826479,0.0588411041096,-0.0348774024952,0.287450024285,-0.724707273685,0.434755421037
7.47875,0.15920516593,0.155026619328,0.159735834223,-0.0235264976018,0.0579379863659,-0.0343356929989,0.285869570223,-0.720268114031,0.431972568336
7.48,0.159175981146,0.155098479096,0.159693252088,-0.0231701525534,0.0570404338245,-0.0337974710744,0.284275875299,-0.715802909735,0.429175297143
7.48125,0.159147240548,0.155169220413,0.159651340545,-0.0228158079136,0.0561484790915,-0.033262754756,0.282668913951,-0.711311600659,0.426363590052
7.4825,0.159118941626,0.155238850294,0.159610095201,-0.0224634802685,0.0552621548229,-0.0327315620993,0.281048653758,-0.706794120947,0.423537432579
7.48375,0.159091081848,0.1553073758,0.15956951164,-0.0221131862792,0.0543814937892,-0.0322039111746,0.279415060862,-0.702250402,0.420696808229
7.485,0.15906365866,0.155374804029,0.159529585423,-0.0217649426164,0.0535065288179,-0.0316798200787,0.277768119258,-0.69768039597,0.417841703316
7.48625,0.159036669491,0.155441142122,0.15949031209,-0.021418765981,0.0526372927992,-0.0311593069163,0.276107789543,-0.693084028183,0.414972101842
7.4875,0.159010111745,0.155506397261,0.159451687156,-0.0210746731425,0.0517738187474,-0.0306423898241,0.274434035143,-0.688461224357,0.412087983011
7.48875,0.158983982808,0.155570576669,0.159413706115,-0.0207326808932,0.0509161397383,-0.0301290869587,0.272746836239,-0.68381193216,0.409189333826
7.49,0.158958280043,0.15563368761,0.159376364438,-0.0203928060519,0.050064288917,-0.0296194164895,0.271046166276,-0.67913609324,0.406276141115
7.49125,0.158933000793,0.155695737391,0.159339657574,-0.0200550654775,0.0492182995052,-0.029113396606,0.269331988574,-0.674433636516,0.403348387795
7.4925,0.158908142379,0.155756733359,0.159303580947,-0.0197194760805,0.0483782048257,-0.0286110455201,0.267604270726,-0.669704489098,0.400406053956
7.49375,0.158883702103,0.155816682903,0.15926812996,-0.0193860548006,0.0475440382825,-0.0281123814711,0.265862986484,-0.664948592609,0.397449124631
7.495,0.158859677242,0.155875593454,0.159233299993,-0.0190548186143,0.0467158333442,-0.0276174227085,0.264108105483,-0.660165887467,0.394477588407
7.49625,0.158836065056,0.155933472486,0.159199086403,-0.0187257845369,0.0458936235638,-0.0271261875,0.262339600249,-0.655356308286,0.391491427155
7.4975,0.158812862781,0.155990327513,0.159165484524,-0.0183989696136,0.0450774425735,-0.0266386941406,0.260557441467,-0.650519786654,0.388490620435
7.49875,0.158790067632,0.156046166093,0.159132489668,-0.0180743909333,0.0442673240972,-0.026154960949,0.258761593946,-0.645656254145,0.385475153698
7.5,0.158767676804,0.156100995824,0.159100097122,-0.0177520656288,0.0434633019381,-0.0256750062563,0.256952031958,-0.640765654373,0.382445014432
7.50125,0.158745687468,0.156154824348,0.159068302152,-0.0174320108534,0.0426654099613,-0.0251988484129,0.255128727639,-0.635847924755,0.379400186259
7.5025,0.158724096777,0.156207659348,0.159037100001,-0.0171142438097,0.0418736821262,-0.0247265057907,0.253291642875,-0.630902987481,0.37634064835
7.50375,0.158702901859,0.156259508553,0.159006485888,-0.0167987817462,0.0410881524926,-0.024257996792,0.251440756182,-0.625930785492,0.373266384551
7.505,0.158682099822,0.15631037973,0.158976455009,-0.0164856419192,0.0403088551625,-0.0237933398293,0.249576038524,-0.620931260124,0.370177383328
7.50625,0.158661687754,0.156360280691,0.158947002538,-0.0161748416499,0.0395358243423,-0.0233325533337,0.247697450033,-0.615904335103,0.36707362579
7.5075,0.158641662718,0.156409219291,0.158918123626,-0.0158663982941,0.0387690943247,-0.0228756557648,0.245804968944,-0.610849951698,0.36395509436
7.50875,0.158622021758,0.156457203427,0.158889813399,-0.0155603292275,0.038008699463,-0.0224226655978,0.243898567157,-0.605768046219,0.360821772995
7.51,0.158602761895,0.156504241039,0.158862066962,-0.0152566518762,0.0372546742092,-0.0219736013324,0.241978212756,-0.600658554012,0.35767364711
7.51125,0.158583880128,0.156550340112,0.158834879395,-0.0149553836956,0.036507053078,-0.02152848148,0.240043874766,-0.595521409531,0.354510699657
7.5125,0.158565373436,0.156595508672,0.158808245758,-0.0146565421893,0.0357658706854,-0.0210873245832,0.238095521613,-0.590356541073,0.35133290954
7.51375,0.158547238773,0.156639754789,0.158782161084,-0.0143601448916,0.0350311617253,-0.0206501492062,0.236133124687,-0.585163889971,0.348140265629
7.515,0.158529473074,0.156683086576,0.158756620385,-0.0140662093776,0.0343029609604,-0.0202169739191,0.234156655628,-0.579943394032,0.344932752614
7.51625,0.15851207325,0.156725512191,0.158731618649,-0.0137747532525,0.0335813032402,-0.0197878173246,0.232166089336,-0.574694988197,0.341710348621
7.5175,0.158495036191,0.156767039834,0.158707150842,-0.0134857941543,0.03286622349,-0.0193626980476,0.230161390888,-0.569418603473,0.338473037584
7.51875,0.158478358764,0.15680767775,0.158683211904,-0.0131993497753,0.0321577567315,-0.0189416347307,0.228142533666,-0.564114180619,0.335220806278
7.52,0.158462037816,0.156847434226,0.158659796755,-0.0129154378201,0.0314559380384,-0.0185246460319,0.22610948516,-0.558781651807,0.33195363709
7.52125,0.15844607017,0.156886317595,0.158636900289,-0.0126340760624,0.030760802602,-0.0181117506379,0.224062207434,-0.553420940608,0.328671509919
7.5225,0.158430452626,0.156924336233,0.158614517378,-0.0123552823015,0.0300723856869,-0.0177029672571,0.222000687168,-0.548032001723,0.32537441115
7.52375,0.158415181964,0.156961498559,0.158592642871,-0.0120790743445,0.0293907225977,-0.0172983146101,0.219924894512,-0.542614770185,0.322062323727
7.525,0.15840025494,0.156997813039,0.158571271592,-0.0118054700652,0.0287158487614,-0.0168978114478,0.21783478914,-0.537169170295,0.318735231025
7.52625,0.158385668289,0.157033288181,0.158550398342,-0.0115344873716,0.028047799672,-0.0165014765325,0.215730340898,-0.531695137482,0.315393116065
7.5275,0.158371418722,0.157067932538,0.1585300179,-0.011266144213,0.0273866109177,-0.0161093286576,0.213611529176,-0.52619261194,0.312035957856
7.52875,0.158357502928,0.157101754708,0.158510125021,-0.0110004585487,0.0267323181421,-0.0157213866379,0.211478322495,-0.520661532053,0.308663744235
7.53,0.158343917575,0.157134763334,0.158490714434,-0.0107374484068,0.0260849570876,-0.015337669297,0.209330687648,-0.515101831124,0.305276460074
7.53125,0.158330659307,0.157166967101,0.158471780847,-0.0104771318296,0.0254445635643,-0.0149581954877,0.207168604797,-0.509513448788,0.301874082712
7.5325,0.158317724746,0.157198374743,0.158453318945,-0.0102195268948,0.0248111734656,-0.0145829840902,0.204992032343,-0.503896309641,0.298456595476
7.53375,0.15830511049,0.157228995035,0.158435323387,-0.00996465174872,0.0241848227902,-0.014212053999,0.202800944888,-0.498250359189,0.295023987425
7.535,0.158292813116,0.1572588368,0.15841778881,-0.00971252453255,0.0235655475676,-0.0138454241217,0.200595319058,-0.492575537868,0.291576239633
7.53625,0.158280829179,0.157287908904,0.158400709827,-0.00946316345107,0.0229533839455,-0.0134831133999,0.198375116622,-0.486871765165,0.288113327861
7.5375,0.158269155208,0.157316220259,0.158384081027,-0.009216586741,0.0223483681547,-0.013125140802,0.19614031963,-0.481138992575,0.284635239359
7.53875,0.158257787712,0.157343779824,0.158367896975,-0.008972812652,0.0217505364641,-0.0127715253015,0.19389089008,-0.475377153603,0.281141962191
7.54,0.158246723176,0.157370596601,0.158352152213,-0.0087318595158,0.0211599252707,-0.0124222858966,0.191626797417,-0.469586177161,0.27763347365
7.54125,0.158235958063,0.157396679637,0.15833684126,-0.00849374565846,0.0205765710212,-0.0120774416174,0.189348024904,-0.463766011555,0.274109756333
7.5425,0.158225488812,0.157422038028,0.158321958609,-0.00825848945354,0.0200005102418,-0.0117370115057,0.187054531756,-0.457916585395,0.270570795777
7.54375,0.158215311839,0.157446680913,0.158307498731,-0.00802610932907,0.0194317795577,-0.0114010146279,0.184746294138,-0.452037838161,0.267016572587
7.545,0.158205423539,0.157470617477,0.158293456073,-0.00779662371819,0.0188704156464,-0.0110694700743,0.182423285329,-0.446129708254,0.26344706946
7.54625,0.15819582028,0.157493856952,0.158279825056,-0.00757005111574,0.0183164552871,-0.0107423969543,0.180085466965,-0.440192125879,0.259862271682
7.5475,0.158186498411,0.157516408615,0.15826660008,-0.00734641005078,0.0177699353317,-0.010419814395,0.177732817903,-0.434225034096,0.256262159863
7.54875,0.158177454255,0.15753828179,0.15825377552,-0.00712571907098,0.0172308927018,-0.0101017415546,0.175365311213,-0.428228371908,0.252646715745
7.55,0.158168684113,0.157559485847,0.158241345726,-0.00690799677275,0.016699364402,-0.00978819760569,0.172982914859,-0.422202073412,0.24901592312
7.55125,0.158160184263,0.157580030201,0.158229305026,-0.00669326178384,0.0161753875183,-0.00947920174683,0.170585602214,-0.416146078521,0.24536976461
7.5525,0.158151950959,0.157599924316,0.158217647722,-0.00648153276721,0.0156589992057,-0.00917477319416,0.168173339856,-0.410060321696,0.241708223282
7.55375,0.158143980431,0.157619177699,0.158206368093,-0.0062728284342,0.0151502367141,-0.00887493118862,0.165746104983,-0.403944744289,0.238031281268
7.555,0.158136268888,0.157637799908,0.158195460394,-0.00606716750475,0.0146491373449,-0.00857969499099,0.163303870161,-0.397799287592,0.234338921922
7.55625,0.158128812512,0.157655800543,0.158184918856,-0.0058645687588,0.0141557384951,-0.00828908388382,0.160846597976,-0.391623880378,0.230631126317
7.5575,0.158121607466,0.157673189254,0.158174737684,-0.00566505100981,0.013670077644,-0.0080031171752,0.158374268651,-0.385418466462,0.226907875992
7.55875,0.158114649885,0.157689975737,0.158164911063,-0.00546863308717,0.0131921923289,-0.00772181419384,0.155886854466,-0.379182987481,0.223169154981
7.56,0.158107935883,0.157706169735,0.158155433149,-0.00527533387365,0.0127221201753,-0.00744519428775,0.153384321243,-0.372917378965,0.21941494733
7.56125,0.15810146155,0.157721781037,0.158146298077,-0.00508517228406,0.0122598988815,-0.00717327682551,0.150866642736,-0.366621580133,0.215645234292
7.5625,0.158095222952,0.157736819482,0.158137499957,-0.00489816726681,0.011805566225,-0.00690608120202,0.148333793499,-0.360295530584,0.211859996355
7.56375,0.158089216132,0.157751294953,0.158129032874,-0.00471433780032,0.0113591600551,-0.00664362683462,0.145785744223,-0.353939168855,0.208059216078
7.565,0.158083437108,0.157765217382,0.15812089089,-0.00453370290625,0.0109207183028,-0.00638593316182,0.143222466667,-0.347552438063,0.204242879144
7.56625,0.158077881875,0.157778596749,0.158113068041,-0.00435628163365,0.0104902789599,-0.00613301963676,0.140643934296,-0.34113527793,0.200410966434
7.5675,0.158072546404,0.157791443079,0.158105558341,-0.00418209307051,0.010067880108,-0.00588490574574,0.138050115697,-0.334687621867,0.196563457811
7.56875,0.158067426642,0.157803766449,0.158098355777,-0.0040111563444,0.00965355990523,-0.00564161099224,0.135440988342,-0.328209417509,0.192700337288
7.57,0.158062518513,0.157815576979,0.158091454313,-0.00384349059966,0.00924735656422,-0.00540315490252,0.132816522577,-0.321700604184,0.188821587022
7.57125,0.158057817915,0.15782688484,0.158084847889,-0.00367911503796,0.00884930839477,-0.00516955702468,0.130176684331,-0.315161117436,0.184927191461
7.5725,0.158053320725,0.15783770025,0.158078530421,-0.00351804888883,0.00845945377063,-0.00494083692386,0.127521456224,-0.308590907707,0.181017131527
7.57375,0.158049022793,0.157848033475,0.158072495797,-0.0033603113974,0.0080778311255,-0.00471701419586,0.124850810153,-0.301989912256,0.177091385825
7.575,0.158044919947,0.157857894828,0.158066737885,-0.00320592186345,0.00770447898999,-0.0044981084593,0.1221647091,-0.295358064156,0.173149938544
7.57625,0.158041007989,0.157867294672,0.158061250526,-0.00305489962465,0.00733943596511,-0.0042841393495,0.119463133217,-0.288695317928,0.169192776022
7.5775,0.158037282698,0.157876243418,0.158056027537,-0.00290726403041,0.00698274069517,-0.00407512651925,0.116746056415,-0.282001613135,0.165219876786
7.57875,0.158033739829,0.157884751524,0.15805106271,-0.00276303448361,0.00663443193228,-0.00387108965754,0.114013446824,-0.275276887649,0.161231223888
7.58,0.158030375111,0.157892829498,0.158046349813,-0.00262223041334,0.00629454847605,-0.00367204845953,0.111265282888,-0.268521090484,0.157226800005
7.58125,0.158027184252,0.157900487895,0.158041882589,-0.00248487127639,0.00596312920607,-0.00347802265753,0.108501530818,-0.2617341508,0.153206579867
7.5825,0.158024162933,0.157907737321,0.158037654756,-0.0023509765863,0.00564021309905,-0.00328903200986,0.105722165566,-0.254916023792,0.149170555412
7.58375,0.158021306811,0.157914588428,0.158033660009,-0.00222056586248,0.00532583914659,-0.003105096269,0.102927169473,-0.24806666342,0.145118710614
7.585,0.158018611519,0.157921051919,0.158029892015,-0.00209365866262,0.0050200464405,-0.00292623523332,0.100116505556,-0.241185992354,0.141051016092
7.58625,0.158016072664,0.157927138544,0.15802634442,-0.00197027459859,0.0047228741657,-0.00275246872877,0.0972901457516,-0.234273960623,0.136967460909
7.5875,0.158013685832,0.157932859104,0.158023010843,-0.00185043329824,0.00443436153894,-0.00258381658105,0.0944480733665,-0.227330524038,0.132868029007
7.58875,0.158011446581,0.157938224448,0.158019884879,-0.00173415441517,0.00415454785561,-0.00242029865625,0.0915902586513,-0.220355617878,0.12875269544
7.59,0.158009350446,0.157943245474,0.158016960097,-0.00162145765161,0.00388347249424,-0.00226193484245,0.0887166685345,-0.213349186532,0.124621448487
7.59125,0.158007392937,0.157947933129,0.158014230042,-0.00151236274384,0.00362117488928,-0.00210874503503,0.0858272813872,-0.206311178061,0.120474268178
7.5925,0.158005569539,0.157952298411,0.158011688234,-0.00140688944814,0.00336769454909,-0.00196074917201,0.0829220715559,-0.199241539318,0.116311136472
7.59375,0.158003875713,0.157956352365,0.158009328169,-0.00130505756495,0.00312307104098,-0.00181796719385,0.0800010137766,-0.192140218755,0.112132036318
7.595,0.158002306895,0.157960106088,0.158007143316,-0.0012068869137,0.0028873440022,-0.00168041908121,0.0770640849282,-0.185007160135,0.107936944434
7.59625,0.158000858496,0.157963570725,0.158005127121,-0.00111239735263,0.00266055314064,-0.00154812483277,0.074111249512,-0.177842307175,0.103725849561
7.5975,0.157999525902,0.157966757471,0.158003273004,-0.00102160878992,0.00244273823427,-0.00142110445731,0.0711424865671,-0.170645611524,0.0994987315608
7.59875,0.157998304474,0.157969677571,0.15800157436,-0.00093454113621,0.00223393911183,-0.00129937800386,0.0681577797565,-0.163417027574,0.0952555702554
7.6,0.157997189549,0.157972342319,0.158000024559,-0.000851214340528,0.00203419566533,-0.00118296553167,0.0651570877267,-0.156156490371,0.0909963515056
7.60125,0.157996176438,0.15797476306,0.157998616946,-0.000771648416894,0.0018435478859,-0.0010718871251,0.0621403899004,-0.148863950071,0.0867210520653
7.6025,0.157995260428,0.157976951189,0.157997344841,-0.000695863365777,0.00166203579015,-0.000966162901506,0.0591076725698,-0.141539368991,0.0824296551713
7.60375,0.15799443678,0.15797891815,0.157996201539,-0.000623879235469,0.00148969946343,-0.000865812987172,0.0560588954499,-0.134182684874,0.078122147471
7.605,0.15799370073,0.157980675437,0.157995180309,-0.000555716127153,0.00132657907797,-0.000770857532828,0.0529940374235,-0.126793847207,0.0737985059715
7.60625,0.15799304749,0.157982234597,0.157994274395,-0.00049139414191,0.00117271484541,-0.000681316722243,0.0499130818042,-0.11937281503,0.0694587125935
7.6075,0.157992472245,0.157983607225,0.157993477017,-0.000430933422642,0.00102814704039,-0.000597210751344,0.0468159957393,-0.111919532699,0.0651027509974
7.60875,0.157991970156,0.157984804965,0.157992781368,-0.000374354152562,0.000892916013662,-0.00051855984475,0.043702750861,-0.104433948991,0.0607306038717
7.61,0.157991536359,0.157985839515,0.157992180617,-0.000321676545489,0.000767062167917,-0.000445384241665,0.04057332944,-0.0969160221956,0.0563422529581
7.61125,0.157991165965,0.15798672262,0.157991667908,-0.000272920828962,0.000650625958173,-0.000377704212355,0.0374277109557,-0.0893657034595,0.0519376748201
7.6125,0.157990854057,0.15798746608,0.157991236357,-0.0002281072681,0.000543647909268,-0.000315540054615,0.0342658607281,-0.0817829395657,0.047516855696
7.61375,0.157990595696,0.15798808174,0.157990879058,-0.000187256177142,0.000446168609258,-0.000258912073114,0.0310877545587,-0.0741676853607,0.0430797795275
7.615,0.157990385917,0.157988581501,0.157990589077,-0.000150387881703,0.000358228695866,-0.000207840605796,0.0278933767106,-0.0665198999883,0.0386264249727
7.61625,0.157990219727,0.157988977312,0.157990359456,-0.000117522735366,0.000279868859288,-0.000162346010683,0.024682701644,-0.058839536942,0.0341567747626
7.6175,0.15799009211,0.157989281173,0.157990183212,-8.86811275933e-05,0.000211129853511,-0.00012244866889,0.0214557009656,-0.051126544065,0.0296708081777
7.61875,0.157989998024,0.157989505137,0.157990053334,-6.38834829516e-05,0.000152052499125,-8.81689902386e-05,0.0182123475042,-0.0433808740411,0.0251685074545
7.62,0.157989932401,0.157989661304,0.157989962789,-4.31502588327e-05,0.000102677668409,-5.95274002535e-05,0.0149526235674,-0.0356024919768,0.0206498593144
7.62125,0.157989890148,0.157989761831,0.157989904516,-2.65019240331e-05,6.30462691831e-05,-3.65443419525e-05,0.0116765094646,-0.0277913568055,0.0161148437883
7.6225,0.157989866146,0.15798981892,0.157989871428,-1.39589851713e-05,3.31992763947e-05,-1.92402907828e-05,0.00838397518521,-0.0199474159501,0.0115634392017
7.62375,0.157989855251,0.157989844829,0.157989856415,-5.54198607006e-06,1.31777293078e-05,-7.63574394824e-06,0.00590635612809,-0.0140480420868,0.00814168664647
7.625,0.157989852291,0.157989851864,0.157989852339,8.0690514892e-07,-1.92082882222e-06,1.11392583335e-06,0.00425186982227,-0.0101096509212,0.00585778500408
