time,segment_id,segment_local_time,u,position_x,position_y,position_z,velocity_x,velocity_y,velocity_z,acceleration_x,acceleration_y,acceleration_z
0.0,0,0.0,0.0,-1.5,0.0,1.5,0.0,0.0,0.0,0.0,0.0,0.0
0.005,0,0.005,0.0040013731469025985,-1.4999998485514603,-1.5905304133490335e-08,1.5000001823048352,9.080385560714864e-05,-9.513441319679968e-06,0.00010909547387494612,0.036269318659619826,-0.0037816036772407523,0.04340845227345215
0.01,0,0.01,0.008002746293805197,-1.4999987910233112,-1.2605479442136858e-07,1.5000014469620464,0.00036217050089420896,-3.757931215110279e-05,0.00043179737796582193,0.072225025898046,-0.007421172581698659,0.08544461768568455
0.015,0,0.015,0.012004119440707794,-1.4999959285239963,-4.2144020318760127e-07,1.5000048449013388,0.0008125305291464327,-8.3490450285377e-05,0.0009612749619562186,0.10786658187176665,-0.010919911375382833,0.12612076983257328
0.02,0,0.02,0.016005492587610394,-1.4999903700157413,-9.895325099868123e-07,1.500011393052086,0.0014403118344315138,-0.00014654571682365682,0.0016907588435091092,0.14319344673726997,-0.014279024720302392,0.16544918230999453
0.025,0,0.025,0.02000686573451299,-1.499981232328049,-1.914312058154509e-06,1.5000220746501698,0.0022439396115995834,-0.00022604999617714176,0.0026135410082668443,0.17820508065104407,-0.01749971727846645,0.20344212871382422
0.03,0,0.03,0.024008238881415588,-1.4999676401711963,-3.276298671357311e-06,1.5000378395448206,0.0032218363562832183,-0.00032131419606707724,0.0037229748098511583,0.21290094376957705,-0.020583193711884114,0.2401118826399386
0.035,0,0.035,0.028009612028318188,-1.4999487261497297,-5.152581770143182e-06,1.5000596045054564,0.004372421864897434,-0.0004316552475247541,0.005012474969863165,0.2472804962493572,-0.02353065868256451,0.2754707176842138
0.04,0,0.04,0.03201098517522079,-1.499923630775962,-7.616850488491649e-06,1.5000882535285234,0.005694113234639684,-0.0005563961048915089,0.0064755175778833576,0.28134319824687254,-0.026343316852516743,0.3095309074425257
0.045,0,0.045,0.03601235832212338,-1.4998915024834683,-1.0739423790364028e-05,1.5001246381443352,0.007185324863489863,-0.000694865745818723,0.008105640091471607,0.31508850991861115,-0.02902237288374993,0.3423047255107505
0.05,0,0.05,0.04001373146902598,-1.4998514976405808,-1.4587280586253689e-05,1.500169577723914,0.008844468450210315,-0.000846399171267825,0.009896441336167176,0.34851589142106143,-0.03156903143827319,0.3738044454847644
0.055,0,0.055,0.04401510461592858,-1.4998027805638872,-1.922408984973621e-05,1.5002238597858286,0.01066995299434581,-0.001010337405510287,0.011841581505488695,0.3816248029107112,-0.03398449717809564,0.40404234096044334
0.06,0,0.06,0.048016477762831175,-1.4997445235317244,-2.4710240734019686e-05,1.5002882403030362,0.01266018479622357,-0.0011860274961276282,0.013934782160934179,0.4144147045440489,-0.03626997476522637,0.4330306855336635
0.065,0,0.065,0.05201785090973378,-1.4996759067976768,-3.110287268849491e-05,1.5003634440097213,0.01481356745695326,-0.0013728225140114134,0.016169826231981026,0.44688505647756266,-0.03842666886167453,0.460781752800301
0.07,0,0.07,0.056019224056636376,-1.4995961186040705,-3.845590557528558e-05,1.5004501647081352,0.017128501878426974,-0.0015700815533632511,0.01854055801608601,0.4790353188677403,-0.04045578412944922,0.4873078163562319
0.075,0,0.075,0.060020597203538965,-1.49950435519547,-4.682006978579858e-05,1.500549065575437,0.019603386263319245,-0.0017771697316947977,0.02104088317868529,0.5108649518710702,-0.04235852523055953,0.5126211497973322
0.08,0,0.08,0.06402197035044158,-1.4993998208321757,-5.624293635727425e-05,1.5006607794705327,0.022236616115087083,-0.001993458189827755,0.023664768753194412,0.5423734156440407,-0.044136096827014616,0.5367340267194782
0.085,0,0.085,0.06802334349734417,-1.4992817278037176,-6.67689470893364e-05,1.500785909240915,0.025026584237969874,-0.0022183240918938673,0.026406243141008277,0.5735601703431396,-0.04578970358082357,0.5596587207185457
0.09,0,0.09,0.07202471664424676,-1.4991492964423525,-7.843944466054279e-05,1.5009250280295046,0.02797168073698949,-0.0024511506253349275,0.02925939611150119,0.6044246761248551,-0.04732055015399549,0.581407505390411
0.095,0,0.095,0.07602608979114936,-1.499001755136561,-9.129270274493532e-05,1.5010786795814874,0.03107029301795026,-0.002691327000902776,0.03221837880202685,0.6349663931456756,-0.04872984120853954,0.6019926543309504
0.1,0,0.1,0.08002746293805196,-1.4988383403445422,-0.00010536395612859004,1.5012473785511578,0.034320805787438916,-0.002938248452659293,0.03527740371791828,0.665184781562089,-0.050018781406464784,0.6214264411360395
0.105,0,0.105,0.08402883608495455,-1.4986582966077102,-0.00012068543082616755,1.501431610808755,0.03772160105282462,-0.0031913162379764073,0.03843074473248795,0.6950793015305835,-0.051188575409780376,0.6397211394015547
0.11,0,0.11,0.08803020923185716,-1.4984608765641907,-0.00013728637419746338,1.5016318337473065,0.04127105812225902,-0.0034499376375360952,0.041672737087027664,0.7246494132076473,-0.0522404278804954,0.6568890227233722
0.115,0,0.115,0.09203158237875976,-1.498245340962316,-0.00015519308506395786,1.5018484765894649,0.04496755360467619,-0.0037135259553303756,0.04499777739080864,0.7538945767497685,-0.05317554348061896,0.6729423646973679
0.12,0,0.12,0.09603295552566235,-1.4980109586741228,-0.00017442894382536657,1.5020819406943493,0.048809461409792615,-0.003981500518661314,0.04840032362108143,0.7828142523134352,-0.053995126872160217,0.6878934389194178
0.125,0,0.125,0.10003432867256495,-1.4977570067088462,-0.00019501444257619065,1.5023325998643857,0.05279515274810727,-0.004253286678141023,0.05187489512307603,0.811407900055136,-0.054700382717128265,0.7017545189853982
0.13,0,0.13,0.10403570181946756,-1.4974827702264175,-0.00021696721522226675,1.5026008006521456,0.056922996130901515,-0.004528315807691657,0.05541607261000176,0.8396749801313581,-0.05529251567753219,0.7145378784911851
0.135,0,0.135,0.10803707496637016,-1.4971875425509595,-0.00024030206759731752,1.5028868626671867,0.061191357370239216,-0.00480602530454542,0.059018498163047356,0.8676149526985906,-0.05577273041538114,0.7262557910326547
0.14,0,0.14,0.11203844811327275,-1.496870625184283,-0.0002650310075795015,1.5031910788828924,0.06559859957896659,-0.005085858589244559,0.06267687523138091,0.895227277913321,-0.056142231592684236,0.7369205302056829
0.145,0,0.145,0.11603982126017534,-1.4965313278193817,-0.00029116327520796405,1.5035137159433118,0.07014308317071238,-0.005367265105641367,0.0663859686321499,0.9225114159320376,-0.05640222387145056,0.746544369606146
0.15,0,0.15,0.12004119440707793,-1.49616896835393,-0.0003187053727993868,1.5038550144700005,0.07482316585988774,-0.0056497003208981844,0.07014060455048121,0.9494668269112287,-0.056553911913689234,0.7551395828299199
0.155,0,0.155,0.12404256755398053,-1.4957828729037785,-0.00034766109506453825,1.5042151893688585,0.07963720266168627,-0.005932625725487395,0.0739356705394811,0.9760929710073826,-0.05659850038140939,0.7627184434728809
0.16,0,0.16,0.12804394070088315,-1.495372375816449,-0.00037803155922482397,1.5045944301369722,0.08458354589208401,-0.0062155088331914314,0.07776611552023514,1.0023893083769873,-0.05653719393662012,0.769293225130905
0.165,0,0.165,0.13204531384778576,-1.494936819684632,-0.00040981523512883655,1.504992901169453,0.0896605451678394,-0.006497823181102765,0.08162694978180839,1.0283552991765308,-0.05637119724133057,0.774876201399868
0.17,0,0.17,0.13604668699468833,-1.4944755553596825,-0.0004430079753689062,1.5054107420662775,0.09486654740649336,-0.006779048329623916,0.08551324498124518,1.0539904035625012,-0.056101714957549835,0.7794796458756467
0.17500000000000002,0,0.17500000000000002,0.14004806014159094,-1.4939879419651152,-0.0004776030453976513,1.5058480679391275,0.10019989682636925,-0.007058669862467459,0.08942013414356932,1.0792940816913867,-0.055729951747287045,0.7831158321541166
0.18,0,0.18,0.1440494332884935,-1.4934733469101016,-0.0005135911536445273,1.5063049697182302,0.10565893494657286,-0.007336179386655997,0.09334281166178394,1.1042657937196756,-0.05525711227255128,0.7857970338311538
0.185,0,0.185,0.14805080643539612,-1.4929311459029657,-0.0005509604816323788,1.5067815144591974,0.11124200058699249,-0.007611074532522197,0.0972765332968716,1.128904999803856,-0.05468440119535167,0.7875355245026349
0.19,0,0.19,0.15205217958229872,-1.4923607229646803,-0.0005896967140939884,1.507277745649866,0.11694742986829874,-0.007882858953708759,0.10121661617779418,1.153211160100416,-0.054013023177697336,0.7883435777644354
0.195,0,0.195,0.15605355272920132,-1.4917614704423623,-0.0006297830690886267,1.5077936835171373,0.12277355621194476,-0.008151042327168432,0.10515843880149295,1.1771837347658436,-0.053244182881597414,0.7882334672124316
0.2,0,0.2,0.16005492587610393,-1.49113278902277,-0.0006712003281186042,1.5083293253338177,0.1287187103401661,-0.008415140353164005,0.1090974410328886,1.2008221839566273,-0.05237908496906098,0.7872174664425
0.20500000000000002,0,0.20500000000000002,0.16405629902300653,-1.490474087745798,-0.0007139268662458198,1.5088846457254579,0.1347812202759808,-0.008674674755268327,0.11302912410488122,1.224125967829255,-0.05141893410209716,0.7853078490505162
0.21,0,0.21,0.1680576721699091,-1.4897847840179745,-0.0007579386822083116,1.5094595969771931,0.1409594113431892,-0.008929173280364279,0.11694905061835012,1.2470945465402148,-0.05036493494271509,0.7825168886323562
0.215,0,0.215,0.1720590453168117,-1.489064303625956,-0.0008032094285368083,1.5100541093405826,0.14725160616637428,-0.009178169698644795,0.12085284454215427,1.269727380245995,-0.049218292152923844,0.7788568587838964
0.22,0,0.22,0.1760604184637143,-1.4883120807500252,-0.0008497104416712772,1.5106680913404504,0.15365612467090137,-0.009421203803612851,0.12473619121313173,1.2920239291030837,-0.04798021039473256,0.774340033101013
0.225,0,0.225,0.18006179161061692,-1.4875275579775846,-0.0008974107720774763,1.5113014300817247,0.16017128408291811,-0.009657821412081467,0.1285948373361001,1.3139836532679692,-0.04665189433015034,0.7689786851795817
0.23,0,0.23,0.18406316475751952,-1.4867101863166554,-0.0009462772143635032,1.5119539915562767,0.16679539892935485,-0.009887574364173715,0.13242459098385642,1.3356060128971392,-0.0452345486211863,0.7627850886154791
0.23500000000000001,0,0.23500000000000001,0.18806453790442212,-1.4858594252093709,-0.0009962743373963462,1.512625620949763,0.17352678103792415,-0.010110020523322712,0.13622132159717695,1.3568904681470824,-0.04372937792984957,0.7557715170045808
0.24,0,0.24,0.1920659110513247,-1.4849747425454751,-0.0010473645144184348,1.5133161429484632,0.1803637395371211,-0.010324723776271605,0.13998095998481735,1.377836479174286,-0.04213758691814931,0.747950243942763
0.245,0,0.245,0.1960672841982273,-1.4840556146758166,-0.0010995079531641893,1.5140253620461204,0.18730458085622326,-0.010531254033073612,0.14369949832351284,1.3984435061352394,-0.04046038024809457,0.7393335430259022
0.25,0,0.25,0.2000686573451299,-1.4831015264258463,-0.0011526627259765704,1.514753062850782,0.19434760872529058,-0.010729187227091978,0.1473729901579778,1.4187110091864306,-0.03869896258169448,0.7299336878498742
0.255,0,0.255,0.2040700304920325,-1.4821119711091124,-0.0012067847999236302,1.5154990103916384,0.20149112417516543,-0.010918105314999996,0.1509975504009061,1.4386384484843466,-0.03685453858095807,0.7197629520105546
0.26,0,0.26,0.20807140363893512,-1.4810864505407573,-0.001261828066915064,1.5162629504258636,0.2087334255374727,-0.011097596276781013,0.15456935533297098,1.4582252841854766,-0.034928312907894624,0.7088336091038205
0.265,0,0.265,0.21207277678583772,-1.480024475051013,-0.0013177443738187561,1.5170446097454549,0.21607280844461974,-0.011267254115728412,0.15808464260282512,1.477470976446308,-0.03292149022451307,0.6971579327255468
0.27,0,0.27,0.21607414993274032,-1.4789255634986977,-0.0013744835525773362,1.5178436964840731,0.22350756582979614,-0.01142667885844563,0.16153971122710034,1.4963749854233297,-0.030835275192822757,0.6847481964716108
0.275,0,0.275,0.2200755230796429,-1.4777892432847117,-0.0014319934503247227,1.5186599004238817,0.23103598792697413,-0.011575476554846142,0.16493092159040817,1.514936771273029,-0.02867087247483257,0.6716166739378882
0.28,0,0.28,0.2240768962265455,-1.4766150503655335,-0.00149021995950268,1.5194928933023872,0.23865636227090836,-0.01171325927815347,0.1682546954453394,1.5331557941518952,-0.026429486732551775,0.6577756387202549
0.28500000000000003,0,0.28500000000000003,0.2280782693734481,-1.4754025292667154,-0.0015491070479773633,1.5203423291192795,0.24636697369713584,-0.011839645124901188,0.17150751591246402,1.5510315142164155,-0.024112322627989347,0.6432373644145867
0.29,0,0.29,0.23207964252035068,-1.474151233096381,-0.00160859678915587,1.5212078444432704,0.25416610434197606,-0.01195425821493291,0.17468592748033165,1.5685633916230783,-0.02172058482315458,0.6280141246167605
0.295,0,0.295,0.23608101566725329,-1.4728607235587197,-0.0016686293921027936,1.5220890587189355,0.262052033642531,-0.012056728691402296,0.17778653600547117,1.5857508865283718,-0.019255477980056418,0.6121181929226515
0.3,0,0.3,0.24008238881415586,-1.4715305709674833,-0.0017291432316567672,1.522985574573552,0.27002303833668495,-0.012146692720773053,0.18080600871239075,1.602593459088784,-0.016718206760704082,0.5955618429281367
0.305,0,0.305,0.24408376196105847,-1.4701603542594823,-0.001790074878547021,1.5238969781239404,0.2780773924631048,-0.012223792492818927,0.18374107419357827,1.619090569460803,-0.01410997582710665,0.578357348229091
0.31,0,0.31,0.24808513510796107,-1.4687496610080826,-0.0018513591295099261,1.5248228392833032,0.2862133673612398,-0.012287676220623727,0.18658852240950066,1.6352416778009178,-0.01143198984127321,0.5605169824213919
0.315,0,0.315,0.2520865082548637,-1.4672980874367,-0.0019129290374055512,1.5257627120680648,0.2944292316713216,-0.012337998140581284,0.18934520468860427,1.6510462442656155,-0.008685453465212947,0.5420530191009149
0.32,0,0.32,0.2560878814017663,-1.465805238432298,-0.0019747159413342056,1.5267161349047125,0.30272325133436456,-0.012374418512395497,0.192008033727315,1.6665037290113849,-0.005871571360934837,0.5229777318635352
0.325,0,0.325,0.2600892545486689,-1.464270727558882,-0.002036649496752995,1.5276826309366354,0.31109368959216477,-0.012396603619080286,0.194573983590038,1.6816135921947133,-0.0029915481904482085,0.5033033943051299
0.33,0,0.33,0.2640906276955715,-1.4626941770709974,-0.0020986577055923713,1.5286617083309642,0.3195388069873018,-0.012404225766959641,0.1970400897091577,1.69637529397209,-4.6588615761967716e-05,0.4830422800215753
0.335,0,0.335,0.2680920008424741,-1.4610752179272244,-0.002160666946372678,1.5296528605854123,0.3280568613631366,-0.012396963285667585,0.1994034488850382,1.710788294500002,0.0029621027011145916,0.4622066626087468
0.34,0,0.34,0.27209337398937666,-1.4594134898036746,-0.0022226020043207063,1.5306555668351138,0.33664610786381344,-0.012374500528148192,0.20166121928602285,1.724852053934938,0.0060333210981725295,0.4408088156625217
0.34500000000000003,0,0.34500000000000003,0.2760947471362793,-1.4577086411074867,-0.0022843861014862437,1.5316692921594655,0.34530479893425853,-0.012336527870655567,0.2038106204484342,1.7385660324333865,0.00916586191340255,0.4188610127787743
0.35000000000000003,0,0.35000000000000003,0.28009612028318187,-1.455960328990323,-0.002345940926858619,1.532693487888965,0.3540311843201806,-0.012282741712753896,0.20584893327657447,1.7519296901518349,0.01235852048479568,0.3963755275533816
0.355,0,0.355,0.28409749343008445,-1.454168219361865,-0.002407186666483261,1.5337275919120519,0.3628235110680709,-0.012212844477317361,0.20777350004272502,1.7649424872467723,0.015610092150342767,0.3733646335822198
0.36,0,0.36,0.288098866576987,-1.4523319869033102,-0.0024680420335782454,1.5347710289819467,0.3716800235252032,-0.012126544610530221,0.2095817243871469,1.7776038838746855,0.018919372248034656,0.34984060446116527
0.365,0,0.365,0.29210023972388965,-1.4504513150808676,-0.002528424298650841,1.5358232110234915,0.3805989633396336,-0.012023556581886785,0.21127107131808012,1.7899133401920642,0.022285156115862337,0.3258157137860924
0.37,0,0.37,0.29610161287079223,-1.4485258961592538,-0.002588249319614065,1.5368835374399894,0.38957856946020053,-0.011903600884191392,0.21283906721174425,1.801870316355395,0.025706239091816553,0.3013022351528801
0.375,0,0.375,0.30010298601769486,-1.4465554312151894,-0.002647431571903231,1.5379513954200446,0.39861707813652497,-0.011766404033558428,0.2142832998123385,1.8134742725211672,0.02918141651388833,0.27631244215740264
0.38,0,0.38,0.30410435916459744,-1.444539630150895,-0.0027058841785924997,1.539026160244402,0.40771272291901034,-0.011611698569412337,0.21560141823204104,1.8247246688458687,0.0327094837200684,0.25085860839553603
0.385,0,0.385,0.30810573231150007,-1.442478211707587,-0.0027635189405114296,1.5401071955927876,0.41686373465884274,-0.01143922305448757,0.21679113295100952,1.8356209654859876,0.03628923604834776,0.2249530074631568
0.39,0,0.39,0.31210710545840264,-1.4403709034789745,-0.002820246366361524,1.5411938538507484,0.42606834150799017,-0.01124872207482871,0.21785021581738145,1.8461626225980114,0.03991946883671733,0.19860791295614044
0.395,0,0.395,0.3161084786053053,-1.4382174419247538,-0.0028759757028327896,1.5422854764164915,0.4353247689192035,-0.011039946239790271,0.21877650004727311,1.8563491003384296,0.043598977423167914,0.1718355984703641
0.4,0,0.4,0.32010985175220785,-1.4360175723841064,-0.002930614964720274,1.5433813940077246,0.44463123964601586,-0.010812652182036902,0.21956788022478024,1.8661798588637288,0.047326557145690326,0.1446483376017043
0.405,0,0.405,0.3241112248991105,-1.4337710490891937,-0.0029840709650406283,1.544480926968496,0.4539859737427431,-0.010566602557543263,0.22022231230197845,1.8756543583303982,0.051101003342275665,0.11705840394603541
0.41000000000000003,0,0.41000000000000003,0.32811259804601306,-1.431477635178654,-0.0030362493451486523,1.5455833855760346,0.46338718856448297,-0.010301566045594053,0.22073781359892214,1.8847720588949255,0.054921111350914674,0.08907807109923453
0.41500000000000004,0,0.41500000000000004,0.3321139711929157,-1.4291371027110975,-0.0030870546048538403,1.546688070347589,0.4728330987671163,-0.010017317348784027,0.2211124628036453,1.8935324207137993,0.05878567650959827,0.06071961265717771
0.42,0,0.42,0.3361153443398182,-1.4267492326786035,-0.0031363901325369365,1.547794272347268,0.48232191630730564,-0.009713637193018024,0.22134439997216157,1.901934903943507,0.06269349415631711,0.03199530221574036
0.425,0,0.425,0.34011671748672084,-1.4243138150202161,-0.0031841582352664898,1.5489012734928809,0.4918518504424968,-0.009390312327510811,0.2214318265284635,1.9099789687405377,0.06664335962906257,0.0029174133707990614
0.43,0,0.43,0.3441180906336234,-1.42183064863544,-0.003230260168915389,1.5500083468627763,0.5014211077309174,-0.009047135524787362,0.22137300526452358,1.9176640752613783,0.07063406826582506,-0.0265017802817696
0.435,0,0.435,0.34811946378052605,-1.4192995413977365,-0.003274596168277433,1.5511147570026829,0.5110278920315777,-0.008683905580682553,0.22116626034029302,1.9249896836625182,0.07466441540459585,-0.056250005146090194
0.44,0,0.44,0.3521208369274286,-1.4167203101680208,-0.0033170654771838594,1.5522197602325492,0.5206704045042706,-0.008300427314341404,0.22080997728370275,1.9319552541004448,0.07873319638336554,-0.0863149876262867
0.445,0,0.445,0.35612221007433126,-1.4140927808081563,-0.003357566378619916,1.5533226049533833,0.5303468436095712,-0.007896511568218927,0.2203026029906636,1.9385602467316467,0.08283920654012529,-0.11668445412648369
0.45,0,0.45,0.36012358322123383,-1.411416788194452,-0.0033959962248413956,1.5544225319540923,0.5400554051088367,-0.007471975208080172,0.21964264572506442,1.944804121712612,0.08698124121286556,-0.14734613105080172
0.455,0,0.455,0.3641249563681364,-1.4086921762311577,-0.003432251467491189,1.5555187747183234,0.5497942820642073,-0.007026641123000299,0.21882867511877477,1.9506863391998281,0.0911580957395775,-0.17828774480336823
0.46,0,0.46,0.36812632951503904,-1.4059187978639613,-0.0034662276877158414,1.5566105597313027,0.5595616648386061,-0.0065603382253644595,0.2178593221716434,1.9562063593497838,0.09536856545825223,-0.20949702178830548
0.465,0,0.465,0.3721277026619416,-1.4030965150934838,-0.003497819626282102,1.5576971067866754,0.5693557410957374,-0.006072901450867878,0.21673327925149788,1.9613636423189673,0.09961144570688026,-0.24096168840973975
0.47000000000000003,0,0.47000000000000003,0.37612907580884425,-1.4002251989887755,-0.0035269212136934645,1.5587776292933462,0.5791746958000887,-0.005564171758515764,0.2154493000941451,1.9661576482638665,0.10388553182345268,-0.27266947107179046
0.47500000000000003,0,0.47500000000000003,0.3801304489557468,-1.3973047297008123,-0.003553425600306732,1.5598513345823184,0.5890167112169298,-0.005033996130623453,0.21400619980337207,1.9705878373409698,0.10818961914596012,-0.3046080961785856
0.48,0,0.48,0.3841318221026494,-1.394334996475992,-0.0035772251864485474,1.5609174242135346,0.5988799669123128,-0.004482227572816277,0.21240285485094448,1.974653669706765,0.11252250301239372,-0.3367652901342469
0.485,0,0.485,0.388133195249552,-1.3913158976696303,-0.0035982116525319664,1.5619750942827155,0.6087626397530727,-0.003908725114029651,0.21063820307660783,1.978354605517741,0.1168829787607443,-0.3691287793429
0.49,0,0.49,0.3921345683964546,-1.3882473407594562,-0.003616275989172994,1.563023535728201,0.6186629039068264,-0.003313353806508985,0.20871124368808694,1.9816901049303843,0.12126984172900274,-0.40168629020866725
0.495,0,0.495,0.3961359415433572,-1.3851292423591097,-0.00363130852730713,1.5640619346377895,0.6285789308419734,-0.0026959847258098053,0.20662103726108566,1.984659628101185,0.1256818872551599,-0.4344255491356726
0.5,0,0.5,0.4001373146902598,-1.3819615282316355,-0.0036431989683059426,1.565089472555578,0.638508889327696,-0.002056494970797578,0.2043667057392881,1.9872626351866305,0.13011791067720674,-0.4673342825280412
0.505,0,0.505,0.4041386878371624,-1.3787441333029817,-0.0036518364140935827,1.5661053267888012,0.6484509454339583,-0.0013947676636479418,0.20194743243435634,1.989498586343208,0.13457670733313415,-0.5004002167898959
0.51,0,0.51,0.408140060984065,-1.375477001675494,-0.003657109397263372,1.5671086707146729,0.6584032625315075,-0.0007106919498464523,0.19936246202593294,1.9913669417274071,0.139057072560933,-0.5336110783253613
0.515,0,0.515,0.4121414341309676,-1.372160086641412,-0.0036589059111943236,1.5680986740872247,0.6683640012918725,-4.1629981888260795e-06,0.19661110056163966,1.9928671614957152,0.14355780169859392,-0.5669545935385596
0.52,0,0.52,0.41614280727787023,-1.3687933506963668,-0.0036571134401677183,1.5690745033441462,0.6783313196873656,0.0007249179992192696,0.1936927154570775,1.9939987058046207,0.14807769008410815,-0.600418488833617
0.525,0,0.525,0.4201441804247728,-1.3653767655528748,-0.003651618989483612,1.570035321913625,0.6883033729910805,0.0014766438269619947,0.19060673549582682,1.9947610348106108,0.15261553305546655,-0.6339904906146577
0.53,0,0.53,0.42414555357167544,-1.3619103121538358,-0.003642309115577452,1.5709802905211867,0.6982783137768944,0.002251101246313637,0.18735265082944777,1.995153608670175,0.15717012595065988,-0.6676583252858034
0.535,0,0.535,0.428146926718578,-1.358393980686028,-0.003629069956136561,1.571908567496534,0.7082542919194659,0.0030483709952383014,0.18393001297747857,1.995175887539801,0.1617402641076788,-0.7014097192511785
0.54,0,0.54,0.43214829986548065,-1.354827770593604,-0.003611787260216732,1.5728193090803886,0.7182294545942367,0.0038685277883901297,0.1803384348274384,1.994827331575977,0.1663247428645145,-0.7352323989149071
0.545,0,0.545,0.4361496730123832,-1.3512116905915883,-0.003590346418358748,1.5737116697313283,0.7282019462774306,0.004711640317113125,0.17657759063482548,1.9941074009351902,0.17092235755915797,-0.7691140906811137
0.55,0,0.55,0.4401510461592858,-1.3475457586793709,-0.0035646324927049583,1.574584802432629,0.7381699087460543,0.005577771249441353,0.1726472160231163,1.9930155557739297,0.17553190352959977,-0.8030425209539217
0.555,0,0.555,0.44415241930618843,-1.3438300021542058,-0.003534530247115822,1.575437858999104,0.7481314810778968,0.006466977230098782,0.16854710798376835,1.9915512562486841,0.18015217611383097,-0.8370054161374552
0.56,0,0.56,0.448153792453091,-1.3400644576247056,-0.003499924177286437,1.5762699903839437,0.7580847996515288,0.007379308880499309,0.1642771248762172,1.9897139625159408,0.18478197064984236,-0.8709905026358363
0.5650000000000001,0,0.5650000000000001,0.45215516559999364,-1.3362491710243385,-0.00346069854086312,1.5770803469855557,0.7680279981463045,0.008314810798746847,0.15983718642787817,1.9875031347321879,0.1894200824756251,-0.9049855068531932
0.5700000000000001,0,0.5700000000000001,0.4561565387468962,-1.3323841976249238,-0.0034167373875599386,1.5778680789544042,0.7779592075423597,0.009273521559635171,0.15522727373414663,1.9849182330539135,0.19406530692916968,-0.9389781551936476
0.5750000000000001,0,0.5750000000000001,0.46015791189379884,-1.3284696020501279,-0.0033679245892752688,1.578632336499851,0.7878765561206135,0.010255473714648118,0.15044742925839624,1.9819587176376063,0.19871643934846736,-0.9729561740613205
0.58,0,0.58,0.46415928504070136,-1.3245054582889613,-0.0033141438702083345,1.5793722701969943,0.7977781694627665,0.011260693791959401,0.14549775683198135,1.9786240486397537,0.20337227507150854,-1.00690728986034
0.585,0,0.585,0.46816065818760394,-1.320491849709273,-0.0032552788369757772,1.5800870312935094,0.8076621704513025,0.012289202296432758,0.14037842165423395,1.9749136862168444,0.2080316094362846,-1.0408192289948293
0.59,0,0.59,0.47216203133450657,-1.316428869071249,-0.00319121300872819,1.5807757720164874,0.8175266792694873,0.013341013709621805,0.13508965029246708,1.9708270905253666,0.2126932377807864,-1.0746797178689091
0.595,0,0.595,0.47616340448140915,-1.3123166185409054,-0.0031218298472666627,1.5814376458792767,0.8273698134013694,0.01441613648977011,0.12963173068197192,1.9663637217218086,0.21735595544300443,-1.108476482886706
0.6,0,0.6,0.4801647776283117,-1.3081552097035876,-0.003047012787159374,1.582071807988322,0.8371896876317794,0.015514573071811321,0.12400501212601994,1.9615230399626575,0.22201855776092988,-1.1421972504523439
0.605,0,0.605,0.48416615077521435,-1.3039447635774641,-0.0029666452658580617,1.582677415350004,0.846984414046331,0.016636319867368906,0.11820990529586199,1.9563045054044024,0.22667984007255337,-1.175829746969949
0.61,0,0.61,0.48816752392211693,-1.2996854106270235,-0.0028806107538146726,1.5832536271774797,0.856752102031419,0.01778136726475637,0.11224688223072726,1.9507075782035312,0.23133859771586612,-1.2093616988436402
0.615,0,0.615,0.49216889706901956,-1.2953772907765704,-0.0027887927845978155,1.5837996051975223,0.8664908582742226,0.018949699628977055,0.1061164763378254,1.944731718516532,0.23599362602885895,-1.242780832477544
0.62,0,0.62,0.49617027021592214,-1.2910205534237218,-0.0026910749850093917,1.584314513957361,0.8761987867627017,0.020141295301724368,0.09981928239234475,1.9383763864998926,0.24064372034952267,-1.2760748742757817
0.625,0,0.625,0.5001716433628247,-1.286615357452903,-0.002587341105201091,1.5847975211315206,0.8858739887855996,0.021356126601381684,0.09335595653745371,1.9316410423101025,0.24528767601584786,-1.3092315506424836
0.63,0,0.63,0.5041730165097273,-1.2821618712488427,-0.0024774750487909745,1.5852477978286623,0.8955145629324415,0.022594159823022285,0.0867272162842989,1.9245251461036479,0.2499242883658261,-1.3422385879817662
0.635,0,0.635,0.50817438965663,-1.2776602727100712,-0.002361360902979996,1.5856645188984224,0.9051186050935357,0.023855355238409356,0.07993384051200769,1.9170281580370185,0.25455235273744764,-1.3750837126977589
0.64,0,0.64,0.5121757628035326,-1.273110749262415,-0.0022388829686685804,1.586046863238253,0.9146842084599726,0.025139667095996146,0.07297666946768673,1.9091495382667014,0.259170664468704,-1.4077546511945822
0.645,0,0.645,0.5161771359504351,-1.268513497872493,-0.002109925790573168,1.5863940141002617,0.9242094635236239,0.026447043620925807,0.06585660476642022,1.9008887469491864,0.26377801889758495,-1.4402391298763615
0.65,0,0.65,0.5201785090973378,-1.2638687250612124,-0.0019743741873427395,1.5867051593980515,0.9336924580771463,0.027777427015031397,0.058574609391274846,1.8922452442409587,0.26837321136208264,-1.4725248751472217
0.655,0,0.655,0.5241798822442404,-1.259176646917266,-0.0018321132816753877,1.5869794920135605,0.9431312772139768,0.029130753456835946,0.05113170769329305,1.8832184902985094,0.27295503720018743,-1.5045996134112858
0.66,0,0.66,0.528181255391143,-1.2544374891106267,-0.0016830285304348935,1.587216210103902,0.9525240033283354,0.030506953101552613,0.04352898539149943,1.873807945278325,0.27752229174989,-1.5364510710726744
0.665,0,0.665,0.5321826285380455,-1.249651486906045,-0.001527005754767212,1.5874145174082046,0.9618687161152246,0.0319059500810842,0.03576758957289716,1.8640130693368937,0.2820737703491813,-1.568066974535517
0.67,0,0.67,0.5361840016849482,-1.244818885176544,-0.0013639311702170823,1.587573623554452,0.9711634925704297,0.03332766250402372,0.027848728692468034,1.8538333226307049,0.2866082683360525,-1.5994350502039332
0.675,0,0.675,0.5401853748318508,-1.239939938416916,-0.0011936914168445278,1.587692744366322,0.9804064069905178,0.034772002455654025,0.01977367257317491,1.8432681653162455,0.2911245810484943,-1.6305430244820478
0.68,0,0.68,0.5441867479787533,-1.2350149107572186,-0.0010161735893414806,1.5877711021700278,0.9895955309728391,0.03623887599794791,0.011543752405958176,1.8323170575500038,0.2956215038244978,-1.6613786237739865
0.685,0,0.685,0.548188121125656,-1.2300440759762705,-0.000831265267148211,1.5878079261011573,0.9987289334155256,0.037728183169568226,0.0031603607497382434,1.8209794594884687,0.3000978320020533,-1.691929574483873
0.6900000000000001,0,0.6900000000000001,0.5521894942725586,-1.2250277175151478,-0.0006388545445700361,1.5878024524115124,1.0078046805174925,0.03923981798586777,-0.0053750484685844676,1.8092548312881276,0.3045523609191524,-1.7221836030158288
0.6950000000000001,0,0.6950000000000001,0.5561908674194612,-1.2199661284906804,-0.00043883006089370097,1.58775392477595,1.0168208357784365,0.040773668438889014,-0.014060959954130583,1.7971426331054685,0.30898388591378567,-1.7521284357739817
0.7000000000000001,0,0.7000000000000001,0.5601922405663637,-1.2148596117089479,-0.00023108103050409334,1.5876615945992212,1.0257754599988373,0.04232961649736476,-0.022895797044041426,1.7846423250969803,0.31339120232394374,-1.7817517991624532
0.705,0,0.705,0.5641936137132663,-1.2097084796787745,-1.549727300063225e-05,1.587524721322811,1.0346666112799572,0.043907538106717575,-0.03187792170747866,1.7717533674191506,0.3177731054876178,-1.811041419585366
0.71,0,0.71,0.5681949868601689,-1.204513054625227,0.00020803075668603122,1.5873425727317791,1.0434923450238405,0.045507303189060086,-0.041005634545626064,1.7584752202284688,0.322128390742799,-1.8399850234468444
0.715,0,0.715,0.5721963600070715,-1.19927366850311,0.00043961193817757677,1.587114425261599,1.0522507139333148,0.04712877564319477,-0.050277174791684906,1.74480734368142,0.3264558534274776,-1.8685703371510156
0.72,0,0.72,0.576197733153974,-1.193990663010462,0.0006793544555314113,1.5868395643049977,1.0609397680119885,0.04877181334461401,-0.05969072031088,1.7307491979344962,0.3307542888796448,-1.8967850871019993
0.725,0,0.725,0.5801991063008767,-1.1886643896020508,0.0009273657671241206,1.586517284518797,1.069557554564254,0.05043626814550034,-0.06924438760045651,1.7163002431441816,0.33502249243729165,-1.9246169997039213
0.73,0,0.73,0.5842004794477793,-1.1832952095028715,0.0011837525755349562,1.5861468901307512,1.0781021181952857,0.052121985874726044,-0.07893623178967778,1.701459939466968,0.3392592594384088,-1.9520538013609086
0.735,0,0.735,0.5882018525946819,-1.1778834937216403,0.0014486207974291829,1.5857276952463892,1.0865715008110397,0.0538288063378535,-0.08876424663983107,1.686227747059341,0.34346338522098735,-1.9790832184770786
0.74,0,0.74,0.5922032257415845,-1.172429623064292,0.001722075533441697,1.585259024155853,1.0949637416182558,0.055556563317134974,-0.09872636454422076,1.6706031260777905,0.34763366512301763,-2.005692977456558
0.745,0,0.745,0.5962045988884871,-1.166933988147476,0.002004221038060326,1.5847402116407383,1.1032768771244552,0.05730508457151274,-0.10882045652817517,1.6545855366788023,0.3517688944824913,-2.0318708047034746
0.75,0,0.75,0.6002059720353897,-1.1613969894120522,0.002295160689509336,1.5841706032809337,1.1115089411379422,0.05907419183661897,-0.11904433224904147,1.6381744390188675,0.3558678686373988,-2.057604426621946
0.755,0,0.755,0.6042073451822924,-1.155819037136586,0.00259499695963291,1.5835495557614614,1.119657964767803,0.06086370082477583,-0.12939573999618795,1.6213692932544728,0.35992938292573096,-2.082881569616099
0.76,0,0.76,0.6082087183291949,-1.150200551450847,0.0029038313837784907,1.5828764371793165,1.127721976423907,0.06267342122499527,-0.13987236669100245,1.6041695595421062,0.36395223268547894,-2.107689960090061
0.765,0,0.765,0.6122100914760975,-1.1445419623493023,0.0032217645306804113,1.582150627350307,1.1356990018169049,0.06450315670297965,-0.15047183788689464,1.5865746980382558,0.36793521325463324,-2.1320173244479474
0.77,0,0.77,0.6162114646230001,-1.138843709704614,0.0035488959723431815,1.581371518115894,1.1435870639582313,0.06635270490112069,-0.16119171776929558,1.5685841688994102,0.371877119971185,-2.155851389093892
0.775,0,0.775,0.6202128377699028,-1.1331062432811356,0.0038853242539249877,1.5805385136500316,1.151384183160102,0.0682218574385005,-0.17202950915565415,1.5501974322820562,0.37577674817312573,-2.179179880432012
0.78,0,0.78,0.6242142109168053,-1.1273300227484073,0.004231146863621173,1.5796510307660059,1.1590883770355151,0.07011039991089082,-0.18298265349544282,1.5314139483426847,0.3796328931984451,-2.2019905248664347
0.785,0,0.785,0.6282155840637079,-1.1215155176946516,0.004586460202547632,1.5787084992232763,1.1666976604982526,0.07201811189075388,-0.19404853087015292,1.5122331772377808,0.38344435038513464,-2.2242710488012785
0.79,0,0.79,0.6322169572106106,-1.1156632076402715,0.004951359554624363,1.5777103620343143,1.174210045762878,0.07394476692724117,-0.20522445999329686,1.4926545791238353,0.3872099150711854,-2.2460091786406764
0.795,0,0.795,0.6362183303575131,-1.1097735820513444,0.005325939056458798,1.576656075771444,1.1816235423447365,0.07589013254619457,-0.21650769821040705,1.4726776141573343,0.39092838259458773,-2.2671926407887426
0.8,0,0.8,0.6402197035044157,-1.1038471403531185,0.005710291667229278,1.5755451108736818,1.1889361570599577,0.07785397025014594,-0.22789544149903904,1.4523017424947675,0.394598548293333,-2.2878091616496055
0.805,0,0.805,0.6442210766513183,-1.0978843919435108,0.006104509138568567,1.574376951953576,1.1961458940254517,0.07983603551831692,-0.23938482446876486,1.431526424292621,0.3982192075054122,-2.307846467627393
0.81,0,0.81,0.648222449798221,-1.0918858562066007,0.006508681984447304,1.5731510981040469,1.2032507546589122,0.08183607780661895,-0.25097292036118074,1.4103511197073852,0.4017891555688155,-2.3272922851262225
0.8150000000000001,0,0.8150000000000001,0.6522238229451235,-1.0858520625261279,0.006922899451057299,1.5718670632052274,1.210248737678815,0.08385384054765381,-0.26265674104990155,1.3887752888955467,0.40530718782153446,-2.346134340550222
0.8200000000000001,0,0.8200000000000001,0.6562251960920261,-1.0797835502989865,0.0073472494866951565,1.570524376231302,1.2171378391044172,0.08588906115071313,-0.2744332370405656,1.3667983920135958,0.4087720996015594,-2.364360360303512
0.8250000000000001,0,0.8250000000000001,0.6602265692389288,-1.073680868948724,0.007781818711645738,1.5691225815573464,1.2239160522557615,0.08794147100177824,-0.2862992974708259,1.3444198892180166,0.412182686246882,-2.381958070790222
0.8300000000000001,0,0.8300000000000001,0.6642279423858314,-1.0675445779390347,0.00822669238806538,1.5676612392661686,1.2305813677536692,0.09001079546352087,-0.2982517501103639,1.3216392406653017,0.41553774309549224,-2.398915198414466
0.835,0,0.835,0.6682293155327339,-1.061375246787257,0.008681954389865618,1.5661399254551487,1.2371317735197465,0.09209675387530197,-0.3102873613608735,1.298455906511936,0.4188360654853815,-2.415219469580379
0.84,0,0.84,0.6722306886796364,-1.05517345507787,0.009147687172596494,1.5645582325430762,1.2435652547763816,0.09419905955317327,-0.3224028362560767,1.2748693469144103,0.4220764487545407,-2.4308586106920798
0.845,0,0.845,0.676232061826539,-1.0489397924759871,0.009623971743330018,1.5629157695769944,1.249879794046744,0.09631741978987621,-0.33459481846171146,1.2508790220292105,0.4252576882409608,-2.445820348153692
0.85,0,0.85,0.6802334349734417,-1.042674858740856,0.010110887630543644,1.5612121625390363,1.2560733711547882,0.09845153585484177,-0.3468598902755371,1.2264843920128254,0.4283785792826323,-2.4600924083693396
0.855,0,0.855,0.6842348081203442,-1.036379263739352,0.010608512854003702,1.5594470546532664,1.262143963225248,0.10060110299419121,-0.35919457262733584,1.201684917021744,0.4314379172175463,-2.473662517743147
0.86,0,0.86,0.6882361812672468,-1.030053627459474,0.011116923894648856,1.5576201066925206,1.268089544683642,0.10276581043073585,-0.3715953250789059,1.1764800572124523,0.43443449738369394,-2.48651840267924
0.865,0,0.865,0.6922375544141495,-1.0236985800238418,0.011636195664473534,1.555730997285245,1.2739080872562698,0.10494534136397686,-0.3840585458240704,1.1508692727414425,0.43736711511906584,-2.498647789581739
0.87,0,0.87,0.6962389275610521,-1.0173147617031923,0.012166401476411404,1.553779423222338,1.2795975599702143,0.10713937297010524,-0.396580571688674,1.124852023765198,0.44023456576165276,-2.51003840485477
0.875,0,0.875,0.7002403007079546,-1.0109028229298747,0.012707613014218827,1.551765099763987,1.2851559291533408,0.10934757640200203,-0.4091576781305755,1.0984277704402103,0.44303564464944595,-2.5206779749024566
0.88,0,0.88,0.7042416738548573,-1.004463424311346,0.013259900302358282,1.5496877609465112,1.290581158434296,0.11156961678923838,-0.4217860792396631,1.0715959729229647,0.44576914712043547,-2.5305542261289222
0.885,0,0.885,0.7082430470017599,-0.9979972366436696,0.013823331675881831,1.5475471598891992,1.2958712087425102,0.11380515323807507,-0.4344619277378378,1.044356091369953,0.4484338685126131,-2.5396548849382894
0.89,0,0.89,0.7122444201486625,-0.9915049409250084,0.014397973750314597,1.5453430691011514,1.3010240383081972,0.11605383883146309,-0.44718131497902336,1.01670758593766,0.45102860416397,-2.547967677734689
0.895,0,0.895,0.716245793295565,-0.9849872283691234,0.014983891391538093,1.5430752807881183,1.3060376026623495,0.11831532062904336,-0.4599402709491693,0.9886499167825765,0.45355214941249583,-2.5554803309222343
0.9,0,0.9,0.7202471664424677,-0.9784448004188678,0.015581147685673827,1.5407436071593392,1.3109098546367455,0.12058923966714669,-0.4727347642662386,0.9601825440611886,0.4560032995961822,-2.562180570905054
0.905,0,0.905,0.7242485395893703,-0.9718783687596847,0.01618980390896678,1.5383478807343849,1.3156387443639448,0.12287523095879377,-0.4855607021802188,0.9313049279299846,0.45838085005302,-2.5680561240872737
0.91,0,0.91,0.7282499127362728,-0.9652886553331017,0.016809919497668482,1.5358879546499962,1.3202222192772892,0.12517292349369555,-0.4984139305731191,0.9020165285454543,0.46068359612099985,-2.5730947168730176
0.915,0,0.915,0.7322512858831755,-0.9586763923502282,0.017441552017921108,1.5333637029669227,1.3246582241109046,0.1274819402382524,-0.5112902339589606,0.8723168060640848,0.46291033313811325,-2.577284075666407
0.92,0,0.92,0.7362526590300781,-0.9520423223052505,0.018084757135640256,1.5307750209767654,1.328944700899696,0.1298018981355552,-0.5241853354838018,0.8422052206423634,0.4650598564423507,-2.5806119268715664
0.925,0,0.925,0.7402540321769807,-0.9453871979889295,0.018739588586398806,1.5281218255088138,1.3330795889793545,0.13213240810538446,-0.537094896925705,0.8116812324367795,0.46713096137170274,-2.5830659968926204
0.93,0,0.93,0.7442554053238832,-0.938711782502095,0.01940609814531037,1.525404055236887,1.3370608249863525,0.13447307504421063,-0.5500145186947605,0.7807443016038205,0.4691224432641611,-2.584634012133701
0.935,0,0.935,0.7482567784707859,-0.9320168492691419,0.020084335596912473,1.5226216709861746,1.3408863428579418,0.13682349782519446,-0.5629397398330823,0.7493938882999759,0.47103309745771543,-2.585303698998912
0.9400000000000001,0,0.9400000000000001,0.7522581516176885,-0.9253031820515277,0.020774348705050308,1.5197746560400744,1.344554073832161,0.13918326929818622,-0.5758660380147971,0.7176294526817307,0.47286171929035814,-2.5850627838923934
0.9450000000000001,0,0.9450000000000001,0.7562595247645911,-0.9185715749612678,0.021476183182759886,1.5168630164470347,1.3480619464478294,0.14155197628972666,-0.5887888295460592,0.6854504549055779,0.4746071041000782,-2.5838989932182668
0.9500000000000001,0,0.9500000000000001,0.7602608979114936,-0.9118228324744312,0.022189882662151827,1.5138867813273917,1.3514078865445482,0.14392919960304557,-0.60170346936504,0.6528563551280012,0.47626804722486826,-2.5818000533806527
0.9550000000000001,0,0.9550000000000001,0.7642622710583963,-0.9050577694446366,0.02291548866429445,1.5108460031802118,1.3545898172627011,0.14631451401806367,-0.6146052510419338,0.6198466135054915,0.47784334400271805,-2.5787536907836754
0.96,0,0.96,0.7682636442052988,-0.8982772111165499,0.02365304056909759,1.5077407581901296,1.3576056590434555,0.1487074882913912,-0.627489406778952,0.5864206901945348,0.47933178977161983,-2.5747476318314595
0.965,0,0.965,0.7722650173522014,-0.8914819931393779,0.02440257558519568,1.504571146534189,1.3604533296287602,0.15110768515632836,-0.6403511074103295,0.5525780453516206,0.48073217986956324,-2.5697696029281323
0.97,0,0.97,0.776266390499104,-0.884672961580367,0.02516412871983148,1.5013372926886828,1.3631307440613458,0.15351466132286512,-0.6531854624023214,0.5183181391332384,0.4820433096345393,-2.5638073304778146
0.975,0,0.975,0.7802677636460066,-0.8778509729382966,0.02593773274873941,1.4980393457359917,1.3656358146847274,0.15592796747768195,-0.6659875198532033,0.4836404316958722,0.48326397440453916,-2.556848540884628
0.98,0,0.98,0.7842691367929092,-0.8710168941569778,0.026723418186029024,1.494677479671426,1.3679664511432006,0.15834714828414898,-0.6787522664932706,0.4485443831960137,0.4843929695175537,-2.5488809605526974
0.985,0,0.985,0.7882705099398118,-0.8641716026387475,0.027521213254068436,1.4912518937100638,1.370120560381844,0.16077174238232605,-0.6914746276848397,0.41302945379015027,0.4854290903115733,-2.5398923158861537
0.99,0,0.99,0.7922718830867144,-0.8573159862579661,0.02833114385336767,1.487762812593592,1.3720960466465189,0.1632012823889629,-0.704149467422247,0.37709510363477133,0.4863711321245901,-2.529870333289109
0.995,0,0.995,0.796273256233617,-0.8504509433745112,0.02915323353246249,1.484210486897145,1.3738908114838702,0.16563529489750015,-0.7167715883318523,0.34074079288636194,0.4872178902945938,-2.5188027391656935
1.0,0,1.0,0.8002746293805196,-0.8435773828472771,0.029987503457797354,1.4805951933361465,1.3755027537413222,0.1680733004780672,-0.7293357316720332,0.30396598170141165,0.4879681601595756,-2.5066772599200386
1.0050000000000001,0,1.0050000000000001,0.8042760025274223,-0.8366962240476676,0.030833972383609215,1.476917235073147,1.376929769567084,0.17051481367748408,-0.741836577333189,0.26677013023640883,0.4886207370575266,-2.4934816219562563
1.01,0,1.01,0.8082773756743248,-0.8298083968730942,0.03169265662181078,1.473176942024666,1.3781697524101475,0.1729593430192606,-0.7542687438377392,0.22915269864784182,0.4891744163264379,-2.479203551678475
1.0150000000000001,0,1.0150000000000001,0.8122787488212275,-0.822914841760471,0.0325635700118741,1.4693746711680304,1.3792205930202848,0.1754063910035969,-0.7666267883401238,0.19111314709219687,0.4896279933042999,-2.4638307754908175
1.02,0,1.02,0.81628012196813,-0.8160165096997121,0.03344672389071379,1.465510806848215,1.3800801794480515,0.177855454107382,-0.7789052066268037,0.15265093572596683,0.4899802633291035,-2.4473510197974098
1.025,0,1.025,0.8202814951150326,-0.8091143622472258,0.03434212706257084,1.461585761084682,1.3807463970447869,0.18030602278419597,-0.7910984331162633,0.11376552470563675,0.4902300217388397,-2.429752011002373
1.03,0,1.03,0.8242828682619352,-0.8022093715394124,0.03524978576889587,1.4575999738782213,1.3812171284626114,0.18275758146430857,-0.8032008408589998,0.07445637418769273,0.49037606387149935,-2.411021475509832
1.035,0,1.035,0.8282842414088377,-0.7953025203061597,0.03616970365823233,1.4535539135177897,1.3814902536544285,0.18520960855467922,-0.8152067415375388,0.034722944328626576,0.4904171850650728,-2.3911471397239143
1.04,0,1.04,0.8322856145557405,-0.7883948018843385,0.037101881756100435,1.4494480768873526,1.381563649873923,0.18766157643895764,-0.8271103854664236,-0.005435304715075573,0.49035218065755226,-2.370116730048738
1.045,0,1.045,0.836286987702643,-0.7814872202313004,0.038046318434880266,1.445282989772721,1.3814351916755643,0.1901129514774828,-0.8389059615922172,-0.046018912786927595,0.4901798459869285,-2.3479179728884385
1.05,0,1.05,0.8402883608495456,-0.7745807899383707,0.039003009383695386,1.4410592071683952,1.3811027509146012,0.19256319400728483,-0.8505875974935059,-0.0870284197304354,0.489898976391191,-2.3245385946471235
1.055,0,1.055,0.8442897339964481,-0.7676765362443485,0.03997194757829606,1.4367773135844004,1.3805641967470674,0.195011758342083,-0.8621493593808955,-0.12846436538911515,0.4895083672083307,-2.2999663217289195
1.06,0,1.06,0.8482911071433509,-0.7607754950489997,0.04095312325094319,1.432437923353129,1.3798173956297795,0.19745809277228635,-0.8735852520970064,-0.17032728960647955,0.4890068137763409,-2.274188880537968
1.065,0,1.065,0.8522924802902534,-0.7538787129265545,0.0419465238602911,1.4280416809361818,1.3788602113203325,0.1999016395649945,-0.8848892191164927,-0.21261773222603683,0.4883931114332095,-2.247193997478371
1.07,0,1.07,0.856293853437156,-0.7469872471392027,0.042952134061271574,1.4235892612312044,1.3776905048771098,0.2023418349639965,-0.896055142546015,-0.2553362330913008,0.4876660555169294,-2.2189693989542674
1.075,0,1.075,0.8602952265840585,-0.7401021656505912,0.04396993567497692,1.4190813698787312,1.3763061346592704,0.20477810918977185,-0.9070768431242674,-0.2984833320457843,0.4868244413654902,-2.1895028113697683
1.08,0,1.08,0.8642965997309613,-0.7332245471393176,0.044999907658543836,1.4145187435690205,1.3747049563267633,0.20720988643948957,-0.917948080221955,-0.3420595689329988,0.48586706431688315,-2.15878196112901
1.085,0,1.085,0.8682979728778637,-0.72635548101243,0.04604202607503616,1.4099021503488984,1.3728848228403139,0.20963658488700856,-0.9286625518418031,-0.38606548359645376,0.4847927197091001,-2.1267945746361097
1.09,0,1.09,0.8722993460247664,-0.7194960674189187,0.04709626406332909,1.4052323899285983,1.3708435844614324,0.21205761668287848,-0.9392138946185682,-0.43050161587966407,0.4836002028801311,-2.0935283782951926
1.095,0,1.095,0.876300719171669,-0.7126474172632159,0.048162591807992206,1.4005102939885978,1.3685790887524119,0.21447238795433815,-0.949595683819017,-0.47536850562614025,0.4822883091679667,-2.0589710985103835
1.1,0,1.1,0.8803020923185716,-0.7058106522186898,0.04924097650917303,1.3957367264864609,1.3660891805763262,0.21688029880531615,-0.9598014333419397,-0.5206666926793939,0.4808558339105985,-2.0231104616858073
1.105,0,1.105,0.8843034654654741,-0.6989869047411416,0.05033138235248022,1.39091258396368,1.363371702097034,0.21928074331643196,-0.9698245957181492,-0.5663967168829367,0.4793015724460169,-1.9859341942255855
1.11,0,1.11,0.8883048386123769,-0.6921773180823003,0.05143377047886771,1.3860387958525102,1.3604244927791749,0.2216731095449943,-0.9796585621104762,-0.6125591180802823,0.47762432011221295,-1.9474300225338397
1.115,0,1.115,0.8923062117592794,-0.6853830463033218,0.05254809895451723,1.381116324782814,1.3572453893881697,0.22405677952500191,-0.989296662313774,-0.6591544361149403,0.4758228722471777,-1.9075856730147023
1.12,0,1.12,0.896307584906182,-0.6786052542882804,0.05367432274072259,1.3761461668889,1.353832225990224,0.22643112926714407,-0.998732164754916,-0.7061832108304231,0.4738960241889018,-1.8663888720722799
1.125,0,1.125,0.9003089580530845,-0.6718451177576692,0.05481239366377247,1.3711293521163612,1.3501828339523243,0.22879552875879916,-1.0079582764927995,-0.7536459820702427,0.47184257127537665,-1.8238273461107162
1.1300000000000001,0,1.1300000000000001,0.9043103311999873,-0.665103823281894,0.05596226038483451,1.366066944528916,1.346295041942242,0.23114934196403578,-1.016968143218333,-0.8015432896779138,0.46966130884459184,-1.7798888215341266
1.135,0,1.135,0.9083117043468898,-0.6583825682947697,0.05712386836983807,1.3609600426152508,1.3421666759285262,0.23349192682361272,-1.025754849254456,-0.8498756734969436,0.4673510322345395,-1.7345610247466392
1.1400000000000001,0,1.1400000000000001,0.9123130774937924,-0.651682561107016,0.05829715985935824,1.3558097795958535,1.3377955591805135,0.23582263525497896,-1.0343114175561219,-0.8986436733708459,0.46491053678321026,-1.6878316821523707
1.145,0,1.145,0.9163144506406949,-0.645005020919755,0.059482073838499044,1.3506173237298595,1.3331795122683208,0.23814081315227284,-1.0426308097103072,-0.9478478291431324,0.462338617828595,-1.6396885201554476
1.1500000000000001,0,1.1500000000000001,0.9203158237875977,-0.6383511778380048,0.06067854600677686,1.3453838786218877,1.3283163530628457,0.24044580038632282,-1.0507059259360125,-0.9974886806573169,0.45963407070868395,-1.59011926515999
1.155,0,1.155,0.9243171969345002,-0.6317222728841791,0.06188650874800397,1.3401106835288852,1.3232038967357715,0.24273693080464742,-1.0585296050842494,-1.0475667677569074,0.4567956907614696,-1.53911164357014
1.16,0,1.16,0.9283185700814027,-0.6251195580115794,0.06310589110017206,1.3347990136669607,1.3178399557595624,0.24501353223145517,-1.0660946246380612,-1.0980826302854194,0.4538222733249409,-1.4866533817899998
1.165,0,1.165,0.9323199432283054,-0.6185442961178935,0.06433661872533547,1.3294501805182284,1.3122223399074635,0.2472749264676445,-1.0733937007125056,-1.1490368080863629,0.45071261373708976,-1.4327322062237013
1.17,0,1.17,0.9363213163752079,-0.6119977610586911,0.06557861387949473,1.3240655321376473,1.3063488562535055,0.249520429290804,-1.0804194880546627,-1.2004298410032497,0.44746550733590684,-1.3773358432753713
1.175,0,1.175,0.9403226895221106,-0.6054812376609202,0.06683179538248027,1.3186464534598596,1.3002173091724987,0.25174935045521146,-1.0871645800436294,-1.2522622688795924,0.4440797494593832,-1.3204520193491274
1.18,0,1.18,0.9443240626690131,-0.5989960217364021,0.06809607858783515,1.3131943666060386,1.2938255003400372,0.2539609936918356,-1.0936215086905299,-1.304534631558905,0.44055413544551014,-1.2620684608491022
1.185,0,1.185,0.9483254358159158,-0.5925434200953286,0.06937137535269966,1.3077107311907112,1.287171228732499,0.2561546567083342,-1.0997827446385038,-1.3572474688846947,0.43688746063227785,-1.2021728941794099
1.19,0,1.19,0.9523268089628183,-0.5861247505597569,0.07065759400769359,1.3021970446286164,1.2802522906270406,0.2583296311890559,-1.1056406971627162,-1.410401320700474,0.43307852035767674,-1.1407530457441761
1.195,0,1.195,0.956328182109721,-0.5797413419771076,0.0719546393268003,1.2966548424415358,1.2730664796016047,0.2604852027950388,-1.1111877141703446,-1.4639967268497591,0.42912610995969813,-1.077796641947529
1.2,0,1.2,0.9603295552566234,-0.5733945342336597,0.0732624124972501,1.2910856985651336,1.265611586534915,0.2626206511640106,-1.1164160822005973,-1.518034227176057,0.42502902477633464,-1.0132914091935967
1.205,0,1.205,0.9643309284035262,-0.5670856782680449,0.07458081108940409,1.285491225655797,1.2578853996064772,0.2647352499103896,-1.12131802642469,-1.572514361522884,0.4207860601455743,-0.9472250738865023
1.21,0,1.21,0.9683323015504287,-0.5608161360847472,0.07590972902663623,1.2798730753974814,1.2498857042965803,0.2668282666252838,-1.1258857106458773,-1.6274376697337458,0.4163960114054096,-0.8795853624303558
1.215,0,1.215,0.9723336746973313,-0.5545872807675967,0.07724905655521874,1.2742329388085416,1.2416102833862936,0.2688989628764913,-1.1301112372994195,-1.68280469165216,0.41185767389383204,-0.8103600012292919
1.22,0,1.22,0.9763350478442339,-0.5484004964932652,0.07859868021420374,1.2685725465485787,1.2330569169574732,0.27094659420850015,-1.1339866474526037,-1.7386159671216377,0.40716984294883024,-0.7395367166874363
1.225,0,1.225,0.9803364209911366,-0.5422571785447647,0.0799584828053084,1.2628936692252748,1.2242233823927526,0.2729704101424876,-1.1375039208047344,-1.79487203598569,0.40233131390839666,-0.6671032352088941
1.23,0,1.23,0.9843377941380391,-0.536158733324942,0.08132834336279637,1.2571981177012375,1.2151074543755527,0.2749696541763216,-1.140654975687137,-1.8515734380878257,0.3973408821105232,-0.5930472831978254
1.235,0,1.235,0.9883391672849418,-0.5301065783699737,0.08270813712336345,1.2514877434008378,1.2057069048900717,0.2769435637845604,-1.1434316690631663,-1.90872071327156,0.3921973428931989,-0.5173565870583239
1.24,0,1.24,0.9923405404318443,-0.5241021423628633,0.08409773549601934,1.2457644386170492,1.1960195032212948,0.27889137041845097,-1.1458257965281802,-1.9663144013804046,0.38689949159441533,-0.4400188731945197
1.245,0,1.245,0.996341913578747,-0.5181468651469394,0.08549700603197194,1.2400301368182856,1.186043015954987,0.28081229950593184,-1.1478290923095749,-2.024355042257872,0.3814461235521633,-0.3610218680105524
1.25,1,0.0004289611503933699,0.0010353141863798194,-0.512242197739349,0.08690581239451049,1.234286812955253,1.175775206978273,0.2827055704516308,-1.1494332292678984,-2.0828431703384016,0.37583603410240235,-0.2803533085489348
1.2550000000000001,1,0.005428961150393485,0.013103005927583306,-0.5063896023283933,0.08832401432888286,1.228536483735985,1.165213852359253,0.2845703966312767,-1.1506298481617014,-2.141768376424752,0.3700680144721466,-0.19802245551816816
1.26,1,0.010428961150393379,0.025170697668786254,-0.5005905519451125,0.08975146763205095,1.2227812072602355,1.1543568686027015,0.28640598534354816,-1.1514108098977265,-2.201086349305486,0.36414084315940215,-0.11410524727524253
1.2650000000000001,1,0.015428961150393494,0.03723838940998974,-0.49484652943287766,0.09118802412218219,1.2170230812731877,1.1432024190153303,0.2882115377701342,-1.1517684047274745,-2.2607462327068633,0.35805329620473536,-0.028690494844886495
1.27,1,0.020428961150393388,0.04930608115119269,-0.48915902618282375,0.09263353160805263,1.2112642409586298,1.1317489211852214,0.2899862489729266,-1.1516953669575707,-2.320697170355136,0.35180414964871354,0.05813299074815628
1.2750000000000001,1,0.025428961150393503,0.06137377289239618,-0.483529540862441,0.09408783385844861,1.2055068567186784,1.1199950469818236,0.29172930789402,-1.1511848749497633,-2.3808883059765655,0.3453921795319029,0.1462763984791573
1.28,1,0.030428961150393397,0.07344146463359913,-0.4779595781441697,0.09555077057156716,1.1997531319535037,1.1079397225559566,0.2934398973557119,-1.1502305511209239,-2.4412687832974034,0.33881616189487074,0.2356509173233728
1.285,1,0.03542896115039329,0.08550915637480208,-0.4724506474339922,0.09702217734441748,1.194005300841054,1.0955821283398075,0.2951171940605026,-1.1488264619430486,-2.5017877460439086,0.33207487277818365,0.32616773625607054
1.29,1,0.040428961150393405,0.09757684811600556,-0.4670042616000262,0.09850188564222184,1.1882656261167794,1.082921699046931,0.2967603685910952,-1.146967117943257,-2.56239433794234,0.32516708822240803,0.4177380442525185
1.295,1,0.0454289611503933,0.10964453985720851,-0.46162193570111926,0.09998972276781629,1.1825363968533573,1.0699581236722537,0.2983685854103958,-1.1446474737037917,-2.623037702718949,0.3180915842681114,0.5102730302879723
1.3,1,0.050428961150393414,0.121712231598412,-0.45630518571543965,0.10148551183105216,1.176819926240415,1.0566913454920674,0.2999410028615131,-1.14186292786202,-2.683666984099997,0.3108471369558598,0.6036838833377045
1.305,1,0.05542896115039331,0.13377992333961494,-0.4510555272690717,0.10298907171819661,1.1711185493642566,1.0431215620640357,0.3014767731677587,-1.1386093231104322,-2.744231325811736,0.3034325223262208,0.6978817923769701
1.31,1,0.06042896115039342,0.14584761508081845,-0.44587447436460736,0.10450021706133414,1.165434620987584,1.0292492252271885,0.3029750424326473,-1.1348829461966423,-2.804679871580427,0.2958465164197604,0.7927779463810424
1.315,1,0.06542896115039332,0.1579153068220214,-0.4407635381097406,0.10601875820776702,1.1597705133292258,1.0150750411019263,0.3044349506398959,-1.1306805279233885,-2.8649617651323207,0.2880878952770461,0.8882835343251757
1.32,1,0.07042896115039343,0.16998299856322488,-0.43572422544585926,0.10754450118941689,1.154128613843856,1.000599970090016,0.30585563165342494,-1.1259992431485317,-2.92502615019368,0.28015543493864403,0.984309745184643
1.325,1,0.07542896115039333,0.18205069030442783,-0.4307580378766397,0.10907724769222527,1.1485113230017243,0.9858252268745966,0.30723621321735717,-1.1208367107850576,-2.984822170490756,0.27204791144512164,1.0807677679346996
1.33,1,0.08042896115039344,0.1941183820456313,-0.42586647019663837,0.110616795025555,1.1429210520683761,0.9707522804201719,0.3085758169560186,-1.115190993801075,-3.0442989697498093,0.26376410083704505,1.1775687915506179
1.335,1,0.08542896115039333,0.20618607378683426,-0.4210510092198866,0.11216293609159086,1.137360220884379,0.9553828539726181,0.30987355837393765,-1.1090605992198164,-3.103405691697092,0.25530277915498173,1.2746240050076536
1.34,1,0.09042896115039345,0.21825376552803774,-0.41631313250848206,0.11371545935474102,1.1318312556450458,0.9397189250591768,0.311128546855846,-1.1024444781196376,-3.1620914800588658,0.24666272243949777,1.3718445972810784
1.345,1,0.09542896115039334,0.2303214572692407,-0.41165430710118367,0.11527414881103752,1.1263365866801613,0.9237627254884615,0.31233988566667786,-1.0953420256340194,-3.220305478561381,0.2378427067311607,1.4691417573461487
1.35,1,0.10042896115039346,0.24238914901044417,-0.40707598824200303,0.11683878395753788,1.1208786462337035,0.9075167413504512,0.31350667195157045,-1.0877530809515645,-3.2779968309309,0.22884150807053658,1.5664266741781363
1.355,1,0.10542896115039335,0.25445684075164715,-0.40257961810879916,0.11840913976172555,1.1154598662435704,0.890983713016497,0.3146279967358637,-1.079677927316001,-3.3351146808936747,0.2196579024981928,1.6636105367522966
1.36,1,0.11042896115039347,0.26652453249285063,-0.3981666245418702,0.11998498663091142,1.1100826761213036,0.8741666351393153,0.3157029449251005,-1.0711172920261791,-3.3916081721759657,0.2102906660546956,1.7606045340439023
1.365,1,0.11542896115039336,0.27859222423405355,-0.39383841977254797,0.12156609038163435,1.1047495005318122,0.8570687566529944,0.3167305953050264,-1.0620723464360742,-3.4474264485040247,0.20073857478061247,1.8573198550282082
1.37,1,0.12042896115039348,0.29065991597525703,-0.3895963991517898,0.12315221220906274,1.099462757173098,0.8396935807729883,0.3177100205415899,-1.0525447059547839,-3.502518653604113,0.19100040471650936,1.953667688680487
1.375,1,0.12542896115039337,0.30272760771646,-0.3854419398787729,0.1247431086563949,1.094224854555979,0.8220448649961227,0.3186402871809424,-1.0425364300465307,-3.556833931202482,0.18107493190295385,2.049559223975995
1.3800000000000001,1,0.13042896115039349,0.3147952994576635,-0.38137639972948634,0.12633853158426073,1.0890381897838148,0.8041266211005891,0.319520455649438,-1.0320500222306597,-3.610321425025394,0.170960932380512,2.144905649890003
1.385,1,0.13542896115039338,0.32686299119886647,-0.37740111578532554,0.12793822814012212,1.0839051463322307,0.7859431151459508,0.32034958025363364,-1.021088430081641,-3.6629302787990996,0.16065718218975142,2.2396181553977685
1.3900000000000001,1,0.1404289611503935,0.33893068294006995,-0.3735174031616839,0.1295419407276745,1.0788280918288409,0.7674988674731364,0.3211267091802892,-1.009655045229067,-3.71460963624986,0.15016245737123796,2.333607929474562
1.395,1,0.1454289611503934,0.3509983746812729,-0.3697265537365474,0.13114940697624736,1.0738093758329745,0.7487986527044467,0.32185088449636734,-0.9977537033576549,-3.765308641103928,0.13947553396553936,2.426786161095639
1.4000000000000001,1,0.1504289611503935,0.36306606642247635,-0.3660298348790865,0.1327603597102058,1.068851327615399,0.7298474997435479,0.3225211421490336,-0.9853886842072446,-3.814976437087563,0.12859518801322148,2.519064039236273
1.405,1,0.1554289611503934,0.37513375816367933,-0.36242848817825063,0.13437452691835094,1.0639562539380452,0.7106506917754779,0.3231365119656561,-0.9725647115728009,-3.8635621679270185,0.11752019555485205,2.6103527528717194
1.41,1,0.1604289611503933,0.38720144990488226,-0.3589237281713599,0.1359916317233215,1.0591264368337308,0.6912137662666417,0.32369601765380623,-0.9592869533044112,-3.911014977348553,0.1062493326309974,2.700563490977246
1.415,1,0.1654289611503934,0.39926914164608573,-0.35551674107269926,0.1376113923509945,1.0543641313858854,0.671542514964812,0.32419867680125797,-0.9455610213072861,-3.9572840090784243,0.0947813752822238,2.7896074425281197
1.42,1,0.1704289611503933,0.4113368333872887,-0.3522086835021116,0.1392335220998862,1.049671563508275,0.651642983899133,0.3246435008759879,-0.9313929715417621,-4.002318406842885,0.08311509954909901,2.8773957964995986
1.425,1,0.17542896115039341,0.4234045251284922,-0.34900068121359024,0.14085772931055346,1.0450509277247257,0.6315214733801149,0.3250294952261759,-0.916789304023297,-4.046067314368195,0.07124928147218884,2.963839741866953
1.43,1,0.1804289611503933,0.4354722168696951,-0.34589382782387296,0.14248371733499435,1.0405043849488491,0.6111845379996391,0.3253556590802045,-0.9017569628224742,-4.088479875380608,0.05918269709206113,3.048850467605439
1.435,1,0.18542896115039342,0.44753990861089865,-0.34288918354103426,0.14411118450604954,1.036034060263765,0.5906389866309532,0.3256209855466588,-0.8863033360649986,-4.129505233606385,0.046914122449281594,3.1323391626903287
1.44,1,0.19042896115039332,0.4596076003521016,-0.3399877738930795,0.14573982410680295,1.0316420407018285,0.5698918824286759,0.32582446161432715,-0.8704362559317014,-4.169092532771776,0.03444233358441812,3.2142170160968773
1.445,1,0.19542896115039343,0.47167529209330505,-0.33719058845653693,0.14736932433998318,1.027330373024351,0.5489505428287922,0.32596506815220044,-0.8541639986585348,-4.207190916603043,0.021766106538036338,3.294395216800358
1.45,1,0.20042896115039333,0.48374298383450803,-0.334498579585052,0.14899936829736396,1.0231010615013274,0.5278225395486588,0.3260417799094726,-0.8374952845365774,-4.243749528826438,0.00888421735070419,3.372784953776026
1.455,1,0.20542896115039344,0.4958106755757115,-0.3319126611379796,0.15062963392916587,1.0189560656911592,0.5065156985869972,0.3260535655155402,-0.8204392779120286,-4.278717513168222,-0.0042045579370126734,3.4492974159991534
1.46,1,0.21042896115039333,0.5078783673169145,-0.32943370720897786,0.15225979401345668,1.014897298220379,0.48503810022390187,0.3259993874800028,-0.8030055871862147,-4.312044013354648,-0.01750144328454625,3.523843792444996
1.465,1,0.21542896115039345,0.519946059058118,-0.3270625508546006,0.1538895161255529,1.0109266225633748,0.46339807902083247,0.32587820219266267,-0.7852042648155821,-4.343678173111973,-0.03100766265133093,3.596335272088825
1.47,1,0.22042896115039334,0.5320137507993209,-0.3247999828228915,0.1555184626074203,1.007045850822115,0.4416042238206203,0.32568895992352503,-0.7670458073117045,-4.373569136166455,-0.04472443999679882,3.6666830439058993
1.475,1,0.22542896115039346,0.5440814425405244,-0.3226467502819761,0.15714629053707546,1.0032567415058717,0.41966537774746215,0.32543060482279773,-0.7485411552412756,-4.401666046244349,-0.0586529992803844,3.734798296871486
1.48,1,0.23042896115039335,0.5561491342817273,-0.32060355554865594,0.15877265169798627,0.9995609973109465,0.3975906382069274,0.3251020749208919,-0.7297016932261167,-4.427918047071913,-0.07279456446151947,3.8005922199608446
1.485,1,0.23542896115039347,0.5682168260229308,-0.318671054817001,0.16039719254847346,0.9959602629003933,0.37538935688594993,0.32470230212842094,-0.7105392499431687,-4.452274282375401,-0.08715035949963855,3.863976002149245
1.49,1,0.24042896115039336,0.5802845177641338,-0.3168498568869434,0.16201955419111091,0.9924561226837441,0.3530711397528362,0.32423021223620146,-0.6910660981245003,-4.474683895881071,-0.10172160835417378,3.924860832411947
1.495,1,0.24542896115039348,0.5923522095053373,-0.3151405218928701,0.16363937234212755,0.9890500985967322,0.33064584705725825,0.3236847249152528,-0.6712949545572996,-4.49509603131518,-0.11650953498455938,3.9831578997242167
1.5,1,0.25042896115039337,0.6044199012465402,-0.3135435600322166,0.16525627730080758,0.9857436478810178,0.30812359333026,0.3230647537167971,-0.6512389800838833,-4.513459832403983,-0.13151536335022723,4.038778393061315
1.5050000000000001,1,0.2554289611503935,0.6164875929877437,-0.3120594302940593,0.16686989391889206,0.9825381608639111,0.2855147473842502,0.32236920607225933,-0.6309117796016864,-4.529724442873738,-0.1467403174106121,4.091633501398509
1.51,1,0.2604289611503934,0.6285552847289466,-0.31068853918770956,0.16847984156997942,0.9794349587380977,0.26282993231301066,0.32159698329326736,-0.6103274020632727,-4.543839006450699,-0.16218562112514576,4.141634413711061
1.5150000000000001,1,0.2654289611503935,0.6406229764701501,-0.3094312394713061,0.17008573411892702,0.9764352913413623,0.24008002549168755,0.32074698057165185,-0.5895003404763248,-4.555752666861127,-0.17785249845326268,4.188692318974236
1.52,1,0.2704289611503934,0.652690668211353,-0.3082878288804086,0.1716871798912516,0.9735403349363138,0.21727615857679983,0.3198180869794464,-0.5684455319036539,-4.565414567831273,-0.19374217335439486,4.232718406163296
1.5250000000000001,1,0.2754289611503935,0.6647583599525565,-0.30725854885659093,0.1732837816425309,0.9707511899901085,0.19442971750623134,0.3188091854688872,-0.5471783574631899,-4.572773853087397,-0.20985586978797685,4.273623864253508
1.53,1,0.2804289611503934,0.6768260516937595,-0.3063435832760338,0.17487513652780395,0.968068878954176,0.17155234249923865,0.3177191528724135,-0.5257146423279913,-4.577779666355755,-0.22619481171344044,4.311319882220133
1.5350000000000001,1,0.2854289611503935,0.688893743434963,-0.30554305717811825,0.1764608360709729,0.9654943440439425,0.1486559280564429,0.31654685990266723,-0.5040706557262358,-4.5803811513626025,-0.24276022309022033,4.345717649038435
1.54,1,0.2904289611503934,0.7009614351761659,-0.3048570354940191,0.17804046613420324,0.9630284450185556,0.12575262295983822,0.31529117115249333,-0.4822631109412287,-4.580527451834195,-0.259553327877748,4.376728353683679
1.545,1,0.2954289611503933,0.7130291269173689,-0.30428552177529744,0.17961360688732544,0.9606719569606081,0.10285483027278361,0.3139509450949395,-0.4603091653113963,-4.578167711496793,-0.27657535003545763,4.4042631851311285
1.55,1,0.3004289611503934,0.7250968186585723,-0.3038284569224942,0.18117983277723573,0.9584255680558635,0.0799752073400081,0.3125250340832561,-0.4382264202302884,-4.573251074076647,-0.29382751352278325,4.428233332356049
1.555,1,0.3054289611503933,0.7371645103997754,-0.3034857179137235,0.1827387124972969,0.9562898773729793,0.057126665787611317,0.31101228435089656,-0.4160329211465811,-4.565726683300021,-0.3113110422991566,4.448549984333702
1.56,1,0.3104289611503934,0.7492322021409789,-0.30325711653326515,0.1842898089567397,0.9542653926432321,0.03432237152305804,0.30941153601151705,-0.3937471575640711,-4.5555436828931635,-0.32902716032401214,4.465124330039354
1.565,1,0.3154289611503933,0.7612998938821818,-0.30314239810015847,0.18583267925006342,0.9523525280402415,0.01157574473518624,0.30772162305897666,-0.37138806304168215,-4.542651216582336,-0.34697709155678164,4.477867558448266
1.57,1,0.32042896115039343,0.7733675856233853,-0.3031412401967952,0.18736687462643759,0.9505516019596947,-0.011099540105802426,0.305941373367337,-0.34897501519345747,-4.526998428093794,-0.3651620599569,4.486690858535703
1.575,1,0.3254289611503933,0.7854352773645882,-0.30325325139751247,0.18889194045910207,0.9488628347990711,-0.033689554248332726,0.30406960869086297,-0.3265278356885687,-4.5085344611537925,-0.38358328948379866,4.491505419276932
1.58,1,0.33042896115039344,0.7975029691057917,-0.3034779699971863,0.19040741621476892,0.947286346737366,-0.05618011465946481,0.302105144664022,-0.30406679025130656,-4.48720845948859,-0.4022420040969126,4.492222429647212
1.585,1,0.33542896115039333,0.8095706608469946,-0.3038148627398244,0.1919128354230228,0.945822155514816,-0.07855678402488686,0.3000467908014845,-0.28161258866108946,-4.462969566824442,-0.42113942775567326,4.488753078621809
1.59,1,0.34042896115039345,0.8216383525881982,-0.30426332354715957,0.1934077256457224,0.9444701742126222,-0.10080487074892189,0.29789335049812343,-0.25918638475245565,-4.435766926887604,-0.4402767844195158,4.481008555175988
1.595,1,0.34542896115039334,0.8337060443294011,-0.30482267224724297,0.1948916084464011,0.9432302090326757,-0.12290942895451908,0.2956436210290151,-0.23680977641507125,-4.405549683404334,-0.4596552980478713,4.46890004828501
1.6,1,0.35042896115039346,0.8457737360706046,-0.3054921533030368,0.19636399935966842,0.9421019570772811,-0.1448552584832647,0.2932963935494381,-0.21450480559372215,-4.372266980100887,-0.4792761926001752,4.452338746924141
1.605,1,0.35542896115039335,0.8578414278118075,-0.30627093454100796,0.1978244078606105,0.9410850041288816,-0.16662690489537146,0.2908504530948744,-0.19229395828832083,-4.3358679607035215,-0.4991406920358585,4.431235840068648
1.61,1,0.36042896115039347,0.869909119553011,-0.3071581058797209,0.19927233733419164,0.9401788224297827,-0.1882086594696871,0.2883045785810082,-0.17020016455390136,-4.296301768938491,-0.5192500203143562,4.4055025166937885
1.615,1,0.36542896115039336,0.8819768112942139,-0.308152678058431,0.20070728504465485,0.9393827684618771,-0.2095845592036873,0.28565754280372707,-0.14824679850062325,-4.253517548532055,-0.5396054013951002,4.37504996577483
1.62,1,0.3704289611503935,0.8940445030354174,-0.30925358136567754,0.20212874210492338,0.9386960807263689,-0.2307383868134822,0.28290811243912106,-0.12645767829376775,-4.207464443210469,-0.5602080592375249,4.339789376287037
1.625,1,0.37542896115039337,0.9061121947766204,-0.3104596643678768,0.20353619344600105,0.9381178775234977,-0.2516536707338105,0.2800550480434833,-0.1048570661537422,-4.158091596699989,-0.5810592178010623,4.29963193720567
1.6300000000000001,1,0.3804289611503935,0.9181798865178239,-0.3117696926379156,0.20492911778637396,0.9376471547322638,-0.27231368511804466,0.2770971040533095,-0.08346966835607467,-4.1053481527268705,-0.6021601010451471,4.254488837505998
1.635,1,0.3854289611503934,0.9302475782590268,-0.31318234748374385,0.20630698760141106,0.9372827835901517,-0.2927014498381853,0.2740330287852985,-0.06232063523142062,-4.049183255017372,-0.6235119329292107,4.204271266163284
1.6400000000000001,1,0.3904289611503935,0.9423152700002303,-0.31469622467696845,0.2076692690927654,0.9370235084728548,-0.31279973048486825,0.2708615644363517,-0.04143556116555468,-3.9895460472977473,-0.6451159374126881,4.148890412152785
1.645,1,0.3954289611503934,0.9543829617414332,-0.31630983318144557,0.20901542215777486,0.9368679446739998,-0.33259103836735643,0.2675814470835736,-0.020840484599380184,-3.926385673294257,-0.6669733384550106,4.0882574644497724
1.6500000000000001,1,0.4004289611503935,0.9664506534826367,-0.31802159388187484,0.21034490035886355,0.9368145761848712,-0.35205763051354816,0.26419140668427116,-0.000561888028919345,-3.859651276733153,-0.6890853600156134,4.022283612029507
1.655,1,0.4054289611503934,0.9785183452238397,-0.31982983831239153,0.2116571508929425,0.9368617534741355,-0.3711815096699694,0.2606901670759546,0.01937330199467848,-3.789292001340695,-0.7114532260539281,3.950880043867255
1.6600000000000001,1,0.4104289611503935,0.9905860369650432,-0.3217328073851603,0.21295161456081094,0.9370076912675658,-0.38994442430178006,0.2570764459763366,0.03893771486514215,-3.715256990843136,-0.7340781605293895,3.873957948938277
1.665,2,0.0010995179372974562,0.012055508503909542,-0.3237286501190066,0.21422772573657292,0.9372504663278319,-0.4083278687729809,0.2533489550561131,0.05810353621785338,-3.6374960445526736,-0.7569611226319283,3.79142959581493
1.67,2,0.00609951793729735,0.06687729946777932,-0.3258154225760112,0.21548491242104187,0.9375880155767441,-0.42631325311046886,0.24950646850105992,0.07684278749158861,-3.5560682598269246,-0.7800589296822085,3.703387241449749
1.675,2,0.011099517937297465,0.12169909043165153,-0.3279910897039658,0.21672259746873002,0.9380181390027973,-0.44388292293458437,0.24554823492827355,0.09512900551623793,-3.471263413101724,-0.8032352353429696,3.61030301741679
1.68,2,0.01609951793729736,0.1765208813955213,-0.33025353204637575,0.21794020178067552,0.9385385105844063,-0.46102079054380385,0.24147423226043455,0.11293828176200914,-3.383400547767144,-0.826341873321135,3.512697251135379
1.685,2,0.021099517937297474,0.23134267235939351,-0.3326005536962816,0.21913714799960887,0.9391466912614294,-0.477712363453557,0.23728517925168832,0.13024930933620985,-3.292798707213243,-0.8492306773236323,3.4110902700248227
1.69,2,0.026099517937297367,0.2861644633232633,-0.335029890272343,0.22031286421410962,0.9398401419433543,-0.4939447443962209,0.23298253548764616,0.14704338298324104,-3.1997769348300937,-0.8717534810573851,3.306002401504447
1.695,2,0.031099517937297483,0.3409862542871355,-0.3375392168949244,0.22146678766276434,0.9406162365174836,-0.509706631321126,0.22856850138538412,0.16330439908460345,-3.1046542740077543,-0.8937621182293211,3.1979539729935587
1.7,2,0.036099517937297376,0.3958080452510053,-0.3401261561621786,0.22259836843832337,0.9414722748571198,-0.52498831739455,0.22404601819344444,0.17901885565889133,-3.0077497681362986,-0.9151084225463635,3.0874653119114837
1.705,2,0.04109951793729749,0.4506298362148775,-0.34278828612613294,0.22370707319185867,0.9424054958297515,-0.539781690999724,0.21941876799183374,0.19417585236179852,-2.9093824606057836,-0.93564422771544,2.9750567456775285
1.71,2,0.046099517937297385,0.5054516271787473,-0.3455231482687726,0.22479238883692074,0.9434130903052381,-0.5540802357368262,0.2146911736920251,0.20876709048611244,-2.8098713948062835,-0.9552213674434742,2.8612486017110204
1.715,2,0.0510995179372975,0.5602734181426196,-0.3483282554781265,0.2258538262536962,0.9444922141639961,-0.5678790304229885,0.20986839903695587,0.22278687296171998,-2.709535614127855,-0.9736916754373933,2.7465612074312644
1.72,2,0.056099517937297394,0.6150952091064893,-0.35120110002435123,0.2268909239931649,0.9456400013051837,-0.58117474909229,0.2049563486010298,0.23623210435560194,-2.608694161960573,-0.9909069854041216,2.631514890257588
1.725,2,0.06109951793729751,0.6699170000703615,-0.35413916153581654,0.22790325198125755,0.9468535766548873,-0.593965660995763,0.1999616677901151,0.24910229087183813,-2.5076660816944933,-1.0067191310505856,2.516629977609297
1.73,2,0.0660995179372974,0.7247387910342313,-0.35713991497518927,0.22889041522301268,0.9481300691743059,-0.6062516306013872,0.19489174284154615,0.2613995403516028,-2.406770416719691,-1.02097994608371,2.402426796905718
1.735,2,0.07109951793729752,0.7795605819981035,-0.36020083861551905,0.2298520575067343,0.9494666248679375,-0.6180341175940954,0.189754700824122,0.27312856227316873,-2.306326210426223,-1.0335412642104211,2.2894256755661573
1.74,2,0.07609951793729741,0.8343823729619733,-0.363319422016322,0.23078786510814894,0.9508604197917642,-0.6293161768757684,0.18455940963810774,0.28429666775190326,-2.2066525062041635,-1.0442549191376438,2.1781469410099414
1.745,2,0.08109951793729753,0.8892041639258454,-0.3664931739996666,0.2316975704945633,0.9523086730614373,-0.6401024585652395,0.17931547801523315,0.29491376954027254,-2.1080683474435693,-1.0529727445723043,2.069110920656377
1.75,2,0.08609951793729742,0.9440259548897153,-0.36971963062625723,0.23258095602902118,0.9538086598604635,-0.6503992079982901,0.17403325551869409,0.3049923820278371,-2.0108927775345147,-1.0595465742213275,1.9628379419247894
1.7550000000000001,2,0.09109951793729754,0.9988477458535875,-0.3729963631715202,0.23343785767446126,0.9553577244483901,-0.660214265727654,0.16872383254315104,0.31454762124125596,-1.9154448398670567,-1.0638282417916394,1.859848332234487
1.76,3,0.004894909111308188,0.037524232560878466,-0.37632098603285136,0.23426816865019215,0.956953293049074,-0.6695569972093275,0.16339899160922663,0.32359708235381224,-1.8219861192070859,-1.065709381936604,1.760562322789109
1.7650000000000001,3,0.009894909111308303,0.07585408885401278,-0.3796911627263403,0.23507184176496812,0.9585928834107063,-0.6784374702615827,0.15807063759855838,0.3321594067718838,-1.7305334031023982,-1.0652511976050838,1.664973694011618
1.77,3,0.014894909111308197,0.1141839451471454,-0.3831046068332644,0.2358488882518286,0.9602741055680496,-0.6868655939266268,0.15275020125290326,0.3402527819826076,-1.6410382987629641,-1.0625600414370855,1.5729626784416593
1.7750000000000001,3,0.019894909111308312,0.1525138014402797,-0.3865590808751962,0.23659937516810903,0.9619946589961973,-0.69485103527989,0.1474485815488585,0.34789479663089473,-1.5534524128301215,-1.057742266466489,1.4844095076283008
1.78,3,0.024894909111308205,0.19084365773341233,-0.3900523951041674,0.23732342273661475,0.9637523296163613,-0.702403219430008,0.1421761456978529,0.35510244051940015,-1.4677273519452234,-1.0509042257271746,1.3991944131206269
1.7850000000000001,3,0.02989490911130832,0.22917351402654665,-0.3935824062928367,0.23802120168679555,0.9655449868016613,-0.7095313295188244,0.1369427291461448,0.3618921046085256,-1.3838147227496076,-1.0421522722530212,1.3171976264677057
1.79,3,0.034894909111308214,0.26750337031967925,-0.39714701652465445,0.23869293059591937,0.9673705803829135,-0.7162443067213884,0.13175763557482426,0.36827958101641695,-1.3016661318846272,-1.0315927590779095,1.2382993792186214
1.795,3,0.03989490911130811,0.30583322661281187,-0.40074417198402973,0.23933887323024677,0.9692271376544189,-0.722550850245957,0.12662963689981108,0.37428006301896644,-1.221233185991624,-1.0193320392357192,1.162379902922446
1.8,3,0.04489490911130822,0.3441630829059462,-0.40437186174649575,0.23995933588620508,0.9711127603797527,-0.7284594173339936,0.12156697327185571,0.3799081450498114,-1.1424674917119395,-1.0054764657603295,1.0893194291282526
1.805,3,0.04989490911130812,0.38249293919907884,-0.40802811656887583,0.24055466473156226,0.9730256217975521,-0.7339782232601676,0.11657735307653995,0.38517782270033407,-1.065320655686927,-0.9901323916856214,1.0189981893851243
1.81,3,0.05489490911130823,0.42082279549221313,-0.41171100767945007,0.24112524314660141,0.9749639636273064,-0.7391152413323562,0.11166795293427524,0.3901024927196629,-0.9897442845579251,-0.9734061700454733,0.9512964152421308
1.815,3,0.059894909111308126,0.45915265178534576,-0.41541864556812047,0.24167148906529468,0.9769260930751439,-0.7438782028916425,0.10684541770030448,0.3946949530146707,-0.9156899849662855,-0.9554041538737664,0.8860943382483543
1.82,3,0.06489490911130824,0.49748250807848005,-0.4191491787765781,0.24219385231647758,0.9789103798396226,-0.7482745973123169,0.10211586046470036,0.3989674026499769,-0.8431093635533475,-0.9362326962043792,0.8232721899528653
1.825,3,0.06989490911130813,0.5358123643716127,-0.4229007926884677,0.24269281196502296,0.9809152531175171,-0.752311672001876,0.097484862552367,0.40293144184794505,-0.7719540269604627,-0.9159981500711931,0.7627102019047455
1.83,3,0.07489490911130825,0.574142220664747,-0.4266717083195554,0.24316887365301543,0.982939198609609,-0.7559964324010239,0.09295747352303829,0.4065980719886851,-0.7021755818289708,-0.8948068685080863,0.7042886056530661
1.835,3,0.07989490911130814,0.6124720769578796,-0.4304601811078931,0.24362256694092516,0.984980755526474,-0.7593356419836703,0.08853821117127954,0.4099776956100516,-0.633725634800223,-0.8727652045489405,0.6478876327469079
1.84,3,0.08489490911130826,0.650801933251014,-0.4342644997039858,0.24405444264878234,0.9870385135942723,-0.7623358222569329,0.08423106152648581,0.41308011640764514,-0.5665557925155592,-0.8499795112276335,0.5933875147353427
1.845,3,0.08989490911130815,0.6891317895441466,-0.4380829847609566,0.24446507019735117,0.9891111100605355,-0.7650032527611349,0.08003947885288365,0.41591453923481114,-0.5006176616163305,-0.8265561415780472,0.5406684831674514
1.85,3,0.09489490911130827,0.7274616458372809,-0.44191398772471385,0.2448550349493041,0.9911972266999571,-0.7673439710698075,0.07596638564952934,0.4184895701026409,-0.43586284874387665,-0.8026014486340594,0.4896107695923052
1.855,3,0.09989490911130816,0.7657915021304135,-0.44575588962411594,0.24522493555039587,0.99329558682018,-0.7693637727896873,0.07201417265031058,0.4208132161799706,-0.37224296053954914,-0.7782217854295521,0.44009460555898555
1.86,3,0.10489490911130828,0.8041213584235478,-0.44960709986113856,0.2455753812706378,0.9954049522675861,-0.7710682115607187,0.0681846988239449,0.42289288579338224,-0.3097096036446875,-0.7535235049984028,0.3920002226165636
1.865,3,0.10989490911130817,0.8424512147166804,-0.45346605500103954,0.24590698934547184,0.9975241204330836,-0.7724625990560522,0.06447929137398116,0.4247353884272029,-0.24821438470064322,-0.7286129603744936,0.3452078523141201
1.87,3,0.11489490911130829,0.8807810710098147,-0.45733121756252615,0.24622038231694476,0.9996519212578978,-0.7735520049820453,0.0608987457387981,0.42634693472350516,-0.18770891034875556,-0.7035965045917024,0.2995977262007271
1.875,3,0.11989490911130818,0.9191109273029474,-0.46120107480791966,0.24651618537488232,1.0017872142393582,-0.7743412570782623,0.05744332559160577,0.42773313648210703,-0.12814478723037628,-0.678580490683911,0.25505007582546446
1.8800000000000001,3,0.1248949091113083,0.9574407835960816,-0.46507413753332305,0.2467950236980634,1.0039288854366877,-0.7748349411174739,0.05411276284044419,0.4288990066605718,-0.06947362198684522,-0.6536712716849972,0.21144513273740587
1.885,3,0.1298949091113082,0.9957706398892143,-0.4689489388587853,0.2470575197953941,1.0060758444767914,-0.7750374009056578,0.05090625762818452,0.42984895937420825,-0.011647021259513233,-0.6289752006288427,0.16866312848562995
1.8900000000000001,4,0.004448294290690491,0.002397161590162726,-0.4728240330236486,0.2473042908596106,1.0082270215734948,-0.7749527441041324,0.047822492414938224,0.4305868250132233,0.04537817292437648,-0.6045859673493563,0.12659788828177035
1.895,4,0.009448294290690384,0.005091634385251305,-0.4766979943747416,0.24753594658743705,1.0103813650475102,-0.7745849316198333,0.04485984819266982,0.4311160823442833,0.101615891894916,-0.580526569122625,0.08521912422060027
1.9000000000000001,4,0.0144482942906905,0.007786107180340005,-0.48056941696120736,0.24775308846705302,1.0125378404215286,-0.7739378913211487,0.0420166795377736,0.4314401537733165,0.1570699292862019,-0.5567954824589122,0.044522870891764287
1.905,4,0.019448294290690393,0.010480579975428584,-0.4844369144242281,0.24795630977884933,1.0146954302810094,-0.7730155321568604,0.039291348761557474,0.43156244200529514,0.21174406874404572,-0.5333911597091273,0.0045051888194418115
1.9100000000000001,4,0.02444829429069051,0.013175052770517282,-0.4882991199024352,0.24814619563411908,1.0168531341756935,-0.7718217441575208,0.03668222591357427,0.4314863300478121,0.26564209391426885,-0.5103120532241755,-0.034837861472194885
1.915,4,0.029448294290690402,0.01586952556560586,-0.4921546859373164,0.24832332301374857,1.0190099685211162,-0.770360398435454,0.03418768878162281,0.43121518121108127,0.31876778844268305,-0.487556615354966,-0.07351021945896653
1.92,4,0.034448294290690296,0.01856399836069444,-0.4960022843786262,0.24848826080690886,1.021164966500121,-0.7686353471847541,0.03180612289174697,0.4307523391079375,0.37112493597510743,-0.465123298452405,-0.11151582461669915
1.925,4,0.03944829429069041,0.02125847115578314,-0.49984060628979377,0.24864156984974675,1.0233171779643717,-0.7666504236812866,0.029535921508236158,0.4301011276538363,0.4227173201573605,-0.4430105548673989,-0.1488586164212184
1.93,4,0.044448294290690304,0.02395294395087172,-0.5036683618533315,0.24878380296407615,1.0254656693358657,-0.7644094422826877,0.027375485633625532,0.4292648510668543,0.47354872463525444,-0.4212168369508567,-0.18554253434834528
1.935,4,0.04944829429069042,0.02664741674596042,-0.5074842802762454,0.24891550499606924,1.0276095235084477,-0.7619161984283649,0.025323224008695307,0.4282467938676888,0.5236229330546102,-0.39974059705368387,-0.22157151787390725
1.94,4,0.05444829429069031,0.029341889541048997,-0.511287109695442,0.2490372128549477,1.029747839749322,-0.7591744686394962,0.023377553112471555,0.42705022087965816,0.5729437290612399,-0.37858028752678946,-0.2569495064737253
1.945,4,0.05944829429069043,0.03203636233613769,-0.5150756170831388,0.249149455551674,1.031879733600567,-0.7561880105190307,0.02153689716222544,0.4256783772287014,0.6215148963009643,-0.35773436072107884,-0.29168043962362666
1.95,4,0.06444829429069032,0.034730835131226274,-0.5188485881522719,0.24925275423764254,1.0340043367806462,-0.7529605627516884,0.01979968811347394,0.4241344883433787,0.6693402184195959,-0.337201268987461,-0.32576825679943255
1.955,4,0.06944829429069044,0.037425307926314974,-0.522604827261906,0.24934762224337095,1.036120797085923,-0.7494958451039601,0.018164365659979163,0.42242175995487086,0.7164234790629552,-0.31697946467684146,-0.35921689747697017
1.96,4,0.07444829429069033,0.040119780721403556,-0.5263431573226423,0.24943456511719123,1.0382282782921735,-0.7457975584241079,0.016629377233749,0.4205433780969798,0.7627684618768549,-0.2970674001401291,-0.39203030113206067
1.965,4,0.07944829429069045,0.04281425351649225,-0.5300624197020279,0.24951408066394107,1.0403259600560988,-0.7418693846421642,0.015193178005036521,0.4185025091061279,0.8083789505071153,-0.27746352772822974,-0.4242124072405312
1.97,4,0.08444829429069034,0.04550872631158083,-0.5337614741299644,0.24958665898365504,1.0424130378168392,-0.7377149867699332,0.013854230882340501,0.4163022996213591,0.853258728599549,-0.25816629979205197,-0.4557671552782033
1.975,4,0.08944829429069046,0.04820319910666953,-0.5374391986041172,0.24965278251025583,1.0444887226974864,-0.7333380089009889,0.012611006512404956,0.4139458765843375,0.8974115797999765,-0.23917416868250144,-0.48669848472090366
1.98,4,0.09444829429069035,0.05089767190175811,-0.5410944892953231,0.24971292605024542,1.0465522414065969,-0.7287420762106771,0.011461983280219594,0.41143634723934863,0.9408412877542106,-0.22048558675048704,-0.5170103350444538
1.985,4,0.09944829429069046,0.053592144696846804,-0.5447262604530012,0.24976755682139642,1.0486028361397057,-0.723930794956114,0.010405647309019354,0.4087767991332985,0.9835516361080714,-0.20209900634691447,-0.5467066457246808
1.99,4,0.10444829429069036,0.056286617491935385,-0.5483334443105596,0.24981713449144316,1.0506397644808383,-0.7189077524761873,0.009440492460284859,0.40597030011571433,1.0255464085073718,-0.18401287982269243,-0.575791356237406
1.995,4,0.10944829429069047,0.058981090287024085,-0.5519149909908062,0.24986211121677304,1.0526622993040249,-0.7136765171915548,0.008565020333741999,0.4030198983387439,1.0668293885979323,-0.16622565952872667,-0.6042684060584562
2.0,4,0.11444829429069037,0.06167556308211267,-0.5554698684113557,0.24990293168111763,1.0546697286748123,-0.7082406386046461,0.007777740267362315,0.3999286222571562,1.107404360025565,-0.14873579781592594,-0.6321417346636532
2.005,4,0.11944829429069026,0.06437003587720125,-0.5589970621900401,0.24994003313424404,1.0566613557517786,-0.7026036472996612,0.007077169337362662,0.3966994806283408,1.147275106436089,-0.13154174703519655,-0.6594152815288225
2.0100000000000002,4,0.1244482942906906,0.06706450867229007,-0.5624955755503167,0.24997384543064607,1.0586364986880448,-0.6967690549425705,0.0064618323582053515,0.3933354625123081,1.1864454114753242,-0.11464195953744452,-0.6860929861297903
2.015,4,0.1294482942906905,0.06975898146737865,-0.5659644292266763,0.2500047910682355,1.0605944905327884,-0.6907403542811169,0.005930261882598357,0.38983953727169013,1.22491905878908,-0.09803488767357994,-0.7121787879423764
2.02,4,0.13444829429069038,0.07245345426246722,-0.5694026613700539,0.250033285227033,1.062534679132757,-0.6845210191448127,0.005480998201494927,0.3862146545717388,1.2626998320231764,-0.08171898379450841,-0.7376766264424071
2.025,4,0.13944829429069028,0.0751479270575558,-0.572809327453236,0.25005973580786,1.0644564270337808,-0.6781145044449418,0.005112589344093794,0.38246374438032743,1.2997915148234298,-0.06569270025113737,-0.7625904411057068
2.0300000000000002,4,0.14444829429069062,0.07784239985264461,-0.5761835001762703,0.25008454347102926,1.0663591113822863,-0.6715242461745582,0.0048235910778391955,0.3785897169679497,1.3361978908356609,-0.04995448939437251,-0.7869241714081019
2.035,4,0.1494482942906905,0.0805368726477332,-0.5795242693718733,0.25010810167503655,1.0682421238268083,-0.6647536614084886,0.004612566908420873,0.3745954629077214,1.3719227437056782,-0.03450280357512398,-0.8106817568254122
2.04,4,0.1544482942906904,0.08323134544282178,-0.5828307419108409,0.25013079671525157,1.0701048704195042,-0.6578061483033291,0.004478088079773928,0.37048385307537784,1.4069698570793028,-0.01933609514429738,-0.8338671368334638
2.045,4,0.1594482942906903,0.08592581823791036,-0.5861020416074563,0.2501530077626093,1.0719467715176667,-0.6506850860974468,0.0044187335740790016,0.366257738649276,1.4413430146023507,-0.004452816452800243,-0.8564842509080814
2.05,4,0.1644482942906902,0.08862029103299894,-0.5893373091248987,0.2501751069023014,1.0737672616852367,-0.6433938351109804,0.004433090111762196,0.36191995111039327,1.4750459999206387,0.010148580148460344,-0.8785370385250888
2.055,4,0.16944829429069053,0.09131476382808776,-0.5925357018806529,0.2501974591724671,1.0755657895943165,-0.6359357367458383,0.004519752151495055,0.3574733022423278,1.5080825966799853,0.02446964230857845,-0.9000294391603121
2.06,4,0.17444829429069042,0.09400923662317633,-0.5956963939519165,0.25022042260288474,1.0773418179266827,-0.6283141134857021,0.004677321890194564,0.3529205841312999,1.5404565885262023,0.03851191767664416,-0.920965392289572
2.065,4,0.1794482942906903,0.09670370941826491,-0.5988185759810114,0.2502443482536627,1.0790948232753002,-0.6205322688960221,0.004904409263023224,0.34826456916614923,1.5721717591051085,0.05227695390175192,-0.9413488373886943
2.07,4,0.1844482942906902,0.09939818221335349,-0.6019014550807904,0.2502695802539309,1.080824296045834,-0.6125934876240205,0.005199631943388967,0.343508010038337,1.603231892062521,0.065766298632994,-0.9611837139335035
2.075,4,0.18944829429069054,0.1020926550084423,-0.6049442547400472,0.250296455840532,1.0825297403581635,-0.6045010353986893,0.005561615342945216,0.33865363974194473,1.6336407710442589,0.07898149951946462,-0.9804739613998252
2.08,4,0.19444829429069044,0.10478712780353089,-0.6079462147289243,0.2503253053967123,1.0842106739478947,-0.5962581590307939,0.005988992611590821,0.3337041715736763,1.663402179696133,0.09192410421025397,-0.99922351926348
2.085,4,0.19944829429069033,0.10748160059861947,-0.6109065910043228,0.2503564524908134,1.0858666280678737,-0.5878680864128685,0.0064804046374701005,0.3286622991328549,1.6925199016639627,0.10459566035445639,-1.0174363270002944
2.09,4,0.20444829429069022,0.11017607339370805,-0.6138246556153109,0.25039021391496313,1.0874971473896997,-0.5793340265192184,0.007034500046972863,0.3235306963214252,1.720997720593564,0.11699771560116426,-1.0351163240860919
2.095,4,0.20944829429069056,0.11287054618879687,-0.6166996966085333,0.25042689972376697,1.0891017899052389,-0.5706591694059198,0.00764993520473445,0.31831201734395237,1.7488394201307573,0.12913181759947154,-1.0522674499966989
2.1,4,0.21444829429069046,0.11556501898388544,-0.6195310179336182,0.25046681327299913,1.0906801268281356,-0.5618466862108215,0.008325374213635424,0.31300889670762366,1.7760487839213523,0.1409995139984688,-1.068893644207936
2.105,4,0.21944829429069035,0.11825949177897402,-0.6223179393485887,0.2505102512582939,1.0922317424953276,-0.5528997291535414,0.009059488914802091,0.3076239492222458,1.80262959561117,0.1526023524472503,-1.0849988461956293
2.11,4,0.22444829429069024,0.1209539645740626,-0.62505979632527,0.2505575037538367,1.0937562342685578,-0.5438214315354685,0.009850958887606022,0.30215977000024713,1.8285856388460255,0.1639418805949081,-1.100586995435603
2.115,4,0.22944829429069058,0.12364843736915142,-0.6277559399546986,0.25060885425105545,1.0952532124358885,-0.5346149077397624,0.010698471449664489,0.2966189344566761,1.8539206972717384,0.17501964609053658,-1.1156620314036823
2.12,4,0.23444829429069047,0.12634291016424,-0.6304057368525309,0.25066457969731193,1.0967223001132125,-0.5252832532313562,0.01160072165683986,0.2910039983092035,1.87863855453412,0.1858371965832263,-1.1302278935756889
2.125,4,0.23944829429069037,0.12903738295932857,-0.6330085690644529,0.25072495053459265,1.0981631331457686,-0.5158295445569508,0.012556412303240313,0.2853174975781198,1.9027429942789895,0.19639607972207074,-1.144288521427448
2.13,4,0.24444829429069026,0.13173185575441715,-0.6355638339715888,0.2507902307382004,1.0995753600096534,-0.5062568393450195,0.013564253921219254,0.2795619485863366,1.9262378001521636,0.20669784315616305,-1.1578478544347846
2.1350000000000002,4,0.2494482942906906,0.13442632854950598,-0.6380709441959088,0.25086067785544525,1.1009586417133346,-0.4965681763058052,0.014622964781375867,0.27373984795938605,1.9491267557994607,0.216744034534597,-1.1709098320735236
2.14,4,0.2544482942906905,0.13712080134459456,-0.6405293275056391,0.250936543044336,1.1023126516991635,-0.4867665752313245,0.015731270892554335,0.26785367262542237,1.971413644866693,0.22653620150646323,-1.1834783938194862
2.145,4,0.2594482942906904,0.13981527413968314,-0.6429384267206705,0.2510180711122711,1.1036370757448892,-0.4768550369953624,0.016887906001844696,0.2619058798152196,1.9931022509996794,0.23607589172085527,-1.195557479148499
2.15,4,0.2644482942906903,0.14250974693477172,-0.6452976996179671,0.25110550055473024,1.1049316118651717,-0.46683654355347554,0.0180916115945822,0.2558989070621729,2.014196357844236,0.24536465282686645,-1.2071510275363853
2.1550000000000002,4,0.2694482942906906,0.14520421972986053,-0.6476066188369753,0.2511990635939654,1.106195970213094,-0.45671405794299064,0.01934113689434787,0.2498351722022977,2.034699749046182,0.2544040324735898,-1.2182629784589707
2.16,4,0.2744482942906905,0.1478986925249491,-0.6498646717850323,0.2512989862176919,1.1074298729816754,-0.44649052428300795,0.020635238862967822,0.243717073374232,2.054616208251329,0.2631955783101168,-1.2288972713920774
2.165,4,0.2794482942906904,0.1505931653200377,-0.6520713605427753,0.25140548821778,1.1086330543053857,-0.436168867774396,0.021972682200513856,0.23754698901923327,2.0739495191054966,0.27174083798554105,-1.2390578458115298
2.17,4,0.2844482942906903,0.15328763811512627,-0.6542262017695506,0.2515187832289459,1.1098052601616568,-0.42575199469979524,0.023352239345303217,0.23132727788118004,2.092703465254501,0.28004135914895484,-1.2487486411931534
2.1750000000000003,4,0.28944829429069063,0.15598211091021508,-0.6563287266088218,0.25163907876744285,1.1109462482723975,-0.41524279242361617,0.024772690473898618,0.22506027900657147,2.1108818303441597,0.2880986894494525,-1.2579735970127728
2.18,4,0.2944482942906905,0.15867658370530366,-0.6583784805935788,0.2517665762697527,1.1120557880055046,-0.4046441293920425,0.026232823501108015,0.21874831174452902,2.128488398020287,0.29591437653612446,-1.26673665274621
2.185,4,0.2994482942906904,0.16137105650039224,-0.6603750235517474,0.2519014711312768,1.1131336602763775,-0.3939588551330266,0.027731434079985223,0.21239367574679358,2.1455269519287006,0.303489968058065,-1.2750417478692901
2.19,4,0.3044482942906903,0.16406552929548082,-0.6623179295115971,0.25204395274502756,1.1141796574494311,-0.38318980025629246,0.02926732560182924,0.20599865096772726,2.162001275715217,0.31082701166436627,-1.2828928218578375
2.195,4,0.3094482942906902,0.1667600020905694,-0.6642067866071508,0.2521942045403194,1.1151935832396085,-0.372339776453335,0.03083930919618458,0.1995654976643133,2.177915153025652,0.3179270550041212,-1.2902938141876772
2.2,4,0.31444829429069054,0.16945447488565824,-0.6660411969835933,0.25235240402146003,1.1161752526138942,-0.361411576497419,0.03244620373084147,0.19309645639615491,2.1932723675058248,0.32479164572642377,-1.297248664334633
2.205,4,0.31944829429069044,0.1721489476807468,-0.6678207767026796,0.2525187228064418,1.117124491692827,-0.35040797424358366,0.03408683581183495,0.18659374802547846,2.2080767028015487,0.33142233148036454,-1.3037613117745277
2.21,4,0.32444829429069033,0.17484342047583537,-0.6695451556481449,0.2526933266656328,1.1180411376520136,-0.33933172462863537,0.035760039783446246,0.18005957371712872,2.2223319425586414,0.33782065991503757,-1.3098356959831863
2.215,4,0.3294482942906902,0.17753789327092395,-0.6712139774311127,0.2528763755604682,1.118925038623642,-0.3281855636711525,0.0374646577282016,0.17349611493857253,2.2360418704229192,0.3439881786795354,-1.3154757564364339
2.22,4,0.33444829429069056,0.18023236606601278,-0.6728268992955039,0.2530680236821415,1.1197760535979935,-0.31697220847148383,0.03919953946687319,0.16690553345989664,2.2492102700402006,0.34992643542295115,-1.3206854326100943
2.225,4,0.33944829429069046,0.18292683886110137,-0.6743835920234452,0.2532684194902953,1.1205940523249565,-0.3056943572117518,0.0409635425584779,0.1602899713538109,2.2618409250562994,0.3556369777943769,-1.3254686639799906
2.23,4,0.34444829429069035,0.18562131165618995,-0.6758837398406787,0.2534777057517133,1.1213789152155391,-0.2943546891558469,0.04275553230027874,0.15365155099564357,2.2739376191170324,0.36112135344290597,-1.329829390021948
2.235,4,0.34944829429069024,0.18831578445127853,-0.6773270403219704,0.253696019579011,1.1221305332433835,-0.28295586464943134,0.04457438172778386,0.14699237506334514,2.285504135868218,0.3663811100176307,-1.3337715502117908
2.24,4,0.3544482942906906,0.19101025724636733,-0.6787132042965189,0.25392349246932705,1.1228488078462777,-0.27150052511993705,0.04641897161474729,0.14031452653748594,2.296544258955672,0.3714177951676445,-1.3372990840253425
2.245,4,0.3594482942906905,0.1937047300414559,-0.6800419557533643,0.25416025034301437,1.1235336508276688,-0.2599912930765705,0.04828819047316775,0.1336200687012588,2.30706177202521,0.3762329565420392,-1.3404159309384276
2.25,4,0.36444829429069037,0.1963992028365445,-0.6813130317467975,0.2544064135823316,1.1241849842581768,-0.24843077211030562,0.05018093455329005,0.1269110451404763,2.3170604587226493,0.38082814178990854,-1.3431260304268706
2.255,4,0.36944829429069026,0.19909367563163308,-0.6825261823017682,0.2546620970701343,1.1248027403771077,-0.23682154689388826,0.05209610784360435,0.12018947974357184,2.3265441026938056,0.3852048985603447,-1.3454333219664951
2.2600000000000002,4,0.3744482942906906,0.20178814842672188,-0.6836811703192947,0.254927410228566,1.1253868614939653,-0.22516618318183454,0.05403262207084632,0.11345737670159951,2.3355164875844983,0.38936477450244084,-1.3473417450331264
2.265,4,0.3794482942906905,0.20448262122181046,-0.684777771481872,0.2552024570577494,1.1259372998899657,-0.21346722781043392,0.05598939669999676,0.10671672050823558,2.3439813970405394,0.39330931726528906,-1.3488552391025874
2.27,4,0.3844482942906904,0.20717709401689904,-0.6858157741588813,0.25548733617447794,1.12645401771955,-0.20172720869774435,0.057965358934282174,0.09996947595977608,2.351942614707749,0.397040074497983,-1.3499777436507028
2.275,4,0.3894482942906903,0.20987156681198763,-0.6867949793119981,0.25578214085090667,1.1269369869118973,-0.1899486348435954,0.05995944371517474,0.09321758815513796,2.3594039242319416,0.4005585938496144,-1.3507131981532967
2.2800000000000002,4,0.3944482942906906,0.21256603960707646,-0.6877152004006017,0.2560869590532437,1.127386189072438,-0.17813399632958637,0.06197059372239184,0.08646298249585894,2.366369109258936,0.4038664229692774,-1.351065542086194
2.285,4,0.3994482942906905,0.21526051240216504,-0.6885762632871841,0.2564018734804412,1.1278016153843662,-0.1662857643190911,0.06399775937389615,0.07970756468609883,2.372841953434546,0.40696510950606324,-1.3510387149252174
2.29,4,0.4044482942906904,0.2179549851972536,-0.6893780061427581,0.2567269616028869,1.1281832665101537,-0.15440639105725054,0.0660398988258961,0.07295322073263709,2.3788262404045897,0.4098562011090656,-1.3506366561461927
2.295,4,0.4094482942906903,0.22064945799234217,-0.6901202793522668,0.2570622957010951,1.128531152493063,-0.14249830987097847,0.06809597797284554,0.0662018169448743,2.384325753814883,0.41254124542737725,-1.349863305224943
2.3000000000000003,4,0.41444829429069063,0.223343930787431,-0.6908029454199927,0.2574079429043982,1.1288452926586596,-0.1305639351689578,0.07016497044744402,0.05945519993483141,2.3893442773112445,0.415021790110091,-1.3487226016372937
2.305,4,0.4194482942906905,0.2260384035825196,-0.6914258788749654,0.25776396522963735,1.1291257155163261,-0.1186056624416458,0.07224585762063568,0.05271519661715205,2.393885594539487,0.41729938280629936,-1.3472184848590671
2.31,4,0.4244482942906904,0.22873287637760817,-0.6919889661763716,0.2581304196198543,1.1293724586607747,-0.10662586826126733,0.0743376286016112,0.04598361420909893,2.3979534891454306,0.4193755711650948,-1.3453548943660893
2.315,4,0.4294482942906903,0.23142734917269675,-0.6924921056189639,0.25850735798298224,1.1295855686735607,-0.09462691028181941,0.07643928023780601,0.03926224023055626,2.4015517447748884,0.4212519028355704,-1.3431357696341832
2.32,4,0.4344482942906902,0.23412182196778533,-0.6929352072384687,0.25889482723053725,1.1297651010245948,-0.08261112723906984,0.07854981711490149,0.032552842504029136,2.4046841450736802,0.42292992546681935,-1.3405650501391735
2.325,4,0.43944829429069054,0.23681629476287414,-0.693318192716996,0.2592928693163094,1.1299111199736571,-0.070580838950557,0.08066825155682406,0.025857169154643034,2.407354473687622,0.4244111867079339,-1.3376466753568848
2.33,4,0.44444829429069044,0.23951076755796272,-0.6936409952884479,0.25970152127505397,1.1300236984719103,-0.05853834631559158,0.08279360362574578,0.019176948610145798,2.409566514262527,0.42569723420800676,-1.33438458476314
2.335,4,0.44944829429069033,0.2422052403530513,-0.6939035596439274,0.26012081526118264,1.1301029180634117,-0.046485931315254025,0.08492490112208428,0.01251388960090452,2.4113240504442155,0.4267896156161312,-1.3307827178337648
2.34,4,0.4544482942906902,0.24489971314813988,-0.6941058418371472,0.260550778587455,1.1301488687866272,-0.03442585701239577,0.08706117958450224,0.005869681159908126,2.4126308658785036,0.4276898785813994,-1.326845014044583
2.345,4,0.45944829429069056,0.24759418594322868,-0.6942478091898392,0.26099143376366946,1.1301616490759447,-0.022360367551637787,0.08920148228990865,-0.0007540073772348026,2.413490744211207,0.4283995707529048,-1.322575412871418
2.35,4,0.46444829429069046,0.2502886587383173,-0.694329440197162,0.26144279853535446,1.130141365663186,-0.010291688159375713,0.09134486025345698,-0.00735552637229295,2.4139074690881412,0.42892023977973925,-1.3179778537900944
2.355,4,0.46944829429069035,0.25298313153340585,-0.6943507244331117,0.26190488592246,1.130088133479121,0.0017779748562266927,0.0934903722285467,-0.013933245884415036,2.413884824155124,0.4292534333109966,-1.3130562762764375
2.36,4,0.47444829429069024,0.25567760432849446,-0.6943116624559285,0.2623777042580486,1.1300020755549802,0.013846434105234829,0.09563708470682267,-0.020485555670129628,2.413426593057971,0.4294006989957685,-1.3078146198062692
2.365,4,0.4794482942906906,0.25837207712358323,-0.6942122657135075,0.2628612572269868,1.1298833229239682,0.02591152111594312,0.09778407191817547,-0.027010865183343474,2.4125365594424997,0.4293635844831489,-1.302256823855416
2.37,4,0.4844482942906905,0.26106654991867184,-0.6940525564488064,0.26335554390463584,1.1297320145227765,0.03797108633487262,0.09993041583074047,-0.033507603575342444,2.411218506954527,0.4291436374222297,-1.2963868278997006
2.375,4,0.48944829429069037,0.2637610227137604,-0.6938325676052548,0.2638605587955436,1.1295482970930968,0.05002299912677652,0.10207520615089895,-0.0399742196947918,2.4094762192398695,0.42874240546210374,-1.2902085714149478
2.38,4,0.49444829429069026,0.266455495508849,-0.693552342732163,0.2643762918721353,1.1293323250831337,0.06206514777463609,0.1042175403232779,-0.04640918208773639,2.407313479944342,0.4281614362518646,-1.283725993876982
2.3850000000000002,4,0.4994482942906906,0.2691499683039378,-0.6932119358901309,0.26490272861340497,1.1290842605491187,0.07409543947966186,0.10635652353074936,-0.05281097899759949,2.404734072713762,0.427402277440604,-1.276943034761627
2.39,4,0.5044482942906905,0.2718444410990264,-0.6928114115564564,0.2654398500436066,1.1288042730568224,0.08611180036129218,0.10849126869443083,-0.059178118365183635,2.4017417811939463,0.4264664766774147,-1.269863633544706
2.395,4,0.5094482942906904,0.27453891389411494,-0.6923508445305452,0.26598763277094534,1.128492539583068,0.09811217545719506,0.11062089647368532,-0.06550912782867,2.398340389030711,0.4253555816113911,-1.2624917297020462
2.4,4,0.5144482942906903,0.27723338668920355,-0.6918303198393185,0.2665460490262688,1.1281492444172443,0.11009452872326951,0.11274453526612185,-0.0718025547236207,2.3945336798698724,0.4240711398916236,-1.2548312627094682
2.4050000000000002,4,0.5194482942906906,0.2799278594842924,-0.691249932642623,0.2671150667017584,1.1277745790628189,0.12205684303364184,0.11486132120759403,-0.07805696608297528,2.3903254373572485,0.42261469916720623,-1.2468861720427977
2.41,4,0.5244482942906905,0.28262233227938094,-0.6906097881386387,0.2676946493896201,1.127368742138851,0.13399712018066567,0.11697039817220119,-0.08427094863705163,2.3857194451386547,0.42098780708723216,-1.238660397177861
2.415,4,0.5294482942906904,0.2853168050744695,-0.6899100014692886,0.26828475642077626,1.1269319392815054,0.14591338087492747,0.11907091777228869,-0.09044310881354925,2.380719486859908,0.4191920113007936,-1.2301578775904791
2.42,4,0.5344482942906903,0.2880112778695581,-0.6891506976256471,0.26888534290355653,1.126464383045564,0.1578036647452404,0.12116203935844681,-0.09657207273754521,2.375329346166824,0.4172288594569833,-1.221382552756478
2.4250000000000003,4,0.5394482942906906,0.29070575066464693,-0.6883320113533486,0.26949635976238906,1.1259662928059408,0.1696660303386486,0.12324293001951148,-0.10265648623149647,2.3695528067052187,0.4150998992048938,-1.2123383621516801
2.43,4,0.5444482942906905,0.2934002234597355,-0.6874540870579977,0.2701177537764917,1.1254378946591936,0.18149855512042207,0.12531276458256385,-0.10869501481523727,2.3633936521209105,0.4128066781936187,-1.2030292452519116
2.435,4,0.5494482942906904,0.2960946962548241,-0.6865170787105758,0.2707494676185636,1.1248794213250377,0.19329933547406253,0.1273707256129308,-0.11468634370598325,2.3568556660597157,0.41035074407225025,-1.1934591415329967
2.44,4,0.5544482942906903,0.29878916904991265,-0.685521149752852,0.2713914398934759,1.124291112047859,0.2050664867013002,0.1294160034141846,-0.12062917781832808,2.3499426321674504,0.4077336444898807,-1.1836319904707577
2.445,4,0.5594482942906902,0.30148364184500126,-0.6844664730027912,0.27204360517696335,1.123673212498226,0.21679814302209466,0.13144779602814305,-0.12652224176424498,2.3426583340899305,0.4049569270956038,-1.1735517315410207
2.45,4,0.5644482942906905,0.30417811464009004,-0.6833532305599624,0.27270589405431545,1.1230259746744058,0.22849245757463424,0.13346530923486927,-0.13236427985308583,2.335006555472974,0.40202213953851174,-1.1632223042196077
2.455,4,0.5694482942906904,0.30687258743517865,-0.6821816137109489,0.27337823315906734,1.1223496568038733,0.24014760241533537,0.13546775655267204,-0.13815405609158155,2.3269910799623954,0.39893082946769715,-1.1526476479823455
2.46,4,0.5744482942906903,0.3095670602302672,-0.6809518228347555,0.2740605452116916,1.121644523244828,0.25176176851884474,0.13745435923810517,-0.14389035418384236,2.318615691204012,0.3956845445322539,-1.1418317023050577
2.465,4,0.5794482942906902,0.3122615330253558,-0.6796640673082187,0.27475274905828917,1.120910844387704,0.26333316577803817,0.13942434628596848,-0.14957197753135804,2.3098841728436423,0.39228483238127343,-1.1307784066635673
2.47,4,0.5844482942906906,0.3149560058204446,-0.6783185654114148,0.2754547597092805,1.1201488965566853,0.2748600230040215,0.1413769544293073,-0.15519774923299762,2.3008003085270996,0.38873324066384835,-1.1194917005336973
2.475,4,0.5894482942906905,0.3176504786155332,-0.6769155442330693,0.276166488378097,1.1193589619112176,0.28634058792612593,0.14331142813941156,-0.16076651208500764,2.291367881900204,0.3850313170290727,-1.1079755233912758
2.48,4,0.5944482942906903,0.32034495141062175,-0.6754552395759652,0.27688784251987186,1.1185413283475227,0.29777312719191545,0.14522701962581755,-0.16627712858101565,2.281590676608769,0.38118060912603896,-1.096233814712125
2.485,4,0.5994482942906902,0.32303942420571036,-0.6739378958623521,0.277618725870132,1.1176962894001101,0.3091559263671825,0.1471229888363067,-0.17172848091202755,2.2714724762986114,0.37718266460383865,-1.0842705139720676
2.49,4,0.6044482942906906,0.3257338970007992,-0.6723637660393551,0.27835903848348864,1.1168241441432911,0.32048728993594716,0.1489986034569058,-0.17711947096642794,2.2610170646155483,0.37303903111156567,-1.0720895606469296
2.495,4,0.6094482942906905,0.32842836979588774,-0.670733111484384,0.2791086767723285,1.1159251970926916,0.3317655413004594,0.15085313891188734,-0.18244902032998125,2.250228225205398,0.36875125629831373,-1.0596948942125353
2.5,4,0.6144482942906904,0.3311228425909763,-0.6690462019105412,0.2798675335455057,1.1149997581067652,0.3429890227811987,0.15268587836376915,-0.18771607028583082,2.2391097417139756,0.36432088781317384,-1.0470904541447081
2.505,4,0.6194482942906903,0.3338173153860649,-0.6673033152720316,0.28063549804703236,1.1140481422883062,0.35415609561687283,0.15449611271331448,-0.19291958181449884,2.2276653977870957,0.35974947330523854,-1.034280179919273
2.5100000000000002,4,0.6244482942906906,0.33651178818115374,-0.6655047376695702,0.28141245599477016,1.1130706698859631,0.36526513996442095,0.15628314059953197,-0.19805853559388728,2.2158989770705784,0.3550385604236024,-1.0212680110120513
2.515,4,0.6294482942906905,0.3392062609762423,-0.6636507632557931,0.282198289619121,1.1120676661957516,0.37631455489900617,0.1580462683996762,-0.2031319319992764,2.203814263210237,0.3501896968173564,-1.0080578868988714
2.52,4,0.6344482942906904,0.3419007337713309,-0.6617416941406639,0.2829928777017193,1.111039461462567,0.3873027584140261,0.1597848102292464,-0.2081387911033259,2.191415039851892,0.3452044301355949,-0.9946537470555556
2.525,4,0.6394482942906903,0.34459520656641945,-0.6597778402968839,0.2837960956141221,1.1099863907816983,0.3982281874211047,0.16149808794198797,-0.21307815267607452,2.1787050906413556,0.34008430802740985,-0.9810595309579287
2.5300000000000002,4,0.6444482942906906,0.3472896793615083,-0.6577595194653005,0.28460781535650126,1.1089087940003401,0.4090892977500959,0.16318543112989167,-0.21794907618494105,2.165688199224445,0.33483087814189355,-0.9672791780818129
2.535,4,0.6494482942906905,0.34998415215659684,-0.6556870570603173,0.2854279055963336,1.1078070156191082,0.4198845641490818,0.16484617712319322,-0.2227506407947216,2.15236814924698,0.32944568812813985,-0.9533166279030347
2.54,4,0.6544482942906904,0.35267862495168545,-0.6535607860753003,0.2862562317070931,1.106681404693549,0.4306124802843743,0.16647967099037445,-0.2274819453675933,2.1387487243547754,0.3239302856352405,-0.9391758198974169
2.545,4,0.6594482942906903,0.355373097746774,-0.6513810469879897,0.2870926558069417,1.1055323147356555,0.4412715587405141,0.1680852655381622,-0.23214210846311098,2.1248337081936466,0.318286218312289,-0.9248606935407844
2.5500000000000003,4,0.6644482942906906,0.35806757054186283,-0.6491481876659068,0.2879370367974208,1.1043601036153794,0.45186033102027245,0.16966232131152909,-0.23673026833820912,2.1106268844094087,0.31251503380837764,-0.9103751883089616
2.555,4,0.6694482942906905,0.3607620433369514,-0.6468625632717636,0.28878923040214177,1.1031651334621446,0.4623773475446467,0.17121020659369293,-0.24124558294720155,2.0961320366478837,0.30661827977259976,-0.8957232436777712
2.56,4,0.6744482942906904,0.36345651613204,-0.6445245361688716,0.2896490892054782,1.1019477705663592,0.4728211776528652,0.172728297406117,-0.2456872299417808,2.0813529485548843,0.30059750385404754,-0.8809087991230401
2.565,4,0.6794482942906903,0.36615098892712855,-0.6421344758265506,0.2905164626912563,1.1007083852809298,0.48319040960238524,0.17421597750851045,-0.250054406671019,2.0662934037762266,0.2944542537018144,-0.8659357941205897
2.57,4,0.6844482942906902,0.36884546172221716,-0.6396927587255372,0.29139119728144663,1.0994473519227748,0.49348365056889354,0.17567263839882755,-0.2543463301813665,2.0509571859577296,0.288190076964992,-0.850808168146247
2.575,4,0.6894482942906905,0.371539934517306,-0.6371997682633944,0.29227313637485497,1.0981650486743355,0.5036995266463066,0.17709767931326806,-0.25856223721665483,2.0353480787452063,0.28180652129267364,-0.835529860675831
2.58,4,0.6944482942906904,0.37423440731239455,-0.6346558946599201,0.2931621203858137,1.0968618574850921,0.5138366828467663,0.1784905072262771,-0.2627013842180913,2.019469865784478,0.2753051343339532,-0.8201048111851719
2.585,4,0.6994482942906903,0.3769288801074831,-0.6320615348625556,0.29405798678287315,1.0955381639730746,0.5238937831006473,0.17985053685054528,-0.2667630473242656,2.003326330721356,0.26868746373792135,-0.8045369591500909
2.59,4,0.7044482942906902,0.3796233529025717,-0.6294170924517946,0.2949605701274929,1.0941943573263762,0.5338695102565519,0.18117719063700927,-0.2707465223711446,1.9869212572016606,0.26195505715367295,-0.7888302440464132
2.595,4,0.7094482942906906,0.38231782569766054,-0.6267229775465928,0.2958697021127324,1.0928308302046672,0.5437625660813126,0.1824698987748502,-0.2746511248920753,1.970258428871206,0.25510946223029923,-0.772988605349962
2.6,4,0.7144482942906905,0.3850122984927491,-0.6239796067097758,0.2967852116019428,1.0914479786407083,0.5535716712599887,0.18372809919149527,-0.27847619011778274,1.9533416293758115,0.2481522266168935,-0.7570159825365627
2.605,4,0.7194482942906903,0.3877067712878377,-0.6211874028534488,0.2977069246674582,1.0900462019418622,0.5632955653958724,0.18495123755261758,-0.2822210729763722,1.936174642361291,0.24108489796254856,-0.740916315082038
2.61,4,0.7244482942906902,0.39040124408292626,-0.6183467951444039,0.29863466462928634,1.0886259025916083,0.5729330070104797,0.1861387672621345,-0.2858851480933278,1.918761251473464,0.2339090239163582,-0.7246935424622134
2.615,4,0.7294482942906906,0.3930957168780151,-0.6154582189095306,0.2995682520938006,1.0871874861510544,0.5824827735435613,0.18729014946220987,-0.28946780979151177,1.9011052403581412,0.22662615212741313,-0.7083516041529111
2.62,4,0.7344482942906905,0.39579018967310364,-0.6125221155412249,0.3005075049924302,1.0857313611604518,0.5919436613530921,0.18840485303325244,-0.2929684720911676,1.883210392661145,0.21923783024480667,-0.6918944396299582
2.625,4,0.7394482942906904,0.39848466246819225,-0.6095389324027964,0.3014522386203526,1.0842579390407052,0.6013144857152789,0.18948235459391716,-0.2963865687099151,1.8650804920282915,0.2117456059176342,-0.675325988369179
2.63,4,0.7444482942906903,0.4011791352632808,-0.6065091227338781,0.3024022656751837,1.08276763399489,0.6105940808245579,0.1905221385011031,-0.29972155306275583,1.8467193221053948,0.20415102679498484,-0.6586501898463946
2.6350000000000002,4,0.7494482942906906,0.40387360805836964,-0.6034331455558355,0.30335739629566977,1.0812608629097613,0.6197812997935938,0.19152369684995624,-0.30297289826206925,1.82813066653827,0.19645564052595194,-0.641870983537429
2.64,4,0.7544482942906905,0.4065680808534582,-0.6003114655771753,0.3043174381003784,1.0797380452572698,0.6288750146532771,0.1924865294738672,-0.30614009711761286,1.8093183089727394,0.18866099475963136,-0.6249923089181098
2.645,4,0.7594482942906904,0.4092625536485468,-0.5971445530989542,0.3052821962263897,1.0781996029960739,0.6378741163527327,0.19341014394447237,-0.30922266213652577,1.790286033054613,0.18076863714511276,-0.6080181054642598
2.65,4,0.7644482942906903,0.41195702644363535,-0.5939328839201874,0.3062514733679875,1.0766459604730525,0.6467775147593113,0.19429405557165308,-0.31222012552332445,1.771037622429713,0.17278011533149054,-0.5909523126517057
2.6550000000000002,4,0.7694482942906906,0.4146514992387242,-0.5906769392432574,0.30722506981535097,1.0750775443248186,0.6555841386585951,0.19513778740353704,-0.31513203917990484,1.7515768607438515,0.16469697696785535,-0.573798869956263
2.66,4,0.7744482942906905,0.4173459720338128,-0.5873772055793247,0.3082027834932448,1.0734947833792325,0.6642929357543919,0.19594087022649656,-0.3179579747055417,1.7319075316428478,0.1565207697033026,-0.5565617168537664
2.665,4,0.7794482942906904,0.42004044482890135,-0.5840341746537338,0.3091844099997121,1.0718981085569146,0.6729028726687409,0.19670284256515022,-0.32069752339689,1.7120334187725177,0.1482530411869235,-0.5392447928200339
2.67,4,0.7844482942906903,0.4227349176239899,-0.5806483433114238,0.310169742644764,1.0702879527727585,0.6814129349419106,0.19742325068236147,-0.32335029624798317,1.6919583057786758,0.13989533906781187,-0.5218520373308928
2.6750000000000003,4,0.7894482942906906,0.42542939041907873,-0.5772202134223369,0.31115857248907186,1.0686647508374438,0.6898221270323992,0.19810164857923915,-0.32591592395023344,1.6716859763071397,0.13144921099505846,-0.504387389862162
2.68,4,0.7944482942906905,0.42812386321416734,-0.5737502917868275,0.31215068838265814,1.0670289393589505,0.69812947231693,0.1987375979951379,-0.3283940568924324,1.6512202140037289,0.12291620461775808,-0.48685478988967207
2.685,4,0.7994482942906904,0.4308183360092559,-0.5702390900410703,0.3131458770035877,1.0653809566440704,0.7063340130904595,0.1993306684076576,-0.33078436516075044,1.6305648025142576,0.11429786758500352,-0.469258176889246
2.69,4,0.8044482942906903,0.4335128088043445,-0.5666871245624701,0.31414392289665893,1.0637212425999212,0.7144348105661712,0.19988043703264383,-0.3330865385387378,1.609723525484542,0.10559574754588602,-0.451601490336705
2.695,4,0.8094482942906902,0.43620728159943306,-0.5630949163750703,0.3151446085120952,1.0620502386354596,0.7224309448754797,0.20038648882418753,-0.33530028650732296,1.5887001665604017,0.09681139214949992,-0.43388866970787626
2.7,4,0.8144482942906905,0.4389017543945219,-0.5594629910549607,0.3161477142442358,1.060368387562994,0.7303215150680279,0.20084841647462495,-0.33742533824481546,1.5674985093876452,0.08794634904493594,-0.41612365447857985
2.705,4,0.8194482942906904,0.44159622718961045,-0.555791878635689,0.31715301847022737,1.0586761334996981,0.7381056391116855,0.20126582041453858,-0.3394614426269013,1.5461223376120967,0.07900216588128943,-0.3983103841246452
2.71,4,0.8244482942906903,0.44429069998469906,-0.5520821135136664,0.31816029758871506,1.0569739217691232,0.7457824538925537,0.20163830881275505,-0.3414083682266479,1.5245754348795695,0.06998039030765112,-0.3804527981218944
2.715,4,0.8294482942906902,0.4469851727797876,-0.5483342343535788,0.319169326058534,1.0552621988027124,0.7533511152149618,0.20196549757634683,-0.3432659033144986,1.5028615848358844,0.060882569973115336,-0.36255483594615057
2.72,4,0.8344482942906906,0.44967964557487644,-0.544548783993794,0.3201798764373998,1.0535414120413127,0.760810797801471,0.20224701035063328,-0.3450338558582803,1.4809845711268494,0.051710252526772284,-0.3446204370732338
2.725,4,0.8394482942906905,0.452374118369965,-0.5407263093517733,0.32119171942060076,1.0518120098366888,0.7681606952928655,0.20248247851917675,-0.34671205352319545,1.4589481773982913,0.04246498561771888,-0.3266535409789817
2.73,4,0.8444482942906903,0.4550685911650536,-0.5368673613294769,0.3222046238796885,1.0500744413530354,0.7754000202481637,0.2026715412037874,-0.348300343671827,1.4367561872960195,0.03314831689504326,-0.308658087139204
2.735,4,0.8494482942906902,0.45776306396014216,-0.5329724947187744,0.32321835690116896,1.048329156468492,0.782528004144612,0.20281384526451995,-0.3497985933641378,1.4144123844658507,0.02376179400784182,-0.2906380150297321
2.74,4,0.8544482942906906,0.460457536755231,-0.5290422681068541,0.3242326838251945,1.0465766056766532,0.7895438973776857,0.20290904529967355,-0.3512066893574685,1.3919205525536036,0.014306964605205278,-0.27259726412638813
2.745,4,0.8594482942906905,0.4631520095503196,-0.5250772437816311,0.3252473682842541,1.0448172399880853,0.7964469692610876,0.20295680364579444,-0.3525245381065389,1.3692844752050979,0.004785376336228485,-0.2545397739049994
2.75,4,0.8644482942906904,0.46584648234540815,-0.5210779876371571,0.3262621722418654,1.043051510831836,0.8032365080267522,0.202956790377674,-0.35375206576344825,1.3465079360661443,-0.004801423149999388,-0.2364694838413859
2.755,4,0.8694482942906903,0.4685409551404967,-0.5170450690790275,0.32727685603126566,1.0412798699569497,0.8099118208248407,0.20290868330834744,-0.3548892181776749,1.3235947187825639,-0.01445188620438143,-0.21839033341137604
2.7600000000000002,4,0.8744482942906906,0.47123542793558554,-0.5129790609297915,0.32829117839410243,1.0395027693339798,0.8164722337237469,0.2028121679890981,-0.3559359608960776,1.300548607000166,-0.02416446517782847,-0.2003062620907867
2.765,4,0.8794482942906905,0.47392990073067415,-0.5088805393343615,0.3293048965191261,1.0377206610565022,0.8229170917100885,0.20266693770945238,-0.3568922791628914,1.2773733843647737,-0.033937612421245655,-0.1822212093554504
2.77,4,0.8844482942906904,0.4766243735257627,-0.5047500836654214,0.3303177660808793,1.0359339972426285,0.8292457586887155,0.20247269349718394,-0.35775817791973324,1.2540728345222043,-0.043769780285539184,-0.1641391146811871
2.775,4,0.8894482942906903,0.4793188463208513,-0.5005882764288334,0.33132954127839026,1.0341432299365179,0.8354576174827087,0.2022291441183113,-0.3585336818055983,1.2306507411182708,-0.05365942112161883,-0.14606391754382214
2.7800000000000002,4,0.8944482942906906,0.4820133191159401,-0.49639570316905046,0.332339974873862,1.032348811009891,0.8415520698333717,0.2019360060770968,-0.3592188351568599,1.2071108877987924,-0.06360498728039131,-0.12799955741917757
2.785,4,0.8994482942906905,0.4847077919110287,-0.49217295237452363,0.333348818231365,1.030551192063545,0.8475285364002467,0.20159300361605087,-0.35981370200727125,1.1834570582095811,-0.0736049311127623,-0.10994997378308378
2.79,4,0.9044482942906904,0.48740226470611725,-0.4879206153831094,0.33435582135552755,1.0287508243288623,0.8533864567610949,0.2011998687159284,-0.3603183660879643,1.1596930359964581,-0.08365770496964002,-0.09191910611135774
2.795,4,0.9094482942906903,0.49009673750120586,-0.48363928628748054,0.3353607329302275,1.026948158569328,0.8591252894119146,0.20075634109572912,-0.3607329308274522,1.1358226048052407,-0.09376176120193326,-0.07391089387982674
2.8000000000000003,4,0.9144482942906906,0.49279121029629464,-0.4793295618405339,0.33636330035728357,1.025143644982041,0.8647445117669268,0.20026216821269865,-0.3610575193516228,1.1118495482817399,-0.10391555216054715,-0.05592927656431291
2.805,4,0.9194482942906905,0.49548568309138324,-0.474992041360801,0.3373632697951458,1.0233377330992264,0.8702436201585869,0.199717105262328,-0.3612922744837477,1.0877776500717735,-0.11411753019638739,-0.03797819364064558
2.81,4,0.9244482942906904,0.4981801558864718,-0.47062732663785367,0.33836038619758757,1.02153087168975,0.8756221298375771,0.19912091517835454,-0.3614373587444757,1.0636106938211656,-0.12436614766036581,-0.02006158458464378
2.815,4,0.9294482942906903,0.5008746286815604,-0.46623602183771595,0.33935439335239664,1.0197235086606316,0.8808795749728077,0.19847336863275905,-0.36149295435183326,1.0393524631757265,-0.134659856903385,-0.0021833888721337763
2.82,4,0.9344482942906902,0.503569101476649,-0.4618187334082714,0.34034503392006626,1.017916090958556,0.8860155086514193,0.19777424403577065,-0.3614592632212285,1.0150067417812694,-0.14499711027635578,0.015652454021061284
2.825,4,0.9394482942906905,0.5062635742717378,-0.4573760699846713,0.3413320494724863,1.0161090644713886,0.891029502878781,0.19702332753586072,-0.3613365069654477,0.9905773132836156,-0.15537636013018485,0.03344200461911618
2.83,4,0.9444482942906904,0.5089580470668263,-0.4529086422947469,0.3423151805316347,1.0143028739296873,0.8959211485784926,0.19622041301974888,-0.3611249268946553,0.9660679613285825,-0.1657960588157758,0.051181323446204664
2.835,4,0.9494482942906903,0.511652519861915,-0.448417063064414,0.3432941666082685,1.0124979628082156,0.9006900555923815,0.1953653021123987,-0.36082478401639756,0.9414824695619829,-0.17625465868404053,0.0688664710265077
2.84,4,0.9544482942906902,0.5143469926570036,-0.4439019469230838,0.3442687462406153,1.0106947732274552,0.9053358526805031,0.1944578041770193,-0.36043635903559523,0.9168246216296361,-0.18675061208588364,0.08649350788419594
2.845,4,0.9594482942906906,0.5170414654520924,-0.43936391030907196,0.3452386570330646,1.0088937458551208,0.909858187521144,0.19349773631506584,-0.3599599523545517,0.892098201177357,-0.19728237137221288,0.10405849454344933
2.85,4,0.9644482942906905,0.5197359382471809,-0.43480357137500847,0.34620363569485796,1.0070953198076718,0.9142567267108204,0.19248492336623824,-0.35939588407295125,0.8673069918509672,-0.20784838889393548,0.12155749152844161
2.855,4,0.9694482942906903,0.5224304110422695,-0.43022154989324246,0.347163418078782,1.005299932551825,0.918531155764274,0.19141919790848305,-0.3587444939878514,0.8424547772962733,-0.21844711700196068,0.13898655936334964
2.86,4,0.9744482942906902,0.5251248838373581,-0.4256184671612554,0.3481177392198583,1.0035080198060693,0.9226811791144784,0.19030040025799022,-0.3580061415936938,0.8175453411591029,-0.22907700804719056,0.15634175857234509
2.865,4,0.9794482942906906,0.527819356632447,-0.42099494590706854,0.34906633337403487,1.0017200154421777,0.926706520112637,0.18912837846919744,-0.35718120608229736,0.7925824670852587,-0.23973651438054058,0.17361914967961303
2.87,4,0.9844482942906905,0.5305138294275354,-0.41635161019465095,0.3500089340568777,0.9999363513867207,0.9306069210281802,0.1879029883347863,-0.356270086342861,0.7675699387205764,-0.25042408835290764,0.19081479320931488
2.875,4,0.9894482942906904,0.533208302222624,-0.41168908532932946,0.3509452740822615,0.9981574575225792,0.934382143048768,0.18662409338568478,-0.3552732009619602,0.7425115397108547,-0.26113818231520725,0.20792474968564295
2.88,4,0.9944482942906903,0.5359027750177127,-0.4070079977631963,0.35187508560106195,0.9963837615904578,0.9380319662802906,0.1852915648910662,-0.3541909882235531,0.7174110537019229,-0.271877248618344,0.22494507963275961
2.8850000000000002,4,0.9994482942906906,0.5385972478128015,-0.4023089750005191,0.3527981001398456,0.9946156890903981,0.9415561897468664,0.18390528185834887,-0.3530239061089752,0.6922722643395861,-0.2826397396132246,0.24187184357484895
2.89,4,1.0044482942906905,0.54129172060789,-0.39759264550314943,0.3537140486395616,0.9928536631832916,0.9449546313908396,0.1824651310331964,-0.3517724322969395,0.6670989552696714,-0.2934241076507547,0.2587011020360806
2.895,4,1.0094482942906904,0.5439861934029786,-0.3928596385959321,0.3546226614942334,0.9910981045923923,0.9482271280727923,0.18097100689951875,-0.3504370641635409,0.641894910137986,-0.3042288050818447,0.2754289155406355
2.9,4,1.0144482942906903,0.5466806661980672,-0.3881105843721112,0.3555236685896497,0.9893494315048301,0.9513735355715257,0.1794228116794701,-0.3490183187822538,0.6166639125903551,-0.3150522842574002,0.29205134461268745
2.9050000000000002,4,1.0194482942906906,0.549375138993156,-0.38334611359874415,0.3564167993420551,0.9876080594731254,0.9543937285840778,0.17782045533345195,-0.3475167329239278,0.5914097462725898,-0.3258929975283309,0.30856444977641423
2.91,4,1.0244482942906905,0.5520696117882447,-0.37856685762210607,0.35730178273684216,0.9858744013166997,0.9572876007257122,0.1761638555601098,-0.34593286305679677,0.5661361948305051,-0.33674939724553954,0.3249642915559876
2.915,4,1.0294482942906904,0.5547640845833332,-0.3737734482731008,0.35817834736724213,0.9841488670233904,0.9600550645299181,0.17445293779633414,-0.34426728534646817,0.5408470419099285,-0.34761993575993533,0.34124693047558646
2.92,4,1.0344482942906903,0.5574585573784218,-0.36896651777266765,0.3590462214730166,0.9824318636509632,0.9626960514484235,0.1726876352172638,-0.3425205956559331,0.5155460711566606,-0.35850306542242655,0.35740842705938247
2.9250000000000003,4,1.0394482942906906,0.5601530301735106,-0.3641466986371934,0.3599051329791485,0.980723795228625,0.9652105118511735,0.17086788873627823,-0.34069340954555927,0.490237066216529,-0.3693972385839203,0.3734448418315597
2.93,4,1.0444482942906905,0.5628475029685992,-0.3593146235839193,0.36075480953453243,0.9790250626585388,0.9675984150263526,0.168993647005008,-0.3387863622730974,0.46492381073534256,-0.380300907595324,0.38935223531628776
2.935,4,1.0494482942906904,0.5655419757636877,-0.35447092543635006,0.3615949785506678,0.9773360636173338,0.9698597491803695,0.1670648664133242,-0.33680010879367,0.43961008835892873,-0.3912125248075426,0.40512666803774255
2.94,4,1.0544482942906903,0.5682364485587763,-0.3496162370296614,0.3624253672403486,0.9756571924576206,0.9719945214378604,0.16508151108934618,-0.33473532375978515,0.41429968273309437,-0.40213054257148445,0.42076420052010083
2.945,4,1.0594482942906902,0.5709309213538649,-0.34475119111611163,0.3632457026563549,0.9739888401095043,0.9740027578416953,0.16304355289943875,-0.33259270152132775,0.38899637750366073,-0.4130534132380578,0.43626089328753737
2.95,4,1.0644482942906905,0.5736253941489537,-0.3398764202704495,0.3640557117301442,0.972331393982097,0.9758845033529672,0.1609509714482097,-0.3303729561255604,0.36370395631644087,-0.42397958915817086,0.45161280686423216
2.955,4,1.0694482942906904,0.5763198669440422,-0.3349925567953218,0.36485512131054276,0.9706852378650309,0.9776398218510057,0.15880375407851646,-0.3280768213171298,0.33842620281725405,-0.43490752268272775,0.4668160017743548
2.96,4,1.0744482942906903,0.5790143397391309,-0.33010023262668364,0.3656436582024371,0.9690507518299709,0.9792687961333646,0.15660189587145734,-0.32570505053805526,0.3131669006519153,-0.44583566616263676,0.4818665385420872
2.965,4,1.0794482942906902,0.5817088125342195,-0.3252000792392057,0.366421049205464,0.9674283121321299,0.9807715279158258,0.15434539964637953,-0.3232584169277395,0.2879298334662419,-0.45676247194880715,0.49676047769160225
2.97,4,1.0844482942906906,0.5844032853293083,-0.3202927275516857,0.3671870211527038,0.9658182911117787,0.9821481378324017,0.1520342759608734,-0.32073771332296114,0.26271878490605294,-0.46768639239214305,0.5114938797470716
2.975,4,1.0894482942906905,0.5870977581243968,-0.31537880783245564,0.3679413009493686,0.9642210570957619,0.9833987654353362,0.14966854311077812,-0.3181437522578849,0.23753753861716145,-0.47860587984355374,0.5260628052326781
2.98,4,1.0944482942906903,0.5897922309194854,-0.3104589496047887,0.3686836156114975,0.962636974299009,0.9845235691951013,0.1472482271301731,-0.3154773659640444,0.21238987824538472,-0.48951938665394745,0.5404633146725937
2.985,4,1.0994482942906902,0.592486703714574,-0.3055337815523127,0.36941369230464366,0.9610664027260488,0.9855227265003963,0.1447733617913887,-0.312739406370361,0.1872795874365398,-0.5004253651742283,0.554691468590995
2.99,4,1.1044482942906906,0.5951811765096628,-0.30060393142441477,0.37013125838256844,0.9595096980725222,0.9863964336581482,0.14224398860499615,-0.30993074510313,0.1622104498364418,-0.5113222677553045,0.5687433275120611
2.995,4,1.1094482942906905,0.5978756493047515,-0.2956700259416525,0.3708360414259323,0.9579672116266946,0.9871449058935173,0.13966015681981528,-0.3070522734860287,0.13718624909090588,-0.5222085467480865,0.5826149519599626
3.0,4,1.1144482942906904,0.60057012209984,-0.29073269070116237,0.3715277692809841,0.9564392901709704,0.9877683773498903,0.1370219234229108,-0.30410490254011185,0.11221076884575738,-0.5330826545034761,0.5963024024588762
3.005,4,1.1194482942906903,0.6032645948949286,-0.28579255008206805,0.37220617009825396,0.9549262758834054,0.9882671010888864,0.13432935313959155,-0.30108956298381473,0.08728779274679907,-0.543943043372384,0.6098017395329831
3.0100000000000002,4,1.1244482942906906,0.6059590676900174,-0.2808502271508867,0.37287097237124545,0.9534285062392176,0.9886413490903451,0.1315825184334129,-0.29800720523295054,0.06242110443986045,-0.5547881657057181,0.6231090237064476
3.015,4,1.1294482942906905,0.608653540485106,-0.275906343566947,0.3735219049751233,0.9519463139123061,0.9888914122523468,0.12878149950617587,-0.2948587994007117,0.037614487570750456,-0.5656164738543836,0.636220315503459
3.02,4,1.1344482942906904,0.6113480132801945,-0.27096151948778724,0.37415869720540884,0.9504800266767565,0.9890176003911941,0.12592638429792563,-0.2916453352976702,0.012871725785288302,-0.576426420169289,0.6491316754481837
3.025,4,1.1394482942906903,0.6140424860752831,-0.26601637347456764,0.374781078816668,0.9490299673083615,0.9890202422414159,0.12301726848695461,-0.2883678224317767,-0.011803397270710917,-0.5872164570013392,0.6618391640648029
3.0300000000000002,4,1.1444482942906906,0.6167369588703719,-0.26107152239748266,0.3753887800612049,0.9475964534861288,0.9888996854557782,0.12005425548979862,-0.28502729000836136,-0.03640709795143004,-0.5979850367014455,0.6743388418774913
3.035,4,1.1494482942906905,0.6194314316654606,-0.256127581341169,0.3759815317277506,0.9461797976937969,0.9886562966052697,0.11703745646124132,-0.2816247869301336,-0.06093559261104984,-0.6087306116205113,0.6866267694104193
3.04,4,1.1544482942906904,0.622125904460549,-0.2511851635101081,0.3765590651801566,0.9447803071213463,0.9882904611791122,0.11396699029431093,-0.27816138179718325,-0.08538509760375934,-0.6194516341094456,0.6986990071877702
3.045,4,1.1594482942906903,0.6248203772556377,-0.246244880134042,0.37712111239608526,0.9433982835665147,0.987802583584753,0.11084298362027921,-0.2746381629069757,-0.10975182928373316,-0.6301465565191547,0.7105516157337126
3.0500000000000003,4,1.1644482942906906,0.6275148500507265,-0.2413073403733822,0.37766740600570026,0.9420340233363087,0.9871930871478717,0.1076655708086656,-0.27105623825435815,-0.1340320040051665,-0.6408138312005478,0.7221806555724315
3.055,4,1.1694482942906905,0.6302093228458151,-0.23637315122461244,0.37819767933035886,0.9406878171485158,0.9864624141123772,0.10443489396723607,-0.26741673553155704,-0.1582218381222401,-0.6514519105045322,0.7335821872280976
3.06,4,1.1744482942906904,0.6329037956409036,-0.23144291742570344,0.37871166642130305,0.9393599500332213,0.9856110256404004,0.10115110294199864,-0.2637208021281756,-0.18231754798912653,-0.662059246782011,0.7447522712248794
3.065,4,1.1794482942906903,0.6355982684359922,-0.22651724136151985,0.3792091020983497,0.9380507012343174,0.984639401812312,0.09781435531720861,-0.2599696051311984,-0.206315349960021,-0.6726342923838965,0.7556869680869663
3.0700000000000003,4,1.1844482942906907,0.638292741231081,-0.22159672296922706,0.37968972198858353,0.9367603441110185,0.9835480416267024,0.09442481641536711,-0.2561643313249887,-0.23021146038910015,-0.6831754996610929,0.7663823383385288
3.075,4,1.1894482942906905,0.6409872140261696,-0.21668195964370462,0.3801532625650465,0.9354891460393743,0.9823374630003979,0.09098265929722031,-0.252306187191289,-0.25400209563055093,-0.6936813209645053,0.7768344425037355
3.08,4,1.1944482942906904,0.6436816868212583,-0.21177354614295052,0.3805994611854303,0.934237368313781,0.9810082027684527,0.08748806476176017,-0.24839639890922216,-0.27768347203855626,-0.7041502086450471,0.7870393411067736
3.085,4,1.1994482942906903,0.6463761596163468,-0.2068720744934922,0.38102805613076707,0.9330052660484968,0.9795608166841484,0.08394122134622375,-0.24443621235528856,-0.30125180596730505,-0.7145806150536224,0.7969930946718138
3.09,4,1.2044482942906902,0.6490706324114354,-0.2019781338957951,0.3814387866441215,0.9317930880791526,0.9779958794189901,0.0803423253260928,-0.24042689310336188,-0.32470331377096995,-0.7249709925411374,0.8066917637230308
3.095,4,1.2094482942906906,0.6517651052065242,-0.19709231062967136,0.38183139296928015,0.930601076864268,0.9763139845627211,0.07669158071509569,-0.23636972642470608,-0.34803421180373983,-0.7353197934585014,0.8161314087845973
3.1,4,1.2144482942906905,0.6544595780016128,-0.19221518795969028,0.3822056163894444,0.9294294683867634,0.9745157446233123,0.07298919926520588,-0.23226601728795668,-0.37124071641979567,-0.7456254701566196,0.8253080903806985
3.105,4,1.2194482942906903,0.6571540507967013,-0.18734734604058378,0.38256119926592136,0.9282784920554694,0.9726017910269603,0.0692354004666432,-0.2281170903591335,-0.39431904397332423,-0.7558864749863982,0.8342178690355029
3.11,4,1.2244482942906902,0.6598485235917899,-0.18248936182265907,0.3828978850768142,0.9271483706066467,0.9705727741180916,0.06543041154787065,-0.2239242900016296,-0.4172654108185085,-0.7661012602987463,0.8428568052731874
3.115,4,1.2294482942906906,0.6625429963868787,-0.17764180895720438,0.3832154184557141,0.9260393200054944,0.9684293631593671,0.06157446747559974,-0.2196889802762226,-0.4400760333095354,-0.7762682784445754,0.8512209596179329
3.12,4,1.2344482942906905,0.6652374691819674,-0.17280525770189847,0.38351354523039244,0.924951549347662,0.9661722463316654,0.05766781095478484,-0.21541254494106457,-0.4627471278005836,-0.7863859817747855,0.8593063925939081
3.125,4,1.2394482942906904,0.6679319419770559,-0.16798027482622213,0.38379201246149,0.9238852607607686,0.9638021307341051,0.05371069242862653,-0.21109638745169187,-0.48527491064583805,-0.7964528226402888,0.8671091647252919
3.13,4,1.2444482942906903,0.6706264147721445,-0.16316742351686286,0.384050568481209,0.9228406493059086,0.9613197423840262,0.04970337007857274,-0.20674193096101504,-0.5076555981994754,-0.8064672533919856,0.8746253365362568
3.1350000000000002,4,1.2494482942906906,0.6733208875672333,-0.15836726328312656,0.38428896293200543,0.9218179028791706,0.958725826217004,0.04564610982431148,-0.2023506183193234,-0.5298854068156887,-0.8164277263807942,0.8818509685509861
3.14,4,1.2544482942906905,0.6760153603623219,-0.15358034986234848,0.3845069468052781,0.9208172021131485,0.9560211460868394,0.04153918532378345,-0.1979239120742904,-0.551960552848659,-0.8263326939576126,0.8887821212936523
3.145,4,1.2594482942906904,0.6787098331574104,-0.14880723512529515,0.3847042724800632,0.9198387202784523,0.9532064847655667,0.03738287797317002,-0.19346329447096694,-0.5738772526525668,-0.8361806084733511,0.8954148552884283
3.15,4,1.2644482942906903,0.681404305952499,-0.14404846698157892,0.38488069376172085,0.9188826231852261,0.9502826439434379,0.03317747690690048,-0.18897026745178014,-0.5956317225815991,-0.845969922278918,0.9017452310594889
3.1550000000000002,4,1.2694482942906906,0.6840987787475878,-0.13930458928506517,0.38503596592063083,0.9179490690846556,0.94725044422895,0.02892327899764551,-0.1844463526565359,-0.6172201789899349,-0.8556990877252185,0.9077693091310148
3.16,4,1.2744482942906905,0.6867932515426765,-0.13457614173928312,0.38516984573088064,0.9170382085704867,0.9441107251488174,0.024620588856329572,-0.17989309142242887,-0.6386388382317669,-0.8653665571631618,0.9134831500271791
3.165,4,1.2794482942906904,0.6894877243377651,-0.12986365980282932,0.3852820915089592,0.9161501844805331,0.9408643451479892,0.02026971883211083,-0.17531204478401796,-0.6598839166612659,-0.874970782943653,0.9188828142721625
3.17,4,1.2844482942906903,0.6921821971328536,-0.12516767459478373,0.3853724631524461,0.9152851317981948,0.9375121815896363,0.015870989012402473,-0.1707047934732516,-0.6809516306326229,-0.8845102174176005,0.9239643623901315
3.1750000000000003,4,1.2894482942906906,0.6948766699279424,-0.1204887128001112,0.3854407221787036,0.9144431775539669,0.9340551307551677,0.0114247272228613,-0.16607293791945502,-0.7018381965000207,-0.8939833129359113,0.9287238549052692
3.18,4,1.2944482942906905,0.697571142723031,-0.11582729657507673,0.3854866317635681,0.9136244407269549,0.9304941078442192,0.006931269027385484,-0.16141809824933098,-0.7225398306176462,-0.9033885218494949,0.9331573523417463
3.185,4,1.2994482942906904,0.7002656155181196,-0.11118394345265081,0.3855099567800412,0.912829032146388,0.9268300469746514,0.0023909577281222183,-0.15674191428696221,-0.7430527493396721,-0.9127242965092563,0.937260915223746
3.19,4,1.3044482942906903,0.7029600883132081,-0.1065591662479185,0.3855104638369808,0.9120570543931306,0.9230639011825564,-0.002195855634535999,-0.15204604555380918,-0.7633731690202915,-0.9219890892660998,0.9410306040754365
3.1950000000000003,4,1.3094482942906907,0.7056545611082969,-0.10195347296349044,0.3854879213177912,0.9113086017011979,0.9191966424222608,-0.006828812281952194,-0.14733217126871842,-0.7834973060136913,-0.9311813524709396,0.944462479420999
3.2,4,1.3144482942906905,0.7083490339033855,-0.09736736669490631,0.3854420994191182,0.9105837598592634,0.9152292615663078,-0.011507545697243608,-0.14260199034790327,-0.8034213766740358,-0.9402995384746758,0.9475526017846063
3.205,4,1.3194482942906904,0.7110435066984742,-0.0928013455360518,0.38537277018953475,0.9098826061121827,0.9111627684054834,-0.016231681625282407,-0.13785722140496626,-0.8231415973555326,-0.9493420996282219,0.950297031690435
3.21,4,1.3244482942906903,0.7137379794935627,-0.08825590248456294,0.3852797075682365,0.9092052090624938,0.906998191648794,-0.021000838072693415,-0.1330996027508869,-0.8426541844123481,-0.9583074882824778,0.9526918296626601
3.215,4,1.3294482942906902,0.7164324522886513,-0.08373152534723027,0.3851626874237316,0.9085516285719395,0.9027365789234768,-0.025814625307859492,-0.1283308923940227,-0.8619553541986733,-0.967194156788358,0.9547330562254583
3.22,4,1.3344482942906906,0.7191269250837401,-0.07922869664541687,0.3850214875925313,0.9079219156629762,0.898378996775001,-0.030672645860914016,-0.12355286804010912,-0.8810413230686952,-0.9760005574967696,0.9564167719030086
3.225,4,1.3394482942906905,0.7218213978788287,-0.07474789352046429,0.38485588791784237,0.9073161124202892,0.8939265306670592,-0.03557449452374994,-0.11876732709226036,-0.8999083073765821,-0.9847251427586117,0.9577390372194754
3.23,4,1.3444482942906903,0.7245158706739172,-0.07028958763909399,0.38466567028825804,0.9067342518923036,0.889380284981585,-0.040519758350007734,-0.11397608665097562,-0.9185525234765295,-0.9933663649248006,0.958695912699048
3.235,4,1.3494482942906902,0.7272103434690058,-0.06585424509882787,0.38445061867644786,0.9061763579927005,0.8847413830187205,-0.04550801665508771,-0.10918098351412692,-0.9369701877227261,-1.0019226763462385,0.959283458865899
3.24,4,1.3544482942906906,0.7299048162640946,-0.061442326333388864,0.38421051917785076,0.9056424454019238,0.8800109669968553,-0.050538841016147265,-0.10438387417696325,-0.9551575164693425,-1.0103925293738327,0.9594977362441992
3.245,4,1.3594482942906905,0.7325992890591833,-0.05705428601811435,0.3839451600493651,0.905132519468704,0.8751901980526029,-0.055611795272089495,-0.0995866348321242,-0.973110726070572,-1.0187743763584944,0.9593348053581294
3.25,4,1.3644482942906904,0.7352937618542719,-0.052690572975359395,0.38365433174804087,0.9046465761115602,0.8702802562408036,-0.06072643552357843,-0.09479116136961761,-0.990826032880591,-1.0270666696511268,0.9587907267318584
3.255,4,1.3694482942906903,0.7379882346493604,-0.0483516300799155,0.3833378269697696,0.9041846017203191,0.8652823405345247,-0.06588231013303229,-0.08999936937683116,-1.0082996532535804,-1.0352678616026372,0.957861560889569
3.2600000000000002,4,1.3744482942906906,0.7406827074444492,-0.04403789416440429,0.382995440687977,0.9037465730576287,0.8601976688250703,-0.07107895972462197,-0.08521319413854188,-1.0255278035437376,-1.0433764045639364,0.9565433683554382
3.265,4,1.3794482942906905,0.7433771802395378,-0.039749795924704734,0.3826269701923134,0.9033324571604673,0.8550274779219686,-0.07631591718427208,-0.08043459063689053,-1.0425067001052308,-1.0513907508859262,0.9548322096536325
3.27,4,1.3844482942906904,0.7460716530346264,-0.035487759825345244,0.38223221512734507,0.90294221124166,0.849773023552975,-0.08159270765966697,-0.07566553355140919,-1.0592325592922511,-1.0593093529195174,0.9527241453083369
3.275,4,1.3894482942906903,0.7487661258297149,-0.031252204004925344,0.38181097753124493,0.9025757825913919,0.8444355803640781,-0.08690884856023787,-0.0709080172590068,-1.0757015974589856,-1.0671306630156194,0.9502152358437264
3.2800000000000002,4,1.3944482942906906,0.7514605986248037,-0.02704354018151489,0.3813630618744855,0.9022331084787186,0.839016441919496,-0.0922638495571791,-0.06616405583396548,-1.0919100309596088,-1.0748531335251355,0.9473015417839672
3.285,4,1.3994482942906905,0.7541550714198924,-0.02286217355807063,0.3808882750985275,0.9019141160530821,0.8335169207016682,-0.09765721258343069,-0.0614356830479511,-1.1078540761483076,-1.0824752167989735,0.9439791236532468
3.29,4,1.4044482942906904,0.756849544214981,-0.018708502727838083,0.3803864266545144,0.9016187222458206,0.8279383481112762,-0.10308843183369369,-0.05672495237001038,-1.1235299493792732,-1.08999536518804,0.9402440419757397
3.295,4,1.4094482942906903,0.7595440170100695,-0.014582919579764098,0.37985732854195997,0.9013468336716846,0.8222820744672156,-0.10855699376442052,-0.05203393696656496,-1.1389338670066782,-1.0974120310432476,0.9360923572756168
3.3000000000000003,4,1.4144482942906906,0.7622384898051583,-0.010485809203910068,0.37930079534744254,0.9010983465303517,0.816549469006621,-0.11406237709382196,-0.04736472970141634,-1.1540620453847072,-1.1047236667154965,0.9315201300770466
3.305,4,1.4194482942906905,0.7649329626002469,-0.006417549796850497,0.3787166442832941,0.9008731465079324,0.8107419198848622,-0.11960405280185585,-0.042719443135752704,-1.1689107008675537,-1.1119287245556988,0.9265234209042243
3.31,4,1.4244482942906904,0.7676274353953355,-0.0023785125670917617,0.37810469522629353,0.9006711086784915,0.8048608341755153,-0.12518148413024296,-0.03810020952812674,-1.183476049809386,-1.1190256569147572,0.9210982902813106
3.315,4,1.4294482942906903,0.770321908190424,0.0016309383595262128,0.37746477075635554,0.9004920974055555,0.7989076378704113,-0.13079412658245337,-0.033509180834479506,-1.1977543085643991,-1.126012916143583,0.9152407987324883
3.3200000000000003,4,1.4344482942906907,0.7730163809855128,0.0056104460344169604,0.3767966961952238,0.9003359662436292,0.7928837758795958,-0.13644142792371283,-0.02894852870813956,-1.2117416934867762,-1.1328889545930827,0.9089470067819323
3.325,4,1.4394482942906905,0.7757108537806015,0.009559660780842694,0.3761002996451614,0.9002025578397063,0.7867907120313415,-0.14212282818100283,-0.024420444499791496,-1.2254344209306958,-1.1396522246141643,0.9022129749538151
3.33,4,1.4444482942906904,0.7784053265756901,0.013478240288495758,0.3753754120276429,0.9000917038347815,0.7806299290721608,-0.1478377596430591,-0.01992713925752179,-1.2388287072503406,-1.146301178557731,0.8950347637723117
3.335,4,1.4494482942906903,0.7810997993707786,0.017365849708102732,0.3746218671220424,0.9000032247653716,0.7744029286667887,-0.15358564686036946,-0.01547084372678514,-1.2519207687998979,-1.15283426877469,0.8874084337616011
3.34,4,1.4544482942906902,0.7837942721658672,0.021222161746006774,0.37383950160432977,0.899936929965018,0.7681112313981868,-0.15936590664517952,-0.011053808350415216,-1.2647068219335462,-1.1592499476159537,0.8793300454458577
3.345,4,1.4594482942906906,0.786488744960956,0.02504685675876217,0.37302815508575826,0.8998926174658042,0.7617563767675546,-0.16517794807148836,-0.006678303268626369,-1.2771830830054807,-1.1655466674324293,0.8707956593492627
3.35,4,1.4644482942906905,0.7891832177560446,0.028839622847726676,0.3721876701515554,0.8998700738998724,0.7553399231943129,-0.17102117247504742,-0.0023466183190169873,-1.289345768369874,-1.1717228805750197,0.8618013359959869
3.355,4,1.4694482942906903,0.7918776905511332,0.03260015595364629,0.37131789239961954,0.89986907440093,0.7488634480161137,-0.17689497345336613,0.001938936963443724,-1.301191094380913,-1.1777770393946354,0.8523431359102048
3.36,4,1.4744482942906902,0.7945721633462217,0.03632815995125471,0.3704186704792025,0.8998893825057684,0.7423285474888387,-0.18279873686570616,0.006176033346401561,-1.3127152773927788,-1.1837075962421806,0.8424171196160976
3.365,4,1.4794482942906906,0.7972666361413105,0.04002334674385921,0.3694898561296077,0.8999307500557734,0.735736836786591,-0.18873184083308664,0.010362321900133482,-1.3239145337596536,-1.1895130034685615,0.8320193476378295
3.37,4,1.4844482942906905,0.7999611089363992,0.04368543635793187,0.36853130421887875,0.8999929170984375,0.729089950001724,-0.19469365573827424,0.014495433997514932,-1.3347850798357292,-1.1951917134246932,0.8211458804995941
3.375,4,1.4894482942906904,0.8026555817314878,0.047314157037705695,0.3675428727824911,0.900075611788875,0.7223895401447988,-0.20068354422580048,0.018572981314065918,-1.3453231319751817,-1.200742178461475,0.8097927787255517
3.38,4,1.4944482942906903,0.8053500545265763,0.05090924533975738,0.36652442306204314,0.9001785502913344,0.7156372791446096,-0.2067008612019423,0.02259255582791954,-1.3555249065321922,-1.2061628509298141,0.797956102839883
3.3850000000000002,4,1.4994482942906906,0.8080445273216651,0.05447044622760677,0.3654758195439468,0.900301436680712,0.7088348578481877,-0.21274495383473668,0.026551729819820902,-1.3653866198609517,-1.2114521831806258,0.7856319133667653
3.39,4,1.5044482942906905,0.8107390001167537,0.05799751316630364,0.3643969299981223,0.9004439628440615,0.7019839860207898,-0.21881516155397246,0.030448055873149985,-1.374904488315645,-1.216608627564808,0.7728162708303751
3.395,4,1.5094482942906904,0.8134334729118423,0.06149020821701623,0.36328762551668103,0.9006058083821166,0.6950863923458985,-0.22491081605119084,0.034279066873891116,-1.3840747282504446,-1.2216306364332745,0.7595052357548873
3.4,4,1.5144482942906903,0.8161279457069308,0.0649483021316356,0.36214778055262803,0.9007866405107878,0.6881438244252258,-0.2310312412796957,0.03804227601067331,-1.392893556019542,-1.2265166621369281,0.7456948686644767
3.4050000000000002,4,1.5194482942906906,0.8188224185020196,0.06837157444734243,0.3609772729585433,0.9009861139626969,0.681158048778722,-0.23717575345453737,0.041735176774720356,-1.4013571879771236,-1.231265157026677,0.73138123008332
3.41,4,1.5244482942906905,0.8215168912971083,0.0717598135812253,0.3597759840252809,0.9012038708886669,0.6741308508445508,-0.24334366105252442,0.04535524295989474,-1.4094618404773704,-1.2358745734534315,0.7165603805355901
3.415,4,1.5294482942906904,0.8242113640921969,0.0751128169248515,0.3585437985206521,0.9014395407592518,0.667064034979121,-0.24953426481221835,0.048899928662672884,-1.4172037298744573,-1.240343363768096,0.7012283805454699
3.42,4,1.5344482942906903,0.8269058368872854,0.07843039093887183,0.3572806047281252,0.9016927402662482,0.6599594244570589,-0.2557468577339365,0.0523666682821529,-1.4245790725225729,-1.2446699803215764,0.6853812906371323
3.4250000000000003,4,1.5394482942906906,0.8296003096823742,0.08171235124759868,0.3559862944855095,0.901963073224199,0.6528188614712223,-0.2619807250797505,0.055752876520054506,-1.4315840847759085,-1.248852875464784,0.6690151713347414
3.43,4,1.5444482942906905,0.8322947824774628,0.0849585227336106,0.3546607632236507,0.902250130471915,0.6456442071326982,-0.26823514437348583,0.05905594838071886,-1.4382149829886344,-1.2528905015486234,0.6521260831624889
3.435,4,1.5494482942906904,0.8349892552725514,0.08816873963233507,0.35330391000512223,0.9025534897739828,0.6384373414708098,-0.27450938540072206,0.06227325917110299,-1.444467983514948,-1.2567813109240022,0.6347100866445432
3.44,4,1.5544482942906903,0.83768372806764,0.09134284562664285,0.35191563756291266,0.9028727157222838,0.6312001634331017,-0.2808027102087979,0.06540216450079518,-1.450339302709016,-1.260523755941828,0.6167632423050853
3.4450000000000003,4,1.5594482942906907,0.8403782008627287,0.09448069394143321,0.35049585233912167,0.9032073596375032,0.6239345908853468,-0.2871143731067988,0.06844000028199382,-1.455825156925035,-1.2641162889530069,0.5982816106682878
3.45,4,1.5644482942906905,0.8430726736578174,0.09758214743823401,0.3490444645236467,0.9035569594706435,0.6166425606115582,-0.29344362066556756,0.07138408272952067,-1.4609217625171922,-1.267557362308447,0.5792612522583236
3.455,4,1.5694482942906904,0.845767146452906,0.1006470787097914,0.34756138809288023,0.9039210397045325,0.6093260283139614,-0.29978969171770586,0.07423170836082484,-1.4656253358396687,-1.2708454283590591,0.5596982275993776
3.46,4,1.5744482942906903,0.8484616192479946,0.10367537017464967,0.3460465408483935,0.9042991112553522,0.601986968613021,-0.3061518173575668,0.0769801539959733,-1.4699320932466262,-1.2739789394557437,0.5395885972156104
3.465,4,1.5794482942906902,0.8511560920430831,0.106666914171761,0.34449984445563525,0.9046906713741312,0.5946273750474306,-0.31252922094125973,0.07962667675765071,-1.4738382510922707,-1.2769563479494073,0.5189284216312048
3.47,4,1.5844482942906906,0.8538505648381719,0.10962161305505991,0.34292122448261436,0.9050952035482775,0.5872492600741122,-0.31892111808664136,0.0821685140711539,-1.4773400257307847,-1.2797761061909703,0.49771376137034595
3.475,4,1.5894482942906905,0.8565450376332605,0.11253937928806435,0.3413106104386029,0.9055121774030708,0.5798546550682134,-0.32532671667333346,0.08460288366442954,-1.480433633516341,-1.2824366665313245,0.4759406769572005
3.48,4,1.5944482942906903,0.8592395104283491,0.11542013553845931,0.339667935812814,0.9059410486031989,0.5724456103231137,-0.33174521684270397,0.08692698356801395,-1.4831152908031304,-1.2849364813213853,0.453605228915941
3.485,4,1.5994482942906902,0.8619339832234376,0.11826381477269832,0.3379931381131026,0.9063812587542507,0.5650241950504232,-0.33817581099788047,0.08913799211508179,-1.4853812139453422,-1.2872740029120582,0.4307034777707547
3.49,4,1.6044482942906906,0.8646284560185264,0.12107036035058372,0.33628615890465435,0.9068322353042425,0.5575924973799741,-0.3446176838037438,0.09123306794142394,-1.4872276192971385,-1.289447683654246,0.40723148404579984
3.495,4,1.6094482942906905,0.8673229288136151,0.12383972611986416,0.3345469438486738,0.9072933914451214,0.5501526243598439,-0.3510700121869278,0.0932093499854466,-1.4886507232127268,-1.291455975898863,0.383185308265276
3.5,4,1.6144482942906904,0.8700174016087037,0.12657187651082602,0.3327754427410791,0.9077641260142881,0.5427067019563148,-0.3575319653358224,0.0950639574881916,-1.4896467420462756,-1.2932973319968128,0.3585610109533373
3.505,4,1.6194482942906903,0.8727118744037922,0.12926678663087976,0.33097160955119254,0.9082438233961017,0.5352568750539273,-0.36400270470056956,0.09679398999330462,-1.4902118921519925,-1.2949702042990083,0.3333546526341792
3.5100000000000002,4,1.6244482942906906,0.875406347198881,0.13192444235915313,0.32913540246043027,0.9087318534233984,0.5278053074554225,-0.3704813839930694,0.09839652734706093,-1.490342389884011,-1.2964730451563455,0.30756229383194955
3.515,4,1.6294482942906905,0.8781008199939696,0.1345448404410906,0.32726678390099595,0.9092275712789958,0.5203541818817862,-0.37696714918697727,0.09986862969836079,-1.490034451596569,-1.2978043069197391,0.28117999507085206
3.52,4,1.6344482942906904,0.8807952927890582,0.13712798858302666,0.32536572059456914,0.9097303173972247,0.5129056999722316,-0.3834591385176958,0.10120733749871128,-1.4892842936438213,-1.2989624419400991,0.2542038168750513
3.525,4,1.6394482942906903,0.8834897655841468,0.13967390554679626,0.3234321835909991,0.9102394173654154,0.5054620822841992,-0.3899564824823902,0.10240967150225595,-1.4880881323799544,-1.2999459025683266,0.22662981976872396
3.5300000000000002,4,1.6444482942906906,0.8861842383792355,0.14218262124431125,0.32146614830699394,0.9107541818254415,0.4980255682933599,-0.3964583038399775,0.1034726327657543,-1.486442184159151,-1.30075314115533,0.19845406427603873
3.535,4,1.6494482942906905,0.8888787111743242,0.14465417683216397,0.31946759456481316,0.9112739063752022,0.49059841639361224,-0.40296371761112754,0.10439320264858373,-1.4843426653356027,-1.3013826100520174,0.16967261092118066
3.54,4,1.6544482942906904,0.8915731839694128,0.14708862480620366,0.317436506630959,0.9117978714701577,0.48318290389708596,-0.40947183107826474,0.10516834281273535,-1.4817857922634836,-1.3018327616092968,0.14028152022833076
3.545,4,1.6594482942906903,0.8942676567645014,0.1494860290961405,0.3153728732548668,0.9123253423248323,0.47578132703413467,-0.4159817437855716,0.10579499522284116,-1.478767781296985,-1.302102048178075,0.11027685272165345
3.5500000000000003,4,1.6644482942906906,0.8969621295595902,0.15184646516013156,0.3132766877075982,0.9128555688143339,0.4683960009533429,-0.4224925475389846,0.10627008214613952,-1.4752848487902859,-1.3021889221092555,0.07965466892532147
3.555,4,1.6694482942906905,0.8996566023546787,0.15417002007937197,0.3111479478205252,0.913387785375859,0.46102925972153885,-0.4290033264061889,0.10659050615248614,-1.4713332110975685,-1.3020918357537543,0.0484110293635261
3.56,4,1.6744482942906904,0.9023510751497673,0.15645679265268397,0.3089866560240324,0.9139212109102134,0.45368345632376333,-0.43551315671662766,0.10675315011436827,-1.4669090845730284,-1.301809241462472,0.016541994560427677
3.565,4,1.6794482942906903,0.9050455479448559,0.15870689349112121,0.30679281938620434,0.9144550486833158,0.44636096266327485,-0.4420211070615046,0.10675487720689655,-1.4620086855708239,-1.3013395915863162,-0.015956374959786634
3.5700000000000003,4,1.6844482942906907,0.9077400207399448,0.16092044511253334,0.304566449651509,0.9149884862277221,0.4390641695615882,-0.4485262382937687,0.10659253090778611,-1.4566282304451579,-1.300681338476199,-0.04908801867295031
3.575,4,1.6894482942906905,0.9104344935350333,0.16309758203618274,0.30230756327950004,0.9155206952441366,0.431795486758438,-0.45502760352812777,0.10626293499738283,-1.4507639355502095,-1.2998329344830184,-0.08285687605488032
3.58,4,1.6944482942906904,0.9131289663301219,0.16523845087732558,0.30001618148350123,0.9160508315029101,0.42455734291177866,-0.4615242481410441,0.10576289355866031,-1.4444120172401658,-1.2987928319576887,-0.11726688658140187
3.585,4,1.6994482942906903,0.9158234391252105,0.16734321044180434,0.29769233026929875,0.9165780347455781,0.4173521855978051,-0.46801520977073485,0.10508919097720212,-1.4375686918692092,-1.2975594832511195,-0.1523219897283402
3.59,4,1.7044482942906902,0.918517911920299,0.16941203182063058,0.2953360404738353,0.9171014285863524,0.4101824813109314,-0.47449951831717163,0.10423859194121533,-1.4302301757915103,-1.2961313407142063,-0.18802612497152052
3.595,4,1.7094482942906906,0.9212123847153878,0.17144509848459422,0.2929473478039002,0.9176201204136436,0.40305071546381055,-0.4809761959420792,0.10320784144153441,-1.4223926853612647,-1.294506856697868,-0.22438323178677425
3.6,4,1.7144482942906905,0.9239068575104764,0.1734426063788338,0.2905262928748141,0.9181332012915805,0.39595939238731925,-0.48744425706893435,0.10199366477159806,-1.4140524369326712,-1.2926844835530094,-0.2613972496499142
3.605,4,1.7194482942906903,0.926601330305565,0.1754047640174491,0.2880729212491344,0.918639745861498,0.388911035330556,-0.4939027083829795,0.10059276752749527,-1.405205646859876,-1.290662673630534,-0.29907211803676353
3.61,4,1.7244482942906902,0.9292958031006536,0.1773317925780712,0.28558728347533197,0.919138812243488,0.3819081864608637,-0.5003505488311991,0.09900183560790617,-1.3958485314970863,-1.2884398792813518,-0.33741177642316195
3.615,4,1.7294482942906906,0.9319902758957423,0.17922392599645975,0.28306943512648763,0.9196294419378817,0.37495340686381373,-0.5067867696223325,0.09721753521413797,-1.3859773071984933,-1.2860145528563702,-0.3764201642849078
3.62,4,1.7344482942906905,0.934684748690831,0.18108141106111575,0.28051943683898883,0.9201106597267746,0.3680492765431841,-0.5132103542268853,0.09523651285013314,-1.3755881903182594,-1.2833851467064943,-0.41610122109784903
3.625,4,1.7394482942906904,0.9373792214859196,0.18290450750784026,0.2779373543512127,0.9205814735755389,0.361198394421009,-0.519620278377108,0.09305539532244972,-1.3646773972105755,-1.2805501131826353,-0.4564588863378006
3.63,4,1.7444482942906903,0.9400736942810082,0.18469348811434239,0.2753232585422217,0.9210408745343347,0.3544033783375328,-0.5260155100670055,0.0906707897402522,-1.3532411442296328,-1.2775079046356954,-0.4974970994805897
3.6350000000000002,4,1.7494482942906906,0.9427681670760969,0.18644863879482798,0.2726772254704533,0.9214878366396289,0.3476668650512466,-0.5323950095523442,0.08807928351534582,-1.341275647729614,-1.2742569734165827,-0.5392198000020333
3.64,4,1.7544482942906905,0.9454626398711855,0.1881702586945927,0.2699993364124136,0.9219213168157027,0.3409915102388517,-0.5387577293506357,0.08527744436214196,-1.3287771240646897,-1.270795771876208,-0.581630927377967
3.645,4,1.7594482942906904,0.9481571126662741,0.18985866028460963,0.26728967790136354,0.9223402547761598,0.3343799884952824,-0.5451026142411565,0.08226182029768314,-1.3157417895890466,-1.2671227523654778,-0.6247344210841994
3.65,4,1.7644482942906903,0.9508515854613627,0.19151416945612876,0.2645483417660167,0.9227435729254543,0.3278349933337185,-0.5514286012649268,0.07902893964162022,-1.3021658606568929,-1.2632363672352998,-0.6685342205965661
3.6550000000000002,4,1.7694482942906906,0.9535460582564516,0.1931371256152551,0.261775425169224,0.9231301762603887,0.3213592371855486,-0.5577346197247289,0.07557531101624289,-1.2880455536223694,-1.259135068836577,-0.7130342653908965
3.66,4,1.7744482942906905,0.95624053105154,0.19472788177753897,0.25897103064667126,0.9234989522716388,0.31495545140041153,-0.5640195911850955,0.0718974233464468,-1.2733770848397008,-1.2548173095202175,-0.7582384949429993
3.665,4,1.7794482942906904,0.9589350038466287,0.1962868046625933,0.256135266145566,0.9238487708452535,0.30862638624613936,-0.5702824294723191,0.0679917458597629,-1.258156670663045,-1.2502815416371276,-0.8041508487287079
3.67,4,1.7844482942906903,0.9616294766417173,0.19781427478864633,0.2532682450633279,0.9241784841641847,0.30237481090884494,-0.5765220406744408,0.06385472808631494,-1.2423805274465847,-1.245526217538223,-0.8507752662238435
3.6750000000000003,4,1.7894482942906906,0.9643239494368061,0.19931068656716355,0.2503700862862832,0.9244869266097868,0.2962035134928193,-0.5827373231412587,0.05948279985887894,-1.2260448715445194,-1.240549789574402,-0.8981156869042375
3.68,4,1.7944482942906905,0.9670184222318946,0.2007764483974307,0.24744091422835748,0.9247729146633352,0.29011530102062044,-0.5889271674843286,0.054872371312834976,-1.2091459193110317,-1.2353507100965766,-0.9461760502457108
3.685,4,1.7994482942906904,0.9697128950269832,0.2022119827611265,0.24448085886976212,0.9250352468075411,0.2841129994330058,-0.5950904565769554,0.050019832886194604,-1.1916798871002883,-1.2299274314556528,-0.9949602957240744
3.69,4,1.8044482942906903,0.9724073678220718,0.20361772631694663,0.241490055795685,0.9252727034280591,0.27819945358898657,-0.6012260655541988,0.044921555319577464,-1.1736429912664843,-1.2242784060025345,-1.044472362815174
3.6950000000000003,4,1.8094482942906907,0.9751018406171607,0.20499412999516664,0.23846864623498742,0.9254840467150035,0.2723775272657867,-0.6073328618128786,0.03957388965622681,-1.1550314481637982,-1.2184020860881322,-1.0947161909948144
3.7,4,1.8144482942906905,0.9777963134122492,0.20634165909224833,0.2354167770988928,0.9256680205644648,0.2666501031588701,-0.6134097050115632,0.0339731672420186,-1.1358414741464216,-1.2122969240633532,-1.1456957197388329
3.705,4,1.8194482942906904,0.9804907862073378,0.20766079336542076,0.2323346010196744,0.9258233504800164,0.2610200828819293,-0.6194554470705771,0.02811569972543734,-1.1160692855685366,-1.2059613722791087,-1.1974148885230425
3.71,4,1.8244482942906903,0.9831852590024264,0.20895202712728678,0.22922227638935372,0.9259487434742284,0.25549038696686205,-0.6254689321720062,0.021997779057594757,-1.0957110987843102,-1.1993938830862956,-1.2498776368232891
3.715,4,1.8294482942906902,0.985879731797515,0.21021586934039382,0.22607996739838065,0.9260428879701875,0.25006395486383665,-0.631448996759678,0.015615677492220384,-1.0747631301479412,-1.1925929088358285,-1.3030879041153711
3.72,4,1.8344482942906906,0.9885742045926037,0.21145284371184025,0.22290784407433878,0.92610445370301,0.2447437449412157,-0.6373944695391855,0.00896564758565947,-1.053221596013617,-1.1855569018786114,-1.3570496298751302
3.725,4,1.8394482942906905,0.9912686773876923,0.21266348878786523,0.21970608232062597,0.9261320916213373,0.2395327344856014,-0.6433041714778713,0.002043922196894178,-1.031082712735512,-1.1782843145655564,-1.411766753578381
3.73,4,1.8444482942906903,0.9939631501827809,0.21384835804843128,0.21647486395515045,0.9261244337888713,0.23443391970183972,-0.6491769158048337,-0.005153285512486949,-1.0083426966678173,-1.170773599247565,-1.4672432147009453
3.735,4,1.8494482942906902,0.9966576229778695,0.21500802000182417,0.21321437674901736,0.9260800932858776,0.22945031571298605,-0.6550115080109237,-0.012629782078273779,-0.9849977641646993,-1.1630232082755505,-1.523482952718662
3.74,4,1.8544482942906906,0.9993520957729584,0.21614305827923774,0.20992481446522393,0.9259976641107008,0.2245849565603317,-0.6608067458487495,-0.020389393733625142,-0.9610441315803614,-1.1550315940004126,-1.5804899071073444
3.745,5,0.0037977161465079234,0.03271020735419299,0.21725407172284034,0.2066063769033985,0.9258757211134647,0.2198408866163194,-0.6665614113821972,-0.028435924010904775,-0.9364870597051702,-1.1467888348160424,-1.6382233608368637
3.75,5,0.008797716146507817,0.07577583692246653,0.21834167407785804,0.2032592703111553,0.9257128218851234,0.21522095621439738,-0.6722740817664765,-0.036772144672524015,-0.911408072360248,-1.138214399591406,-1.6962660515157453
3.755,5,0.01379771614650771,0.11884146649074007,0.2194064920688626,0.19988370929146665,0.925507516623997,0.21072747612938778,-0.6779428093425988,-0.04539808972374808,-0.8859269430129276,-1.129192343059446,-1.7540118608063513
3.7600000000000002,5,0.018797716146508048,0.16190709605901743,0.22044916247396182,0.1964799196378518,0.9252583629505519,0.20636215692021131,-0.6835650654766214,-0.05431075591954973,-0.8601637320995651,-1.119606454257564,-1.8108532534740298
3.765,5,0.02379771614650794,0.20497272562729096,0.2214703291233025,0.19304814123963757,0.9249639410956695,0.20212610884360807,-0.6891377404797872,-0.06350410233872612,-0.8342385000565229,-1.1093405222231654,-1.8661826942841144
3.77,5,0.028797716146507835,0.2480383551955645,0.22247063989755986,0.18958863098723064,0.9246228690890281,0.19801984185413515,-0.6946571436085276,-0.0729690503839034,-0.8082713073201572,-1.0982783359936512,-1.9193926480019532
3.775,5,0.03379771614650773,0.29110398476383803,0.22345074372642643,0.18610166567739295,0.9242338179474833,0.1940432656041683,-0.7001190030644606,-0.08269348378153374,-0.7823822143268256,-1.086303684606425,-1.9698755793928902
3.7800000000000002,5,0.038797716146508066,0.3341696143321154,0.22441128758710122,0.18258754491851506,0.9237955268634485,0.19019568944390103,-0.7055184659943916,-0.09266224858189685,-0.7566912815128845,-1.0733003570988877,-2.0170239532222722
3.785,5,0.04379771614650796,0.37723524390038893,0.22535291350277845,0.1790465940358914,0.9233068183932764,0.1864758224213463,-0.7108500984903114,-0.10285715315909653,-0.7313185693146963,-1.0591521425084451,-2.0602302342554344
3.79,5,0.04879771614650785,0.42030087346866246,0.2262762555411373,0.17547916697699265,0.9227666136456397,0.18288177328233407,-0.7161078855894,-0.11325696821106596,-0.7063841381686168,-1.0437428298724987,-2.098886887257725
3.795,5,0.053797716146507746,0.463366503036936,0.22718193681283053,0.17188564921674085,0.9221739474699118,0.17941105047051284,-0.7212852312740228,-0.12383742675956412,-0.6820080485110042,-1.0269562082284511,-2.1323863769944866
3.8000000000000003,5,0.05879771614650808,0.5064321326052134,0.2280705664699737,0.16826646066278295,0.9215279836445474,0.17606056212734916,-0.7263749584717335,-0.1345712241501777,-0.6583103607782144,-1.0086760666137038,-2.1601211682310657
3.805,5,0.06379771614650798,0.5494977621734869,0.22894273670463408,0.16462205856076614,0.9208280300654643,0.1728266160921286,-0.7313693090552713,-0.1454280180523172,-0.6354111354066099,-0.9887861940656625,-2.1814837257327997
3.81,5,0.06879771614650787,0.5925633917417604,0.22979901974732014,0.16095294039961,0.9200735539344232,0.16970491990195397,-0.7362599438425634,-0.15637442845922273,-0.6134304328325466,-0.9671703796217287,-2.1958665142650355
3.815,5,0.07379771614650776,0.635629021310034,0.23063996486547034,0.15725964681678173,0.9192641969474092,0.16669058079174676,-0.7410379425967242,-0.16737403768796016,-0.5924883134923828,-0.9437124123193052,-2.202661998593116
3.8200000000000003,5,0.0787977161465081,0.6786946508783114,0.2314660953619423,0.1535427645035698,0.9183997904830126,0.16377810569424625,-0.7456938040260549,-0.17838739037942306,-0.5727048378224745,-0.9182960811957925,-2.201262643482385
3.825,5,0.083797716146508,0.7217602804465849,0.23227790557350173,0.14980292911035908,0.9174803707908095,0.16096140124001082,-0.7502174457840428,-0.18937199349832876,-0.5542000662591836,-0.890805175288598,-2.191060913698185
3.83,5,0.08879771614650789,0.7648259100148584,0.2330758578693119,0.14604082815190317,0.9165061941797429,0.15823377375741626,-0.7545982044693635,-0.20028231633322424,-0.5370940592388664,-0.861123483635122,-2.17144927400586
3.835,5,0.09379771614650778,0.807891539583132,0.23386037964942236,0.14225720391259947,0.9154777522065035,0.15558792927265674,-0.7588248356258791,-0.21106979049648225,-0.521506877197881,-0.8291347952727678,-2.141820189170754
3.84,5,0.09879771614650767,0.8509571691514055,0.23463186034325828,0.1384528563517633,0.9143957868639108,0.15301597350974475,-0.7628855137426386,-0.22168280992430225,-0.5075585805725854,-0.794722899238938,-2.1015661239582095
3.845,5,0.10379771614650801,0.8940227987196828,0.23539064840810944,0.1346286460089013,0.913261305769293,0.15050941189051067,-0.7667678322538786,-0.2320667308767113,-0.4953692297993369,-0.7577715845710321,-2.0500795431335654
3.85,5,0.1087977161465079,0.9370884282879564,0.2361370483276191,0.130785496908987,0.9120755973528697,0.1480591495346039,-0.7704588035390213,-0.24216387193756045,-0.4850588853144956,-0.7181646403064594,-1.986752911462174
3.855,5,0.1137977161465078,0.9801540578562299,0.23687131761027355,0.1269243994677329,0.9108402460461308,0.1456554912594912,-0.7739448589226775,-0.25191351401453027,-0.47674760755441853,-0.6757858554826195,-1.9109786937093742
3.86,6,0.002695849063078626,0.022691550104237485,0.23759366379019306,0.12304641339471646,0.9095571474523559,0.14328814585071092,-0.7772118526616734,-0.2612519334690015,-0.4705491209107491,-0.6305249349498426,-1.8221985115045407
3.865,6,0.007695849063078963,0.06477764167185208,0.23830424185061,0.11915267020185086,0.9082285202378152,0.1409464883050301,-0.7802453067952109,-0.27011443667410456,-0.4664550927134024,-0.5823855453085839,-1.720800940397755
3.87,6,0.012695849063078857,0.10686373323946294,0.23900315439635547,0.11524437314517597,0.9068568966953487,0.1386202850407379,-0.7830310882562951,-0.27844098640563575,-0.4643469942193731,-0.531474240588724,-1.6080294888847335
3.875,6,0.01769584906307875,0.1489498248070738,0.23969045438506864,0.11132279477762667,0.9054450934566594,0.13629991262135746,-0.785555613088834,-0.2861778987636936,-0.4641023406127263,-0.4779012685105154,-1.4851583578169747
3.88,6,0.022695849063078644,0.19103591637468467,0.24036614818826632,0.10738927419382222,0.9039961796454384,0.13397636003449168,-0.7878058485753366,-0.29327786085263313,-0.4655986470775276,-0.4217768767942148,-1.353461748045986
3.8850000000000002,6,0.02769584906307898,0.23312200794229926,0.24103019865346367,0.10344521427387238,0.9025134450223451,0.1316412286918229,-0.7897693132369132,-0.2996999307810675,-0.4687134287978433,-0.36321131316007343,-1.2142138604232622
3.89,6,0.032695849063078875,0.27520809950991015,0.2416825281662943,0.09949207892718595,0.9010003681299851,0.12928673242911384,-0.7914340768332748,-0.3054095376618658,-0.4733242009577383,-0.30231482532835846,-1.0686888958003349
3.895,6,0.03769584906307877,0.317294191077521,0.2423230217126309,0.09553139033627565,0.8994605844378887,0.1269056975062062,-0.7927887603627345,-0.31037848161215614,-0.4793084787412786,-0.2391976610193214,-0.9181610550287002
3.9,6,0.04269584906307866,0.35938028264513183,0.24295152994070562,0.09156472620056647,0.8978978544874902,0.12449156260702163,-0.7938225360622062,-0.3145849337533239,-0.4865437773325299,-0.17397006795321882,-0.7639045389598645
3.9050000000000002,6,0.047695849063079,0.40146637421274645,0.24356787222323045,0.08759371698020191,0.8963160320371059,0.12203837883956117,-0.7945251274072054,-0.3180134362110121,-0.4949076119155587,-0.10674229385030133,-0.6071935484453218
3.91,6,0.05269584906307889,0.4435524657803573,0.2441718397195174,0.08362004313985252,0.894719032206914,0.11954080973590621,-0.7948868091118484,-0.3206549021151204,-0.5042774976744292,-0.03762458643083766,-0.4493022843366073
3.915,6,0.057695849063078786,0.4856385573479682,0.24476319843759922,0.07964543239252068,0.8931107996239318,0.11699413125221714,-0.7948984071288533,-0.3225066155998069,-0.5145309497932077,0.033272806584921745,-0.291504947485214
3.92,6,0.06269584906307868,0.527724648915579,0.24534169229634967,0.07567165694334904,0.8914952765669957,0.11439423176873428,-0.7945512986495392,-0.32357223180348715,-0.5255454834559601,0.10583963747671998,-0.1350757387426496
3.9250000000000003,6,0.06769584906307902,0.5698107404831937,0.2459070461876039,0.0717005307334268,0.8898763711117388,0.11173761208977734,-0.7938374121038264,-0.32386177686883394,-0.537198613846753,0.17996565852430738,0.018711141039592503
3.93,6,0.07269584906307891,0.6118968320508045,0.24645896903827877,0.0677339066835981,0.8882579252755709,0.10902138544374645,-0.7927492271602369,-0.32339164794277764,-0.54936785614965,0.2555406220074138,0.16858149100997696
3.935,6,0.0776958490630788,0.6539829236184154,0.24699715687249346,0.0637736739382669,0.8866436831626561,0.10624327748312068,-0.7912797747258934,-0.3221846131765065,-0.561930725548718,0.3324542802057891,0.31326111031701115
3.94,6,0.0826958490630787,0.6960690151860263,0.24752129587368968,0.05982175510920541,0.8850372591088919,0.103401626284459,-0.7894226369465207,-0.32026981172546576,-0.5747647372280226,0.410596385399177,0.4514757981091872
3.9450000000000003,6,0.08769584906307903,0.7381551067536408,0.24803106544675219,0.05588010351936039,0.8834421058268878,0.1004953823483998,-0.7871719472064437,-0.3176827537493584,-0.5877474063716306,0.4898566898673275,0.5819513535350083
3.95,6,0.09269584906307893,0.7802411983212517,0.248526141280129,0.051950700446661446,0.8818614825509448,0.09752410859966196,-0.7845223901285898,-0.31446532041214537,-0.6007562481636053,0.5701249458899701,0.7034135757429452
3.955,6,0.09769584906307882,0.8223272898888625,0.24900619840795207,0.04803555236782611,0.8802984231820326,0.09448798038704316,-0.7814692015744871,-0.3106657638820447,-0.6136687777880137,0.6512909057468554,0.8145882638815017
3.96,6,0.10269584906307871,0.8644133814564734,0.2494709142721575,0.044136688202167984,0.8787557044327697,0.09138778548342112,-0.7780081686442648,-0.306338707331532,-0.6263625104289215,0.7332443217177264,0.9142012170991708
3.9650000000000003,6,0.10769584906307905,0.906499473024088,0.249919971784606,0.040256156555403294,0.8772358139724014,0.08822492408575285,-0.7741356296766533,-0.30154514493734,-0.6387149612703955,0.815874946082334,1.0009782345444527
3.97,6,0.11269584906307895,0.9485855645916988,0.25035306238920313,0.03639602296345906,0.8757409185717787,0.08500140881507597,-0.7698484742489854,-0.29635244188046045,-0.6506036454964991,0.8990725311204069,1.0736451153658237
3.975,6,0.11769584906307884,0.9906716561593097,0.25076988912402004,0.03255836713627816,0.8742728322483372,0.08171986471650684,-0.765144143177194,-0.2908343343461411,-0.6619060782912992,0.9827268291116955,1.1309276587117856
3.98,7,0.0038917545567627165,0.03170097878236757,0.25117016967562683,0.0287452801895839,0.8728329845653507,0.07838351925522864,-0.7600206439896353,-0.285070731316277,-0.672510057104262,1.0667116881249634,1.171755384294453
3.985,7,0.00889175455676261,0.07242936789323788,0.2515536389953496,0.02495886119904055,0.8714223976107218,0.0749959797261979,-0.7544768952211547,-0.27914330443039953,-0.6823848854488477,1.1507748857973579,1.1966726759289146
3.99,7,0.013891754556762947,0.11315775700411179,0.2519200501951045,0.021201211093334373,0.8700416970621762,0.07156087213540455,-0.7485132849776069,-0.273128333208922,-0.6915386729947055,1.2346041759024935,1.2069927764027315
3.995,7,0.01889175455676284,0.15388614611498208,0.25226917441281305,0.017474424953440544,0.8686911436679492,0.06808178081905993,-0.7421317643305664,-0.26709550873962135,-0.6999797668550161,1.317886944945484,1.2040336329268828
4.0,7,0.023891754556762734,0.1946145352258524,0.2526008006037389,0.013780584197306687,0.8673706661951771,0.06456224837780848,-0.7353358474190808,-0.2611079323742179,-0.7077165141429622,1.400310579431466,1.1891131927123504
4.005,7,0.028891754556762628,0.2353429243367227,0.25291473533181,0.010121748764516846,0.866079894378578,0.061005775676729095,-0.7281306114496718,-0.25522211572837766,-0.7147572619717257,1.4815624658655677,1.1635494029701154
4.01,7,0.03389175455676252,0.276071313447593,0.253210802560941,0.006499949300953749,0.8648181918691317,0.05741582184533471,-0.7205226966963365,-0.24948798068171155,-0.7211103574544888,1.5613299907529181,1.1286602109111579
4.015,7,0.038891754556762415,0.3167997025584633,0.25348884344635475,0.0029171793434614735,0.8635846891827599,0.0537958042775724,-0.7125203065005458,-0.24394885937777586,-0.7267841477044332,1.6393005405986463,1.0857635637464593
4.0200000000000005,7,0.043891754556763196,0.3575280916693408,0.2537487161259054,-0.0006246124954925741,0.8623783166490069,0.05014909863182261,-0.7041332072712431,-0.23864149422407088,-0.7317869798347421,1.7151615019078938,1.0361774086869904
4.025,7,0.04889175455676309,0.39825648078021114,0.2539902955113997,-0.004123530343152541,0.8611978373597198,0.0464790388309019,-0.6953727284848513,-0.23359603789204486,-0.7361272009585952,1.788600261185763,0.9812196929437499
4.03,7,0.05389175455676298,0.43898486989108143,0.2542134730799198,-0.007577738881815205,0.8600418801177283,0.04278891706205894,-0.686251762685263,-0.22883605331708826,-0.7398131581891759,1.859304204937396,0.92220836372771
4.035,7,0.058891754556762876,0.4797132590019517,0.25441815666514517,-0.0109854711641649,0.8589089723855252,0.03908198377697712,-0.6767847654838463,-0.22437851369853765,-0.7428531986396659,1.9269607196679217,0.8604613682498519
4.04,7,0.06389175455676277,0.520441648112822,0.2546042702486747,-0.014345036428611457,0.857797573233947,0.03536144769177395,-0.6669877555594441,-0.22023380249967464,-0.7452556694232475,1.991257191882469,0.7972966537211553
4.045,7,0.06889175455676266,0.5611700372236923,0.2547717537513489,-0.017654827914627663,0.8567061062908539,0.031630475787001025,-0.6568783146583734,-0.21640571344772602,-0.7470289176531023,2.0518810080861662,0.7340321673526023
4.05,7,0.07389175455676256,0.6018984263345626,0.25492056282457237,-0.02091333067808651,0.8556329926898099,0.027892193307644,-0.6464755875944258,-0.2128914505338636,-0.7481812904424125,2.108519554784143,0.671985856355172
4.055,7,0.07889175455676245,0.6426268154454329,0.2550506686416354,-0.02411912940659868,0.8545766840187635,0.024149683763122664,-0.6358002822488668,-0.20968162801320428,-0.7487211349043602,2.1608602184815275,0.6124756679398463
4.0600000000000005,7,0.08389175455676323,0.6833552045563105,0.2551620576890367,-0.027270916234850402,0.8535356952687274,0.02040598892729019,-0.6248746695704347,-0.2067602704048096,-0.7486567981521269,2.208590385683457,0.5568195493175958
4.065,7,0.08889175455676313,0.7240835936671808,0.25525473155780526,-0.030367498559938616,0.85250863778246,0.016664108838435873,-0.613722583575348,-0.20410481249168777,-0.7479966272988952,2.2513974428950423,0.5063354476994216
4.07,7,0.09389175455676302,0.7648119827780511,0.25532870673482255,-0.03340780685671173,0.8514942522031438,0.01292700179928109,-0.6023694213472935,-0.20168609932079043,-0.7467489694578466,2.288968776621422,0.46234131029629305
4.075,7,0.09889175455676291,0.8055403718889214,0.2553840143941448,-0.03639090249310467,0.8504914414230671,0.009197584376981963,-0.5908421430374343,-0.1994683862030149,-0.7449221717421635,2.320991773367725,0.42615508431919247
4.08,7,0.1038917545567628,0.8462687609997916,0.2554207001883251,-0.03931598554547691,0.849499303532304,0.005478731403128708,-0.5791692718644083,-0.1974093387132036,-0.7425245812650275,2.3471538196390798,0.3990947169790988
4.085,7,0.1088917545567627,0.8869971501106619,0.2554388240397355,-0.04218240261394979,0.8485171647673941,0.0017732759737456173,-0.5673808941143271,-0.19546003269014403,-0.7395645451396209,2.367142301940615,0.3824781554869935
4.09,7,0.11389175455676259,0.9277255392215322,0.2554384599318894,-0.04498965463774386,0.8475446124600237,-0.0019159905507088522,-0.5555086591407771,-0.1935649542365688,-0.7360504104791256,2.38064460677746,0.37762334705385847
4.095,7,0.11889175455676249,0.9684539283324025,0.25541969570076345,-0.04773740471051635,0.8465815279857051,-0.005586318545342292,-0.543585779364819,-0.1916619997191556,-0.7319905243967234,2.3873481206547424,0.385848238890672
4.1,8,0.0011272625364924238,0.008780051459241187,0.2553826328261241,-0.05042548589560496,0.8456281197121309,-0.009235000102177579,-0.5316470298600502,-0.18968247721788292,-0.7273931678253792,2.386941702447494,0.40846563529004454
4.105,8,0.006127262536493205,0.047724180156015136,0.2553273862427793,-0.05305390859797504,0.8446849543991123,-0.012859352843236395,-0.5197283882279335,-0.18755236442445955,-0.7222562583971561,2.379344772562725,0.44598300002652785
4.11,8,0.011127262536493099,0.08666830885278216,0.25525408442625175,-0.05562286183086264,0.8437529672729849,-0.016456624064338763,-0.5078649020000697,-0.1851997577052671,-0.7165561758824137,2.364955923288957,0.49723407217319154
4.115,8,0.016127262536492992,0.1256124375495492,0.255162869933404,-0.05813270436071831,0.8428334367463844,-0.020023932140643064,-0.4960893850352749,-0.18255942552462404,-0.7102666165172842,2.3442334498769024,0.5608440511820896
4.12,8,0.021127262536492886,0.16455656624631623,0.2550539000580195,-0.06058395329459558,0.8419279502046183,-0.023558263928487696,-0.48443235971611376,-0.17957301034958914,-0.7033612765379009,2.3176356475772746,0.6354381365052706
4.125,8,0.02612726253649278,0.20350069494308326,0.2549273474883974,-0.06297727262277016,0.8410383696356519,-0.027056474765391723,-0.4729220569488974,-0.17618902864996092,-0.6958138521803972,2.2856208116407877,0.719641527594783
4.13,8,0.031127262536492672,0.24244482363985032,0.25478340096494606,-0.06531346176135869,0.8401667972600946,-0.030515288470054875,-0.4615844161636833,-0.1723628708982775,-0.6875980396809058,2.2486472373181554,0.8120794239026753
4.135,8,0.036127262536492566,0.2813889523366173,0.2546222659377775,-0.06759344409493748,0.8393155411611861,-0.033931297342357544,-0.4504430853142754,-0.16805680156981695,-0.6786875352755607,2.2071732198600906,0.911377024880996
4.14,8,0.04112726253649246,0.32033308103338437,0.2544441652243014,-0.06981825551916118,0.8384870809147834,-0.037300962163360804,-0.439519420878224,-0.16323995914259695,-0.6690560352004945,2.1616570545173075,1.016159529981794
4.1450000000000005,8,0.04612726253649324,0.3592772097301583,0.254249339666819,-0.071989032983382,0.8376840332193458,-0.04062061219530696,-0.4288324878568242,-0.15788835609737403,-0.6586772356918388,2.11255703654051,1.1250521386571368
4.15,8,0.051127262536493134,0.39822133842692536,0.25403804879011777,-0.07410700303326678,0.8369091175259228,-0.043886445181617224,-0.418399059775123,-0.1519848789176473,-0.6475248329857305,2.06033146118043,1.2366800503590347
4.155,8,0.05612726253649303,0.43716546712369236,0.25381057145906466,-0.07617347035341818,0.8361651216681388,-0.04709452734689525,-0.408233618681908,-0.1455192880896529,-0.6355725233183009,2.005438623687773,1.349668464539555
4.16,8,0.06112726253649292,0.4761095958204594,0.25356720653620096,-0.07818980630999171,0.8354548674921808,-0.050240793396924784,-0.39834835514971545,-0.1384882181023676,-0.6227940029256834,1.948336819313251,1.4626425806507461
4.165,8,0.06612726253649281,0.5150537245172264,0.25330827353933594,-0.080157437493315,0.8347811764867835,-0.0533210465186702,-0.3887531682748278,-0.1308951774475079,-0.6091629680440115,1.8894843433075794,1.5742275981446565
4.17,8,0.07112726253649271,0.5539978532139935,0.2530341132991412,-0.08207783426050638,0.8341468354132167,-0.05633095838027657,-0.37945566567727407,-0.12275054861953008,-0.5946531149094179,1.8293394909214704,1.6830487164733354
4.175,8,0.0761272625364926,0.5929419819107605,0.2527450886167446,-0.08395249927809373,0.8335545619352706,-0.059266069131069604,-0.37046116350082975,-0.1140715881156302,-0.579238139758036,1.7683605574056387,1.7877311350888299
4.18,8,0.0811272625364925,0.6318861106075275,0.25244158492132446,-0.08578295606463321,0.8330069702492428,-0.06212178740155571,-0.3617726864130164,-0.10488242643574405,-0.5628917388259992,1.7070058380107973,1.8869000534431906
4.1850000000000005,8,0.08612726253649328,0.6708302393043015,0.2521240109277035,-0.0875707375333282,0.8325065367139243,-0.06489339030342242,-0.35339096760510114,-0.09521406808254541,-0.5455876083494374,1.6457336279876487,1.9791806709884798
4.19,8,0.09112726253649317,0.7097743680010685,0.25179279929394316,-0.08931737453464689,0.832055565480586,-0.06757602342953649,-0.34531444879210144,-0.08510439156145305,-0.5272994445644902,1.5850022225869291,2.063198187176714
4.195,8,0.09612726253649306,0.7487184966978355,0.2514484072789377,-0.09102438439894284,0.831656154122965,-0.07016470085394678,-0.33753928021277696,-0.07459814938062037,-0.5080009437072875,1.525269917059341,2.1375778014599582
4.2,8,0.10112726253649296,0.7876626253946026,0.2510913174000079,-0.09269325947907248,0.8313101592672503,-0.07265430513188238,-0.3300593206296352,-0.06374696805094214,-0.4876658020139628,1.4669950066555972,2.2009447132902626
4.205,8,0.10612726253649285,0.8266067540913696,0.2507220380904957,-0.09432545569301409,0.83101916222207,-0.07503958729975299,-0.3228661373289304,-0.05260934808605305,-0.46626771572064946,1.4106357866264123,2.2519241221196733
4.21,8,0.11112726253649274,0.8655508827881366,0.2503411043573579,-0.09592238106648666,0.830784434608477,-0.07731516687514901,-0.3159490061206626,-0.041250664002327325,-0.4437803810634804,1.3566505522224992,2.289141227400241
4.215,8,0.11612726253649264,0.9044950114849037,0.24994907843876046,-0.09748538427556852,0.8306069039899353,-0.0794755318568415,-0.309294911338579,-0.029743164318879068,-0.42017749427858897,1.305497598694572,2.3112212285840132
4.22,8,0.12112726253649253,0.9434391401816707,0.2495465504616725,-0.09901574318931608,0.8304871195023069,-0.08151503872478218,-0.3028885458401727,-0.018165971557562235,-0.39543275160210845,1.2576352212933444,2.316789325123038
4.225,8,0.12612726253649242,0.9823832688784377,0.24913413909946044,-0.10051465341238261,0.8304252174838375,-0.0834279124401034,-0.2967123110066835,-0.006605082242970372,-0.36951984927017206,1.2135217152695295,2.304470716469363
4.23,9,0.00273820448536366,0.02345723639745206,0.24871249222871142,-0.10198321683414464,0.8304208871328097,-0.08520824785216607,-0.2907463286255934,0.004846683617465357,-0.3424145389496237,1.1735980177879097,2.272964402114442
4.235,9,0.007738204485363553,0.06629048081516437,0.2482822874517889,-0.10342243131172095,0.8304733409860875,-0.08685009240744561,-0.28496913936612334,0.01609265218801349,-0.3141307407386274,1.137982734102799,2.2223398153525222
4.24,9,0.012738204485363447,0.10912372523287668,0.24784423176231207,-0.10483318759098509,0.8305813161708664,-0.08834767048826112,-0.27935959731688,0.02704035066475144,-0.2847160797529371,1.1065098310290884,2.1538765648474003
4.245,9,0.01773820448536334,0.151956969650589,0.24739906042517315,-0.10621627286079724,0.8307431038583868,-0.08969544973957305,-0.273897430114828,0.037603888732818745,-0.2542193395261218,1.0790034925582126,2.068895852141301
4.25,9,0.022738204485363234,0.1947902140683013,0.24694753575724546,-0.10757237514590252,0.8309565822833344,-0.09088814172400969,-0.2685632444769743,0.047703982085066085,-0.2226893035917505,1.0552879026816073,1.9687188787764498
4.255,9,0.027738204485363127,0.2376234584860136,0.246490445907795,-0.10890208770233122,0.8312192497738783,-0.0919207019218672,-0.26333852620036924,0.05726795242205527,-0.1901747554833922,1.035187245390707,1.8546668462950715
4.26,9,0.03273820448536302,0.28045670290372593,0.24602860363889215,-0.11020591341279895,0.8315282577817096,-0.09278832973110954,-0.25820564016210557,0.06622972745205924,-0.1567244787346158,1.018525704676947,1.7280609562393912
4.265,9,0.037738204485362914,0.32328994732143823,0.2455628451058232,-0.11148426918210691,0.83188044391208,-0.09348646846736856,-0.25314783031931903,0.07452984089106202,-0.12238725687899034,1.005127464531762,1.5902224101516345
4.2700000000000005,9,0.042738204485363696,0.36612319173915814,0.24509402863750218,-0.11273749033254228,0.8322723649538409,-0.09401080536394403,-0.24814921970918727,0.0821154324627601,-0.08721187345007854,0.9948167089465861,1.4424724095739985
4.275,9,0.04773820448536359,0.40895643615687044,0.24462303351688255,-0.11396583499927763,0.8327003299094807,-0.09435727157180326,-0.24319481044893343,0.08894024789855706,-0.05124711198146177,0.9874176219128575,1.2861321560487617
4.28,9,0.05273820448536348,0.45178968057458274,0.24415075876136863,-0.11516948852577236,0.8331604330251647,-0.09452204215958174,-0.23827048373582077,0.09496463893757177,-0.01454175600670287,0.9827543874220093,1.1225228511181238
4.285,9,0.057738204485363376,0.49462292499229504,0.24367812190322738,-0.11634856785917208,0.8336485868207728,-0.09450153611358267,-0.23336299984715636,0.10015556332663277,0.022855410940629112,0.9806511894654765,0.9529656963243095
4.29,9,0.06273820448536327,0.5374561694100074,0.24320605777000015,-0.11750312594570908,0.8341605551199383,-0.0942924163377771,-0.22845999814028997,0.10448658482027975,0.06089560532696522,0.980932212034694,0.778781893209544
4.295,9,0.06773820448536316,0.5802894138277197,0.2427355172649142,-0.11863315612610248,0.8346919860800865,-0.09389158965380397,-0.2235499970526143,0.10793787318076352,0.09953004361873663,0.9834216391210973,0.6012926433160525
4.3,9,0.07273820448536306,0.623122658245432,0.24226746614729452,-0.11973859653095845,0.8352384452224735,-0.09329620680096999,-0.21862239410156484,0.11049620417804598,0.13870994228237413,0.9879436547161208,0.42181914818606014
4.305,9,0.07773820448536295,0.6659559026631443,0.24180288381297532,-0.12081933447617046,0.835795448462224,-0.09250366243624976,-0.21366746588461988,0.11215495958980025,0.17838651778430892,0.9943224428112001,0.24168260936179178
4.3100000000000005,9,0.08273820448536373,0.7087891470808643,0.2413427620747117,-0.12187521085831972,0.8363584951383709,-0.09151159513428553,-0.20867636807929968,0.1129141272014105,0.218510986590979,1.0023821873977716,0.06220422838544053
4.315,9,0.08773820448536362,0.7516223914985766,0.2408881039425916,-0.12290602455007449,0.8369231010438927,-0.09031788738738793,-0.20364113544316995,0.11278030080597182,0.25903456516880136,1.0119470724672672,-0.1152947932007038
4.32,9,0.09273820448536352,0.7944556359162889,0.2404399224044471,-0.12391153679559158,0.837484831455753,-0.08892066560553491,-0.1985546818138366,0.11176668020429083,0.2999084699842139,1.0228412820111237,-0.28949325385444813
4.325,9,0.09773820448536341,0.8372888803340012,0.23999923920626612,-0.12489147560591576,0.8380393341649389,-0.08731830011637248,-0.1934108001089493,0.10989307120488512,0.34108391750364764,1.0348890000207758,-0.45906995203356754
4.33,9,0.1027382044853633,0.8801221247517135,0.23956708363260434,-0.12584554015438015,0.8385823725064989,-0.08550940516521442,-0.18820416232620035,0.10718588562398332,0.3825121241935338,1.0479144104876588,-0.6227036861958379
4.335,9,0.1077382044853632,0.9229553691694258,0.23914449128699666,-0.12677340517200641,0.8391098583895824,-0.08349283891504242,-0.18293031954332514,0.10367814128552535,0.4241443065203032,1.0617416974032075,-0.7790732547990331
4.34,9,0.11273820448536309,0.9657886135871381,0.23873250287236886,-0.127674725342905,0.8396178853274773,-0.08126770344650595,-0.17758570191810166,0.09940946202116199,0.4659316809503871,1.0761950447588569,-0.926857456300928
4.345,10,0.0010064446578885722,0.0047577520083564575,0.2383321629714455,-0.12854913969966372,0.8401027614675414,-0.07883334477719847,-0.1721676186305771,0.09442607713402086,0.507825387340172,1.0910988661619623,-1.064737220364237
4.3500000000000005,10,0.006006444657889354,0.028394183336525686,0.237944518797806,-0.1293962759307644,0.8405610418046093,-0.07618937721792662,-0.16667418488235647,0.08878014383473823,0.5497605877106296,1.1063254640513025,-1.1918379620093187
4.355,10,0.011006444657889247,0.052030614664690715,0.23757061851622577,-0.13021575339705535,0.8409895484123722,-0.0733358370069603,-0.16110386142343508,0.08252547331001617,0.5916369239600042,1.1218536019176113,-1.3082732260008696
4.36,10,0.01600644465788914,0.07566704599285574,0.2372115088160602,-0.13100718390944666,0.8413853698952868,-0.07027328132577675,-0.15545515778180272,0.07571477621621438,0.6333492517393607,1.1376763886106442,-1.4142897051016776
4.365,10,0.021006444657889034,0.09930347732102077,0.2368682322864531,-0.13177017191262752,0.8417458553274325,-0.06700279307759843,-0.1497266179412014,0.06839952974587966,0.6747924266997568,1.1537869329801536,-1.5101340920745074
4.37,10,0.026006444657888927,0.12293990864918579,0.23654182478772773,-0.1325043146573453,0.8420686080851917,-0.06352598088739249,-0.1439168203411244,0.06062997762774498,0.7158613044922496,1.1701783438758921,-1.596053079682124
4.375,10,0.03100644465788882,0.1465763399773508,0.23623331282277815,-0.13320920237268416,0.8423514796799308,-0.05984497910187082,-0.13802437787681612,0.05245513012672952,0.7564507407678969,1.1868437301476127,-1.672293360687291
4.38,10,0.036006444657888714,0.17021277130551585,0.23594371090846056,-0.13388441843834384,0.8425925635906818,-0.05596244778948999,-0.1320479378992723,0.043922764043938564,0.7964555911777563,1.2037762006450679,-1.7391016278527742
4.385,10,0.04100644465788861,0.19384920263368088,0.23567401894698445,-0.1345295395569185,0.8427901890968219,-0.05188157274045132,-0.12598618221523986,0.035079422716663665,0.8357707113728848,1.2209688642180103,-1.7967245739413378
4.39,10,0.0460064446578885,0.2174856339618459,0.235425219597304,-0.13514413592617536,0.8429429151107558,-0.04760606546670078,-0.11983782708721705,0.025970416018382507,0.8742909570043403,1.2384148297161923,-1.8454088917157458
4.3950000000000005,10,0.05100644465788928,0.24112206529001512,0.23519827564650922,-0.13572777141133363,0.843049524010596,-0.04314016320192832,-0.11360162323345212,0.01663982035875725,0.9119111837231867,1.2561072059893705,-1.8854012739387698
4.4,10,0.056006444657889176,0.2647584966181802,0.23499412738121744,-0.13628000371734283,0.8431090154728433,-0.038488628901570926,-0.10727635582794794,0.007130478683641271,0.9485262471804683,1.2740391018872905,-1.91694841337316
4.405,10,0.06100644465788907,0.2883949279463452,0.2348136899589643,-0.13680038456116222,0.843120600305069,-0.033656751242807995,-0.10086084450045532,-0.0025159995249308406,0.984031003027249,1.2922036262597085,-1.9402970027816886
4.41,10,0.06600644465788896,0.3120313592745102,0.23465785077959525,-0.13728845984403903,0.8430836942785944,-0.028650344624564388,-0.09435394333647738,-0.012259238248736698,1.0183203069145865,1.310593887956377,-1.9556937349271206
4.415,10,0.07100644465788886,0.33566779060267526,0.23452746685665676,-0.1377437698237874,0.8429979119611727,-0.023475749167509653,-0.08775454087726849,-0.02206009493336775,1.0512890144935385,1.3292029958270488,-1.9633853025722208
4.42,10,0.07600644465788875,0.3593042219308403,0.2344233621887876,-0.1381658492870671,0.8428630605496695,-0.01813983071405811,-0.08106156011983426,-0.03188066048822919,1.0828319814151623,1.3480240587214765,-1.9636183984797528
4.425,10,0.08100644465788864,0.3829406532590053,0.23434632513111003,-0.1385542277216624,0.8426791337027438,-0.012649980828368722,-0.07427395851693151,-0.04168425928654016,1.1128440633305152,1.3670501854894126,-1.9566397154124826
4.43,10,0.08600644465788854,0.40657708458717035,0.23429710576662122,-0.1389084294887606,0.842446305373529,-0.007014116796345209,-0.06739072797706831,-0.05143544916533356,1.141220115890655,1.3862744849806101,-1.942695946133173
4.4350000000000005,10,0.09100644465788932,0.4302135159153396,0.23427641327758447,-0.13922797399523107,0.842164923642314,-0.0012406816256349585,-0.06041089486450275,-0.06110002142545776,1.1678549947466432,1.4056900660448246,-1.922033783404586
4.44,10,0.09600644465788921,0.4538499472435046,0.23428491331692045,-0.13951237586590365,0.8418355045492235,0.004661355954366814,-0.05333351999924786,-0.07064500083156991,1.1926435555495285,1.425290037531802,-1.8948999199894927
4.445,10,0.1010064446578891,0.4774863785716696,0.2343232253795985,-0.13976114511584778,0.8414587259269,0.010682501492523328,-0.04615769865706418,-0.08003864561214602,1.215480653950373,1.4450675082912992,-1.861541048650655
4.45,10,0.106006444657889,0.5011228098998346,0.2343919201740279,-0.13997378732265103,0.8410354212331833,0.016812734815951975,-0.03888256056946473,-0.0892504474594744,1.2362611456002341,1.465015587173068,-1.8222038621508376
4.455,10,0.11100644465788889,0.5247592412279997,0.2344915169934492,-0.14014980379869796,0.8405665733837929,0.023041510030025525,-0.03150726992371376,-0.098251131529657,1.2548798861501695,1.4851273830268612,-1.7771350532528045
4.46,10,0.11600644465788879,0.5483956725561647,0.23462248108732536,-0.14028869176344874,0.8400533085850079,0.02935775551837199,-0.024031025362826773,-0.10701265644260965,1.2712317312512367,1.505396004702432,-1.726581314719321
4.465,10,0.12100644465788868,0.5720321038843297,0.23478522103273325,-0.14038994451571807,0.8394968901663484,0.0357498739428746,-0.016453059985570565,-0.11550821428206202,1.2852115365544925,1.525814561049532,-1.6707893393131508
4.47,10,0.12600644465788857,0.5956685352124947,0.2349800861057547,-0.1404530516059538,0.8388987124132563,0.042205742243672024,-0.008772641346463005,-0.12371223059555762,1.2967141577109953,1.546376160917915,-1.6100058197970595
4.4750000000000005,10,0.13100644465788935,0.619304966540664,0.23520736365286793,-0.14047749900851583,0.8382602943997762,0.048712711639159294,-0.000989071455771945,-0.13160036439445505,1.3056344503718034,1.5670739131573361,-1.544477448933799
4.48,10,0.13600644465788925,0.642941397868829,0.23546727646233864,-0.14046276929395474,0.8375832738212365,0.0552576076259832,0.0068983132204793835,-0.1391495081539227,1.3118672701879714,1.5879009266175421,-1.474450919486157
4.485,10,0.14100644465788914,0.666577829196994,0.23575998013561159,-0.14040834180129053,0.8368694008269302,0.06182672997904941,0.014890141760520727,-0.1463377878129469,1.3153074728105585,1.608850310148288,-1.400172924216887
4.49,10,0.14600644465788903,0.6902142605251591,0.23608556045870155,-0.14031369281029155,0.8361205318527956,0.06840585275151767,0.022987008786829098,-0.15314456277432653,1.3158499138906221,1.6299151725993277,-1.321890155888754
4.495,10,0.15100644465788893,0.7138506918533241,0.23644403077358486,-0.14017829571375304,0.8353386234540977,0.0749802242748029,0.031189474466130365,-0.15955042590467397,1.3133894490792197,1.6510886228204127,-1.2398493072645234
4.5,10,0.15600644465788882,0.7374871231814891,0.23683532934959048,-0.14000162118977608,0.8345257261381089,0.08153456715857554,0.039498064509399196,-0.16553720353441587,1.3078209340274087,1.672363769661296,-1.1542970711069582
4.505,10,0.16100644465788871,0.7611235545096542,0.2372593167547914,-0.1397831373740462,0.83368397819679,0.08805307829076114,0.04791327017185892,-0.17108795545779246,1.299039224386247,1.693733721971731,-1.0654801401788232
4.51,10,0.1660064446578886,0.7847599858378191,0.23771577322739582,-0.13952231003211218,0.8328155995394707,0.09451942883754057,0.05643554825298166,-0.1761869749328576,1.2869391758067916,1.7151915886014695,-0.9736452072428821
4.515,10,0.1710064446578885,0.8083964171659842,0.23820439604713858,-0.1392186027316649,0.8319228855255313,0.10091676424335004,0.06506532109648834,-0.18081978868147927,1.2714156439401,1.7367304784002644,-0.8790389650619039
4.5200000000000005,10,0.17600644465788928,0.8320328484941534,0.23872479690667237,-0.13887147701481578,0.8310082007970828,0.10722770423088213,0.07380297659035016,-0.18497315688934,1.2523634844372267,1.7583435002178724,-0.7819081063986312
4.525,10,0.18100644465788918,0.8556692798223184,0.2392764992829587,-0.13848039257037617,0.830073973111649,0.11343434280108129,0.08264886816678246,-0.18863507320593367,1.2296775529492352,1.7800237629040383,-0.6824993240158637
4.53,10,0.18600644465788907,0.8793057111504835,0.2398589358086597,-0.1380448074061354,0.8291226871748459,0.11951824823315078,0.09160331480225399,-0.19179476474457052,1.20325270512718,1.8017643753085184,-0.5810593106763511
4.535,10,0.19100644465788896,0.9029421424786485,0.24047144564352915,-0.13756417802113985,0.8281568784730639,0.12546046308454786,0.10066660101748072,-0.19444269208237366,1.1729837966221186,1.8235584462810657,-0.47783475914285684
4.54,10,0.19600644465788886,0.9265785738068135,0.24111327184580364,-0.13703795957797185,0.8271791271061478,0.13124150419098515,0.10983897687742734,-0.19657054926028028,1.1387656830851087,1.8453990846714328,-0.3730723621781443
4.545,10,0.20100644465788875,0.9502150051349786,0.24178355874359408,-0.13646560607502817,0.8261920516200787,0.13684136266643054,0.11912065799130726,-0.198171263783041,1.1004932201672077,1.8672793993293724,-0.2670188125449781
4.55,10,0.20600644465788864,0.9738514364631435,0.24248134930627674,-0.13584657051879895,0.8251983028396542,0.14223950390310725,0.12851182551258286,-0.19923899661922054,1.058061263519473,1.889192499104637,-0.1599208030061253
4.555,10,0.21100644465788854,0.9974878677913086,0.24320558251588473,-0.1351803050961463,0.8242005577011693,0.14741486757149375,0.13801262613896506,-0.19976914220119737,1.0113646687929623,1.9111314928469791,-0.05202502632434928
4.5600000000000005,11,0.004468588939293028,0.034314438166122736,0.24395509077964506,-0.1344662613640377,0.8232015130695545,0.15234591365915193,0.14762315258214392,-0.19975834581683669,0.9603395027034868,1.9330720071337573,0.05640625680524052
4.565,11,0.009468588939292921,0.07270959895657896,0.24472859885315518,-0.133703891080113,0.8222038789848528,0.1570113203528763,0.15734314751704587,-0.19920476724213804,0.9051490530070085,1.954893278406788,0.16502495044378213
4.57,11,0.014468588939292815,0.11110475974703518,0.2455247274777646,-0.13289264903307696,0.8212103701278534,0.1613908640084975,0.16717163028715779,-0.19810841315949376,0.8460344948759297,1.976441502247662,0.27345353582541654
4.575,11,0.019468588939292708,0.1494999205374914,0.24634199929211265,-0.1320319968378207,0.8202236964266386,0.165465527195048,0.1771068510707676,-0.19647117797255945,0.7832370727924254,1.9975628448358578,0.3813144680017336
4.58,11,0.0244685889392926,0.1878950813279476,0.24717884486323996,-0.13112140678126658,0.8192465536179612,0.16921749870397115,0.1871462908770606,-0.19429684380973272,0.7169980312386708,2.018103472350855,0.48823020202432327
4.585,11,0.029468588939292495,0.22629024211840384,0.24803360871770036,-0.1301603656682139,0.8182816138086195,0.17263017354912114,0.19728666154611954,-0.19159108052415322,0.6475586146968412,2.0379095509721328,0.593823192944776
4.59,11,0.03446858893929239,0.26468540290886006,0.24890455537267295,-0.12914837866718423,0.8173315160368347,0.17568815296676293,0.20752390574892446,-0.18836144569370264,0.5751600676491117,2.0568272468791693,0.6977158958146814
4.595,11,0.03946858893929228,0.3030805636993163,0.2497898753670742,-0.12808497315626702,0.8163988568336266,0.17837724441557257,0.21785319698735284,-0.18461738462100483,0.5000436345776572,2.074702726251444,0.7995307656856298
4.6000000000000005,11,0.04446858893929306,0.3414757244897793,0.2506876912926702,-0.12696970256896492,0.8154861807841897,0.18068446157663717,0.22826893959418149,-0.1803702303334247,0.4224505599646393,2.0913821552684393,0.8988902576092282
4.605,11,0.04946858893929296,0.37987088528023555,0.2515960638251879,-0.12580215024004,0.8145959710892704,0.18259802435345368,0.23876476873307895,-0.17563320358307163,0.3426220882922606,2.106711700109628,0.9954168266370318
4.61,11,0.05446858893929285,0.41826604607069173,0.25251299775542846,-0.12458193325135816,0.8137306401265424,0.18410735887193105,0.24933355039861674,-0.1704214128467949,0.2607994640426826,2.1205375269544917,1.0887329278206477
4.615,11,0.059468588939292744,0.456661206861148,0.2534364480203781,-0.12330870627773542,0.8128925200119833,0.18520309748038874,0.259967381416262,-0.16475185432618641,0.17722393169808068,2.13270580198251,1.1784610162116669
4.62,11,0.06446858893929264,0.4950563676516042,0.2543643257343211,-0.1219821654327832,0.8120838531612509,0.18587707874955706,0.27065758944237917,-0.15864341194758017,0.09213673574062962,2.143062691373162,1.2642235468616787
4.625,11,0.06946858893929253,0.5334515284420605,0.2552945042199511,-0.12060205211475386,0.8113067828510594,0.18612234747257725,0.28139473296423007,-0.15211685736205222,0.00577912065250518,2.151454361305926,1.3456429748222736
4.63,11,0.07446858893929242,0.5718466892325167,0.2562248250394835,-0.11916815685238619,0.8105633437805558,0.1859331546650013,0.29216860129997396,-0.14519484994542073,-0.08160766908411807,2.1577269779602815,1.422341755145041
4.635,11,0.07946858893929232,0.6102418500229728,0.25715310402576763,-0.11768032315075097,0.8098554526326963,0.1853049575647922,0.30296821459866746,-0.13790193679824586,-0.1697823889870645,2.1617267075157076,1.4939423428815712
4.64,11,0.08446858893929221,0.6486370108134291,0.2580771373133986,-0.11613845133709647,0.8091848986356224,0.18423441963232376,0.31378182384026476,-0.1302645527458298,-0.2585037945741592,2.163299716151683,1.5600671930834547
4.6450000000000005,11,0.08946858893929299,0.6870321716038921,0.2589947073698295,-0.11454250240669356,0.8085533341240368,0.1827194105503804,0.32459691083561915,-0.1223110203382153,-0.34753064136324285,2.1622921700476874,1.620338760802291
4.65,11,0.09446858893929289,0.7254273323943483,0.25990358902648303,-0.1128925018686826,0.8079622651005811,0.1807590062241582,0.3354001882264756,-0.11407154985019159,-0.4366216848721084,2.1585502353831987,1.6743795010896492
4.655,11,0.09946858893929278,0.7638224931848046,0.2608015555098642,-0.11118854359191702,0.8074130417972101,0.17835348878126336,0.3461775994854823,-0.10557823928128562,-0.5255356806185967,2.1519200783376973,1.7218118689971302
4.66,11,0.10446858893929267,0.8022176539752608,0.2616863844726722,-0.10943079365081007,0.8069068492365695,0.17550434657171327,0.35691431891618297,-0.0968650743557678,-0.6140313841205327,2.142247865090661,1.7622583195763242
4.665,11,0.10946858893929257,0.840612814765717,0.26255586402491193,-0.10761949417118008,0.806444697793372,0.17221427416793605,0.3675947516530184,-0.08796792852265056,-0.701867550895741,2.12937976182157,1.7953413078788207
4.67,11,0.11446858893929246,0.8790079755561733,0.2634077987650068,-0.1057549671760959,0.806027413755773,0.16848717236477084,0.3782025336613272,-0.07892456295568848,-0.7888029364620461,2.113161934709902,1.8206832889562103
4.675,11,0.11946858893929235,0.9174031363466294,0.26424001581091033,-0.10383761843172243,0.8056556298867477,0.1643281481794676,0.3887205317373451,-0.06977462655337804,-0.8745962963372732,2.0934405499351376,1.8379067178600828
4.68,11,0.12446858893929225,0.9557982971370856,0.2650503708312183,-0.10186794129316618,0.8053297759854664,0.15974351485168706,0.3991308435082054,-0.060559655938957964,-0.9590063860392474,2.0700617736767546,1.8466340496420286
4.6850000000000005,11,0.12946858893929303,0.9941934579275487,0.265836754076281,-0.09984652055032037,0.8050500694486719,0.1547407918435001,0.4094147974319405,-0.05132307546040712,-1.0417919610858075,2.0428717721142275,1.8464877393536363
4.69,12,0.004243844542787478,0.03514366992437805,0.2665970963896158,-0.09777403623718581,0.804816505910798,0.14932868163077817,0.4195529958316114,-0.042110104416996,-1.1227336520779818,2.011757272890806,1.837177684887514
4.695,12,0.009243844542787372,0.07654913326080594,0.2673293743716757,-0.09565126586945681,0.804628853272446,0.14351666332377436,0.42952606841674035,-0.03296613260966757,-1.2017506521416215,1.9768619306185615,1.8189676700665522
4.7,12,0.014243844542787265,0.11795459659723383,0.26803161265286607,-0.09347908132199158,0.8044866572842608,0.13731442745655661,0.439315720314431,-0.023934460984239615,-1.2788162438886226,1.9384296943269832,1.79233769450034
4.705,12,0.01924384454278716,0.15936005993366173,0.26870188464879663,-0.09125844289199223,0.804389253197883,0.13073179755483227,0.4489048775007595,-0.01505598810884316,-1.3539038336693061,1.8967047424852206,1.7577682524269622
4.71,12,0.024243844542787052,0.20076552327008962,0.2693383132251263,-0.08899039319454966,0.8043357777782902,0.12377873011255716,0.45827768684414777,-0.006369210080418841,-1.4269868278339937,1.8519312535624244,1.7157398380845037
4.715,12,0.029243844542786945,0.2421709866065175,0.26993907136240447,-0.08667605105818181,0.8043251813161536,0.11646531459193543,0.4674195161053636,0.0020897794752831812,-1.498038632733006,1.8043534060277446,1.6667329457110502
4.72,12,0.03424384454278684,0.2835764499429454,0.270502382820912,-0.0843166054203719,0.8043562396401936,0.10880177342341966,0.47631695393752027,0.01028728940370313,-1.5670326547166644,1.7542153783503316,1.6112280695446868
4.7250000000000005,12,0.03924384454278762,0.32498191327938064,0.27102652280550293,-0.0819133092231063,0.8044275661295356,0.10079846200570938,0.4849578098860787,0.018192031021473036,-1.633942300135302,1.7017613489993257,1.5497057038234872
4.73,12,0.044243844542787514,0.3663873766158085,0.271509818630445,-0.07946747330841449,0.8045376237260663,0.0924658687057568,0.49333111438884064,0.0257751181164112,-1.698740975339216,1.6472354964438962,1.4826463427855587
4.735,12,0.04924384454278741,0.4077928399522364,0.27195065038426164,-0.07698046031390476,0.8046847369467894,0.08381461485875825,0.5014271187759585,0.033010066947530545,-1.7614020866787394,1.5908819991531842,1.4105304806689758
4.74,12,0.0542438445427873,0.4491983032886643,0.27234745159457274,-0.07445367856830427,0.8048671038961817,0.0748554547681599,0.5092372952699287,0.03987279624503304,-1.8218990405041942,1.5329450355963397,1.3338386117118237
4.745,12,0.059243844542787194,0.4906037666250922,0.2726987098929362,-0.07188857598699677,0.8050828082785487,0.06559927570565627,0.5167543369855933,0.046341627210311036,-1.8802052431659007,1.4736687842425127,1.253051230152188
4.75,12,0.06424384454278709,0.5320092299615201,0.2730029676796889,-0.06928663396756099,0.8053298314103814,0.05605709791119034,0.5239721579301404,0.05239728351594733,-1.936294101014181,1.413297423560854,1.1686488302281532
4.755,12,0.06924384454278698,0.5734146932979479,0.27325882278878805,-0.06664936128530882,0.8056060642327112,0.046240074592953394,0.5308858930031037,0.05802289130571513,-1.9901390203993552,1.3520751320205135,1.0811119061778056
4.76,12,0.07424384454278687,0.6148201566343758,0.2734649291526524,-0.0639782879888236,0.8059093193234664,0.03615949192738519,0.5374918979963627,0.0632039791945781,-2.041713407671746,1.2902460880906412,0.9909209522392294
4.765,12,0.07924384454278677,0.6562256199708038,0.2736199974670037,-0.06127495929549845,0.8062373429098284,0.025826769059173808,0.5437877495941426,0.06792847826869032,-2.0909906691816724,1.2280544702403875,0.8985564626505101
4.7700000000000005,12,0.08424384454278755,0.697631083307239,0.2737227958557075,-0.058540929487074,0.806587826880587,0.015253458101253899,0.5497722453730153,0.07218672208539696,-2.137944211279466,1.1657444569388917,0.8044989316497162
4.775,12,0.08924384454278744,0.7390365466436669,0.27377215053561493,-0.0557777558051786,0.806958420798497,0.004451244134814121,0.5554454038018956,0.07597144667323145,-2.1825474403154295,1.103560226655326,0.7092288534749664
4.78,12,0.09424384454278734,0.7804420099800947,0.27376694648140343,-0.05298699234686373,0.8073467439126335,-0.006568054790714057,0.5608084642420468,0.07927779053192001,-2.2247737626398942,1.0417459578588297,0.6132267223643295
4.785,12,0.09924384454278723,0.8218474733165226,0.27370612809041833,-0.050170183960144145,0.8077503971707485,-0.017792487657649063,0.5658638869470772,0.08210329463237828,-2.264596584603181,0.9805458290185529,0.5169730325558901
4.79,12,0.10424384454278712,0.8632529366529506,0.273588699847514,-0.0473288601395357,0.8081669752316264,-0.02920997048006065,0.570615353062941,0.08444790241671257,-2.3019893125556097,0.9202040186036459,0.4209482782877337
4.795,12,0.10924384454278702,0.9046583999893785,0.2734137269898951,-0.044464528921593645,0.8085940784774402,-0.04080828630377046,0.5750677646279377,0.08631395979821949,-2.3369253528475027,0.8609647050832585,0.3256329537979458
4.8,12,0.11424384454278691,0.9460638633258063,0.27318033617195775,-0.04157867078045085,0.8090293250261074,-0.052575085206351464,0.5792272445727129,0.08770621516138606,-2.369378111829181,0.8030720669265418,0.2315075533246118
4.805,12,0.1192438445427868,0.9874693266622342,0.2728877161301308,-0.038672732523356054,0.8094703627436457,-0.06449788429712858,0.5831011367202577,0.08863181936188977,-2.3993209958509656,0.7467702826026448,0.1390525711058155
4.8100000000000005,13,0.0034868333393660578,0.00864618468930209,0.27253511834543154,-0.03574812119645401,0.8099148812399466,-0.07656407099452246,0.5866979910985853,0.08910030194732235,-2.426731170940074,0.6922866816831462,0.04872122244354581
4.815,13,0.008486833339365951,0.021044518431966534,0.27212185752450097,-0.03280619880405013,0.8103606225474939,-0.08876100166099744,0.5900271219106391,0.08912285549549784,-2.451624976234522,0.6396730404273532,-0.039317504121414514
4.82,13,0.013486833339365845,0.03344285217463097,0.2716473112390727,-0.029848280799321412,0.8108053856939738,-0.10107619283032812,0.5930977505541765,0.08871094813459897,-2.474042025605543,0.5888768299622396,-0.12506349359192415
4.825,13,0.018486833339365738,0.04584118591729541,0.27111091897974343,-0.02687563719983343,0.8112470270252443,-0.11349736052574524,0.5959188294184349,0.087876038264012,-2.4940222401923027,0.5398441444012484,-0.20851886040240702
4.83,13,0.02348683333936563,0.05823951965995986,0.2705121811579795,-0.02388949393502912,0.8116834601527304,-0.12601242037617547,0.5984990413632182,0.08662957371095094,-2.5116055411339646,0.49252107785782284,-0.28968571898728723
4.835,13,0.028486833339365525,0.0706378534026243,0.26985065810808817,-0.020891034193876022,0.8121126559005621,-0.13860948761624112,0.600846799718898,0.08498299173045781,-2.526831849569694,0.4468537244454061,-0.36856618378098877
4.84,13,0.03348683333936542,0.08303618714528874,0.2691259690891897,-0.017881399772513358,0.8125326422527147,-0.15127687708626056,0.6029702482864129,0.0829477190054024,-2.5397410866386556,0.40278817827744123,-0.4451623692179358
4.845,13,0.03848683333936531,0.09543452088795318,0.2683377912871882,-0.014861692421899261,0.812941504300147,-0.16400310323224782,0.6048772613372688,0.08053517164648243,-2.550373173480014,0.36027053346737126,-0.5194763897325521
4.8500000000000005,13,0.04348683333936609,0.10783285463061983,0.2674858588167435,-0.011832975195457378,0.8133373841879413,-0.17677688010591505,0.6065754436135391,0.07775675519222297,-2.5587680312329346,0.3192468841286322,-0.5915103597592745
4.855,13,0.04848683333936599,0.12023118837328427,0.26656996172324304,-0.008796273796726182,0.8137184810624417,-0.1895871213646634,0.6080721303278633,0.07462386460897849,-2.5649655810365797,0.27966332437468183,-0.6612663937325011
4.86,13,0.05348683333936588,0.13262952211594872,0.26558994498477245,-0.005752577927002914,0.8140830510183938,-0.20242294027159677,0.6093743871634495,0.07114788429092986,-2.5690057440301146,0.24146594831895582,-0.7287466060866692
4.865,13,0.058486833339365774,0.14502785585861316,0.264545707514088,-0.002702842632992898,0.8144294070460837,-0.21527364969551244,0.6104890102740723,0.06734018806008635,-2.570928441352705,0.20460085007489734,-0.7939531112562029
4.87,13,0.06348683333936567,0.1574261896012776,0.2634372011605875,0.0003520103455438364,0.8147559189784771,-0.22812876211090363,0.6114225262840737,0.06321213916628501,-2.5707735941435153,0.16901412375594935,-0.856888023675526
4.875,13,0.06848683333936556,0.16982452334394205,0.2622644297122821,0.0034110912281453826,0.8150610134383584,-0.24097798959795935,0.6121811922883627,0.05877509028719091,-2.5685811235417098,0.13465186347555508,-0.9175534577790622
4.88,13,0.07348683333936545,0.1822228570866065,0.2610274478977679,0.006473540846000797,0.8153431737854699,-0.2538112438425645,0.6127709958524159,0.054040383528296876,-2.5643909506864535,0.10146016334715774,-0.9759515280012361
4.885,13,0.07848683333936535,0.19462119082927093,0.2597263603881972,0.009538529294302947,0.8156009400636512,-0.2666186361362995,0.6131976550122766,0.04901935042292365,-2.5582429967169107,0.0693851174842002,-1.0320843487764717
4.89,13,0.08348683333936524,0.20701952457193537,0.25836132079925017,0.012605254584601322,0.8158329089479777,-0.2793904773764411,0.613466618274556,0.0437233119322199,-2.550177182772246,0.038372820000125686,-1.0859540345391925
4.8950000000000005,13,0.08848683333936602,0.219417858314602,0.2569325306931061,0.015672941297155435,0.8160377336919001,-0.29211727806596377,0.6135830646164319,0.0381635784451611,-2.540233429991622,0.008369365008372473,-1.137562699723832
4.9,13,0.09348683333936592,0.23181619205726645,0.2554402385804161,0.018740839233285476,0.8162141240743841,-0.30478974831353106,0.6135519034856494,0.03235144977855363,-2.5284516595142077,-0.020679153377606327,-1.1869124587647955
4.905,13,0.09848683333936581,0.2442145257999309,0.25388473892227276,0.02180822206772841,0.8163608463470482,-0.31739879783350927,0.613377774800521,0.026298215177028808,-2.5148717924791653,-0.04882664104437279,-1.2340054260965165
4.91,13,0.1034868333393657,0.25661285954259533,0.25226637113218287,0.024874386000988638,0.8164767231813043,-0.3299355359459581,0.6130650489499267,0.020015153313046763,-2.499533750025659,-0.07612700387848334,-1.2788437161534192
4.915,13,0.1084868333393656,0.2690111932852598,0.25058551857803874,0.027938648411691372,0.8165606336154957,-0.3423912715766332,0.6126178267933131,0.013513532286895539,-2.482477453292855,-0.10263414776649563,-1.3214294433699276
4.92,13,0.11348683333936549,0.2814095270279242,0.24884260758408966,0.03100034650893549,0.8166115130020372,-0.3547575132569859,0.6120399396606944,0.00680460962669106,-2.4637428234199166,-0.12840197859496574,-1.3617647221804654
4.925,13,0.11848683333936538,0.2938078607705887,0.24703810643291343,0.034058835984646346,0.8166283529545532,-0.3670259691241636,0.6113349493526518,-0.00010036771162290544,-2.443369781546009,-0.15348440225045118,-1.3998516670194572
4.93,13,0.12348683333936528,0.3062061945132531,0.24517252436738787,0.0371134896659286,0.8166102012950177,-0.3791885469210091,0.6105061481403339,-0.0071901633442746785,-2.4213982488102963,-0.17793532461950848,-1.4356923923213263
4.9350000000000005,13,0.12848683333936606,0.31860452825591973,0.24324641059266194,0.040163696167419674,0.8165561620008931,-0.3912373539960637,0.6095565587654563,-0.014453551459665988,-2.3978681463519393,-0.20180865158869876,-1.4692890125205025
4.94,13,0.13348683333936595,0.3310028619985842,0.24126035327812878,0.043208858543640316,0.8164653951522695,-0.40316469730355764,0.6084889344403023,-0.021879316818366877,-2.372819395310111,-0.22515828904457058,-1.5006436420513984
4.945,13,0.13848683333936584,0.3434011957412486,0.23921497855939505,0.046248392941350705,0.8163371168790033,-0.4149630834034238,0.6073057588477219,-0.029456254753123228,-2.346291916823972,-0.24803814287368514,-1.5297583953484446
4.95,13,0.14348683333936574,0.3557995294839131,0.23711094954025383,0.04928172725190125,0.8161705993078573,-0.4266252184612883,0.6060092461411325,-0.037173171168851916,-2.318325632032687,-0.2705021189625993,-1.556635386846064
4.955,13,0.14848683333936563,0.3681978632265775,0.23494896529465592,0.052308299763585725,0.8159651705096388,-0.4381440082484735,0.6046013409445188,-0.04501888254264186,-2.2889604620754196,-0.29260412319786905,-1.5812767309786808
4.96,13,0.15348683333936552,0.38059619696924196,0.23272975986868116,0.05532755781399437,0.8157202144463394,-0.4495125581419973,0.6030837183524324,-0.05298221592375411,-2.258236328091336,-0.31439806146605276,-1.6036845421807198
4.965,13,0.15848683333936542,0.3929945307119064,0.23045410128251015,0.058338956442366516,0.815435170918274,-0.46072417312457364,0.6014577839299925,-0.06105200893362177,-2.2261931512195994,-0.3359378396537063,-1.623860934886604
4.97,13,0.1634868333393653,0.40539286445457084,0.22812279053239565,0.06134195704194359,0.8151095355112199,-0.471772357784612,0.5997246737128854,-0.06921710976585026,-2.1928708525993756,-0.35727736364738694,-1.6418080235307584
4.9750000000000005,13,0.1684868333393661,0.4177911981972375,0.22573666059263364,0.06433602601232229,0.8147428595435559,-0.4826508163162199,0.597885254207364,-0.07746637718621831,-2.158309353369822,-0.3784705393336551,-1.657527922547609
4.98,13,0.173486833339366,0.43018953193990195,0.2232965754175367,0.0673206334118055,0.8143347500134016,-0.4933534525191948,0.59594012239025,-0.08578868053267268,-2.1225485746701156,-0.39957127259906045,-1.6710227463715743
4.985,13,0.17848683333936588,0.44258786568256636,0.22080342894340288,0.07029525160975816,0.8138848695457562,-0.5038743697990357,0.5938896057089307,-0.0941728997153363,-2.085628437639416,-0.4206334693301631,-1.6822946094370819
4.99,13,0.18348683333936577,0.45498619942523083,0.21825814409048888,0.07325935393895812,0.813392936339638,-0.5142078711669356,0.5917337620813613,-0.10260792521650305,-2.047588863416887,-0.4417110354135206,-1.6913456261785549
4.995,13,0.18848683333936567,0.46738453316789524,0.21566167176498127,0.0762124133479493,0.8128587241152235,-0.524348459239783,0.5894723798960643,-0.11108265809063879,-2.008469773141694,-0.46285787673568946,-1.6981779110304178
5.0,13,0.19348683333936556,0.4797828669105597,0.21301498986096784,0.07915390105339477,0.8122820620609863,-0.5342908362401628,0.5871049780121289,-0.1195860099643816,-1.9683110879529997,-0.48412789918322624,-1.7027935784270942
5.005,13,0.19848683333936545,0.4921812006532241,0.2103191022624093,0.08208328519242936,0.8116628347808365,-0.5440299039963553,0.5846308057592122,-0.12810690303654143,-1.9271527289899713,-0.5055750086426887,-1.705194742803009
5.01,13,0.20348683333936535,0.5045795343958885,0.2075750378451106,0.08500002947501267,0.8110009822412593,-0.5535607639423368,0.582048842937538,-0.13663427007810067,-1.8850346173917716,-0.5272531110006328,-1.705383518592585
5.015,13,0.20848683333936524,0.5169778681385531,0.20478384947869277,0.08790359183628188,0.8102964997184552,-0.5628787171177794,0.5793577998178976,-0.14515705443221386,-1.841996674297566,-0.549216112143616,-1.7033620202302475
5.0200000000000005,13,0.21348683333936602,0.5293762018812197,0.2019466130285636,0.0907934230889049,0.8095494377454779,-0.5719792641680523,0.5765561171416489,-0.15366421001420852,-1.7980788208465106,-0.5715179179581991,-1.6991323621504186
5.025,13,0.21848683333936592,0.5417745356238841,0.1990644263578913,0.09366896557543147,0.8087599020593748,-0.5808581053442162,0.5736419661207183,-0.16214470131158065,-1.7533209781777865,-0.5942124343309306,-1.6926966587875247
5.03,13,0.2234868333393658,0.5541728693665485,0.19613840832957302,0.09652965182064882,0.8079280535483244,-0.5895111405030322,0.5706132484375985,-0.17058750338400228,-1.7077630674305504,-0.617353567148372,-1.6840570245759883
5.035,13,0.2284868333393657,0.5665712031092129,0.19316969780820845,0.0993749031839326,0.8070541081987773,-0.5979344691069557,0.5674675962453494,-0.17898160186331644,-1.6614450097439666,-0.6409952222970793,-1.6732155739502343
5.04,13,0.2334868333393656,0.5789695368518775,0.19015945266207068,0.10220412851160021,0.8061383370425939,-0.6061243902241379,0.564202372167598,-0.18731599295353799,-1.6144067262571995,-0.6651913056636104,-1.6601744213446858
5.045,13,0.2384868333393655,0.5913678705945419,0.18710884876507788,0.10501672278926352,0.8051810661041842,-0.6140774025284257,0.5608146692985394,-0.195579683430854,-1.5666881381094142,-0.689995723134522,-1.6449356811937674
5.05,13,0.24348683333936538,0.6037662043372063,0.18401907899876468,0.10781206579418176,0.8041826763476468,-0.621790204299362,0.5573013112029349,-0.20376169064362368,-1.5183291664397756,-0.7154623805963696,-1.6275014679319029
5.055,13,0.24848683333936528,0.6161645380798707,0.1808913522542538,0.11058952074761455,0.8031436036239086,-0.6292596934221854,0.5536588519161134,-0.2118510425123784,-1.469369732387448,-0.7416451839357122,-1.6078738959935166
5.0600000000000005,13,0.25348683333936606,0.6285628718225375,0.17772689243422687,0.11334843296717495,0.8020643386178625,-0.6364829673878315,0.5498835759439703,-0.2198367775298232,-1.4198497570915851,-0.7685980390391096,-1.5860550798130277
5.065,13,0.25848683333936595,0.6409612055652019,0.1745269374548985,0.1160881285191804,0.8009454267955083,-0.6434573232929283,0.5459714982629708,-0.22770794476083034,-1.3698091616913735,-0.7963748517931111,-1.562047133824869
5.07,13,0.26348683333936584,0.6533595393078663,0.171292738247984,0.11880791287100867,0.7997874683510906,-0.6501802578398029,0.5419183643201442,-0.2354536038424494,-1.319287867325966,-0.825029528084276,-1.5358521724634602
5.075,13,0.26848683333936574,0.6657578730505307,0.16802555776267347,0.12150706954344853,0.7985911181542382,-0.6566494673364776,0.5377196500330886,-0.24306282498389992,-1.268325795134528,-0.8546159737991631,-1.5074723101632257
5.08,13,0.27348683333936563,0.6781562067931952,0.16472666996760268,0.12418485876305319,0.7973570856971035,-0.6628628476966699,0.5333705617899689,-0.250524688966574,-1.216962866256223,-0.8851880948243283,-1.4769096613585888
5.085,13,0.2784868333393655,0.6905545405358596,0.16139735885282458,0.1268405161144931,0.7960861350415018,-0.6688184944397935,0.5288660364495175,-0.25782828714403555,-1.165239001830218,-0.9167997970463284,-1.4441663404839753
5.09,13,0.2834868333393654,0.702952874278524,0.15803891743178072,0.12947325119290873,0.7947790847660497,-0.6745147026909576,0.5242007413410334,-0.26496272144202093,-1.113194122995676,-0.949504986351721,-1.4092444619738063
5.095,13,0.2884868333393653,0.7153512080211885,0.15465264674327295,0.13208224625626355,0.793436807913305,-0.6799499671809677,0.519369074264384,-0.271917104358438,-1.0608681508917621,-0.9833575686270627,-1.3721461402625086
5.1000000000000005,13,0.2934868333393661,0.7277495417638551,0.15123985485343422,0.1346666548776972,0.792060231936905,-0.6851229822463255,0.5143651634900014,-0.27868055896336896,-1.0083010066576308,-1.018411449758917,-1.3328734897844978
5.105,13,0.298486833339366,0.7401478755065196,0.14780185585770253,0.13722560059787656,0.7906503386487072,-0.6900326418292263,0.5091828677588889,-0.28524221889906365,-0.9555326114324659,-1.054720535633827,-1.2914286249742104
5.11,13,0.3034868333393659,0.752546209249184,0.1443399688827889,0.13975817557735126,0.7892081641659264,-0.6946780394775635,0.5038157762826139,-0.29159122837994783,-0.9026028863554233,-1.0923387321383566,-1.2478136602660659
5.115,13,0.3084868333393658,0.7649445429918484,0.1408555170886512,0.14226343924890472,0.7877347988582755,-0.6990584683449258,0.498257208743312,-0.2977167421926183,-0.8495517525656668,-1.131319945159063,-1.202030710094489
5.12,13,0.31348683333936567,0.7773428767345129,0.13734982667046516,0.14474041696990758,0.7862313872951034,-0.7031734211905974,0.49250021529368565,-0.30360792569584405,-0.796419131202362,-1.1717180805825034,-1.1540818888939008
5.125,13,0.31848683333936556,0.7897412104771774,0.13382422586059575,0.14718809867467028,0.7846991281925353,-0.7070225903795586,0.486537576557005,-0.30925395482056617,-0.7432449434046727,-1.2135870442952337,-1.1039693110987272
5.13,13,0.32348683333936545,0.8021395442198418,0.130280043930569,0.149605437526796,0.7831392743606108,-0.7106058678824853,0.4803618036271073,-0.3146440160698974,-0.6900691103117638,-1.256980742183811,-1.051695091143392
5.135,13,0.32848683333936535,0.8145378779625062,0.12671861019304304,0.1519913485715337,0.7815531326504238,-0.7139233452757493,0.47396513806839646,-0.31976730651912344,-0.6369315530627991,-1.3019530801347918,-0.9972613434623194
5.14,13,0.33348683333936524,0.8269362117051707,0.12314125300378015,0.15434470738813066,0.7799420639012614,-0.7169753137414183,0.4673395519158446,-0.32461303381570156,-0.5838721927969437,-1.3485579640347338,-0.9406701824899317
5.1450000000000005,13,0.338486833339366,0.8393345454478374,0.11954929876361728,0.15666434874218582,0.7783074828877423,-0.7197622640672562,0.4604767476749889,-0.329170416179262,-0.5309309506533535,-1.3968492997702027,-0.881923722660645
5.15,13,0.3434868333393659,0.8517328791905018,0.11594407092044026,0.1589490652380011,0.7766508582669579,-0.7222848866467213,0.4533681583219383,-0.33342868240160456,-0.4781477477712132,-1.4468809932277376,-0.8210240784089028
5.155,13,0.3484868333393658,0.8641312129331662,0.11232688897115148,0.16119760597093646,0.7749737125256091,-0.7245440714789693,0.4460049473033644,-0.3373770718467041,-0.4255625052896747,-1.4987069502939037,-0.757973364169119
5.16,13,0.3534868333393657,0.8765295466758306,0.10869906746364388,0.16340867517976132,0.7732776219271468,-0.7265409081688509,0.4383780085365075,-0.3410048344507063,-0.37321514434790515,-1.5523810768552586,-0.6927736943757161
5.165,13,0.3584868333393656,0.8889278804184951,0.10506191499877202,0.16558093089900783,0.7715642164589107,-0.7282766859269132,0.4304779664091756,-0.3443012307219291,-0.3211455860850665,-1.6079572787983596,-0.6254271834631211
5.17,13,0.3634868333393655,0.9013262141611595,0.10141673323232339,0.16771298361132336,0.7698351797792687,-0.7297528935693983,0.4222951757797438,-0.3472555317408626,-0.26939375164032714,-1.6654894620097604,-0.5559359458657549
5.175,13,0.3684868333393654,0.913724547903824,0.09776481587699015,0.16980339489982377,0.7680922491647556,-0.7309712195182451,0.4138197219771537,-0.34985701916016926,-0.2179995621528498,-1.7250315323760217,-0.4843020960180452
5.18,13,0.3734868333393653,0.9261228816464884,0.09410744770434032,0.1718506761004459,0.7663372154572125,-0.7319335518010875,0.40504142080091493,-0.3520949852046832,-0.1670029387617981,-1.7866373957836983,-0.41052774835441297
5.1850000000000005,13,0.37848683333936606,0.938521215389155,0.09044590354678911,0.17385328695430108,0.7645719230109256,-0.7326419780512557,0.3959498185211022,-0.35395873267141115,-0.11644380260632817,-1.8503609581193599,-0.3346150173092688
5.19,13,0.38348683333936595,0.9509195491318195,0.08678144729957254,0.17580963426002622,0.7627982696397665,-0.7330987855077754,0.38653419187836263,-0.35543757492953093,-0.06636207482562317,-1.9162561252695411,-0.25656601731706374
5.195,13,0.38848683333936584,0.9633178828744839,0.08311533092271556,0.17771807052613894,0.7610182065643297,-0.7333064610153686,0.37678354808390535,-0.356520835920394,-0.016797676558839948,-1.9843768031208078,-0.1763828628122112
5.2,13,0.39348683333936574,0.9757162166171484,0.07944879344300579,0.1795768926233891,0.7592337383590728,-0.7332676910244524,0.3666866248195088,-0.3571978501575225,0.03220947105485888,-2.054776897559718,-0.09406766822913272
5.205,13,0.39848683333936563,0.9881145503598129,0.07578305995596438,0.18138434043711182,0.7574469228994554,-0.7329853615911405,0.3562318902375182,-0.35745796272661207,0.08061944687630725,-2.1275103144728296,-0.009622548002251286
5.21,14,0.00020683589953396364,0.0017352351336720208,0.07211934062781827,0.1831385955195803,0.7556598713090775,-0.7324625583772372,0.3454075429611891,-0.35729052928574745,0.12839232982351115,-2.2026309531219823,0.0769503792396287
5.215,14,0.005206835899533857,0.043682381097737324,0.06845882969870622,0.18483777988562,0.7538747478161163,-0.7317025654632259,0.3342016496533126,-0.3566850031657412,0.1754891104900137,-2.28008705486206,0.16558209851180442
5.22,14,0.01020683589953375,0.08562952706180262,0.06480270451425256,0.18647995809547255,0.7520937675284649,-0.7307088537554095,0.3226034885601285,-0.3556317860229141,0.2218740013130258,-2.359453468066437,0.2559671844131606
5.2250000000000005,14,0.015206835899534532,0.1275766730258754,0.06115212462365184,0.18806314704629792,0.7503191893282212,-0.7294850703934922,0.3106047771119925,-0.35412300508344213,0.26751192609795077,-2.440222597663275,0.3477480132148811
5.23,14,0.020206835899534425,0.16952381898994068,0.05750823090194958,0.18958532856734536,0.7485533069910565,-0.728035037898151,0.29819977071462644,-0.352152575692146,0.31236780865016767,-2.521886848580695,0.4405669611881005
5.235,14,0.02520683589953432,0.21147096495400597,0.053872144673133504,0.19104446210983192,0.7467984402456204,-0.7263627541710361,0.28538526274910486,-0.34971620131249004,0.35640657277507987,-2.6039386257468586,0.5340664046040023
5.24,14,0.030206835899534212,0.25341811091807126,0.05024496683323134,0.19243849743681818,0.7450569258329487,-0.7244723924947702,0.2721605845718636,-0.34681137352658303,0.39959314227808274,-2.6858703340899153,0.6278887197337539
5.245,14,0.035206835899534106,0.29536525688213655,0.04662777697340527,0.19376538731308532,0.7433311085658704,-0.7223683015329495,0.2585276055146979,-0.3434373720351776,0.4418924409645716,-2.7671743785380136,0.7216762828485228
5.25,14,0.040206835899534,0.3373124028462019,0.043021632503047025,0.19502310019501184,0.7416233323884137,-0.720055005330143,0.24449073288476209,-0.3395952646576709,0.48326939263994156,-2.847343164019302,0.8150714702194763
5.255,14,0.04520683589953389,0.3792595488102672,0.039427567772873116,0.1962096329204505,0.7399359314352137,-0.7175372033118931,0.2300569119645699,-0.3352879073321041,0.523688921109588,-2.9258690954619295,0.9077166581177815
5.26,14,0.050206835899533786,0.4212066947743325,0.035846593198019853,0.1973230233986049,0.7382712210909184,-0.7148197702847146,0.21523562601199425,-0.33051994411516245,0.5631159501789061,-3.0022445777940443,0.999254222814606
5.265,14,0.05520683589953368,0.46315384073839777,0.03227969438113858,0.1983613632999065,0.7366314890495955,-0.7119077564360957,0.20003889626026736,-0.32529780718217544,0.6015154036532914,-3.0759620159437957,1.089326540581117
5.2700000000000005,14,0.06020683589953446,0.5051009867024705,0.02872783123549011,0.19932281074589148,0.7350189863741398,-0.7088063873344971,0.18448128191797789,-0.3196297168271157,0.6388522053381452,-3.1465138148393432,1.1775759876884972
5.275,14,0.06520683589953435,0.5470481326665358,0.02519193710804242,0.20020560299907678,0.7334359185556798,-0.7055210639293541,0.16857988016908199,-0.313525681462603,0.6750912790388502,-3.2133923794088117,1.2636449404078829
5.28,14,0.07020683589953425,0.5889952786306011,0.021672917902561997,0.20100806915283811,0.731884436572984,-0.7020573625510733,0.152354326172887,-0.30699749761989853,0.7101975485608076,-3.276090114580363,1.3471757750104572
5.285,14,0.07520683589953414,0.6309424245946664,0.018171651202711483,0.20172864282128594,0.7303666279518679,-0.6984210349110351,0.13582679306406203,-0.3000587499489082,0.7441359377094134,-3.334099425282144,1.4278108677673875
5.29,14,0.08020683589953403,0.6728895705587318,0.014688985395144183,0.20236587482914242,0.7288845078246011,-0.6946180081015926,0.1190219919526356,-0.2927248112181824,0.7768713702900626,-3.3869127164423043,1.5051925949498404
5.295,14,0.08520683589953393,0.714836716522797,0.011225738792599221,0.20291844590161828,0.7274400099893137,-0.6906543845960722,0.10196717192399547,-0.2850128423149156,0.8083687701081503,-3.4340223929889926,1.5789633328289843
5.3,14,0.09020683589953382,0.7567838624868624,0.007782698756996637,0.2033851793542896,0.7260349779694032,-0.6865364422487732,0.08469212003888862,-0.27694179224494647,0.8385930609690719,-3.4749208598503585,1.648765457675986
5.305,14,0.09520683589953371,0.7987310084509276,0.004360620822532538,0.20376505378297458,0.7246711560729413,-0.6822706342949679,0.06722916133342129,-0.2685323981327577,0.8675091666782226,-3.509100521954548,1.7142413457620127
5.3100000000000005,14,0.1002068358995345,0.8406781544150004,0.000960227818773654,0.20405721575361038,0.7233501804520804,-0.677863589350901,0.04961315881905579,-0.25980718522147483,0.8950820110410028,-3.5360537842297166,1.7750333733582428
5.315,14,0.10520683589953439,0.8826253003790657,-0.0024177910062451458,0.20426099249212976,0.7220735701624618,-0.6733221114137924,0.031881513482623164,-0.2507904668728719,0.9212765178627975,-3.555273051604002,1.8307839167358213
5.32,14,0.11020683589953428,0.924572446343131,-0.0057727808629293165,0.20437590457433819,0.7208427182226199,-0.6686531798618326,0.01407416428630443,-0.24150834456736275,0.9460576109490073,-3.5662507290055583,1.8811353521659269
5.325,14,0.11520683589953418,0.9665195923071963,-0.009104122297027131,0.20440167861579028,0.7196588826733912,-0.6638639494541861,-0.0037664118323573175,-0.23198870790400686,0.9693902141050275,-3.568479221362535,1.9257300559197272
5.33,15,0.0010092150582208248,0.008557524056528203,-0.012411232066529686,0.20433825996159433,0.7185231776373646,-0.6589617503031856,-0.021595200320284405,-0.2222612343790784,0.9912393613379599,-3.5614523597587677,1.9642112818972863
5.335,15,0.006009215058220718,0.05095445415988166,-0.01569356397659849,0.20418582483305797,0.7174365647125829,-0.6539540530632779,-0.03936509950992852,-0.21235711215634118,1.0115929101695247,-3.544959341715982,1.9964040468468378
5.34,15,0.011009215058220612,0.09335138426323512,-0.018950609099498292,0.203944784515462,0.7163998492639799,-0.6488482496696734,-0.05702975815083639,-0.2023072939044753,1.030489378091435,-3.5194449717089475,2.022536815477489
5.345,15,0.016009215058220505,0.13574831436658857,-0.022181894929090097,0.20361577575766351,0.7154136851997958,-0.643651512197799,-0.07454540195485697,-0.19214137277614401,1.0479740967522173,-3.4854422384057586,2.042892319361763
5.3500000000000005,15,0.021009215058221287,0.17814524446994956,-0.025386984252967024,0.20319964751760194,0.7144785819966513,-0.6383707860648381,-0.09187092157718284,-0.18188752826614604,1.0640923978004015,-3.443484130474502,2.0577532900721844
5.355,15,0.02600921505822118,0.22054217457330302,-0.0285654740191608,0.20269744763758266,0.7135949117678388,-0.6330127900297344,-0.10896787261633775,-0.171572526211423,1.078889612884509,-3.3941036365832877,2.067402459181271
5.36,15,0.031009215058221073,0.2629391046766565,-0.03171699420285395,0.20211040951955983,0.7127629163316099,-0.6275840161931858,-0.12580047561419525,-0.16122171879104844,1.0924110736530694,-3.3378337454002045,2.072122558261549
5.365,15,0.03600921505822097,0.3053360347800099,-0.03484120667308633,0.20143993880041997,0.7119827142794659,-0.6220907299976489,-0.14233561605596612,-0.1508590445262351,1.10470211175461,-3.2752074455933475,2.07219631888554
5.37,15,0.04100921505822086,0.3477329648833634,-0.03793780405946448,0.20068760002726516,0.7112543080444462,-0.6165389702273375,-0.15854284437020186,-0.14050702828033307,1.1158080588376573,-3.20675772583081,2.067906472625768
5.375,15,0.046009215058220754,0.39012989498671685,-0.04100650861887036,0.19985510333269646,0.7105775909694186,-0.6109345490082226,-0.17439437592879425,-0.13018678125882993,1.1257742465507388,-3.13301757478069,2.0595357510547556
5.38,15,0.05100921505822065,0.43252682509007034,-0.04404707110217024,0.198944291110097,0.7099523543753681,-0.6052830518080328,-0.1898650910469756,-0.1199180010093505,1.1346460065423811,-3.054519981111079,2.047366885745025
5.385,15,0.05600921505822054,0.4749237551934238,-0.04705926962092337,0.19795712468891555,0.7093782946296857,-0.5995898374362539,-0.20493253498331873,-0.10971897142165711,1.1424686704611113,-2.971797933490074,2.0316826082690995
5.39,15,0.061009215058220434,0.5173206852967772,-0.050042908514090864,0.19689567100994948,0.7088550202144588,-0.5938600380441291,-0.21957691793973688,-0.09960656272764941,1.1492875699554561,-2.88538442058577,2.0127656501995013
5.3950000000000005,15,0.06600921505822122,0.5597176154001382,-0.05299781721474494,0.1957620893006282,0.7083820587947597,-0.5880985591246582,-0.2337811150614863,-0.08959623150136269,1.1551480366739437,-2.7958124310662456,1.9908987431087497
5.4,15,0.07100921505822111,0.6021145455034916,-0.055923849116775656,0.194558617750297,0.7079588642869354,-0.5823100795126012,-0.24753066643715613,-0.07970202065897493,1.1600954022650987,-2.7036149535996272,1.9663646185693748
5.405,15,0.076009215058221,0.6445114756068452,-0.05882088044160284,0.19328756018549934,0.7075848239268964,-0.5764990513844722,-0.26081377709868364,-0.06993655945879616,1.1641749983774494,-2.609324976853995,1.939446008153896
5.41,15,0.0810092150582209,0.6869084057101986,-0.061688809104882725,0.19195127274526075,0.7072592653384064,-0.5706697002585441,-0.273621317021344,-0.060311063501275665,1.1674321566595227,-2.5134754894974427,1.910425643434836
5.415,15,0.08600921505822079,0.7293053358135521,-0.06452755358321732,0.19055215055637212,0.7069814636013717,-0.5648260249948468,-0.28594682112375286,-0.05083533472900002,1.1699122087598455,-2.416599480198067,1.8795862559847174
5.42,15,0.09100921505822068,0.7717022659169055,-0.06733705178086322,0.18909261440867287,0.70675064832013,-0.5589717977951679,-0.2977864892678663,-0.04151776142669314,1.1716604863269449,-2.319229937623961,1.8472105773760634
5.425,15,0.09600921505822058,0.8140991960202589,-0.07011725989644027,0.18757509743033426,0.7065660106917402,-0.5531105642030522,-0.30913918625898085,-0.03236531822121645,1.1727223210093474,-2.2218998504432212,1.8135813391813966
5.43,15,0.10100921505822047,0.8564961261236125,-0.07286815128964053,0.18600203176314278,0.7064267105742715,-0.5472456431038015,-0.3200064418457338,-0.023383566081568705,1.1731430444555804,-2.125142207323942,1.7789812729732395
5.4350000000000005,15,0.10600921505822125,0.8988930562269735,-0.07558971534793733,0.18437583523778306,0.706331883555093,-0.541380126724475,-0.3303924507201043,-0.014576652318884468,1.1729679883141706,-2.029489996934201,1.7436931103241087
5.44,15,0.11100921505822114,0.9412899863303269,-0.07828195635329234,0.18269889804912237,0.7062806480191625,-0.535516880633891,-0.34030407251740663,-0.0059473105864404725,1.172242484233645,-1.9354762079421284,1.7079995828065395
5.445,15,0.11600921505822104,0.9836869164336803,-0.0809448923488671,0.18097356943149218,0.706272112217316,-0.5296585437426231,-0.3497508318163014,0.002503139120353986,1.1710118638625309,-1.8436338290158014,1.6721834219930491
5.45,16,0.003076148022208791,0.004987542320174324,-0.08357855400641834,0.17920214434442325,0.7063053813293777,-0.5238075294220607,-0.358744901152306,0.010774782044771768,1.1693200037078701,-1.7544737608341172,1.6365164117662907
5.455,16,0.008076148022208685,0.013094340634439077,-0.08618298357544185,0.1773868513992198,0.7063795639122588,-0.5179660730759317,-0.36730037891666767,0.018868750766601803,1.1671902680848827,-1.6681955439255238,1.6011160134794156
5.46,16,0.013076148022208578,0.021201138948703832,-0.08875823428293075,0.17552984762555632,0.7064937749578688,-0.5121363428752058,-0.37543160848110324,0.02678639209321827,1.1646308520656452,-1.5847684607423276,1.5659855633841537
5.465,16,0.01807614802220847,0.029307937262968587,-0.091304370097954,0.17363321877576385,0.7066471362063269,-0.5063204676240787,-0.38315275521241976,0.0345290574111286,1.1616495947644492,-1.504156390556594,1.5311257197002484
5.47,16,0.023076148022208365,0.03741473557723334,-0.09382146553561266,0.1716989802268486,0.7068387761629121,-0.5005205369311743,-0.3904778038737847,0.04209810139793893,1.1582543352955865,-1.426323212640388,1.4965371406474433
5.4750000000000005,16,0.028076148022209146,0.04552153389149954,-0.0963096054610624,0.16972907788350958,0.7070678301145195,-0.49473860120954427,-0.3974205586247272,0.04949488202235542,1.1544529127733485,-1.351232806265762,1.4622204844454754
5.48,16,0.03307614802220904,0.05362833220576429,-0.09876888489353391,0.16772538908115842,0.7073334401461152,-0.48897667167667186,-0.40399464302113275,0.05672076054417901,1.150253166312028,-1.2788490507048074,1.4281764093141003
5.485,16,0.03807614802220893,0.06173513052002905,-0.10119940881035766,0.16568972348893526,0.7076347551571923,-0.4832367203544656,-0.4102135000152512,0.06377710151431333,1.145662935025916,-1.209135825229576,1.3944055734730554
5.49,16,0.04307614802220883,0.0698419288342938,-0.10360129195098433,0.16362382401272857,0.707970930878226,-0.47752068006926374,-0.41609039195569125,0.0706652727747594,1.1406900580293045,-1.1420570091121334,1.3609086351420845
5.495,16,0.04807614802220872,0.07794872714855855,-0.10597465862100736,0.16152936769819276,0.7083411298871294,-0.47183044445183314,-0.421638400587422,0.07738664545861691,1.1353423744364852,-1.0775764816245441,1.32768625254093
5.5,16,0.053076148022208613,0.0860555254628233,-0.10831964249618503,0.15940796663376655,0.7087445216257087,-0.46616786793736903,-0.42687042705177297,0.08394259399008434,1.12962772336175,-1.0156581220388738,1.2947390838893365
5.505,16,0.05807614802220851,0.09416232377708807,-0.11063638642646278,0.15726116885369107,0.7091802824161189,-0.46053476576549524,-0.43179919188643384,0.09033449608445886,1.1235539439193907,-0.9562658096271874,1.2620677874070465
5.51,16,0.0630761480222084,0.10226912209135282,-0.11292504223999517,0.15509045924102816,0.7096475954773193,-0.45493291398026425,-0.43643723502545473,0.09656373274813629,1.1171288752236987,-0.8993634236615503,1.2296730213138038
5.515,16,0.0680761480222083,0.11037592040561757,-0.11518577054716807,0.15289726043067847,0.7101456509415287,-0.44936404943015695,-0.440796915799246,0.10263168827861129,1.1103603563889661,-0.8449148434140278,1.1975554438293519
5.5200000000000005,16,0.07307614802220908,0.11848271871988376,-0.11741874054462129,0.1506829337123993,0.7106736458706816,-0.4438298697680818,-0.44489041293457915,0.10853975026447812,1.1032562265294832,-0.7928839481566755,1.1657157131734281
5.525,16,0.07807614802220897,0.12658951703414853,-0.11962412981926901,0.14844877993382438,0.7112307842728826,-0.4383320334513787,-0.4487297245545838,0.11428930958542684,1.0958243247595443,-0.7432346171615778,1.1341544875657874
5.53,16,0.08307614802220886,0.13469631534841328,-0.12180212415232441,0.14619604040347975,0.7118162771188628,-0.4328721597418135,-0.452326668178752,0.11988176041224916,1.08807249019344,-0.6959307297007897,1.102872425226168
5.535,16,0.08807614802220876,0.14280311366267803,-0.12395291732332014,0.1439258977938034,0.7124293423584351,-0.42745182870558107,-0.4556928807229355,0.12531850020683455,1.0800085619454622,-0.650936165046377,1.0718701843743126
5.54,16,0.09307614802220865,0.15090991197694278,-0.12607671091413092,0.14163947704416324,0.7130692049369495,-0.4220725812133051,-0.4588398184993464,0.13060092972217122,1.0716403791299025,-0.6082148024704048,1.0411484232299646
5.545,16,0.09807614802220854,0.15901671029120754,-0.12817371411299563,0.13933784626387516,0.7137350968117486,-0.41673591894003775,-0.4617787572165569,0.13573045300234607,1.0629757808610527,-0.5677305212449381,1.010707800012868
5.55,16,0.10307614802220844,0.1671235086054723,-0.13024414351853955,0.13702201763522134,0.7144262569686235,-0.4114433043652598,-0.4645207919794999,0.14070847738254466,1.0540226062532045,-0.529447200642042,0.9805489729427658
5.555,16,0.10807614802220833,0.17523030691973704,-0.13228822294379636,0.13469294831646836,0.7151419314382684,-0.4061961607728804,-0.4670768372894683,0.1455364134890514,1.04478869442065,-0.49332871993378175,0.9506726002394015
5.5600000000000005,16,0.11307614802220911,0.18333710523400323,-0.13430618322023072,0.13235154134488503,0.7158813733127374,-0.40099587225123656,-0.46945762704411576,0.1502156752392501,1.0352818844776785,-0.4593389583922171,0.921079340122513
5.565,16,0.118076148022209,0.19144390354826799,-0.13629826200175904,0.1299986465397622,0.7166438427618984,-0.3958437836930965,-0.47167371453745544,0.15474767984162088,1.025510015538586,-0.4274417952894251,0.8917698508118546
5.57,16,0.1230761480222089,0.19955070186253274,-0.13826470356877363,0.12763506140542857,0.7174286070498903,-0.39074120079565405,-0.47373547245986136,0.15913384779574508,1.0154809267176623,-0.39760110989746406,0.8627447905271644
5.575,16,0.1280761480222088,0.20765750017679752,-0.14020575863216356,0.12526153203427048,0.7182349405515771,-0.3856893900605326,-0.4756530928980681,0.16337560289230188,1.0052024571291989,-0.3697807814883999,0.8340048174881853
5.58,16,0.13307614802220868,0.21576429849106227,-0.14212168413733703,0.12287875400974964,0.7190621247690041,-0.3806895787937843,-0.47743658733517025,0.1674743722130692,0.9946824458874878,-0.34394468933429795,0.8055505899146614
5.585,16,0.13807614802220858,0.22387109680532702,-0.1440127430682436,0.12048737330942141,0.7199094483478534,-0.37574295510588956,-0.4790957866506227,0.17143158613092363,0.9839287321068207,-0.32005671270722275,0.7773827660263357
5.59,16,0.14307614802220847,0.23197789511959177,-0.14587920425139633,0.11808798720795302,0.7207762070938989,-0.3708506679117574,-0.48064034112024084,0.17524867830984062,0.9729491549014896,-0.29808073087924014,0.7495020040429519
5.595,16,0.14807614802220836,0.24008469343385652,-0.1477213421598938,0.11568114518014169,0.7216617039894625,-0.3660138269307255,-0.48207972041620034,0.17892708570489416,0.9617515533857859,-0.2779806231224144,0.7219089621842529
5.6000000000000005,16,0.15307614802220915,0.24819149174812272,-0.1495394367174428,0.11326734980393238,0.722565249209869,-0.36123350268655907,-0.48342321360703727,0.18246824856225763,0.9503437666739997,-0.25972026870880904,0.6946042986699776
5.605,16,0.15807614802220904,0.25629829006238747,-0.15133377310237894,0.11084705766343783,0.7234861601399016,-0.3565107265074545,-0.48467992915764735,0.18587361041920136,0.9387336338804264,-0.243263546910495,0.6675886717198792
5.61,16,0.16307614802220893,0.2644050883766522,-0.15310464155169093,0.10842068025195409,0.7244237613902581,-0.3518464905260341,-0.4858587949292877,0.1891446181040962,0.9269289941193563,-0.22857433699953356,0.640862739553696
5.615,16,0.16807614802220883,0.27251188669091697,-0.1548523371650413,0.10598858487498045,0.7253773848140054,-0.3472417476793498,-0.4869685581795751,0.19228272173641095,0.9149376865050806,-0.21561651824799058,0.6144271603911717
5.62,16,0.17307614802220872,0.2806186850051817,-0.15657715970878888,0.10355109555323719,0.726346369523036,-0.34269741170888174,-0.4880177855624867,0.1952893747267134,0.9027675501518913,-0.20435396992793062,0.5882825924520495
5.625,16,0.1780761480222086,0.2887254833194465,-0.15827941342001112,0.10110849392568387,0.7273300619045224,-0.33821435716053877,-0.48901486312836023,0.19816603377666991,0.8904264241740802,-0.1947505713114195,0.5624296939560727
5.63,16,0.1830761480222085,0.2968322816337112,-0.15995940681052584,0.0986610201525374,0.7283278156373738,-0.33379341938465834,-0.4899679963238936,0.20091415887904548,0.8779221476859391,-0.1867702016705221,0.5368691231229848
5.635,16,0.1880761480222084,0.304939079947976,-0.16161745247091386,0.09620887381829032,0.7293389917086904,-0.3294353945360063,-0.49088520999214486,0.20353521331770402,0.8652625598017598,-0.18037674027730372,0.5116015381725292
5.64,16,0.1930761480222083,0.31304587826224073,-0.16325386687454074,0.09375221483472895,0.73036295843022,-0.32514103957377716,-0.49177434837253287,0.20603066366760797,0.8524554996358339,-0.17553406640382996,0.48662759732444955
5.6450000000000005,16,0.19807614802220908,0.3211526765765069,-0.16486897018157948,0.09129116434395125,0.7313990914548127,-0.32091107226159316,-0.49264307510083627,0.20840197979481906,0.839508806302451,-0.17220605932216448,0.4619479587984843
5.65,16,0.20307614802220897,0.3292594748907717,-0.16646308604303128,0.08882580562138663,0.7324467737928763,-0.3167461711675074,-0.4934988732091944,0.21065063485649627,0.8264303189159073,-0.1703565983043749,0.4375632808143861
5.655,16,0.20807614802220886,0.3373662732050364,-0.1680365414047496,0.08635618497881162,0.7335053958288327,-0.312646975663999,-0.4943490451261065,0.21277810530089875,0.8132278765904927,-0.16994956262252486,0.4134742215918942
5.66,16,0.21307614802220876,0.34547307151930123,-0.16958966631146122,0.08388231266736976,0.7345743553375725,-0.3086140859279769,-0.4952007126764329,0.214785870867384,0.7999093184404983,-0.1709488315486803,0.3896814393507511
5.665,16,0.21807614802220865,0.353579869833566,-0.17112279371078826,0.08140416378058946,0.7356530575009111,-0.304648062940778,-0.49606081708139355,0.21667541458640802,0.7864824835802162,-0.17331828435490507,0.3661855923107009
5.67,16,0.22307614802220854,0.36168666814783074,-0.17263625925727077,0.07892167915740206,0.7367409149240439,-0.3007494284881682,-0.4969361189585688,0.21844822277952566,0.7729552111239385,-0.17702180031326542,0.34298733869148745
5.675,16,0.22807614802220844,0.3697934664620955,-0.17413040111638872,0.07643476628516008,0.7378373476520015,-0.29691866516034165,-0.49783319832189976,0.2201057850593905,0.7593353401859566,-0.18202325869582608,0.3200873367128528
5.68,16,0.23307614802220833,0.37790026477636024,-0.175605559768584,0.07394330020265552,0.7389417831861057,-0.2931562163519212,-0.4987584545816874,0.2216495943297547,0.7456307098805622,-0.18828653877465332,0.29748624459454154
5.6850000000000005,16,0.2380761480222091,0.38600706309062643,-0.17706207781328306,0.07144712440313747,0.7400536565004252,-0.2894624862619574,-0.4997181065445937,0.22308114678546953,0.731849159322045,-0.19577551982181274,0.2751847205562926
5.69,16,0.243076148022209,0.3941138614048912,-0.17850029977291787,0.06894605173733216,0.7411724100582299,-0.28583783989393163,-0.5007181924136398,0.2244019419124842,0.7179985276247012,-0.2044540811093665,0.25318342281785744
5.695,16,0.2480761480222089,0.40222065971915594,-0.1799205718969496,0.06643986531645843,0.7422974938284478,-0.2822826030557514,-0.501764569788208,0.22561348248784724,0.7040866539028202,-0.2142861019093817,0.23148300959897528
5.7,16,0.2530761480222088,0.4103274580334207,-0.18132324196588978,0.06392831941524788,0.7434283653021196,-0.27879706235975393,-0.5028629156640411,0.22671727457970603,0.6901213772706941,-0.22523546149392337,0.21008413911939008
5.705,16,0.2580761480222087,0.41843425634768544,-0.18270865909532286,0.06141114037496234,0.7445644895088549,-0.27538146522270457,-0.5040187264332415,0.2277148275473062,0.6761105368426148,-0.2372660391350566,0.18898746959884444
5.71,16,0.2630761480222086,0.4265410546619502,-0.18407717353992792,0.05888802750641231,0.7457053390332866,-0.27203601986579734,-0.5052373178842727,0.2286076540409924,0.6620619717328734,-0.25034171410484757,0.1681936592570823
5.715,16,0.26807614802220847,0.43464785297621494,-0.18542913649750126,0.056358653992975086,0.7468503940315278,-0.26876089531465497,-0.5065238252019577,0.22939727000220791,0.6479835210557617,-0.2644263656753596,0.14770336631384706
5.72,16,0.27307614802220836,0.4427546512904797,-0.1867648999129783,0.053822667793612916,0.747999142247626,-0.2655562213993284,-0.5078832029674808,0.23008519466349464,0.6338830239255722,-0.2794838731186595,0.12751724898888186
5.7250000000000005,16,0.27807614802220915,0.4508614496047459,-0.18808481628245605,0.051279692545890765,0.7491510790300195,-0.2624220887542968,-0.5093202251583862,0.2306729505484935,0.6197683194565938,-0.29547811570681476,0.10763596550192688
5.73,16,0.28307614802220904,0.45896824791901064,-0.1893892384572143,0.04872932846899636,0.7503057073479923,-0.2593585488184695,-0.5108394851485774,0.23116206347194357,0.605647246763123,-0.3123729727118844,0.08806017407273252
5.735,16,0.28807614802220893,0.4670750462332754,-0.19067851944773911,0.04617115326675564,0.7514625378081299,-0.2563656138351827,-0.5124453957083197,0.23155406253968328,0.5915276449594494,-0.3301323234059377,0.06879053292103841
5.74,16,0.2930761480222088,0.47518184454754014,-0.19195301222774414,0.04360472303065277,0.7526210886707749,-0.2534432568522017,-0.5141421890042386,0.23185048014864937,0.5774173531598644,-0.3487200470610385,0.04982770026658795
5.745,16,0.2980761480222087,0.4832886428618049,-0.19321306953819278,0.041029573142847886,0.7537808858664823,-0.2505914117217202,-0.5159339165993186,0.23205285198687745,0.5633242104786602,-0.36810002294925304,0.03117233432912541
5.75,16,0.3030761480222086,0.49139544117606965,-0.19445904369132067,0.0384452191791953,0.7549414630124749,-0.2478099731003607,-0.5178244494529061,0.23216271703350178,0.5492560560301285,-0.3882361303426452,0.012825093328392738
5.755,16,0.3080761480222085,0.4995022394903344,-0.1956912863746575,0.035851157812261725,0.7561023614290988,-0.2450987964491741,-0.519817477920707,0.2321816175587555,0.5352207289285609,-0.40909224851328124,-0.005213364515865786
5.76,16,0.3130761480222084,0.5076090378045992,-0.19691014845504934,0.033246867714344375,0.7572631301562794,-0.2424576980336398,-0.5219165117547879,0.23211109912397027,0.5212260682882491,-0.43063225673322497,-0.022942380983906756
5.765,16,0.3180761480222083,0.515715836118864,-0.19811597978268064,0.03063181046048921,0.7584233259699763,-0.23988645492366575,-0.524124880103575,0.23195271058157638,0.507279913223485,-0.45282003427454504,-0.04036129785598706
5.7700000000000005,16,0.3230761480222091,0.5238226344331302,-0.19930912899509684,0.028005431431508854,0.759582513398639,-0.2373848049935882,-0.5264457315118558,0.23170800407510309,0.4933901028485579,-0.4756194604093076,-0.057469456912365637
5.775,16,0.32807614802220897,0.5319294327473949,-0.20048994332122533,0.025367160717002374,0.7607402647396622,-0.23495244692217299,-0.5288820339207774,0.23137853503917846,0.47956447627776466,-0.49899441440956893,-0.07426619993329411
5.78,16,0.33307614802220886,0.5400362310616597,-0.20165876838539912,0.022716414018370767,0.7618961600758417,-0.23258904019261328,-0.5314365746678472,0.23096586219952878,0.4658108726253941,-0.5229087755474029,-0.09075086869903112
5.785,16,0.33807614802220876,0.5481430293759244,-0.2028159480113781,0.020052593551837083,0.7630497872918298,-0.23029420509253123,-0.534111960486934,0.23047154757297975,0.4521371310057386,-0.5473264230948688,-0.10692280498983416
5.79,16,0.34307614802220865,0.5562498276901892,-0.20396182402637114,0.01737508895146425,0.7642007420905903,-0.22806752271397765,-0.5369106175082656,0.22989715646745493,0.4385510905330895,-0.5722112363240361,-0.12278135058595863
5.795,16,0.34807614802220854,0.5643566260044539,-0.20509673606505868,0.014683278172172992,0.7653486280098548,-0.22590853495343158,-0.5398347912584306,0.22924425748197752,0.4250605903217388,-0.5975270945069685,-0.1383258472676626
5.8,16,0.35307614802220844,0.5724634243187187,-0.20622102137361448,0.011976528392760255,0.7664930564385775,-0.22381674451180106,-0.5428865466603782,0.22851442250666873,0.4116734694859782,-0.6232378769157301,-0.15355563681520146
5.805,16,0.35807614802220833,0.5805702226329834,-0.20733501461372794,0.009254196918917323,0.767633646633391,-0.22179161489442215,-0.5460677680334175,0.22770922672274868,0.3983975671400992,-0.6493074628223884,-0.16847006100883247
5.8100000000000005,16,0.3630761480222091,0.5886770209472496,-0.2084390476666264,0.006515632086247558,0.7687700257350618,-0.21983257041105952,-0.549380159093219,0.2268302486025364,0.3852407223983917,-0.6756997314990121,-0.1830684616288145
5.815,16,0.368076148022209,0.5967838192615144,-0.2095334494370965,0.003760174163286556,0.7699018287849455,-0.21793899617590717,-0.5528252429518116,0.22587906990944948,0.3722107743751517,-0.7023785622176562,-0.19735018045539918
5.82,16,0.3730761480222089,0.6048906175757791,-0.21061854565750765,0.0009871562545173684,0.7710286987414429,-0.21611023810758687,-0.5564043621175856,0.22485727569800423,0.3593155621846692,-0.7293078342503921,-0.21131455926884518
5.825,16,0.3780761480222088,0.6129974158900439,-0.21169465869183302,-0.0018040947966092569,0.7721502864964548,-0.21434560292914887,-0.5601186784952924,0.22376645431381595,0.3465629249412354,-0.7564514268692833,-0.22496093984941024
5.83,16,0.3830761480222087,0.6211042142043086,-0.21276210733967227,-0.004614257504657326,0.7732662508918381,-0.21264435816807228,-0.5639691733860418,0.22260819739359786,0.33396070175914216,-0.7837732193463977,-0.23828866397734982
5.835,16,0.3880761480222086,0.6292110125185734,-0.21382120664027338,-0.0074440148391873295,0.7743762587358608,-0.21100573215626478,-0.5679566474873065,0.22138409986516291,0.3215167317526814,-0.8112370909537974,-0.2512970734329208
5.84,16,0.39307614802220847,0.6373178108328381,-0.21487226767655504,-0.010294053321737745,0.775479984819658,-0.20942891403006234,-0.572081720892917,0.22009575994742228,0.3092388540361447,-0.8388069209635503,-0.26398550999638004
5.845,16,0.39807614802220836,0.6454246091471029,-0.21591559737912874,-0.013165062122807436,0.7765771119336866,-0.20791305373022967,-0.5763448330930661,0.21874477915038573,0.29713490772382434,-0.8664465886477187,-0.2763533154479835
5.8500000000000005,16,0.40307614802220915,0.6535314074613691,-0.21695149833032096,-0.01605773215883749,0.7776673308841822,-0.20645726200195968,-0.5807462429743058,0.21733276227516163,0.2852127319300094,-0.894119973278374,-0.28839983156799087
5.855,16,0.40807614802220904,0.6616382057756338,-0.2179802685681947,-0.018972755189191115,0.7787503405096123,-0.2050606103948748,-0.5852860288195477,0.21586131741395778,0.273480165768996,-0.9217909541275736,-0.3001244001366542
5.86,16,0.41307614802220893,0.6697450040898986,-0.21900220139057258,-0.02191082291313845,0.7798258476971344,-0.2037221312630247,-0.5899640883080655,0.21433205595008023,0.26194504835507415,-0.9494234104673857,-0.31152636293423164
5.865,16,0.4180761480222088,0.6778518024041633,-0.22001758515905856,-0.024872626066836656,0.7808935673990498,-0.20244081776488831,-0.5947801385154924,0.21274659255793374,0.2506152188025352,-0.9769812215698757,-0.3226050617409803
5.87,16,0.4230761480222087,0.6859586007184281,-0.22102670310306,-0.02785885352031167,0.7819532226492596,-0.20121562386337327,-0.599733715913822,0.2111065452030215,0.23949851622567142,-1.004428266707107,-0.3333598383371568
5.875,16,0.4280761480222086,0.6940653990326928,-0.22202983312380975,-0.03087019137444036,0.7830045445797201,-0.20004546432581516,-0.604824176371408,0.20941353514194605,0.22860277973877383,-1.0317284251511463,-0.34379003450301726
5.88,16,0.4330761480222085,0.7021721973469576,-0.2230272475983885,-0.033907322057932454,0.7840472724368986,-0.1989292147239784,-0.6100506951529647,0.20766918692240813,0.21793584845613445,-1.0588455761740594,-0.3538949920188187
5.885,16,0.4380761480222084,0.7102789956612223,-0.22401921318374685,-0.03697092342431185,0.7850811535982286,-0.19786571143405626,-0.6154122669195666,0.2058751283832076,0.20750556149204546,-1.085743599047913,-0.3636740526648177
5.89,16,0.4430761480222083,0.7183857939754871,-0.2250059906207274,-0.040061667848898946,0.7861059435885649,-0.19685375163666993,-0.6209077057286485,0.20403299065424252,0.19731975796079843,-1.112386373044768,-0.3731265582212708
5.8950000000000005,16,0.4480761480222091,0.7264925922897533,-0.22598783453808718,-0.0431802213257928,0.7871214060966404,-0.19589209331686958,-0.6265356450340064,0.2021444081565101,0.18738627697668303,-1.138737777436701,-0.3822518504684364
5.9,16,0.45307614802220897,0.734599390604018,-0.22696499325651892,-0.04632724256485038,0.7881273129915196,-0.1949794552641339,-0.6322945376857946,0.2002110186021064,0.17771295765399522,-1.1647616914957584,-0.39104927118656735
5.905,16,0.45807614802220886,0.7427061889182828,-0.22793770859267432,-0.04950338208867233,0.7891234443390561,-0.19411451707237018,-0.6381826559305293,0.1982344629942257,0.16830763910702415,-1.1904219944940178,-0.3995181621559215
5.91,16,0.46307614802220876,0.7508129872325475,-0.22890621566318564,-0.05270928132958211,0.7901095884183469,-0.19329591913991379,-0.6441980914110867,0.19621638562716154,0.1591781604500625,-1.21568256570354,-0.40765786515675684
5.915,16,0.46807614802220865,0.7589197855468123,-0.22987074268868773,-0.055945571726608384,0.7910855417381885,-0.19252226266952902,-0.6503387551667035,0.19415843408630545,0.15033236079740103,-1.2405072843963918,-0.4154677219693297
5.92,16,0.47307614802220854,0.767026583861077,-0.23083151079784048,-0.05921287382246693,0.7920511090535316,-0.19179210966840884,-0.6566023776329762,0.1920622592481483,0.1417780792633326,-1.2648600298446415,-0.42294707437389545
5.925,16,0.47807614802220844,0.7751333821753418,-0.2317887338313508,-0.06251179636054255,0.7930061033819376,-0.19110398294817432,-0.6629865086418624,0.18992951528027946,0.13352315496214837,-1.2887046813203498,-0.430095264150712
5.93,16,0.48307614802220833,0.7832401804896065,-0.23274261814599462,-0.06584293538187055,0.7939503460200332,-0.1904563661248753,-0.6694885174216786,0.18776185964138706,0.12557542700813995,-1.3120051180955812,-0.43691163308003517
5.9350000000000005,16,0.4880761480222091,0.7913469788038727,-0.23369336241863958,-0.06920687332211936,0.7948836665599667,-0.18984770361899037,-0.6761055925971051,0.18556095308125753,0.11794273451559814,-1.3347252194424095,-0.44339552294212226
5.94,16,0.493076148022209,0.7994537771181376,-0.2346411574502661,-0.07260417810857006,0.7958059029058625,-0.1892764006554264,-0.6828347421891765,0.18332845964077715,0.11063291659881688,-1.3568288646328899,-0.4495462755172289
5.945,16,0.4980761480222089,0.8075605754324023,-0.23558618596999076,-0.07603540225710131,0.7967169012902776,-0.18874082326351876,-0.6896727936152929,0.1810660466519296,0.10365381237208718,-1.3782799329390913,-0.4553632325856121
5.95,16,0.5030761480222088,0.8156673737466671,-0.2365286224390878,-0.07950108196916933,0.7976165162906568,-0.18823929827703156,-0.6966163936892129,0.17877538473779842,0.09701326094970075,-1.3990423036330775,-0.4608457359275284
5.955,16,0.5080761480222087,0.8237741720609318,-0.23746863285501124,-0.08300173622879009,0.7985046108457876,-0.18777011333415738,-0.7036620086210567,0.17645814781256502,0.09071910144594933,-1.4190798559869173,-0.465993127323235
5.96,16,0.5130761480222086,0.8318809703751966,-0.2384063745554173,-0.08653786589952067,0.7993810562722565,-0.18733151687751723,-0.7108059240173019,0.17411601308150965,0.08477917297512406,-1.4383564692726705,-0.470804748552987
5.965,16,0.5180761480222085,0.8399877686894613,-0.2393419960221861,-0.09010995282144185,0.800245732280904,-0.18692171815416087,-0.7180442448807894,0.17175066104101144,0.07920131465151756,-1.4568360227624062,-0.4752799413970427
5.97,16,0.5230761480222084,0.8480945670037261,-0.24027563668544427,-0.09371845890813929,0.8010985269932804,-0.1865388872155663,-0.725372895610719,0.16936377547854836,0.07399336558942093,-1.4744823957281903,-0.47941804763565793
5.9750000000000005,16,0.5280761480222091,0.8562013653179923,-0.24120742672758716,-0.09736382524368631,0.8019393369581012,-0.18618115491764034,-0.7327876200026526,0.16695704347269644,0.06916316490312609,-1.491259467442087,-0.48321840904909014
5.98,16,0.533076148022209,0.864308163632257,-0.24213748688730002,-0.10104647117962307,0.8027680671677018,-0.1858466129207181,-0.740283981248508,0.16453215539313185,0.06471855170692505,-1.5071311171761586,-0.4866803674175947
5.985,16,0.5380761480222089,0.8724149619465218,-0.24306592826358142,-0.1047667934319419,0.8035846310744947,-0.1855333136895636,-0.7478573619365677,0.1620908049006283,0.06066736511511024,-1.522061224202473,-0.48980326452142847
5.99,16,0.5430761480222088,0.8805217602607865,-0.24399285211976468,-0.10852516517806682,0.8043889506074234,-0.1852392704933693,-0.7555029640514732,0.15963468894705848,0.05701744424197196,-1.5360136677930933,-0.4925864421408473
5.995,16,0.5480761480222087,0.8886285585750513,-0.24491834968754028,-0.11232193515383637,0.8051809561884189,-0.1849624574057557,-0.7632158089742257,0.1571655077753937,0.05377662820180309,-1.5489523272200891,-0.49502924205610976
6.0,16,0.5530761480222086,0.896735356889316,-0.2458425019709775,-0.1161574267504844,0.8059605867488545,-0.18470080930477253,-0.7709907374821876,0.15468496491970404,0.050952756108895075,-1.5608410817555223,-0.49713100604747124
6.005,16,0.5580761480222085,0.9048421552035808,-0.24676537955054734,-0.12003193711162313,0.8067277897460017,-0.1844522218728975,-0.778822409749082,0.15219476720515854,0.048553667077539345,-1.5716438106714596,-0.4988910758951884
6.01,16,0.5630761480222084,0.9129489535178456,-0.247687042387144,-0.12394573623022365,0.8074825211794856,-0.1842145515970373,-0.7867053053449894,0.14969662474802453,0.04658720022202792,-1.581324393239961,-0.5003087933795181
6.015000000000001,16,0.5680761480222092,0.9210557518321117,-0.2486075396261076,-0.12789906604559953,0.8082247456077405,-0.18398561576852704,-0.7946337232363567,0.147192250955668,0.04506119465665253,-1.5898467087331036,-0.5013835002807169
6.0200000000000005,16,0.5730761480222091,0.9291625501463765,-0.24952690940124544,-0.1318921395403851,0.8089544361644648,-0.1837631924831301,-0.8026017817859827,0.14468336252655525,0.043983489495705484,-1.5971746364229393,-0.5021145383790405
6.025,16,0.578076148022209,0.9372693484606412,-0.25044517863885524,-0.1359251398375218,0.8096715745750778,-0.18354502064103878,-0.8106034187530339,0.14217167945024878,0.043361923853477355,-1.6032720555815392,-0.5025012494547466
6.03,16,0.5830761480222089,0.945376146774906,-0.25136236286174657,-0.1399982192972371,0.8103761511731736,-0.1833287999468736,-0.8186323912930328,0.13965892500741175,0.04320433684426131,-1.6081028454809683,-0.5025429752880918
6.035,16,0.5880761480222088,0.9534829450891708,-0.2522784659932631,-0.1441114986140269,0.8110681649169778,-0.18311219090968395,-0.8266822759578641,0.13714682576980486,0.04351856758234793,-1.6116308853932917,-0.5022390576593325
6.04,16,0.5930761480222086,0.9615897434034355,-0.253193480161305,-0.14826506591363758,0.8117476234058023,-0.18289281484294753,-0.8347464686957734,0.13463711160028816,0.04431245518203053,-1.6138200545905754,-0.5015888383487248
6.045,16,0.5980761480222085,0.9696965417177003,-0.2541073855023506,-0.1524589758500473,0.8124145428965013,-0.18266825386457058,-0.8428181848513645,0.1321315156528205,0.0455938387575988,-1.6146342323448848,-0.5005916591365255
6.05,16,0.6030761480222084,0.977803340031965,-0.2550201499654793,-0.156693248702449,0.8130689483199263,-0.18243605089688794,-0.850890459165603,0.12963177437245854,0.047370557423345505,-1.6140372979282833,-0.49924686180299177
6.055,16,0.6080761480222083,0.9859101383462298,-0.2559317291163928,-0.16096786947223002,0.8137108732973817,-0.18219370966666298,-0.8589561457758156,0.127139627495359,0.049650450293562354,-1.6119931306128379,-0.49755378812837936
6.0600000000000005,16,0.6130761480222091,0.994016936660496,-0.256842065941438,-0.1652827869799573,0.8143403601570811,-0.1819386947050877,-0.8670079182156885,0.12465681804877608,0.05244135648254254,-1.608465609670608,-0.4955117798929452
6.065,17,0.001309848162266647,0.0069269373622004304,-0.25775109065163504,-0.1696379129623769,0.8149574599505988,-0.1816684313720583,-0.8750382694966882,0.12218509233972856,0.055751040972097744,-1.6034188630111452,-0.49312021349245894
6.07,17,0.00630984816226654,0.03336869436025377,-0.25865872050316463,-0.17403312122461945,0.8155622324616364,-0.18138031880737626,-0.883039555545886,0.11972619390754707,0.05957927817777238,-1.5968438185954141,-0.49038219644784214
6.075,17,0.011309848162266434,0.05981045135830711,-0.2595648598241794,-0.17846824748441104,0.8161547461184516,-0.18107179974192428,-0.8910042293499646,0.11728183092615721,0.063910824397226,-1.588781774573204,-0.48730784885903144
6.08,17,0.016309848162266327,0.08625220835636044,-0.2604694003612347,-0.18294309028827122,0.8167350777570379,-0.18074039988387616,-0.8989249730550382,0.11485365781303164,0.06872877833336852,-1.579279588603233,-0.48390806482535886
6.085,17,0.02130984816226622,0.11269396535441378,-0.26137222170069335,-0.1874574121791709,0.8173033123493001,-0.18038372944789124,-0.9067947030955149,0.11244327451514628,0.07401623868910985,-1.568384118344218,-0.4801937384461568
6.09,17,0.026309848162266114,0.13913572235246713,-0.26227319169125746,-0.19201094086797368,0.8178595427307017,-0.17999948315511424,-0.9146065701940961,0.1100522265089805,0.0797563041673599,-1.5561422214548772,-0.4761757638207575
6.095,17,0.03130984816226601,0.16557747935052045,-0.2631721668665011,-0.19660337040487746,0.8184038693279122,-0.1795854402331753,-0.9223539593617772,0.10768200480051693,0.08593207347102857,-1.542600755593928,-0.47186503504849325
6.1000000000000005,17,0.03630984816226679,0.19201923634857848,-0.26406899286740276,-0.2012343623508567,0.8189363998864551,-0.17913946441619,-0.9300304898978483,0.10533404592524113,0.09252664530302698,-1.5278065784200852,-0.46727244622869535
6.105,17,0.04130984816226668,0.21846099334663183,-0.2649635048648775,-0.2059035469491005,0.8194572491983545,-0.1786595039447596,-0.9376300153898889,0.10300973194814331,0.09952311836626272,-1.511806547592072,-0.46240889146069775
6.11,17,0.046309848162266576,0.24490275034468517,-0.26585552798230994,-0.21061052429645913,0.8199665388297837,-0.17814359156597048,-0.9451466237137763,0.10071039046371572,0.1069045913636468,-1.4946475207686027,-0.4572852648438318
6.115,17,0.05130984816226647,0.2713445073427385,-0.2667448777180861,-0.2153548655148821,0.8204643968487122,-0.1775898445333947,-0.95257463703368,0.09843729459595432,0.11465416299808914,-1.4763763556083958,-0.45191246047742983
6.12,17,0.05630984816226636,0.29778626434079186,-0.2676313603681262,-0.2201361139228605,0.820950957552553,-0.17699646460708965,-0.9599086118020633,0.09619166299835852,0.12275493197249965,-1.4570399097701683,-0.44630137246082413
6.125,17,0.061309848162266256,0.32422802133884515,-0.26851477344841684,-0.22495378620686854,0.8214263611958105,-0.17636173805359828,-0.9671433387596825,0.09397465985393096,0.13118999698978823,-1.4366850409126382,-0.4404628948933469
6.13,17,0.06630984816226615,0.3506697783368985,-0.2693949061175437,-0.2298073735928049,0.8218907537177279,-0.17568403564594884,-0.9742738429355884,0.0917873948751777,0.1399424567528648,-1.4153586066945225,-0.43440792187433025
6.135,17,0.07130984816226604,0.37711153533495184,-0.27027153959922373,-0.23469634301743425,0.8223442864699345,-0.17496181266365515,-0.9812953836471243,0.0896309233041081,0.14899540996463928,-1.3931074647745396,-0.4281473475031066
6.140000000000001,17,0.07630984816226682,0.4035532923330099,-0.27114444760483786,-0.2396201382998296,0.8227871159440938,-0.17419360889271635,-0.9882034544999293,0.08750624591223448,0.15833195532802324,-1.3699784728114022,-0.42169206587900704
6.1450000000000005,17,0.08130984816226672,0.4299950493310632,-0.2720133967559626,-0.2445781813128102,0.8232194034995501,-0.17337804862561731,-0.994993783387932,0.08541430900057365,0.16793519154592323,-1.3460184884638366,-0.41505297110136596
6.15,17,0.08630984816226661,0.45643680632911654,-0.2728781470069038,-0.2495698731543884,0.8236413150909768,-0.17251384066132808,-1.0016623324933578,0.08335600439964459,0.17778821732125089,-1.3212743693905562,-0.40824095726951454
6.155,17,0.0913098481622665,0.4828785633271699,-0.2737384520672282,-0.2545945953192075,0.824053020996024,-0.17159977830530426,-1.0082052982867256,0.08133216946947004,0.18787413135691602,-1.2957929732502789,-0.40126691848278506
6.16,17,0.0963098481622664,0.5093203203252232,-0.27459405982429574,-0.259651710869984,0.8244546955429648,-0.1706347393694869,-1.0146191115268466,0.07934358709957606,0.19817603235582867,-1.2696211577017218,-0.3941417488405098
6.165,17,0.10130984816226629,0.5357620773232765,-0.2754447127657926,-0.26474056560894943,0.8248465168383446,-0.16961768617230244,-1.0209004372608266,0.07739098570899205,0.20867701902089858,-1.2428057804036026,-0.3868763424420209
6.17,17,0.10630984816226619,0.5622038343213299,-0.2762901484022631,-0.26986048924929146,0.8252286664946272,-0.16854766553866285,-1.0270461748240642,0.07547503924625074,0.21936019005503585,-1.215393699014639,-0.3794815933866507
6.175,17,0.11130984816226608,0.5886455913193832,-0.2771300996896426,-0.27501079658659544,0.825601329357843,-0.1674238087999655,-1.0330534578402524,0.07359636718938821,0.23020864416115022,-1.187431771193549,-0.37196839577373136
6.18,17,0.11630984816226597,0.6150873483174366,-0.27796429545178936,-0.280190788670286,0.8259646932352364,-0.1662453317940932,-1.0389196542213772,0.07175553454594386,0.24120548004215162,-1.1589668545990492,-0.36434764370259515
6.1850000000000005,17,0.12130984816226675,0.6415291053154946,-0.2787924608030175,-0.2853997539750692,0.8263189486229128,-0.16501153486541414,-1.0446423661677193,0.06995305185296015,0.252333796400952,-1.1300458068898533,-0.35663023127257293
6.19,17,0.12630984816226665,0.667970862313548,-0.2796143175706289,-0.29063696957237084,0.8266642884334872,-0.16372180286478238,-1.0502194301678498,0.06818937517698381,0.2635766919404573,-1.1007154857246881,-0.34882705258299973
6.195,17,0.13130984816226654,0.6944126193116013,-0.2804295847174461,-0.2959017023017826,0.8270009077237305,-0.16237560514953692,-1.0556489169986372,0.06646490611406393,0.27491726536357947,-1.0710227487622668,-0.3409490017332064
6.2,17,0.13630984816226643,0.7208543763096547,-0.28123797876434475,-0.30119320994250065,0.8273290034222183,-0.16097249558350243,-1.0609291317252416,0.0647799917897533,0.2863386153732283,-1.0410144536613066,-0.33300697282252517
6.205,17,0.14130984816226633,0.7472961333077079,-0.2820392142127855,-0.3065107423847676,0.8276487740569769,-0.15951211253698896,-1.066058613701117,0.06313492485910802,0.29782384067231366,-1.010737458080525,-0.3250118599502884
6.21,17,0.14630984816226622,0.7737378903057613,-0.282833003967347,-0.31185354280131394,0.8279604194831325,-0.1579941788867921,-1.0710361365680114,0.06152994350668753,0.30935603996374567,-0.9802386196786402,-0.3169745572158281
6.215,17,0.15130984816226611,0.8001796473038146,-0.2836190597582579,-0.31722084881879986,0.8282641406105571,-0.1564185020161928,-1.075860708255966,0.059965231446554614,0.320918311950434,-0.9495647961143694,-0.3089059587184767
6.22,17,0.156309848162266,0.8266214043018679,-0.2843970925639297,-0.32261189368925636,0.8285601391315173,-0.15478497381495757,-1.0805315709833154,0.058440917922275425,0.3324937553352888,-0.9187628450464299,-0.3008169585575665
6.2250000000000005,17,0.1613098481622668,0.853063161299926,-0.28516681303348884,-0.32802590746152777,0.8288486172483209,-0.1530935706793379,-1.085048201256689,0.05695707770691914,0.34406546882122174,-0.8878796241335343,-0.2927184508324281
6.23,17,0.16630984816226668,0.8795049182979794,-0.285927931909309,-0.33346211815270954,0.829129777400965,-0.15134435351207182,-1.0894103098710075,0.055513731103059086,0.3556165511111388,-0.8569619910344113,-0.28462132964239667
6.235,17,0.17130984816226658,0.9059466752960327,-0.286680160449544,-0.3389197529195952,0.8294038219947836,-0.14953746772238177,-1.093617841909487,0.05411084394277118,0.36713010090795206,-0.8260568034077724,-0.2765364890868031
6.24,17,0.17630984816226647,0.932388432294086,-0.2874232108506601,-0.34439803923011425,0.8296709531280941,-0.14767314322597602,-1.0976709767436372,0.05274832758763485,0.3785892169145711,-0.795210918912336,-0.2684748232649797
6.245,17,0.18130984816226636,0.9588301892921394,-0.2881567966699681,-0.34989620603477445,0.8299313723198465,-0.1457516944450483,-1.1015701280332604,0.05142603892873293,0.38997699783390616,-0.7644711952068186,-0.2604472262762585
6.25,17,0.18630984816226626,0.9852719462901927,-0.288880633248156,-0.3554134849381032,0.830185280237269,-0.14377352030827767,-1.1053159437264528,0.05014378038665159,0.401276542368867,-0.7338844899499389,-0.2524645922199719
6.255,18,0.0022150009337700283,0.0006627193824464021,-0.2895944381317601,-0.36094911136991975,0.8304328764235566,-0.1417391041123648,-1.1089093056786534,0.04890130000030748,0.41247119927136605,-0.7034969728517193,-0.24453765478537767
6.26,18,0.007215000933769922,0.002158699299074272,-0.2902979314735109,-0.36650232569573815,0.8306743590397506,-0.13964899862640384,-1.1123512886709712,0.04769830098270786,0.42355195906351867,-0.6733337891599197,-0.23667224535493844
6.265000000000001,18,0.012215000933770703,0.003654679215702407,-0.29099083625386535,-0.3720723738352036,0.8309099247213309,-0.1375037745858268,-1.1156430187038588,0.0465344747628374,0.434518680397184,-0.6433956856315971,-0.22886850627682687
6.2700000000000005,18,0.017215000933770597,0.005150659132330276,-0.29167287830404887,-0.37765850733443274,0.831139768562142,-0.13530400129373382,-1.1187856196264157,0.045409513430186926,0.4453717189495801,-0.6136820415800597,-0.2211262610502152
6.275,18,0.02221500093377049,0.006646639048958146,-0.2923437862973568,-0.3832599833510322,0.8313640841186823,-0.13305024627483783,-1.1217802121843095,0.04432310995675084,0.4561114303979312,-0.5841922363186,-0.21344533317427167
6.28,18,0.027215000933770384,0.008142618965586016,-0.2930032917402619,-0.38887606463857727,0.8315830634145167,-0.13074307527546597,-1.1246279140197737,0.04327495819702786,0.4667381704194591,-0.5549256491605153,-0.2058255461481657
6.285,18,0.03221500093377028,0.009638598882213885,-0.2936511289635227,-0.394506019531096,0.8317968969446882,-0.12838305226355934,-1.127329839671609,0.04226475288802088,0.47725229469138597,-0.5258816594191038,-0.19826672347106686
6.29,18,0.03721500093377017,0.011134578798841754,-0.2942870351132913,-0.40014912192755175,0.8320057736801315,-0.12597073942867285,-1.1298871005751814,0.04129218964923694,0.4876541588909338,-0.49705964640766276,-0.1907686886421447
6.295,18,0.042215000933770064,0.012630558715469625,-0.2949107501422218,-0.4058046512763261,0.8322098810720853,-0.12350669718197536,-1.1323008050624241,0.04035696498268723,0.49794411869532473,-0.4684589894394898,-0.18333126516056866
6.3,18,0.04721500093376996,0.014126538632097493,-0.2955220168005781,-0.4114718925597018,0.832409405056504,-0.12099148415624959,-1.134572058361837,0.0394587762728871,0.5081225297817809,-0.4400790678278827,-0.17595427652550838
6.305,18,0.05221500093376985,0.015622518548725364,-0.29612058062734203,-0.4171501362783454,0.8326045300584713,-0.11842565720589217,-1.136701962598486,0.03859732178685604,0.518189747827524,-0.41191926088613906,-0.16863754623613333
6.3100000000000005,18,0.05721500093377063,0.017118498465353498,-0.29670618994132153,-0.42283867843579126,0.8327954389966123,-0.11580977140691315,-1.138691616794004,0.03777230067411757,0.5281461285097782,-0.3839789479275517,-0.1613808977916118
6.315,18,0.062215000933770526,0.018614478381981367,-0.29727859583225835,-0.42853682052292036,0.8329823132875057,-0.11314438005693785,-1.1405421168665892,0.036983412966699776,0.5379920275057619,-0.3562575082654281,-0.15418415469111585
6.32,18,0.06721500093377042,0.02011045829860924,-0.29783755215193675,-0.4342438695024491,0.8331653328500968,-0.11043003467520406,-1.1422545556310078,0.03623035957913445,0.547727800492699,-0.3287543212130609,-0.14704714043381373
6.325,18,0.07221500093377031,0.021606438215237108,-0.298382815505291,-0.4399591377934079,0.8333446761101095,-0.10766728500256399,-1.1438300227985916,0.03551284230845772,0.5573538031478112,-0.3014687660837478,-0.13996967851887496
6.33,18,0.0772150009337702,0.023102418131864977,-0.2989141452415138,-0.4456819432556256,0.8335205200044596,-0.10485667900148374,-1.145269604977239,0.03483056383420984,0.566870391148321,-0.27440022219078647,-0.1329515924454691
6.335,18,0.0822150009337701,0.024598398048492846,-0.29943130344516405,-0.45141160917421164,0.8336930399856667,-0.10199876285604322,-1.1465743856714155,0.034183227718435225,0.5762779201714504,-0.24754806884747452,-0.12599270571276566
6.34,18,0.08721500093376999,0.026094377965120714,-0.2999340549272752,-0.4571474642440395,0.8338624100262667,-0.09909408097193628,-1.147745445282152,0.03357053840568243,0.5855767458944212,-0.22091168536710953,-0.11909284181993414
6.345,18,0.09221500093376989,0.027590357881748587,-0.30042216721646325,-0.46288884255422896,0.8340288026232247,-0.0961431759764707,-1.1487838611070469,0.032992201223004176,0.5947672239944557,-0.1944904510629894,-0.1122518242661441
6.3500000000000005,18,0.09721500093377067,0.02908633779837672,-0.3008954105500347,-0.46863508357263034,0.834192388802347,-0.09314658871856753,-1.1496907073402647,0.03244792237995723,0.6038497101487773,-0.1682837452484069,-0.10546947655056388
6.355,18,0.10221500093377056,0.03058231771500459,-0.3013535578650946,-0.4743855321303032,0.8343533381226946,-0.09010485826876333,-1.1504670550725358,0.031937408968602816,0.612824560034605,-0.14229094723666902,-0.09874562217236538
6.36,18,0.10721500093377045,0.03207829763163246,-0.30179638478965487,-0.48013953840600515,0.8345118186809946,-0.08701852191920705,-1.151113972291158,0.031460368963506014,0.6216921293291625,-0.11651143634106888,-0.09208008463071696
6.365,18,0.11221500093377035,0.03357427754826033,-0.30222366963374214,-0.48589645791067065,0.8346679971160529,-0.08388811518366193,-1.1516325238799956,0.03101651122173614,0.6304527737096717,-0.09094459187490389,-0.08547268742478813
6.37,18,0.11721500093377024,0.0350702574648882,-0.30263519338050593,-0.491655651471895,0.8348220386131676,-0.08071417179750516,-1.1520237716194783,0.030605545482866668,0.6391068488533547,-0.06558979315147208,-0.07892325405374843
6.375,18,0.12221500093377013,0.03656623738151607,-0.30303073967732663,-0.497416485218417,0.8349741069085408,-0.07749722371772785,-1.1522887741866035,0.03022718236897524,0.6476547104374337,-0.04044641948407069,-0.07243160801676735
6.38,18,0.12721500093377003,0.038062217298143936,-0.3034100948269236,-0.5031783305646018,0.835124364293691,-0.07423780112293495,-1.1524285871549347,0.029881133384643637,0.6560967141391306,-0.015513850185997676,-0.0659975728130145
6.385,18,0.13221500093376992,0.03955819721477181,-0.3037730477784634,-0.5089405641949241,0.8352729716198659,-0.0709364324133453,-1.1524442629946012,0.029567110916957778,0.6644332156356676,0.009208535429449488,-0.05962097194165928
6.390000000000001,18,0.1372150009337707,0.041054177131399944,-0.3041193901186677,-0.5147025680484512,0.8354200883024553,-0.06759364421079105,-1.1523368510723,0.029284828235507723,0.6726645706042681,0.033721358048977614,-0.05330162890187023
6.3950000000000005,18,0.1422150009337706,0.042550157048027816,-0.30444891606292096,-0.5204637293033225,0.8355658723254026,-0.06420996135872002,-1.1521073976512934,0.02903399949238781,0.6807911347221511,0.05802523835928001,-0.04703936719281904
6.4,18,0.1472150009337705,0.04404613696465568,-0.30476142244637955,-0.5262234403612381,0.8357104802456183,-0.060785906922192164,-1.1517569458914114,0.028814339722196367,0.6888132636665404,0.08212079704706347,-0.04083401031367417
6.405,18,0.15221500093377038,0.045542116881283554,-0.30505670871507873,-0.5319810988319379,0.8358540671973922,-0.057322002187881874,-1.1512865358490494,0.02862556484203595,0.6967313131146577,0.10600865479903054,-0.034685381763605125
6.41,18,0.15721500093377028,0.04703809679791142,-0.3053345769170413,-0.537736107517685,0.8359967868968057,-0.053818766664077484,-1.1506972044771697,0.02846739165151325,0.7045456387437254,0.12968943230188326,-0.028593305041781435
6.415,18,0.16221500093377017,0.04853407671453929,-0.30559483169338564,-0.5434878743977485,0.8361387916461446,-0.05027671808068114,-1.1499899856253013,0.02833953783273912,0.7122565962309655,0.15316375024232448,-0.022557603647372578
6.42,18,0.16721500093377006,0.050030056631167164,-0.30583728026943346,-0.5492358126128869,0.8362802323383114,-0.046696372389208984,-1.1491659100395393,0.028241721950328553,0.7198645412535999,0.17643222930705604,-0.016578101079548154
6.425,18,0.17221500093376996,0.05152603654779503,-0.30606173244581825,-0.5549793404498307,0.8364212584612379,-0.04307824376279095,-1.1482260053625457,0.028173663451400717,0.7273698294888508,0.1994954901827805,-0.010654620837477678
6.43,18,0.17721500093376985,0.0530220164644229,-0.30626800058959314,-0.5607178813257645,0.8365620181022981,-0.0394228445961709,-1.1471712961335487,0.028135082665578903,0.73477281661394,0.2223541535562004,-0.004786986420330672
6.4350000000000005,18,0.18221500093377063,0.05451799638105104,-0.30645589962533903,-0.5664508637728123,0.8367026579527201,-0.03573068550570593,-1.1460028037883427,0.028125700804990588,0.7420738583060911,0.24500884011402171,0.0010249786727243777
6.44,18,0.18721500093377053,0.0560139762976789,-0.3066252470262726,-0.5721777214225148,0.8368433233119988,-0.032002275329369036,-1.14472154665929,0.028145239964267373,0.7492733102425235,0.267460170542939,0.006781450942515884
6.445,18,0.19221500093377042,0.057509956214306775,-0.3067758628053544,-0.5778978929903191,0.8369841580923087,-0.02823812112674503,-1.1433285399753172,0.028193423120545024,0.7563715281004604,0.2897087655296586,0.012482606889875323
6.45,18,0.1972150009337703,0.05900593613093465,-0.306907569506397,-0.5836108222600578,0.8371253048229164,-0.024438728179033368,-1.141824795861919,0.028269974133463462,0.7633688675571241,0.31175524576088265,0.018128623015633175
6.455,18,0.2022150009337702,0.06050191604756251,-0.30702019219517307,-0.5893159580684316,0.8372669046545923,-0.020604599989047356,-1.1402113233411564,0.028374617745166728,0.7702656842897365,0.3336002319233138,0.02371967582061992
6.46,18,0.2072150009337701,0.061997895964190385,-0.30711355845052324,-0.5950127542894936,0.8374090973640247,-0.016736238281214216,-1.1384891283316563,0.028507079580303085,0.7770623339755197,0.35524434470365435,0.029255941805665996
6.465,18,0.21221500093377,0.06349387588081826,-0.30718749835546433,-0.6007006698191311,0.8375520213582307,-0.012834143001574998,-1.1366592136486122,0.028667086146024878,0.7837591722916958,0.37668820478860654,0.034737597471601926
6.47,18,0.2172150009337699,0.06498985579744612,-0.3072418444882975,-0.6063791685595489,0.8376958136789696,-0.008898812317784716,-1.1347225790037847,0.02885436483198863,0.7903565549154865,0.3979324328648728,0.04016481931925815
6.4750000000000005,18,0.22221500093377067,0.06648583571407425,-0.3072764319137162,-0.612047719403753,0.8378406100071555,-0.004930742619111558,-1.1326802210054998,0.029068643910355067,0.7968548375241156,0.418977649619159,0.04553778384946615
6.48,18,0.22721500093377056,0.06798181563070213,-0.3072910981739141,-0.6177057962200294,0.8379865446672693,-0.0009304285164396168,-1.1305331331586517,0.029309652535788953,0.8032543757948025,0.43982447573816047,0.0508566675630544
6.485,18,0.23221500093377045,0.06947779554733,-0.3072856832796935,-0.6233528778364332,0.8381337506317714,0.003101637157735106,-1.1282823058646994,0.029577120745459293,0.8095555254047703,0.46047353190858287,0.05612164696085436
6.49,18,0.23721500093377035,0.07097377546395786,-0.30726002970157323,-0.6289884480252668,0.8382823595255147,0.007164963349302079,-1.125928726421669,0.029870779459039216,0.8157586420312413,0.4809254388171284,0.06133289854369649
6.495,18,0.24221500093377024,0.07246975538058574,-0.30721398236089653,-0.6346119954875646,0.8384325016301563,0.011259060782536906,-1.1234733790241533,0.030190360478706026,0.8218640813514374,0.5011808171505003,0.0664905988124114
6.5,18,0.24721500093377013,0.0739657352972136,-0.30714738862093943,-0.640223013837575,0.8385843058885707,0.015383441960101192,-1.1209172447633116,0.03053559648914115,0.8278721990425808,0.5212402875954,0.07159492426782928
6.505,18,0.25221500093377003,0.07546171521384147,-0.3070600982780187,-0.6458210015872439,0.838737899909262,0.019537621163042806,-1.1182613016268692,0.03090622105753019,0.8337833507818934,0.5411044708385302,0.07664605141078082
6.51,18,0.2572150009337699,0.07695769513046935,-0.3069519635525998,-0.651405462130697,0.8388934099707763,0.02372111445079562,-1.1155065244991182,0.03130196863356289,0.8395978922465973,0.5607739875665934,0.08164415674209646
6.515000000000001,18,0.2622150009337707,0.07845367504709748,-0.30682283908040514,-0.6569759037287242,0.839050961026115,0.027933439661180372,-1.1126538851609167,0.03172257454943321,0.8453161791139154,0.5802494584662947,0.08658941676260748
6.5200000000000005,18,0.2672150009337706,0.07994965496372534,-0.30667258190352203,-0.6625318394932577,0.8392106767071459,0.03217411641040171,-1.109704352289691,0.03216777501983906,0.850938567061068,0.5995315042243307,0.09148200797314265
6.525,18,0.2722150009337705,0.08144563488035322,-0.30650105146151085,-0.6680727873718615,0.8393726793290172,0.03644266609305263,-1.106658891459432,0.032637307141982715,0.8564654117652782,0.6186207455274062,0.09632210687453331
6.53,18,0.2772150009337704,0.08294161479698109,-0.306308109582513,-0.6735982701322101,0.8395370898945691,0.04073861188211145,-1.1035184651406975,0.03313090889557052,0.8618970689037678,0.637517803062224,0.10110988996760996
6.535,18,0.2822150009337703,0.08443759471360895,-0.30609362047435895,-0.6791078153465717,0.8397040280987467,0.04506147872894263,-1.1002840327006123,0.03364831914281297,0.8672338941537591,0.6562232975154862,0.10584553375320291
6.54,18,0.28721500093377017,0.08593357463023683,-0.3058574507156765,-0.6846009553762923,0.8398736123330122,0.04941079336329676,-1.0969565504028675,0.03418927762842477,0.8724762431924739,0.6747378495738958,0.110529214732143
6.545,18,0.29221500093377006,0.0874295545468647,-0.30559946924699866,-0.690077227356277,0.8400459596897578,0.05378608429331045,-1.0935369714077205,0.03475352497962468,0.8776244716971342,0.6930620799241544,0.11516110940526023
6.55,18,0.29721500093376996,0.08892553446349256,-0.3053195473618719,-0.695536173179474,0.8402211859667182,0.058186881805506505,-1.0900262457719951,0.0353408027061357,0.8826789353449624,0.7111966092529646,0.11974139427338537
6.555,18,0.30221500093376985,0.09042151438012043,-0.30501755869796393,-0.700977339481357,0.8403994056713827,0.06261271796479384,-1.0864253204490821,0.0359508532001849,0.8876399898131804,0.7291420582470288,0.12427024583734878
6.5600000000000005,18,0.30721500093377063,0.09191749429674857,-0.3046933792281721,-0.7064002776244092,0.8405807320254082,0.06706312661446825,-1.082735139288938,0.036583419736503704,0.8925079907790111,0.7468990475930523,0.12874784059798183
6.565,18,0.3122150009337705,0.09341347421337644,-0.30434688725173126,-0.7118045436826017,0.8407652769690312,0.07153764337620928,-1.0789566430380866,0.03723824647232731,0.8972832939196748,0.7644681979777316,0.1331743550561134
6.57,18,0.3172150009337704,0.0949094541300043,-0.3039779633853219,-0.7171896984258829,0.8409531511654811,0.07603580565008486,-1.0750907693396186,0.037915078447395355,0.9019662549123943,0.7818501300877715,0.13754996571257458
6.575,18,0.3222150009337703,0.09640543404663218,-0.30358649055417825,-0.7225553073046569,0.841144464005392,0.0805571526145485,-1.071138452733189,0.03861366158395161,0.906557229434392,0.7990454646098752,0.141874849068196
6.58,18,0.3272150009337702,0.09790141396326005,-0.3031723539831962,-0.7279009404342673,0.8413393236112153,0.08510122522643948,-1.0671006246550219,0.039333742686743944,0.9110565731628896,0.8160548222307443,0.14614918162380813
6.585,18,0.3322150009337701,0.09939739387988791,-0.3027354411880416,-0.733226172579481,0.8415378368416329,0.08966756622098336,-1.0629782134379062,0.04007506944302436,0.9154646417751093,0.832878823637082,0.15037313988024126
6.59,18,0.33721500093377,0.10089337379651579,-0.30227564196625806,-0.7385305831389694,0.8417401092959687,0.09425572011179198,-1.0587721443111975,0.0408373904225491,0.9197817909482732,0.8495180895155896,0.1545469003383262
6.595,18,0.3422150009337699,0.10238935371314366,-0.3017928483883754,-0.7438137561297924,0.8419462453186018,0.09886523319086288,-1.0544833394008188,0.0416204550775784,0.9240083763596031,0.8659732405529699,0.158670639498893
6.6000000000000005,18,0.34721500093377067,0.10388533362977179,-0.30128695478901707,-0.7490752801718821,0.8421563480033792,0.1034956535285809,-1.050112717729258,0.04242401374287697,0.9281447536863223,0.8822448974359285,0.16274453386277318
6.605,18,0.35221500093377056,0.10538131354639967,-0.30075785775800923,-0.7543147484725212,0.8423705191980275,0.10814653097371442,-1.0456611952155719,0.04324781763571315,0.9321912786056509,0.8983336808511615,0.16676875993079576
6.61,18,0.35721500093377045,0.10687729346302753,-0.3002054561314878,-0.7595317588108323,0.8425888595085661,0.11281741715342027,-1.0411296846753817,0.04409161885585986,0.9361483067948118,0.9142402114853745,0.17074349420379173
6.615,18,0.36221500093377035,0.1083732733796554,-0.29962965098300703,-0.7647259135222566,0.8428114683037197,0.11750786547324071,-1.0365190958208756,0.04495517038559403,0.9400161939310272,0.9299651100252694,0.1746689131825917
6.62,18,0.36721500093377024,0.10986925329628328,-0.2990303456146475,-0.7698968194830375,0.8430384437193303,0.12221743111710415,-1.0318303352608085,0.045838226089696794,0.9437952956915189,0.945508997157549,0.17854519336802607
6.625,18,0.37221500093377013,0.11136523321291114,-0.2984074455481242,-0.7750440880947033,0.8432698826627704,0.12694567104732488,-1.0270643065005016,0.04674054071545336,0.9474859677535091,0.9608724935689156,0.18237251126092544
6.63,18,0.37721500093377003,0.112861213129539,-0.2977608585158946,-0.7801673352685508,0.8435058808173549,0.13169214400460358,-1.0222219099418433,0.04766186989265316,0.95108856579422,0.9760562199460708,0.18615104336212
6.635,18,0.3822150009337699,0.11435719304616689,-0.29709049445226676,-0.7852661814101274,0.8437465326467541,0.1364564105080268,-1.0173040428832871,0.04860197013358975,0.9546034454908735,0.9910607969757183,0.1898809661724406
6.640000000000001,18,0.3872150009337707,0.11585317296279501,-0.29639626548450704,-0.7903402514037152,0.843991931399406,0.1412380328550682,-1.0123115995198535,0.04956059883306095,0.9580309625206922,1.0058868453445617,0.19356245619271806
6.6450000000000005,18,0.3922150009337706,0.11734915287942288,-0.295678085923949,-0.7953891745968102,0.8442421691129288,0.14603657512158502,-1.007245470943131,0.05053751426836835,0.961371472560897,1.0205349857392991,0.19719568992378173
6.65,18,0.3972150009337705,0.11884513279605076,-0.2949358722571005,-0.8004125847846102,0.8444973366185334,0.15085160316182303,-1.002106545141273,0.05153247559931812,0.9646253312887106,1.0350058388466352,0.20078084386646272
6.655,18,0.4022150009337704,0.12034111271267862,-0.29416954313675236,-0.8054101201944944,0.8447575235454362,0.1556826846084133,-0.9968957069989993,0.05254524286822037,0.967792894381355,1.049300025353272,0.2043180945215913
6.66,18,0.4072150009337703,0.12183709262930649,-0.29337901937308625,-0.8103814234705071,0.8450228183252712,0.1605293888723731,-0.991613838297597,0.05357557699988943,0.9708745175160524,1.063418165945912,0.20780761838999812
6.665,18,0.41221500093377017,0.12333307254593437,-0.2925642239247828,-0.8153261416578406,0.8452933081965028,0.16539128714310575,-0.9862618177149193,0.054623239801643825,0.9738705563700246,1.077360881311258,0.21124959197251367
6.67,18,0.41721500093377006,0.12482905246256223,-0.29172508189012974,-0.8202439261873171,0.8455690792088384,0.17026795238840067,-0.9808405208253856,0.055687993963306086,0.9767813666204938,1.0911287921360115,0.21464419176996835
6.675,18,0.42221500093376996,0.1263250323791901,-0.29086152049812974,-0.8251344328598734,0.8458502162276406,0.17515895935443332,-0.9753508200999826,0.056769603057203064,0.9796073039446819,1.1047225191068761,0.2179915942831925
6.68,18,0.42721500093376985,0.12782101229581797,-0.28997346909960875,-0.8299973218310419,0.8461368029383398,0.18006388456576547,-0.9697935849062624,0.05786783153816564,0.9823487240198113,1.1181426829105527,0.221291976013017
6.6850000000000005,18,0.43221500093377063,0.1293169922124461,-0.2890608591583237,-0.8348322575954354,0.8464289218508473,0.18498230632534574,-0.9641696815083437,0.058982444743529115,0.9850059825231042,1.131389904233747,0.22454551346027254
6.69,18,0.4372150009337705,0.13081297212907397,-0.28812362424207133,-0.839638908971226,0.8467266543039665,0.18991380471450614,-0.958479973066914,0.06011320889313228,0.9875794351317819,1.1444648037631566,0.22775238312578852
6.695,18,0.4422150009337704,0.13230895204570184,-0.2871617000137953,-0.8444169490846329,0.8470300804698072,0.19485796159296764,-0.9527253196392241,0.061259891089318785,0.9900694375230668,1.1573680021854853,0.23091276151039594
6.7,18,0.4472150009337703,0.1338049319623297,-0.2861750242226948,-0.8491660553544029,0.8473392793581964,0.1998143605988363,-0.9469065781790934,0.062422259316936034,0.9924763453741807,1.1701001201874366,0.2340268251149254
6.705,18,0.4522150009337702,0.1353009118789576,-0.2851635366953326,-0.8538859094762927,0.8476543288210922,0.20478258714860437,-0.9410246025369062,0.06360008244333587,0.9948005143623463,1.1826617784557125,0.23709475044020745
6.71,18,0.4572150009337701,0.13679689179558546,-0.284127179326743,-0.8585761974075524,0.8479753055569952,0.2097622284371501,-0.9350802434596146,0.06479313021837407,0.9970423001647851,1.1950535976770147,0.2401167139870722
6.715,18,0.46221500093377,0.13829287171221333,-0.28306589607153987,-0.8632366093514084,0.8483022851153619,0.21475287343773788,-0.9290743485907368,0.06600117327441059,0.9992020584587196,1.2072761985380465,0.24309289225635028
6.72,18,0.4672150009337699,0.1397888516288412,-0.281979632935025,-0.8678668397415462,0.8486353419010166,0.2197541129020182,-0.9230077624703572,0.06722398312630959,1.0012801449213713,1.2193302017255097,0.24602346174887255
6.7250000000000005,18,0.47221500093377067,0.14128483154546934,-0.28086833796429544,-0.8724665872265936,0.8489745491785646,0.22476553936002874,-0.9168813265351256,0.0684613321714396,1.0032769152299632,1.2312162279261083,0.2489085989654694
6.73,18,0.47721500093377056,0.1427808114620972,-0.27973196123935307,-0.877035554654601,0.8493199790768039,0.22978674712019045,-0.9106958791182621,0.06971299368967258,1.0051927250617163,1.2429348978265418,0.2517484804069705
6.735,18,0.48221500093377045,0.14427679137872507,-0.27857045486421084,-0.8815734490575288,0.8496717025931382,0.23481733226931312,-0.9044522554495495,0.07097874184338548,1.0070279300938527,1.2544868321135128,0.2545432825742071
6.74,18,0.48721500093377035,0.14577277129535293,-0.2773837729580019,-0.8860799816357263,0.8500297895979892,0.23985689267259147,-0.8981512876553385,0.07225835167745892,1.008782886003595,1.2658726514737255,0.25729318196800927
6.745,18,0.49221500093377024,0.1472687512119808,-0.27617187164608753,-0.8905548677424168,0.85039430883921,0.24490502797360678,-0.8917938047585462,0.07355159911927782,1.0104579484681653,1.2770929765938817,0.25999835508920766
6.75,18,0.49721500093377013,0.1487647311286087,-0.2749347090511651,-0.8949978268681789,0.8507653279464957,0.24996133959432631,-0.8853806326786556,0.07485826097873129,1.012053473164785,1.2881484281606825,0.2626589784386329
6.755,18,0.50221500093377,0.15026071104523656,-0.27367224528437634,-0.8994085826254304,0.8511429134357983,0.25502543073510325,-0.8789125942317173,0.07617811494821256,1.013569815770677,1.299039626860832,0.265275228517115
6.76,18,0.5072150009337699,0.15175669096186442,-0.27238444243641496,-0.9037868627329109,0.8515271307137371,0.26009690637467703,-0.8723905091303473,0.07751093960261887,1.0150073319630626,1.3097671933810318,0.26784728182548506
6.765000000000001,18,0.5122150009337707,0.15325267087849256,-0.27107126456863495,-0.9081323990001647,0.8519180440820127,0.2651753732701741,-0.8658151939837282,0.07885651439935211,1.0163663774191642,1.320331748407986,0.2703753148645734
6.7700000000000005,18,0.5172150009337706,0.15474865079512043,-0.26973267770415943,-0.912444927312022,0.8523157167418186,0.2702604399571043,-0.859187462297611,0.08021461967831736,1.0176473078162043,1.3307339126283928,0.27285950413520993
6.775,18,0.5222150009337705,0.1562446307117483,-0.2683686498189872,-0.9167241876130845,0.8527202107982546,0.27535171674936615,-0.8525081244743108,0.08158503666192479,1.018850478831404,1.3409743067289572,0.2753000261382257
6.78,18,0.5272150009337704,0.15774061062837616,-0.266979150833102,-0.9209699238922068,0.8531315872647381,0.2804488157392437,-0.8457779878127103,0.08296754745508825,1.0199762461419857,1.3510535513963817,0.2776970573744508
6.785,18,0.5322150009337703,0.15923659054500403,-0.26556415260157984,-0.9251818841669791,0.853549906067418,0.28555135079740684,-0.8389978565082581,0.08436193504522597,1.0210249654251717,1.3609722673173683,0.28005077434471587
6.79,18,0.5372150009337702,0.1607325704616319,-0.26412362890569785,-0.9293598204682102,0.8539752260495861,0.2906589375729115,-0.8321685316529697,0.08576798330226013,1.021996992358184,1.370731075178618,0.2823613535498515
6.795,18,0.5422150009337701,0.16222855037825976,-0.2626575554440417,-0.9335034888244106,0.8544076049760904,0.29577119349320014,-0.8252908112354271,0.08718547697861724,1.0228926826182445,1.3803305956668357,0.2846289714906881
6.8,18,0.54721500093377,0.16372453029488765,-0.26116590982361365,-0.9376126492462749,0.8548470995377471,0.3008877377641009,-0.8183654901407789,0.08861420170922785,1.0237123918825755,1.3897714494687226,0.286853804668056
6.805,18,0.5522150009337699,0.16522051021151551,-0.2596486715509414,-0.941687065711165,0.8552937653557532,0.3060081913698282,-0.8113933601507398,0.09005394401152667,1.0244564758283987,1.3990542572709799,0.28903602958278574
6.8100000000000005,18,0.5572150009337706,0.16671649012814363,-0.25810582202318494,-0.9457265061475933,0.8557476569860993,0.31113217707298346,-0.8043752099435899,0.09150449128545288,1.0251252901329366,1.408179639760313,0.29117582273570825
6.815,18,0.5622150009337705,0.16821247004477152,-0.25653734451924615,-0.9497307424197033,0.8562088279239821,0.3162593194145516,-0.7973118250941794,0.09296563181344901,1.0257191904734109,1.4171482176234216,0.29327336062765313
6.82,18,0.5672150009337704,0.1697084499613994,-0.25494322419087534,-0.953699550311756,0.8566773306082165,0.32138924471390595,-0.7902039880739218,0.09443715476046245,1.0262385325270438,1.4259606115470074,0.29532881975945136
6.825,18,0.5722150009337703,0.17120442987802725,-0.2533234480537801,-0.95763270951261,0.8571532164256485,0.3265215810688058,-0.7830524782507975,0.0959188501739446,1.0266836719710568,1.4346174422177744,0.2973423766319332
6.83,18,0.5772150009337702,0.17270040979465512,-0.2516780049787333,-0.9615300036002057,0.8576365357155676,0.3316559583553957,-0.7758580718893545,0.0974105089838509,1.027054964482673,1.443119330322425,0.29931420774592954
6.835,18,0.5822150009337701,0.17419638971128298,-0.2500068856826813,-0.9653912200260472,0.8581273377741194,0.33679200822820693,-0.7686215421507061,0.09891192300264107,1.0273527657391135,1.4514668965476607,0.30124448960227035
6.84,18,0.58721500093377,0.17569236962791085,-0.2483100827198516,-0.9692161500996858,0.8586256708587181,0.34192936412015656,-0.7613436590925327,0.10042288492527883,1.0275774314176012,1.4596607615801842,0.3031333987017864
6.845,18,0.5922150009337699,0.17718834954453874,-0.24658759047286122,-0.9730045889732027,0.8591315821924587,0.3470676612425482,-0.7540251896690813,0.10194318832923216,1.0277293171953572,1.467701546106698,0.30498111154530816
6.8500000000000005,18,0.5972150009337707,0.17868432946116686,-0.24483940514382446,-0.9767563356256922,0.8596451179685303,0.3522065365850716,-0.7466668977311636,0.1034726276744735,1.0278087787496044,1.4755898708139057,0.3067878046336663
6.855,18,0.6022150009337706,0.18018030937779472,-0.24306552474546203,-0.9804711928477421,0.8601663233546274,0.357345628915801,-0.7392695440261622,0.10501099830347856,1.0278161717575642,1.4833263563885077,0.3085536544676906
6.86,18,0.6072150009337705,0.18167628929442262,-0.2412659490922075,-0.9841489672259207,0.8606952424973638,0.36248457878119883,-0.7318338861980219,0.10655809644122782,1.0277518518964595,1.490911623517206,0.310278837548212
6.865,18,0.6122150009337703,0.18317226921105048,-0.2394406797913164,-0.9877894691272567,0.8612319185266843,0.36762302850611234,-0.7243606787872557,0.10811371919520614,1.0276161748435113,1.4983462928867044,0.3119635303760611
6.87,18,0.6172150009337702,0.18466824912767835,-0.23758972023397404,-0.991392512683723,0.8617763935602772,0.372760622193776,-0.7168506732309425,0.10967766455540202,1.0274094962759421,1.5056309851837046,0.31360790945206796
6.875,18,0.6222150009337701,0.1861642290443062,-0.2357130755864036,-0.9949579157767187,0.8623287087079872,0.3778970057258092,-0.7093046178627288,0.1112497313943084,1.0271321718709745,1.5127663210949094,0.3152121512770635
6.88,18,0.62721500093377,0.18766020896093408,-0.23381075278097418,-0.998485500021553,0.8628889040762274,0.3830318267622184,-0.7017232579128257,0.11282971946692223,1.0267845573058298,1.5197529213070198,0.31677643235187775
6.885,18,0.6322150009337699,0.18915618887756194,-0.231882760507309,-1.0019750907519276,0.8634570187723927,0.3881647347413956,-0.694107335508013,0.11441742941074481,1.0263670082577305,1.5265914065067403,0.3183009291773416
6.890000000000001,18,0.6372150009337707,0.19065216879419009,-0.22992910920339282,-1.00542651700442,0.8640330909092713,0.3932953808801202,-0.6864575896716333,0.11601266274578172,1.025879880403898,1.5332823973807737,0.31978581825428537
6.8950000000000005,18,0.6422150009337706,0.19214814871081795,-0.2279498110466818,-1.008839611502964,0.8646171576094578,0.39842341817355453,-0.6787747563236023,0.11761522187454172,1.0253235294215555,1.539826514615818,0.3212312760835394
6.9,18,0.6472150009337705,0.19364412862744582,-0.22594487994520907,-1.0122142106433363,0.8652092550097655,0.4035485013952501,-0.6710595682803961,0.11922491008203892,1.0246983109879237,1.5462243788985799,0.3226374791659342
6.905,18,0.6522150009337704,0.1951401085440737,-0.2239143315286945,-1.0155501544776369,0.8658094182656395,0.4086702870971436,-0.6633127552550595,0.12084153153579101,1.0240045807802258,1.5524766109157604,0.3240046040023004
6.91,18,0.6572150009337703,0.19663608846070157,-0.22185818313965233,-1.0188472866987717,0.8664176815555682,0.4137884336095574,-0.6555350438572036,0.1224648912858199,1.0232426944756832,1.5585838313540605,0.3253328270934682
6.915,18,0.6622150009337702,0.19813206837732944,-0.21977645382449912,-1.022105454624937,0.8670340780854967,0.4189026010412008,-0.6477271575930063,0.12409479526465166,1.022413007751518,1.564546660900184,0.32662232494026827
6.92,18,0.6672150009337701,0.1996280482939573,-0.21766916432466202,-1.0253245091841015,0.8676586400932388,0.42401245127916837,-0.6398898168652112,0.1257310502873166,1.0215158762849526,1.5703657202408334,0.3278732740435313
6.925,18,0.67221500093377,0.20112402821058517,-0.21553633706768666,-1.0285043048984877,0.8682913988528898,0.4291176479889414,-0.6320237389731294,0.12737346405134903,1.020551655753209,1.5760416300627105,0.3290858509040872
6.93,18,0.6772150009337699,0.20262000812721304,-0.21337799615834535,-1.0316446998690578,0.8689323846792388,0.43421785661438694,-0.6241296381126378,0.1290218451367876,1.0195207018335086,1.5815750110525175,0.3302602320227667
6.9350000000000005,18,0.6822150009337706,0.20411598804384118,-0.21119416736974475,-1.0347455557599936,0.8695816269321819,0.43931274437775925,-0.6162082253761789,0.13067600300617516,1.0184233702030743,1.5869664838969577,0.3313965939004008
6.94,18,0.6872150009337705,0.20561196796046904,-0.20898487813443534,-1.0378067377831806,0.8702391540211334,0.44440198027969574,-0.6082602087527652,0.13233574800455808,1.0172600165391277,1.5922166692827326,0.3324951130378192
6.945,18,0.6922150009337704,0.2071079478770969,-0.20675015753551737,-1.0408281146826914,0.8709049934094394,0.4494852350992232,-0.6002862931279718,0.13400089135948764,1.016030996518891,1.5973261878965441,0.33355596593585257
6.95,18,0.6972150009337703,0.20860392779372477,-0.20449003629775037,-1.0438095587192673,0.8715791716187902,0.4545621813937529,-0.592287180283942,0.135671245181019,1.014736665819586,1.6022956604250949,0.33457932909533133
6.955,18,0.7022150009337702,0.21009990771035267,-0.2022045467786607,-1.0467509456548023,0.8722617142336324,0.4596324934990825,-0.5842635688993856,0.1373466224617114,1.0133773801184351,1.607125707555089,0.3355653790170864
6.96,18,0.7072150009337701,0.21159588762698053,-0.19989372295965008,-1.0496521547368247,0.8729526459055819,0.46469584752939597,-0.5762161545495779,0.1390268370766283,1.0119534950926603,1.6118169499732262,0.3365142922019478
6.965,18,0.71221500093377,0.2130918675436084,-0.19755760043710308,-1.0525130686829813,0.873651990357836,0.4697519213772632,-0.568145629706362,0.1407117037833373,1.0104653664194836,1.6163700083662098,0.33742624515074626
6.97,18,0.7172150009337699,0.21458784746023626,-0.1951962164134955,-1.0553335736655187,0.874359770389586,0.4748003947136402,-0.560052683738147,0.1424010382219103,1.0089133497761267,1.6207855034207428,0.3383014143643118
6.9750000000000005,18,0.7222150009337707,0.2160838273768644,-0.19280960968850208,-1.058113559295769,0.8750760078804302,0.4798409489878702,-0.5519380029099065,0.14409465691492335,1.0072978008398117,1.625064055823528,0.33913997634347576
6.98,18,0.7272150009337706,0.21757980729349227,-0.19039782065010596,-1.0608529186086266,0.8758007237947855,0.48487326742767944,-0.5438022703831854,0.145792377267456,1.0056190752877616,1.6292062862612664,0.3399421075890678
6.985,18,0.7322150009337705,0.21907578721012014,-0.18796089126570467,-1.0635515480470388,0.8765339381863009,0.48989703503918336,-0.5356461662160915,0.14749401756709274,1.0038775287971977,1.63321281542066,0.3407079846019187
6.99,18,0.7372150009337703,0.220571767126748,-0.1854988650732194,-1.0662093474464838,0.8772756702022694,0.4949119386068823,-0.5274703673632989,0.14919939698392187,1.002073517045342,1.6370842639884124,0.34143778388285884
6.995,18,0.7422150009337702,0.22206774704337587,-0.183011787172203,-1.0688262200194534,0.8780259380880406,0.49991766669366317,-0.5192755476760491,0.15090833557053604,1.0002073957094166,1.640821252651226,0.3421316819327188
7.0,18,0.7472150009337701,0.22356372696000376,-0.1804997042149477,-1.071402072339939,0.8787847591914338,0.5049139096407984,-0.5110623779021504,0.152620654262032,0.9982795204666435,1.6444244020958008,0.342789855252329
7.005,18,0.75221500093377,0.22505970687663163,-0.17796266439759384,-1.0739368143279102,0.8795521499671494,0.5099003595679468,-0.5028315256859772,0.15433617487601034,0.9962902469942448,1.6478943330088427,0.34341248034251987
7.01,18,0.7572150009337699,0.2265556867932595,-0.1754007174512371,-1.076430359233802,0.8803281259811825,0.5148767103731532,-0.49458365556847045,0.15605472011257607,0.9942399309694431,1.6512316660770519,0.34399973370412196
7.015000000000001,18,0.7622150009337707,0.22805166670988763,-0.17281391463303664,-1.0788826236229947,0.8811127019152349,0.5198426577328497,-0.4863194289871362,0.15777611355433882,0.9921289280694595,1.654437021987132,0.344551791837966
7.0200000000000005,18,0.7672150009337706,0.2295476466265155,-0.17020230871732484,-1.0812935273602964,0.8819058915711274,0.5247978991018519,-0.4780395042760506,0.15950017966641114,0.9899575939715165,1.6575110214257835,0.3450688312448817
7.025,18,0.7722150009337705,0.23104362654314337,-0.1675659539867128,-1.0836629935944289,0.8827077078752131,0.5297421337133635,-0.46974453666585314,0.16122674379641064,0.9877262843528366,1.6604542850797106,0.3455510284257002
7.03,18,0.7772150009337704,0.23253960645977123,-0.16490490622319998,-1.0859909487425075,0.8835181628827893,0.5346750625789742,-0.46143517828375036,0.16295563217445921,0.9854353548906412,1.6632674336356141,0.34599855988125183
7.035,18,0.7822150009337703,0.2340355863763991,-0.16221922269928188,-1.088277322474525,0.8843372677825099,0.5395963884886592,-0.45311207815351606,0.16468667191318248,0.9830851612621525,1.665951087780197,0.3464116021123669
7.04,18,0.7872150009337702,0.23553156629302696,-0.15950896216905827,-1.0905220476978355,0.8851650329007983,0.5445058160107803,-0.44477588219548975,0.1664196910077101,0.980676059144593,1.668505868200162,0.346790331619876
7.045,18,0.7922150009337701,0.23702754620965485,-0.156774184859341,-1.0927250605416343,0.8860014677062602,0.5494030514920853,-0.4364272332265779,0.16815451833567654,0.9782084042151843,1.670932395582211,0.3471349249046095
7.05,18,0.79721500093377,0.23852352612628272,-0.1540149524607624,-1.0948863003414444,0.8868465808140954,0.5542878030577076,-0.42806677096025325,0.16989098365721966,0.9756825521511482,1.6732312906130469,0.3474455584673981
7.055,18,0.8022150009337699,0.24001950604291059,-0.15123132811888312,-1.097005709623597,0.8877003799905104,0.5591597806111674,-0.4196951320065553,0.17162891761498192,0.9730988586297076,1.675403173979372,0.34772240880907207
7.0600000000000005,18,0.8072150009337706,0.24151548595953873,-0.1484233764252996,-1.0990832340897148,0.8885628721571319,0.5640186958343718,-0.4113129498720883,0.17336815173411005,0.9704576793280828,1.6774486663678887,0.347965652430462
7.065,18,0.8122150009337705,0.2430114658761666,-0.1455911634087544,-1.1011188226011943,0.8894340633954176,0.5688642621876107,-0.40292085496002733,0.17510851842225428,0.9677593699234985,1.679368388465298,0.34817546583239833
7.07,18,0.8172150009337704,0.24450744579279446,-0.1427347565262413,-1.103112427163691,0.8903139589510707,0.5736961949095636,-0.3945194745701096,0.17684985096956968,0.9650042860931746,1.681162960958303,0.3483520255157114
7.075,18,0.8222150009337703,0.24600342570942232,-0.1398542246541148,-1.1050640029115986,0.8912025632384507,0.5785142110172946,-0.38610943289864075,0.17859198354871503,0.9621927835143345,1.682833004533607,0.3484955079812318
7.08,18,0.8272150009337702,0.2474994056260502,-0.13694963807919852,-1.1069735080925351,0.8920998798449871,0.5833180293062546,-0.37769135103849233,0.18033475121485365,0.9593252178641994,1.6843791398779113,0.3486060897297898
7.085,18,0.8322150009337701,0.24899538554267805,-0.13402106848989276,-1.108840904051824,0.8930059115355912,0.5881073703502797,-0.3692658469791029,0.1820779899056526,0.9564019448199915,1.685801987677919,0.3486839472622164
7.09,18,0.83721500093377,0.25049136545930595,-0.13106858896728246,-1.1106661552169763,0.8939206602570693,0.5928819565015928,-0.3608335356064762,0.18382153644128346,0.9534233200589335,1.6871021686203314,0.3487292570793416
7.095,18,0.8422150009337699,0.2519873453759338,-0.1280922739762458,-1.1124492290821764,0.8948441271425343,0.5976415118908028,-0.3523950287031846,0.18556522852442187,0.9503896992582463,1.6882803033918512,0.34874219568199594
7.1000000000000005,18,0.8472150009337707,0.25348332529256196,-0.12509219935656135,-1.1141900961927618,0.895776312515819,0.6023857624269054,-0.3439509349483632,0.18730890474024764,0.9473014380951521,1.6893370126791818,0.34872293957100997
7.105,18,0.8522150009337706,0.2549793052091898,-0.12206844231401809,-1.1158887301297065,0.8967172158958884,0.6071144357972798,-0.33550185991772036,0.1890524045564443,0.9441588922468739,1.690272917169025,0.348671665247214
7.11,18,0.8572150009337705,0.2564752851258177,-0.11902108141152071,-1.1175451074941054,0.897666836001252,0.6118272614676941,-0.327048406083525,0.19079556832319972,0.9409624173906337,1.6910886375480825,0.34858854921143884
7.115,18,0.8622150009337703,0.25797126504244555,-0.11595019656019973,-1.1191592078916561,0.8986251707543768,0.6165239706823012,-0.31859117281461335,0.19253823727320662,0.9377123692036528,1.6917847945030569,0.34847376796451457
7.12,18,0.8672150009337702,0.2594672449590734,-0.1128558690105188,-1.1207310139171416,0.8995922172860991,0.621204296463641,-0.3101307563763906,0.19428025352166095,0.9344091033631537,1.692362008720652,0.34832749800727225
7.125,18,0.8722150009337701,0.2609632248757013,-0.10973818134338287,-1.1222605111389132,0.9005679719400378,0.6258679736126388,-0.3016677499308252,0.1960214600662634,0.9310529755463582,1.6928209008875672,0.34814991584054167
7.13,18,0.87721500093377,0.26245920479232915,-0.1065972174612464,-1.123747688083374,0.9015524302770065,0.630514738708606,-0.293202743536455,0.19776170078721847,0.9276443414304882,1.6931620916905061,0.3479411979651533
7.135,18,0.8822150009337699,0.263955184708957,-0.10343306257922136,-1.1251925362194608,0.902545587079426,0.6351443301092403,-0.28473632414838285,0.19950082044723513,0.9241835566927669,1.693386201816173,0.3477015208819383
7.140000000000001,18,0.8872150009337707,0.26545116462558516,-0.10024580321618448,-1.1265950499431274,0.9035474363557371,0.6397564879506266,-0.27626907561827607,0.20123866469152657,0.9206709770104141,1.6934938519512686,0.3474310610917265
7.1450000000000005,18,0.8922150009337706,0.266947144542213,-0.09703552718588809,-1.1279552265618267,0.9045579713448124,0.6443509541472328,-0.2678015786943754,0.20297508004780904,0.9171069580606541,1.6934856627824943,0.34712999509534875
7.15,18,0.8972150009337705,0.2684431244588409,-0.09380232358806426,-1.1292730662789952,0.9055771845203698,0.6489274723919158,-0.25933441102148025,0.20470991392630425,0.9134918555207082,1.6933622549965546,0.3467984993936354
7.155,18,0.9022150009337704,0.26993910437546875,-0.09054628279953561,-1.1305485721785342,0.9066050675953846,0.653485788155918,-0.25086814714096084,0.2064430146197378,0.9098260250677982,1.6931242492801508,0.34643675048741696
7.16,18,0.9072150009337703,0.2714350842920966,-0.08726749646532253,-1.1317817502092942,0.9076416115265017,0.6580256486888674,-0.24240335849075256,0.20817423130333904,0.9061098223791463,1.6927722663199853,0.34604492487752353
7.165,18,0.9122150009337702,0.2729310642087245,-0.083966057489751,-1.1329726091695553,0.9086868065184487,0.6625468030187784,-0.2339406134053567,0.20990341403484153,0.9023436031319747,1.6923069268027595,0.3456231990647862
7.17,18,0.9172150009337701,0.2744270441253524,-0.08064206002756122,-1.1341211606915134,0.909740642028448,0.6670490019520515,-0.22548047711584174,0.21163041375448344,0.8985277230035049,1.691728851415177,0.3451717495500351
7.175,18,0.92221500093377,0.27592302404198027,-0.07729559947501571,-1.135227419225759,0.9108031067706294,0.6715319980734732,-0.2170235117498446,0.21335508228500658,0.8946625376709597,1.6910386608439398,0.3446907528341005
7.18,18,0.9272150009337699,0.27741900395860813,-0.0739267724610066,-1.1362914020257637,0.9118741887204426,0.6759955457462162,-0.20857027633156444,0.21507727233165708,0.8907484028115608,1.6902369757757503,0.3441803854178135
7.1850000000000005,18,0.9322150009337706,0.2789149838752363,-0.07053567683816372,-1.137313129132361,0.9129538751190702,0.68043940111184,-0.20012132678176953,0.21679683748218576,0.8867856741025292,1.6893244168973107,0.3436408238020038
7.19,18,0.9372150009337705,0.28041096379186414,-0.06712241167396513,-1.1382926233582302,0.914042152477839,0.6848633220902882,-0.19167721591779632,0.21851363220684628,0.8827747072210888,1.6883016048953237,0.34307224448750245
7.195,18,0.9422150009337704,0.281906943708492,-0.06368707724184125,-1.1392299102723777,0.9151390065826344,0.689267068379892,-0.18323849345354484,0.22022751185839753,0.8787158578444615,1.6871691604564905,0.3424748239751395
7.2,18,0.9472150009337703,0.2834029236251199,-0.06022977501228538,-1.1401250181846216,0.9162444224983108,0.6936504014573692,-0.1748057059994819,0.22193833267210242,0.8746094816498682,1.6859277042675156,0.34184873876574606
7.205,18,0.9522150009337702,0.28489890354174774,-0.056750607643961615,-1.1409779781300735,0.9173583845731061,0.6980130845778226,-0.16637939706264243,0.22364595176572794,0.8704559343145316,1.6845778570150987,0.3411941653601519
7.21,18,0.9572150009337701,0.2863948834583756,-0.053249678974812115,-1.1417888238536218,0.9184808764430528,0.7023548827747418,-0.15796010704662625,0.22535022713954495,0.8662555715156735,1.683120239385945,0.34051128025918764
7.215,18,0.96221500093377,0.28789086337500347,-0.04972709401316591,-1.142557591794414,0.9196118810363908,0.7066755628600019,-0.14954837325160011,0.2270510176763288,0.862008748930516,1.6815554720667547,0.33980025996368424
7.22,18,0.9672150009337699,0.28938684329163133,-0.04618295892884669,-1.1432843210703396,0.9207513805779807,0.710974893423865,-0.1411447298742973,0.22874818314135897,0.8577158222362813,1.6798841757442309,0.33906128097447147
7.2250000000000005,18,0.9722150009337707,0.2908828232082595,-0.04261738104428006,-1.1439690534625144,0.9218993565937156,0.715252644834979,-0.13274970800801805,0.23044158418241886,0.853377147110191,1.6781069711050751,0.3382945197923805
7.23,18,0.9772150009337706,0.29237880312488734,-0.03903046882560468,-1.1446118333997606,0.9230557899149332,0.7195085892403762,-0.12436383564262914,0.23213108232979612,0.8489930792294675,1.6762244788359915,0.3375001529182409
7.235,18,0.9822150009337705,0.2938747830415152,-0.03542233187377586,-1.145212707943092,0.9242206606828296,0.7237425005654778,-0.1159876376645633,0.23381653999628263,0.8445639742713335,1.67423731962368,0.33667835685288405
7.24,18,0.9872150009337703,0.2953707629581431,-0.03179308091567634,-1.145771726770196,0.9253939483528709,0.7279541545140892,-0.10762163585682,0.2354978204771744,0.8400901879130098,1.6721461141548462,0.33582930809714023
7.245,18,0.9922150009337702,0.29686674287477094,-0.028142827795224368,-1.1462889421599156,0.926575631699206,0.7321433285684027,-0.09926634889896518,0.2371747879502713,0.8355720758317198,1.6699514831161888,0.33495318315183953
7.25,18,0.9972150009337701,0.2983627227913988,-0.024471685464480863,-1.1467644089767346,0.9277656888190788,0.7363098019889965,-0.09092229236713077,0.23884730747587796,0.8310099937046849,1.6676540471944123,0.3340501585178127
7.255,18,1.00221500093377,0.29985870270802667,-0.020779767974758,-1.1471981846552572,0.9289640971372412,0.740453355814835,-0.08258997873401504,0.2405152449968028,0.8264042972091262,1.66525442707622,0.33312041069589
7.26,18,1.00721500093377,0.30135468262465454,-0.0170671904677272,-1.1475903291846938,0.9301708334103654,0.7445737728632688,-0.0742699173688847,0.24217846733835843,0.8217553420222675,1.6627532434483117,0.33216411618690234
7.265000000000001,18,1.0122150009337707,0.3028506625412827,-0.013334069166526352,-1.1479409050933418,0.9313858737314566,0.7486708377300348,-0.06596261453756956,0.2438368422083617,0.8170634838213291,1.6601511169973908,0.33118145149167943
7.2700000000000005,18,1.0172150009337706,0.30434664245791054,-0.009580521366871042,-1.148249977433069,0.9326091935342649,0.7527443367892546,-0.05766857340247011,0.2454902381971331,0.8123290782835338,1.6574486684101595,0.3301725931110525
7.275,18,1.0222150009337705,0.3058426223745384,-0.005806665428157998,-1.1485176137637974,0.9338407675976982,0.7567940581934374,-0.0493882940225511,0.24713852477749793,0.8075524810861048,1.654646518373322,0.32913771754585186
7.28,18,1.0272150009337704,0.30733860229116633,-0.002012620764575812,-1.1487438841379847,0.9350805700502356,0.7608197918734783,-0.041122273353342426,0.24878157230478534,0.8027340479062629,1.6517452875735783,0.3280770012969076
7.285,18,1.0322150009337703,0.3088345822077942,0.0018014921637866665,-1.1489288610851078,0.9363285743743384,0.7648213295386579,-0.03287100524694273,0.25041925201682874,0.79787413442123,1.6487455966976308,0.32699062086505065
7.29,18,1.0372150009337702,0.31033056212442206,0.005635551859833221,-1.1490726195961454,0.9375847534108633,0.7687984646766437,-0.024634980452015294,0.2520514360339657,0.792973096308229,1.6456480664321835,0.3258787527511108
7.295,18,1.04221500093377,0.3118265420410499,0.009489435798352153,-1.1491752371080617,0.9388490793634754,0.7727509925534888,-0.01641468661379251,0.2536779973590377,0.7880312892444815,1.6424533174639375,0.32474157345591964
7.3,18,1.04721500093377,0.3133225219576778,0.013363020434907946,-1.1492367934882868,0.94012152380306,0.7766787102136326,-0.008210608274069702,0.2552988098773908,0.7830490689072093,1.6391619704795948,0.32357925948030675
7.305,18,1.0522150009337699,0.31481850187430566,0.01725618121473299,-1.149257371019203,0.9414020576721355,0.7805814164799003,-2.3226871212516555e-05,0.25691374835687475,0.778026790973635,1.635774646165861,0.3223919873251028
7.3100000000000005,18,1.0572150009337706,0.3163144817909338,0.021168792581620743,-1.1492370543826245,0.9426906512892658,0.7844589119535044,0.008146979259851826,0.2585226884478441,0.7729648111209795,1.6322919652094336,0.3211799334911382
7.315,18,1.0622150009337705,0.31781046170756166,0.025100727986814675,-1.1491759306442821,0.9439872743534723,0.7883109990140408,0.01629953488762337,0.26012550668315637,0.7678634850264662,1.6287145482970178,0.3199432744792436
7.32,18,1.0672150009337704,0.31930644162418953,0.02905185989790382,-1.1490740892383062,0.9452918959486477,0.7921374818194943,0.024433967884039672,0.2617220804781746,0.7627231683673166,1.625043016115315,0.31868218679024946
7.325,18,1.0722150009337703,0.3208024215408174,0.033022059807712834,-1.1489316219517076,0.9466044845479675,0.7959381663062347,0.032549809224471524,0.26331228813076507,0.7575442168207533,1.6212779893510292,0.31739684692498604
7.33,18,1.0772150009337702,0.32229840145744526,0.03701119824319399,-1.1487486229088626,0.9479250080183028,0.7997128601890182,0.040646592987722836,0.2648960088212987,0.7523269860639978,1.61742008869086,0.3160874313842842
7.335,18,1.08221500093377,0.3237943813740731,0.04101914477431934,-1.1485251885559946,0.9492534336246328,0.8034613729609864,0.0487238563560317,0.26647312261265027,0.7470718317742716,1.6134699348215114,0.3147541166689741
7.34,18,1.08721500093377,0.325290361290701,0.045045768022972776,-1.1482614176456565,0.9505897280344573,0.8071835158936675,0.056781139615066534,0.2680435104501987,0.7417791096287982,1.6094281484296866,0.3133970792798858
7.345,18,1.0922150009337699,0.32678634120732886,0.04909093567184142,-1.1479574112212163,0.9519338573222093,0.8108791020369764,0.06481798615393483,0.26960705416182734,0.7364491753047987,1.6052953502020868,0.31201649571785095
7.3500000000000005,18,1.0972150009337707,0.328282321123957,0.05315451447330899,-1.1476132726013357,0.9532857869736675,0.814547946219214,0.07283394246517366,0.27116363645792385,0.7310823844794941,1.601072160825414,0.3106125424836991
7.355,18,1.1022150009337706,0.32977830104058486,0.057236370258344715,-1.1472291073644563,0.9546454818903686,0.8181898650470651,0.08082855814475222,0.27271314093137905,0.7256790928301087,1.5967592009863716,0.30918539607826107
7.36,18,1.1072150009337705,0.33127428095721273,0.06133636794539865,-1.1468050233332812,0.9560129063940201,0.8218046769056032,0.08880138589207749,0.2742554520575889,0.720239656033863,1.5923570913716605,0.30773523300236677
7.365,18,1.1122150009337703,0.3327702608738406,0.06545437154929179,-1.1463411305592572,0.9573880242309131,0.8253922019582878,0.09675198150998694,0.2757904551944533,0.71476442976798,1.5878664526679844,0.30626222975684747
7.37,18,1.1172150009337702,0.33426624079046846,0.06959024419010895,-1.145837541307059,0.958770798576334,0.8289522621469624,0.10467990390475404,0.27731803658237614,0.7092537697096808,1.583287905562045,0.3047665628425331
7.375,18,1.1222150009337701,0.3357622207070964,0.07374384810208967,-1.1452943700390712,0.9601611920389778,0.8324846811918588,0.11258471508608114,0.27883808334426524,0.7037080315361887,1.578622070740546,0.3032484087602545
7.38,18,1.12721500093377,0.33725820062372425,0.07791504464252019,-1.1447117333998706,0.9615591666653599,0.8359892845915942,0.12046598016711008,0.28035048348553326,0.6981275709247244,1.573869568890188,0.30170794401084206
7.385,18,1.13221500093377,0.3387541805403521,0.08210369430062647,-1.144089750200712,0.9629646839442295,0.8394658996231716,0.12832326736441302,0.2818551258940965,0.6925127435525112,1.5690310206976725,0.3001453450951254
7.390000000000001,18,1.1372150009337707,0.34025016045698026,0.08630965670646584,-1.1434285414040053,0.9643777048109816,0.8429143553419806,0.1361561479979962,0.28335190034037566,0.6868639050967692,1.5641070468497036,0.2985607885139366
7.3950000000000005,18,1.1422150009337706,0.3417461403736081,0.09053279063981634,-1.1427282301078048,0.9657981896520688,0.8463344825817957,0.1439641964912961,0.2848406974772949,0.6811814112347222,1.5590982680329852,0.2969544507681046
7.4,18,1.1472150009337705,0.343242120290236,0.09477295403907326,-1.141988941530287,0.9672260983094156,0.8497261139547791,0.15174699037118894,0.2863214088402837,0.6754656176435919,1.554005304934216,0.295326508358461
7.405,18,1.1522150009337704,0.34473810020686385,0.09903000401013795,-1.141210802994237,0.9686613900848293,0.8530890838514784,0.15950411026797906,0.28779392684727445,0.6697168800006008,1.5488287782401018,0.293677137785836
7.41,18,1.1572150009337703,0.3462340801234917,0.1033037968353101,-1.140393943911529,0.9701040237444132,0.8564232284408275,0.16723513991540856,0.2892581447987051,0.6639355539829705,1.5435693086373419,0.2920065155510591
7.415,18,1.1622150009337702,0.3477300600401196,0.10759418798218046,-1.1395384957676091,0.9715539575229795,0.8597283856701454,0.17493966615064888,0.2907139568775161,0.6581219952679224,1.5382275168126407,0.29031481815496224
7.42,18,1.16721500093377,0.34922603995674745,0.11190103211252217,-1.1386445921059805,0.9730111491284607,0.8630043952651393,0.18261727891430884,0.29216125814915367,0.6522765595326793,1.5328040234526994,0.2886022220983746
7.425,18,1.17221500093377,0.3507220198733753,0.1162241830911826,-1.1377123685126844,0.9744755557463233,0.8662510987299007,0.19026757125042826,0.2935999445615672,0.6463996024544632,1.5272994492442225,0.2868689038821282
7.43,18,1.1772150009337699,0.3522179997900032,0.12056349399497585,-1.1367419626007824,0.9759471340439794,0.8694683393469077,0.1978901393064814,0.2950299129452102,0.6404914797104955,1.5217144148739086,0.2851150400070519
7.4350000000000005,18,1.1822150009337706,0.3537139797066313,0.12491881712157532,-1.1357335139948403,0.9774258401752001,0.8726559621770253,0.20548458233337666,0.29645106101304114,0.634552546977998,1.5160495410284625,0.2833408069739766
7.44,18,1.1872150009337705,0.3552099596232592,0.1292900039984018,-1.1346871643154124,0.978911629784527,0.8758138140595026,0.21305050268545325,0.29786328736052164,0.6285831599341948,1.5103054483945855,0.2815463812837332
7.445,18,1.1922150009337704,0.35670593953988705,0.13367690539152116,-1.13360305716352,0.9804044580116855,0.8789417436119765,0.220587505820485,0.2992664914656178,0.6225836742563078,1.5044827576589825,0.2797319394371524
7.45,18,1.1972150009337703,0.3582019194565149,0.13807937131453263,-1.1324813381051397,0.9819042794959975,0.8820396012304706,0.22809520029968341,0.30066057368880067,0.6165544456215557,1.4985820895083528,0.2778976579350637
7.455,18,1.2022150009337702,0.3596978993731428,0.14249725103746114,-1.131322154655681,0.983411048380793,0.8851072390893928,0.23557319778768884,0.302045435273044,0.6104958297071641,1.4926040646294019,0.2760437132782983
7.46,18,1.20721500093377,0.36119387928977065,0.1469303930956496,-1.1301256562644737,0.9849247183178231,0.8881445111415383,0.24302111305257457,0.30342097834382686,0.6044081821903533,1.4865493037088284,0.27417028196768684
7.465,18,1.21221500093377,0.36268985920639857,0.15137864529865142,-1.1288919942992477,0.986445242471673,0.8911512731180877,0.25043856396585157,0.3047871059091324,0.5982918587483456,1.4804184274333352,0.2722775405040594
7.47,18,1.2172150009337699,0.36418583912302643,0.1558418547391216,-1.127621322030615,0.9879725735241738,0.8941273825286083,0.25782517150246104,0.30614372185944727,0.5921472150583633,1.4742120564896277,0.27036566538824586
7.4750000000000005,18,1.2222150009337707,0.3656818190396545,0.16031986780170915,-1.126313794616559,0.9895066636788152,0.8970726986610534,0.26518055974077914,0.3074907309677627,0.5859746067976277,1.467930811564405,0.26843483312107785
7.48,18,1.2272150009337706,0.36717779895628244,0.16481253017194775,-1.124969569086907,0.9910474646651584,0.8999870825817623,0.2725043558626148,0.308828038889574,0.5797743896433625,1.4615753133443723,0.26648522020338494
7.485,18,1.2322150009337705,0.3686737788729103,0.16931968684514953,-1.1235888043278237,0.9925949277432478,0.9028703971354605,0.2797961901532099,0.31015555216288054,0.5735469192727882,1.4551461825162297,0.26451700313599824
7.49,18,1.2372150009337703,0.3701697587895382,0.17384118213529676,-1.1221716610662855,0.9941490037080247,0.9057225069452586,0.287055696001241,0.31147317820818593,0.5672925513631285,1.4486440397666807,0.2625303584197479
7.495,18,1.2422150009337702,0.37166573870616604,0.17837685968393246,-1.1207183018545677,0.9957096428937389,0.9085432784126547,0.29428250989881805,0.3127808253284979,0.5610116415916037,1.4420695057824293,0.26052546255546494
7.5,18,1.2472150009337701,0.3731617186227939,0.18292656246905337,-1.119228891054728,0.9972767951783614,0.9113325797175333,0.30147627144148537,0.3140784027093284,0.5547045456354365,1.4354232012501726,0.2585024920439789
7.505,18,1.25221500093377,0.37465769853942177,0.18749013281400162,-1.1177035948230856,0.9988504099879973,0.9140902808181633,0.3086366233282176,0.31536582041869365,0.5483716191718491,1.4287057468566189,0.25646162338612016
7.51,18,1.25721500093377,0.37615367845604963,0.19206741239635672,-1.1161425810947074,1.0004304363012977,0.9168162534512014,0.31576321136142693,0.3166429894071135,0.5420132178780638,1.4219177632884665,0.25440303308272083
7.515000000000001,18,1.2622150009337707,0.3776496583726778,0.19665824225682793,-1.1145460195678893,1.0020168226538733,0.9195103711316892,0.3228556844469563,0.31790982150761293,0.5356296974313011,1.4150598712324183,0.2523268976346094
7.5200000000000005,18,1.2672150009337706,0.37914563828930564,0.20126246280814353,-1.1129140816886407,1.0036095171427044,0.922172509153055,0.3299136945940822,0.31916622943571993,0.5292214135087853,1.4081326913751777,0.2502333935426176
7.525,18,1.2722150009337705,0.3806416182059335,0.20587991384394744,-1.111246940635164,1.0052084674305573,0.9248025445871128,0.33693689691551737,0.3204121267894675,0.5227887217877366,1.4011368444034478,0.24812269730757483
7.53,18,1.2772150009337704,0.3821375981225614,0.21051043454768714,-1.1095447713023405,1.0068136207503935,0.9274003562840633,0.34392494962740366,0.3216474280493921,0.5163319779453792,1.3940729510039305,0.24599498543031326
7.535,18,1.2822150009337703,0.38363357803918924,0.215153863501508,-1.107807750286212,1.008424923909784,0.9299658248724931,0.3508775140493209,0.32287204857853496,0.5098515376589329,1.3869416318633256,0.24385043441166196
7.54,18,1.2872150009337702,0.3851295579558171,0.21981003869514382,-1.1060360558684645,1.010042323295321,0.9324988327593743,0.3577942546042795,0.3240859046224411,0.503347756605621,1.379743507668339,0.2416892207524514
7.545,18,1.29221500093377,0.38662553787244497,0.22447879753480904,-1.1042298680009093,1.0116657648770309,0.9349992641300664,0.3646748388187242,0.3252889133091599,0.4968209904626652,1.3724791991056722,0.23951152095351297
7.55,18,1.29721500093377,0.38812151778907283,0.22915997685209133,-1.1023893682899675,1.013295194212786,0.9374670049483136,0.3715189373225341,0.32648099264924474,0.4902715949072873,1.3651493268620247,0.23731751151567682
7.555,18,1.3022150009337699,0.3896174977057007,0.23385341291284267,-1.1005147399811523,1.0149305564527182,0.9399019429562475,0.3783262238490204,0.3276620615357531,0.4836999256167101,1.3577545116241037,0.23510736893977238
7.5600000000000005,18,1.3072150009337706,0.39111347762232884,0.2385589414260727,-1.0986061679435506,1.0165717963436314,0.9423039676743843,0.3850963752349298,0.32883203974424713,0.47710633826815385,1.3502953740786066,0.2328812697266311
7.565,18,1.3122150009337705,0.3926094575389567,0.24327639755283692,-1.0966638386543093,1.018218858233412,0.9446729704016277,0.3918290714204398,0.3299908479327922,0.47049118853884236,1.3427725349122377,0.23063939037708373
7.57,18,1.3172150009337704,0.3941054374555846,0.24800561591513404,-1.0946879401831136,1.0198716860754444,0.9470088442152668,0.39852399544916167,0.3311384076419586,0.4638548321059976,1.3351866148117009,0.22838190739196038
7.575,18,1.3222150009337703,0.3956014173722125,0.2527464306047942,-1.092678662176673,1.021530223433022,0.9493114839709772,0.40518083346814426,0.3322746412948204,0.4571976246468418,1.327538234463697,0.22610899727209052
7.58,18,1.3272150009337702,0.39709739728884036,0.2574986751923718,-1.090636195843203,1.023194413483759,0.9515807863028197,0.41179927472786404,0.33339947219695626,0.4505199218385958,1.3198280145549284,0.22382083651830684
7.585,18,1.33221500093377,0.3985933772054682,0.26226218273603763,-1.088560733936909,1.0248641990240046,0.9538166496232434,0.41837901158223745,0.3345128245364485,0.44382207935848333,1.3120565757720979,0.22151760163143785
7.59,18,1.33721500093377,0.4000893571220961,0.26703678579047074,-1.0864524707424668,1.0265395224732543,0.9560189741230806,0.42491973948860656,0.33561462338388354,0.43710445288372457,1.3042245388019087,0.219199469112315
7.595,18,1.3422150009337699,0.40158533703872396,0.2718223164157505,-1.0843116020595072,1.028220325878563,0.9581876617715509,0.43142115700775374,0.33670479469235226,0.43036739809154273,1.2963325243310622,0.21686661546176866
7.6000000000000005,18,1.3472150009337707,0.4030813169553521,0.2766186061862487,-1.082138325187099,1.0299065509189567,0.9603226163162625,0.43788296580389435,0.3377832652974503,0.4236112706591585,1.2883811530462583,0.21451921718062839
7.605,18,1.3522150009337706,0.40457729687197996,0.28142548619951857,-1.0799328389082326,1.0315981389098463,0.962423743283205,0.444304870644672,0.33884996291727604,0.4168364262637957,1.280371045634202,0.21215745076972584
7.61,18,1.3572150009337705,0.40607327678860783,0.2862427870851928,-1.077695343474299,1.0332950308074393,0.9644909499767574,0.4506865794011685,0.3399048161524326,0.4100432205826758,1.2723028227815978,0.20978149272989052
7.615,18,1.3622150009337703,0.4075692567052357,0.2910703390138697,-1.0754260405895764,1.0349971672131524,0.9665241454796838,0.4570278030478978,0.3409477544860277,0.4032320092930212,1.2641771051751438,0.20739151956195412
7.62,18,1.3672150009337702,0.40906523662186356,0.2959079717060078,-1.0731251333957124,1.0367044883780239,0.9685232406531354,0.4633282556628087,0.3419787082836736,0.39640314807205346,1.255994513501543,0.20498770776674585
7.625,18,1.3722150009337701,0.4105612165384914,0.3007555144408185,-1.0707928264562052,1.038416934207127,0.9704881481366475,0.4695876544272789,0.3429976087934846,0.3895569925969951,1.247755668447503,0.2025702338450971
7.63,18,1.37721500093377,0.4120571964551193,0.30561279606515535,-1.0684293257408881,1.040134444263981,0.9724187823481438,0.4758057196261264,0.34400438814608164,0.3826938985450668,1.2394611906997182,0.20013927429783795
7.635,18,1.38221500093377,0.41355317637174716,0.310479645002408,-1.0660348386104124,1.041856957774965,0.9743150594839322,0.48198217464759746,0.3449989793545886,0.37581422159349115,1.231111700944896,0.19769500562579825
7.640000000000001,18,1.3872150009337707,0.4150491562883753,0.3153558892613948,-1.063609573800727,1.0435844136337307,0.9761768975187078,0.4881167459833751,0.3459813163146331,0.36891831741949077,1.222707819869737,0.19523760432980972
7.6450000000000005,18,1.3922150009337706,0.41654513620500316,0.3202413564452504,-1.0611537414075678,1.045316750405612,0.9780042162055522,0.4942091632285737,0.346951333804348,0.3620065417002883,1.2142501681609452,0.1927672469107018
7.65,18,1.3972150009337705,0.41804111612163103,0.32513587376032405,-1.058667552870934,1.047053906332042,0.9797969370759313,0.5002591590817406,0.3479089674843697,0.3550792501131044,1.2057393665052198,0.19028410986930558
7.655,18,1.4022150009337704,0.4195370960382589,0.33003926802506633,-1.0561512209595734,1.0487958193349625,0.9815549834396986,0.5062664693448586,0.34885415389783864,0.34813679833516176,1.1971760355892687,0.18778836970645119
7.66,18,1.4072150009337703,0.42103307595488676,0.3349513656789245,-1.0536049597554658,1.0505424270212365,0.9832782803850934,0.5122308329233428,0.3497868304703997,0.34117954204368417,1.1885607960997893,0.18528020292297004
7.665,18,1.4122150009337702,0.4225290558715146,0.33987199279123237,-1.0510289846383052,1.0522936666870628,0.9849667547787415,0.5181519918260447,0.350706935510202,0.3342078369158898,1.1798942687234848,0.18275978601969098
7.67,18,1.41721500093377,0.42402503578814255,0.34480097507010177,-1.0484235122699834,1.054049475322386,0.986620335265654,0.5240296911652447,0.3516144082078985,0.3272220386290044,1.171177074147059,0.18022729549744537
7.675,18,1.42221500093377,0.4255210157047704,0.3497381378713176,-1.0457887605790717,1.0558097896153111,0.9882389522692283,0.5298636791566591,0.35250918863664615,0.3202225028602469,1.1624098330572128,0.17768290785706367
7.68,18,1.4272150009337699,0.4270169956213983,0.3546833062072259,-1.0431249487453038,1.0575745459565145,0.9898225379912484,0.5356537071194382,0.3533912177521066,0.3132095852868423,1.1535931661406498,0.175126799599377
7.6850000000000005,18,1.4322150009337706,0.4285129755380264,0.3596363047556297,-1.0404322971840596,1.059343680443658,0.9913710264118843,0.5413995294761675,0.3542604373924461,0.30618364158600947,1.1447276940840676,0.17255914722521348
7.69,18,1.4372150009337705,0.4300089554546543,0.3645969578686754,-1.0377110275308477,1.0611171288857995,0.9928843532896916,0.5471009037528577,0.355116790278333,0.29914502743497356,1.1358140375741772,0.1699801272354065
7.695,18,1.4422150009337704,0.43150493537128215,0.36956508958175105,-1.0349613626257876,1.062894826807807,0.9943624561616127,0.552757590578963,0.3559602200129419,0.29209409851095586,1.1268528172976773,0.1673899161307852
7.7,18,1.4472150009337703,0.43300091528791,0.3745405236223749,-1.0321835264980934,1.0646767094547704,0.9958052743429748,0.5583693536873671,0.35679067108195084,0.28503121049117774,1.1178446539412656,0.1647886904121797
7.705,18,1.4522150009337702,0.4344968952045379,0.379523083419087,-1.0293777443505556,1.066462711796415,0.9972127489274931,0.5639359599143868,0.3576080888535415,0.27795671905286057,1.1087901681916503,0.16217662658042137
7.71,18,1.45721500093377,0.43599287512116575,0.3845125921103427,-1.0265442425440248,1.0682527685315122,0.9985848227872679,0.5694571791997723,0.35841241957840114,0.2708709798732275,1.0996899807355303,0.1595539011363394
7.715,18,1.46221500093377,0.4374888550377936,0.3895088725534035,-1.0236832485818945,1.0700468140922939,0.9999214405727852,0.5749327845867083,0.35920361038971904,0.2637743486295012,1.090544712259612,0.15692069058076616
7.72,18,1.4672150009337699,0.4389848349544215,0.39451174733322936,-1.0207949910945833,1.071844782648864,1.0012225487129183,0.5803625522218133,0.35998160930319084,0.2566671809989018,1.0813549834505947,0.15427717141453018
7.7250000000000005,18,1.4722150009337707,0.4404808148710496,0.3995210387713709,-1.017879699824018,1.073646608113611,1.0024880954149247,0.585746261355138,0.3607463652170147,0.24954983265865113,1.072121414995176,0.1516235201384625
7.73,18,1.4772150009337706,0.4419767947876775,0.40453656893485956,-1.014937605608118,1.0754522241456204,1.0037180306644506,0.5910836943401674,0.3614978279118939,0.2424226592859744,1.062844627580068,0.14895991325339453
7.735,18,1.4822150009337705,0.44347277470430535,0.40955815964510245,-1.0119689403652745,1.0772615641550878,1.0049123062255263,0.5963746366338175,0.3622359480510355,0.2352860165580917,1.053525241891967,0.14628652726015579
7.74,18,1.4872150009337703,0.4449687546209332,0.4145856324867725,-1.0089739370788369,1.0790745613077315,1.0060708756405683,0.6016188767964418,0.36296067718015007,0.22814026015222433,1.0441638786175769,0.1436035386595773
7.745,18,1.4922150009337702,0.4464647345375611,0.41961880881670044,-1.0059528297815947,1.0808911485292039,1.0071936942303805,0.6068162064918268,0.36367196772745375,0.2209857457455962,1.0347611584436005,0.14091112395248892
7.75,18,1.4972150009337701,0.44796071445418895,0.42465750977276695,-1.0029058535402577,1.0827112585095051,1.0082807190941518,0.6119664204871902,0.36436977300366513,0.21382282901542862,1.0253177020567397,0.138209459639722
7.755,18,1.50221500093377,0.4494566943708168,0.4297015562827954,-0.9998332444399441,1.084534823707395,1.0093319091094566,0.6170693166531831,0.36505404720200896,0.20665186563894294,1.0158341301436973,0.13549872222210574
7.76,18,1.50721500093377,0.45095267428744473,0.4347507690734421,-0.9967352395686574,1.086361776354806,1.010347224932259,0.622124695963895,0.3657247453982132,0.1994732112933605,1.006311063391172,0.1327790882004715
7.765000000000001,18,1.5122150009337707,0.4524486542040728,0.4398049686790896,-0.9936120770017735,1.088192048461255,1.011326628996905,0.6271323624968423,0.3663818235505089,0.19228722165590387,0.9967491224858694,0.13005073407564913
7.7700000000000005,18,1.5172150009337706,0.4539446341207007,0.44486397545073697,-0.9904639957865228,1.090025571818257,1.012270085516127,0.6320921234329775,0.3670252384996324,0.18509425240379762,0.9871489281144936,0.1273138363484703
7.775,18,1.5222150009337705,0.4554406140373286,0.44992760956489497,-0.9872912359264702,1.091862278003736,1.0131775604810467,0.6370037890566871,0.36765494796882414,0.17789465921426112,0.977511100963745,0.12456857151976486
7.78,18,1.5272150009337704,0.45693659395395647,0.45499569103247395,-0.9840940383660023,1.093702098386439,1.0140490216611695,0.6418671727557925,0.3682709105638287,0.17068879776451767,0.9678362617203276,0.12181511609036257
7.785,18,1.5322150009337703,0.45843257387058434,0.4600680397076795,-0.9808726449748068,1.0955449641303485,1.0148844386043867,0.6466820910215465,0.36887308577289457,0.16347702373178857,0.9581250310709392,0.11905364656109549
7.79,18,1.5372150009337702,0.4599285537872122,0.46514447529690117,-0.9776272985323572,1.0973908061990936,1.0156837826369773,0.6514483634486364,0.36946143396677483,0.1562596927932958,0.9483780297022862,0.11628433943279214
7.795,18,1.54221500093377,0.46142453370384007,0.4702248173676069,-0.9743582427123941,1.099239555360364,1.0164470268636059,0.6561658127351815,0.37003591639872585,0.1490371606262626,0.9385958783010693,0.11350737120628424
7.8,18,1.54721500093377,0.46292051362046793,0.47530888535723315,-0.97106572206741,1.1010911421903216,1.0171741461673214,0.6608342646827376,0.37059649520450855,0.14180978290791033,0.9287791975539899,0.11072291838240222
7.805000000000001,18,1.5522150009337707,0.4644164935370961,0.48039649858207945,-0.9677499820131289,1.1029454970780137,1.0178651172095612,0.6654535481962907,0.3711431334023887,0.13457791531545898,0.9189286081477533,0.1079311574619759
7.8100000000000005,18,1.5572150009337706,0.46591247345372394,0.4854874762461947,-0.9644112688129948,1.1048025502297847,1.018519918430148,0.6700234952842623,0.3716757948931357,0.12734191352613317,0.9090447307690586,0.10513226494583602
7.815,18,1.5622150009337705,0.4674084533703518,0.4905816374502763,-0.9610498295626483,1.1066622316736896,1.0191385300472902,0.6745439410585049,0.3721944444600224,0.12010213321715543,0.899128186104615,0.10232641733481398
7.82,18,1.5672150009337704,0.46890443328697967,0.4956788012005571,-0.9576659121744128,1.1085244712639057,1.0197209340575824,0.679014723734309,0.3726990477688269,0.11285893006574585,0.8891795948411139,0.09951379112973834
7.825,18,1.5722150009337703,0.47040041320360754,0.5007787864177,-0.9542597653617774,1.1103891986851457,1.0202671142360051,0.6834356846303944,0.3731895713678307,0.10561265974912831,0.8791995776652696,0.09669456283144141
7.83,18,1.5772150009337702,0.4718963931202354,0.5058814119456871,-0.9508316386238781,1.1122563434570698,1.0207770561359264,0.6878066681689186,0.37366598268782014,0.0983636779445235,0.8691887552637734,0.09386890894075366
7.835,18,1.58221500093377,0.47339237303686327,0.5109864965607154,-0.9473817822299803,1.1141258349386987,1.021250747089099,0.6921275218754673,0.37412825004208544,0.0911123403291534,0.8591477483233333,0.09103700595850392
7.84,18,1.58721500093377,0.47488835295349113,0.5160938589800848,-0.9439104472039676,1.115997602332825,1.0216881762056627,0.6963980963790648,0.37457634262642125,0.08385900258024062,0.849077177530652,0.08819903038552326
7.845,18,1.5922150009337699,0.476384332870119,0.5212033178710929,-0.9404178853088131,1.1178715746904275,1.0220893343741413,0.7006182454121641,0.37501023051912424,0.07660402037500776,0.8389776635724314,0.08535515872264311
7.8500000000000005,18,1.5972150009337707,0.47788031278674714,0.5263146918599261,-0.9369043490310743,1.1197476809150826,1.022454214261448,0.7047878258106581,0.37542988468099925,0.0693477493906736,0.8288498271353703,0.08250556747069197
7.855,18,1.6022150009337706,0.479376292703375,0.5314277995405498,-0.933370091565371,1.1216258497673763,1.0227828103128784,0.7089066975138649,0.37583527695535107,0.062090545304464596,0.8186942889061753,0.07965043313050317
7.86,18,1.6072150009337705,0.48087227262000287,0.5365424594836022,-0.9298153667988632,1.1235060098693177,1.0230751187521172,0.7129747235645437,0.3762263800679917,0.05483276379360205,0.8085116695715481,0.07678993220290585
7.865,18,1.6122150009337703,0.48236825253663074,0.541658490245288,-0.9262404292957426,1.1253880897087516,1.0233311375812355,0.7169917701088824,0.37660316762723584,0.04757476053530477,0.7983025898181901,0.07392424118872952
7.87,18,1.6172150009337702,0.48386423245325866,0.5467757103762666,-0.9226455342817076,1.12727201764377,1.023550866580687,0.7209577063965056,0.3769656141239027,0.040316891206798544,0.7880676703328044,0.07105353658880524
7.875,18,1.6222150009337701,0.4853602123698865,0.5518939384305449,-0.9190309376284552,1.1291577219071263,1.0237343073093146,0.7248724047804682,0.3773136949313156,0.03305951148530343,0.7778075318020937,0.0681779949039641
7.88,18,1.62721500093377,0.4868561922865144,0.5570129929743711,-0.915396895838155,1.1310451306106453,1.0238814631043471,0.7287357407172619,0.3776473863053021,0.02580297704804267,0.7675227949127557,0.06529779263503589
7.885,18,1.63221500093377,0.48835217220314225,0.5621326925951259,-0.911743666027934,1.1329341717496382,1.0239923390813976,0.7325475927668086,0.37796666538419393,0.018547643572237604,0.7572140803514996,0.06241310628285171
7.890000000000001,18,1.6372150009337707,0.4898481521197704,0.5672528559102139,-0.9080715059143644,1.1348247732073145,1.024066942134467,0.7363078425924696,0.37827151018882665,0.011293866735107653,0.7468820088050233,0.059524112348240385
7.8950000000000005,18,1.6422150009337706,0.49134413203639826,0.5723733015759533,-0.9043806737979437,1.1367168627591928,1.0241052809359423,0.7400163749610298,0.37856189962254083,0.00404200221388052,0.7365272009600333,0.05663098733203492
7.9,18,1.6472150009337705,0.4928401119530261,0.5774938482964727,-0.9006714285475715,1.1386103680775155,1.0241073659365947,0.7436730777427163,0.37883781347117895,-0.0032075943142262802,0.7261502775032261,0.05373390773506415
7.905,18,1.6522150009337704,0.494336091869654,0.5826143148326008,-0.8969440295850443,1.1405052167356609,1.0240732093655833,0.7472778419111862,0.379099232403091,-0.010454567171988867,0.7157518591213085,0.050833050058158843
7.91,18,1.6572150009337703,0.49583207178628186,0.587734520010756,-0.8931987368695266,1.1424013362125542,1.0240028252304538,0.7508305615435321,0.37934613796912897,-0.01769856068218527,0.7053325665009819,0.047928590802150076
7.915,18,1.6622150009337702,0.4973280517029097,0.5928542827318424,-0.8894358108820412,1.144298653897082,1.0238962293171359,0.7543311338202763,0.3795785126026488,-0.024939219167593518,0.6948930203289491,0.04502070646786797
7.92,18,1.66721500093377,0.4988240316195376,0.5979734219801383,-0.8856555126099487,1.1461970970925037,1.0237534391899479,0.7577794590253794,0.3797963396195119,-0.032176186950992273,0.6844338412919093,0.042109573556141366
7.925,18,1.67221500093377,0.5003200115361655,0.6030917568321909,-0.8818581035314342,1.1480965930208642,1.0235744741915926,0.7611754405462334,0.37999960321808307,-0.03940910835515957,0.6739556500765678,0.039195368567802945
7.930000000000001,18,1.6772150009337707,0.5018159914527937,0.6082091064657064,-0.8780438455999809,1.1499970688274068,1.0233593554431575,0.7645189848736583,0.3801882884792303,-0.046637627702873434,0.6634590673696275,0.03627826800368219
7.9350000000000005,18,1.6822150009337706,0.5033119713694215,0.6133252901684405,-0.874213001228867,1.1518984515849842,1.0231081058441196,0.767810001601921,0.38036238136632833,-0.05386138931690998,0.6529447138577847,0.033358448364609855
7.94,18,1.6872150009337705,0.5048079512860494,0.6184401273470941,-0.8703658332756364,1.153800668298474,1.0228207500723403,0.7710484034287073,0.3805218687252529,-0.06108003752004661,0.6424132102277527,0.030436086151417026
7.945,18,1.6922150009337704,0.5063039312026772,0.6235534375362037,-0.8665026050265868,1.155703645909188,1.022497314584066,0.7742341061551453,0.3806667382843869,-0.06829321663506453,0.6318651771662278,0.027511357864932546
7.95,18,1.6972150009337703,0.5077999111193051,0.6286650404070324,-0.8626235801812504,1.1576073112992873,1.0221378276139315,0.7773670286857949,0.38079697865461487,-0.07550057098474049,0.6213012353599077,0.024584440005988445
7.955,18,1.7022150009337702,0.509295891035933,0.6337747557764624,-0.8587290228368808,1.1595115912961924,1.021742319174956,0.7804470930286472,0.38091257932932737,-0.08270174489184935,0.6107220054955043,0.021655509075414532
7.96,18,1.70721500093377,0.5107918709525608,0.6388824036158873,-0.8548191974729303,1.1614164126769988,1.0213108210585458,0.7834742242951301,0.3810135306844175,-0.08989638267917358,0.600128108259714,0.018724741574041248
7.965,18,1.71221500093377,0.5122878508691887,0.643987804060103,-0.8508943689355378,1.1633217021728859,1.020843366834493,0.7864483507001043,0.3810998239782842,-0.09708412866948994,0.5895201643392369,0.01579231400269903
7.97,18,1.7172150009337699,0.5137838307858166,0.6490907774162005,-0.8469548024220078,1.165227386473532,1.0203399918509746,0.7893694035618586,0.3811714513518292,-0.1042646271855752,0.5788987944207826,0.012858402862219277
7.9750000000000005,18,1.7222150009337707,0.5152798107024447,0.6541911441724596,-0.8430007634652937,1.167133392231527,1.0198007332345556,0.7922373173021243,0.3812284058284594,-0.11143752255020992,0.5682646191910435,0.009923184653429881
7.98,18,1.7272150009337706,0.5167757906190725,0.6592887250072347,-0.8390325179184851,1.1690396460667827,1.0192256298901874,0.7950520294460615,0.38127068131408426,-0.11860245908616766,0.5576182593367315,0.006986835877164467
7.985,18,1.7322150009337705,0.5182717705357004,0.6643833407978547,-0.8350503319392856,1.170946074570948,1.0186147225012043,0.7978134806222636,0.38129827259711974,-0.12575908111622838,0.5469603355445467,0.004049533034251565
7.99,18,1.7372150009337703,0.5197677504523283,0.6694748126295097,-0.8310544719744942,1.172852604311819,1.0179680535293292,0.8005216145627557,0.3813111753484836,-0.1329070329631714,0.5362914685011895,0.0011114526255222538
7.995,18,1.7422150009337702,0.5212637303689561,0.6745629618041443,-0.8270452047444968,1.174759161837753,1.017285667214672,0.8031763781029989,0.38130938612159937,-0.1400459589497728,0.5256122788933627,-0.001827228848192073
8.0,18,1.7472150009337701,0.522759710285584,0.6796476098493502,-0.8230227972277396,1.176665673682082,1.016567609575728,0.8057777211818924,0.3812929023523948,-0.14717550339881125,0.514923387407768,-0.004766334886063519
8.005,18,1.752215000933771,0.5242556902022122,0.6847285785272577,-0.8189875166452155,1.1785720663675219,1.0158139284093763,0.8083255968417618,0.38126172235930067,-0.15429531063306798,0.5042254147311055,-0.0077056889872597345
8.01,18,1.75721500093377,0.5257516701188398,0.6898056898434247,-0.8149396304449495,1.1804782664105873,1.0150246732908839,0.8108199612283625,0.3812158453432515,-0.1614050249753134,0.4935189815500884,-0.010645114650949642
8.015,18,1.7622150009337707,0.5272476500354679,0.6948787660557365,-0.8108794062864783,1.182384200326006,1.014199895573905,0.8132607735908983,0.3811552713876883,-0.16850429074833184,0.48280470855140667,-0.013584435376304393
8.02,18,1.7672150009337697,0.5287436299520956,0.699947629683288,-0.8068071120253327,1.1842897946311262,1.0133396483904777,0.8156479962819907,0.38108000145855303,-0.1755927522748982,0.4720832164217683,-0.016523474662491957
8.025,18,1.7722150009337705,0.5302396098687236,0.7050121035152828,-0.802723015697523,1.186194975850334,1.012443986651029,0.8179815947577096,0.38099003740429677,-0.18267005387779303,0.46135512584786986,-0.019462056008684434
8.03,18,1.7772150009337695,0.5317355897853513,0.7100720106199203,-0.798627385504021,1.1880996705194629,1.0115129670443683,0.8202615375775427,0.3808853819558682,-0.18973583987979056,0.4506210575164268,-0.02240000291404725
8.035,18,1.7822150009337703,0.5332315697019794,0.7151271743532941,-0.7945204897952413,1.190003805190209,1.0105466480376943,0.822487796404421,0.38076603872672593,-0.19678975460367387,0.4398816321141241,-0.025337138877754416
8.040000000000001,18,1.787215000933771,0.5347275496186076,0.7201774183682761,-0.7904025970555258,1.1919073064345405,1.0095450898765908,0.824660346004711,0.3806320122128286,-0.2038314423722166,0.42913747032767746,-0.028273287398972634
8.045,18,1.79221500093377,0.5362235295352351,0.7252225666234102,-0.7862739758876282,1.193810100849111,1.0085083545850264,0.8267791642482013,0.38048330779264117,-0.21086054750819544,0.4183891928437871,-0.03120827197687114
8.05,18,1.7972150009337708,0.5377195094518633,0.7302624433918137,-0.7821348949971897,1.1957121150596757,1.0074365059653587,0.8288442321081326,0.38031993172713396,-0.21787671433439545,0.40763742034914824,-0.03414191611062236
8.055,18,1.8022150009337699,0.5392154893684908,0.7352968732700522,-0.7779856231772312,1.1976132757254967,1.0063296095983276,0.8308555336611525,0.38014189115977653,-0.22487958717358575,0.39688277353047646,-0.037074043299391395
8.06,18,1.8072150009337706,0.540711469285119,0.7403256811870504,-0.7738264292926281,1.1995135095437646,1.0051877328430618,0.8328130560873719,0.3799491941165487,-0.23186881034855136,0.3861258730744567,-0.04000447704235226
8.065,18,1.8122150009337696,0.5422074492017466,0.745348692412966,-0.7696575822646018,1.2014127432540005,1.0040109448370784,0.834716789670315,0.3797418495059314,-0.23884402818206524,0.37536733966780594,-0.04293304083867133
8.07,18,1.8172150009337704,0.5437034291183748,0.7503657325680979,-0.7654793510551919,1.2033109036424805,1.0027993164962739,0.8365667277969449,0.37951986711890806,-0.2458048849969105,0.36460779399721677,-0.045859558187520716
8.075,18,1.8222150009337694,0.5451994090350023,0.7553766276317626,-0.7612920046517485,1.2052079175466361,1.0015529205149354,0.8383628669576569,0.3792832576289694,-0.25275102511585684,0.3538478567494009,-0.04878385258806679
8.08,18,1.8272150009337702,0.5466953889516305,0.7603812039512021,-0.7570958120514079,1.2071037118594763,1.000271831365737,0.8401052067462876,0.3790320325921098,-0.2596820928616932,0.3430881486110485,-0.051705747539482934
8.085,18,1.832215000933771,0.5481913688682586,0.7653792882504611,-0.7528910422455816,1.2089982135339947,0.9989561252997352,0.8417937498600949,0.37876620444682446,-0.26659773255718927,0.3323292902688713,-0.05462506654093584
8.09,18,1.83721500093377,0.5496873487848862,0.7703707076392876,-0.7486779642044356,1.210891349587583,0.9976058803463771,0.8434285020997814,0.37848578651411807,-0.2734975885251257,0.3215719024095747,-0.05754163309159475
8.095,18,1.8422150009337708,0.5511833287015143,0.7753552896220266,-0.7444568468613729,1.212783047106447,0.9962211763134922,0.8450094723694737,0.37819079299749475,-0.2803813050882817,0.3108166057198475,-0.060455270690631446
8.1,18,1.8472150009337698,0.552679308618142,0.7803328621065018,-0.7402279590975177,1.2146732332500125,0.9948020947872976,0.8465366726767406,0.37788123898296583,-0.28724852656943023,0.30006402088640655,-0.06336580283721295
8.105,18,1.8522150009337706,0.55417528853477,0.785303253412919,-0.7359915697261971,1.216561835255345,0.9933487191323968,0.8480101181325775,0.3775571404390456,-0.29409889729135635,0.2893147685959445,-0.06627305303051137
8.11,18,1.8572150009337696,0.5556712684513977,0.7902662922827501,-0.7317479474774268,1.2184487804415565,0.9918611344917788,0.8494298269514157,0.37721851421675096,-0.30093206157683167,0.2785694695351719,-0.0691768447696934
8.115,18,1.8622150009337703,0.5571672483680258,0.795221807887631,-0.7274973609823864,1.2203339962142223,0.9903394277868168,0.8507958204511197,0.37686537804960524,-0.30774766374863877,0.2678287443907839,-0.07207700155393175
8.120000000000001,18,1.8672150009337711,0.558663228284654,0.8001696298382468,-0.7232400787579166,1.2222174100697893,0.9887836877172763,0.8521081230529948,0.37649775055363754,-0.314545348129555,0.2570932138494808,-0.07497334688239443
8.125,18,1.8722150009337701,0.5601592082012816,0.8051095881932273,-0.7189763691909851,1.2240989495999923,0.9871940047613015,0.853366762281766,0.376115651227376,-0.32132475904235447,0.24636349859797432,-0.0778657042542494
8.13,18,1.877215000933771,0.5616551881179097,0.8100415134680441,-0.7147065005231802,1.2259785424962653,0.985570471175429,0.8545717687656023,0.3757191004518578,-0.32808554080981983,0.2356402193229559,-0.08075389716866906
8.135,18,1.88221500093377,0.5631511680345374,0.8149652366438906,-0.7104307408351912,1.2278561165541522,0.9839131809945758,0.8557231762361014,0.3753081194906207,-0.3348273377547252,0.2249239967111398,-0.08363774912482076
8.14,18,1.8872150009337707,0.5646471479511654,0.8198805891765886,-0.7061493580312873,1.2297315996777232,0.9822222300320473,0.8568210215282966,0.3748827304897075,-0.3415497941998498,0.2142154514492225,-0.0865170836218747
8.145,18,1.8922150009337697,0.5661431278677931,0.8247874030054627,-0.7018626198238128,1.2316049198839816,0.9804977158795378,0.8578653445806527,0.37444295647766734,-0.3482525544679719,0.20351520422390684,-0.08939172415900011
8.15,18,1.8972150009337705,0.5676391077844212,0.829685510562252,-0.6975707937176497,1.233476005307284,0.9787397379071247,0.8588561884350739,0.37398882136555195,-0.35493526288187177,0.19282387572188678,-0.09226149423536815
8.155,18,1.9022150009337695,0.5691350877010488,0.8345747447799827,-0.6932741469947225,1.235344784203744,0.9769483972632723,0.8597935992368905,0.3735203499469175,-0.3615975637643239,0.18214208662987785,-0.09512621735014615
8.16,18,1.9072150009337703,0.5706310676176769,0.8394549391018773,-0.6889729466984605,1.2372111849556529,0.9751237968748292,0.8606776262348658,0.37303756789782133,-0.36823910143810673,0.1714704576345791,-0.09798571700250493
8.165000000000001,18,1.912215000933771,0.5721270475343051,0.8443259274902348,-0.6846674596182977,1.2390751360758874,0.9732660414470342,0.8615083217812082,0.3725405017768307,-0.3748595202260023,0.16080960942268444,-0.10083981669161468
8.17,18,1.91721500093377,0.5736230274509326,0.8491875444353219,-0.6803579522741486,1.2409365662123206,0.9713752374635074,0.8622857413315433,0.37202917902501215,-0.38145846445078146,0.15016016268090943,-0.10368833991664149
8.175,18,1.9222150009337708,0.5751190073675608,0.854039624964281,-0.6760446909008825,1.2427954041522424,0.9694514931862602,0.8630099434449443,0.3715036279659391,-0.38803557843522873,0.1395227380959442,-0.10653111017675936
8.18,18,1.9272150009337699,0.5766149872841884,0.8588820046499972,-0.67172794143283,1.2446515788267623,0.9674949186556856,0.8636809897839084,0.37096387780568796,-0.3945905065021164,0.12889795635450307,-0.10936795097113465
8.185,18,1.9322150009337706,0.5781109672008166,0.8637145196200149,-0.6674079694882306,1.2465050193152294,0.9655056256905628,0.8642989451143737,0.37040995863283893,-0.40112289297422815,0.11828643814327229,-0.11219868579893949
8.19,18,1.9372150009337696,0.5796069471174441,0.8685370065654077,-0.6630850403537566,1.248355654849639,0.9634837278880629,0.8648638773057041,0.3698419014184772,-0.40763238217433573,0.10768880414897254,-0.11502313815934025
8.195,18,1.9422150009337704,0.5811029270340723,0.8733493027496935,-0.6587594189689564,1.250203414819052,0.9614293406237359,0.8653758573307041,0.36925973801619233,-0.41411861842522346,0.09710567505829139,-0.11784113155150966
8.2,18,1.9472150009337694,0.5825989069506999,0.8781512460177003,-0.6544313699107712,1.2520482287739991,0.959342581051521,0.8658349592656012,0.3686635011620773,-0.42058124604966307,0.0865376715579444,-0.1206524894746141
8.205,18,1.9522150009337702,0.584094886867328,0.8829426748044833,-0.6501011573779921,1.2538900264309012,0.9572235681037449,0.8662412602900779,0.36805322447472955,-0.4270199093704389,0.07598541433461659,-0.12345703542782696
8.21,18,1.957215000933771,0.5855908667839561,0.887723428144199,-0.6457690451757537,1.2557287376764776,0.9550724224911178,0.8665948406872229,0.3674289424552499,-0.43343425271032454,0.06544952407502735,-0.12625459291031396
8.215,18,1.96221500093377,0.5870868467005838,0.8924933456790027,-0.6414352967000271,1.2575642925721573,0.9528892667027392,0.8668957838435768,0.3667906904872454,-0.4398239203920999,0.05493062146587061,-0.1290449854212466
8.22,18,1.9672150009337708,0.5885828266172118,0.8972522676679469,-0.6371001749220756,1.2593966213584968,0.9506742250060893,0.8671441762491106,0.3661385048368248,-0.4461885567385399,0.04442932719384794,-0.13182803645979313
8.225,18,1.9722150009337698,0.5900788065338395,0.9020000349958606,-0.6327639423729702,1.2612256544595866,0.948427423447041,0.8673401074972245,0.3654724226526028,-0.4525278060724257,0.03394626194566727,-0.1346035695251257
8.23,18,1.9772150009337706,0.5915747864504677,0.9067364891822547,-0.6284268611280436,1.263051322487469,0.9461489898498486,0.8674836702847504,0.36479248196569725,-0.4588413127165354,0.02348204640802381,-0.13737140811641127
8.235,18,1.9822150009337696,0.5930707663670952,0.9114614723902004,-0.6240891927913964,1.2648735562465456,0.9438390538171545,0.8675749604119645,0.36409872168973073,-0.46512872099364433,0.013037301267626752,-0.14013137573281945
8.24,18,1.9872150009337703,0.5945667462837234,0.916174827435237,-0.6197511984803578,1.2666922867379962,0.9414977467299857,0.8676140767825693,0.3633911816208285,-0.4713896752265326,0.0026126472111725803,-0.14288329587352167
8.245000000000001,18,1.9922150009337711,0.5960627262003515,0.9208763977942449,-0.6154131388099903,1.268507445164182,0.9391252017477573,0.8676011214036943,0.36266990243762215,-0.47762381973797746,-0.0077912950746333205,-0.1456269920376856
8.25,18,1.9972150009337701,0.5975587061169791,0.9255660276143534,-0.6110752738775588,1.2703189629330678,0.9367215538082708,0.8675361993859171,0.36193492570124736,-0.48383079885075636,-0.01817390490308684,-0.14836228772448268
8.255,18,2.002215000933771,0.5990546860336072,0.9302435617218263,-0.6067378632470125,1.2721267716626294,0.9342869396277094,0.8674194189432387,0.361186293855342,-0.4900102568876493,-0.028534561587488953,-0.15108900643308062
8.26,18,2.00721500093377,0.6005506659502349,0.9349088456309538,-0.6024011659334781,1.2739308031852663,0.9318214977006491,0.8672508913930924,0.36042405022604806,-0.4961618381714298,-0.038872644441133,-0.15380697166264828
8.265,18,2.0122150009337707,0.602046645866863,0.9395617255529449,-0.5980654403877309,1.2757309895522166,0.9293253683000454,0.8670307311563548,0.3596482390220142,-0.5022851870248802,-0.049187532777319964,-0.15651600691235779
8.27,18,2.0172150009337697,0.6035426257834906,0.9442020484048184,-0.5937309444806896,1.2775272630379648,0.926798693477246,0.866759055757326,0.3588589053343927,-0.5083799477707757,-0.059478605909348274,-0.15921593568137746
8.275,18,2.0222150009337705,0.6050386057001187,0.9488296618182988,-0.5893979354878859,1.279319556144662,0.9242416170619793,0.8664359858237456,0.35805609513683656,-0.5144457647318984,-0.0697452431505189,-0.1619065814688768
8.28,18,2.0272150009337695,0.6065345856167463,0.9534444141486982,-0.5850666700739647,1.281107801606528,0.921654284662364,0.8660616450867832,0.35723985528550745,-0.5204822822310202,-0.07998682381411758,-0.16458776777402478
8.285,18,2.0322150009337703,0.6080305655333744,0.9580461544838266,-0.5807374042771404,1.2828919323942753,0.9190368436649006,0.8656361603810466,0.35641023351906886,-0.5264891445909254,-0.09020272721345288,-0.16725931809599093
8.290000000000001,18,2.037215000933771,0.6095265454500026,0.9626347326528615,-0.5764103934937103,1.2846718817195137,0.916389443234481,0.8651596616445693,0.35556727845868735,-0.5324659961343865,-0.10039233266182326,-0.1699210559339467
8.295,18,2.04221500093377,0.6110225253666302,0.9672099992352559,-0.572085892462516,1.286447583039163,0.9137122343143801,0.8646322819188211,0.3547110396080366,-0.5384124811841825,-0.11055501947251696,-0.17257280478705792
8.3,18,2.047215000933771,0.6125185052832584,0.9717718055696272,-0.5677641552494338,1.2882189700598716,0.9110053696262568,0.8640541573487163,0.3538415673532929,-0.5443282440630953,-0.12069016695884006,-0.17521438815449913
8.305,18,2.05221500093377,0.614014485199886,0.9763200037626398,-0.563445435231862,1.289985976742421,0.9082690036701632,0.8634254271825873,0.35295891296313636,-0.550212929093898,-0.13079715443408335,-0.17784562953543612
8.31,18,2.0572150009337706,0.6155104651165141,0.9808544466979139,-0.5591299850831889,1.2917485373061464,0.9055032927245285,0.8627462337722057,0.3520631285887511,-0.556066180599373,-0.14087536121155037,-0.1804663524290391
8.315,18,2.0622150009337696,0.6170064450331417,0.9853749880448981,-0.5548180567572941,1.2935065862333417,0.9027083948461744,0.862016722572781,0.35115426726382637,-0.5618876429022926,-0.15092416660453697,-0.18307638033447823
8.32,18,2.0672150009337704,0.6185024249497698,0.9898814822677797,-0.5505099014730189,1.2952600582736784,0.8998844698703056,0.8612370421429464,0.3502323829045546,-0.5676769603254406,-0.16094294992634162,-0.1856755367509225
8.325,18,2.0722150009337694,0.6199984048663975,0.9943737846343628,-0.5462057696986503,1.2970088884486126,0.897031679410514,0.8604073441447775,0.3492975303096334,-0.5734337771915892,-0.17093109049025257,-0.18826364517754074
8.33,18,2.07721500093377,0.6214943847830255,0.998851751224967,-0.5419059111364134,1.2987530120558017,0.8941501868587787,0.8595277833437853,0.348349765160264,-0.5791577378235234,-0.18088796760958603,-0.19084052911350574
8.335,18,2.082215000933771,0.6229903646996537,1.0033152389413167,-0.5376105747069398,1.3004923646735154,0.8912401573854645,0.8585985176089015,0.3473891440201509,-0.5848484865440163,-0.19081296059762518,-0.19340601205798327
8.34,18,2.08721500093377,0.6244863446162813,1.0077641055154343,-0.5333200085337669,1.3022268821650465,0.8883017579393199,0.8576197079125036,0.3464157243355042,-0.590505667675844,-0.20070544876766847,-0.19595991751014347
8.345,18,2.0922150009337708,0.6259823245329095,1.0121982095185342,-0.5290344599277966,1.3039565006831282,0.885335157247482,0.8565915183303975,0.34542956443503753,-0.5961289255417902,-0.21056481143301942,-0.19850206896915848
8.35,18,2.09721500093377,0.627478304449537,1.01661741036991,-0.5247541753718125,1.30568115667434,0.8823405258154741,0.8555141160418265,0.34443072352996884,-0.6017179044646278,-0.22039042790697388,-0.20103228993419464
8.355,18,2.1022150009337706,0.6289742843661652,1.0210215683458301,-0.5204794005049252,1.3074007868835271,0.8793180359272044,0.8543876713294588,0.34341926171402065,-0.6072722487671394,-0.2301816775028303,-0.20355040390442347
8.36,18,2.1072150009337696,0.6304702642827927,1.0254105445884258,-0.5162103801070869,1.309115328358207,0.8762678616449648,0.8532123575794056,0.34239523996341764,-0.6127916027720971,-0.239937939533877,-0.2060562343790126
8.365,18,2.1122150009337703,0.6319662441994209,1.0297842011145915,-0.511947358083552,1.3108247184529858,0.8731901788094405,0.8519883512812062,0.34135872013689106,-0.6182756108022849,-0.24965859331342757,-0.20854960485713475
8.370000000000001,18,2.117215000933771,0.633462224116049,1.0341424008248665,-0.5076905774493686,1.3125288948339695,0.8700851650396936,0.8507158320278331,0.34030976497567494,-0.6237239171804774,-0.25934301815477034,-0.21103033883795821
8.375,18,2.12221500093377,0.6349582040326767,1.0384850075123282,-0.5034402803138761,1.314227795483175,0.8669529997331837,0.8493949825157009,0.3392484381035087,-0.6291361662294528,-0.2689905933711986,-0.21349825982065002
8.38,18,2.127215000933771,0.6364541839493048,1.0428118858714974,-0.499196707865151,1.315921358702947,0.8637938640657447,0.848025988544643,0.33817480402663364,-0.6345120022719898,-0.2786006982760185,-0.21595319130438165
8.385,18,2.13221500093377,0.6379501638659324,1.0471229015072097,-0.4949601003545273,1.3176095231203662,0.8606079409916038,0.8466090390179358,0.33708892813379726,-0.6398510696308644,-0.28817271218252327,-0.21839495678832263
8.39,18,2.1372150009337707,0.6394461437825605,1.0514179209435233,-0.49073069708105976,1.3192922276916614,0.8573954152433715,0.8451443259422906,0.33599087669625083,-0.6451530126288558,-0.297706014404014,-0.22082337977164251
8.395,18,2.1422150009337697,0.6409421236991881,1.0556968116326055,-0.4865087363760098,1.3209694117066275,0.8541564733320467,0.8436320444278509,0.3348807168677507,-0.650417475588743,-0.3071999842537865,-0.2232382837535109
8.4,18,2.1472150009337705,0.6424381036158162,1.059959441963623,-0.48229445558732753,1.3226410147930325,0.8508913035470096,0.8420723926881863,0.3337585166845531,-0.655644102833305,-0.3166540010451367,-0.2256394922330967
8.405,18,2.1522150009337695,0.6439340835324439,1.0642056812716334,-0.4780880910641466,1.3243069769210314,0.8476000959560334,0.8404655720403078,0.33262434506542476,-0.6608325386853156,-0.3260674440913655,-0.22802682870956945
8.41,18,2.1572150009337703,0.645430063449072,1.0684353998464844,-0.4738898781412445,1.3259672384075794,0.8442830424052736,0.8388117869046599,0.3314782718116312,-0.665982427467557,-0.3354396927057689,-0.23040011668210192
8.415000000000001,18,2.162215000933771,0.6469260433657001,1.0726484689416969,-0.46970005112354507,1.327621739920847,0.8409403365192702,0.8371112448051147,0.33032036760694483,-0.6710934135028049,-0.34477012620164776,-0.23275917964985918
8.42,18,2.16721500093377,0.6484220232823278,1.0768447607833587,-0.46551884327059156,1.3292704224846261,0.837572173700951,0.8353641563689842,0.3291507040176419,-0.6761651411138361,-0.3540581238922879,-0.2351038411120108
8.425,18,2.172215000933771,0.6499180031989559,1.0810241485790222,-0.4613464867810363,1.3309132274827484,0.8341787511316318,0.8335707353270084,0.3279693534925013,-0.6811972546234304,-0.3633030650909979,-0.2374339245677289
8.43,18,2.17721500093377,0.6514139831155835,1.085186506526589,-0.4571832127771157,1.3325500966634944,0.8307602677710154,0.8317311985133707,0.3267763893628096,-0.6861893983543633,-0.37250432911107106,-0.23974925351618243
8.435,18,2.1822150009337706,0.6529099630322116,1.0893317098232114,-0.4530292512891322,1.3341809721440092,0.8273169243571826,0.8298457658656743,0.3255718858423539,-0.6911412166294199,-0.38166129526581344,-0.24204965145653898
8.44,18,2.1872150009337696,0.6544059429488392,1.093459634674168,-0.44888483123995304,1.3358057964147112,0.8238489234066095,0.8279146604249655,0.32435591802742636,-0.6960523537713692,-0.39077334286851334,-0.24433494188797195
8.445,18,2.1922150009337704,0.6559019228654673,1.0975701583017754,-0.444750180429471,1.3374245123437078,0.8203564692141531,0.8259381083357208,0.3231285618968236,-0.7009224541029951,-0.39983985123247173,-0.24660494830964774
8.45,18,2.1972150009337694,0.657397902782095,1.1016631589542625,-0.4406255255191037,1.3390370631812059,0.8168397678530607,0.8239163388458536,0.32188989431184833,-0.7057511619470711,-0.40886019967098197,-0.2488594942207359
8.455,18,2.20221500093377,0.6588938826987231,1.1057385159146778,-0.4365110920162675,1.3406433925639263,0.8132990271749582,0.8218495843067009,0.32063999301630214,-0.7105381216263777,-0.4178337674973501,-0.2510984031204066
8.46,18,2.207215000933771,0.6603898626153513,1.1097961095097695,-0.4324071042588652,1.342243444519514,0.809734456809865,0.8197380801730418,0.3193789366364973,-0.715282977463695,-0.4267599340248694,-0.25332149850783003
8.465,18,2.21221500093377,0.6618858425319788,1.1138358211188808,-0.4283137853997677,1.3438371634709503,0.8061462681661844,0.8175820650030909,0.318106804681245,-0.7199853737817958,-0.43563807856683584,-0.2555286038821745
8.47,18,2.2172150009337708,0.663381822448607,1.1178575331828466,-0.42423135739129736,1.34542449424097,0.8025346744307068,0.815381780458497,0.3168236775418647,-0.7246449549034646,-0.4444675804365504,-0.2577195427426128
8.475,18,2.22221500093377,0.6648778023652345,1.1218611292128775,-0.42016004096970516,1.3470053820564691,0.7988998905686073,0.8131374713043252,0.3155296364921776,-0.7292613651514704,-0.4532478189473013,-0.2598941385883087
8.48,18,2.2272150009337706,0.6663737822818627,1.1258464937994614,-0.41610005563966157,1.3485797725529192,0.7952421333234441,0.8108493854090978,0.31422476368850755,-0.7338342488486009,-0.4619781734124022,-0.2620522149184355
8.485,18,2.2322150009337696,0.6678697621984903,1.1298135126212443,-0.4120516196587355,1.3501476117787798,0.7915616212171683,0.8085177737447542,0.31290914216968707,-0.7383632503176265,-0.47065802314513894,-0.26419359523216357
8.49,18,2.2372150009337703,0.6693657421151185,1.133762072453934,-0.40801495002187516,1.351708846199911,0.78785857455011,0.8061428903866766,0.3115828558570475,-0.7428480138813301,-0.4792867474588124,-0.2663181030286611
8.495000000000001,18,2.242215000933771,0.6708617220317465,1.1376920611791774,-0.4039902624458992,1.3532634227039848,0.7841332154009919,0.8037249925136789,0.31024598955443056,-0.7472881838624862,-0.487863725666721,-0.26842556180709576
8.5,18,2.24721500093377,0.6723577019483742,1.1416033677934692,-0.3999777713539664,1.3548112886048997,0.7803857676269191,0.8012643404079994,0.3088986289481761,-0.7516834045838758,-0.49638833708216323,-0.27051579506664025
8.505,18,2.252215000933771,0.6738536818650023,1.1454958824170312,-0.3959776898600694,1.3563523916471931,0.7766164568633818,0.7987611974553191,0.3075408606071302,-0.7560333203682758,-0.5048599610184298,-0.272588626306461
8.51,18,2.25721500093377,0.6753496617816299,1.1493694963027117,-0.3919902297535157,1.35788668001045,0.7728255105242592,0.7962158301447556,0.3061727719826451,-0.7603375755384609,-0.5132779767888295,-0.27464387902572945
8.515,18,2.2622150009337707,0.676845641698258,1.1532241018448697,-0.38801560148340253,1.3594141023137212,0.769013157801815,0.7936285080688523,0.30479445140857453,-0.764595814417213,-0.5216417637066554,-0.2766813767236165
8.52,18,2.2672150009337697,0.6783416216148856,1.1570595925882758,-0.38405401414311735,1.3609346076199305,0.7651796296667029,0.7909995039235899,0.30340598810128,-0.7688076813273084,-0.529950701085201,-0.27870094289929026
8.525,18,2.2722150009337705,0.6798376015315138,1.160875863236999,-0.38010567545478946,1.3624481454402946,0.7613251588679526,0.7883290935083764,0.30200747215962087,-0.7729728205915267,-0.5382041682377648,-0.28070240105191857
8.53,18,2.2772150009337695,0.6813335814481414,1.1646728096632966,-0.3761707917538156,1.3639546657387231,0.7574499799329926,0.7856175557260667,0.3005989945649671,-0.7770908765326412,-0.5464015444776478,-0.2826855746806722
8.535,18,2.2822150009337703,0.6828295613647696,1.1684503289165127,-0.37224956797330366,1.3654541189362464,0.753554329167628,0.7828651725829326,0.29918064718118864,-0.7811614934734386,-0.5545422091181508,-0.28465028728472197
8.540000000000001,18,2.287215000933771,0.6843255412813977,1.1722083192319643,-0.36834220762857683,1.3669464559154156,0.7496384446560521,0.7800722291886928,0.29775252275466074,-0.785184315736686,-0.562625541472562,-0.2865963623632361
8.545,18,2.29221500093377,0.6858215211980253,1.1759466800398353,-0.3644489128016525,1.3684316280247204,0.7457025662608516,0.7772390137564971,0.2963147149142667,-0.7891589876451695,-0.5706509208541903,-0.2885236234153849
8.55,18,2.297215000933771,0.6873175011146534,1.1796653119740703,-0.360569884125718,1.3699095870830051,0.7417469356229869,0.7743658176029183,0.2948673181713865,-0.793085153521666,-0.5786177265763213,-0.290431893940336
8.555,18,2.30221500093377,0.688813481031281,1.1833641168812608,-0.35670532076963124,1.3713802853838708,0.7377717961618181,0.7714529351479767,0.2934104279199105,-0.7969624576889494,-0.5865253379522584,-0.2923209974372615
8.56,18,2.3072150009337706,0.6903094609479091,1.1870429978295474,-0.35285542042237605,1.3728436757001017,0.7337773930750746,0.7685006639151146,0.29194414043622813,-0.8007905444698015,-0.5943731342953026,-0.2941907574053302
8.565,18,2.3122150009337696,0.6918054408645368,1.190701859117497,-0.3490203792775698,1.3742997112880624,0.729763973338892,0.7655093045312189,0.2904685528792394,-0.804569058186997,-0.6021604949187473,-0.29604099734371053
8.57,18,2.3172150009337704,0.6933014207811649,1.1943406062830109,-0.34520039201793573,1.3757483458921242,0.7257317857077751,0.7624791607266075,0.28898376329034153,-0.8082976431633179,-0.6098867991358935,-0.2978715407515727
8.575000000000001,18,2.322215000933771,0.694797400697793,1.1979591461122072,-0.3413956517997866,1.3771895337490707,0.7216810807146206,0.7594105393350182,0.2874898705934419,-0.8119759437215396,-0.6175514262600396,-0.2996822111280868
8.58,18,2.32721500093377,0.6962933806144206,1.2015573866483078,-0.3376063502375094,1.3786232295925074,0.717612110670717,0.7563037502936378,0.28598697459494926,-0.8156036041844382,-0.6251537556044713,-0.30147283197241925
8.585,18,2.332215000933771,0.6977893605310488,1.2051352372005466,-0.3338326773880397,1.3800493886572829,0.7135251296657307,0.7531591066430865,0.28447517598377325,-0.8191802688747969,-0.632693166482505,-0.3032432267837453
8.59,18,2.33721500093377,0.6992853404476763,1.208692608353045,-0.3300748217353605,1.381467966683894,0.709420393567721,0.7499769245274021,0.28295457633133453,-0.822705582115388,-0.640169038207421,-0.30499321906123017
8.595,18,2.3422150009337708,0.7007813203643045,1.2122294119737145,-0.3263329701749661,1.3828789199229017,0.7052981600231213,0.7467575231940762,0.28142527809155243,-0.8261791882289933,-0.647580750092523,-0.30672263230404334
8.6,18,2.34721500093377,0.7022773002809322,1.21574556122314,-0.322607307998367,1.3842822051393426,0.7011586884567689,0.7435012249940175,0.2798873846008533,-0.8296007315383895,-0.6549276814511095,-0.3084312900113556
8.605,18,2.3522150009337706,0.7037732801975602,1.2192409705634848,-0.31889801887755376,1.3856777796171411,0.6970022400718751,0.7402083553815897,0.27834100007816587,-0.8329698563663555,-0.662209211596489,-0.3101190156823391
8.61,18,2.3572150009337696,0.7052692601141879,1.2227155557673652,-0.31520528484948296,1.3870656011635236,0.6928290778500381,0.7368792429145593,0.2767862296249245,-0.8362862070356646,-0.6694247198419447,-0.3117856328161584
8.615,18,2.3622150009337703,0.706765240030816,1.2261692339267574,-0.3115292863005693,1.3884456281134305,0.6886394665512446,0.7335142192541468,0.27522317922506806,-0.8395494278691031,-0.6765735855007803,-0.3134309649119861
8.620000000000001,18,2.367215000933771,0.7082612199474441,1.2296019234618814,-0.30787020195116155,1.389817819333925,0.6844336727138689,0.7301136191650037,0.2736519557450369,-0.842759163189441,-0.6836551878862888,-0.3150548354689899
8.625,18,2.37221500093377,0.7097571998640717,1.2330135441300945,-0.30422820884002466,1.3911821342286133,0.6802119646546666,0.7266777805152143,0.2720726669337767,-0.8459150573194587,-0.6906689063117663,-0.31665706798634
8.63,18,2.377215000933771,0.7112531797806999,1.2364040170347852,-0.30060348230883005,1.3925385327420474,0.6759746124687854,0.723207044276298,0.2704854214227408,-0.8490167545819388,-0.6976141200905188,-0.3182374859632079
8.635,18,2.38221500093377,0.7127491596973274,1.2397732646342612,-0.29699619598662574,1.3938869753641483,0.6717218880297544,0.7197017545231993,0.2688903287258805,-0.8520638992996529,-0.7044902085358346,-0.31979591289875986
8.64,18,2.3872150009337707,0.7142451396139556,1.2431212107506486,-0.2934065217743328,1.3952274231346085,0.6674540649894936,0.716162258434306,0.26728749923965595,-0.8550561357953802,-0.7112965509610273,-0.3213321722921675
8.645,18,2.3922150009337697,0.7157411195305832,1.2464477805787721,-0.28983462982921415,1.3965598376473114,0.6631714187783018,0.7125889062914387,0.26567704424303173,-0.8579931083919032,-0.7180325266793777,-0.3228460876426009
8.65,18,2.3972150009337705,0.7172370994472114,1.249752900695062,-0.28628068854936883,1.3978841810547422,0.6588742266048673,0.7089820514798371,0.26405907589746935,-0.8608744614119963,-0.7246975150041942,-0.32433748244922717
8.655,18,2.4022150009337695,0.7187330793638389,1.2530364990664304,-0.28274486455821946,1.3992004160723956,0.6545627674562696,0.7053420504881928,0.26243370724694576,-0.863699839178433,-0.7312908952487653,-0.3258061802112184
8.66,18,2.4072150009337703,0.7202290592804671,1.256298505059177,-0.27922732268897177,1.4005085059831983,0.6502373220979693,0.7016692629086261,0.2608010522179339,-0.8664688860140026,-0.7378120467263994,-0.3272520044277434
8.665000000000001,18,2.412215000933771,0.7217250391970952,1.2595388494478685,-0.2757282259691266,1.40180841464191,0.6458981730738081,0.6979640514366807,0.2591612256194117,-0.8691812462414713,-0.7442603487503797,-0.3286747785979693
8.67,18,2.41721500093377,0.7232210191137228,1.2627574644242432,-0.27224773560493587,1.4031001064795463,0.6415456047060303,0.6942267818713564,0.25751434314286653,-0.8718365641836233,-0.75063518063402,-0.3300743262210694
8.675,18,2.422215000933771,0.7247169990303509,1.2659542836060924,-0.2687860109659025,1.404383546507783,0.6371799030952436,0.6904578231150587,0.25586052136228193,-0.8744344841632374,-0.756935921690606,-0.3314504707962114
8.68,18,2.42721500093377,0.7262129789469786,1.269129242046156,-0.26534320956926527,1.4056587003233738,0.6328013561204637,0.686657547173638,0.2541998777341515,-0.8769746505030871,-0.763161951233436,-0.3328030358225624
8.685,18,2.4322150009337706,0.7277089588636066,1.2722822762410189,-0.26191948706446777,1.4069255341125608,0.628410253439077,0.6828263291563904,0.2525325305974723,-0.8794567075259542,-0.769312648575816,-0.33413184479929686
8.69,18,2.4372150009337696,0.7292049387802343,1.2754133241399979,-0.2585149972176467,1.4081840146554885,0.6240068864868606,0.6789645472760271,0.2508585991737425,-0.8818802995546137,-0.7753873930310448,-0.3354367212255819
8.695,18,2.4422150009337704,0.7307009186968624,1.2785223251540287,-0.25512989189612256,1.4094341093306118,0.6195915484779819,0.6750725828487025,0.24917820356696732,-0.884245070911846,-0.7813855639124053,-0.33671748860058454
8.700000000000001,18,2.447215000933771,0.7321968986134906,1.281609220164572,-0.2517643210528765,1.4106757861191144,0.6151645344049896,0.671150820294,0.247491464763657,-0.886550665920428,-0.7873065405332086,-0.33797397042348004
8.705,18,2.45221500093377,0.7336928785301181,1.2846739515324896,-0.2484184327110307,1.411909013609319,0.6107261410388221,0.6671996471349471,0.24579850463282207,-0.8887967289031382,-0.7931497022067456,-0.3392059901934316
8.71,18,2.457215000933771,0.7351888584467463,1.2877164631069555,-0.24509237294832753,1.413133761001101,0.6062766669287963,0.6632194539979902,0.2440994459259787,-0.890982904182756,-0.7989144282463174,-0.34041337140961453
8.715,18,2.46221500093377,0.736684838363374,1.2907367002343206,-0.24178628588163475,1.414349998110294,0.6018164124026275,0.6592106346130185,0.2423944122771493,-0.8931088360820532,-0.804600097965212,-0.3415959375711933
8.72,18,2.4672150009337708,0.738180818280002,1.2937346097670317,-0.238500313651398,1.415557695373113,0.5973456795664077,0.6551735858133553,0.24068352820286035,-0.8951741689238184,-0.8102060906767535,-0.34275351217734185
8.725,18,2.47221500093377,0.7396767981966297,1.296710140072508,-0.23523459640613942,1.416756823850562,0.592864772304614,0.6511087075357402,0.23896691910213716,-0.8971785470308165,-0.815731785694202,-0.3438859187272247
8.73,18,2.4772150009337706,0.7411727781132578,1.2996632410420406,-0.23198927228694066,1.4179473552328445,0.5883739962801169,0.6470164028203768,0.2372447112565156,-0.899121614725833,-0.821176562330884,-0.3449929807200165
8.735,18,2.4822150009337696,0.7426687580298854,1.3025938640996764,-0.22876447741193096,1.4191292618437767,0.5838736589341711,0.6428970778108808,0.2355170318300335,-0.9010030163316465,-0.8265397999000903,-0.3460745216548843
8.74,18,2.4872150009337703,0.7441647379465135,1.3055019622111148,-0.22556034586075235,1.4203025166452052,0.5793640694864126,0.638751141754303,0.23378400886923117,-0.9028223961710371,-0.8318208777151141,-0.34713036503099826
8.745000000000001,18,2.492215000933771,0.7456607178631417,1.308387489892602,-0.22237700965905305,1.4214670932414124,0.5748455389348651,0.6345790070011317,0.2320457713031559,-0.9045793985667726,-0.8370191750892516,-0.3481603343475279
8.75,18,2.49721500093377,0.7471566977797692,1.3112504032198185,-0.21921459876298244,1.4226229658835319,0.5703183800559453,0.6303810890052843,0.23030244894335697,-0.9062736678416407,-0.8421340713358035,-0.3491642531036397
8.755,18,2.502215000933771,0.7486526776963974,1.3140906598367759,-0.21607324104364667,1.4237701094739643,0.5657829074044466,0.6261578063241312,0.22855417248388818,-0.9079048483184166,-0.847164945768076,-0.3501419447985082
8.76,18,2.50721500093377,0.750148657613025,1.316908218964698,-0.2129530622716237,1.424908499570782,0.5612394373135554,0.6219095806184411,0.22680107350130846,-0.9094725843198765,-0.8521111776993497,-0.35109323293129985
8.765,18,2.5122150009337707,0.7516446375296532,1.3197030414109316,-0.2098541861014086,1.4260381123921537,0.5566882878948354,0.6176368366524494,0.2250432844546804,-0.9109765201687999,-0.8569721464429332,-0.35201794100118483
8.77,18,2.5172150009337697,0.7531406174462807,1.3224750895778175,-0.20677673405592245,1.4271589248207428,0.552129779038249,0.6133400022938026,0.22328093868557028,-0.9124163001879616,-0.8617472313121197,-0.3529158925073333
8.775,18,2.5222150009337705,0.7546365973629089,1.3252243274716,-0.20372082551100734,1.42827091440813,0.5475642324121343,0.6090195085135943,0.22151417041804694,-0.9137915687001444,-0.8664358116202155,-0.35378691094891357
8.78,18,2.5272150009337695,0.7561325772795364,1.3279507207113028,-0.20068657767986997,1.429374059379223,0.5429919714632208,0.6046757893863488,0.21974311475868955,-0.9151019700281274,-0.8710372666805113,-0.35463081982509714
8.785,18,2.5322150009337703,0.7576285571961646,1.3306542365376375,-0.19767410559759668,1.4304683386366635,0.5384133214166207,0.6003092820900143,0.2179679076965745,-0.9163471484946834,-0.8755509758063005,-0.35544744263505224
8.790000000000001,18,2.537215000933771,0.7591245371127927,1.3333348438218793,-0.19468352210562412,1.4315537317652525,0.5338286092758378,0.5959204269059846,0.21618868610328398,-0.9175267484225909,-0.879976318310889,-0.35623660287794656
8.795,18,2.54221500093377,0.7606205170294204,1.335992513074776,-0.19171493783621252,1.4326302190363527,0.5292381638227562,0.591509667219085,0.21440558773290844,-0.9186404141346293,-0.8843126735075703,-0.35699812405295217
8.8,18,2.547215000933771,0.7621164969460484,1.3386272164554225,-0.18876846119695945,1.4336977814122993,0.5246423156176454,0.5870774495175688,0.21261875122203555,-0.9196877899535773,-0.8885594207096402,-0.35773182965923866
8.805,18,2.55221500093377,0.7636124768626761,1.3412389277801644,-0.18584419835524868,1.4347564005508202,0.5200413969991708,0.5826242233931275,0.21082831608976466,-0.9206685202022122,-0.8927159392304048,-0.358437543195975
8.81,18,2.5572150009337706,0.7651084567793042,1.343827622531487,-0.1829422532227506,1.4358060588094477,0.5154357420843712,0.5781504415408809,0.209034422737695,-0.9215822492033134,-0.8967816083831549,-0.3591150881623306
8.815,18,2.5622150009337696,0.7666044366959318,1.3463932778669077,-0.18006272743989948,1.4368467392499227,0.5108256867686805,0.5736565597593858,0.20723721244992746,-0.9224286212796551,-0.9007558074811813,-0.35976428805747457
8.82,18,2.5672150009337704,0.76810041661256,1.3489358726278635,-0.17720572036037352,1.4378784256426167,0.5062115687259098,0.5691430369506393,0.20543682739307212,-0.9232072807540154,-0.9046379158377977,-0.36038496638057566
8.825000000000001,18,2.572215000933771,0.7695963965291881,1.3514553873486115,-0.17437132903559782,1.4389011024709384,0.5015937274082692,0.5646103351200539,0.20363341061624085,-0.9239178719491765,-0.9084273127662874,-0.3609769466308055
8.83,18,2.57721500093377,0.7710923764458157,1.3539518042651066,-0.17155964819920044,1.4399147549357487,0.4969725040463474,0.5600589193764992,0.2018271060510541,-0.9245600391879149,-0.9121233775799638,-0.3615400523073329
8.835,18,2.582215000933771,0.7725883563624438,1.3564251073239153,-0.1687707702515101,1.4409193689597752,0.4923482416491139,0.5554892579322576,0.20001805851162632,-0.9251334267930038,-0.9157254895921052,-0.3620741069093261
8.84,18,2.58721500093377,0.7740843362790715,1.358875282191086,-0.16600478524402418,1.4419149311920205,0.4877212850039331,0.5509018221030562,0.19820641369458514,-0.9256376790872285,-0.9192330281160201,-0.3625789339359561
8.845,18,2.5922150009337708,0.7755803161956996,1.3613023162610527,-0.1632617808639224,1.4429014290121756,0.48309198067655607,0.5462970863080571,0.1963923181790601,-0.9260724403933638,-0.9226453724650147,-0.36305435688639426
8.85,18,2.59721500093377,0.7770762961123272,1.363706198665523,-0.16054184241852287,1.4438788505350342,0.4784606770111112,0.5416755280698416,0.19457591942668392,-0.926437355034187,-0.9259619019523669,-0.3635001992598044
8.855,18,2.6022150009337706,0.7785722760289553,1.3660869202823733,-0.15784505281976113,1.4448471846149058,0.47382772413011753,0.5370376280144453,0.19275736578159192,-0.9267320673324744,-0.9291819958913855,-0.36391628455536124
8.86,18,2.6072150009337696,0.7800682559455829,1.3684444737445338,-0.15517149256869722,1.4458064208500234,0.46919347393448385,0.532383869871319,0.19093680647042832,-0.9269562216110082,-0.9323050335953637,-0.36430243627223174
8.865,18,2.6122150009337703,0.781564235862211,1.370778853448895,-0.15252123973997744,1.4467565495869663,0.4645582801035017,0.5277147404733563,0.18911439160233448,-0.9271094621925622,-0.9353303943776076,-0.3646584779095861
8.870000000000001,18,2.617215000933771,0.7830602157788392,1.3730900555651746,-0.14989436996633076,1.4476975619250565,0.45992249809484853,0.523030729756891,0.1872902721689655,-0.9271914333999162,-0.9382574575514155,-0.36498423296659516
8.875,18,2.62221500093377,0.7845561956954668,1.375378078044841,-0.14729095642304435,1.4486294497207872,0.4552864851445888,0.518332330761673,0.18546460004447157,-0.9272017795558503,-0.941085602430076,-0.3652795249424285
8.88,18,2.627215000933771,0.786052175612095,1.3776429206299765,-0.1447110698124484,1.4495522055922287,0.4506506002671693,0.5136200396308944,0.18363752798551125,-0.9271401449831405,-0.9438142083268873,-0.36554417733625183
8.885,18,2.63221500093377,0.7875481555287225,1.3798845848621901,-0.1421547783483904,1.4504658229234346,0.4460152042554334,0.508894355611178,0.18180920963124655,-0.9270061740045629,-0.9464426545551453,-0.3657780136472373
8.89,18,2.6372150009337707,0.7890441354453507,1.3821030740914924,-0.13962214774074033,1.451370295868868,0.44138065968059786,0.5041557810526021,0.17997979950334525,-0.9267995109429,-0.9489703204281611,-0.36598085737455693
8.895,18,2.6422150009337697,0.7905401153619783,1.3842983934852084,-0.13711324117984802,1.4522656193578036,0.4367473308922732,0.49940482140863707,0.17814945300597543,-0.9265198001209229,-0.9513965852592206,-0.36615253201737585
8.9,18,2.6472150009337705,0.7920360952786064,1.386470550036842,-0.1346281193210378,1.453151789098741,0.4321155840184499,0.49464198523622477,0.17631832642581347,-0.9261666858614167,-0.9537208283616271,-0.366292861074865
8.905,18,2.6522150009337695,0.793532075195234,1.3886195525749938,-0.13216684026910708,1.4540288015838225,0.42748578696551853,0.48986778419571875,0.17448657693203798,-0.9257398124871534,-0.955942429048669,-0.36640166804619634
8.91,18,2.6572150009337703,0.7950280551118621,1.3907454117722415,-0.12972945956276505,1.4548966540932429,0.4228583094182333,0.4850827330509052,0.17265436257633016,-0.9252388243209133,-0.9580607666336522,-0.36647877643053633
8.915000000000001,18,2.662215000933771,0.7965240350284902,1.3928481401540274,-0.1273160301591575,1.455755344699659,0.41823352283975446,0.48028734966902425,0.1708218422928777,-0.9246633656854774,-0.960075220429878,-0.3665240097270545
8.92,18,2.66721500093377,0.7980200149451179,1.3949277521075585,-0.12492660241835474,1.456604872272604,0.4136118004716223,0.4754821550207302,0.16898917589837345,-0.9240130809036204,-0.9619851697506292,-0.366537191434923
8.925,18,2.672215000933771,0.7995159948617461,1.3969842638906935,-0.12256122408777836,1.4574452364829056,0.40899351733375755,0.47066767318012515,0.16715652409201232,-0.9232876142981213,-0.9637899939092198,-0.36651814505331004
8.93,18,2.67721500093377,0.8010119747783736,1.3990176936408414,-0.12021994028675265,1.4582764378070907,0.404379050224476,0.46584443132472136,0.16532404845549278,-0.9224866101917574,-0.9654890722189403,-0.366466694081384
8.935,18,2.6822150009337706,0.8025079546950018,1.401028061383848,-0.11790279349093213,1.4590984775318012,0.3997687777204719,0.4610129597354957,0.16349191145301656,-0.9216097129073073,-0.9670817839930945,-0.3663826620183169
8.94,18,2.6872150009337696,0.8040039346116293,1.4030153890428823,-0.11560982351681581,1.4599113577582084,0.39516308017682683,0.45617379179683,0.16166027643129374,-0.9206565667675431,-0.9685675085449579,-0.36626587236327324
8.945,18,2.6922150009337704,0.8054999145282575,1.404979700447341,-0.11334106750623729,1.4607150814064163,0.39056233972701787,0.45132746399655727,0.1598293076195396,-0.9196268160952554,-0.9699456251878592,-0.3661161486154302
8.950000000000001,18,2.697215000933771,0.8069958944448856,1.4069210213417307,-0.11109655991080924,1.4615096522198892,0.38596694028289213,0.44647451592594634,0.15799917012946352,-0.9185201052132123,-0.9712155132350767,-0.36593331427395165
8.955,18,2.70221500093377,0.8084918743615133,1.4088393793945646,-0.10887633247644024,1.462295074769855,0.3813772675346966,0.44161549027968017,0.15617002995529022,-0.9173360784441963,-0.9723765519999088,-0.36571719283800835
8.96,18,2.707215000933771,0.8099878542781414,1.4107348042072534,-0.10668041422780894,1.4630713544597156,0.37679370895105696,0.4367509328558926,0.15434205397374154,-0.9160743801109786,-0.9734281207956615,-0.36546760780676996
8.965,18,2.71221500093377,0.811483834194769,1.4126073273229953,-0.1045088314528485,1.463838497529463,0.3722166537789896,0.43188139255615415,0.15251540994404986,-0.9147346545363455,-0.9743695989356284,-0.3651843826794072
8.97,18,2.7172150009337708,0.8129798141113971,1.4144569822356732,-0.10236160768720526,1.4645965110600958,0.36764649304388936,0.42700742138543796,0.15069026650794162,-0.9133165460430691,-0.9752003657330999,-0.364867340955086
8.975,18,2.72221500093377,0.8144757940280247,1.4162838043987382,-0.10023876369876972,1.4653454029780235,0.36308361954955115,0.42212957445219673,0.14886679318966006,-0.9118196989539321,-0.9759198005013823,-0.36451630613298075
8.98,18,2.7272150009337706,0.8159717739446528,1.418087831234108,-0.09814031747211083,1.4660851820594845,0.3585284278781398,0.4172484099682872,0.14704516039594395,-0.9102437575917117,-0.9765272825537765,-0.36413110171225804
8.985,18,2.7322150009337696,0.8174677538612805,1.4198691021410572,-0.09606628419298613,1.466815857934956,0.3539813143902204,0.4123644892490015,0.1452255394160373,-0.9085883662791817,-0.9770221912035759,-0.3637115511920886
8.99,18,2.7372150009337703,0.8189637337779085,1.4216276585051153,-0.09401667623282128,1.4675374410935715,0.34944267722472994,0.407478376713068,0.14340810242168933,-0.9068531693391193,-0.9774039057640689,-0.3632574780716407
8.995000000000001,18,2.742215000933771,0.8204597136945367,1.4233635437069398,-0.09199150313318516,1.4682499428875233,0.3449129162990032,0.40259063988265287,0.14159302246715705,-0.9050378110943108,-0.9776718055485688,-0.36276870585008464
9.0,18,2.74721500093377,0.8219556936111643,1.4250768031312315,-0.08999077159028224,1.4689533755364887,0.3403924333087557,0.3977018493833555,0.13978047348919312,-0.9031419358675249,-0.9778252698703617,-0.36224505802658985
9.005,18,2.752215000933771,0.8234516735277925,1.4267674841756108,-0.08801448543942547,1.4696477521320253,0.33588163172809243,0.3928125789441987,0.13797063030706133,-0.9011651879815451,-0.9778636780427509,-0.3616863581003266
9.01,18,2.75721500093377,0.8249476534444201,1.4284356362595174,-0.0860626456395247,1.4703330866420055,0.33138091680950166,0.38792340539765213,0.13616366862253018,-0.899107211759149,-0.9777864093790348,-0.36109242957046384
9.015,18,2.7622150009337707,0.8264436333610482,1.4300813108330968,-0.08413525025757551,1.471009393915005,0.3268906955838567,0.383034908679617,0.1343597650198647,-0.8969676515231138,-0.9775928431925096,-0.36046309593617043
9.02,18,2.7672150009337697,0.8279396132776758,1.431704561386093,-0.08223229445312186,1.4716766896847364,0.3224113768604206,0.37814767182941,0.13255909696584253,-0.8947461515962171,-0.9772823587964683,-0.35979818069661534
9.025,18,2.7722150009337705,0.8294355931943039,1.4333054434567505,-0.08035377046276804,1.4723349905744456,0.31794337122684113,0.37326228098980613,0.13076184280974118,-0.8924423563012335,-0.9768543355042094,-0.35909750735096996
9.03,18,2.7772150009337695,0.8309315731109316,1.434884014640689,-0.07849966758463689,1.4729843141013341,0.3134870910491523,0.36837932540700824,0.1289681817833444,-0.890055909960947,-0.9763081526290417,-0.3583608993984033
9.035,18,2.7822150009337703,0.8324275530275597,1.4364403345998107,-0.07666997216286042,1.4736246786809692,0.30904295047176883,0.36349939743063087,0.12717829400093802,-0.8875864568981322,-0.9756431894842532,-0.3575881803380849
9.040000000000001,18,2.787215000933771,0.8339235329441879,1.4379744650711828,-0.07486466757206467,1.4742561036316966,0.3046113654174998,0.3586230925137486,0.12539236045930927,-0.8850336414355667,-0.9748588253831401,-0.35677917366918305
9.045,18,2.79221500093377,0.8354195128608154,1.439486469875927,-0.07308373420186476,1.4748786091790471,0.30019275358754144,0.35375100921287017,0.12361056303776113,-0.8823971078960304,-0.973954439639003,-0.3559337028908685
9.05,18,2.797215000933771,0.8369154927774436,1.44097641492813,-0.0713271494413178,1.4754922164601605,0.2957875344614657,0.3488837491879189,0.12183308449808662,-0.8796765006023032,-0.9729294115651406,-0.3550515915023109
9.055,18,2.80221500093377,0.8384114726940711,1.4424443682437142,-0.06959488766343125,1.4760969475281889,0.29139612929723724,0.34402191720225267,0.12006010848459078,-0.8768714638771561,-0.9717831204748486,-0.3541326630026792
9.06,18,2.8072150009337706,0.8399074526106993,1.4438903999493353,-0.0678869202096225,1.4766928253567144,0.28701896113120734,0.33916612112267225,0.11829181952407733,-0.8739816420433704,-0.9705149456814257,-0.35317674089114354
9.065,18,2.8122150009337696,0.8414034325273269,1.445314582291283,-0.06620321537424989,1.4772798738441515,0.28265645477811396,0.3343169719194217,0.11652840302586688,-0.8710066794237284,-0.9691242664981726,-0.3521836486668734
9.07,18,2.8172150009337704,0.842899412443955,1.4467169896443577,-0.06454373838902117,1.4778581178181782,0.2783090368310776,0.3294750836661583,0.11477004528176715,-0.8679462203410052,-0.9676104622383853,-0.35115320982903847
9.075000000000001,18,2.822215000933771,0.8443953923605831,1.4480976985207876,-0.0629084514075472,1.478427583040133,0.27397713566160276,0.3246410735399726,0.11301693346610024,-0.8647999091179717,-0.9659729122153548,-0.3500852478768057
9.08,18,2.82721500093377,0.8458913722772108,1.4494567875790885,-0.061297313489777516,1.478988296209434,0.2696611814195914,0.319815561821412,0.11126925563568967,-0.8615673900774167,-0.9642109957423817,-0.3489795863093473
9.085,18,2.832215000933771,0.8473873521938389,1.4507943376329797,-0.059710280586516284,1.479540284967984,0.2653616060333226,0.3149991718944451,0.1095272007298667,-0.8582483075421138,-0.9623240921327798,-0.3478360486258339
9.09,18,2.83721500093377,0.8488833321104665,1.452110431660263,-0.05814730552387293,1.4800835779045944,0.26107884320945596,0.3101925302464556,0.10779095857046035,-0.8548423058348367,-0.9603115806998173,-0.3466544583254308
9.095,18,2.8422150009337708,0.8503793120270946,1.453405154811722,-0.056608337987776314,1.4806182045593896,0.2568133284330534,0.3053962664682983,0.10606071986180798,-0.8513490292783702,-0.9581728407568151,-0.34543463890731185
9.1,18,2.84721500093377,0.8518752919437222,1.4546785944200133,-0.05509332450842097,1.481144195428227,0.2525654989675509,0.30061101325421374,0.10433667619075217,-0.847768122195488,-0.9559072516170593,-0.3441764138706429
9.105,18,2.8522150009337706,0.8533712718603503,1.4559308400085522,-0.05360220844480035,1.4816615819670933,0.24833579385477195,0.29583740640192935,0.10261902002663427,-0.8440992289089727,-0.9535141925938556,-0.3428796067145967
9.11,18,2.8572150009337696,0.854867251776978,1.457161983300418,-0.05213492996913571,1.4821703965965414,0.24412465391492927,0.2910760848125634,0.10090794472130617,-0.8403419937415978,-0.9509930430004976,-0.3415440409383421
9.115,18,2.8622150009337703,0.8563632316936062,1.4583721182272222,-0.05069142605140453,1.4826706727060788,0.2399325217466193,0.2863276904906874,0.09920364450911853,-0.8364960610161379,-0.9483431821502735,-0.34016954004104555
9.120000000000001,18,2.867215000933771,0.8578592116102343,1.459561340938031,-0.04927163044377558,1.4831624446586,0.2357598417268253,0.28159286854430055,0.0975063145069311,-0.8325610750553785,-0.9455639893564995,-0.3387559275218816
9.125,18,2.87221500093377,0.8593551915268619,1.4607297498082323,-0.04787547366515155,1.4836457477947826,0.23160706001091635,0.2768722671848339,0.09581615071410507,-0.8285366801820953,-0.9426548439324589,-0.3373030268800155
9.13,18,2.877215000933771,0.86085117144349,1.4618774454484371,-0.04650288298559879,1.48412061843751,0.22747462453265319,0.272166537727165,0.09413335001250293,-0.8244225207190645,-0.9396151251914626,-0.33581066161461987
9.135,18,2.88221500093377,0.8623471513601176,1.4630045307133772,-0.045153782410849996,1.4845870938962848,0.2233629850041731,0.2674763345895953,0.09245811016649773,-0.8202182409890675,-0.936444212446794,-0.3342786552248618
9.14,18,2.8872150009337707,0.8638431312767457,1.4641111107107787,-0.04382809266680987,1.4850452124716291,0.219272592916009,0.26280231529385456,0.09079062982296342,-0.8159234853148765,-0.9331414850117565,-0.33270683120991135
9.145,18,2.8922150009337697,0.8653391111933734,1.4651972928102863,-0.04252573118397607,1.4854950134595177,0.21520390153706195,0.25814514046510906,0.08913110851127488,-0.8115378980192763,-0.9297063221996511,-0.3310950130689402
9.15,18,2.8972150009337705,0.8668350911100015,1.466263186652315,-0.041246612081998646,1.4859365371557676,0.2111573659146413,0.2535054738319619,0.08747974664331859,-0.8070611234250371,-0.9261381033237686,-0.32944302430111577
9.155,18,2.9022150009337695,0.8683310710266291,1.46730890415697,-0.03999064615411785,1.486369824860465,0.20713344287444058,0.2488839822264572,0.08583674551347874,-0.8024928058549424,-0.9224362076974202,-0.32775068840560845
9.16,18,2.9072150009337703,0.8698270509432572,1.4683345595329338,-0.03875774085163697,1.4867949188823777,0.20313259102051762,0.24428133558405035,0.08420230729864364,-0.7978325896317671,-0.9186000146338839,-0.32601782888158454
9.165000000000001,18,2.912215000933771,0.8713230308598854,1.4693402692863584,-0.03754780026845028,1.4872118625433606,0.19915527073533704,0.23969820694365704,0.08257663505821068,-0.7930801190782948,-0.9146289034464709,-0.3242442692282187
9.17,18,2.91721500093377,0.8728190107765129,1.4703261522297395,-0.03636072512546751,1.487620700182772,0.19520194417974499,0.23513527244760582,0.08095993273407867,-0.7882350385172979,-0.9105222534484694,-0.3224298329446779
9.175,18,2.922215000933771,0.8743149906931411,1.4712923294908373,-0.035196412755154616,1.488021477161886,0.19127307529296939,0.23059321134166524,0.07935240515064992,-0.783296992271554,-0.9062794439531882,-0.32057434353013176
9.18,18,2.92721500093377,0.8758109706097686,1.4722389245215506,-0.03405475708598582,1.4884142398683093,0.18736912979263212,0.2260727059750427,0.07775425801482885,-0.7782656246638441,-0.9018998542739228,-0.3186776244837504
9.185,18,2.9322150009337706,0.8773069505263968,1.4731660631068015,-0.03293564862692888,1.4887990357203789,0.18349057517473577,0.22157444180038008,0.07616569791603409,-0.7731405800169455,-0.8973828637239645,-0.31673949930470224
9.19,18,2.9372150009337696,0.8788029304430245,1.4740738733734564,-0.031838974451909974,1.489175913171601,0.17963788071365952,0.21709910737373242,0.0745869323261722,-0.7679215026536333,-0.8927278516166113,-0.3147597914921567
9.195,18,2.9422150009337704,0.8802989103596526,1.4749624857991916,-0.03076461818434828,1.4895449217150336,0.17581151746218635,0.21264739435461152,0.07301816959966821,-0.7626080368966873,-0.8879341972651695,-0.31273832454528466
9.200000000000001,18,2.947215000933771,0.8817948902762807,1.4758320332213817,-0.029712459981587558,1.4899061118877142,0.17201195825147791,0.2082199975059695,0.07145961897344676,-0.7571998270688912,-0.8830012799829299,-0.31067492196325697
9.205,18,2.95221500093377,0.8832908701929083,1.4766826508460227,-0.028682376519402752,1.4902595352750838,0.16823967769107798,0.20381761469414833,0.06991149056692864,-0.7516965174930124,-0.8779284790831857,-0.30856940724523874
9.21,18,2.957215000933771,0.8847868501095364,1.4775144762565935,-0.027674240976470643,1.4906052445153728,0.16449515216891955,0.1994409468889702,0.06837399538205402,-0.7460977524918382,-0.8727151738792379,-0.3064216038904021
9.215,18,2.96221500093377,0.886282830026164,1.4783276494229538,-0.026687923018886228,1.4909432933040314,0.16077885985133114,0.19509069816367716,0.06684734530325555,-0.7404031763881399,-0.8673607436843979,-0.30423133539791963
9.22,18,2.9672150009337708,0.8877788099427922,1.4791223127102544,-0.02572328878458363,1.4912737363981439,0.15709128068300865,0.19076757569493052,0.0653317530974742,-0.7346124335046985,-0.861864567811946,-0.30199842526695536
9.225,18,2.97221500093377,0.8892747898594198,1.4798986108878038,-0.02478020086788224,1.4915966296208276,0.15343289638704719,0.18647228976283395,0.06382743241415086,-0.7287251681642902,-0.8562260255751858,-0.2997226969966813
9.23,18,2.9772150009337706,0.890770769776048,1.4806566911379826,-0.023858518303928045,1.491912029865659,0.1498041904649207,0.18220555375092945,0.06233459778524008,-0.722741024689695,-0.8504444962874159,-0.2974039740862645
9.235,18,2.9822150009337696,0.8922667496926755,1.481396703065113,-0.02295809655319403,1.4922199951010802,0.14620564819649756,0.1779680841461901,0.06085346462519111,-0.7166596474036916,-0.844519359261932,-0.2950420800348802
9.24,18,2.9872150009337703,0.8937627296093037,1.4821187987043682,-0.022078787485976137,1.4925205843748057,0.14263775664003087,0.173760600539019,0.05938424923095997,-0.7104806806290572,-0.8384499938120301,-0.2926368383416936
9.245000000000001,18,2.992215000933771,0.8952587095259318,1.4828231325306624,-0.021220439366824384,1.4928138578182497,0.13910100463214814,0.1695838256232526,0.057927168782009354,-0.7042037686885643,-0.8322357792510061,-0.2901880725058735
9.25,18,2.99721500093377,0.8967546894425594,1.4835098614675295,-0.020382896839104547,1.493099876650922,0.13559588278788265,0.16543848519617144,0.05648244134030712,-0.697828555904999,-0.8258760948921762,-0.28769560602659455
9.255,18,3.002215000933771,0.8982506693591875,1.4841791448960377,-0.019566000909388426,1.493378703184856,0.13212288350063253,0.16132530815846852,0.05505028585031727,-0.6913546866011337,-0.8193703200488133,-0.28515926240302003
9.26,18,3.00721500093377,0.8997466492758152,1.484831144663652,-0.018769588932033288,1.4936504008290075,0.12868250094220351,0.1572450265143034,0.053630922139019654,-0.6847818050997536,-0.8127178340342337,-0.28257886513432523
9.265,18,3.0122150009337707,0.9012426291924432,1.485466025093161,-0.017993494593578352,1.4939150340936789,0.12527523106275928,0.15319837537122552,0.05222457091588334,-0.6781095557236231,-0.8059180161617104,-0.2799542377196727
9.27,18,3.0172150009337697,0.9027386091090709,1.4860839529915268,-0.017237547897308247,1.4941726685949182,0.12190157159088658,0.1491860929402551,0.05083145377289959,-0.6713375827955362,-0.7989702457445699,-0.27728520365823894
9.275,18,3.0222150009337705,0.904234589025699,1.486685097658826,-0.01650157514764683,1.494423371058948,0.11856202203352656,0.14520892053583193,0.04945179318455011,-0.6644655306382603,-0.7918739020961004,-0.274571586449191
9.28,18,3.0272150009337695,0.9057305689423266,1.4872696308970985,-0.01578539893471309,1.4946672093265672,0.11525708367601639,0.1412676025758241,0.04808581250782459,-0.6574930435745763,-0.7846283645295952,-0.27181320959169775
9.285,18,3.0322150009337703,0.9072265488589547,1.4878377270192589,-0.015088838118782033,1.4949042523575624,0.11198725958208114,0.13736288658154494,0.04673373598221403,-0.6504197659272568,-0.7772330123583375,-0.2690098965849251
9.290000000000001,18,3.037215000933771,0.9087225287755829,1.4883895628579953,-0.014411707814753982,1.495134570235128,0.1087530545938421,0.1334955231777263,0.04539578872972143,-0.6432453420190879,-0.7696872248956537,-0.26616147092804937
9.295,18,3.04221500093377,0.9102185086922104,1.4889253177746413,-0.013753819376643439,1.4953582341702734,0.10555497533178675,0.12966626609254983,0.04407219675485068,-0.6359694161728457,-0.7619903814548296,-0.2632677561202378
9.3,18,3.047215000933771,0.9117144886088386,1.489445173668088,-0.013114980382084807,1.4955753165062375,0.10239353019480643,0.12587587215762536,0.04276318694460611,-0.6285916327113078,-0.7541418613491634,-0.26032857566065976
9.305,18,3.05221500093377,0.9132104685254663,1.4899493149836633,-0.012494994616765731,1.4957858907228938,0.09926922936016266,0.12212510130797123,0.04146898706849921,-0.6211116359572515,-0.7461410438919461,-0.2573437530484811
9.31,18,3.0572150009337706,0.9147064484420944,1.4904379287220249,-0.011893662058971022,1.4959900314411816,0.09618258478351505,0.118414716582101,0.040189825778545074,-0.6135290702334554,-0.7379873083964813,-0.25431311178287647
9.315,18,3.0622150009337696,0.916202428358722,1.4909112044480528,-0.011310778864005333,1.4961878144274992,0.09313411019890606,0.1147454841218886,0.038925932609259854,-0.6058435798626955,-0.7296800341760672,-0.25123647536301474
9.32,18,3.0672150009337704,0.9176984082753501,1.4913693342997563,-0.010746137348734863,1.4963793165981234,0.09012432111876191,0.11111817317268301,0.03767753797767246,-0.5980548091677521,-0.721218600544005,-0.2481136672880617
9.325000000000001,18,3.072215000933771,0.9191943881919782,1.4918125129971351,-0.010199525976020696,1.4965646160236221,0.0871537348338941,0.10753355608327728,0.03644487318330451,-0.5901624024713973,-0.7126023868135777,-0.24494451105719006
9.33,18,3.07721500093377,0.9206903681086058,1.4922409378511021,-0.009670729339213868,1.4967437919332727,0.08422287041351324,0.10399240830586291,0.035228170408193295,-0.5821660040964212,-0.703830772298099,-0.24172883016957067
9.335,18,3.082215000933771,0.922186348025234,1.492654808772357,-0.009159528146685969,1.496916924719462,0.08133224870519377,0.10049550839608169,0.03402766271687293,-0.5740652583655845,-0.6949031363108547,-0.23846644812436738
9.34,18,3.08721500093377,0.9236823279418616,1.4930543282802866,-0.008665699206221622,1.4970840959421097,0.07848239233491185,0.0970436380130174,0.03284358405638005,-0.5658598096016815,-0.6858188581651482,-0.2351571884207567
9.345,18,3.0922150009337708,0.9251783078584898,1.493439701511845,-0.008189015409579725,1.497245388333077,0.07567382570702816,0.09363758191917165,0.031676169256262994,-0.5575493021274854,-0.6765773171742806,-0.23180087455790246
9.35,18,3.09721500093377,0.9266742877751173,1.4938111362304662,-0.007729245716943223,1.4974008858005772,0.0729070750042858,0.09027812798049367,0.03052565402857104,-0.5491333802657713,-0.6671778926515504,-0.2283973300349781
9.355,18,3.1022150009337706,0.9281702676917455,1.494168842834933,-0.007286155141405737,1.4975506734335917,0.0701826681878102,0.08696606716635795,0.029392274967850133,-0.5406116883393153,-0.6576199639102431,-0.22494637835115058
9.36,18,3.1072150009337696,0.929666247608373,1.4945130343682869,-0.006859504733455979,1.4976948375062795,0.06750113499712808,0.08370219354957012,0.028276269551160985,-0.5319838706709024,-0.6479029102636674,-0.2214478430055914
9.365,18,3.1122150009337703,0.9311622275250012,1.494843926526708,-0.006449051565461716,1.497833465482394,0.06486300695013653,0.08048730430637435,0.02717787613806417,-0.5232495715832997,-0.6380261110251142,-0.21790154749746884
9.370000000000001,18,3.117215000933771,0.9326582074416293,1.4951617376684236,-0.006054548716142638,1.4979666460196883,0.06226881734312146,0.07732219971644382,0.026097333970625067,-0.514408435399296,-0.6279889455078869,-0.21430731532595115
9.375,18,3.12221500093377,0.934154187358257,1.4954666888225685,-0.0056757452550725285,1.4980944689743345,0.0597191012507652,0.07420768316290434,0.025034883173412757,-0.505460106441669,-0.6177907930252889,-0.2106649699902124
9.38,18,3.127215000933771,0.935650167274885,1.4957590036981099,-0.00531238622714858,1.498217025405335,0.05721439552612078,0.07114456113228151,0.023990764753497137,-0.49640422903318443,-0.607431032890591,-0.20697433498941512
9.385,18,3.13221500093377,0.9371461471915127,1.4960389086927275,-0.00496421263707314,1.4983344075789313,0.0547552388006478,0.06813364321456739,0.022965220600462723,-0.487240447496635,-0.5969090444171218,-0.20323523382273712
9.39,18,3.1372150009337707,0.9386421271081408,1.4963066329016996,-0.00463096143383146,1.4984467089730225,0.052342171484164056,0.06517574210315671,0.021958493486381146,-0.4779684061547891,-0.5862242069181621,-0.19944748998934292
9.395,18,3.1422150009337697,0.9401381070247684,1.4965624081267974,-0.004312365495206305,1.498554024281567,0.049975735764906125,0.06227167359490643,0.020970827065848352,-0.46858774933042807,-0.5753758997070155,-0.19561092698840138
9.4,18,3.1472150009337705,0.9416340869413965,1.4968064688851905,-0.004008153612221066,1.4986564494190158,0.04765647560945868,0.05942225659008045,0.02000246587594422,-0.4590981213463292,-0.5643635020969752,-0.19172536831908213
9.405,18,3.1522150009337695,0.9431300668580241,1.4970390524183117,-0.0037180504736268327,1.4987540815246971,0.04538493676283237,0.05662831309240913,0.019053655336271888,-0.4494991665252751,-0.5531863934013549,-0.1877906374805604
9.41,18,3.1572150009337703,0.9446260467746523,1.497260398700773,-0.003441776650444539,1.4988470189672511,0.04316166674839523,0.05389066820902525,0.018124641748922532,-0.4397905291900354,-0.5418439529334277,-0.18380655797199497
9.415000000000001,18,3.162215000933771,0.9461220266912804,1.4974707504492528,-0.0031790485803392388,1.4989353613490328,0.04098721486792054,0.0512101501504983,0.017215672298503282,-0.4299718536633901,-0.5303355600064995,-0.17977295329256618
9.42,18,3.16721500093377,0.9476180066079081,1.4976703531313786,-0.002929578552213763,1.4990192095105255,0.03886213220154642,0.04858759023086688,0.01632699505211662,-0.42004278426812425,-0.5186605939338816,-0.17568964694143915
9.425,18,3.172215000933771,0.9491139865245362,1.4978594549746238,-0.00269307469061586,1.4990986655347598,0.036786971607815154,0.04602382286755742,0.015458858959376468,-0.410002965327005,-0.5068184340288546,-0.17155646241778155
9.43,18,3.17721500093377,0.9506099664411638,1.4980383069752041,-0.0024692409402528037,1.4991738327517132,0.0347622877236453,0.04351968558144552,0.014611513852396472,-0.39985204116282247,-0.49480845960472203,-0.16737322322076612
9.435,18,3.1822150009337706,0.9521059463577919,1.4982071629069704,-0.002257777050458043,1.499244815742736,0.03278863696435028,0.04107601899684774,0.013785210445792288,-0.38958965609833884,-0.48263004997478476,-0.16313975284955856
9.44,18,3.1872150009337696,0.9536019262744195,1.498366279330284,-0.002058378559734231,1.499311720344954,0.030866577523624587,0.03869366684151736,0.012980200336691129,-0.3792154544563531,-0.4702825844523362,-0.1588558748033342
9.445,18,3.1922150009337704,0.9550979061910476,1.4985159156009238,-0.001870736780126614,1.4993746536556816,0.028996669373548525,0.03637347594662732,0.012196736004720082,-0.36872908055962095,-0.4577654423506799,-0.1545214125812562
9.450000000000001,18,3.197215000933771,0.9565938861076758,1.4986563338789871,-0.0016945387817878244,1.499433724036848,0.02717947426458585,0.03411629624678597,0.01143507081200664,-0.3581301787309339,-0.44507800298309647,-0.15013618968249798
9.455,18,3.20221500093377,0.9580898660243033,1.498787799137757,-0.0015294673774352008,1.4994890411193929,0.025415555725585886,0.03192298078004366,0.010695459003190919,-0.3474183932930693,-0.43221964566291987,-0.14570002960622908
9.46,18,3.207215000933771,0.9595858459409315,1.4989105791726058,-0.0013752011068662862,1.4995407158076826,0.023705479063798683,0.029794385687890897,0.009978155705408259,-0.3365933685687981,-0.41918974970340545,-0.14121275585161774
9.465,18,3.21221500093377,0.9610818258575591,1.499024944609899,-0.0012314142213686319,1.4995888602839331,0.022049811364837264,0.027731370215227258,0.009283416928306093,-0.32565474888091056,-0.4059876944178769,-0.13667419191783678
9.47,18,3.2172150009337708,0.9625778057741873,1.4991311689158655,-0.0010977766682681578,1.4996335880126053,0.020449121492725462,0.02573479671039965,0.008611499564029469,-0.3146021785521687,-0.39261285911963284,-0.13208416130404807
9.475,18,3.22221500093377,0.9640737856908148,1.499229528405512,-0.0009739540754002407,1.4996750137448376,0.018903980089845316,0.023805530625185575,0.00796266138723181,-0.3034353019053652,-0.3790646231219461,-0.1274424875094269
9.48,18,3.2272150009337706,0.965569765607443,1.4993203022514843,-0.0008596077355701448,1.4997132535228368,0.0174149595769934,0.021944440514817566,0.007337161055071727,-0.29215376326326603,-0.36534236573813805,-0.12274899403314288
9.485,18,3.2322150009337696,0.9670657455240705,1.4994037724929954,-0.0007543945910347682,1.499748424684313,0.01598263415333352,0.020152398037929523,0.006735258107206636,-0.2807572069486638,-0.3514454662815072,-0.1180035043743655
9.49,18,3.2372150009337703,0.9685617254406987,1.4994802240446963,-0.0006579672180305751,1.4997806458668697,0.01460757979642328,0.01843027795660241,0.0061572129657991425,-0.26924527728430925,-0.337373304065329,-0.11320584203226118
9.495000000000001,18,3.242215000933771,0.9700577053573268,1.4995499447055656,-0.0005699738112127095,1.4998100370124385,0.013290374262204805,0.016778958136358938,0.005603286935524081,-0.257617618593014,-0.32312525840292483,-0.10835583050600137
9.5,18,3.24721500093377,0.9715536852739545,1.4996132251678165,-0.0004900581681203109,1.499836719371673,0.012031597085001795,0.015199319546131955,0.005073742203548182,-0.245873875197534,-0.3087007086075778,-0.10345329329475882
9.505,18,3.252215000933771,0.9730496651905826,1.4996703590257652,-0.00041785967375196353,1.4998608155083732,0.010831829577529897,0.013692246258313593,0.004568841839553331,-0.2340136914206516,-0.2940990339925991,-0.098498053897698
9.51,18,3.25721500093377,0.9745456451072102,1.4997216427847597,-0.00035301328491954553,1.4998824493038865,0.009691654830892455,0.012258625448719935,0.0040888497957170325,-0.22203671158515187,-0.27931961387126686,-0.09348993581399037
9.515,18,3.2622150009337707,0.9760416250238384,1.4997673758700254,-0.00029514951484055363,1.4999017459615374,0.008611657714573598,0.010899347396594997,0.0036340309067251658,-0.20994258001380964,-0.26436182755690235,-0.08842876254280486
9.52,18,3.2672150009337697,0.9775376049404659,1.4998078606355993,-0.00024389441755856556,1.4999188320110237,0.007592424876442759,0.009615305484616305,0.0032046508897677346,-0.19773094102939592,-0.24922505436278108,-0.08331435758331357
9.525,18,3.2722150009337705,0.9790335848570941,1.4998434023732001,-0.00019886957245696113,1.4999338353128402,0.006634544742760788,0.008407396198904736,0.002800976344539928,-0.185401438954692,-0.2339086736022193,-0.07814654443468033
9.53,18,3.2772150009337695,0.9805295647737217,1.4998743093211147,-0.0001596920687109149,1.4999468850626791,0.005738607518174367,0.00727651912901149,0.0024232747532378714,-0.17295371811247773,-0.21841206458849516,-0.07292514659608045
9.535,18,3.2822150009337703,0.9820255446903499,1.499900892673102,-0.00012597448982243353,1.4999581117958534,0.004905205185710699,0.006223576967926596,0.0020718144805639375,-0.16038742282552798,-0.20273460663492485,-0.06764998756668344
9.540000000000001,18,3.287215000933771,0.983521524606978,1.4999234665872938,-9.732489802571909e-05,1.4999676473917112,0.004134931506788404,0.005249475512039581,0.0017468647737231627,-0.14770219741662655,-0.18687567905478641,-0.062320890845652545
9.545,18,3.29221500093377,0.9850175045236056,1.4999423481950624,-7.334681885817762e-05,1.4999756250780347,0.0034283820212082173,0.0043551236612300905,0.0014486957624273635,-0.13489768620855588,-0.17083466116140889,-0.05693767993216557
9.55,18,3.297215000933771,0.9865134844402337,1.4999578576099275,-5.363922558088152e-05,1.4999821794354666,0.002786154047164411,0.00354143341875707,0.001177578458891816,-0.12197353352407428,-0.15461093226805248,-0.05150017832538699
9.555,18,3.30221500093377,0.9880094643568613,1.499970317936448,-3.7796523657651626e-05,1.4999874464019114,0.0022088466812254055,0.00280931989134992,0.0009337847578316676,-0.10892938368597442,-0.13820387168804107,-0.046008209524487004
9.56,18,3.3072150009337706,0.9895054442734894,1.4999800552791134,-2.5408535296311818e-05,1.4999915632769616,0.0016970607983544867,0.0021597012891662374,0.0007175874364704415,-0.09576488101703243,-0.12161285873466042,-0.04046159702863517
9.565,18,3.3122150009337696,0.991001424190117,1.499987398751227,-1.6060483874480447e-05,1.499994668726292,0.0012513990519026383,0.0015934989257790641,0.00052926015453791,-0.08247966984003204,-0.10483727272121911,-0.03486016433700422
9.57,18,3.3172150009337704,0.9924974041067451,1.4999926804838102,-9.332978446185969e-06,1.499996902786095,0.0008724658735949856,0.0011116372182023962,0.0003690774542626542,-0.06907339447773285,-0.08787649296099265,-0.02920373494875673
9.575000000000001,18,3.322215000933771,0.9939933840233733,1.499996235634495,-4.8019982360480995e-06,1.4999984068674652,0.0005608674735629512,0.0007150436868898555,0.0002373147603791061,-0.05554569925292877,-0.07072989876730494,-0.023492132363067977
9.58,18,3.32721500093377,0.9954893639400009,1.4999984023963948,-2.0388770828327907e-06,1.4999993237608387,0.00031721184030333003,0.0004046489557285779,0.00013424838012847878,-0.0418962284883934,-0.0533968694534366,-0.017725180079107516
9.585,18,3.332215000933771,0.9969853438566291,1.499999522007022,-6.102879740454981e-07,1.4999997976403903,0.00014210874070752215,0.00018138675203310085,6.015550325331828e-05,-0.02812462650690413,-0.03587678433269115,-0.011902701596039822
9.59,18,3.33721500093377,0.9984813237732566,1.4999999387571676,-7.822747216668091e-08,1.4999999740684475,3.6169720053293695e-05,4.6193906552538777e-05,1.5314202001490224e-05,-0.0142305376312447,-0.018169022718372098,-0.006024520413038905
9.595,18,3.3422150009337708,0.9999773036898848,1.4999999999997937,-2.5857094243519896e-13,1.49999999999991,8.102012218084773e-09,1.0353487855966592e-08,3.431125515164363e-09,-0.00021360618417979072,-0.0002729639237600826,-9.046002927496334e-05
9.595075857669823,18,3.342290858603593,1.0,1.4999999999999991,3.4416913763379853e-15,1.4999999999999978,-1.6608713478171183e-16,5.447658020840148e-15,-9.716097384730142e-16,2.067212310123686e-15,1.415245350776985e-14,2.30573680744565e-15
